cenario,tipo_choque,multiplicador_produtividade,perda_produtividade,choque_permanente,periodo,variavel,unidade,numero_simulacoes,media,mediana,desvio_padrao,p5,p25,p75,p95,erro_padrao,media_ic95_inferior,media_ic95_superior,media_diferente_zero_95
choque_05pct_permanente,permanente,0.95,0.05,True,0,deficit_externo,p.p. do PIB em relação ao benchmark,100,0.0,0.0,0.0,0.0,0.0,0.0,0.0,0.0,0.0,0.0,False
choque_05pct_permanente,permanente,0.95,0.05,True,0,deficit_governo,p.p. do PIB em relação ao benchmark,100,0.0,0.0,0.0,0.0,0.0,0.0,0.0,0.0,0.0,0.0,False
choque_05pct_permanente,permanente,0.95,0.05,True,0,inflacao,p.p. em relação ao benchmark,100,0.0,0.0,0.0,0.0,0.0,0.0,0.0,0.0,0.0,0.0,False
choque_05pct_permanente,permanente,0.95,0.05,True,0,pib_real,% em relação ao benchmark,100,0.0,0.0,0.0,0.0,0.0,0.0,0.0,0.0,0.0,0.0,False
choque_05pct_permanente,permanente,0.95,0.05,True,0,taxa_desemprego,p.p. em relação ao benchmark,100,0.0,0.0,0.0,0.0,0.0,0.0,0.0,0.0,0.0,0.0,False
choque_05pct_permanente,permanente,0.95,0.05,True,1,deficit_externo,p.p. do PIB em relação ao benchmark,100,0.0,0.0,0.0,0.0,0.0,0.0,0.0,0.0,0.0,0.0,False
choque_05pct_permanente,permanente,0.95,0.05,True,1,deficit_governo,p.p. do PIB em relação ao benchmark,100,0.0,0.0,0.0,0.0,0.0,0.0,0.0,0.0,0.0,0.0,False
choque_05pct_permanente,permanente,0.95,0.05,True,1,inflacao,p.p. em relação ao benchmark,100,0.0,0.0,0.0,0.0,0.0,0.0,0.0,0.0,0.0,0.0,False
choque_05pct_permanente,permanente,0.95,0.05,True,1,pib_real,% em relação ao benchmark,100,0.0,0.0,0.0,0.0,0.0,0.0,0.0,0.0,0.0,0.0,False
choque_05pct_permanente,permanente,0.95,0.05,True,1,taxa_desemprego,p.p. em relação ao benchmark,100,0.0,0.0,0.0,0.0,0.0,0.0,0.0,0.0,0.0,0.0,False
choque_05pct_permanente,permanente,0.95,0.05,True,2,deficit_externo,p.p. do PIB em relação ao benchmark,100,0.0,0.0,0.0,0.0,0.0,0.0,0.0,0.0,0.0,0.0,False
choque_05pct_permanente,permanente,0.95,0.05,True,2,deficit_governo,p.p. do PIB em relação ao benchmark,100,0.0,0.0,0.0,0.0,0.0,0.0,0.0,0.0,0.0,0.0,False
choque_05pct_permanente,permanente,0.95,0.05,True,2,inflacao,p.p. em relação ao benchmark,100,0.0,0.0,0.0,0.0,0.0,0.0,0.0,0.0,0.0,0.0,False
choque_05pct_permanente,permanente,0.95,0.05,True,2,pib_real,% em relação ao benchmark,100,0.0,0.0,0.0,0.0,0.0,0.0,0.0,0.0,0.0,0.0,False
choque_05pct_permanente,permanente,0.95,0.05,True,2,taxa_desemprego,p.p. em relação ao benchmark,100,0.0,0.0,0.0,0.0,0.0,0.0,0.0,0.0,0.0,0.0,False
choque_05pct_permanente,permanente,0.95,0.05,True,3,deficit_externo,p.p. do PIB em relação ao benchmark,100,0.0,0.0,0.0,0.0,0.0,0.0,0.0,0.0,0.0,0.0,False
choque_05pct_permanente,permanente,0.95,0.05,True,3,deficit_governo,p.p. do PIB em relação ao benchmark,100,0.0,0.0,0.0,0.0,0.0,0.0,0.0,0.0,0.0,0.0,False
choque_05pct_permanente,permanente,0.95,0.05,True,3,inflacao,p.p. em relação ao benchmark,100,0.0,0.0,0.0,0.0,0.0,0.0,0.0,0.0,0.0,0.0,False
choque_05pct_permanente,permanente,0.95,0.05,True,3,pib_real,% em relação ao benchmark,100,0.0,0.0,0.0,0.0,0.0,0.0,0.0,0.0,0.0,0.0,False
choque_05pct_permanente,permanente,0.95,0.05,True,3,taxa_desemprego,p.p. em relação ao benchmark,100,0.0,0.0,0.0,0.0,0.0,0.0,0.0,0.0,0.0,0.0,False
choque_05pct_permanente,permanente,0.95,0.05,True,4,deficit_externo,p.p. do PIB em relação ao benchmark,100,0.0,0.0,0.0,0.0,0.0,0.0,0.0,0.0,0.0,0.0,False
choque_05pct_permanente,permanente,0.95,0.05,True,4,deficit_governo,p.p. do PIB em relação ao benchmark,100,0.0,0.0,0.0,0.0,0.0,0.0,0.0,0.0,0.0,0.0,False
choque_05pct_permanente,permanente,0.95,0.05,True,4,inflacao,p.p. em relação ao benchmark,100,0.0,0.0,0.0,0.0,0.0,0.0,0.0,0.0,0.0,0.0,False
choque_05pct_permanente,permanente,0.95,0.05,True,4,pib_real,% em relação ao benchmark,100,0.0,0.0,0.0,0.0,0.0,0.0,0.0,0.0,0.0,0.0,False
choque_05pct_permanente,permanente,0.95,0.05,True,4,taxa_desemprego,p.p. em relação ao benchmark,100,0.0,0.0,0.0,0.0,0.0,0.0,0.0,0.0,0.0,0.0,False
choque_05pct_permanente,permanente,0.95,0.05,True,5,deficit_externo,p.p. do PIB em relação ao benchmark,100,0.000844595396539133,0.00041095854176395,0.003979651828355134,-0.004045076568160735,-0.002670679803367575,0.004047486300328675,0.00826883606579283,0.00039796518283551346,6.458363818152661e-05,0.0016246071548967392,True
choque_05pct_permanente,permanente,0.95,0.05,True,5,deficit_governo,p.p. do PIB em relação ao benchmark,100,0.007417966038865322,0.0097342104405422,0.02257055362898932,-0.03450382617015583,-0.010738276073380126,0.027585888430498674,0.036096810814828316,0.002257055362898932,0.002994137527583416,0.011841794550147229,True
choque_05pct_permanente,permanente,0.95,0.05,True,5,inflacao,p.p. em relação ao benchmark,100,0.1355681159384396,0.128013381099723,0.048981512154345694,0.08070411950161664,0.09284718104288212,0.1751316087911569,0.22782873432100165,0.004898151215434569,0.12596773955618784,0.14516849232069134,True
choque_05pct_permanente,permanente,0.95,0.05,True,5,pib_real,% em relação ao benchmark,100,-0.15194993485135475,-0.14260462823624803,0.06122434852623115,-0.26768069431299,-0.20050674864051926,-0.09864519263601818,-0.08312745909915208,0.006122434852623115,-0.16394990716249605,-0.13994996254021344,True
choque_05pct_permanente,permanente,0.95,0.05,True,5,taxa_desemprego,p.p. em relação ao benchmark,100,0.005596885771572267,0.00559130710885625,0.0008039232806382809,0.004184734492946625,0.004945866108598625,0.006188990077382574,0.006732733745411345,8.039232806382808e-05,0.005439316808567164,0.00575445473457737,True
choque_05pct_permanente,permanente,0.95,0.05,True,6,deficit_externo,p.p. do PIB em relação ao benchmark,100,-0.005230218473742376,-0.006109465672539401,0.005763517241895168,-0.01210106168449549,-0.010000478052950599,-0.00208156114306105,0.005814150862617284,0.0005763517241895169,-0.006359867853153829,-0.004100569094330923,True
choque_05pct_permanente,permanente,0.95,0.05,True,6,deficit_governo,p.p. do PIB em relação ao benchmark,100,0.06430554543838583,0.0683499067327807,0.01713918428714359,0.0351043595208703,0.05614761060315562,0.07577254909911751,0.08574191675556515,0.0017139184287143588,0.06094626531810569,0.06766482555866597,True
choque_05pct_permanente,permanente,0.95,0.05,True,6,inflacao,p.p. em relação ao benchmark,100,0.1575177021980722,0.15057848394286472,0.022484641105007964,0.1380669191292594,0.14500675393526175,0.1573696243551803,0.20408001746586513,0.0022484641105007964,0.15311071254149064,0.16192469185465377,True
choque_05pct_permanente,permanente,0.95,0.05,True,6,pib_real,% em relação ao benchmark,100,-0.23448804857774172,-0.22291988370387034,0.033035652482824994,-0.300255663422812,-0.2406373183322985,-0.2140838676396417,-0.20259319710899448,0.0033035652482824992,-0.24096303646437542,-0.22801306069110802,True
choque_05pct_permanente,permanente,0.95,0.05,True,6,taxa_desemprego,p.p. em relação ao benchmark,100,0.0198688233107081,0.02028514534389705,0.00976354705254792,0.0021866443842338606,0.0132440658349976,0.028066425290732624,0.03320941145380727,0.000976354705254792,0.017955168088408708,0.02178247853300749,True
choque_05pct_permanente,permanente,0.95,0.05,True,7,deficit_externo,p.p. do PIB em relação ao benchmark,100,-0.009333610238642667,-0.010669747597131251,0.011436738233918733,-0.024013688841978787,-0.018567406995157326,-0.002392687048516775,0.01105095743095527,0.0011436738233918733,-0.01157521093249074,-0.0070920095447945955,True
choque_05pct_permanente,permanente,0.95,0.05,True,7,deficit_governo,p.p. do PIB em relação ao benchmark,100,0.10879285584322805,0.11132280623046276,0.02501916591120958,0.06419638005935802,0.09751349254958867,0.12738944280611497,0.14042317684248642,0.002501916591120958,0.10388909932463097,0.11369661236182513,True
choque_05pct_permanente,permanente,0.95,0.05,True,7,inflacao,p.p. em relação ao benchmark,100,0.24754479100637614,0.24417474114942772,0.01867949930090422,0.2230387232857267,0.23430393052095153,0.2585509294399213,0.27894919132989693,0.001867949930090422,0.2438836091433989,0.25120597286935337,True
choque_05pct_permanente,permanente,0.95,0.05,True,7,pib_real,% em relação ao benchmark,100,-0.37586983279318614,-0.3730650373892086,0.016516789418445768,-0.40667992088932453,-0.38582813129248156,-0.36621232104223633,-0.35240665297786633,0.001651678941844577,-0.3791071235192015,-0.3726325420671708,True
choque_05pct_permanente,permanente,0.95,0.05,True,7,taxa_desemprego,p.p. em relação ao benchmark,100,0.044252679404194535,0.04666042773470985,0.01969360208452144,0.00788487043261987,0.03421799606002737,0.06099895123053105,0.06821611761568416,0.001969360208452144,0.040392733395628336,0.048112625412760734,True
choque_05pct_permanente,permanente,0.95,0.05,True,8,deficit_externo,p.p. do PIB em relação ao benchmark,100,-0.05611291545227308,-0.0571107257463091,0.006258602086279789,-0.06378542174449894,-0.060576580909374074,-0.05350808043589915,-0.04325863594423572,0.0006258602086279789,-0.05733960146118392,-0.05488622944336224,True
choque_05pct_permanente,permanente,0.95,0.05,True,8,deficit_governo,p.p. do PIB em relação ao benchmark,100,0.1974483182966473,0.201985795974495,0.019744973599691712,0.1595986907768888,0.18362675505498685,0.21082816710140806,0.2242760863407162,0.001974497359969171,0.19357830347110772,0.2013183331221869,True
choque_05pct_permanente,permanente,0.95,0.05,True,8,inflacao,p.p. em relação ao benchmark,100,0.26401692030137086,0.26264743581055905,0.011446024732364639,0.24785437304857713,0.2561266812581619,0.27244420545552983,0.284260450220064,0.001144602473236464,0.2617734994538274,0.26626034114891434,True
choque_05pct_permanente,permanente,0.95,0.05,True,8,pib_real,% em relação ao benchmark,100,-0.5757308125790512,-0.5758989305269302,0.03515559055787676,-0.63018902746388,-0.6023909833632962,-0.5552887150202523,-0.5116866949730592,0.003515559055787676,-0.5826213083283951,-0.5688403168297074,True
choque_05pct_permanente,permanente,0.95,0.05,True,8,taxa_desemprego,p.p. em relação ao benchmark,100,0.07946274782341703,0.08300529570830281,0.023298472306499136,0.03799136478746671,0.06834563641601865,0.09825607833616362,0.10687364319420074,0.0023298472306499136,0.0748962472513432,0.08402924839549086,True
choque_05pct_permanente,permanente,0.95,0.05,True,9,deficit_externo,p.p. do PIB em relação ao benchmark,100,-0.08531470130831365,-0.0865841073202772,0.009670493042648142,-0.09894806421960033,-0.09170935894354237,-0.07898262170574742,-0.07026840001949985,0.0009670493042648143,-0.08721011794467268,-0.08341928467195461,True
choque_05pct_permanente,permanente,0.95,0.05,True,9,deficit_governo,p.p. do PIB em relação ao benchmark,100,0.2515844236298881,0.254060887787802,0.020523820366919493,0.21802831311266016,0.23990748359514616,0.26507467637292625,0.2823521784960113,0.002052382036691949,0.24756175483797188,0.2556070924218043,True
choque_05pct_permanente,permanente,0.95,0.05,True,9,inflacao,p.p. em relação ao benchmark,100,0.30242599514860435,0.3022121816362189,0.017648234764495282,0.27541019584017223,0.28822845057465685,0.3162075751500459,0.331221454325209,0.0017648234764495283,0.2989669411347633,0.3058850491624454,True
choque_05pct_permanente,permanente,0.95,0.05,True,9,pib_real,% em relação ao benchmark,100,-0.812645717286142,-0.8170980063653632,0.04542418683036337,-0.8845022169195144,-0.8437938944370976,-0.7868456306182797,-0.7346720435888932,0.004542418683036337,-0.8215488579048932,-0.8037425766673908,True
choque_05pct_permanente,permanente,0.95,0.05,True,9,taxa_desemprego,p.p. em relação ao benchmark,100,0.11500018914370459,0.1163532377887806,0.019520057183369164,0.07991338014174056,0.10555849106807508,0.1302339335273225,0.14190594693512631,0.0019520057183369164,0.11117425793576424,0.11882612035164494,True
choque_05pct_permanente,permanente,0.95,0.05,True,10,deficit_externo,p.p. do PIB em relação ao benchmark,100,-0.14004914925861095,-0.1393286144114459,0.00932039133710125,-0.1552555102752178,-0.14543167641709104,-0.13338405929460567,-0.1259455536776695,0.0009320391337101251,-0.1418759459606828,-0.1382223525565391,True
choque_05pct_permanente,permanente,0.95,0.05,True,10,deficit_governo,p.p. do PIB em relação ao benchmark,100,0.32448295356386,0.3237061831921808,0.02023422900302738,0.29237912697995044,0.3104223364626762,0.33831309065156734,0.35507499349144184,0.002023422900302738,0.3205170446792666,0.32844886244845334,True
choque_05pct_permanente,permanente,0.95,0.05,True,10,inflacao,p.p. em relação ao benchmark,100,0.29136300360360584,0.29041654948975815,0.01578017855347783,0.2673072446716185,0.28318904048669763,0.3017733860975813,0.31576875754336425,0.0015780178553477828,0.28827008860712416,0.2944559186000875,True
choque_05pct_permanente,permanente,0.95,0.05,True,10,pib_real,% em relação ao benchmark,100,-1.0638170133597127,-1.0605205433464493,0.04597515961842078,-1.1399065325504565,-1.0940870301447803,-1.030614352172754,-0.9920735431779114,0.004597515961842078,-1.0728281446449233,-1.054805882074502,True
choque_05pct_permanente,permanente,0.95,0.05,True,10,taxa_desemprego,p.p. em relação ao benchmark,100,0.16006761281015,0.16074175019333276,0.013051686864498577,0.1415142636441417,0.15115822236964543,0.17094800490144163,0.180414107577673,0.0013051686864498577,0.15750948218470828,0.16262574343559172,True
choque_05pct_permanente,permanente,0.95,0.05,True,11,deficit_externo,p.p. do PIB em relação ao benchmark,100,-0.18160343936054918,-0.17991922458066506,0.010294625475576347,-0.19960215603959114,-0.18838217592580986,-0.174476136968516,-0.16740127225963328,0.0010294625475576347,-0.18362118595376214,-0.1795856927673362,True
choque_05pct_permanente,permanente,0.95,0.05,True,11,deficit_governo,p.p. do PIB em relação ao benchmark,100,0.3657469595572219,0.36656929767936297,0.020586300844773097,0.33325023426698835,0.3498439691152065,0.3791605421425967,0.39631285536273136,0.00205863008447731,0.3617120445916464,0.3697818745227974,True
choque_05pct_permanente,permanente,0.95,0.05,True,11,inflacao,p.p. em relação ao benchmark,100,0.28289771006565867,0.2831856603309979,0.020503711110373624,0.2539398053677066,0.268909579906118,0.29535298884275085,0.315824929986016,0.0020503711110373625,0.2788789826880254,0.2869164374432919,True
choque_05pct_permanente,permanente,0.95,0.05,True,11,pib_real,% em relação ao benchmark,100,-1.289899951652415,-1.2863822276172665,0.04398288729237254,-1.3688468562484368,-1.3181040385397442,-1.2597083767349053,-1.2124170499861155,0.004398288729237254,-1.29852059756172,-1.28127930574311,True
choque_05pct_permanente,permanente,0.95,0.05,True,11,taxa_desemprego,p.p. em relação ao benchmark,100,0.18872522550536094,0.1886531622112844,0.01693517417645812,0.1649184019506538,0.17824361262813654,0.1989650003668304,0.21719362675946421,0.0016935174176458119,0.18540593136677516,0.19204451964394673,True
choque_05pct_permanente,permanente,0.95,0.05,True,12,deficit_externo,p.p. do PIB em relação ao benchmark,100,-0.22960356881625774,-0.22847031620320496,0.012167483007873722,-0.25280551817660385,-0.2356094001478223,-0.22077194003322517,-0.2123184534417458,0.0012167483007873721,-0.231988395485801,-0.22721874214671448,True
choque_05pct_permanente,permanente,0.95,0.05,True,12,deficit_governo,p.p. do PIB em relação ao benchmark,100,0.392734229667393,0.3860072761639757,0.025968589852837596,0.3586508169029206,0.37339354592891005,0.41197041642305754,0.4411847415027957,0.0025968589852837596,0.38764438605623686,0.3978240732785492,True
choque_05pct_permanente,permanente,0.95,0.05,True,12,inflacao,p.p. em relação ao benchmark,100,0.2483303451396965,0.2506614545913277,0.025723673089860538,0.20820113476386787,0.22945737811399525,0.2639219867256126,0.29092230001215635,0.0025723673089860536,0.24328850521408385,0.2533721850653092,True
choque_05pct_permanente,permanente,0.95,0.05,True,12,pib_real,% em relação ao benchmark,100,-1.4790073335215796,-1.4798005491402533,0.043360884776935706,-1.5505359947850728,-1.5089127009382641,-1.4501609977362162,-1.4087389552203686,0.0043360884776935706,-1.487506066937859,-1.4705086001053003,True
choque_05pct_permanente,permanente,0.95,0.05,True,12,taxa_desemprego,p.p. em relação ao benchmark,100,0.19913473214288385,0.19488273888387114,0.02466978967629537,0.1683404469931402,0.18164292050856856,0.21210530485835447,0.2475083522708462,0.002466978967629537,0.19429945336632995,0.20397001091943776,True
choque_05pct_permanente,permanente,0.95,0.05,True,13,deficit_externo,p.p. do PIB em relação ao benchmark,100,-0.26356353045330616,-0.2628726325119086,0.014830537211929461,-0.2895140521758008,-0.2758704121455886,-0.2543642716709319,-0.23935576273857576,0.001483053721192946,-0.2664703157468443,-0.260656745159768,True
choque_05pct_permanente,permanente,0.95,0.05,True,13,deficit_governo,p.p. do PIB em relação ao benchmark,100,0.38864524850412174,0.38451218540252596,0.03062366268449858,0.34605002410430596,0.3656250512850734,0.4060320423063139,0.4503530817641109,0.003062366268449858,0.38264301061796,0.39464748639028346,True
choque_05pct_permanente,permanente,0.95,0.05,True,13,inflacao,p.p. em relação ao benchmark,100,0.2140577459108423,0.21397627391898094,0.03414699041591481,0.1576170050988257,0.19457295728705354,0.24320785780870818,0.25967910522748044,0.0034146990415914813,0.207364935789323,0.22075055603236163,True
choque_05pct_permanente,permanente,0.95,0.05,True,13,pib_real,% em relação ao benchmark,100,-1.6223383591727363,-1.619952843700856,0.04546945810147306,-1.7066329613170228,-1.6566371243207145,-1.5876764940053882,-1.5504077583225617,0.004546945810147306,-1.631250372960625,-1.6134263453848476,True
choque_05pct_permanente,permanente,0.95,0.05,True,13,taxa_desemprego,p.p. em relação ao benchmark,100,0.18870435505911012,0.18396243609449936,0.03215876595434908,0.14836553526263382,0.16406997203703802,0.2079820055667321,0.24873001621275084,0.003215876595434908,0.1824012369320577,0.19500747318616254,True
choque_05pct_permanente,permanente,0.95,0.05,True,14,deficit_externo,p.p. do PIB em relação ao benchmark,100,-0.2961866920597217,-0.29538612367272277,0.016806280023936773,-0.3268913073073479,-0.3068257574198949,-0.2833938514180306,-0.2727577581341831,0.0016806280023936773,-0.2994807229444133,-0.2928926611750301,True
choque_05pct_permanente,permanente,0.95,0.05,True,14,deficit_governo,p.p. do PIB em relação ao benchmark,100,0.3736450586843811,0.3726660808331783,0.03127238906838679,0.3205106763848752,0.35474884942729573,0.39249673711058347,0.43046238971227496,0.003127238906838679,0.36751567042697725,0.3797744469417849,True
choque_05pct_permanente,permanente,0.95,0.05,True,14,inflacao,p.p. em relação ao benchmark,100,0.15501927854760272,0.15657447563962584,0.04427359369604758,0.0904092736079653,0.12468812582611115,0.1839094921885997,0.22976383296479883,0.004427359369604758,0.1463416541831774,0.16369690291202804,True
choque_05pct_permanente,permanente,0.95,0.05,True,14,pib_real,% em relação ao benchmark,100,-1.7049505994264589,-1.7054761526130005,0.04386818588076394,-1.7767930158307654,-1.7338597858839675,-1.6738396496568138,-1.6406480161622894,0.004386818588076394,-1.7135487638590887,-1.696352434993829,True
choque_05pct_permanente,permanente,0.95,0.05,True,14,taxa_desemprego,p.p. em relação ao benchmark,100,0.15735024452803645,0.15849520117212423,0.03564213287120299,0.09950651713370715,0.13313283574310425,0.18182616920669467,0.2223946930645436,0.003564213287120299,0.15036438648528067,0.16433610257079223,True
choque_05pct_permanente,permanente,0.95,0.05,True,15,deficit_externo,p.p. do PIB em relação ao benchmark,100,-0.33623536058705783,-0.3327102156597007,0.021239362298783156,-0.3762569882852272,-0.3516836910484202,-0.3212514207389482,-0.30982419062786354,0.0021239362298783155,-0.3403982755976193,-0.33207244557649634,True
choque_05pct_permanente,permanente,0.95,0.05,True,15,deficit_governo,p.p. do PIB em relação ao benchmark,100,0.367114663547868,0.37013188053748175,0.029624659105312357,0.31752533317804793,0.3468351300292265,0.39063891637257614,0.4082930891013753,0.0029624659105312355,0.36130823036322673,0.3729210967325092,True
choque_05pct_permanente,permanente,0.95,0.05,True,15,inflacao,p.p. em relação ao benchmark,100,0.08023678893213777,0.0931677958935006,0.06212952762282853,-0.02661065884743343,0.04491483902408495,0.12076334846448097,0.1632233134296923,0.006212952762282853,0.06805940151806338,0.09241417634621217,True
choque_05pct_permanente,permanente,0.95,0.05,True,15,pib_real,% em relação ao benchmark,100,-1.808311909172336,-1.8065330244224076,0.052487230037132064,-1.8951291778298334,-1.839522785448211,-1.770336454758817,-1.7292440190480085,0.005248723003713206,-1.818599406259614,-1.7980244120850581,True
choque_05pct_permanente,permanente,0.95,0.05,True,15,taxa_desemprego,p.p. em relação ao benchmark,100,0.11754472335946202,0.1234730324747017,0.03550023211877771,0.06023350892680724,0.09358210730141217,0.142045084021292,0.16973120236801978,0.0035500232118777708,0.11058667786418158,0.12450276885474246,True
choque_05pct_permanente,permanente,0.95,0.05,True,16,deficit_externo,p.p. do PIB em relação ao benchmark,100,-0.41724323131536617,-0.4152754325211515,0.03010002967464239,-0.466089200686639,-0.4370149650718229,-0.395517593318438,-0.36846672675380787,0.0030100029674642393,-0.42314283713159606,-0.4113436254991363,True
choque_05pct_permanente,permanente,0.95,0.05,True,16,deficit_governo,p.p. do PIB em relação ao benchmark,100,0.39696763323213907,0.4030143997634884,0.0369240346716711,0.32829810773592116,0.36625060049469865,0.42396704034627575,0.44902459174565595,0.00369240346716711,0.38973052243649153,0.4042047440277866,True
choque_05pct_permanente,permanente,0.95,0.05,True,16,inflacao,p.p. em relação ao benchmark,100,-0.042741483912931845,-0.03520796429903325,0.08468347776939071,-0.17682943338024107,-0.10044248955458628,0.0201207390953417,0.08905021588834103,0.008468347776939071,-0.05933944555573242,-0.026143522270131267,True
choque_05pct_permanente,permanente,0.95,0.05,True,16,pib_real,% em relação ao benchmark,100,-2.011195991181967,-2.0074875476525866,0.06728950672488702,-2.120403572188165,-2.06348707692611,-1.9697916426421327,-1.9025098807387304,0.006728950672488703,-2.0243847345000447,-1.998007247863889,True
choque_05pct_permanente,permanente,0.95,0.05,True,16,taxa_desemprego,p.p. em relação ao benchmark,100,0.09063807593972176,0.09982534958365115,0.03781041595842298,0.018165366716960354,0.0693128218249423,0.11653246035212539,0.1408567833595838,0.003781041595842298,0.08322723441187085,0.09804891746757266,True
choque_05pct_permanente,permanente,0.95,0.05,True,17,deficit_externo,p.p. do PIB em relação ao benchmark,100,-0.5145129384610684,-0.5157856758928787,0.03599089057685772,-0.5666574376873358,-0.5410519860934246,-0.4893763838339201,-0.4580000056744916,0.0035990890576857717,-0.5215671530141325,-0.5074587239080043,True
choque_05pct_permanente,permanente,0.95,0.05,True,17,deficit_governo,p.p. do PIB em relação ao benchmark,100,0.40938932712404097,0.4221301439368629,0.05098485659887934,0.3256882008838551,0.3866863657808427,0.44222910135151106,0.4694153760615706,0.005098485659887934,0.3993962952306606,0.4193823590174213,True
choque_05pct_permanente,permanente,0.95,0.05,True,17,inflacao,p.p. em relação ao benchmark,100,-0.19232641579243112,-0.19066893929426948,0.11110723664479585,-0.381170489370588,-0.2749846942176781,-0.09356573965598187,-0.030178238094910003,0.011110723664479585,-0.21410343417481112,-0.17054939741005112,True
choque_05pct_permanente,permanente,0.95,0.05,True,17,pib_real,% em relação ao benchmark,100,-2.216072303949281,-2.224292534010847,0.07527792022985558,-2.3202206828416156,-2.2743385373467677,-2.1700554715152225,-2.077589909261938,0.007527792022985558,-2.230826776314333,-2.201317831584229,True
choque_05pct_permanente,permanente,0.95,0.05,True,17,taxa_desemprego,p.p. em relação ao benchmark,100,0.04674057830277775,0.0517700766806721,0.04263936580186184,-0.02908913663664424,0.0242785324476423,0.07641237728202746,0.09862563595793696,0.004263936580186184,0.03838326260561283,0.05509789399994267,True
choque_05pct_permanente,permanente,0.95,0.05,True,18,deficit_externo,p.p. do PIB em relação ao benchmark,100,-0.5752871813229169,-0.5827027804773715,0.0447949727934202,-0.6326400126355006,-0.609242409864915,-0.5510890170062088,-0.4818372138243923,0.00447949727934202,-0.5840669959904272,-0.5665073666554066,True
choque_05pct_permanente,permanente,0.95,0.05,True,18,deficit_governo,p.p. do PIB em relação ao benchmark,100,0.32706549711973687,0.3390082427282156,0.07754374711406949,0.17778811634205674,0.2804453305579476,0.38644137554009605,0.4290177632950001,0.007754374711406949,0.31186692268537924,0.3422640715540945,True
choque_05pct_permanente,permanente,0.95,0.05,True,18,inflacao,p.p. em relação ao benchmark,100,-0.281306277151357,-0.2916662943542758,0.1326826343480086,-0.4716976929223415,-0.3844686888108795,-0.20745592008402639,-0.03973148118158411,0.01326826343480086,-0.30731207348356665,-0.2553004808191473,True
choque_05pct_permanente,permanente,0.95,0.05,True,18,pib_real,% em relação ao benchmark,100,-2.3017727086214244,-2.3234892096313575,0.10158499452128329,-2.4351464513801844,-2.3738182323844947,-2.2380442659392292,-2.1371319829505544,0.01015849945212833,-2.321683367547596,-2.2818620496952526,True
choque_05pct_permanente,permanente,0.95,0.05,True,18,taxa_desemprego,p.p. em relação ao benchmark,100,-0.05883480494905714,-0.047175143029050695,0.06114331657742288,-0.16960781474079914,-0.09225920356480173,-0.01409082677476275,0.017114584100344346,0.006114331657742288,-0.07081889499823203,-0.046850714899882254,True
choque_05pct_permanente,permanente,0.95,0.05,True,19,deficit_externo,p.p. do PIB em relação ao benchmark,100,-0.5249954105472051,-0.5375592885083058,0.06492127214635125,-0.6091473465976396,-0.5729474248329494,-0.48507932533776177,-0.39274464479531385,0.006492127214635125,-0.53771997988789,-0.5122708412065202,True
choque_05pct_permanente,permanente,0.95,0.05,True,19,deficit_governo,p.p. do PIB em relação ao benchmark,100,0.1306003434519534,0.12322325132977925,0.08753549189431245,-0.008222612274969555,0.07493701236037577,0.19687366803626466,0.26106200211842756,0.008753549189431244,0.11344338704066816,0.14775729986323863,True
choque_05pct_permanente,permanente,0.95,0.05,True,19,inflacao,p.p. em relação ao benchmark,100,-0.11650265783875266,-0.14029147380880674,0.16814666226753708,-0.33273962279471875,-0.2559493296205362,-0.0062356967504673,0.19091958939243506,0.01681466622675371,-0.14945940364318994,-0.08354591203431538,True
choque_05pct_permanente,permanente,0.95,0.05,True,19,pib_real,% em relação ao benchmark,100,-2.2162787483173614,-2.2239129319393864,0.13177465165174795,-2.40390277370069,-2.3165678997328882,-2.130126930746526,-2.0030688709579825,0.013177465165174795,-2.242106580041104,-2.1904509165936186,True
choque_05pct_permanente,permanente,0.95,0.05,True,19,taxa_desemprego,p.p. em relação ao benchmark,100,-0.27122825549636587,-0.27199520770355834,0.07244637223635277,-0.38183890669262777,-0.3268797366419433,-0.22080329001767043,-0.15195783317492592,0.007244637223635277,-0.285427744454691,-0.25702876653804074,True
choque_05pct_permanente,permanente,0.95,0.05,True,20,deficit_externo,p.p. do PIB em relação ao benchmark,100,-0.3643933795588466,-0.3736123904931814,0.07827791808055085,-0.49248054381692724,-0.4227093919567917,-0.3127651163325962,-0.24332121285994485,0.007827791808055085,-0.37973585150263456,-0.34905090761505864,True
choque_05pct_permanente,permanente,0.95,0.05,True,20,deficit_governo,p.p. do PIB em relação ao benchmark,100,-0.07104362258404243,-0.0663365434325699,0.08238644937594793,-0.2084179141802298,-0.1289347010266068,-0.014455683151000326,0.0697202129088306,0.008238644937594793,-0.08719136666172822,-0.05489587850635663,True
choque_05pct_permanente,permanente,0.95,0.05,True,20,inflacao,p.p. em relação ao benchmark,100,0.35224941840275537,0.337824526395325,0.2009286449582557,0.029179391294676893,0.20102208905392602,0.48187878897283926,0.6838003592108797,0.02009286449582557,0.31286740399093727,0.39163143281457347,True
choque_05pct_permanente,permanente,0.95,0.05,True,20,pib_real,% em relação ao benchmark,100,-1.9748323857289305,-1.9774168190685673,0.17769339947280754,-2.2461072816304446,-2.112481670532082,-1.8361059022343056,-1.674532685612048,0.017769339947280756,-2.009660292025601,-1.9400044794322602,True
choque_05pct_permanente,permanente,0.95,0.05,True,20,taxa_desemprego,p.p. em relação ao benchmark,100,-0.45342954463199253,-0.45119792067675396,0.07725107496561688,-0.5742737941919213,-0.5070095334566678,-0.3954573256366424,-0.32743013399943366,0.007725107496561688,-0.46857075532525344,-0.4382883339387316,True
choque_05pct_permanente,permanente,0.95,0.05,True,21,deficit_externo,p.p. do PIB em relação ao benchmark,100,-0.17700301655046197,-0.1856516736913903,0.07953156263875832,-0.3022291003985289,-0.23170542789809515,-0.1167092179014674,-0.03811865296609086,0.007953156263875832,-0.1925912028276586,-0.16141483027326534,True
choque_05pct_permanente,permanente,0.95,0.05,True,21,deficit_governo,p.p. do PIB em relação ao benchmark,100,-0.12983635745107172,-0.13081574829243295,0.08868821705802539,-0.2567250720379938,-0.19639772022656266,-0.0758987919939384,0.006564367765216298,0.008868821705802539,-0.1472192479944447,-0.11245346690769875,True
choque_05pct_permanente,permanente,0.95,0.05,True,21,inflacao,p.p. em relação ao benchmark,100,0.9557955033366103,0.9141785950729675,0.20248807653934459,0.5957479923893283,0.8348888122801323,1.089314395001345,1.275768026898746,0.02024880765393446,0.9161078403348988,0.9954831663383219,True
choque_05pct_permanente,permanente,0.95,0.05,True,21,pib_real,% em relação ao benchmark,100,-1.6979782847430314,-1.6840582787846003,0.18188881392355763,-1.9905601756020177,-1.84227572054991,-1.5696736416439925,-1.4294282775313967,0.018188881392355763,-1.7336284922720486,-1.662328077214014,True
choque_05pct_permanente,permanente,0.95,0.05,True,21,taxa_desemprego,p.p. em relação ao benchmark,100,-0.5811080899989292,-0.5853465203325844,0.09121755365953756,-0.7136349271209613,-0.64214990669085,-0.5319173060893693,-0.41862165296681364,0.009121755365953756,-0.5989867305161986,-0.5632294494816598,True
choque_05pct_permanente,permanente,0.95,0.05,True,22,deficit_externo,p.p. do PIB em relação ao benchmark,100,-0.019381923344642112,-0.027538962917840602,0.07330206023440373,-0.1302444023875863,-0.07365052809596527,0.03694210246508128,0.10034351393578582,0.0073302060234403735,-0.03374912715058524,-0.00501471953869898,True
choque_05pct_permanente,permanente,0.95,0.05,True,22,deficit_governo,p.p. do PIB em relação ao benchmark,100,-0.09597245763552036,-0.08725687122728695,0.11435369559040845,-0.2679957626102286,-0.1749117861494953,-0.02988290489534595,0.08599060353876048,0.011435369559040846,-0.11838578197124042,-0.0735591332998003,True
choque_05pct_permanente,permanente,0.95,0.05,True,22,inflacao,p.p. em relação ao benchmark,100,1.5481995411294371,1.5249661294811312,0.18847890849111357,1.2999206404428065,1.4224567503155316,1.677351093165047,1.8952343304696806,0.018847890849111357,1.511257675065179,1.5851414071936953,True
choque_05pct_permanente,permanente,0.95,0.05,True,22,pib_real,% em relação ao benchmark,100,-1.6314964412468649,-1.6468721260966213,0.18002267722485196,-1.8943416319260131,-1.7447309894566305,-1.4978957026152844,-1.3605382044496561,0.018002267722485196,-1.6667808859829358,-1.596211996510794,True
choque_05pct_permanente,permanente,0.95,0.05,True,22,taxa_desemprego,p.p. em relação ao benchmark,100,-0.6092381257497839,-0.603702823671167,0.10504443260992621,-0.7712608814424057,-0.6898170401705122,-0.5429898315122017,-0.4430903869269117,0.010504443260992622,-0.6298268345413294,-0.5886494169582384,True
choque_05pct_permanente,permanente,0.95,0.05,True,23,deficit_externo,p.p. do PIB em relação ao benchmark,100,0.02503979883891448,0.011930358932247,0.07778373433034716,-0.09835566458748479,-0.0164031159685807,0.0797334255129974,0.17070475522657713,0.007778373433034716,0.009794186910166439,0.040285410767662524,True
choque_05pct_permanente,permanente,0.95,0.05,True,23,deficit_governo,p.p. do PIB em relação ao benchmark,100,0.08478053232874133,0.07930682006608705,0.13504913043672065,-0.1184914513490564,-0.00706403409372195,0.179976014575911,0.317202549005626,0.013504913043672065,0.05831090276314409,0.11125016189433858,True
choque_05pct_permanente,permanente,0.95,0.05,True,23,inflacao,p.p. em relação ao benchmark,100,1.9591528958359965,1.951748650381113,0.19516302848220463,1.6766746857461436,1.809919868863863,2.085947238852409,2.302899255149565,0.019516302848220462,1.9209009422534844,1.9974048494185086,True
choque_05pct_permanente,permanente,0.95,0.05,True,23,pib_real,% em relação ao benchmark,100,-1.9050704815160446,-1.9095172073335498,0.225623396866679,-2.2129070179462396,-2.0562112643637223,-1.7281921829821303,-1.561128372205072,0.0225623396866679,-1.9492926673019138,-1.8608482957301755,True
choque_05pct_permanente,permanente,0.95,0.05,True,23,taxa_desemprego,p.p. em relação ao benchmark,100,-0.48823911490764493,-0.495863058204235,0.12856639087571503,-0.6884274369013204,-0.5756785412005402,-0.38792012420960054,-0.2789980160059579,0.012856639087571503,-0.5134381275192851,-0.4630401022960048,True
choque_05pct_permanente,permanente,0.95,0.05,True,24,deficit_externo,p.p. do PIB em relação ao benchmark,100,-0.06902056158970415,-0.06831451211681755,0.10809806893307754,-0.2535310768436308,-0.1335772210429079,0.00105890666434975,0.11137556371538457,0.010809806893307754,-0.09020778310058736,-0.04783334007882096,True
choque_05pct_permanente,permanente,0.95,0.05,True,24,deficit_governo,p.p. do PIB em relação ao benchmark,100,0.36682969766358015,0.36186349430336184,0.1521029390162349,0.13567514102882303,0.2771431219466596,0.4615558465202999,0.6184571614947073,0.01521029390162349,0.3370175216163981,0.3966418737107622,True
choque_05pct_permanente,permanente,0.95,0.05,True,24,inflacao,p.p. em relação ao benchmark,100,2.143291692541026,2.1332875738080848,0.2354268236645939,1.7920906420256664,1.9743700190550881,2.258799736482592,2.5607586529237656,0.02354268236645939,2.0971480351027654,2.1894353499792865,True
choque_05pct_permanente,permanente,0.95,0.05,True,24,pib_real,% em relação ao benchmark,100,-2.5562365460188157,-2.560986162188211,0.305613043565394,-3.128372836985718,-2.7372944648125013,-2.3730964742263576,-2.070373039960073,0.0305613043565394,-2.616136702557633,-2.4963363894799984,True
choque_05pct_permanente,permanente,0.95,0.05,True,24,taxa_desemprego,p.p. em relação ao benchmark,100,-0.23364565780935656,-0.240813432982704,0.15057156461969112,-0.46890266098856503,-0.3372430556655478,-0.13441341365168288,0.0324587272768087,0.015057156461969113,-0.263157684474816,-0.2041336311438971,True
choque_05pct_permanente,permanente,0.95,0.05,True,25,deficit_externo,p.p. do PIB em relação ao benchmark,100,-0.3238960189195834,-0.31122374320920987,0.13478879973334065,-0.5779551110777382,-0.41436607781612445,-0.23968963280835348,-0.10380388667245212,0.013478879973334065,-0.3503146236673182,-0.29747741417184864,True
choque_05pct_permanente,permanente,0.95,0.05,True,25,deficit_governo,p.p. do PIB em relação ao benchmark,100,0.7024746006275574,0.6873753930601856,0.1515969658769091,0.4762048535221055,0.6043113706768543,0.8158562125644669,0.9327166048272078,0.01515969658769091,0.6727615953156832,0.7321876059394316,True
choque_05pct_permanente,permanente,0.95,0.05,True,25,inflacao,p.p. em relação ao benchmark,100,2.040029161837378,2.0314524086102126,0.2907620776251727,1.5720589002017171,1.850333767988499,2.211604383207333,2.5427993968220086,0.02907620776251727,1.983039794622844,2.097018529051912,True
choque_05pct_permanente,permanente,0.95,0.05,True,25,pib_real,% em relação ao benchmark,100,-3.5526107880339515,-3.519050780097893,0.3758343591016479,-4.102815581892856,-3.85629380567967,-3.293959029993482,-2.9477933350483294,0.03758343591016479,-3.6262743224178746,-3.4789472536500283,True
choque_05pct_permanente,permanente,0.95,0.05,True,25,taxa_desemprego,p.p. em relação ao benchmark,100,0.09132661052353966,0.07971471088319275,0.153434179024847,-0.1403925925307082,-0.01293710863111585,0.19080609507440138,0.35105704619334505,0.0153434179024847,0.061253511434669644,0.12139970961240967,True
choque_05pct_temporario,temporario,0.95,0.05,False,0,deficit_externo,p.p. do PIB em relação ao benchmark,100,0.0,0.0,0.0,0.0,0.0,0.0,0.0,0.0,0.0,0.0,False
choque_05pct_temporario,temporario,0.95,0.05,False,0,deficit_governo,p.p. do PIB em relação ao benchmark,100,0.0,0.0,0.0,0.0,0.0,0.0,0.0,0.0,0.0,0.0,False
choque_05pct_temporario,temporario,0.95,0.05,False,0,inflacao,p.p. em relação ao benchmark,100,0.0,0.0,0.0,0.0,0.0,0.0,0.0,0.0,0.0,0.0,False
choque_05pct_temporario,temporario,0.95,0.05,False,0,pib_real,% em relação ao benchmark,100,0.0,0.0,0.0,0.0,0.0,0.0,0.0,0.0,0.0,0.0,False
choque_05pct_temporario,temporario,0.95,0.05,False,0,taxa_desemprego,p.p. em relação ao benchmark,100,0.0,0.0,0.0,0.0,0.0,0.0,0.0,0.0,0.0,0.0,False
choque_05pct_temporario,temporario,0.95,0.05,False,1,deficit_externo,p.p. do PIB em relação ao benchmark,100,0.0,0.0,0.0,0.0,0.0,0.0,0.0,0.0,0.0,0.0,False
choque_05pct_temporario,temporario,0.95,0.05,False,1,deficit_governo,p.p. do PIB em relação ao benchmark,100,0.0,0.0,0.0,0.0,0.0,0.0,0.0,0.0,0.0,0.0,False
choque_05pct_temporario,temporario,0.95,0.05,False,1,inflacao,p.p. em relação ao benchmark,100,0.0,0.0,0.0,0.0,0.0,0.0,0.0,0.0,0.0,0.0,False
choque_05pct_temporario,temporario,0.95,0.05,False,1,pib_real,% em relação ao benchmark,100,0.0,0.0,0.0,0.0,0.0,0.0,0.0,0.0,0.0,0.0,False
choque_05pct_temporario,temporario,0.95,0.05,False,1,taxa_desemprego,p.p. em relação ao benchmark,100,0.0,0.0,0.0,0.0,0.0,0.0,0.0,0.0,0.0,0.0,False
choque_05pct_temporario,temporario,0.95,0.05,False,2,deficit_externo,p.p. do PIB em relação ao benchmark,100,0.0,0.0,0.0,0.0,0.0,0.0,0.0,0.0,0.0,0.0,False
choque_05pct_temporario,temporario,0.95,0.05,False,2,deficit_governo,p.p. do PIB em relação ao benchmark,100,0.0,0.0,0.0,0.0,0.0,0.0,0.0,0.0,0.0,0.0,False
choque_05pct_temporario,temporario,0.95,0.05,False,2,inflacao,p.p. em relação ao benchmark,100,0.0,0.0,0.0,0.0,0.0,0.0,0.0,0.0,0.0,0.0,False
choque_05pct_temporario,temporario,0.95,0.05,False,2,pib_real,% em relação ao benchmark,100,0.0,0.0,0.0,0.0,0.0,0.0,0.0,0.0,0.0,0.0,False
choque_05pct_temporario,temporario,0.95,0.05,False,2,taxa_desemprego,p.p. em relação ao benchmark,100,0.0,0.0,0.0,0.0,0.0,0.0,0.0,0.0,0.0,0.0,False
choque_05pct_temporario,temporario,0.95,0.05,False,3,deficit_externo,p.p. do PIB em relação ao benchmark,100,0.0,0.0,0.0,0.0,0.0,0.0,0.0,0.0,0.0,0.0,False
choque_05pct_temporario,temporario,0.95,0.05,False,3,deficit_governo,p.p. do PIB em relação ao benchmark,100,0.0,0.0,0.0,0.0,0.0,0.0,0.0,0.0,0.0,0.0,False
choque_05pct_temporario,temporario,0.95,0.05,False,3,inflacao,p.p. em relação ao benchmark,100,0.0,0.0,0.0,0.0,0.0,0.0,0.0,0.0,0.0,0.0,False
choque_05pct_temporario,temporario,0.95,0.05,False,3,pib_real,% em relação ao benchmark,100,0.0,0.0,0.0,0.0,0.0,0.0,0.0,0.0,0.0,0.0,False
choque_05pct_temporario,temporario,0.95,0.05,False,3,taxa_desemprego,p.p. em relação ao benchmark,100,0.0,0.0,0.0,0.0,0.0,0.0,0.0,0.0,0.0,0.0,False
choque_05pct_temporario,temporario,0.95,0.05,False,4,deficit_externo,p.p. do PIB em relação ao benchmark,100,0.0,0.0,0.0,0.0,0.0,0.0,0.0,0.0,0.0,0.0,False
choque_05pct_temporario,temporario,0.95,0.05,False,4,deficit_governo,p.p. do PIB em relação ao benchmark,100,0.0,0.0,0.0,0.0,0.0,0.0,0.0,0.0,0.0,0.0,False
choque_05pct_temporario,temporario,0.95,0.05,False,4,inflacao,p.p. em relação ao benchmark,100,0.0,0.0,0.0,0.0,0.0,0.0,0.0,0.0,0.0,0.0,False
choque_05pct_temporario,temporario,0.95,0.05,False,4,pib_real,% em relação ao benchmark,100,0.0,0.0,0.0,0.0,0.0,0.0,0.0,0.0,0.0,0.0,False
choque_05pct_temporario,temporario,0.95,0.05,False,4,taxa_desemprego,p.p. em relação ao benchmark,100,0.0,0.0,0.0,0.0,0.0,0.0,0.0,0.0,0.0,0.0,False
choque_05pct_temporario,temporario,0.95,0.05,False,5,deficit_externo,p.p. do PIB em relação ao benchmark,100,0.000844595396539133,0.00041095854176395,0.003979651828355134,-0.004045076568160735,-0.002670679803367575,0.004047486300328675,0.00826883606579283,0.00039796518283551346,6.458363818152661e-05,0.0016246071548967392,True
choque_05pct_temporario,temporario,0.95,0.05,False,5,deficit_governo,p.p. do PIB em relação ao benchmark,100,0.007417966038865322,0.0097342104405422,0.02257055362898932,-0.03450382617015583,-0.010738276073380126,0.027585888430498674,0.036096810814828316,0.002257055362898932,0.002994137527583416,0.011841794550147229,True
choque_05pct_temporario,temporario,0.95,0.05,False,5,inflacao,p.p. em relação ao benchmark,100,0.1355681159384396,0.128013381099723,0.048981512154345694,0.08070411950161664,0.09284718104288212,0.1751316087911569,0.22782873432100165,0.004898151215434569,0.12596773955618784,0.14516849232069134,True
choque_05pct_temporario,temporario,0.95,0.05,False,5,pib_real,% em relação ao benchmark,100,-0.15194993485135475,-0.14260462823624803,0.06122434852623115,-0.26768069431299,-0.20050674864051926,-0.09864519263601818,-0.08312745909915208,0.006122434852623115,-0.16394990716249605,-0.13994996254021344,True
choque_05pct_temporario,temporario,0.95,0.05,False,5,taxa_desemprego,p.p. em relação ao benchmark,100,0.005596885771572267,0.00559130710885625,0.0008039232806382809,0.004184734492946625,0.004945866108598625,0.006188990077382574,0.006732733745411345,8.039232806382808e-05,0.005439316808567164,0.00575445473457737,True
choque_05pct_temporario,temporario,0.95,0.05,False,6,deficit_externo,p.p. do PIB em relação ao benchmark,100,-0.0040736539028253145,-0.0048957255132984,0.0048108163999896585,-0.010631746899482795,-0.00762605828531495,-0.0005970916147433,0.004922310444187407,0.00048108163999896584,-0.005016573917223288,-0.0031307338884273414,True
choque_05pct_temporario,temporario,0.95,0.05,False,6,deficit_governo,p.p. do PIB em relação ao benchmark,100,0.04641872952483595,0.047508408091211055,0.01056207740643056,0.030003942419724428,0.039284322603888526,0.053682280702385274,0.06234713956093574,0.001056207740643056,0.04434856235317556,0.04848889669649634,True
choque_05pct_temporario,temporario,0.95,0.05,False,6,inflacao,p.p. em relação ao benchmark,100,0.04524891607555111,0.044993533237847,0.020152416687986365,0.014481303363728016,0.027958754048362698,0.06283805070581013,0.07386597510092183,0.0020152416687986363,0.04129904240470578,0.04919878974639644,True
choque_05pct_temporario,temporario,0.95,0.05,False,6,pib_real,% em relação ao benchmark,100,-0.11451426043511398,-0.11902655970229539,0.02565185694058649,-0.1493725949805091,-0.13648719030366901,-0.09388484545800317,-0.07260694541349308,0.0025651856940586493,-0.11954202439546893,-0.10948649647475903,True
choque_05pct_temporario,temporario,0.95,0.05,False,6,taxa_desemprego,p.p. em relação ao benchmark,100,0.014022999091356698,0.014897943775402048,0.00944354419517869,-0.0033880376150929644,0.006899402916152625,0.021695634849340152,0.027017944622493344,0.0009443544195178691,0.012172064429101674,0.01587393375361172,True
choque_05pct_temporario,temporario,0.95,0.05,False,7,deficit_externo,p.p. do PIB em relação ao benchmark,100,-0.001048584549039518,-0.00255597205551305,0.00958352715792299,-0.012883183824693696,-0.00905178592519865,0.00647691869590365,0.017696648055402178,0.000958352715792299,-0.0029269558719924238,0.0008297867739133879,False
choque_05pct_temporario,temporario,0.95,0.05,False,7,deficit_governo,p.p. do PIB em relação ao benchmark,100,0.03628877768326451,0.038600979399638205,0.020578942779119057,-0.004276163645865185,0.021322470940967425,0.053213315391940505,0.06280149270406897,0.0020578942779119055,0.03225530489855717,0.040322250467971846,True
choque_05pct_temporario,temporario,0.95,0.05,False,7,inflacao,p.p. em relação ao benchmark,100,0.09307252803100625,0.091816620358609,0.021910714513753416,0.059273832511970104,0.08304052772922227,0.1064388706236707,0.12905604143437444,0.0021910714513753418,0.08877802798631058,0.09736702807570193,True
choque_05pct_temporario,temporario,0.95,0.05,False,7,pib_real,% em relação ao benchmark,100,-0.15484545747539497,-0.15965935072478338,0.027213631670708047,-0.18891504893124023,-0.17247326694759527,-0.14365077833572437,-0.09155480464070499,0.0027213631670708048,-0.16017932928285375,-0.14951158566793618,True
choque_05pct_temporario,temporario,0.95,0.05,False,7,taxa_desemprego,p.p. em relação ao benchmark,100,0.018916964532817982,0.02146419876350235,0.017365541132041175,-0.015040549217956735,0.005591812498288275,0.033066535150809054,0.0412135948060857,0.0017365541132041175,0.015513318470937912,0.022320610594698052,True
choque_05pct_temporario,temporario,0.95,0.05,False,8,deficit_externo,p.p. do PIB em relação ao benchmark,100,-0.04033991819145988,-0.04005877005620635,0.0036923436453256023,-0.04604496379844659,-0.043125800161161174,-0.03730557850329825,-0.034662419340847184,0.00036923436453256025,-0.0410636175459437,-0.03961621883697606,True
choque_05pct_temporario,temporario,0.95,0.05,False,8,deficit_governo,p.p. do PIB em relação ao benchmark,100,0.07396495890330633,0.07402394344331939,0.01105028768484823,0.055261908490938774,0.06652670727037947,0.08048906552792254,0.09130263987446578,0.0011050287684848232,0.07179910251707608,0.07613081528953658,True
choque_05pct_temporario,temporario,0.95,0.05,False,8,inflacao,p.p. em relação ao benchmark,100,0.015148747435809809,0.01323872435340375,0.012477590571538903,-0.00097881356753813,0.0046967290348864255,0.026242190533570728,0.0349884122293131,0.0012477590571538903,0.012703139683788185,0.017594355187831433,True
choque_05pct_temporario,temporario,0.95,0.05,False,8,pib_real,% em relação ao benchmark,100,-0.18967585241895563,-0.19171977712948424,0.027912449589859573,-0.2302269063730061,-0.2120429842216803,-0.17178404450164103,-0.135455890611501,0.0027912449589859575,-0.1951466925385681,-0.18420501229934316,True
choque_05pct_temporario,temporario,0.95,0.05,False,8,taxa_desemprego,p.p. em relação ao benchmark,100,0.022493981430936776,0.0258308259505714,0.018850803464503622,-0.016662488524488567,0.010895344220277575,0.03640573102592217,0.04931318679830714,0.0018850803464503622,0.018799223951894067,0.026188738909979484,True
choque_05pct_temporario,temporario,0.95,0.05,False,9,deficit_externo,p.p. do PIB em relação ao benchmark,100,-0.02873105272406637,-0.02950540028804005,0.009262063763929702,-0.04040698336231429,-0.03684717935145468,-0.022911013208294223,-0.013276999250998893,0.0009262063763929701,-0.03054641722179659,-0.026915688226336148,True
choque_05pct_temporario,temporario,0.95,0.05,False,9,deficit_governo,p.p. do PIB em relação ao benchmark,100,0.04427732837509,0.04645717065348135,0.016580667036653503,0.012062277989818385,0.03430554007587193,0.05817498417801512,0.0643935635863847,0.0016580667036653503,0.04102751763590591,0.047527139114274086,True
choque_05pct_temporario,temporario,0.95,0.05,False,9,inflacao,p.p. em relação ao benchmark,100,0.023008140701574264,0.02250515944779425,0.012122464716209425,0.0067978267593105,0.01578498323890335,0.0292003928275608,0.045016092775514945,0.0012122464716209425,0.020632137617197215,0.025384143785951312,True
choque_05pct_temporario,temporario,0.95,0.05,False,9,pib_real,% em relação ao benchmark,100,-0.209199168506049,-0.21149595386281694,0.030827694009812782,-0.2512239684688033,-0.233005794325683,-0.18915917772117372,-0.1487285459671672,0.003082769400981278,-0.2152413965319723,-0.2031569404801257,True
choque_05pct_temporario,temporario,0.95,0.05,False,9,taxa_desemprego,p.p. em relação ao benchmark,100,0.018573150041472045,0.01908308425772395,0.015538164739798997,-0.0053862817292758694,0.008018111151478876,0.027966962437114048,0.039554251582544005,0.0015538164739798996,0.015527669752471442,0.02161863033047265,True
choque_05pct_temporario,temporario,0.95,0.05,False,10,deficit_externo,p.p. do PIB em relação ao benchmark,100,-0.054312189936535506,-0.053859667118747345,0.0037664972520192377,-0.060606908451577096,-0.056999850352922,-0.052095734656001175,-0.04879699671312101,0.00037664972520192375,-0.05505042339793128,-0.05357395647513973,True
choque_05pct_temporario,temporario,0.95,0.05,False,10,deficit_governo,p.p. do PIB em relação ao benchmark,100,0.0626967465863067,0.06319116578161885,0.006506014158981301,0.05094568246319675,0.058060525605736026,0.06748130074347498,0.07221254328134974,0.0006506014158981302,0.06142156781114636,0.06397192536146704,True
choque_05pct_temporario,temporario,0.95,0.05,False,10,inflacao,p.p. em relação ao benchmark,100,-0.029794342940963232,-0.028861639614075,0.007984443694832363,-0.04200113063862248,-0.035767977479272926,-0.024604361655400274,-0.01689268819064943,0.0007984443694832363,-0.031359293905150375,-0.02822939197677609,True
choque_05pct_temporario,temporario,0.95,0.05,False,10,pib_real,% em relação ao benchmark,100,-0.2195673058858568,-0.22116324081692945,0.02305095186247489,-0.25732618722820455,-0.23663190279943894,-0.20396111567934913,-0.18206753933501907,0.002305095186247489,-0.22408529245090186,-0.21504931932081173,True
choque_05pct_temporario,temporario,0.95,0.05,False,10,taxa_desemprego,p.p. em relação ao benchmark,100,0.024347066361007353,0.0242470352499302,0.008796854045688876,0.01157129452872477,0.0187303293406895,0.029189173892669625,0.038701980814783266,0.0008796854045688876,0.022622882968052333,0.026071249753962373,True
choque_05pct_temporario,temporario,0.95,0.05,False,11,deficit_externo,p.p. do PIB em relação ao benchmark,100,-0.04375751065945251,-0.04358258938115375,0.005175024792150102,-0.05200200843453936,-0.047474981219555276,-0.04021943539264475,-0.03672534767274566,0.0005175024792150102,-0.04477181551871393,-0.04274320580019109,True
choque_05pct_temporario,temporario,0.95,0.05,False,11,deficit_governo,p.p. do PIB em relação ao benchmark,100,0.03798809684067029,0.038518094612922896,0.006873429777707648,0.028649413518217,0.033167276924159175,0.04271512251018192,0.04936229351179318,0.0006873429777707648,0.03664090460423959,0.03933528907710099,True
choque_05pct_temporario,temporario,0.95,0.05,False,11,inflacao,p.p. em relação ao benchmark,100,-0.02780775156240374,-0.0286041112096957,0.010630895668300456,-0.04213204971951762,-0.035320184096032596,-0.021423046132984475,-0.012356653044464094,0.0010630895668300457,-0.02989140711339063,-0.025724096011416852,True
choque_05pct_temporario,temporario,0.95,0.05,False,11,pib_real,% em relação ao benchmark,100,-0.20372155296840697,-0.2023399375654211,0.014705506811027001,-0.23291958740805752,-0.21113437745536867,-0.19355842209392288,-0.18513871790842512,0.0014705506811027,-0.20660383230336826,-0.20083927363344567,True
choque_05pct_temporario,temporario,0.95,0.05,False,11,taxa_desemprego,p.p. em relação ao benchmark,100,0.013536423459128047,0.011876840040264649,0.010652810066414478,-0.001062289068800135,0.0061992079176037,0.021025548366944348,0.03033606009274435,0.0010652810066414478,0.011448472686110808,0.015624374232145286,True
choque_05pct_temporario,temporario,0.95,0.05,False,12,deficit_externo,p.p. do PIB em relação ao benchmark,100,-0.049998096219327506,-0.049323081185112,0.004255674945753104,-0.05845166103073609,-0.0523964528523689,-0.0470684878481938,-0.04360627957649272,0.00042556749457531046,-0.05083220850869512,-0.049163983929959895,True
choque_05pct_temporario,temporario,0.95,0.05,False,12,deficit_governo,p.p. do PIB em relação ao benchmark,100,0.03063978708645852,0.0285887039953122,0.013485254579865887,0.012408485595148896,0.021505832077813,0.038291573742862225,0.06022827320558872,0.0013485254579865887,0.027996677188804806,0.033282896984112235,True
choque_05pct_temporario,temporario,0.95,0.05,False,12,inflacao,p.p. em relação ao benchmark,100,-0.05116282300552784,-0.052499405785588746,0.008412358443044424,-0.06473936474831074,-0.057045598103439,-0.04553485184041188,-0.037455094427524226,0.0008412358443044424,-0.05281164526036455,-0.04951400075069113,True
choque_05pct_temporario,temporario,0.95,0.05,False,12,pib_real,% em relação ao benchmark,100,-0.1719317351050553,-0.17051946623328207,0.01230243492289779,-0.19264490787788294,-0.1807206276428774,-0.16300584743805516,-0.15504302980998858,0.001230243492289779,-0.17434301234994326,-0.16952045786016734,True
choque_05pct_temporario,temporario,0.95,0.05,False,12,taxa_desemprego,p.p. em relação ao benchmark,100,-0.0005973157762925153,-0.0038494957467362003,0.016680286440906026,-0.024011754017301996,-0.01228668871673525,0.008669892897515625,0.03660737297279692,0.0016680286440906027,-0.0038666519187100963,0.002672020366125066,False
choque_05pct_temporario,temporario,0.95,0.05,False,13,deficit_externo,p.p. do PIB em relação ao benchmark,100,-0.031688734225637984,-0.03194754875954875,0.005832211308473708,-0.04166484161317358,-0.0355779356798466,-0.028467485412385325,-0.021342227209099673,0.0005832211308473708,-0.03283184764209883,-0.030545620809177138,True
choque_05pct_temporario,temporario,0.95,0.05,False,13,deficit_governo,p.p. do PIB em relação ao benchmark,100,-0.0003908415408158899,-0.0014386036231911,0.014845638884218302,-0.023668500521321727,-0.00916195126084635,0.008189919826122275,0.025737920600103614,0.0014845638884218302,-0.003300586762122677,0.0025189036804908974,False
choque_05pct_temporario,temporario,0.95,0.05,False,13,inflacao,p.p. em relação ao benchmark,100,-0.03811593172458401,-0.03768207704202275,0.008914095477997194,-0.05251813055002212,-0.043893279228551775,-0.0323297757268359,-0.023731453344282283,0.0008914095477997194,-0.03986309443827146,-0.03636876901089656,True
choque_05pct_temporario,temporario,0.95,0.05,False,13,pib_real,% em relação ao benchmark,100,-0.11992138050596629,-0.120441320497977,0.022361814609337803,-0.15158657938056644,-0.13553652189512433,-0.10700914998074403,-0.07889973693006141,0.00223618146093378,-0.1243042961693965,-0.11553846484253608,True
choque_05pct_temporario,temporario,0.95,0.05,False,13,taxa_desemprego,p.p. em relação ao benchmark,100,-0.023966636095945085,-0.0280719597258588,0.021010420996321832,-0.05121691513954122,-0.037864975850257075,-0.011658987857412675,0.019535881290002177,0.002101042099632183,-0.028084678611224163,-0.019848593580666006,True
choque_05pct_temporario,temporario,0.95,0.05,False,14,deficit_externo,p.p. do PIB em relação ao benchmark,100,-0.024531195271853306,-0.02337738348515495,0.008939592652216067,-0.039938754960994395,-0.03060030090471305,-0.018001064551097977,-0.011799548144485804,0.0008939592652216068,-0.026283355431687656,-0.022779035112018956,True
choque_05pct_temporario,temporario,0.95,0.05,False,14,deficit_governo,p.p. do PIB em relação ao benchmark,100,-0.011461749811825492,-0.0128991735319633,0.016462754072820763,-0.030872308468830833,-0.0229658737270752,-0.0006755844590443,0.014125546827509008,0.0016462754072820763,-0.014688449610098362,-0.008235050013552623,True
choque_05pct_temporario,temporario,0.95,0.05,False,14,inflacao,p.p. em relação ao benchmark,100,-0.03351137669832789,-0.02921054156373995,0.016617023854696832,-0.0677522747472381,-0.04426185424721282,-0.021649037276727425,-0.012357101777631338,0.0016617023854696832,-0.03676831337384847,-0.030254440022807312,True
choque_05pct_temporario,temporario,0.95,0.05,False,14,pib_real,% em relação ao benchmark,100,-0.06598541374701089,-0.069175272535904,0.02679818521755358,-0.1040036827330842,-0.0831982190680535,-0.04770932007654152,-0.02804224406138695,0.002679818521755358,-0.0712378580496514,-0.060732969444370385,True
choque_05pct_temporario,temporario,0.95,0.05,False,14,taxa_desemprego,p.p. em relação ao benchmark,100,-0.04354822703318523,-0.045722886039973404,0.022804907759208178,-0.07384249659464442,-0.05823151259752918,-0.0279027000250703,-0.0024800944302790576,0.0022804907759208176,-0.04801798895399003,-0.039078465112380424,True
choque_05pct_temporario,temporario,0.95,0.05,False,15,deficit_externo,p.p. do PIB em relação ao benchmark,100,-0.012822076257303361,-0.0125227838123062,0.008711874279421782,-0.025370290458639227,-0.018493402814558923,-0.0068129111323300745,0.001076867477310937,0.0008711874279421783,-0.01452960361607003,-0.011114548898536691,True
choque_05pct_temporario,temporario,0.95,0.05,False,15,deficit_governo,p.p. do PIB em relação ao benchmark,100,-0.01709826799141396,-0.01720155424601435,0.01296663132453734,-0.03955923695412179,-0.025211796502956598,-0.007330468779052875,0.003389311841594193,0.0012966631324537342,-0.01963972773102328,-0.014556808251804642,True
choque_05pct_temporario,temporario,0.95,0.05,False,15,inflacao,p.p. em relação ao benchmark,100,-0.000940994221209083,0.0008116255851842501,0.024801464689519315,-0.05165582558366847,-0.015937448555436426,0.01546543445820055,0.03325639178383236,0.0024801464689519315,-0.005802081300354868,0.003920092857936703,False
choque_05pct_temporario,temporario,0.95,0.05,False,15,pib_real,% em relação ao benchmark,100,-0.0655629934375291,-0.0658627846197246,0.02898674501028396,-0.10880113851554234,-0.0901009373993705,-0.04633720261492388,-0.01468571149917824,0.002898674501028396,-0.07124439545954475,-0.05988159141551344,True
choque_05pct_temporario,temporario,0.95,0.05,False,15,taxa_desemprego,p.p. em relação ao benchmark,100,-0.04750228534745546,-0.0471070335914113,0.018811271604001024,-0.07501714886912113,-0.06047340789364913,-0.033394820798768626,-0.022145007182795606,0.0018811271604001023,-0.051189294581839656,-0.04381527611307126,True
choque_05pct_temporario,temporario,0.95,0.05,False,16,deficit_externo,p.p. do PIB em relação ao benchmark,100,-0.01296859227849926,-0.0138664322168115,0.010034588234743324,-0.026562078913149677,-0.02027247360788395,-0.0055215401825235,0.0034686627994536525,0.0010034588234743324,-0.014935371572508951,-0.011001812984489568,True
choque_05pct_temporario,temporario,0.95,0.05,False,16,deficit_governo,p.p. do PIB em relação ao benchmark,100,-0.0044249580484893875,-0.00355910182259215,0.01145078836053288,-0.025190712749266972,-0.011598310482468325,0.004989468903663475,0.012256079911100268,0.001145078836053288,-0.006669312567153832,-0.002180603529824943,True
choque_05pct_temporario,temporario,0.95,0.05,False,16,inflacao,p.p. em relação ao benchmark,100,0.032965327321617686,0.03430822993160105,0.037279060720222267,-0.035750303862579456,0.010667730009011825,0.06031773020361837,0.08135878625739269,0.0037279060720222267,0.025658631420454124,0.04027202322278125,True
choque_05pct_temporario,temporario,0.95,0.05,False,16,pib_real,% em relação ao benchmark,100,-0.08730953943580118,-0.0900759467116096,0.023865105519704246,-0.12237643082746219,-0.10677593407427963,-0.07352369225684102,-0.04214640018564972,0.0023865105519704248,-0.09198710011766321,-0.08263197875393914,True
choque_05pct_temporario,temporario,0.95,0.05,False,16,taxa_desemprego,p.p. em relação ao benchmark,100,-0.029336368893875985,-0.02828857872406995,0.013409100580577522,-0.05132101777061526,-0.0401956007219763,-0.0195114155430657,-0.009654444618117541,0.0013409100580577522,-0.03196455260766918,-0.02670818518008279,True
choque_05pct_temporario,temporario,0.95,0.05,False,17,deficit_externo,p.p. do PIB em relação ao benchmark,100,-0.007077767100779403,-0.00750045926703075,0.010451705871585278,-0.022861042219259532,-0.014079624482844375,0.0007201606228098749,0.011154942432867505,0.0010451705871585277,-0.009126301451610117,-0.005029232749948688,True
choque_05pct_temporario,temporario,0.95,0.05,False,17,deficit_governo,p.p. do PIB em relação ao benchmark,100,0.01357375269707157,0.013783189193571,0.012790339080843236,-0.0076607633824138195,0.004211024863478,0.022344646635897376,0.03746243949120277,0.0012790339080843236,0.011066846237226296,0.016080659156916845,True
choque_05pct_temporario,temporario,0.95,0.05,False,17,inflacao,p.p. em relação ao benchmark,100,0.07099412956288971,0.0697648678604223,0.045316164816766806,0.0015731727204314802,0.037726502651747026,0.10605802810839669,0.13395141301736457,0.004531616481676681,0.062112161258803415,0.079876097866976,True
choque_05pct_temporario,temporario,0.95,0.05,False,17,pib_real,% em relação ao benchmark,100,-0.09897171011915767,-0.10096410444502266,0.022801465846424,-0.13320821624260284,-0.11530535336445318,-0.08438944772029275,-0.06454941178497044,0.0022801465846424,-0.10344079742505678,-0.09450262281325857,True
choque_05pct_temporario,temporario,0.95,0.05,False,17,taxa_desemprego,p.p. em relação ao benchmark,100,-0.005821897957190268,-0.00625039029747625,0.008700400542878121,-0.019026678020479477,-0.011744650866728325,-0.00042007023050047497,0.008367880531337175,0.0008700400542878122,-0.00752717646359438,-0.004116619450786157,True
choque_05pct_temporario,temporario,0.95,0.05,False,18,deficit_externo,p.p. do PIB em relação ao benchmark,100,-0.01191592425807575,-0.01197244535067795,0.009697587868053564,-0.02533314849429842,-0.02007371681716105,-0.006369574085484124,0.005158082013330836,0.0009697587868053564,-0.013816651480214248,-0.010015197035937251,True
choque_05pct_temporario,temporario,0.95,0.05,False,18,deficit_governo,p.p. do PIB em relação ao benchmark,100,0.042568711959643867,0.0407739462460289,0.019097695925150423,0.013813856540112565,0.0306313598421727,0.05273397396379355,0.07612495995911596,0.0019097695925150422,0.03882556355831438,0.04631186036097335,True
choque_05pct_temporario,temporario,0.95,0.05,False,18,inflacao,p.p. em relação ao benchmark,100,0.07149108815414747,0.07030790112256821,0.04274970259201138,0.0058634189996575005,0.043623365360101474,0.1018988934193942,0.1447399969273455,0.0042749702592011374,0.06311214644611324,0.0798700298621817,True
choque_05pct_temporario,temporario,0.95,0.05,False,18,pib_real,% em relação ao benchmark,100,-0.11075407668456522,-0.1103903589648236,0.02524037333799961,-0.15082913917865254,-0.12812907144598704,-0.09303773267436416,-0.07393269787817683,0.002524037333799961,-0.11570118985881314,-0.10580696351031729,True
choque_05pct_temporario,temporario,0.95,0.05,False,18,taxa_desemprego,p.p. em relação ao benchmark,100,0.009849426994598598,0.0090653565511984,0.011352361461940276,-0.00383718127918419,0.001421481534992975,0.01670970847576895,0.02805437817945272,0.0011352361461940276,0.007624364148058303,0.012074489841138892,True
choque_05pct_temporario,temporario,0.95,0.05,False,19,deficit_externo,p.p. do PIB em relação ao benchmark,100,-0.020130249813876636,-0.018883574479778148,0.008718047352778516,-0.03463232724400997,-0.024590268228784448,-0.01525512783671875,-0.006571984587129275,0.0008718047352778516,-0.021838987095021224,-0.018421512532732047,True
choque_05pct_temporario,temporario,0.95,0.05,False,19,deficit_governo,p.p. do PIB em relação ao benchmark,100,0.04625156826330838,0.0432699941683864,0.02435513474677431,0.01226804787194562,0.029102000484066474,0.0601509419105812,0.08890600607570752,0.002435513474677431,0.041477961852940615,0.05102517467367615,True
choque_05pct_temporario,temporario,0.95,0.05,False,19,inflacao,p.p. em relação ao benchmark,100,0.048188341477183275,0.0463750398858042,0.027680019721584875,0.00812576649276022,0.02765835450904695,0.0680104440854922,0.0938702156314741,0.0027680019721584874,0.04276305761175264,0.05361362534261391,True
choque_05pct_temporario,temporario,0.95,0.05,False,19,pib_real,% em relação ao benchmark,100,-0.1167740954587106,-0.1151330112239834,0.03220074873565344,-0.16938287536458815,-0.13444220101587737,-0.09682973900189959,-0.07068636724506687,0.003220074873565344,-0.12308544221089868,-0.11046274870652253,True
choque_05pct_temporario,temporario,0.95,0.05,False,19,taxa_desemprego,p.p. em relação ao benchmark,100,0.009980045709150098,0.0068641679297368995,0.01642363857258271,-0.014766909348102009,-0.0022793664128387247,0.019548130706830903,0.03727467079664595,0.001642363857258271,0.006761012548923887,0.01319907886937631,True
choque_05pct_temporario,temporario,0.95,0.05,False,20,deficit_externo,p.p. do PIB em relação ao benchmark,100,-0.028973209337361513,-0.0270311118431382,0.01358249283896547,-0.052243262861439946,-0.03665893817915735,-0.020108727715578,-0.011327576311383892,0.001358249283896547,-0.031635377933798746,-0.02631104074092428,True
choque_05pct_temporario,temporario,0.95,0.05,False,20,deficit_governo,p.p. do PIB em relação ao benchmark,100,0.03286899754398616,0.03198833149214565,0.023541873579743945,-0.0051883044710367,0.01690406278422795,0.0492875639217377,0.07656925550315108,0.0023541873579743947,0.028254790322356345,0.03748320476561597,True
choque_05pct_temporario,temporario,0.95,0.05,False,20,inflacao,p.p. em relação ao benchmark,100,0.01964633185321226,0.0201618605702447,0.0194704184300032,-0.010556406752229009,0.009494428502687625,0.03137859902049285,0.049331316806208135,0.00194704184300032,0.015830129840931635,0.023462533865492886,True
choque_05pct_temporario,temporario,0.95,0.05,False,20,pib_real,% em relação ao benchmark,100,-0.12702304757725844,-0.12394928782388234,0.04711308129842499,-0.20768806313919919,-0.1586565309882409,-0.0909809030415792,-0.04610545075355958,0.004711308129842499,-0.13625721151174974,-0.11778888364276714,True
choque_05pct_temporario,temporario,0.95,0.05,False,20,taxa_desemprego,p.p. em relação ao benchmark,100,0.0006765589955348847,-0.00063547640792095,0.017400296953450828,-0.02388135820333893,-0.01275626729892065,0.0122292555291163,0.03345092521911528,0.0017400296953450829,-0.0027338992073414775,0.004087017198411247,False
choque_05pct_temporario,temporario,0.95,0.05,False,21,deficit_externo,p.p. do PIB em relação ao benchmark,100,-0.0319314417579837,-0.0298569322646342,0.019303666632882414,-0.06296008693905841,-0.0443192831464324,-0.019501680487913724,-0.0019396548029493345,0.0019303666632882414,-0.03571496041802866,-0.02814792309793875,True
choque_05pct_temporario,temporario,0.95,0.05,False,21,deficit_governo,p.p. do PIB em relação ao benchmark,100,0.024518770850653036,0.021685374647341348,0.0225108730017525,-0.01267369634022485,0.0103111494176459,0.03926453828549108,0.0629727073636324,0.0022510873001752502,0.020106639742309546,0.028930901958996526,True
choque_05pct_temporario,temporario,0.95,0.05,False,21,inflacao,p.p. em relação ao benchmark,100,0.004231853137267582,0.008839169454222199,0.030430444323971694,-0.05289162037293341,-0.0085361092110658,0.02589596428685385,0.03911959788413846,0.0030430444323971692,-0.0017325139502308703,0.010196220224766035,False
choque_05pct_temporario,temporario,0.95,0.05,False,21,pib_real,% em relação ao benchmark,100,-0.13072440188130247,-0.12564556241584365,0.05742550308113043,-0.22138309799549996,-0.17013509316073644,-0.09055043497442625,-0.04348296162574263,0.005742550308113043,-0.14197980048520403,-0.1194690032774009,True
choque_05pct_temporario,temporario,0.95,0.05,False,21,taxa_desemprego,p.p. em relação ao benchmark,100,-0.0005304987801061278,-0.0014318129112879,0.019361992188852418,-0.029080966840311973,-0.013676087073565626,0.01305992495499935,0.035684734489245445,0.0019361992188852417,-0.004325449249121201,0.003264451688908946,False
choque_05pct_temporario,temporario,0.95,0.05,False,22,deficit_externo,p.p. do PIB em relação ao benchmark,100,-0.03343400711840889,-0.0310095850325278,0.021904942233439455,-0.06826337438931628,-0.04925169960904855,-0.020135642759434174,-0.003176526122109975,0.0021904942233439456,-0.037727375796163025,-0.029140638440654756,True
choque_05pct_temporario,temporario,0.95,0.05,False,22,deficit_governo,p.p. do PIB em relação ao benchmark,100,0.025828817757752042,0.0245930018112891,0.01858309323310251,6.4806713954991524e-06,0.0136787491116473,0.03779337947840545,0.05312908135687202,0.0018583093233102512,0.02218653148406395,0.029471104031440133,True
choque_05pct_temporario,temporario,0.95,0.05,False,22,inflacao,p.p. em relação ao benchmark,100,-0.007269610787713928,-0.0058947396599395505,0.04306940217840365,-0.08017284160057753,-0.03485044982645672,0.02365124350522385,0.05161627050275227,0.004306940217840365,-0.015711213614681044,0.0011719920392531877,False
choque_05pct_temporario,temporario,0.95,0.05,False,22,pib_real,% em relação ao benchmark,100,-0.1225350880189638,-0.12066411183327405,0.054173118200277676,-0.20948388621355057,-0.1625111719208927,-0.08830145276084161,-0.04450424500140497,0.005417311820027767,-0.13315301918621822,-0.11191715685170939,True
choque_05pct_temporario,temporario,0.95,0.05,False,22,taxa_desemprego,p.p. em relação ao benchmark,100,-0.0012329421649280518,-0.0017796891827688002,0.016493294358997327,-0.022242635870942825,-0.013250201279888974,0.0085958115307087,0.025759698869887538,0.0016493294358997327,-0.0044656278592915275,0.0019997435294354243,False
choque_05pct_temporario,temporario,0.95,0.05,False,23,deficit_externo,p.p. do PIB em relação ao benchmark,100,-0.02986051372389321,-0.0286325370802916,0.01937533410766875,-0.0597535046053874,-0.04196809142041355,-0.0174741100528334,-0.0008388244778342299,0.001937533410766875,-0.033658079208996286,-0.026062948238790136,True
choque_05pct_temporario,temporario,0.95,0.05,False,23,deficit_governo,p.p. do PIB em relação ao benchmark,100,0.017864068661382196,0.01834223983332435,0.01225470476119154,-0.004096804181413219,0.01149041256319475,0.025473584678124078,0.03537757382370012,0.001225470476119154,0.015462146528188654,0.020265990794575736,True
choque_05pct_temporario,temporario,0.95,0.05,False,23,inflacao,p.p. em relação ao benchmark,100,-0.00990030460999835,-0.00668410307919085,0.04775380975968648,-0.09559845922788238,-0.04879613578855908,0.02258906756524845,0.053727020222985505,0.004775380975968648,-0.0192600513228969,-0.0005405578970998012,True
choque_05pct_temporario,temporario,0.95,0.05,False,23,pib_real,% em relação ao benchmark,100,-0.10704452547119443,-0.10759095367355305,0.03929282785670284,-0.16628004679046174,-0.13124478073363585,-0.08349783317605768,-0.05105839513649678,0.003929282785670284,-0.11474591973110819,-0.09934313121128067,True
choque_05pct_temporario,temporario,0.95,0.05,False,23,taxa_desemprego,p.p. em relação ao benchmark,100,-0.008090372744925921,-0.00659586000030795,0.012498804165427332,-0.030052650126776485,-0.0141096297982517,-0.002127399036360925,0.011015805183728434,0.0012498804165427331,-0.010540138361349679,-0.005640607128502164,True
choque_05pct_temporario,temporario,0.95,0.05,False,24,deficit_externo,p.p. do PIB em relação ao benchmark,100,-0.02451985411428402,-0.0240280791872021,0.013086201078587205,-0.04631463832929873,-0.032495039360790325,-0.016179664986714977,-0.006032430239658244,0.0013086201078587206,-0.027084749525687114,-0.021954958702880927,True
choque_05pct_temporario,temporario,0.95,0.05,False,24,deficit_governo,p.p. do PIB em relação ao benchmark,100,0.008348172702418532,0.01010980635718775,0.018100363919590755,-0.02831814376944142,-0.000694342374227925,0.020053615272692924,0.02924218197426162,0.0018100363919590755,0.004800501374178744,0.01189584403065832,True
choque_05pct_temporario,temporario,0.95,0.05,False,24,inflacao,p.p. em relação ao benchmark,100,-0.0080451472603853,-0.00424237777685295,0.04363175397624225,-0.07278354892804928,-0.0353158271848952,0.020218327620524702,0.05789893933292756,0.004363175397624225,-0.016596971039728778,0.0005066765189581813,False
choque_05pct_temporario,temporario,0.95,0.05,False,24,pib_real,% em relação ao benchmark,100,-0.08704983686929153,-0.0884452520015399,0.025965237011813434,-0.12394725822914057,-0.10339501392624123,-0.07487798858872845,-0.029052866482282,0.0025965237011813433,-0.09213902332360696,-0.0819606504149761,True
choque_05pct_temporario,temporario,0.95,0.05,False,24,taxa_desemprego,p.p. em relação ao benchmark,100,-0.015726287111868846,-0.01249877427204335,0.018505967686681002,-0.05182980175823018,-0.024252844862990924,-0.0041705385069961,0.006814814287665791,0.0018505967686681002,-0.019353456778458324,-0.01209911744527937,True
choque_05pct_temporario,temporario,0.95,0.05,False,25,deficit_externo,p.p. do PIB em relação ao benchmark,100,-0.016669598502046204,-0.01738285373854905,0.011610037176302894,-0.032495187736992254,-0.023730734150723774,-0.010255323201336625,0.0041067600577022745,0.0011610037176302895,-0.018945165788601573,-0.014394031215490837,True
choque_05pct_temporario,temporario,0.95,0.05,False,25,deficit_governo,p.p. do PIB em relação ao benchmark,100,0.0012720074518649807,0.0025468531839544497,0.028311185335731032,-0.05186172732937762,-0.011419581219790325,0.02118603860049715,0.04073345507123111,0.0028311185335731033,-0.004276984873938302,0.0068209997776682635,False
choque_05pct_temporario,temporario,0.95,0.05,False,25,inflacao,p.p. em relação ao benchmark,100,0.0008758223573539386,0.0033203706436446,0.03268180699012516,-0.05257243951344636,-0.018351088905965672,0.022032272475774828,0.04946118272488688,0.003268180699012516,-0.005529811812710592,0.00728145652741847,False
choque_05pct_temporario,temporario,0.95,0.05,False,25,pib_real,% em relação ao benchmark,100,-0.06679584559281912,-0.07302454678418946,0.045101489339751125,-0.12760907793883558,-0.0934573021711626,-0.05033325705490753,0.02204268530649358,0.004510148933975113,-0.07563573750341034,-0.0579559536822279,True
choque_05pct_temporario,temporario,0.95,0.05,False,25,taxa_desemprego,p.p. em relação ao benchmark,100,-0.02154222662764094,-0.019333782718112348,0.02894993220293491,-0.07489320325016481,-0.03593529234125095,-0.0026372720234888996,0.01732446300211832,0.002894993220293491,-0.027216413339416184,-0.015868039915865696,True
choque_10pct_permanente,permanente,0.9,0.0999999999999999,True,0,deficit_externo,p.p. do PIB em relação ao benchmark,100,0.0,0.0,0.0,0.0,0.0,0.0,0.0,0.0,0.0,0.0,False
choque_10pct_permanente,permanente,0.9,0.0999999999999999,True,0,deficit_governo,p.p. do PIB em relação ao benchmark,100,0.0,0.0,0.0,0.0,0.0,0.0,0.0,0.0,0.0,0.0,False
choque_10pct_permanente,permanente,0.9,0.0999999999999999,True,0,inflacao,p.p. em relação ao benchmark,100,0.0,0.0,0.0,0.0,0.0,0.0,0.0,0.0,0.0,0.0,False
choque_10pct_permanente,permanente,0.9,0.0999999999999999,True,0,pib_real,% em relação ao benchmark,100,0.0,0.0,0.0,0.0,0.0,0.0,0.0,0.0,0.0,0.0,False
choque_10pct_permanente,permanente,0.9,0.0999999999999999,True,0,taxa_desemprego,p.p. em relação ao benchmark,100,0.0,0.0,0.0,0.0,0.0,0.0,0.0,0.0,0.0,0.0,False
choque_10pct_permanente,permanente,0.9,0.0999999999999999,True,1,deficit_externo,p.p. do PIB em relação ao benchmark,100,0.0,0.0,0.0,0.0,0.0,0.0,0.0,0.0,0.0,0.0,False
choque_10pct_permanente,permanente,0.9,0.0999999999999999,True,1,deficit_governo,p.p. do PIB em relação ao benchmark,100,0.0,0.0,0.0,0.0,0.0,0.0,0.0,0.0,0.0,0.0,False
choque_10pct_permanente,permanente,0.9,0.0999999999999999,True,1,inflacao,p.p. em relação ao benchmark,100,0.0,0.0,0.0,0.0,0.0,0.0,0.0,0.0,0.0,0.0,False
choque_10pct_permanente,permanente,0.9,0.0999999999999999,True,1,pib_real,% em relação ao benchmark,100,0.0,0.0,0.0,0.0,0.0,0.0,0.0,0.0,0.0,0.0,False
choque_10pct_permanente,permanente,0.9,0.0999999999999999,True,1,taxa_desemprego,p.p. em relação ao benchmark,100,0.0,0.0,0.0,0.0,0.0,0.0,0.0,0.0,0.0,0.0,False
choque_10pct_permanente,permanente,0.9,0.0999999999999999,True,2,deficit_externo,p.p. do PIB em relação ao benchmark,100,0.0,0.0,0.0,0.0,0.0,0.0,0.0,0.0,0.0,0.0,False
choque_10pct_permanente,permanente,0.9,0.0999999999999999,True,2,deficit_governo,p.p. do PIB em relação ao benchmark,100,0.0,0.0,0.0,0.0,0.0,0.0,0.0,0.0,0.0,0.0,False
choque_10pct_permanente,permanente,0.9,0.0999999999999999,True,2,inflacao,p.p. em relação ao benchmark,100,0.0,0.0,0.0,0.0,0.0,0.0,0.0,0.0,0.0,0.0,False
choque_10pct_permanente,permanente,0.9,0.0999999999999999,True,2,pib_real,% em relação ao benchmark,100,0.0,0.0,0.0,0.0,0.0,0.0,0.0,0.0,0.0,0.0,False
choque_10pct_permanente,permanente,0.9,0.0999999999999999,True,2,taxa_desemprego,p.p. em relação ao benchmark,100,0.0,0.0,0.0,0.0,0.0,0.0,0.0,0.0,0.0,0.0,False
choque_10pct_permanente,permanente,0.9,0.0999999999999999,True,3,deficit_externo,p.p. do PIB em relação ao benchmark,100,0.0,0.0,0.0,0.0,0.0,0.0,0.0,0.0,0.0,0.0,False
choque_10pct_permanente,permanente,0.9,0.0999999999999999,True,3,deficit_governo,p.p. do PIB em relação ao benchmark,100,0.0,0.0,0.0,0.0,0.0,0.0,0.0,0.0,0.0,0.0,False
choque_10pct_permanente,permanente,0.9,0.0999999999999999,True,3,inflacao,p.p. em relação ao benchmark,100,0.0,0.0,0.0,0.0,0.0,0.0,0.0,0.0,0.0,0.0,False
choque_10pct_permanente,permanente,0.9,0.0999999999999999,True,3,pib_real,% em relação ao benchmark,100,0.0,0.0,0.0,0.0,0.0,0.0,0.0,0.0,0.0,0.0,False
choque_10pct_permanente,permanente,0.9,0.0999999999999999,True,3,taxa_desemprego,p.p. em relação ao benchmark,100,0.0,0.0,0.0,0.0,0.0,0.0,0.0,0.0,0.0,0.0,False
choque_10pct_permanente,permanente,0.9,0.0999999999999999,True,4,deficit_externo,p.p. do PIB em relação ao benchmark,100,0.0,0.0,0.0,0.0,0.0,0.0,0.0,0.0,0.0,0.0,False
choque_10pct_permanente,permanente,0.9,0.0999999999999999,True,4,deficit_governo,p.p. do PIB em relação ao benchmark,100,0.0,0.0,0.0,0.0,0.0,0.0,0.0,0.0,0.0,0.0,False
choque_10pct_permanente,permanente,0.9,0.0999999999999999,True,4,inflacao,p.p. em relação ao benchmark,100,0.0,0.0,0.0,0.0,0.0,0.0,0.0,0.0,0.0,0.0,False
choque_10pct_permanente,permanente,0.9,0.0999999999999999,True,4,pib_real,% em relação ao benchmark,100,0.0,0.0,0.0,0.0,0.0,0.0,0.0,0.0,0.0,0.0,False
choque_10pct_permanente,permanente,0.9,0.0999999999999999,True,4,taxa_desemprego,p.p. em relação ao benchmark,100,0.0,0.0,0.0,0.0,0.0,0.0,0.0,0.0,0.0,0.0,False
choque_10pct_permanente,permanente,0.9,0.0999999999999999,True,5,deficit_externo,p.p. do PIB em relação ao benchmark,100,-0.0032300481709320174,-0.0038383231167761003,0.004048902434603768,-0.008195564236790406,-0.006769208346610725,1.2710811118299871e-05,0.004387686363495783,0.0004048902434603768,-0.004023633048114356,-0.002436463293749679,True
choque_10pct_permanente,permanente,0.9,0.0999999999999999,True,5,deficit_governo,p.p. do PIB em relação ao benchmark,100,0.04374712033648576,0.04698593571336795,0.022575944327336332,0.0012205686376185305,0.02558808000461955,0.06337218238815635,0.07219031333875392,0.002257594432733633,0.03932223524832784,0.048172005424643685,True
choque_10pct_permanente,permanente,0.9,0.0999999999999999,True,5,inflacao,p.p. em relação ao benchmark,100,0.20516409649294348,0.19752112344615375,0.04879517877061762,0.15067098231069437,0.16263924578439057,0.244536382449817,0.29705260499871095,0.004879517877061762,0.19560024145390242,0.21472795153198454,True
choque_10pct_permanente,permanente,0.9,0.0999999999999999,True,5,pib_real,% em relação ao benchmark,100,-0.22326464187087844,-0.21335028008540585,0.061611736944130004,-0.33688761096618886,-0.2743959774354709,-0.16820427642270647,-0.15390297341065282,0.006161173694413,-0.2353405423119279,-0.21118874142982896,True
choque_10pct_permanente,permanente,0.9,0.0999999999999999,True,5,taxa_desemprego,p.p. em relação ao benchmark,100,0.01468513715905473,0.01283826859827595,0.008939768936763248,0.01077884980323643,0.01202300595727865,0.014613973875091751,0.02230685510531127,0.0008939768936763248,0.012932942447449134,0.016437331870660328,True
choque_10pct_permanente,permanente,0.9,0.0999999999999999,True,6,deficit_externo,p.p. do PIB em relação ao benchmark,100,-0.01621481063867158,-0.017189627087399947,0.006363297033834537,-0.023737447794201096,-0.021309745306265924,-0.012829208584413224,-0.00469452162501434,0.0006363297033834537,-0.01746201685730315,-0.014967604420040012,True
choque_10pct_permanente,permanente,0.9,0.0999999999999999,True,6,deficit_governo,p.p. do PIB em relação ao benchmark,100,0.1398992393482167,0.14373601379144765,0.01800544311536983,0.1083265869178416,0.1304999906403807,0.1524704541679727,0.16158530634298424,0.0018005443115369831,0.1363701724976042,0.14342830619882918,True
choque_10pct_permanente,permanente,0.9,0.0999999999999999,True,6,inflacao,p.p. em relação ao benchmark,100,0.2923811942531249,0.28625088853981845,0.022804727553692887,0.2726257780164687,0.2803445886456757,0.2938255023931857,0.33907926040700254,0.002280472755369289,0.2879114676526011,0.2968509208536487,True
choque_10pct_permanente,permanente,0.9,0.0999999999999999,True,6,pib_real,% em relação ao benchmark,100,-0.4316528975014012,-0.4205481433054048,0.0338409558376495,-0.4933584433881027,-0.43907531766277924,-0.4103217471833065,-0.396996276880438,0.0033840955837649497,-0.4382857248455805,-0.4250200701572219,True
choque_10pct_permanente,permanente,0.9,0.0999999999999999,True,6,taxa_desemprego,p.p. em relação ao benchmark,100,0.05169685283114288,0.05298221995984335,0.012397508628254774,0.03036383916783408,0.0449362458287111,0.05853176741103493,0.06531452183318916,0.0012397508628254775,0.04926694114000494,0.05412676452228082,True
choque_10pct_permanente,permanente,0.9,0.0999999999999999,True,7,deficit_externo,p.p. do PIB em relação ao benchmark,100,-0.028565127726596806,-0.03066144751826015,0.011656425429009078,-0.043787606932796076,-0.03776905199568488,-0.021011864371872024,-0.006581513013352221,0.0011656425429009078,-0.030849787110682585,-0.026280468342511028,True
choque_10pct_permanente,permanente,0.9,0.0999999999999999,True,7,deficit_governo,p.p. do PIB em relação ao benchmark,100,0.2258133886319303,0.22875060684904575,0.026589746103172315,0.17685693925875393,0.21285076463863936,0.24627973744238246,0.26100940564843544,0.0026589746103172314,0.2206017983957085,0.23102497886815207,True
choque_10pct_permanente,permanente,0.9,0.0999999999999999,True,7,inflacao,p.p. em relação ao benchmark,100,0.4543321382168115,0.453013982492112,0.01954469425035103,0.42897048590947,0.4410078550780905,0.4670982124680645,0.4873404844580364,0.001954469425035103,0.4505013781437427,0.4581628982898803,True
choque_10pct_permanente,permanente,0.9,0.0999999999999999,True,7,pib_real,% em relação ao benchmark,100,-0.7402715194064743,-0.7391691303372527,0.020147657677176557,-0.7731561062432007,-0.7517521841020475,-0.7266460912627226,-0.7135436177748478,0.002014765767717656,-0.7442204603112009,-0.7363225785017476,True
choque_10pct_permanente,permanente,0.9,0.0999999999999999,True,7,taxa_desemprego,p.p. em relação ao benchmark,100,0.11065137774084699,0.11246811787319545,0.026864296702592917,0.07206783135365777,0.09975984218709258,0.1258692990497044,0.1362975549161091,0.002686429670259292,0.10538597558713877,0.1159167798945552,True
choque_10pct_permanente,permanente,0.9,0.0999999999999999,True,8,deficit_externo,p.p. do PIB em relação ao benchmark,100,-0.1018478298130906,-0.10323053219245071,0.008243403023307352,-0.1140750642637635,-0.10713265772815715,-0.0964121211014089,-0.08734434227207956,0.0008243403023307352,-0.10346353680565884,-0.10023212282052235,True
choque_10pct_permanente,permanente,0.9,0.0999999999999999,True,8,deficit_governo,p.p. do PIB em relação ao benchmark,100,0.366115021303589,0.36801030949849955,0.024862970791528435,0.32324686999658625,0.35275176621281445,0.37862048879012605,0.40100537293324495,0.0024862970791528433,0.36124187902844945,0.3709881635787286,True
choque_10pct_permanente,permanente,0.9,0.0999999999999999,True,8,inflacao,p.p. em relação ao benchmark,100,0.49724680169555446,0.4980880097099183,0.015731425587945384,0.47391698232485674,0.4891639077269916,0.5077571810847503,0.5158996039145347,0.0015731425587945384,0.49416344228031717,0.5003301611107918,True
choque_10pct_permanente,permanente,0.9,0.0999999999999999,True,8,pib_real,% em relação ao benchmark,100,-1.1253268855070846,-1.124498903688248,0.038560597148871,-1.1816557791301168,-1.1500945099559068,-1.1026537666194742,-1.0655113479087708,0.0038560597148871003,-1.1328847625482632,-1.117769008465906,True
choque_10pct_permanente,permanente,0.9,0.0999999999999999,True,8,taxa_desemprego,p.p. em relação ao benchmark,100,0.17788876616096005,0.1772424263968237,0.03291932639690893,0.13764046381916617,0.16101725879865517,0.19287607351768335,0.20719591588695255,0.0032919326396908927,0.1714365781871659,0.1843409541347542,True
choque_10pct_permanente,permanente,0.9,0.0999999999999999,True,9,deficit_externo,p.p. do PIB em relação ao benchmark,100,-0.15767031094457815,-0.15711654646932294,0.012346658770879976,-0.1753847431651016,-0.16603189327546475,-0.14884397161043367,-0.14069264157331873,0.0012346658770879975,-0.1600902560636706,-0.15525036582548568,True
choque_10pct_permanente,permanente,0.9,0.0999999999999999,True,9,deficit_governo,p.p. do PIB em relação ao benchmark,100,0.44662279312425596,0.4470466338251572,0.02493909743164021,0.40859050745781716,0.42785949711449667,0.4619876724192256,0.48241154429076955,0.002493909743164021,0.44173473002765445,0.45151085622085746,True
choque_10pct_permanente,permanente,0.9,0.0999999999999999,True,9,inflacao,p.p. em relação ao benchmark,100,0.5398456742161044,0.5434143352029519,0.028129929046017656,0.5047146702854455,0.5250761398446435,0.5587055073630276,0.5733303662255174,0.0028129929046017657,0.5343322081230849,0.5453591403091239,True
choque_10pct_permanente,permanente,0.9,0.0999999999999999,True,9,pib_real,% em relação ao benchmark,100,-1.540545102573531,-1.5438132022503825,0.04510455175201461,-1.6141591979873338,-1.5709018026970778,-1.5089250090289552,-1.46338059996017,0.004510455175201461,-1.549385594716926,-1.5317046104301362,True
choque_10pct_permanente,permanente,0.9,0.0999999999999999,True,9,taxa_desemprego,p.p. em relação ao benchmark,100,0.2275965927636402,0.2284340021374002,0.028930077312565902,0.18956682238822486,0.21285434932878092,0.24446911587406542,0.2599913581988908,0.0028930077312565904,0.22192629761037727,0.23326688791690312,True
choque_10pct_permanente,permanente,0.9,0.0999999999999999,True,10,deficit_externo,p.p. do PIB em relação ao benchmark,100,-0.2431606808978524,-0.2427421899564294,0.013991783933693366,-0.26485299597636003,-0.25319997820488516,-0.2324866440050363,-0.22342531060075113,0.0013991783933693367,-0.2459030705488563,-0.2404182912468485,True
choque_10pct_permanente,permanente,0.9,0.0999999999999999,True,10,deficit_governo,p.p. do PIB em relação ao benchmark,100,0.5346363432602482,0.5378740048403594,0.031183433040065888,0.4926096535879661,0.513865556341004,0.5595695342187124,0.5768336196945658,0.003118343304006589,0.5285243903843954,0.5407482961361011,True
choque_10pct_permanente,permanente,0.9,0.0999999999999999,True,10,inflacao,p.p. em relação ao benchmark,100,0.5127197812333546,0.5159011980725992,0.026743994491500618,0.46385145030804376,0.49478858400356923,0.5337933686384355,0.5452568948046732,0.002674399449150062,0.5074779583130204,0.5179616041536887,True
choque_10pct_permanente,permanente,0.9,0.0999999999999999,True,10,pib_real,% em relação ao benchmark,100,-1.9505439338827828,-1.9459037591174735,0.04655123455940304,-2.0254542032922247,-1.9890197576367925,-1.9138405680017956,-1.8928656898193617,0.004655123455940304,-1.9596679758564257,-1.9414198919091399,True
choque_10pct_permanente,permanente,0.9,0.0999999999999999,True,10,taxa_desemprego,p.p. em relação ao benchmark,100,0.29139772548244314,0.29009585739487587,0.026805783922779946,0.25084185981322915,0.27761056631677017,0.3068756349348001,0.32778934232331053,0.0026805783922779947,0.28614379183357824,0.29665165913130803,True
choque_10pct_permanente,permanente,0.9,0.0999999999999999,True,11,deficit_externo,p.p. do PIB em relação ao benchmark,100,-0.31047436143843554,-0.30858474339514796,0.016850706858255873,-0.34258770457762866,-0.320327089607484,-0.2995374365914151,-0.28453612484124874,0.0016850706858255872,-0.3137770999826537,-0.3071716228942174,True
choque_10pct_permanente,permanente,0.9,0.0999999999999999,True,11,deficit_governo,p.p. do PIB em relação ao benchmark,100,0.5799703408054387,0.5795284549877224,0.031001438165146607,0.5242991399901618,0.5578746757128245,0.5992940082090157,0.6335874408299701,0.0031001438165146607,0.5738940589250701,0.5860466226858074,True
choque_10pct_permanente,permanente,0.9,0.0999999999999999,True,11,inflacao,p.p. em relação ao benchmark,100,0.4823242845404898,0.4814977425294464,0.03682550983132756,0.4114444121989835,0.46290246325755285,0.5069023540250572,0.5402859476703681,0.0036825509831327563,0.4751064846135496,0.48954208446743,True
choque_10pct_permanente,permanente,0.9,0.0999999999999999,True,11,pib_real,% em relação ao benchmark,100,-2.3003922651932656,-2.297009442139819,0.04683432323591575,-2.3776317351475855,-2.3315517079107173,-2.2662977633203325,-2.218966950707619,0.004683432323591575,-2.309571792547505,-2.291212737839026,True
choque_10pct_permanente,permanente,0.9,0.0999999999999999,True,11,taxa_desemprego,p.p. em relação ao benchmark,100,0.3289948848972772,0.3311931972507481,0.02933727989134359,0.2774737794846563,0.31322869246062646,0.34711506627768396,0.36761504831709696,0.002933727989134359,0.3232447780385738,0.33474499175598055,True
choque_10pct_permanente,permanente,0.9,0.0999999999999999,True,12,deficit_externo,p.p. do PIB em relação ao benchmark,100,-0.3807889677819611,-0.37764242157605377,0.020857854189034457,-0.4201661749678103,-0.3943196918107653,-0.36826765025073216,-0.3498681989217156,0.0020857854189034455,-0.3848771072030118,-0.37670082836091034,True
choque_10pct_permanente,permanente,0.9,0.0999999999999999,True,12,deficit_governo,p.p. do PIB em relação ao benchmark,100,0.5989453571825614,0.5906087141744343,0.038152798724391424,0.5466043726074931,0.5720354548246008,0.6261487526535665,0.6561545496910958,0.003815279872439142,0.5914674086325806,0.6064233057325421,True
choque_10pct_permanente,permanente,0.9,0.0999999999999999,True,12,inflacao,p.p. em relação ao benchmark,100,0.42659918086242093,0.43237896346576266,0.04828647046542527,0.3515049266361858,0.3949298250595589,0.45985453934719306,0.5047551015894569,0.004828647046542527,0.41713503265119756,0.4360633290736443,True
choque_10pct_permanente,permanente,0.9,0.0999999999999999,True,12,pib_real,% em relação ao benchmark,100,-2.588107074290717,-2.587363027688755,0.049527111793082355,-2.6782856152524595,-2.6154769046845603,-2.552528683226357,-2.5145901482836597,0.004952711179308235,-2.597814388202161,-2.578399760379273,True
choque_10pct_permanente,permanente,0.9,0.0999999999999999,True,12,taxa_desemprego,p.p. em relação ao benchmark,100,0.3452782396906791,0.34684350530429925,0.03715458004162197,0.28770504171540745,0.3200732216276897,0.36235648947512095,0.4137477974477631,0.003715458004162197,0.3379959420025212,0.352560537378837,True
choque_10pct_permanente,permanente,0.9,0.0999999999999999,True,13,deficit_externo,p.p. do PIB em relação ao benchmark,100,-0.43574414364883346,-0.43385961261590766,0.026457022899595128,-0.4783713644553141,-0.45618802421717325,-0.4179082951860821,-0.3945697624935177,0.0026457022899595128,-0.4409297201371541,-0.43055856716051283,True
choque_10pct_permanente,permanente,0.9,0.0999999999999999,True,13,deficit_governo,p.p. do PIB em relação ao benchmark,100,0.5852206206659313,0.5870934135170702,0.04683044648207637,0.5121782587343511,0.5531355371481916,0.6148834670841062,0.6649831077948821,0.004683044648207637,0.5760418531554443,0.5943993881764182,True
choque_10pct_permanente,permanente,0.9,0.0999999999999999,True,13,inflacao,p.p. em relação ao benchmark,100,0.366631938932209,0.37221745952311647,0.06826418991768834,0.24521945278079266,0.32526934193500273,0.4210362582927063,0.4598382296311831,0.0068264189917688345,0.3532521577083421,0.3800117201560759,True
choque_10pct_permanente,permanente,0.9,0.0999999999999999,True,13,pib_real,% em relação ao benchmark,100,-2.816743179608521,-2.8154256514275833,0.05722756402666746,-2.9025364695347626,-2.8567311794255534,-2.778529287941417,-2.721981628223438,0.005722756402666746,-2.827959782157748,-2.8055265770592945,True
choque_10pct_permanente,permanente,0.9,0.0999999999999999,True,13,taxa_desemprego,p.p. em relação ao benchmark,100,0.33813000022366085,0.3411348559513152,0.046364080492375316,0.2706188862276259,0.3000894490307659,0.36889887890026657,0.42296449006296266,0.0046364080492375314,0.3290426404471553,0.3472173600001664,True
choque_10pct_permanente,permanente,0.9,0.0999999999999999,True,14,deficit_externo,p.p. do PIB em relação ao benchmark,100,-0.4915767010435851,-0.49136643374527567,0.03033234210279815,-0.5357275425489489,-0.511111558549326,-0.4733466881370877,-0.44111444387980914,0.003033234210279815,-0.4975218400957335,-0.48563156199143664,True
choque_10pct_permanente,permanente,0.9,0.0999999999999999,True,14,deficit_governo,p.p. do PIB em relação ao benchmark,100,0.5632310381477885,0.5741816107669926,0.0512805285182145,0.4753145803990595,0.5243311360125,0.5989460595060031,0.6401028298220148,0.0051280528518214494,0.5531800545582185,0.5732820217373585,True
choque_10pct_permanente,permanente,0.9,0.0999999999999999,True,14,inflacao,p.p. em relação ao benchmark,100,0.2645927679317983,0.2677502495801787,0.08516681821016663,0.14091516314364447,0.20103301358839748,0.3233614577752064,0.39343277084611816,0.008516681821016663,0.24790007156260566,0.281285464300991,True
choque_10pct_permanente,permanente,0.9,0.0999999999999999,True,14,pib_real,% em relação ao benchmark,100,-2.9775352239349684,-2.9802299403458523,0.0645760038958341,-3.0816799471443623,-3.0201721865503823,-2.929741560307966,-2.8752867479661486,0.00645760038958341,-2.990192120698552,-2.9648783271713848,True
choque_10pct_permanente,permanente,0.9,0.0999999999999999,True,14,taxa_desemprego,p.p. em relação ao benchmark,100,0.3078676881520925,0.3072574126060059,0.054008875509574415,0.22174273364237068,0.2724521091234836,0.34820976211881666,0.38603733921706385,0.005400887550957441,0.2972819485522159,0.31845342775196905,True
choque_10pct_permanente,permanente,0.9,0.0999999999999999,True,15,deficit_externo,p.p. do PIB em relação ao benchmark,100,-0.5669593527191301,-0.5594570040323025,0.039729881302464416,-0.6361963060074068,-0.5902121447731103,-0.5381049777010125,-0.5167922473730334,0.0039729881302464415,-0.5747464094544131,-0.5591722959838471,True
choque_10pct_permanente,permanente,0.9,0.0999999999999999,True,15,deficit_governo,p.p. do PIB em relação ao benchmark,100,0.5616621621648507,0.5678486913111097,0.050839723597462576,0.4719495855242135,0.5262648479725567,0.6031450645009213,0.631344638413197,0.005083972359746258,0.551697576339748,0.5716267479899533,True
choque_10pct_permanente,permanente,0.9,0.0999999999999999,True,15,inflacao,p.p. em relação ao benchmark,100,0.11000053814044827,0.11846064690573804,0.1187138521503419,-0.09721549926034019,0.041391365423115674,0.19915160188492814,0.2610979555404247,0.01187138521503419,0.08673262311898126,0.1332684531619153,True
choque_10pct_permanente,permanente,0.9,0.0999999999999999,True,15,pib_real,% em relação ao benchmark,100,-3.1583758820331123,-3.1689297499100375,0.08689040903840886,-3.2759747985796195,-3.2283612354762905,-3.0931948246666394,-2.996658532896555,0.008689040903840886,-3.1754064022046404,-3.141345361861584,True
choque_10pct_permanente,permanente,0.9,0.0999999999999999,True,15,taxa_desemprego,p.p. em relação ao benchmark,100,0.26320501579058253,0.27196922258230427,0.05559053332567163,0.164839053541646,0.21956948727128997,0.30316917166370894,0.3412038179556386,0.0055590533325671635,0.2523092712587509,0.27410076032241415,True
choque_10pct_permanente,permanente,0.9,0.0999999999999999,True,16,deficit_externo,p.p. do PIB em relação ao benchmark,100,-0.7130365555891626,-0.719030918795405,0.053853224148933655,-0.8032162863797597,-0.7513852788781892,-0.6758203642290711,-0.6327072539529932,0.005385322414893366,-0.7235917875223535,-0.7024813236559716,True
choque_10pct_permanente,permanente,0.9,0.0999999999999999,True,16,deficit_governo,p.p. do PIB em relação ao benchmark,100,0.6150330199607769,0.6301869156701806,0.0594957005168656,0.5085130899216063,0.5724353400142369,0.6589367900515689,0.6921038621283863,0.00594957005168656,0.6033718626594712,0.6266941772620825,True
choque_10pct_permanente,permanente,0.9,0.0999999999999999,True,16,inflacao,p.p. em relação ao benchmark,100,-0.16767176519261118,-0.17026471819703284,0.15547513717181924,-0.4179454259604565,-0.27846292916075543,-0.039157437865355825,0.06603469238811709,0.015547513717181924,-0.19814489207828775,-0.1371986383069346,True
choque_10pct_permanente,permanente,0.9,0.0999999999999999,True,16,pib_real,% em relação ao benchmark,100,-3.463504062382878,-3.4720263811211574,0.09914677919981019,-3.619637903220363,-3.525820003311017,-3.3993543071625525,-3.2857084986297047,0.009914677919981019,-3.4829368311060405,-3.4440712936597153,True
choque_10pct_permanente,permanente,0.9,0.0999999999999999,True,16,taxa_desemprego,p.p. em relação ao benchmark,100,0.21911768889638508,0.23430649441189233,0.05632846463600421,0.10614041865748236,0.18523744594064817,0.2583033168921075,0.28973817490508424,0.005632846463600421,0.20807730982772826,0.2301580679650419,True
choque_10pct_permanente,permanente,0.9,0.0999999999999999,True,17,deficit_externo,p.p. do PIB em relação ao benchmark,100,-0.8949438094705728,-0.8969696292807647,0.0612545088925493,-0.9886286245272493,-0.9363116277272063,-0.8465156819909347,-0.7871179364829157,0.006125450889254929,-0.9069496932135125,-0.8829379257276332,True
choque_10pct_permanente,permanente,0.9,0.0999999999999999,True,17,deficit_governo,p.p. do PIB em relação ao benchmark,100,0.6271504201681872,0.6478648713053925,0.07872497779882598,0.48079173829811095,0.5930599774925546,0.6832711234594679,0.7242706238620884,0.007872497779882599,0.6117203245196173,0.6425805158167571,True
choque_10pct_permanente,permanente,0.9,0.0999999999999999,True,17,inflacao,p.p. em relação ao benchmark,100,-0.5399787938289098,-0.5254775433109593,0.1913826564141878,-0.824251479220397,-0.700377200916491,-0.392623858831681,-0.23617315559188892,0.01913826564141878,-0.5774897944860906,-0.502467793171729,True
choque_10pct_permanente,permanente,0.9,0.0999999999999999,True,17,pib_real,% em relação ao benchmark,100,-3.764346771510747,-3.7779065776325393,0.10701388326077697,-3.906702970084243,-3.844234891008961,-3.714691054975946,-3.5588052454423917,0.010701388326077697,-3.7853214926298593,-3.743372050391635,True
choque_10pct_permanente,permanente,0.9,0.0999999999999999,True,17,taxa_desemprego,p.p. em relação ao benchmark,100,0.1268872563757635,0.13325280459696995,0.06535143670363733,0.005885044436053819,0.09481174810026055,0.1786467926786947,0.20814275622693265,0.006535143670363733,0.1140783747818506,0.13969613796967642,True
choque_10pct_permanente,permanente,0.9,0.0999999999999999,True,18,deficit_externo,p.p. do PIB em relação ao benchmark,100,-1.010649974829237,-1.0207955590334628,0.06771074286369008,-1.093006150872361,-1.0592863609582959,-0.9685188147044894,-0.863414749644246,0.0067710742863690086,-1.0239212804305202,-0.9973786692279538,True
choque_10pct_permanente,permanente,0.9,0.0999999999999999,True,18,deficit_governo,p.p. do PIB em relação ao benchmark,100,0.44820416379276246,0.4640246268413819,0.13056267616961492,0.22124383654823027,0.3573358265069625,0.5495347788082968,0.6159840904989405,0.013056267616961492,0.42261387926351796,0.47379444832200696,True
choque_10pct_permanente,permanente,0.9,0.0999999999999999,True,18,inflacao,p.p. em relação ao benchmark,100,-0.8242465387444827,-0.8348672751625319,0.19747356649824852,-1.1221589375027885,-0.9777946812819516,-0.7094403645804548,-0.48437980358054694,0.01974735664982485,-0.8629513577781395,-0.785541719710826,True
choque_10pct_permanente,permanente,0.9,0.0999999999999999,True,18,pib_real,% em relação ao benchmark,100,-3.8442125610792797,-3.8833716286949485,0.15157270138487958,-4.021248873256106,-3.9583843208833756,-3.7645472712556916,-3.5972330308880403,0.015157270138487958,-3.873920810550716,-3.8145043116078434,True
choque_10pct_permanente,permanente,0.9,0.0999999999999999,True,18,taxa_desemprego,p.p. em relação ao benchmark,100,-0.07060528472675458,-0.06112838515703525,0.09563222967078125,-0.23708639892846478,-0.13086632160831485,0.0058401719098799005,0.05576600690894337,0.009563222967078126,-0.0893492017422277,-0.051861367711281456,True
choque_10pct_permanente,permanente,0.9,0.0999999999999999,True,19,deficit_externo,p.p. do PIB em relação ao benchmark,100,-0.9203646067788472,-0.9380086476751801,0.10284246369149465,-1.0487950204753413,-1.000913442717775,-0.8550234999051651,-0.7063111460796446,0.010284246369149465,-0.9405217296623802,-0.9002074838953142,True
choque_10pct_permanente,permanente,0.9,0.0999999999999999,True,19,deficit_governo,p.p. do PIB em relação ao benchmark,100,0.07188366484083086,0.0594952651172417,0.14014028020083175,-0.13722945371599704,-0.0341541765928432,0.1858707782004892,0.2907789095164343,0.014014028020083174,0.04441616992146784,0.09935115976019389,True
choque_10pct_permanente,permanente,0.9,0.0999999999999999,True,19,inflacao,p.p. em relação ao benchmark,100,-0.643476294954735,-0.6617458410034471,0.2483270210273881,-0.9666519037152831,-0.8403984394698805,-0.5038935144685897,-0.15757581140889562,0.02483270210273881,-0.692148391076103,-0.594804198833367,True
choque_10pct_permanente,permanente,0.9,0.0999999999999999,True,19,pib_real,% em relação ao benchmark,100,-3.609245107126615,-3.6446920357740664,0.21287226162491632,-3.89001884828804,-3.760356713645155,-3.47456877199471,-3.235899884215493,0.02128722616249163,-3.650968070405099,-3.5675221438481315,True
choque_10pct_permanente,permanente,0.9,0.0999999999999999,True,19,taxa_desemprego,p.p. em relação ao benchmark,100,-0.43110249673351164,-0.4339194012173395,0.1243157791365191,-0.6128669946005912,-0.5359244506993336,-0.34697666671006755,-0.22819040431369714,0.01243157791365191,-0.4554683894442694,-0.4067366040227539,True
choque_10pct_permanente,permanente,0.9,0.0999999999999999,True,20,deficit_externo,p.p. do PIB em relação ao benchmark,100,-0.6264701962262023,-0.6389474088933784,0.13656314603696973,-0.8578712781725484,-0.7312634671476135,-0.5249587203229253,-0.40618481110886673,0.013656314603696974,-0.6532365728494484,-0.5997038196029562,True
choque_10pct_permanente,permanente,0.9,0.0999999999999999,True,20,deficit_governo,p.p. do PIB em relação ao benchmark,100,-0.2923996363882159,-0.3004294410108868,0.13904966799105328,-0.5108943276846661,-0.38966404005598837,-0.19466493052977885,-0.06183005080756427,0.013904966799105328,-0.31965337131446236,-0.2651459014619695,True
choque_10pct_permanente,permanente,0.9,0.0999999999999999,True,20,inflacao,p.p. em relação ao benchmark,100,0.10731349145832335,0.08730372326559704,0.3360970488574246,-0.41868255695783674,-0.12012223583486856,0.3314069930602292,0.6393939449239634,0.033609704885742456,0.04143846988226814,0.17318851303437854,True
choque_10pct_permanente,permanente,0.9,0.0999999999999999,True,20,pib_real,% em relação ao benchmark,100,-3.090810449291212,-3.1196620536999236,0.30549911588382145,-3.564123514642029,-3.315448422217182,-2.8546165487602164,-2.6066122597469894,0.030549911588382144,-3.1506882760044412,-3.030932622577983,True
choque_10pct_permanente,permanente,0.9,0.0999999999999999,True,20,taxa_desemprego,p.p. em relação ao benchmark,100,-0.7419070817566048,-0.7377676996609767,0.1275181216568723,-0.9576974724406129,-0.821613302084051,-0.6636180989326421,-0.5303167531616608,0.012751812165687229,-0.7669006336013517,-0.7169135299118579,True
choque_10pct_permanente,permanente,0.9,0.0999999999999999,True,21,deficit_externo,p.p. do PIB em relação ao benchmark,100,-0.26282847354969957,-0.26724303646540193,0.13887468838886838,-0.4845442590359925,-0.3691521270783926,-0.1425498478079527,-0.045201696147363156,0.013887468838886839,-0.29004791247391776,-0.23560903462548136,True
choque_10pct_permanente,permanente,0.9,0.0999999999999999,True,21,deficit_governo,p.p. do PIB em relação ao benchmark,100,-0.4408556559930858,-0.44834700305019654,0.13724953247712662,-0.6302993744806115,-0.5365842157737264,-0.34152665481719663,-0.22453830818634574,0.013724953247712663,-0.46775656435860263,-0.41395474762756895,True
choque_10pct_permanente,permanente,0.9,0.0999999999999999,True,21,inflacao,p.p. em relação ao benchmark,100,1.1499061471411713,1.1102718805179768,0.3532017996263016,0.5720607360285335,0.9252162784261719,1.4156467378563073,1.670379026007974,0.03532017996263016,1.0806785944144162,1.2191336998679265,True
choque_10pct_permanente,permanente,0.9,0.0999999999999999,True,21,pib_real,% em relação ao benchmark,100,-2.4666094036358714,-2.481006549971659,0.30724497316694044,-2.98450466846056,-2.681521434467629,-2.2193789411900005,-1.9943273898277025,0.030724497316694042,-2.526829418376592,-2.406389388895151,True
choque_10pct_permanente,permanente,0.9,0.0999999999999999,True,21,taxa_desemprego,p.p. em relação ao benchmark,100,-0.9660034939735003,-0.9784772594068756,0.14607231360713002,-1.1818805395048138,-1.0711349710662554,-0.8544622635746142,-0.727343117164029,0.014607231360713003,-0.9946336674404977,-0.9373733205065028,True
choque_10pct_permanente,permanente,0.9,0.0999999999999999,True,22,deficit_externo,p.p. do PIB em relação ao benchmark,100,0.06414980567084452,0.0637857602788084,0.12358286054280027,-0.1185428280521117,-0.024916363137103974,0.16259489246686062,0.26831654424016016,0.012358286054280026,0.03992756500445567,0.08837204633723338,True
choque_10pct_permanente,permanente,0.9,0.0999999999999999,True,22,deficit_governo,p.p. do PIB em relação ao benchmark,100,-0.4392041984796422,-0.4401863456711827,0.17295333123072804,-0.7314375752043286,-0.5506876419858691,-0.34202274541119676,-0.18985258221283496,0.017295333123072805,-0.4731030514008649,-0.4053053455584195,True
choque_10pct_permanente,permanente,0.9,0.0999999999999999,True,22,inflacao,p.p. em relação ao benchmark,100,2.2276397468455365,2.2371471728353853,0.3300221678946749,1.7493917033921313,1.9666227808836978,2.479578097245599,2.755482105321242,0.03300221678946749,2.1629554019381803,2.2923240917528926,True
choque_10pct_permanente,permanente,0.9,0.0999999999999999,True,22,pib_real,% em relação ao benchmark,100,-2.1672377755547636,-2.180178723272647,0.27991356441513976,-2.6135430460570963,-2.3461708636138527,-1.952433266080103,-1.72945370996329,0.027991356441513977,-2.222100834180131,-2.1123747169293963,True
choque_10pct_permanente,permanente,0.9,0.0999999999999999,True,22,taxa_desemprego,p.p. em relação ao benchmark,100,-1.0409157343670947,-1.041589898650374,0.16519864201606604,-1.2927169739158255,-1.175136610654276,-0.937379652670034,-0.7742573456926914,0.016519864201606605,-1.0732946682022437,-1.0085368005319457,True
choque_10pct_permanente,permanente,0.9,0.0999999999999999,True,23,deficit_externo,p.p. do PIB em relação ao benchmark,100,0.20440760402906796,0.1944134628005394,0.11805174318735615,0.041216687057860774,0.13598694106423823,0.2790909492982312,0.40873635061873853,0.011805174318735614,0.18126946236434616,0.22754574569378977,True
choque_10pct_permanente,permanente,0.9,0.0999999999999999,True,23,deficit_governo,p.p. do PIB em relação ao benchmark,100,-0.18011069519714007,-0.20124520252489947,0.21540278164105578,-0.4866053729229946,-0.31870772328131397,-0.034273450947779,0.21578632296782632,0.02154027816410558,-0.222329640398787,-0.13789174999549314,True
choque_10pct_permanente,permanente,0.9,0.0999999999999999,True,23,inflacao,p.p. em relação ao benchmark,100,3.041599074118024,3.034839919558774,0.3060571809416172,2.5755933450006436,2.8305215358313154,3.280154563022697,3.5047294633292525,0.03060571809416172,2.981611866653467,3.101586281582581,True
choque_10pct_permanente,permanente,0.9,0.0999999999999999,True,23,pib_real,% em relação ao benchmark,100,-2.455633230890037,-2.4296510993958242,0.3514176421176826,-2.9588395706048853,-2.6701369016036782,-2.1919175261579076,-1.950026049703333,0.03514176421176826,-2.5245110887451028,-2.3867553730349713,True
choque_10pct_permanente,permanente,0.9,0.0999999999999999,True,23,taxa_desemprego,p.p. em relação ao benchmark,100,-0.8505762038513146,-0.8574356182485824,0.20686756089311234,-1.133772392764218,-1.0049695168610082,-0.714995302679124,-0.5064251601854026,0.020686756089311233,-0.8911222457863646,-0.8100301619162646,True
choque_10pct_permanente,permanente,0.9,0.0999999999999999,True,24,deficit_externo,p.p. do PIB em relação ao benchmark,100,0.09707020506842882,0.10424899910716764,0.1685587843667853,-0.16872447872482274,-0.0038716168660912495,0.21308830477091312,0.36700338802473925,0.01685587843667853,0.0640326833325389,0.13010772680431876,True
choque_10pct_permanente,permanente,0.9,0.0999999999999999,True,24,deficit_governo,p.p. do PIB em relação ao benchmark,100,0.2963529057844292,0.28779748275341577,0.25621159309493996,-0.10188161823149436,0.11755346860893992,0.4801737040401648,0.7532863646512311,0.025621159309493997,0.24613543353782097,0.3465703780310374,True
choque_10pct_permanente,permanente,0.9,0.0999999999999999,True,24,inflacao,p.p. em relação ao benchmark,100,3.4891550314175546,3.450776937001565,0.34362975824859204,2.9652100235177983,3.2677193996299203,3.702536698601622,4.0001164007840115,0.034362975824859206,3.4218035988008304,3.5565064640342787,True
choque_10pct_permanente,permanente,0.9,0.0999999999999999,True,24,pib_real,% em relação ao benchmark,100,-3.4493977068343797,-3.4207639381188537,0.5114910211429955,-4.292773701120399,-3.7862078568724202,-3.1082293788785327,-2.639531211752399,0.05114910211429955,-3.549649946978407,-3.3491454666903526,True
choque_10pct_permanente,permanente,0.9,0.0999999999999999,True,24,taxa_desemprego,p.p. em relação ao benchmark,100,-0.39523577117725783,-0.40875756258977947,0.25357831020711713,-0.7982734731805387,-0.5761815120350972,-0.22055381089901047,0.07942553785981012,0.025357831020711714,-0.4449371199778528,-0.3455344223766629,True
choque_10pct_permanente,permanente,0.9,0.0999999999999999,True,25,deficit_externo,p.p. do PIB em relação ao benchmark,100,-0.31634481108390405,-0.2948165162566851,0.22861981592700656,-0.7317472373503416,-0.4716533799816536,-0.16814189547774952,0.07569480318328987,0.022861981592700656,-0.3611542950055973,-0.2715353271622108,True
choque_10pct_permanente,permanente,0.9,0.0999999999999999,True,25,deficit_governo,p.p. do PIB em relação ao benchmark,100,0.921352261425925,0.8923558818220961,0.2651555679534602,0.5219990736998147,0.7294891000567689,1.109488484315086,1.3434841254659777,0.026515556795346017,0.8693817701070468,0.9733227527448032,True
choque_10pct_permanente,permanente,0.9,0.0999999999999999,True,25,inflacao,p.p. em relação ao benchmark,100,3.426464531798567,3.4193254066792855,0.42910838749607827,2.6751621723293697,3.1483572250541716,3.7423473804091003,4.187686256393013,0.04291083874960783,3.342359287849336,3.5105697757477983,True
choque_10pct_permanente,permanente,0.9,0.0999999999999999,True,25,pib_real,% em relação ao benchmark,100,-5.140975665188119,-5.139620570059328,0.6813328833162142,-6.211425492491031,-5.676166132416489,-4.662971223481777,-3.9932854627135823,0.06813328833162142,-5.274516910318097,-5.007434420058141,True
choque_10pct_permanente,permanente,0.9,0.0999999999999999,True,25,taxa_desemprego,p.p. em relação ao benchmark,100,0.22694853897663467,0.19645464662131001,0.26545779951661064,-0.17080830217449466,0.036604288309877824,0.41228111227961656,0.6951276129537693,0.026545779951661064,0.17491881027137898,0.2789782676818904,True
choque_10pct_temporario,temporario,0.9,0.0999999999999999,False,0,deficit_externo,p.p. do PIB em relação ao benchmark,100,0.0,0.0,0.0,0.0,0.0,0.0,0.0,0.0,0.0,0.0,False
choque_10pct_temporario,temporario,0.9,0.0999999999999999,False,0,deficit_governo,p.p. do PIB em relação ao benchmark,100,0.0,0.0,0.0,0.0,0.0,0.0,0.0,0.0,0.0,0.0,False
choque_10pct_temporario,temporario,0.9,0.0999999999999999,False,0,inflacao,p.p. em relação ao benchmark,100,0.0,0.0,0.0,0.0,0.0,0.0,0.0,0.0,0.0,0.0,False
choque_10pct_temporario,temporario,0.9,0.0999999999999999,False,0,pib_real,% em relação ao benchmark,100,0.0,0.0,0.0,0.0,0.0,0.0,0.0,0.0,0.0,0.0,False
choque_10pct_temporario,temporario,0.9,0.0999999999999999,False,0,taxa_desemprego,p.p. em relação ao benchmark,100,0.0,0.0,0.0,0.0,0.0,0.0,0.0,0.0,0.0,0.0,False
choque_10pct_temporario,temporario,0.9,0.0999999999999999,False,1,deficit_externo,p.p. do PIB em relação ao benchmark,100,0.0,0.0,0.0,0.0,0.0,0.0,0.0,0.0,0.0,0.0,False
choque_10pct_temporario,temporario,0.9,0.0999999999999999,False,1,deficit_governo,p.p. do PIB em relação ao benchmark,100,0.0,0.0,0.0,0.0,0.0,0.0,0.0,0.0,0.0,0.0,False
choque_10pct_temporario,temporario,0.9,0.0999999999999999,False,1,inflacao,p.p. em relação ao benchmark,100,0.0,0.0,0.0,0.0,0.0,0.0,0.0,0.0,0.0,0.0,False
choque_10pct_temporario,temporario,0.9,0.0999999999999999,False,1,pib_real,% em relação ao benchmark,100,0.0,0.0,0.0,0.0,0.0,0.0,0.0,0.0,0.0,0.0,False
choque_10pct_temporario,temporario,0.9,0.0999999999999999,False,1,taxa_desemprego,p.p. em relação ao benchmark,100,0.0,0.0,0.0,0.0,0.0,0.0,0.0,0.0,0.0,0.0,False
choque_10pct_temporario,temporario,0.9,0.0999999999999999,False,2,deficit_externo,p.p. do PIB em relação ao benchmark,100,0.0,0.0,0.0,0.0,0.0,0.0,0.0,0.0,0.0,0.0,False
choque_10pct_temporario,temporario,0.9,0.0999999999999999,False,2,deficit_governo,p.p. do PIB em relação ao benchmark,100,0.0,0.0,0.0,0.0,0.0,0.0,0.0,0.0,0.0,0.0,False
choque_10pct_temporario,temporario,0.9,0.0999999999999999,False,2,inflacao,p.p. em relação ao benchmark,100,0.0,0.0,0.0,0.0,0.0,0.0,0.0,0.0,0.0,0.0,False
choque_10pct_temporario,temporario,0.9,0.0999999999999999,False,2,pib_real,% em relação ao benchmark,100,0.0,0.0,0.0,0.0,0.0,0.0,0.0,0.0,0.0,0.0,False
choque_10pct_temporario,temporario,0.9,0.0999999999999999,False,2,taxa_desemprego,p.p. em relação ao benchmark,100,0.0,0.0,0.0,0.0,0.0,0.0,0.0,0.0,0.0,0.0,False
choque_10pct_temporario,temporario,0.9,0.0999999999999999,False,3,deficit_externo,p.p. do PIB em relação ao benchmark,100,0.0,0.0,0.0,0.0,0.0,0.0,0.0,0.0,0.0,0.0,False
choque_10pct_temporario,temporario,0.9,0.0999999999999999,False,3,deficit_governo,p.p. do PIB em relação ao benchmark,100,0.0,0.0,0.0,0.0,0.0,0.0,0.0,0.0,0.0,0.0,False
choque_10pct_temporario,temporario,0.9,0.0999999999999999,False,3,inflacao,p.p. em relação ao benchmark,100,0.0,0.0,0.0,0.0,0.0,0.0,0.0,0.0,0.0,0.0,False
choque_10pct_temporario,temporario,0.9,0.0999999999999999,False,3,pib_real,% em relação ao benchmark,100,0.0,0.0,0.0,0.0,0.0,0.0,0.0,0.0,0.0,0.0,False
choque_10pct_temporario,temporario,0.9,0.0999999999999999,False,3,taxa_desemprego,p.p. em relação ao benchmark,100,0.0,0.0,0.0,0.0,0.0,0.0,0.0,0.0,0.0,0.0,False
choque_10pct_temporario,temporario,0.9,0.0999999999999999,False,4,deficit_externo,p.p. do PIB em relação ao benchmark,100,0.0,0.0,0.0,0.0,0.0,0.0,0.0,0.0,0.0,0.0,False
choque_10pct_temporario,temporario,0.9,0.0999999999999999,False,4,deficit_governo,p.p. do PIB em relação ao benchmark,100,0.0,0.0,0.0,0.0,0.0,0.0,0.0,0.0,0.0,0.0,False
choque_10pct_temporario,temporario,0.9,0.0999999999999999,False,4,inflacao,p.p. em relação ao benchmark,100,0.0,0.0,0.0,0.0,0.0,0.0,0.0,0.0,0.0,0.0,False
choque_10pct_temporario,temporario,0.9,0.0999999999999999,False,4,pib_real,% em relação ao benchmark,100,0.0,0.0,0.0,0.0,0.0,0.0,0.0,0.0,0.0,0.0,False
choque_10pct_temporario,temporario,0.9,0.0999999999999999,False,4,taxa_desemprego,p.p. em relação ao benchmark,100,0.0,0.0,0.0,0.0,0.0,0.0,0.0,0.0,0.0,0.0,False
choque_10pct_temporario,temporario,0.9,0.0999999999999999,False,5,deficit_externo,p.p. do PIB em relação ao benchmark,100,-0.0032300481709320174,-0.0038383231167761003,0.004048902434603768,-0.008195564236790406,-0.006769208346610725,1.2710811118299871e-05,0.004387686363495783,0.0004048902434603768,-0.004023633048114356,-0.002436463293749679,True
choque_10pct_temporario,temporario,0.9,0.0999999999999999,False,5,deficit_governo,p.p. do PIB em relação ao benchmark,100,0.04374712033648576,0.04698593571336795,0.022575944327336332,0.0012205686376185305,0.02558808000461955,0.06337218238815635,0.07219031333875392,0.002257594432733633,0.03932223524832784,0.048172005424643685,True
choque_10pct_temporario,temporario,0.9,0.0999999999999999,False,5,inflacao,p.p. em relação ao benchmark,100,0.20516409649294348,0.19752112344615375,0.04879517877061762,0.15067098231069437,0.16263924578439057,0.244536382449817,0.29705260499871095,0.004879517877061762,0.19560024145390242,0.21472795153198454,True
choque_10pct_temporario,temporario,0.9,0.0999999999999999,False,5,pib_real,% em relação ao benchmark,100,-0.22326464187087844,-0.21335028008540585,0.061611736944130004,-0.33688761096618886,-0.2743959774354709,-0.16820427642270647,-0.15390297341065282,0.006161173694413,-0.2353405423119279,-0.21118874142982896,True
choque_10pct_temporario,temporario,0.9,0.0999999999999999,False,5,taxa_desemprego,p.p. em relação ao benchmark,100,0.01468513715905473,0.01283826859827595,0.008939768936763248,0.01077884980323643,0.01202300595727865,0.014613973875091751,0.02230685510531127,0.0008939768936763248,0.012932942447449134,0.016437331870660328,True
choque_10pct_temporario,temporario,0.9,0.0999999999999999,False,6,deficit_externo,p.p. do PIB em relação ao benchmark,100,-0.014792573928870852,-0.01547623710887475,0.005557853639421265,-0.022576575081345553,-0.018606603403092226,-0.011460345757651926,-0.005021228370384338,0.0005557853639421265,-0.01588191324219742,-0.013703234615544284,True
choque_10pct_temporario,temporario,0.9,0.0999999999999999,False,6,deficit_governo,p.p. do PIB em relação ao benchmark,100,0.10847802257793697,0.10995654247057185,0.013629393561845822,0.0876849820319935,0.09721981506759612,0.11794520387529843,0.12846028626129785,0.0013629393561845821,0.1058066614398152,0.11114938371605874,True
choque_10pct_temporario,temporario,0.9,0.0999999999999999,False,6,inflacao,p.p. em relação ao benchmark,100,0.06552851787353538,0.059297361274235294,0.03495626208602519,0.022249848140981538,0.0376841440103248,0.09063081082451573,0.1337111763646003,0.003495626208602519,0.05867709050467444,0.07237994524239631,True
choque_10pct_temporario,temporario,0.9,0.0999999999999999,False,6,pib_real,% em relação ao benchmark,100,-0.18611036286001187,-0.18194495449680434,0.04152082637365534,-0.2633189454701934,-0.2126922736125414,-0.15554698678728052,-0.12855020716133087,0.004152082637365534,-0.1942484448292483,-0.17797228089077544,True
choque_10pct_temporario,temporario,0.9,0.0999999999999999,False,6,taxa_desemprego,p.p. em relação ao benchmark,100,0.038645242591787546,0.0401061103186634,0.010248620652816046,0.019739978936164415,0.031417596706034806,0.04737542528517423,0.052205022908771964,0.0010248620652816046,0.0366365129438356,0.04065397223973949,True
choque_10pct_temporario,temporario,0.9,0.0999999999999999,False,7,deficit_externo,p.p. do PIB em relação ao benchmark,100,-0.01796648626262,-0.0195595657776385,0.009080573889629632,-0.029355391438192546,-0.02495074366274815,-0.011859848085888525,-3.5977382486516083e-05,0.0009080573889629632,-0.019746278744987408,-0.01618669378025259,True
choque_10pct_temporario,temporario,0.9,0.0999999999999999,False,7,deficit_governo,p.p. do PIB em relação ao benchmark,100,0.10310300524295801,0.1049907628254187,0.02201858372999634,0.06598661732323732,0.08862776979572932,0.11795612486134445,0.13399611892223504,0.002201858372999634,0.09878736283187874,0.10741864765403729,True
choque_10pct_temporario,temporario,0.9,0.0999999999999999,False,7,inflacao,p.p. em relação ao benchmark,100,0.13896451429233164,0.1497003823255016,0.03997985435446542,0.06357862540856901,0.12173674291775513,0.16528765516103933,0.18942116162909967,0.003997985435446542,0.13112846283885643,0.14680056574580685,True
choque_10pct_temporario,temporario,0.9,0.0999999999999999,False,7,pib_real,% em relação ao benchmark,100,-0.2881274994459488,-0.29320745841400764,0.05358779380810472,-0.360245082081323,-0.32625309155424054,-0.25974184228916836,-0.1690262875530957,0.005358779380810472,-0.2986307070323373,-0.2776242918595603,True
choque_10pct_temporario,temporario,0.9,0.0999999999999999,False,7,taxa_desemprego,p.p. em relação ao benchmark,100,0.06147660579397352,0.0643659790566693,0.01834029000825166,0.026774840852072965,0.0489817196631665,0.07612440723671027,0.08664789761340881,0.001834029000825166,0.0578819089523562,0.06507130263559084,True
choque_10pct_temporario,temporario,0.9,0.0999999999999999,False,8,deficit_externo,p.p. do PIB em relação ao benchmark,100,-0.08277217710413227,-0.0830656200442576,0.006267028137971157,-0.09159466078745133,-0.08685148273866891,-0.07864038927976967,-0.07248056447798878,0.0006267028137971157,-0.08400051461917463,-0.08154383958908992,True
choque_10pct_temporario,temporario,0.9,0.0999999999999999,False,8,deficit_governo,p.p. do PIB em relação ao benchmark,100,0.16262333120578762,0.16298896790899114,0.014655619052657692,0.14108954218213543,0.15157440359706179,0.17129025014500776,0.18601423245023807,0.0014655619052657692,0.15975082987146672,0.16549583254010852,True
choque_10pct_temporario,temporario,0.9,0.0999999999999999,False,8,inflacao,p.p. em relação ao benchmark,100,0.026470213321776417,0.02373704548431775,0.023388882937848153,-0.0017877782130470547,0.012129633336943575,0.044123980984273024,0.0629805142232353,0.0023388882937848154,0.02188599226595818,0.031054434377594656,True
choque_10pct_temporario,temporario,0.9,0.0999999999999999,False,8,pib_real,% em relação ao benchmark,100,-0.39358836098140676,-0.39974923322383393,0.03894828386848143,-0.44677543999816105,-0.4223446017049048,-0.37117444797653826,-0.3254794724765236,0.0038948283868481433,-0.40122222461962914,-0.3859544973431844,True
choque_10pct_temporario,temporario,0.9,0.0999999999999999,False,8,taxa_desemprego,p.p. em relação ao benchmark,100,0.07485075172920365,0.07786578930116664,0.02099956839971083,0.03976204860372234,0.06233809723709195,0.09019441192244337,0.10695851041491997,0.002099956839971083,0.07073483632286033,0.07896666713554697,True
choque_10pct_temporario,temporario,0.9,0.0999999999999999,False,9,deficit_externo,p.p. do PIB em relação ao benchmark,100,-0.06933105563935628,-0.06954326876108124,0.010750858821099095,-0.08644482384634668,-0.07692092808478222,-0.06229492000045865,-0.053673848317776676,0.0010750858821099096,-0.0714382239682917,-0.06722388731042085,True
choque_10pct_temporario,temporario,0.9,0.0999999999999999,False,9,deficit_governo,p.p. do PIB em relação ao benchmark,100,0.11300616196635606,0.1119872792845241,0.01963001318668128,0.08139778783394774,0.10081760267305613,0.12584359956273322,0.14458357533181027,0.001963001318668128,0.10915867938176653,0.11685364455094559,True
choque_10pct_temporario,temporario,0.9,0.0999999999999999,False,9,inflacao,p.p. em relação ao benchmark,100,0.028888229089354144,0.03084397632766575,0.01893775910396616,-0.0034673004271434196,0.017305210106838224,0.041839557835293674,0.0542936496467205,0.001893775910396616,0.025176428304976777,0.03260002987373151,True
choque_10pct_temporario,temporario,0.9,0.0999999999999999,False,9,pib_real,% em relação ao benchmark,100,-0.4523235120864071,-0.4574372756233402,0.03377704119347641,-0.49969054921842837,-0.47585569312397213,-0.4314041052863482,-0.3941051405288998,0.0033777041193476407,-0.4589438121603285,-0.4457032120124857,True
choque_10pct_temporario,temporario,0.9,0.0999999999999999,False,9,taxa_desemprego,p.p. em relação ao benchmark,100,0.0649424738321163,0.06471711787160919,0.02154757600499712,0.02989678686719674,0.051743532656924,0.07828550462324642,0.09797241063702837,0.002154757600499712,0.06071914893513686,0.06916579872909573,True
choque_10pct_temporario,temporario,0.9,0.0999999999999999,False,10,deficit_externo,p.p. do PIB em relação ao benchmark,100,-0.10864027922776823,-0.1087994747823963,0.006882581412659361,-0.11801169946377016,-0.11367432524358075,-0.10438148592995672,-0.09740991326702794,0.0006882581412659361,-0.10998926518464947,-0.10729129327088699,True
choque_10pct_temporario,temporario,0.9,0.0999999999999999,False,10,deficit_governo,p.p. do PIB em relação ao benchmark,100,0.12674409928493266,0.12794084615857093,0.012256389547220586,0.10466063830807844,0.11848955694108221,0.13338397114379186,0.1458123861627905,0.0012256389547220586,0.12434184693367742,0.1291463516361879,True
choque_10pct_temporario,temporario,0.9,0.0999999999999999,False,10,inflacao,p.p. em relação ao benchmark,100,-0.057912306736047595,-0.056700090984274046,0.01504292950591836,-0.08252676322329172,-0.06719146613373692,-0.04785530137035305,-0.034883678760578796,0.0015042929505918359,-0.06086072091920759,-0.0549638925528876,True
choque_10pct_temporario,temporario,0.9,0.0999999999999999,False,10,pib_real,% em relação ao benchmark,100,-0.4684376623552541,-0.47371648863204774,0.027350433574597106,-0.5111865827545159,-0.4865135887302918,-0.44606485401764706,-0.4292435450823317,0.0027350433574597106,-0.4737983473358751,-0.46307697737463305,True
choque_10pct_temporario,temporario,0.9,0.0999999999999999,False,10,taxa_desemprego,p.p. em relação ao benchmark,100,0.06002035496747335,0.0590268156002271,0.01814541333330899,0.0332509417130759,0.04755660320759907,0.06797712539461373,0.09419069575948755,0.0018145413333308992,0.056463853954144785,0.06357685598080191,True
choque_10pct_temporario,temporario,0.9,0.0999999999999999,False,11,deficit_externo,p.p. do PIB em relação ao benchmark,100,-0.09155759025353781,-0.0916210566913056,0.007385869845702048,-0.10416356372946842,-0.0957584934958807,-0.08640225123505903,-0.08074449224740322,0.0007385869845702048,-0.09300522074329541,-0.09010995976378021,True
choque_10pct_temporario,temporario,0.9,0.0999999999999999,False,11,deficit_governo,p.p. do PIB em relação ao benchmark,100,0.07357352551478756,0.0737756771823902,0.01289912162470337,0.054884361910406104,0.06472458054167997,0.08051166925298192,0.0959491557175361,0.001289912162470337,0.0710452976763457,0.07610175335322943,True
choque_10pct_temporario,temporario,0.9,0.0999999999999999,False,11,inflacao,p.p. em relação ao benchmark,100,-0.06281595708730965,-0.06198289967074275,0.015350944444599347,-0.08513289747073438,-0.07437626569528616,-0.051793954956624776,-0.039466862723490585,0.0015350944444599347,-0.06582474219845112,-0.05980717197616818,True
choque_10pct_temporario,temporario,0.9,0.0999999999999999,False,11,pib_real,% em relação ao benchmark,100,-0.4227964488789048,-0.42093192039410754,0.02223557947503507,-0.45922637002577366,-0.43342105240467277,-0.4069752298677564,-0.39144861951713683,0.0022235579475035068,-0.42715462245601166,-0.4184382753017979,True
choque_10pct_temporario,temporario,0.9,0.0999999999999999,False,11,taxa_desemprego,p.p. em relação ao benchmark,100,0.023756461008051236,0.02108998259964935,0.01771833305288745,-0.0029197980791372796,0.012115218930289126,0.03467942413569593,0.057590030274959264,0.001771833305288745,0.020283667729685297,0.027229254286417176,True
choque_10pct_temporario,temporario,0.9,0.0999999999999999,False,12,deficit_externo,p.p. do PIB em relação ao benchmark,100,-0.09292110317756608,-0.0921611914794947,0.006172910241612515,-0.1037362051564886,-0.09749727266881338,-0.08899474213470557,-0.08304028180776167,0.0006172910241612515,-0.09413099358492213,-0.09171121277021002,True
choque_10pct_temporario,temporario,0.9,0.0999999999999999,False,12,deficit_governo,p.p. do PIB em relação ao benchmark,100,0.04193794326919033,0.040899203007527196,0.015259089369077166,0.020890567452021953,0.03275498577890785,0.050321073303821004,0.07302983095563403,0.0015259089369077166,0.038947161752851206,0.04492872478552945,True
choque_10pct_temporario,temporario,0.9,0.0999999999999999,False,12,inflacao,p.p. em relação ao benchmark,100,-0.09586708269197226,-0.09670490532670545,0.015529289442936082,-0.11883193810363953,-0.10723813864997318,-0.08659924788605443,-0.06749649959098988,0.0015529289442936082,-0.09891082342278773,-0.0928233419611568,True
choque_10pct_temporario,temporario,0.9,0.0999999999999999,False,12,pib_real,% em relação ao benchmark,100,-0.3381333785618464,-0.3349348184759682,0.01947358174198766,-0.3726998836027811,-0.3490559686472133,-0.32619737100519347,-0.3101877457420721,0.0019473581741987658,-0.34195020058327597,-0.3343165565404168,True
choque_10pct_temporario,temporario,0.9,0.0999999999999999,False,12,taxa_desemprego,p.p. em relação ao benchmark,100,-0.020255029841940244,-0.0216210446824821,0.01911733129733587,-0.04940263332467581,-0.03372571866142793,-0.008896192614925951,0.015692551430629417,0.0019117331297335868,-0.024002026776218075,-0.016508032907662413,True
choque_10pct_temporario,temporario,0.9,0.0999999999999999,False,13,deficit_externo,p.p. do PIB em relação ao benchmark,100,-0.055720133730502754,-0.056413032626159654,0.008969027005165104,-0.06844991243027301,-0.06174482215976075,-0.05054163311164168,-0.04111482777592248,0.0008969027005165103,-0.057478063023515116,-0.05396220443749039,True
choque_10pct_temporario,temporario,0.9,0.0999999999999999,False,13,deficit_governo,p.p. do PIB em relação ao benchmark,100,-0.02102245113707123,-0.0198644303887579,0.0204669678375402,-0.05337169661878796,-0.03432512733110012,-0.00653681448603625,0.009756420734649794,0.0020466967837540198,-0.02503397683322911,-0.01701092544091335,True
choque_10pct_temporario,temporario,0.9,0.0999999999999999,False,13,inflacao,p.p. em relação ao benchmark,100,-0.06829877203768327,-0.0668841317640556,0.016151887829471096,-0.09209989428884618,-0.08088672879851819,-0.05752095551109225,-0.04435100540777556,0.0016151887829471095,-0.0714645420522596,-0.06513300202310693,True
choque_10pct_temporario,temporario,0.9,0.0999999999999999,False,13,pib_real,% em relação ao benchmark,100,-0.21591883253899521,-0.2172998059271902,0.03436314579481023,-0.26437368884352325,-0.24046791058952022,-0.19723881772643886,-0.15413508041417387,0.003436314579481023,-0.222654009114778,-0.20918365596321242,True
choque_10pct_temporario,temporario,0.9,0.0999999999999999,False,13,taxa_desemprego,p.p. em relação ao benchmark,100,-0.07613960055454658,-0.07902495964902939,0.025384985051941335,-0.11269535962913708,-0.09413285701667586,-0.0595879887723211,-0.032710114566874955,0.0025384985051941336,-0.08111505762472708,-0.07116414348436607,True
choque_10pct_temporario,temporario,0.9,0.0999999999999999,False,14,deficit_externo,p.p. do PIB em relação ao benchmark,100,-0.03635370425790234,-0.03709300570321725,0.012703483274044152,-0.05558554941629988,-0.046137526111809324,-0.0279603645170969,-0.018039328070777412,0.0012703483274044151,-0.03884358697961499,-0.033863821536189685,True
choque_10pct_temporario,temporario,0.9,0.0999999999999999,False,14,deficit_governo,p.p. do PIB em relação ao benchmark,100,-0.04403852346799917,-0.046645869476616406,0.025947073303386366,-0.07865756004992057,-0.06348119330709244,-0.023880567927415875,-0.003012598451408661,0.0025947073303386366,-0.0491241498354629,-0.03895289710053544,True
choque_10pct_temporario,temporario,0.9,0.0999999999999999,False,14,inflacao,p.p. em relação ao benchmark,100,-0.04309776293061214,-0.0409668067524515,0.019974654444618097,-0.0799523819121006,-0.056507647653625225,-0.027739623395928125,-0.01795645241812528,0.0019974654444618097,-0.04701279520175729,-0.039182730659466994,True
choque_10pct_temporario,temporario,0.9,0.0999999999999999,False,14,pib_real,% em relação ao benchmark,100,-0.11062700520024045,-0.10760395296969255,0.0483033781406229,-0.18965677192423258,-0.14243613637287822,-0.07797824980955985,-0.047166321704960525,0.00483033781406229,-0.12009446731580253,-0.10115954308467837,True
choque_10pct_temporario,temporario,0.9,0.0999999999999999,False,14,taxa_desemprego,p.p. em relação ao benchmark,100,-0.11668107014050424,-0.12135557777139816,0.03190069206400466,-0.16159137973488133,-0.13959636885206606,-0.09281997478332853,-0.07437750997580203,0.0031900692064004655,-0.12293360578504915,-0.11042853449595934,True
choque_10pct_temporario,temporario,0.9,0.0999999999999999,False,15,deficit_externo,p.p. do PIB em relação ao benchmark,100,-0.01835064719004578,-0.017560817962991852,0.01629936678931089,-0.04215135416679635,-0.0312910880664463,-0.00828699056640965,0.006669459857426682,0.001629936678931089,-0.021545323080750713,-0.015155971299340844,True
choque_10pct_temporario,temporario,0.9,0.0999999999999999,False,15,deficit_governo,p.p. do PIB em relação ao benchmark,100,-0.04234297259361452,-0.042319008344321396,0.02608284896621378,-0.08368315367300072,-0.060110277116835746,-0.022991490211596903,-0.0052453306160767455,0.002608284896621378,-0.04745521099099242,-0.03723073419623662,True
choque_10pct_temporario,temporario,0.9,0.0999999999999999,False,15,inflacao,p.p. em relação ao benchmark,100,0.032201273053211715,0.0309819837771785,0.031200133096044202,-0.022604367790266474,0.014353737951017225,0.05130357018376383,0.08580206310907833,0.0031200133096044203,0.026086046966387052,0.038316499140036375,True
choque_10pct_temporario,temporario,0.9,0.0999999999999999,False,15,pib_real,% em relação ao benchmark,100,-0.13861162790091147,-0.1356906741856456,0.06339043431525779,-0.23815115384550384,-0.18959027732035616,-0.09309717048658903,-0.037406737011755835,0.006339043431525779,-0.151036153026702,-0.12618710277512094,True
choque_10pct_temporario,temporario,0.9,0.0999999999999999,False,15,taxa_desemprego,p.p. em relação ao benchmark,100,-0.11260184448094149,-0.11097115849639025,0.03386965278388398,-0.16353493481657588,-0.13689299280441558,-0.0876085806338078,-0.05929131550152697,0.003386965278388398,-0.11924029642658275,-0.10596339253530022,True
choque_10pct_temporario,temporario,0.9,0.0999999999999999,False,16,deficit_externo,p.p. do PIB em relação ao benchmark,100,-0.019566980325284117,-0.02211573638463915,0.019214483256828473,-0.048899424885051765,-0.033429951170823924,-0.003481253468411275,0.010761126759808639,0.0019214483256828473,-0.023333019043622498,-0.015800941606945736,True
choque_10pct_temporario,temporario,0.9,0.0999999999999999,False,16,deficit_governo,p.p. do PIB em relação ao benchmark,100,-0.007662890260741213,-0.006673813811386349,0.023979352463043013,-0.04372186353450349,-0.024965214501581425,0.011361207480865424,0.025847362886750505,0.002397935246304301,-0.012362843343497642,-0.002962937177984783,True
choque_10pct_temporario,temporario,0.9,0.0999999999999999,False,16,inflacao,p.p. em relação ao benchmark,100,0.11301832042389699,0.10983510534183774,0.05276729800411587,0.039997064312738924,0.0742036029557413,0.14645838536858072,0.1978297535859841,0.005276729800411587,0.10267593001509029,0.1233607108327037,True
choque_10pct_temporario,temporario,0.9,0.0999999999999999,False,16,pib_real,% em relação ao benchmark,100,-0.1981335963454681,-0.20066211720388136,0.04285869948537279,-0.25932319787106134,-0.2306348960462528,-0.16814359153863587,-0.12190631870580886,0.004285869948537279,-0.20653390144460115,-0.18973329124633503,True
choque_10pct_temporario,temporario,0.9,0.0999999999999999,False,16,taxa_desemprego,p.p. em relação ao benchmark,100,-0.06215958979337833,-0.0599293890967186,0.027769431201629505,-0.1072938922081254,-0.08150701223872556,-0.0420375580537795,-0.02170323900792751,0.0027769431201629504,-0.06760239830889771,-0.056716781277858945,True
choque_10pct_temporario,temporario,0.9,0.0999999999999999,False,17,deficit_externo,p.p. do PIB em relação ao benchmark,100,-0.011774948950506374,-0.013669810434868899,0.020662097078263657,-0.04203825078787403,-0.029578932993630225,0.005761118937791699,0.01971739861312524,0.0020662097078263655,-0.015824719977846048,-0.007725177923166697,True
choque_10pct_temporario,temporario,0.9,0.0999999999999999,False,17,deficit_governo,p.p. do PIB em relação ao benchmark,100,0.04110429926419952,0.0440892531588764,0.023531259283185484,0.0055714747368752855,0.022418005579239876,0.05492962189070358,0.08247060551190565,0.0023531259283185485,0.036492172444695166,0.045716426083703875,True
choque_10pct_temporario,temporario,0.9,0.0999999999999999,False,17,inflacao,p.p. em relação ao benchmark,100,0.18509113982993128,0.17411146934409588,0.07621982816412119,0.07077348556010604,0.1278416567100815,0.24357483577526756,0.30869945519314873,0.00762198281641212,0.17015205350976353,0.20003022615009902,True
choque_10pct_temporario,temporario,0.9,0.0999999999999999,False,17,pib_real,% em relação ao benchmark,100,-0.22818794591748243,-0.2275225299548322,0.03625409454693598,-0.28522273812966903,-0.2573118651869183,-0.1973001646924876,-0.17482449626104837,0.0036254094546935983,-0.23529374844868187,-0.221082143386283,True
choque_10pct_temporario,temporario,0.9,0.0999999999999999,False,17,taxa_desemprego,p.p. em relação ao benchmark,100,-0.005463947250658779,-0.00553622673875245,0.018457150238252333,-0.03306504041815874,-0.01661775024509035,0.0033281098152669253,0.024843356105320617,0.0018457150238252334,-0.009081548697356237,-0.0018463458039613212,True
choque_10pct_temporario,temporario,0.9,0.0999999999999999,False,18,deficit_externo,p.p. do PIB em relação ao benchmark,100,-0.02715932418238257,-0.0276489853468352,0.020005599142759102,-0.055072363016108565,-0.04331260558070317,-0.013118069115825949,0.0043625266133449905,0.00200055991427591,-0.031080421614363352,-0.023238226750401787,True
choque_10pct_temporario,temporario,0.9,0.0999999999999999,False,18,deficit_governo,p.p. do PIB em relação ao benchmark,100,0.1052318333136032,0.09959658578886015,0.036036003540801435,0.05738608501865236,0.07726081795449904,0.12396753892146768,0.16561019009015412,0.0036036003540801434,0.09816877661960612,0.11229489000760028,True
choque_10pct_temporario,temporario,0.9,0.0999999999999999,False,18,inflacao,p.p. em relação ao benchmark,100,0.16858273954408992,0.161716424345093,0.07802495016246425,0.05977853445347846,0.11324233010810977,0.23033233766029387,0.29404729766002274,0.007802495016246425,0.15328984931224693,0.18387562977593291,True
choque_10pct_temporario,temporario,0.9,0.0999999999999999,False,18,pib_real,% em relação ao benchmark,100,-0.258572654565293,-0.2557617498282705,0.03751387476494385,-0.32296300451726434,-0.2794010165993899,-0.23140895844724335,-0.20230038044405532,0.003751387476494385,-0.265925374019222,-0.251219935111364,True
choque_10pct_temporario,temporario,0.9,0.0999999999999999,False,18,taxa_desemprego,p.p. em relação ao benchmark,100,0.027131738769173477,0.023057791462738952,0.0258259503310379,-0.00686167294892111,0.0064024889251536,0.04138618558312125,0.07527175562922725,0.0025825950331037897,0.022069852504290048,0.03219362503405691,True
choque_10pct_temporario,temporario,0.9,0.0999999999999999,False,19,deficit_externo,p.p. do PIB em relação ao benchmark,100,-0.0507842002045411,-0.04969907060016205,0.017688243019527778,-0.07977563654791112,-0.06011262726536357,-0.040809428224536204,-0.022068524809899244,0.0017688243019527779,-0.05425109583636854,-0.04731730457271366,True
choque_10pct_temporario,temporario,0.9,0.0999999999999999,False,19,deficit_governo,p.p. do PIB em relação ao benchmark,100,0.10742271712118309,0.10238482114122145,0.04725073716750624,0.04014281114553409,0.07051470248089703,0.13738336560246833,0.19040442782576047,0.004725073716750624,0.09816157263635186,0.11668386160601432,True
choque_10pct_temporario,temporario,0.9,0.0999999999999999,False,19,inflacao,p.p. em relação ao benchmark,100,0.0996828660806723,0.0916350175733216,0.05592018880951869,0.02322501850929966,0.05509072216400285,0.13833748561720696,0.184138114038187,0.005592018880951869,0.08872250907400664,0.11064322308733796,True
choque_10pct_temporario,temporario,0.9,0.0999999999999999,False,19,pib_real,% em relação ao benchmark,100,-0.277595919773529,-0.2653904988134892,0.051238198481065575,-0.3838115192342833,-0.303780242283691,-0.24452176940533693,-0.21211403217473496,0.005123819848106557,-0.28763860667581787,-0.2675532328712401,True
choque_10pct_temporario,temporario,0.9,0.0999999999999999,False,19,taxa_desemprego,p.p. em relação ao benchmark,100,0.023003554200894172,0.016986487421171148,0.03319700692395083,-0.025803779821263792,-0.003282543620738275,0.047421142728314124,0.0838708461725686,0.0033197006923950828,0.01649694084379981,0.029510167557988534,True
choque_10pct_temporario,temporario,0.9,0.0999999999999999,False,20,deficit_externo,p.p. do PIB em relação ao benchmark,100,-0.07162595982412834,-0.06613361151259795,0.025186298651331353,-0.12341644400896963,-0.08439578935588934,-0.052462000485821975,-0.04307076995741008,0.0025186298651331354,-0.07656247435978929,-0.06668944528846739,True
choque_10pct_temporario,temporario,0.9,0.0999999999999999,False,20,deficit_governo,p.p. do PIB em relação ao benchmark,100,0.07570028306273659,0.07567279923856995,0.04324937006972471,0.012092206220396445,0.04562128116068,0.10738935514815606,0.1540145845968997,0.00432493700697247,0.06722340652907055,0.08417715959640262,True
choque_10pct_temporario,temporario,0.9,0.0999999999999999,False,20,inflacao,p.p. em relação ao benchmark,100,0.02988688897316092,0.03376323741020035,0.04600691201819238,-0.04268864379808661,0.006501107988365875,0.05843898783940425,0.10045471229780603,0.004600691201819238,0.020869534217595215,0.038904243728726626,True
choque_10pct_temporario,temporario,0.9,0.0999999999999999,False,20,pib_real,% em relação ao benchmark,100,-0.30538141074701836,-0.29618503766662413,0.0787849970884548,-0.4583946072917399,-0.3529720955078197,-0.24196398041910203,-0.2117395781571535,0.00787849970884548,-0.3208232701763555,-0.28993955131768123,True
choque_10pct_temporario,temporario,0.9,0.0999999999999999,False,20,taxa_desemprego,p.p. em relação ao benchmark,100,0.005762925517556984,0.002656619225487,0.03459555262383621,-0.040681760245618405,-0.020393723785663075,0.026466921311792426,0.07232374430452426,0.0034595552623836205,-0.0010178027967149119,0.012543653831828878,False
choque_10pct_temporario,temporario,0.9,0.0999999999999999,False,21,deficit_externo,p.p. do PIB em relação ao benchmark,100,-0.08022918103917485,-0.07587334884343215,0.03463957357214064,-0.14013502705566938,-0.10408323182963705,-0.0544384568211113,-0.035365728096367684,0.003463957357214064,-0.08701853745931443,-0.07343982461903528,True
choque_10pct_temporario,temporario,0.9,0.0999999999999999,False,21,deficit_governo,p.p. do PIB em relação ao benchmark,100,0.06237876235851116,0.059302962772679546,0.04073997693142811,0.00487929180522572,0.030840917305958948,0.08320543273214878,0.13741256925624734,0.004073997693142812,0.054393726879951254,0.07036379783707107,True
choque_10pct_temporario,temporario,0.9,0.0999999999999999,False,21,inflacao,p.p. em relação ao benchmark,100,-0.011644127433620534,-0.00249110302759085,0.06391376280973972,-0.14349795435000368,-0.04941307763035022,0.035787773394962925,0.06833350594701681,0.006391376280973972,-0.02417122494432952,0.0008829700770884505,False
choque_10pct_temporario,temporario,0.9,0.0999999999999999,False,21,pib_real,% em relação ao benchmark,100,-0.312253375203486,-0.3022285490008991,0.09812609034135306,-0.4771220510233914,-0.39720720133076254,-0.2406393010603524,-0.18363945501332246,0.009812609034135306,-0.3314860889103912,-0.2930206614965808,True
choque_10pct_temporario,temporario,0.9,0.0999999999999999,False,21,taxa_desemprego,p.p. em relação ao benchmark,100,0.005864250699049442,0.00390943432779715,0.03801981335149214,-0.044277538682913065,-0.022244620943025876,0.02263044147800775,0.07590592137801234,0.0038019813351492142,-0.001587632717843018,0.013316134115941902,False
choque_10pct_temporario,temporario,0.9,0.0999999999999999,False,22,deficit_externo,p.p. do PIB em relação ao benchmark,100,-0.08197419384285903,-0.0767031373512574,0.03907586855256882,-0.1504870531960694,-0.11237602804416597,-0.052066551217837695,-0.032237791901186565,0.003907586855256882,-0.08963306407916252,-0.07431532360655554,True
choque_10pct_temporario,temporario,0.9,0.0999999999999999,False,22,deficit_governo,p.p. do PIB em relação ao benchmark,100,0.05983166846876502,0.0560465417701744,0.034994732700393834,0.01452528243482628,0.03376894032574222,0.0834568858738733,0.11752281512285456,0.0034994732700393836,0.052972700859487826,0.06669063607804221,True
choque_10pct_temporario,temporario,0.9,0.0999999999999999,False,22,inflacao,p.p. em relação ao benchmark,100,-0.03927676615489383,-0.02495900974553985,0.08443810321382053,-0.17533888432368352,-0.09561233246348495,0.026646649664541198,0.07270268830069425,0.008443810321382052,-0.055826634384802655,-0.022726897924985008,True
choque_10pct_temporario,temporario,0.9,0.0999999999999999,False,22,pib_real,% em relação ao benchmark,100,-0.28694977657130855,-0.28162637957180325,0.09184544278643739,-0.45918738112295354,-0.343555822771277,-0.2156945244371155,-0.15805127894305554,0.00918454427864374,-0.30495148335745026,-0.26894806978516683,True
choque_10pct_temporario,temporario,0.9,0.0999999999999999,False,22,taxa_desemprego,p.p. em relação ao benchmark,100,-0.0007237730939005532,-0.00395212562405775,0.0329805360917051,-0.045337361627703146,-0.026095525720620075,0.02120057775173225,0.055795770050702694,0.00329805360917051,-0.0071879581678747535,0.005740411980073646,False
choque_10pct_temporario,temporario,0.9,0.0999999999999999,False,23,deficit_externo,p.p. do PIB em relação ao benchmark,100,-0.07073506141008001,-0.0705514426042632,0.034457357337880384,-0.1279609254780037,-0.0934454250575856,-0.043278131493739574,-0.020864252947302632,0.0034457357337880383,-0.07748870344830457,-0.06398141937185546,True
choque_10pct_temporario,temporario,0.9,0.0999999999999999,False,23,deficit_governo,p.p. do PIB em relação ao benchmark,100,0.0328221723024547,0.0349768278849596,0.027387598506689485,-0.012520200213586968,0.016471966474662626,0.048068236368063025,0.0732964751341917,0.0027387598506689484,0.02745420299514356,0.03819014160976583,True
choque_10pct_temporario,temporario,0.9,0.0999999999999999,False,23,inflacao,p.p. em relação ao benchmark,100,-0.04330774872840191,-0.038724813014190354,0.09140285900755345,-0.19997057683121433,-0.10712848160295824,0.03229789286685042,0.07947007372664958,0.009140285900755345,-0.06122270909388239,-0.025392788362921432,True
choque_10pct_temporario,temporario,0.9,0.0999999999999999,False,23,pib_real,% em relação ao benchmark,100,-0.23963832532182594,-0.236016237587483,0.06815437200830513,-0.35695006800330603,-0.2844125732142821,-0.1883649881939869,-0.13903216498601212,0.0068154372008305125,-0.25299658223545374,-0.22628006840819814,True
choque_10pct_temporario,temporario,0.9,0.0999999999999999,False,23,taxa_desemprego,p.p. em relação ao benchmark,100,-0.02426265335267176,-0.02178966073963645,0.02778655192368089,-0.07329419281008492,-0.0413345021054015,-0.007813728057642876,0.01990535964808078,0.002778655192368089,-0.029708817529713213,-0.018816489175630304,True
choque_10pct_temporario,temporario,0.9,0.0999999999999999,False,24,deficit_externo,p.p. do PIB em relação ao benchmark,100,-0.05247160360528488,-0.048910569773277054,0.02544536559415519,-0.09892176311876787,-0.06625017592948221,-0.03435235342681485,-0.014853047384902672,0.002544536559415519,-0.0574588952617393,-0.04748431194883047,True
choque_10pct_temporario,temporario,0.9,0.0999999999999999,False,24,deficit_governo,p.p. do PIB em relação ao benchmark,100,0.003803011263382275,0.00990382910407565,0.039767122990725046,-0.08609524510206877,-0.01650871930767845,0.03295470749332598,0.05158342628282198,0.003976712299072505,-0.003991344842799834,0.011597367369564385,False
choque_10pct_temporario,temporario,0.9,0.0999999999999999,False,24,inflacao,p.p. em relação ao benchmark,100,-0.030734103668201607,-0.029103999349699948,0.0832149363406683,-0.1767834499537146,-0.07895919467125198,0.03534230091103423,0.07754499710443281,0.00832149363406683,-0.04704423119097259,-0.01442397614543062,True
choque_10pct_temporario,temporario,0.9,0.0999999999999999,False,24,pib_real,% em relação ao benchmark,100,-0.17806301073126626,-0.1866180659021499,0.05831200518270271,-0.25422817829047645,-0.21336214101670414,-0.14482932350657063,-0.08471170539621711,0.00583120051827027,-0.189492163747076,-0.16663385771545652,True
choque_10pct_temporario,temporario,0.9,0.0999999999999999,False,24,taxa_desemprego,p.p. em relação ao benchmark,100,-0.04865864172068317,-0.0420337631577644,0.038561835617469724,-0.141957234593377,-0.06885891135404332,-0.0206903083271894,-0.004459896236592634,0.0038561835617469723,-0.056216761501707235,-0.0411005219396591,True
choque_10pct_temporario,temporario,0.9,0.0999999999999999,False,25,deficit_externo,p.p. do PIB em relação ao benchmark,100,-0.028207426576054052,-0.033537820737047905,0.026665563732325745,-0.062119646603868615,-0.04457160779572757,-0.012146891029235626,0.028928342647717858,0.0026665563732325747,-0.0334338770675899,-0.022980976084518205,True
choque_10pct_temporario,temporario,0.9,0.0999999999999999,False,25,deficit_governo,p.p. do PIB em relação ao benchmark,100,-0.0158953505387864,-0.007249843584247651,0.0568959982440023,-0.1240465256338028,-0.04747166943390857,0.02388836698138035,0.05599885048228676,0.00568959982440023,-0.027046966194610854,-0.004743734882961948,True
choque_10pct_temporario,temporario,0.9,0.0999999999999999,False,25,inflacao,p.p. em relação ao benchmark,100,0.0022995355718793396,0.0160649735309714,0.06469660074887004,-0.10170752628936736,-0.038779923940823725,0.049873268050543124,0.09503520955488895,0.006469660074887004,-0.010380998174899188,0.014980069318657866,False
choque_10pct_temporario,temporario,0.9,0.0999999999999999,False,25,pib_real,% em relação ao benchmark,100,-0.11785846511785233,-0.1359950839082413,0.09771856192670646,-0.24929107919516244,-0.17960205262868845,-0.07195160742619605,0.07245820583872672,0.009771856192670646,-0.1370113032554868,-0.09870562698021787,True
choque_10pct_temporario,temporario,0.9,0.0999999999999999,False,25,taxa_desemprego,p.p. em relação ao benchmark,100,-0.06636940584010208,-0.05816361153872025,0.05630852924501224,-0.17617371063366763,-0.09168932601337737,-0.026381776745636173,0.0059996290204014134,0.005630852924501224,-0.07740587757212447,-0.05533293410807968,True
choque_20pct_permanente,permanente,0.8,0.1999999999999999,True,0,deficit_externo,p.p. do PIB em relação ao benchmark,100,0.0,0.0,0.0,0.0,0.0,0.0,0.0,0.0,0.0,0.0,False
choque_20pct_permanente,permanente,0.8,0.1999999999999999,True,0,deficit_governo,p.p. do PIB em relação ao benchmark,100,0.0,0.0,0.0,0.0,0.0,0.0,0.0,0.0,0.0,0.0,False
choque_20pct_permanente,permanente,0.8,0.1999999999999999,True,0,inflacao,p.p. em relação ao benchmark,100,0.0,0.0,0.0,0.0,0.0,0.0,0.0,0.0,0.0,0.0,False
choque_20pct_permanente,permanente,0.8,0.1999999999999999,True,0,pib_real,% em relação ao benchmark,100,0.0,0.0,0.0,0.0,0.0,0.0,0.0,0.0,0.0,0.0,False
choque_20pct_permanente,permanente,0.8,0.1999999999999999,True,0,taxa_desemprego,p.p. em relação ao benchmark,100,0.0,0.0,0.0,0.0,0.0,0.0,0.0,0.0,0.0,0.0,False
choque_20pct_permanente,permanente,0.8,0.1999999999999999,True,1,deficit_externo,p.p. do PIB em relação ao benchmark,100,0.0,0.0,0.0,0.0,0.0,0.0,0.0,0.0,0.0,0.0,False
choque_20pct_permanente,permanente,0.8,0.1999999999999999,True,1,deficit_governo,p.p. do PIB em relação ao benchmark,100,0.0,0.0,0.0,0.0,0.0,0.0,0.0,0.0,0.0,0.0,False
choque_20pct_permanente,permanente,0.8,0.1999999999999999,True,1,inflacao,p.p. em relação ao benchmark,100,0.0,0.0,0.0,0.0,0.0,0.0,0.0,0.0,0.0,0.0,False
choque_20pct_permanente,permanente,0.8,0.1999999999999999,True,1,pib_real,% em relação ao benchmark,100,0.0,0.0,0.0,0.0,0.0,0.0,0.0,0.0,0.0,0.0,False
choque_20pct_permanente,permanente,0.8,0.1999999999999999,True,1,taxa_desemprego,p.p. em relação ao benchmark,100,0.0,0.0,0.0,0.0,0.0,0.0,0.0,0.0,0.0,0.0,False
choque_20pct_permanente,permanente,0.8,0.1999999999999999,True,2,deficit_externo,p.p. do PIB em relação ao benchmark,100,0.0,0.0,0.0,0.0,0.0,0.0,0.0,0.0,0.0,0.0,False
choque_20pct_permanente,permanente,0.8,0.1999999999999999,True,2,deficit_governo,p.p. do PIB em relação ao benchmark,100,0.0,0.0,0.0,0.0,0.0,0.0,0.0,0.0,0.0,0.0,False
choque_20pct_permanente,permanente,0.8,0.1999999999999999,True,2,inflacao,p.p. em relação ao benchmark,100,0.0,0.0,0.0,0.0,0.0,0.0,0.0,0.0,0.0,0.0,False
choque_20pct_permanente,permanente,0.8,0.1999999999999999,True,2,pib_real,% em relação ao benchmark,100,0.0,0.0,0.0,0.0,0.0,0.0,0.0,0.0,0.0,0.0,False
choque_20pct_permanente,permanente,0.8,0.1999999999999999,True,2,taxa_desemprego,p.p. em relação ao benchmark,100,0.0,0.0,0.0,0.0,0.0,0.0,0.0,0.0,0.0,0.0,False
choque_20pct_permanente,permanente,0.8,0.1999999999999999,True,3,deficit_externo,p.p. do PIB em relação ao benchmark,100,0.0,0.0,0.0,0.0,0.0,0.0,0.0,0.0,0.0,0.0,False
choque_20pct_permanente,permanente,0.8,0.1999999999999999,True,3,deficit_governo,p.p. do PIB em relação ao benchmark,100,0.0,0.0,0.0,0.0,0.0,0.0,0.0,0.0,0.0,0.0,False
choque_20pct_permanente,permanente,0.8,0.1999999999999999,True,3,inflacao,p.p. em relação ao benchmark,100,0.0,0.0,0.0,0.0,0.0,0.0,0.0,0.0,0.0,0.0,False
choque_20pct_permanente,permanente,0.8,0.1999999999999999,True,3,pib_real,% em relação ao benchmark,100,0.0,0.0,0.0,0.0,0.0,0.0,0.0,0.0,0.0,0.0,False
choque_20pct_permanente,permanente,0.8,0.1999999999999999,True,3,taxa_desemprego,p.p. em relação ao benchmark,100,0.0,0.0,0.0,0.0,0.0,0.0,0.0,0.0,0.0,0.0,False
choque_20pct_permanente,permanente,0.8,0.1999999999999999,True,4,deficit_externo,p.p. do PIB em relação ao benchmark,100,0.0,0.0,0.0,0.0,0.0,0.0,0.0,0.0,0.0,0.0,False
choque_20pct_permanente,permanente,0.8,0.1999999999999999,True,4,deficit_governo,p.p. do PIB em relação ao benchmark,100,0.0,0.0,0.0,0.0,0.0,0.0,0.0,0.0,0.0,0.0,False
choque_20pct_permanente,permanente,0.8,0.1999999999999999,True,4,inflacao,p.p. em relação ao benchmark,100,0.0,0.0,0.0,0.0,0.0,0.0,0.0,0.0,0.0,0.0,False
choque_20pct_permanente,permanente,0.8,0.1999999999999999,True,4,pib_real,% em relação ao benchmark,100,0.0,0.0,0.0,0.0,0.0,0.0,0.0,0.0,0.0,0.0,False
choque_20pct_permanente,permanente,0.8,0.1999999999999999,True,4,taxa_desemprego,p.p. em relação ao benchmark,100,0.0,0.0,0.0,0.0,0.0,0.0,0.0,0.0,0.0,0.0,False
choque_20pct_permanente,permanente,0.8,0.1999999999999999,True,5,deficit_externo,p.p. do PIB em relação ao benchmark,100,-0.017001948719107162,-0.017598589677122148,0.005037397788929442,-0.02683074463654067,-0.019083833746494874,-0.014715908928692175,-0.007409554747784675,0.0005037397788929442,-0.017989278685737332,-0.016014618752476992,True
choque_20pct_permanente,permanente,0.8,0.1999999999999999,True,5,deficit_governo,p.p. do PIB em relação ao benchmark,100,0.15132220603104987,0.15490159539694665,0.027112244691155907,0.1000883538352601,0.13887020582476306,0.16264467278243008,0.1965427747967052,0.002711224469115591,0.14600820607158332,0.15663620599051642,True
choque_20pct_permanente,permanente,0.8,0.1999999999999999,True,5,inflacao,p.p. em relação ao benchmark,100,0.35541060688053294,0.34755928450711515,0.04812026407202028,0.3016180865199824,0.31332922126198204,0.3941370947361411,0.4460230062544479,0.004812026407202028,0.34597903512241696,0.36484217863864893,True
choque_20pct_permanente,permanente,0.8,0.1999999999999999,True,5,pib_real,% em relação ao benchmark,100,-0.47810014117627486,-0.45605529256396715,0.08913081230001053,-0.6111465140105193,-0.5450466132345205,-0.404890976586203,-0.36639137040387626,0.008913081230001053,-0.49556978038707694,-0.4606305019654728,True
choque_20pct_permanente,permanente,0.8,0.1999999999999999,True,5,taxa_desemprego,p.p. em relação ao benchmark,100,0.20755346507930494,0.17015455789231027,0.09841326179981656,0.10909841611000269,0.1384080674713548,0.25905414953872846,0.44613471798482895,0.009841326179981656,0.1882644657665409,0.22684246439206898,True
choque_20pct_permanente,permanente,0.8,0.1999999999999999,True,6,deficit_externo,p.p. do PIB em relação ao benchmark,100,-0.0818392181771736,-0.0743126191853153,0.024607402104675942,-0.13163205259590324,-0.09639302413264213,-0.06532191191248304,-0.05293866041175061,0.002460740210467594,-0.08666226898969008,-0.07701616736465712,True
choque_20pct_permanente,permanente,0.8,0.1999999999999999,True,6,deficit_governo,p.p. do PIB em relação ao benchmark,100,0.39491366729029287,0.3797915663796329,0.05482545845457416,0.31959128105132983,0.36070049931519943,0.4269845344229143,0.4970491325037573,0.005482545845457416,0.38416787743319636,0.4056594571473894,True
choque_20pct_permanente,permanente,0.8,0.1999999999999999,True,6,inflacao,p.p. em relação ao benchmark,100,0.46190169522018953,0.47710684072447274,0.06573988116602772,0.30810625718955653,0.430659061664923,0.5043648785127308,0.5331609063838426,0.006573988116602772,0.4490166785116481,0.47478671192873095,True
choque_20pct_permanente,permanente,0.8,0.1999999999999999,True,6,pib_real,% em relação ao benchmark,100,-0.9630840021089306,-0.9550884436580143,0.05836661886498163,-1.0664176435348394,-1.0062271268780234,-0.9191152962710891,-0.8873968639268248,0.005836661886498163,-0.974523859406467,-0.9516441448113943,True
choque_20pct_permanente,permanente,0.8,0.1999999999999999,True,6,taxa_desemprego,p.p. em relação ao benchmark,100,0.2818719993638145,0.2547358126869015,0.09296076588742479,0.1766228815736505,0.21233964724998267,0.33706566710369995,0.4664081439371079,0.009296076588742479,0.26365168924987925,0.3000923094777498,True
choque_20pct_permanente,permanente,0.8,0.1999999999999999,True,7,deficit_externo,p.p. do PIB em relação ao benchmark,100,-0.12451432211184688,-0.11749427574735624,0.035323076959675404,-0.1964591689245967,-0.14414387950772312,-0.10115372482141347,-0.08023947950202703,0.0035323076959675403,-0.13143764519594325,-0.1175909990277505,True
choque_20pct_permanente,permanente,0.8,0.1999999999999999,True,7,deficit_governo,p.p. do PIB em relação ao benchmark,100,0.4783973894689032,0.4777093742244068,0.06360696645317389,0.3705782189984686,0.44623085508986127,0.5149043834277598,0.5822277863882429,0.006360696645317389,0.46593042404408114,0.49086435489372526,True
choque_20pct_permanente,permanente,0.8,0.1999999999999999,True,7,inflacao,p.p. em relação ao benchmark,100,0.6904769084276938,0.7220612482144451,0.09614346421922594,0.4912109286109034,0.6360674183784221,0.7630138192082081,0.8043102040807648,0.009614346421922593,0.6716327894407256,0.7093210274146621,True
choque_20pct_permanente,permanente,0.8,0.1999999999999999,True,7,pib_real,% em relação ao benchmark,100,-1.5718631831826733,-1.566055781168696,0.05256397436546558,-1.6549162034379894,-1.6065342180996423,-1.5356520758900372,-1.500059373220071,0.005256397436546558,-1.5821657221583045,-1.561560644207042,True
choque_20pct_permanente,permanente,0.8,0.1999999999999999,True,7,taxa_desemprego,p.p. em relação ao benchmark,100,0.36208111438964535,0.3317301825002408,0.11383266992012675,0.209872361135445,0.2924959666604748,0.42089145044808646,0.5832314936404287,0.011383266992012675,0.3397699110853005,0.3843923176939902,True
choque_20pct_permanente,permanente,0.8,0.1999999999999999,True,8,deficit_externo,p.p. do PIB em relação ao benchmark,100,-0.2611670026559371,-0.2494745181841478,0.04699049076896597,-0.34986461562947785,-0.29452485204807183,-0.22565206063955257,-0.19787923075635086,0.004699049076896597,-0.27037713884665443,-0.2519568664652198,True
choque_20pct_permanente,permanente,0.8,0.1999999999999999,True,8,deficit_governo,p.p. do PIB em relação ao benchmark,100,0.6704031945390517,0.6625314096138063,0.07307008776898632,0.5611788286251427,0.6241262747040895,0.7106624284919163,0.8118759210016787,0.0073070087768986325,0.6560814573363304,0.6847249317417731,True
choque_20pct_permanente,permanente,0.8,0.1999999999999999,True,8,inflacao,p.p. em relação ao benchmark,100,0.7367079343431316,0.758823352889415,0.12494093560006561,0.5148230854328406,0.6513063683825648,0.8445864542651949,0.886465160778872,0.012494093560006561,0.7122195109655188,0.7611963577207445,True
choque_20pct_permanente,permanente,0.8,0.1999999999999999,True,8,pib_real,% em relação ao benchmark,100,-2.316825169894824,-2.312268495361164,0.06484405461132907,-2.429836788999699,-2.3582469542616114,-2.2787517073488144,-2.2143107475318473,0.0064844054611329065,-2.3295346045986447,-2.3041157351910035,True
choque_20pct_permanente,permanente,0.8,0.1999999999999999,True,8,taxa_desemprego,p.p. em relação ao benchmark,100,0.5120606373327601,0.48061509179955353,0.12172693569041974,0.3555127980813747,0.428074918547262,0.5748921370343542,0.7566576282203201,0.012172693569041975,0.4882021579374378,0.5359191167280823,True
choque_20pct_permanente,permanente,0.8,0.1999999999999999,True,9,deficit_externo,p.p. do PIB em relação ao benchmark,100,-0.3576324285558373,-0.34862335694498475,0.057250935166075226,-0.4563444914968109,-0.3884799919025437,-0.316138645349036,-0.2834846690277011,0.005725093516607523,-0.36885361184838805,-0.3464112452632866,True
choque_20pct_permanente,permanente,0.8,0.1999999999999999,True,9,deficit_governo,p.p. do PIB em relação ao benchmark,100,0.7846896117815448,0.7693057382256424,0.06649523073335714,0.691643012503325,0.740562547845286,0.8253074473003392,0.8796277449080736,0.006649523073335714,0.7716565465578068,0.7977226770052829,True
choque_20pct_permanente,permanente,0.8,0.1999999999999999,True,9,inflacao,p.p. em relação ao benchmark,100,0.8041280396092882,0.8142925572774851,0.14883549675089175,0.5437185007618284,0.713153096954261,0.9176460858388358,0.9977927854822544,0.014883549675089175,0.7749562822461135,0.833299796972463,True
choque_20pct_permanente,permanente,0.8,0.1999999999999999,True,9,pib_real,% em relação ao benchmark,100,-3.094004318226652,-3.0942290029402413,0.07477244542541527,-3.220167203447851,-3.1439517426005232,-3.0385583986319937,-2.978911730202191,0.0074772445425415265,-3.1086597175300335,-3.079348918923271,True
choque_20pct_permanente,permanente,0.8,0.1999999999999999,True,9,taxa_desemprego,p.p. em relação ao benchmark,100,0.6535649052557456,0.6359288194134873,0.10641093648083165,0.4986930027408041,0.5830791792442718,0.7166849429209619,0.8408826674734295,0.010641093648083164,0.6327083617055026,0.6744214488059886,True
choque_20pct_permanente,permanente,0.8,0.1999999999999999,True,10,deficit_externo,p.p. do PIB em relação ao benchmark,100,-0.4936955539879596,-0.47562677070820875,0.06905254657196813,-0.6229665734311427,-0.5284418285487166,-0.44447499239921173,-0.40720078506890983,0.006905254657196813,-0.5072298531160654,-0.48016125485985384,True
choque_20pct_permanente,permanente,0.8,0.1999999999999999,True,10,deficit_governo,p.p. do PIB em relação ao benchmark,100,0.8949532198722437,0.8922961116056921,0.07467585278781112,0.7727174845004392,0.8512455423059055,0.9483525095903645,1.018925288384797,0.0074675852787811125,0.8803167527258328,0.9095896870186547,True
choque_20pct_permanente,permanente,0.8,0.1999999999999999,True,10,inflacao,p.p. em relação ao benchmark,100,0.7890742589832351,0.8127912728123299,0.1725182112545353,0.4612539367720536,0.692109962418741,0.9267760719392282,1.0118414535321263,0.01725182112545353,0.7552606895773462,0.8228878283891241,True
choque_20pct_permanente,permanente,0.8,0.1999999999999999,True,10,pib_real,% em relação ao benchmark,100,-3.8449361976911023,-3.8380073152338765,0.1016636075501618,-4.009150946030593,-3.9163823505382442,-3.7746700620900877,-3.688552557386925,0.010166360755016179,-3.864862264770934,-3.8250101306112705,True
choque_20pct_permanente,permanente,0.8,0.1999999999999999,True,10,taxa_desemprego,p.p. em relação ao benchmark,100,0.830026404787294,0.8023540203788329,0.127143689271269,0.6408450804596436,0.7444181937931609,0.9147131219449549,1.067041291381874,0.012714368927126901,0.8051062416901252,0.8549465678844627,True
choque_20pct_permanente,permanente,0.8,0.1999999999999999,True,11,deficit_externo,p.p. do PIB em relação ao benchmark,100,-0.6006914734502148,-0.5875748384126858,0.07749309191084189,-0.7549382148748203,-0.6454060154891281,-0.5395521631457223,-0.5012098347429251,0.007749309191084189,-0.6158801194647398,-0.5855028274356898,True
choque_20pct_permanente,permanente,0.8,0.1999999999999999,True,11,deficit_governo,p.p. do PIB em relação ao benchmark,100,0.9508093589606061,0.9406174323275367,0.08562815250609516,0.8248276022891086,0.893480829463935,1.0015770409075357,1.104895517011603,0.008562815250609517,0.9340262410694115,0.9675924768518008,True
choque_20pct_permanente,permanente,0.8,0.1999999999999999,True,11,inflacao,p.p. em relação ao benchmark,100,0.797026035019428,0.8359239049752887,0.19379427019507886,0.4186264680412088,0.708105622182531,0.9275583858281422,1.051830764724928,0.019379427019507886,0.7590423580611926,0.8350097119776635,True
choque_20pct_permanente,permanente,0.8,0.1999999999999999,True,11,pib_real,% em relação ao benchmark,100,-4.540333724266571,-4.531446081626056,0.1273821386502833,-4.770725577178786,-4.629574722110472,-4.453328040772328,-4.343265180914375,0.01273821386502833,-4.565300623442027,-4.515366825091115,True
choque_20pct_permanente,permanente,0.8,0.1999999999999999,True,11,taxa_desemprego,p.p. em relação ao benchmark,100,1.0024300713942984,0.9852220998743243,0.1446607348068021,0.8015490738858572,0.9003093481619318,1.0796594856040205,1.2424419955906292,0.01446607348068021,0.9740765673721652,1.0307835754164316,True
choque_20pct_permanente,permanente,0.8,0.1999999999999999,True,12,deficit_externo,p.p. do PIB em relação ao benchmark,100,-0.7306276921554874,-0.7190097439697891,0.08861638007315757,-0.8682621874616177,-0.7971253216597476,-0.660276170016106,-0.606903635674814,0.008861638007315757,-0.7479965026498263,-0.7132588816611485,True
choque_20pct_permanente,permanente,0.8,0.1999999999999999,True,12,deficit_governo,p.p. do PIB em relação ao benchmark,100,1.0087183042511836,1.0069384767098108,0.10713340639069467,0.8577387274228636,0.9277478458888162,1.0763616136255114,1.2036579258953837,0.010713340639069467,0.9877201565986075,1.0297164519037598,True
choque_20pct_permanente,permanente,0.8,0.1999999999999999,True,12,inflacao,p.p. em relação ao benchmark,100,0.7778839528474066,0.8224046267389817,0.21746168796693355,0.40806370534566483,0.6526684943243211,0.94002824295637,1.0591576411163186,0.021746168796693353,0.7352614620058877,0.8205064436889256,True
choque_20pct_permanente,permanente,0.8,0.1999999999999999,True,12,pib_real,% em relação ao benchmark,100,-5.222617016525096,-5.214433985547295,0.16243934105791247,-5.483684586724266,-5.325796915680811,-5.114260703054388,-4.988747424678258,0.016243934105791245,-5.254455127372446,-5.190778905677745,True
choque_20pct_permanente,permanente,0.8,0.1999999999999999,True,12,taxa_desemprego,p.p. em relação ao benchmark,100,1.1834780151379654,1.1580327057983788,0.16512369326056806,0.9361608471792382,1.0669928013022143,1.283493093468234,1.4410366148122666,0.016512369326056806,1.151113771258894,1.2158422590170368,True
choque_20pct_permanente,permanente,0.8,0.1999999999999999,True,13,deficit_externo,p.p. do PIB em relação ao benchmark,100,-0.879373930511842,-0.8643367521853449,0.09923398846535077,-1.0414221242370902,-0.9500690944349438,-0.8095713454028401,-0.7305314879724916,0.009923398846535076,-0.8988237922510507,-0.8599240687726333,True
choque_20pct_permanente,permanente,0.8,0.1999999999999999,True,13,deficit_governo,p.p. do PIB em relação ao benchmark,100,1.0832300756706688,1.0707481965260834,0.12748980757945416,0.9078704635962321,0.989217615628324,1.166601696260499,1.2838662475791278,0.012748980757945417,1.0582420733850957,1.1082180779562418,True
choque_20pct_permanente,permanente,0.8,0.1999999999999999,True,13,inflacao,p.p. em relação ao benchmark,100,0.7239749613618922,0.745490377816127,0.2515678597946619,0.27341905631552027,0.5691048192660642,0.8955390596384782,1.0873322761397697,0.02515678597946619,0.6746676608421385,0.773282261881646,True
choque_20pct_permanente,permanente,0.8,0.1999999999999999,True,13,pib_real,% em relação ao benchmark,100,-5.987920189244083,-5.9878757129403155,0.21136645157202005,-6.334865997278388,-6.130616149732674,-5.829766149376859,-5.680350014530401,0.021136645157202004,-6.029348013752199,-5.946492364735968,True
choque_20pct_permanente,permanente,0.8,0.1999999999999999,True,13,taxa_desemprego,p.p. em relação ao benchmark,100,1.393595974773439,1.3686648733333402,0.1788274719210238,1.101695596226047,1.2723104642207463,1.5055037477530084,1.7269831720515285,0.01788274719210238,1.3585457902769182,1.4286461592699597,True
choque_20pct_permanente,permanente,0.8,0.1999999999999999,True,14,deficit_externo,p.p. do PIB em relação ao benchmark,100,-1.0846053524261647,-1.066131886234329,0.11219505419882432,-1.2482832416894472,-1.155305230195513,-1.009002610032621,-0.9213353898798113,0.011219505419882432,-1.1065955830491343,-1.0626151218031952,True
choque_20pct_permanente,permanente,0.8,0.1999999999999999,True,14,deficit_governo,p.p. do PIB em relação ao benchmark,100,1.2000365421035784,1.2203854273283326,0.13439196562227027,1.0153161159938267,1.085032630224415,1.270714064639699,1.426080077193998,0.013439196562227026,1.1736957168416133,1.2263773673655434,True
choque_20pct_permanente,permanente,0.8,0.1999999999999999,True,14,inflacao,p.p. em relação ao benchmark,100,0.49558983080348007,0.5033874679689965,0.30785866588316935,0.02231648718197253,0.2750986396223676,0.7402512276152462,0.9363420442904603,0.030785866588316935,0.4352495322903789,0.5559301293165813,True
choque_20pct_permanente,permanente,0.8,0.1999999999999999,True,14,pib_real,% em relação ao benchmark,100,-6.85073718981487,-6.869734476068773,0.2345491131834539,-7.22466052836484,-7.025252950036704,-6.637306368500412,-6.507641729958977,0.02345491131834539,-6.896708815998827,-6.804765563630913,True
choque_20pct_permanente,permanente,0.8,0.1999999999999999,True,14,taxa_desemprego,p.p. em relação ao benchmark,100,1.6074417921765372,1.5950043838405294,0.18364710670452072,1.3189886377644393,1.4810590117466642,1.7343532829199215,1.9556162470346201,0.01836471067045207,1.5714469592624511,1.6434366250906232,True
choque_20pct_permanente,permanente,0.8,0.1999999999999999,True,15,deficit_externo,p.p. do PIB em relação ao benchmark,100,-1.3303735793925295,-1.3163614642095427,0.12480126571285857,-1.5440280402223856,-1.415442362072854,-1.2405814954195202,-1.159382556312614,0.012480126571285857,-1.3548346274722498,-1.3059125313128093,True
choque_20pct_permanente,permanente,0.8,0.1999999999999999,True,15,deficit_governo,p.p. do PIB em relação ao benchmark,100,1.289698329501781,1.287655765161687,0.1143625937563958,1.1346044604250476,1.1979508087687045,1.360374418630062,1.4866655967114422,0.011436259375639581,1.2672832611255274,1.3121133978780346,True
choque_20pct_permanente,permanente,0.8,0.1999999999999999,True,15,inflacao,p.p. em relação ao benchmark,100,-0.04800247816041203,-0.05104041855958915,0.40498191699886243,-0.7076796917727113,-0.3314912250203639,0.2609835685105977,0.5596564875934251,0.04049819169988624,-0.12737893389218907,0.031373977571364994,False
choque_20pct_permanente,permanente,0.8,0.1999999999999999,True,15,pib_real,% em relação ao benchmark,100,-7.446764194305371,-7.432965899073546,0.22522423909491263,-7.845553522332188,-7.613992893399285,-7.261690986641875,-7.11024277643607,0.022522423909491263,-7.490908145167974,-7.402620243442768,True
choque_20pct_permanente,permanente,0.8,0.1999999999999999,True,15,taxa_desemprego,p.p. em relação ao benchmark,100,1.7139758107998704,1.682024758749484,0.18185403728478527,1.4230855054613774,1.5905469433186008,1.8763399560461869,1.981173482887056,0.018185403728478527,1.6783324194920524,1.7496192021076884,True
choque_20pct_permanente,permanente,0.8,0.1999999999999999,True,16,deficit_externo,p.p. do PIB em relação ao benchmark,100,-1.7474429076468825,-1.730374691462882,0.15653625089131074,-2.0146704720465367,-1.8531927590298498,-1.6368214124374791,-1.5531352479030314,0.015653625089131075,-1.7781240128215794,-1.7167618024721856,True
choque_20pct_permanente,permanente,0.8,0.1999999999999999,True,16,deficit_governo,p.p. do PIB em relação ao benchmark,100,1.4422499000950149,1.440712648279332,0.12522592937616808,1.2397721408197366,1.3601611553479374,1.5236357426760512,1.644698289017734,0.012522592937616808,1.417705617937286,1.4667941822527437,True
choque_20pct_permanente,permanente,0.8,0.1999999999999999,True,16,inflacao,p.p. em relação ao benchmark,100,-1.2151637993173827,-1.108335719543807,0.5176421524866771,-2.0565756899820875,-1.6526941202707868,-0.8104350963601514,-0.49876069415155655,0.051764215248667714,-1.3166216612047714,-1.113705937429994,True
choque_20pct_permanente,permanente,0.8,0.1999999999999999,True,16,pib_real,% em relação ao benchmark,100,-7.972487276190675,-7.967810825074883,0.20178867402815054,-8.277938767868458,-8.104834586219434,-7.823644823042935,-7.682343432369514,0.020178867402815055,-8.012037856300193,-7.932936696081157,True
choque_20pct_permanente,permanente,0.8,0.1999999999999999,True,16,taxa_desemprego,p.p. em relação ao benchmark,100,1.5747428919449595,1.5725806021584008,0.1972523065700057,1.2913396194700457,1.4550285887844179,1.7241077304128831,1.8641113599505885,0.01972523065700057,1.5360814398572384,1.6134043440326806,True
choque_20pct_permanente,permanente,0.8,0.1999999999999999,True,17,deficit_externo,p.p. do PIB em relação ao benchmark,100,-2.3578270281258735,-2.3651807797632936,0.18455041935613442,-2.68453460634232,-2.4872540238603946,-2.229097025770406,-2.064278895956252,0.018455041935613443,-2.393998910319676,-2.321655145932071,True
choque_20pct_permanente,permanente,0.8,0.1999999999999999,True,17,deficit_governo,p.p. do PIB em relação ao benchmark,100,1.4501187196889098,1.4642149816186243,0.1793501505798909,1.06349252604223,1.3564790337232744,1.5778984119036936,1.677961480037469,0.01793501505798909,1.4149660901752512,1.4852713492025684,True
choque_20pct_permanente,permanente,0.8,0.1999999999999999,True,17,inflacao,p.p. em relação ao benchmark,100,-2.96729876182122,-3.011599529101394,0.6020468665408824,-3.9508069295860335,-3.3862724289295376,-2.5435055443296273,-2.119964417684196,0.060204686654088235,-3.085299947663233,-2.849297575979207,True
choque_20pct_permanente,permanente,0.8,0.1999999999999999,True,17,pib_real,% em relação ao benchmark,100,-8.647722568677938,-8.616024610520256,0.21922557587430386,-8.96373951622141,-8.804520387787578,-8.502997122050878,-8.312263541017614,0.021922557587430384,-8.690690781549302,-8.604754355806575,True
choque_20pct_permanente,permanente,0.8,0.1999999999999999,True,17,taxa_desemprego,p.p. em relação ao benchmark,100,1.1889879731168833,1.1950295470837955,0.19357194041304104,0.8792731753914054,1.0681096301810808,1.3266015162897078,1.4567917945774538,0.019357194041304104,1.1510478727959272,1.2269280734378394,True
choque_20pct_permanente,permanente,0.8,0.1999999999999999,True,18,deficit_externo,p.p. do PIB em relação ao benchmark,100,-2.8922210248243836,-2.880895699104176,0.17825203010932145,-3.190474367633567,-2.992131332007653,-2.7871774640804388,-2.6085822274674797,0.017825203010932145,-2.9271584227258107,-2.8572836269229565,True
choque_20pct_permanente,permanente,0.8,0.1999999999999999,True,18,deficit_governo,p.p. do PIB em relação ao benchmark,100,0.8961774369644712,0.8918151172902498,0.3056084286584,0.31354013514388307,0.704453987129856,1.155852786889703,1.316039862455887,0.030560842865839998,0.8362781849474248,0.9560766889815175,True
choque_20pct_permanente,permanente,0.8,0.1999999999999999,True,18,inflacao,p.p. em relação ao benchmark,100,-4.666065145891767,-4.586513749021936,0.5762339207167665,-5.726516465280058,-4.995609363535014,-4.275953306222674,-4.0048135292904545,0.057623392071676646,-4.779006994352253,-4.553123297431281,True
choque_20pct_permanente,permanente,0.8,0.1999999999999999,True,18,pib_real,% em relação ao benchmark,100,-9.01240275663873,-9.066518702031384,0.27737491470053155,-9.363580932888164,-9.236948754007814,-8.876173573040987,-8.44911759023293,0.027737491470053156,-9.066768239920034,-8.958037273357426,True
choque_20pct_permanente,permanente,0.8,0.1999999999999999,True,18,taxa_desemprego,p.p. em relação ao benchmark,100,0.609359766810144,0.6321687878985411,0.213033165863479,0.2355440621365413,0.4653745758772016,0.7816481520587011,0.8903771153862106,0.0213033165863479,0.5676052663009021,0.6511142673193859,True
choque_20pct_permanente,permanente,0.8,0.1999999999999999,True,19,deficit_externo,p.p. do PIB em relação ao benchmark,100,-2.90599375223002,-2.9395113895504643,0.233438509583642,-3.2299600596359257,-3.0610939545679052,-2.7649071424652396,-2.513568194108968,0.0233438509583642,-2.951747700108414,-2.860239804351626,True
choque_20pct_permanente,permanente,0.8,0.1999999999999999,True,19,deficit_governo,p.p. do PIB em relação ao benchmark,100,-0.11790043172707229,-0.10103773979244775,0.33045658355470586,-0.5691916488723602,-0.3749425730129749,0.09947774103578395,0.3793013341786034,0.03304565835547059,-0.18266992210379462,-0.053130941350349944,True
choque_20pct_permanente,permanente,0.8,0.1999999999999999,True,19,inflacao,p.p. em relação ao benchmark,100,-5.10891509554145,-5.0944913212503495,0.6110125078399635,-6.121363562446654,-5.514890700538749,-4.663637194930653,-4.178844913756223,0.06110125078399635,-5.228673547078083,-4.989156644004817,True
choque_20pct_permanente,permanente,0.8,0.1999999999999999,True,19,pib_real,% em relação ao benchmark,100,-8.759206426545521,-8.815812203819878,0.43132996319704153,-9.35429679781756,-9.07834415788194,-8.467817734260505,-8.000268571883796,0.04313299631970415,-8.843747099332141,-8.674665753758902,True
choque_20pct_permanente,permanente,0.8,0.1999999999999999,True,19,taxa_desemprego,p.p. em relação ao benchmark,100,-0.05475753891709162,-0.040544471535271895,0.2641193762123706,-0.48813452041835803,-0.2564973424207341,0.1154406307680667,0.3594893207840058,0.026411937621237058,-0.10652493665471625,-0.0029901411794669847,True
choque_20pct_permanente,permanente,0.8,0.1999999999999999,True,20,deficit_externo,p.p. do PIB em relação ao benchmark,100,-2.418504484892823,-2.427928807916146,0.31491799838739204,-2.875308693672354,-2.6681947579348426,-2.1693898946686296,-1.9372264502975938,0.031491799838739204,-2.480228412576752,-2.3567805572088942,True
choque_20pct_permanente,permanente,0.8,0.1999999999999999,True,20,deficit_governo,p.p. do PIB em relação ao benchmark,100,-0.8311583681765944,-0.8369139266650921,0.33792440725541883,-1.3743463244848453,-1.0313676466927677,-0.6475666993493154,-0.32546138599479335,0.033792440725541883,-0.8973915519986565,-0.7649251843545323,True
choque_20pct_permanente,permanente,0.8,0.1999999999999999,True,20,inflacao,p.p. em relação ao benchmark,100,-4.124880990368377,-4.191129205303012,0.7981474659790924,-5.399119046800641,-4.704219790089226,-3.60347692746269,-2.8578278999475484,0.07981474659790924,-4.281317893700279,-3.9684440870364748,True
choque_20pct_permanente,permanente,0.8,0.1999999999999999,True,20,pib_real,% em relação ao benchmark,100,-7.837383482723157,-7.895662602913761,0.6324635842238974,-8.746703011644207,-8.349439241045914,-7.3094662442861615,-6.839359897790555,0.06324635842238974,-7.961346345231041,-7.713420620215274,True
choque_20pct_permanente,permanente,0.8,0.1999999999999999,True,20,taxa_desemprego,p.p. em relação ao benchmark,100,-0.5611595805129896,-0.5821302572288751,0.2921152520901688,-1.0411625216801625,-0.710210622792272,-0.38170587826573,-0.12445747720575699,0.029211525209016882,-0.6184141699226627,-0.5039049911033165,True
choque_20pct_permanente,permanente,0.8,0.1999999999999999,True,21,deficit_externo,p.p. do PIB em relação ao benchmark,100,-1.6225460762748976,-1.6378054921868554,0.3536442714336332,-2.162676366381717,-1.8705454612608687,-1.3484499030222175,-1.0552383124288363,0.03536442714336332,-1.6918603534758896,-1.5532317990739055,True
choque_20pct_permanente,permanente,0.8,0.1999999999999999,True,21,deficit_governo,p.p. do PIB em relação ao benchmark,100,-1.280112084865617,-1.2675513477037712,0.32735537160838163,-1.8135644802653605,-1.5093722896524429,-1.0715786306172508,-0.7137502054852871,0.032735537160838164,-1.3442737377008598,-1.215950432030374,True
choque_20pct_permanente,permanente,0.8,0.1999999999999999,True,21,inflacao,p.p. em relação ao benchmark,100,-2.1735239869438523,-2.1346184203976826,0.9128296476443868,-3.4913629797844745,-2.751565280789242,-1.4691716422060517,-0.8105279003900513,0.09128296476443867,-2.352438597882152,-1.9946093760055525,True
choque_20pct_permanente,permanente,0.8,0.1999999999999999,True,21,pib_real,% em relação ao benchmark,100,-6.351777088048793,-6.383588896298331,0.7358458768185498,-7.547897533648222,-6.884376117474659,-5.757796373288474,-5.266920183028121,0.07358458768185498,-6.496002879905229,-6.207551296192357,True
choque_20pct_permanente,permanente,0.8,0.1999999999999999,True,21,taxa_desemprego,p.p. em relação ao benchmark,100,-1.0395107019259222,-1.0389255467467078,0.32691053244954915,-1.608431608180501,-1.2665250738017413,-0.8105579761776289,-0.4933377953857915,0.032691053244954915,-1.1035851662860339,-0.9754362375658105,True
choque_20pct_permanente,permanente,0.8,0.1999999999999999,True,22,deficit_externo,p.p. do PIB em relação ao benchmark,100,-0.7367444711494664,-0.7316811159471224,0.3436051929378512,-1.342003838916983,-0.9592387982517974,-0.5137057318504077,-0.221502140708883,0.03436051929378512,-0.8040910889652853,-0.6693978533336475,True
choque_20pct_permanente,permanente,0.8,0.1999999999999999,True,22,deficit_governo,p.p. do PIB em relação ao benchmark,100,-1.6831634532826678,-1.681245009096993,0.316747688023046,-2.194131198760924,-1.8951435099594862,-1.5253750722938642,-1.107011488880671,0.0316747688023046,-1.7452460001351848,-1.6210809064301508,True
choque_20pct_permanente,permanente,0.8,0.1999999999999999,True,22,inflacao,p.p. em relação ao benchmark,100,0.29277867363187204,0.3574588273639767,0.9472942055397933,-1.2826597309287935,-0.2599570309185228,0.9294660779186281,1.8066818258478479,0.09472942055397933,0.10710900934607256,0.4784483379176715,True
choque_20pct_permanente,permanente,0.8,0.1999999999999999,True,22,pib_real,% em relação ao benchmark,100,-5.08172056327033,-4.981096788367478,0.7061133259588263,-6.176571255729334,-5.570157005661974,-4.658022696181916,-3.836657095792961,0.07061133259588262,-5.22011877515826,-4.9433223513824,True
choque_20pct_permanente,permanente,0.8,0.1999999999999999,True,22,taxa_desemprego,p.p. em relação ao benchmark,100,-1.4361765558492496,-1.4393894471917807,0.3508275235455651,-2.0403129219746234,-1.6341470465531094,-1.2291200478241153,-0.8313529140704587,0.03508275235455651,-1.5049387504641805,-1.3674143612343188,True
choque_20pct_permanente,permanente,0.8,0.1999999999999999,True,23,deficit_externo,p.p. do PIB em relação ao benchmark,100,-0.08135497383673851,-0.04253972849140545,0.29576090837821806,-0.5649943701919218,-0.30648569714836216,0.1181832615956642,0.4081469651423226,0.029576090837821804,-0.13932411187886923,-0.023385835794607776,True
choque_20pct_permanente,permanente,0.8,0.1999999999999999,True,23,deficit_governo,p.p. do PIB em relação ao benchmark,100,-1.5913701397265447,-1.6042911419856436,0.4117017465900197,-2.2401688967877798,-1.8410425455672537,-1.3050576336161366,-0.8804916473968181,0.04117017465900197,-1.6720636820581887,-1.5106765973949008,True
choque_20pct_permanente,permanente,0.8,0.1999999999999999,True,23,inflacao,p.p. em relação ao benchmark,100,2.702577006479204,2.7752913100418386,0.8612658844697393,1.0033367702889184,2.2236565574062563,3.2133543531597697,4.005270120837735,0.08612658844697393,2.5337688931231352,2.871385119835273,True
choque_20pct_permanente,permanente,0.8,0.1999999999999999,True,23,pib_real,% em relação ao benchmark,100,-4.786876719680116,-4.829686695731844,0.75931711748151,-6.189963717344324,-5.309092194205598,-4.262182036139273,-3.6821683399671463,0.075931711748151,-4.935702874706492,-4.6380505646537395,True
choque_20pct_permanente,permanente,0.8,0.1999999999999999,True,23,taxa_desemprego,p.p. em relação ao benchmark,100,-1.2889079295413028,-1.282638981617295,0.4538541242570218,-2.033087995703472,-1.5912417815666624,-1.0378133750681562,-0.4015169429012931,0.04538541242570218,-1.377863337895679,-1.1999525211869266,True
choque_20pct_permanente,permanente,0.8,0.1999999999999999,True,24,deficit_externo,p.p. do PIB em relação ao benchmark,100,0.06428226420397462,0.08483504011655199,0.3311066611075231,-0.5334017678492381,-0.11864677623982532,0.3039214091702848,0.5028723490257689,0.033110666110752314,-0.0006146413730999112,0.12917916978104915,False
choque_20pct_permanente,permanente,0.8,0.1999999999999999,True,24,deficit_governo,p.p. do PIB em relação ao benchmark,100,-0.7295468017679299,-0.740962971360723,0.5595308335340177,-1.6662580641538052,-1.1094651380540297,-0.36073515975765036,0.19544010882124424,0.05595308335340177,-0.8392148451405973,-0.6198787583952624,True
choque_20pct_permanente,permanente,0.8,0.1999999999999999,True,24,inflacao,p.p. em relação ao benchmark,100,4.575484267466811,4.521547359333122,0.7411462219340521,3.3203052386756196,4.090745222045333,5.087540185907796,5.770585720342677,0.07411462219340521,4.430219607967737,4.720748926965885,True
choque_20pct_permanente,permanente,0.8,0.1999999999999999,True,24,pib_real,% em relação ao benchmark,100,-6.032211918140101,-5.928889182509561,1.079336042409869,-8.016317688476052,-6.622945854572501,-5.331042393153471,-4.402981863569737,0.1079336042409869,-6.243761782452435,-5.820662053827767,True
choque_20pct_permanente,permanente,0.8,0.1999999999999999,True,24,taxa_desemprego,p.p. em relação ao benchmark,100,-0.3818012353380269,-0.3934158729530915,0.6093036657992523,-1.3787520413134573,-0.7826402168992121,0.0060641720214773005,0.6728510674321563,0.06093036657992523,-0.5012247538346803,-0.26237771684137345,True
choque_20pct_permanente,permanente,0.8,0.1999999999999999,True,25,deficit_externo,p.p. do PIB em relação ao benchmark,100,-0.5358334543950056,-0.47646704832483733,0.5012257989332503,-1.336120760255725,-0.8309232710065256,-0.23081786806639548,0.2143680867451316,0.050122579893325026,-0.6340737109859227,-0.43759319780408856,True
choque_20pct_permanente,permanente,0.8,0.1999999999999999,True,25,deficit_governo,p.p. do PIB em relação ao benchmark,100,0.7725789968501542,0.7389634760525038,0.6720849742629039,-0.24340602680440934,0.24059795665797434,1.2645726407020546,1.8573836534397579,0.0672084974262904,0.640850341894625,0.9043076518056834,True
choque_20pct_permanente,permanente,0.8,0.1999999999999999,True,25,inflacao,p.p. em relação ao benchmark,100,5.357105556412324,5.365852261633586,0.7937936537654106,4.0161275740147975,4.933847370432954,5.826675921544777,6.444639653604882,0.07937936537654106,5.201522000274304,5.512689112550344,True
choque_20pct_permanente,permanente,0.8,0.1999999999999999,True,25,pib_real,% em relação ao benchmark,100,-9.093562743656786,-9.13621346219507,1.5673554835433396,-11.46565686032831,-10.121477965607621,-8.061218163712889,-6.289260970155878,0.15673554835433395,-9.400764418431281,-8.786361068882291,True
choque_20pct_permanente,permanente,0.8,0.1999999999999999,True,25,taxa_desemprego,p.p. em relação ao benchmark,100,1.1444438141363378,1.1651131527282255,0.7142354314620951,-0.017302359862626834,0.5777128338073523,1.601340181975509,2.2968103535457765,0.07142354314620951,1.0044536695697672,1.2844339587029083,True
choque_20pct_temporario,temporario,0.8,0.1999999999999999,False,0,deficit_externo,p.p. do PIB em relação ao benchmark,100,0.0,0.0,0.0,0.0,0.0,0.0,0.0,0.0,0.0,0.0,False
choque_20pct_temporario,temporario,0.8,0.1999999999999999,False,0,deficit_governo,p.p. do PIB em relação ao benchmark,100,0.0,0.0,0.0,0.0,0.0,0.0,0.0,0.0,0.0,0.0,False
choque_20pct_temporario,temporario,0.8,0.1999999999999999,False,0,inflacao,p.p. em relação ao benchmark,100,0.0,0.0,0.0,0.0,0.0,0.0,0.0,0.0,0.0,0.0,False
choque_20pct_temporario,temporario,0.8,0.1999999999999999,False,0,pib_real,% em relação ao benchmark,100,0.0,0.0,0.0,0.0,0.0,0.0,0.0,0.0,0.0,0.0,False
choque_20pct_temporario,temporario,0.8,0.1999999999999999,False,0,taxa_desemprego,p.p. em relação ao benchmark,100,0.0,0.0,0.0,0.0,0.0,0.0,0.0,0.0,0.0,0.0,False
choque_20pct_temporario,temporario,0.8,0.1999999999999999,False,1,deficit_externo,p.p. do PIB em relação ao benchmark,100,0.0,0.0,0.0,0.0,0.0,0.0,0.0,0.0,0.0,0.0,False
choque_20pct_temporario,temporario,0.8,0.1999999999999999,False,1,deficit_governo,p.p. do PIB em relação ao benchmark,100,0.0,0.0,0.0,0.0,0.0,0.0,0.0,0.0,0.0,0.0,False
choque_20pct_temporario,temporario,0.8,0.1999999999999999,False,1,inflacao,p.p. em relação ao benchmark,100,0.0,0.0,0.0,0.0,0.0,0.0,0.0,0.0,0.0,0.0,False
choque_20pct_temporario,temporario,0.8,0.1999999999999999,False,1,pib_real,% em relação ao benchmark,100,0.0,0.0,0.0,0.0,0.0,0.0,0.0,0.0,0.0,0.0,False
choque_20pct_temporario,temporario,0.8,0.1999999999999999,False,1,taxa_desemprego,p.p. em relação ao benchmark,100,0.0,0.0,0.0,0.0,0.0,0.0,0.0,0.0,0.0,0.0,False
choque_20pct_temporario,temporario,0.8,0.1999999999999999,False,2,deficit_externo,p.p. do PIB em relação ao benchmark,100,0.0,0.0,0.0,0.0,0.0,0.0,0.0,0.0,0.0,0.0,False
choque_20pct_temporario,temporario,0.8,0.1999999999999999,False,2,deficit_governo,p.p. do PIB em relação ao benchmark,100,0.0,0.0,0.0,0.0,0.0,0.0,0.0,0.0,0.0,0.0,False
choque_20pct_temporario,temporario,0.8,0.1999999999999999,False,2,inflacao,p.p. em relação ao benchmark,100,0.0,0.0,0.0,0.0,0.0,0.0,0.0,0.0,0.0,0.0,False
choque_20pct_temporario,temporario,0.8,0.1999999999999999,False,2,pib_real,% em relação ao benchmark,100,0.0,0.0,0.0,0.0,0.0,0.0,0.0,0.0,0.0,0.0,False
choque_20pct_temporario,temporario,0.8,0.1999999999999999,False,2,taxa_desemprego,p.p. em relação ao benchmark,100,0.0,0.0,0.0,0.0,0.0,0.0,0.0,0.0,0.0,0.0,False
choque_20pct_temporario,temporario,0.8,0.1999999999999999,False,3,deficit_externo,p.p. do PIB em relação ao benchmark,100,0.0,0.0,0.0,0.0,0.0,0.0,0.0,0.0,0.0,0.0,False
choque_20pct_temporario,temporario,0.8,0.1999999999999999,False,3,deficit_governo,p.p. do PIB em relação ao benchmark,100,0.0,0.0,0.0,0.0,0.0,0.0,0.0,0.0,0.0,0.0,False
choque_20pct_temporario,temporario,0.8,0.1999999999999999,False,3,inflacao,p.p. em relação ao benchmark,100,0.0,0.0,0.0,0.0,0.0,0.0,0.0,0.0,0.0,0.0,False
choque_20pct_temporario,temporario,0.8,0.1999999999999999,False,3,pib_real,% em relação ao benchmark,100,0.0,0.0,0.0,0.0,0.0,0.0,0.0,0.0,0.0,0.0,False
choque_20pct_temporario,temporario,0.8,0.1999999999999999,False,3,taxa_desemprego,p.p. em relação ao benchmark,100,0.0,0.0,0.0,0.0,0.0,0.0,0.0,0.0,0.0,0.0,False
choque_20pct_temporario,temporario,0.8,0.1999999999999999,False,4,deficit_externo,p.p. do PIB em relação ao benchmark,100,0.0,0.0,0.0,0.0,0.0,0.0,0.0,0.0,0.0,0.0,False
choque_20pct_temporario,temporario,0.8,0.1999999999999999,False,4,deficit_governo,p.p. do PIB em relação ao benchmark,100,0.0,0.0,0.0,0.0,0.0,0.0,0.0,0.0,0.0,0.0,False
choque_20pct_temporario,temporario,0.8,0.1999999999999999,False,4,inflacao,p.p. em relação ao benchmark,100,0.0,0.0,0.0,0.0,0.0,0.0,0.0,0.0,0.0,0.0,False
choque_20pct_temporario,temporario,0.8,0.1999999999999999,False,4,pib_real,% em relação ao benchmark,100,0.0,0.0,0.0,0.0,0.0,0.0,0.0,0.0,0.0,0.0,False
choque_20pct_temporario,temporario,0.8,0.1999999999999999,False,4,taxa_desemprego,p.p. em relação ao benchmark,100,0.0,0.0,0.0,0.0,0.0,0.0,0.0,0.0,0.0,0.0,False
choque_20pct_temporario,temporario,0.8,0.1999999999999999,False,5,deficit_externo,p.p. do PIB em relação ao benchmark,100,-0.017001948719107162,-0.017598589677122148,0.005037397788929442,-0.02683074463654067,-0.019083833746494874,-0.014715908928692175,-0.007409554747784675,0.0005037397788929442,-0.017989278685737332,-0.016014618752476992,True
choque_20pct_temporario,temporario,0.8,0.1999999999999999,False,5,deficit_governo,p.p. do PIB em relação ao benchmark,100,0.15132220603104987,0.15490159539694665,0.027112244691155907,0.1000883538352601,0.13887020582476306,0.16264467278243008,0.1965427747967052,0.002711224469115591,0.14600820607158332,0.15663620599051642,True
choque_20pct_temporario,temporario,0.8,0.1999999999999999,False,5,inflacao,p.p. em relação ao benchmark,100,0.35541060688053294,0.34755928450711515,0.04812026407202028,0.3016180865199824,0.31332922126198204,0.3941370947361411,0.4460230062544479,0.004812026407202028,0.34597903512241696,0.36484217863864893,True
choque_20pct_temporario,temporario,0.8,0.1999999999999999,False,5,pib_real,% em relação ao benchmark,100,-0.47810014117627486,-0.45605529256396715,0.08913081230001053,-0.6111465140105193,-0.5450466132345205,-0.404890976586203,-0.36639137040387626,0.008913081230001053,-0.49556978038707694,-0.4606305019654728,True
choque_20pct_temporario,temporario,0.8,0.1999999999999999,False,5,taxa_desemprego,p.p. em relação ao benchmark,100,0.20755346507930494,0.17015455789231027,0.09841326179981656,0.10909841611000269,0.1384080674713548,0.25905414953872846,0.44613471798482895,0.009841326179981656,0.1882644657665409,0.22684246439206898,True
choque_20pct_temporario,temporario,0.8,0.1999999999999999,False,6,deficit_externo,p.p. do PIB em relação ao benchmark,100,-0.075308612422619,-0.07026987061394095,0.02158004952669268,-0.12324737381732795,-0.08703604230287583,-0.06010006423862225,-0.04958382568442399,0.002158004952669268,-0.07953830212985077,-0.07107892271538724,True
choque_20pct_temporario,temporario,0.8,0.1999999999999999,False,6,deficit_governo,p.p. do PIB em relação ao benchmark,100,0.30888018966331054,0.29941751946031336,0.039354858715130135,0.26452754852371574,0.28190252445363484,0.32642647230936744,0.38333627132391346,0.0039354858715130135,0.30116663735514504,0.31659374197147605,True
choque_20pct_temporario,temporario,0.8,0.1999999999999999,False,6,inflacao,p.p. em relação ao benchmark,100,-0.0224079193330815,-0.00804086131274135,0.06907968404905739,-0.1668790673800513,-0.05012590155663015,0.0216318864988573,0.07323223543746363,0.006907968404905739,-0.03594753740669675,-0.008868301259466254,True
choque_20pct_temporario,temporario,0.8,0.1999999999999999,False,6,pib_real,% em relação ao benchmark,100,-0.3380287996345148,-0.3317157394424119,0.05115352564531369,-0.4429650595680856,-0.35806585264306073,-0.30166654564400264,-0.2725636266269426,0.005115352564531369,-0.3480548906609963,-0.3280027086080333,True
choque_20pct_temporario,temporario,0.8,0.1999999999999999,False,6,taxa_desemprego,p.p. em relação ao benchmark,100,0.03795533360164544,0.0459158972990196,0.03277798895903946,-0.03610775235194063,0.022579383828365898,0.062081737292612627,0.07670561156165287,0.003277798895903946,0.031530847765673706,0.04437981943761718,True
choque_20pct_temporario,temporario,0.8,0.1999999999999999,False,7,deficit_externo,p.p. do PIB em relação ao benchmark,100,-0.06529731195878175,-0.06568320765914859,0.010552123828769628,-0.07899218851497822,-0.07060017156226565,-0.0581340822974762,-0.05005603690460191,0.0010552123828769628,-0.0673655282292206,-0.0632290956883429,True
choque_20pct_temporario,temporario,0.8,0.1999999999999999,False,7,deficit_governo,p.p. do PIB em relação ao benchmark,100,0.15743094714171296,0.1785969440567414,0.06616981021631749,0.022787377178497836,0.11770606437217637,0.2012714443268375,0.241371240140819,0.0066169810216317486,0.14446166433931473,0.1704002299441112,True
choque_20pct_temporario,temporario,0.8,0.1999999999999999,False,7,inflacao,p.p. em relação ao benchmark,100,0.09729993931374943,0.1033639040303069,0.06285970382026283,-0.014652069619375175,0.054644487849914075,0.1424832257622743,0.18813926936524056,0.006285970382026283,0.08497943736497791,0.10962044126252095,True
choque_20pct_temporario,temporario,0.8,0.1999999999999999,False,7,pib_real,% em relação ao benchmark,100,-0.4097453427359231,-0.41425221209046564,0.0797921553989759,-0.5485987650020285,-0.4667422252055159,-0.3527005392953891,-0.2798159644670195,0.00797921553989759,-0.4253846051941224,-0.3941060802777238,True
choque_20pct_temporario,temporario,0.8,0.1999999999999999,False,7,taxa_desemprego,p.p. em relação ao benchmark,100,0.059147464612501525,0.07196310578635245,0.057942576198124644,-0.0629192020965138,0.02987826812698085,0.10226916438102952,0.1258832980274847,0.005794257619812464,0.0477907196776691,0.07050420954733395,True
choque_20pct_temporario,temporario,0.8,0.1999999999999999,False,8,deficit_externo,p.p. do PIB em relação ao benchmark,100,-0.18354704618526224,-0.18154550910686656,0.01329927267244369,-0.19885243994640364,-0.18886562601346843,-0.1760784775546822,-0.16707651381594815,0.001329927267244369,-0.1861537036290612,-0.1809403887414633,True
choque_20pct_temporario,temporario,0.8,0.1999999999999999,False,8,deficit_governo,p.p. do PIB em relação ao benchmark,100,0.332199420287979,0.3354252482484853,0.031162517274261472,0.2742322489813408,0.3159248961735233,0.3510695181845696,0.3802353152484683,0.003116251727426147,0.32609156690222374,0.33830727367373425,True
choque_20pct_temporario,temporario,0.8,0.1999999999999999,False,8,inflacao,p.p. em relação ao benchmark,100,-0.052890205370335265,-0.0377781324800152,0.0638242691218055,-0.163475390233414,-0.09485408776757627,-0.0012821598950384853,0.01993879736631341,0.00638242691218055,-0.06539976211820914,-0.040380648622461386,True
choque_20pct_temporario,temporario,0.8,0.1999999999999999,False,8,pib_real,% em relação ao benchmark,100,-0.6828066139250568,-0.6930425827366637,0.08375928377298437,-0.8095572339814189,-0.7440008121729652,-0.6295682409186043,-0.5478287937506843,0.008375928377298437,-0.6992234335445617,-0.6663897943055519,True
choque_20pct_temporario,temporario,0.8,0.1999999999999999,False,8,taxa_desemprego,p.p. em relação ao benchmark,100,0.17713925317591833,0.17734272124869105,0.031007524282558728,0.12275451009956984,0.15555823192227275,0.20091308026549048,0.22300223101292238,0.0031007524282558726,0.17106177841653683,0.18321672793529983,True
choque_20pct_temporario,temporario,0.8,0.1999999999999999,False,9,deficit_externo,p.p. do PIB em relação ao benchmark,100,-0.14688378037415112,-0.14552642134721136,0.02110894421270398,-0.1790811847968984,-0.16151842411055842,-0.13402142613538542,-0.1106230151132794,0.0021108944212703982,-0.1510211334398411,-0.14274642730846113,True
choque_20pct_temporario,temporario,0.8,0.1999999999999999,False,9,deficit_governo,p.p. do PIB em relação ao benchmark,100,0.26883608389097996,0.2660613257917429,0.02931379899934728,0.22651280505569038,0.24536791473514574,0.2901245193058975,0.31542980711549906,0.002931379899934728,0.2630905792871079,0.27458158849485204,True
choque_20pct_temporario,temporario,0.8,0.1999999999999999,False,9,inflacao,p.p. em relação ao benchmark,100,0.008466424039972768,0.019205991494009,0.05563077021821373,-0.0909330095025229,-0.025322819324513576,0.051834744759343604,0.07695423247588201,0.0055630770218213724,-0.0024372069227971208,0.019370055002742657,False
choque_20pct_temporario,temporario,0.8,0.1999999999999999,False,9,pib_real,% em relação ao benchmark,100,-0.8352697966604465,-0.8438083520400819,0.07494669715059246,-0.9420193582683446,-0.8938519799449512,-0.780294185352251,-0.7055882990969315,0.007494669715059246,-0.8499593493019627,-0.8205802440189304,True
choque_20pct_temporario,temporario,0.8,0.1999999999999999,False,9,taxa_desemprego,p.p. em relação ao benchmark,100,0.18010631770900656,0.18002234108439386,0.036116401659316115,0.127332402777408,0.1522702012753642,0.20286314215886833,0.2355819008045723,0.0036116401659316115,0.1730275029837806,0.18718513243423252,True
choque_20pct_temporario,temporario,0.8,0.1999999999999999,False,10,deficit_externo,p.p. do PIB em relação ao benchmark,100,-0.20136991854891634,-0.2017774532615248,0.02097062207551067,-0.23076868264859332,-0.21241669338420824,-0.18766097086362887,-0.16903687419139968,0.002097062207551067,-0.20548016047571643,-0.19725967662211624,True
choque_20pct_temporario,temporario,0.8,0.1999999999999999,False,10,deficit_governo,p.p. do PIB em relação ao benchmark,100,0.2506756203206322,0.25079926823563525,0.030981472861777336,0.2065281304469533,0.23086984289926443,0.27087999822326747,0.30283570676739896,0.0030981472861777337,0.24460325163972382,0.25674798900154056,True
choque_20pct_temporario,temporario,0.8,0.1999999999999999,False,10,inflacao,p.p. em relação ao benchmark,100,-0.09851184345379367,-0.0941043644043793,0.05577446967165807,-0.17621099900910758,-0.12126146248357388,-0.06471382092599338,-0.02350507461551623,0.005577446967165807,-0.10944363950943865,-0.08758004739814869,True
choque_20pct_temporario,temporario,0.8,0.1999999999999999,False,10,pib_real,% em relação ao benchmark,100,-0.8870924603409595,-0.8878770844382045,0.06712735368414721,-0.9799647229392394,-0.9418079078581887,-0.8450769394645147,-0.7558487596842961,0.0067127353684147215,-0.9002494216630523,-0.8739354990188666,True
choque_20pct_temporario,temporario,0.8,0.1999999999999999,False,10,taxa_desemprego,p.p. em relação ao benchmark,100,0.14430858923005924,0.13959201759409784,0.040591322207989874,0.07530539170248844,0.11955046735005467,0.16491512083331294,0.21956024603137428,0.004059132220798988,0.13635269007729323,0.15226448838282525,True
choque_20pct_temporario,temporario,0.8,0.1999999999999999,False,11,deficit_externo,p.p. do PIB em relação ao benchmark,100,-0.1589083382846465,-0.1604873297160863,0.023035857337575266,-0.19029481203984205,-0.1750431162604048,-0.14403131604955183,-0.11845668174247458,0.0023035857337575264,-0.16342336632281126,-0.15439331024648176,True
choque_20pct_temporario,temporario,0.8,0.1999999999999999,False,11,deficit_governo,p.p. do PIB em relação ao benchmark,100,0.12734942862030496,0.12429190834596646,0.031338693729989923,0.08401996642049472,0.1094551069041709,0.14833804301231165,0.1801011212791581,0.0031338693729989924,0.12120704464922694,0.13349181259138299,True
choque_20pct_temporario,temporario,0.8,0.1999999999999999,False,11,inflacao,p.p. em relação ao benchmark,100,-0.07298789661770175,-0.07031164533307649,0.05360708470258061,-0.14671751430019528,-0.10476215353381052,-0.04631335921109755,0.016128891221626102,0.005360708470258061,-0.08349488521940755,-0.06248090801599595,True
choque_20pct_temporario,temporario,0.8,0.1999999999999999,False,11,pib_real,% em relação ao benchmark,100,-0.810327530947641,-0.8085993772710465,0.056099388465572386,-0.8909659051156171,-0.8533439089707773,-0.7712054270927748,-0.7234547040113359,0.0056099388465572384,-0.8213230110868932,-0.7993320508083888,True
choque_20pct_temporario,temporario,0.8,0.1999999999999999,False,11,taxa_desemprego,p.p. em relação ao benchmark,100,0.05174176829672923,0.04829632301409645,0.03940372118147149,-0.003034039679667884,0.028670688481473923,0.07451523855154515,0.1267420627429176,0.003940372118147149,0.044018638945160816,0.05946489764829765,True
choque_20pct_temporario,temporario,0.8,0.1999999999999999,False,12,deficit_externo,p.p. do PIB em relação ao benchmark,100,-0.1512500917235945,-0.1512864510316439,0.01922925901983772,-0.1801335267486696,-0.16067245643985403,-0.1387350878616927,-0.12403111515430364,0.001922925901983772,-0.1550190264914827,-0.1474811569557063,True
choque_20pct_temporario,temporario,0.8,0.1999999999999999,False,12,deficit_governo,p.p. do PIB em relação ao benchmark,100,0.05678764428387391,0.05688884570495265,0.02764061291413304,0.008186971581631276,0.038912224182755625,0.07421044657851948,0.10194063525799693,0.002764061291413304,0.05137008415270383,0.062205204415043985,True
choque_20pct_temporario,temporario,0.8,0.1999999999999999,False,12,inflacao,p.p. em relação ao benchmark,100,-0.11163658184908627,-0.11290824480665315,0.055180027691815195,-0.19449731270369747,-0.14178317454908712,-0.07975759728194858,-0.03211407959911706,0.00551800276918152,-0.12245186727668206,-0.10082129642149049,True
choque_20pct_temporario,temporario,0.8,0.1999999999999999,False,12,pib_real,% em relação ao benchmark,100,-0.6423924853406201,-0.6436292629553808,0.04765187747325632,-0.7114253524464825,-0.6678940709956283,-0.6216711201577685,-0.5643159130431491,0.004765187747325632,-0.6517322533253783,-0.6330527173558619,True
choque_20pct_temporario,temporario,0.8,0.1999999999999999,False,12,taxa_desemprego,p.p. em relação ao benchmark,100,-0.053931584780724864,-0.0533551790244737,0.03319939310572445,-0.10593637860192369,-0.07717182779304115,-0.033218342029593624,-0.001668206825317736,0.003319939310572445,-0.060438665829446854,-0.047424503732002875,True
choque_20pct_temporario,temporario,0.8,0.1999999999999999,False,13,deficit_externo,p.p. do PIB em relação ao benchmark,100,-0.07877617668636144,-0.0807930839434509,0.017662770027442987,-0.10526320263043944,-0.09114823278605202,-0.07004273030097105,-0.04732088029342869,0.0017662770027442986,-0.08223807961174028,-0.07531427376098261,True
choque_20pct_temporario,temporario,0.8,0.1999999999999999,False,13,deficit_governo,p.p. do PIB em relação ao benchmark,100,-0.06374837678703112,-0.060120710452531104,0.039174598080234116,-0.13570227875661958,-0.08965342879992122,-0.03474588507818557,-0.00875049046241083,0.003917459808023412,-0.071426598010757,-0.05607015556330523,True
choque_20pct_temporario,temporario,0.8,0.1999999999999999,False,13,inflacao,p.p. em relação ao benchmark,100,-0.04984157924217866,-0.0528401648739351,0.04874295595544425,-0.12139193137037596,-0.07875294938763375,-0.01351402254998745,0.02650913413157816,0.004874295595544425,-0.05939519860944574,-0.040287959874911586,True
choque_20pct_temporario,temporario,0.8,0.1999999999999999,False,13,pib_real,% em relação ao benchmark,100,-0.40505030500095685,-0.41414677848216064,0.06684422381796168,-0.504041243021609,-0.45004919746746697,-0.35555330161125825,-0.2919877453225461,0.006684422381796168,-0.41815177286927735,-0.39194883713263634,True
choque_20pct_temporario,temporario,0.8,0.1999999999999999,False,13,taxa_desemprego,p.p. em relação ao benchmark,100,-0.17606612692017204,-0.1760155589757478,0.04094041163914618,-0.24995818017042537,-0.20413099603838886,-0.14460955497666844,-0.11862341491349332,0.0040940411639146185,-0.1840904476014447,-0.1680418062388994,True
choque_20pct_temporario,temporario,0.8,0.1999999999999999,False,14,deficit_externo,p.p. do PIB em relação ao benchmark,100,-0.04882562254482593,-0.0502874641462999,0.02267518498338115,-0.08515291301628652,-0.0638469931817563,-0.03571415707349245,-0.012632622557427817,0.0022675184983381147,-0.05326995880156864,-0.04438128628808323,True
choque_20pct_temporario,temporario,0.8,0.1999999999999999,False,14,deficit_governo,p.p. do PIB em relação ao benchmark,100,-0.09537180206713321,-0.09610850747694685,0.05478166727817065,-0.1751717125365033,-0.13215645859239658,-0.05115697730332725,-0.004893260618072737,0.005478166727817065,-0.10610900885365465,-0.08463459528061176,True
choque_20pct_temporario,temporario,0.8,0.1999999999999999,False,14,inflacao,p.p. em relação ao benchmark,100,0.003707151927794462,0.00652723052551035,0.0393077181306927,-0.0748233962486411,-0.0212630826921855,0.02620401620506135,0.05845529936561169,0.0039307718130692695,-0.003997160825821307,0.01141146468141023,False
choque_20pct_temporario,temporario,0.8,0.1999999999999999,False,14,pib_real,% em relação ao benchmark,100,-0.24260214719020928,-0.22905623017296925,0.10708037147342206,-0.4085964708667372,-0.3193508640309123,-0.16776990184326213,-0.08078181194353433,0.010708037147342206,-0.263589899999,-0.22161439438141856,True
choque_20pct_temporario,temporario,0.8,0.1999999999999999,False,14,taxa_desemprego,p.p. em relação ao benchmark,100,-0.25026545129161,-0.246268987143073,0.059921666420525585,-0.3503469868505621,-0.2882940215554751,-0.2090655059838748,-0.1532304003940078,0.005992166642052559,-0.262010097910033,-0.23852080467318698,True
choque_20pct_temporario,temporario,0.8,0.1999999999999999,False,15,deficit_externo,p.p. do PIB em relação ao benchmark,100,-0.03217536896759984,-0.031673865275422056,0.03380985784811743,-0.07995802655251809,-0.059517630620046724,-0.0088900176533049,0.025423150805107604,0.003380985784811743,-0.03880210110583086,-0.025548636829368827,True
choque_20pct_temporario,temporario,0.8,0.1999999999999999,False,15,deficit_governo,p.p. do PIB em relação ao benchmark,100,-0.06777905869058794,-0.06038518050836825,0.05876519464652337,-0.1691071565538269,-0.10424007257591043,-0.0247662029468617,0.016447519857625537,0.005876519464652337,-0.07929703684130651,-0.056261080539869356,True
choque_20pct_temporario,temporario,0.8,0.1999999999999999,False,15,inflacao,p.p. em relação ao benchmark,100,0.14412696823926224,0.13743759428689323,0.05084743516550735,0.06361839982561013,0.10593113035757265,0.17718965981361467,0.22782517859521453,0.0050847435165507346,0.1341608709468228,0.15409306553170168,True
choque_20pct_temporario,temporario,0.8,0.1999999999999999,False,15,pib_real,% em relação ao benchmark,100,-0.3671007957248475,-0.3818314429267833,0.13769928570149448,-0.5538012045654489,-0.4751784159466671,-0.2769532078463282,-0.1124925728822885,0.013769928570149447,-0.3940898557223404,-0.3401117357273546,True
choque_20pct_temporario,temporario,0.8,0.1999999999999999,False,15,taxa_desemprego,p.p. em relação ao benchmark,100,-0.21798183356870576,-0.2134293393093074,0.07140576394628337,-0.3373282062260702,-0.2637054478383266,-0.16240365161216408,-0.11815439191895727,0.007140576394628337,-0.2319773633021773,-0.20398630383523422,True
choque_20pct_temporario,temporario,0.8,0.1999999999999999,False,16,deficit_externo,p.p. do PIB em relação ao benchmark,100,-0.050024275537540595,-0.05683249458670925,0.03978491180674417,-0.10366220544151979,-0.07933039428046215,-0.02580291491317585,0.014064300031035239,0.003978491180674417,-0.057822118251662454,-0.04222643282341874,True
choque_20pct_temporario,temporario,0.8,0.1999999999999999,False,16,deficit_governo,p.p. do PIB em relação ao benchmark,100,0.018789159381723045,0.0288160273438663,0.052192150047815966,-0.07341103857684386,-0.014018196977592899,0.056103780462406175,0.09318373681566139,0.005219215004781596,0.008559497972351117,0.029018820791094975,True
choque_20pct_temporario,temporario,0.8,0.1999999999999999,False,16,inflacao,p.p. em relação ao benchmark,100,0.27829686843246715,0.2751023108556905,0.09821541077534893,0.1261099230500739,0.20832732916863378,0.3300074220625781,0.44897275637652223,0.009821541077534893,0.25904664792049875,0.29754708894443554,True
choque_20pct_temporario,temporario,0.8,0.1999999999999999,False,16,pib_real,% em relação ao benchmark,100,-0.5101274010825705,-0.5270137103534356,0.08363710846400216,-0.629031457605545,-0.5682374648617955,-0.45602791931325654,-0.35761683395822086,0.008363710846400215,-0.5265202743415149,-0.4937345278236261,True
choque_20pct_temporario,temporario,0.8,0.1999999999999999,False,16,taxa_desemprego,p.p. em relação ao benchmark,100,-0.1005050983625437,-0.09101006338421315,0.05694989384396481,-0.20639555351508787,-0.14037730999133227,-0.06443071263282862,-0.020829362627129224,0.005694989384396481,-0.11166727755596081,-0.0893429191691266,True
choque_20pct_temporario,temporario,0.8,0.1999999999999999,False,17,deficit_externo,p.p. do PIB em relação ao benchmark,100,-0.05102289543770318,-0.05836291865944836,0.04374677068469191,-0.11097812021735898,-0.086110232876498,-0.019735864711619925,0.02531194368777163,0.004374677068469191,-0.059597262491902794,-0.04244852838350356,True
choque_20pct_temporario,temporario,0.8,0.1999999999999999,False,17,deficit_governo,p.p. do PIB em relação ao benchmark,100,0.12564994492939233,0.12385946125226735,0.049018410890351576,0.04919365801274326,0.08375957307362422,0.1648670298801585,0.2007953726753219,0.004901841089035157,0.11604233639488341,0.13525755346390123,True
choque_20pct_temporario,temporario,0.8,0.1999999999999999,False,17,inflacao,p.p. em relação ao benchmark,100,0.36580587507655404,0.3616226618936791,0.15359200151075056,0.1466032238272951,0.2559778419701619,0.44760591934957517,0.6134658949021032,0.015359200151075055,0.33570184278044696,0.39590990737266113,True
choque_20pct_temporario,temporario,0.8,0.1999999999999999,False,17,pib_real,% em relação ao benchmark,100,-0.5764272426382696,-0.5725530209782281,0.07091671375750525,-0.6775020820689059,-0.6287577772735808,-0.5229842951325364,-0.4582196795755899,0.007091671375750524,-0.5903269185347406,-0.5625275667417986,True
choque_20pct_temporario,temporario,0.8,0.1999999999999999,False,17,taxa_desemprego,p.p. em relação ao benchmark,100,0.011372071216112056,0.007984371417770201,0.03933909143575512,-0.05464942474068859,-0.016097208679093374,0.03750050464694138,0.07223588657903578,0.003933909143575512,0.0036616092947040534,0.01908253313752006,True
choque_20pct_temporario,temporario,0.8,0.1999999999999999,False,18,deficit_externo,p.p. do PIB em relação ao benchmark,100,-0.09539943014367597,-0.1050865041722065,0.04229416804257421,-0.15177740537185636,-0.12846599014026103,-0.06766907745537071,-0.0180080810868166,0.004229416804257421,-0.10368908708002052,-0.08710977320733142,True
choque_20pct_temporario,temporario,0.8,0.1999999999999999,False,18,deficit_governo,p.p. do PIB em relação ao benchmark,100,0.2351753753730786,0.2278508351971034,0.07669078656969296,0.12497380896031884,0.1808657050209921,0.28191821308216036,0.3698534405202562,0.007669078656969296,0.22014398120541878,0.2502067695407384,True
choque_20pct_temporario,temporario,0.8,0.1999999999999999,False,18,inflacao,p.p. em relação ao benchmark,100,0.2745729981502778,0.24964871652741744,0.15742457311207686,0.026390509271404464,0.15529355125989958,0.3765636330595234,0.5555596733974455,0.015742457311207686,0.24371778182031073,0.3054282144802449,True
choque_20pct_temporario,temporario,0.8,0.1999999999999999,False,18,pib_real,% em relação ao benchmark,100,-0.6308616548852871,-0.6339175650008633,0.07346926607609386,-0.7649445555804629,-0.6721373165653549,-0.5831570162927152,-0.5180936419092885,0.007346926607609386,-0.6452616310362015,-0.6164616787343727,True
choque_20pct_temporario,temporario,0.8,0.1999999999999999,False,18,taxa_desemprego,p.p. em relação ao benchmark,100,0.05685104593481363,0.0505129057288042,0.05654996665667406,-0.022790630454281483,0.011039963448147925,0.10126607739564072,0.15582003346441076,0.005654996665667406,0.04576725247010552,0.06793483939952175,True
choque_20pct_temporario,temporario,0.8,0.1999999999999999,False,19,deficit_externo,p.p. do PIB em relação ao benchmark,100,-0.14128149698396744,-0.13925168805488214,0.038308890892072504,-0.2045512834960078,-0.16333615041024185,-0.1177548687414092,-0.08276620912574734,0.0038308890892072506,-0.14879003959881365,-0.13377295436912123,True
choque_20pct_temporario,temporario,0.8,0.1999999999999999,False,19,deficit_governo,p.p. do PIB em relação ao benchmark,100,0.2026714113108083,0.19039413104529607,0.09460537680382149,0.08735233329001514,0.13494339879063788,0.2551878863442443,0.3708698467953605,0.009460537680382148,0.1841287574572593,0.2212140651643573,True
choque_20pct_temporario,temporario,0.8,0.1999999999999999,False,19,inflacao,p.p. em relação ao benchmark,100,0.12018477956105621,0.11228118547061955,0.11755892494231497,-0.04741537695095443,0.0323486089617797,0.19361109973310417,0.34319297262227483,0.011755892494231496,0.09714323027236248,0.14322632884974995,True
choque_20pct_temporario,temporario,0.8,0.1999999999999999,False,19,pib_real,% em relação ao benchmark,100,-0.6519505972583495,-0.6308929705673483,0.10121724768294313,-0.8751388398527588,-0.6953721823713316,-0.5892231584218921,-0.5253985042695686,0.010121724768294312,-0.6717891778042063,-0.6321120167124926,True
choque_20pct_temporario,temporario,0.8,0.1999999999999999,False,19,taxa_desemprego,p.p. em relação ao benchmark,100,0.023213818335328932,0.0126826898264535,0.0672807687094202,-0.07009898075555236,-0.026725197083452328,0.06313290118289155,0.14931422209612955,0.006728076870942019,0.010026787668282574,0.03640084900237529,True
choque_20pct_temporario,temporario,0.8,0.1999999999999999,False,20,deficit_externo,p.p. do PIB em relação ao benchmark,100,-0.1686453792329371,-0.1559066841468273,0.052950513826344074,-0.28467742578224753,-0.19592042918978952,-0.12892635879731587,-0.10899797848695489,0.005295051382634407,-0.17902367994290053,-0.15826707852297367,True
choque_20pct_temporario,temporario,0.8,0.1999999999999999,False,20,deficit_governo,p.p. do PIB em relação ao benchmark,100,0.12666076667697757,0.1260261509234375,0.08463204740352102,0.004863083109061301,0.05985820281867095,0.17487976063745228,0.2709811169352843,0.008463204740352103,0.11007288538588744,0.1432486479680677,True
choque_20pct_temporario,temporario,0.8,0.1999999999999999,False,20,inflacao,p.p. em relação ao benchmark,100,0.005604160046918319,0.02398454809025,0.10943731238982363,-0.2135362467117518,-0.04388551462314313,0.06406537172350399,0.15534323142805226,0.010943731238982363,-0.015845553181487115,0.02705387327532375,False
choque_20pct_temporario,temporario,0.8,0.1999999999999999,False,20,pib_real,% em relação ao benchmark,100,-0.678321328864184,-0.6573321059147819,0.15215455217724566,-0.963706395376544,-0.7698837028649985,-0.5630256394119154,-0.49182273500102125,0.015215455217724567,-0.7081436210909241,-0.6484990366374438,True
choque_20pct_temporario,temporario,0.8,0.1999999999999999,False,20,taxa_desemprego,p.p. em relação ao benchmark,100,-0.010964030570440169,-0.01471876774041255,0.07026844807511605,-0.10852928967755032,-0.06375301564052775,0.03386397632510332,0.09739056715286663,0.007026844807511605,-0.024736646393162913,0.0028085852522825774,False
choque_20pct_temporario,temporario,0.8,0.1999999999999999,False,21,deficit_externo,p.p. do PIB em relação ao benchmark,100,-0.17120987311407818,-0.1625248586871476,0.06987779557203137,-0.3001222321854874,-0.20559592376292077,-0.1133727185395506,-0.0906766640956541,0.006987779557203137,-0.18490592104619633,-0.15751382518196003,True
choque_20pct_temporario,temporario,0.8,0.1999999999999999,False,21,deficit_governo,p.p. do PIB em relação ao benchmark,100,0.10865753132278658,0.09751539574500001,0.08221837379701073,-0.008904536654621554,0.052417701981858425,0.15428359154509297,0.2695873462839704,0.008221837379701074,0.09254273005857247,0.12477233258700068,True
choque_20pct_temporario,temporario,0.8,0.1999999999999999,False,21,inflacao,p.p. em relação ao benchmark,100,-0.046806465076424164,-0.0164785162761638,0.14218947432268092,-0.36763846202532585,-0.1307304860314606,0.060302746818546776,0.1388201427209623,0.014218947432268092,-0.07467560204366963,-0.018937328109178704,True
choque_20pct_temporario,temporario,0.8,0.1999999999999999,False,21,pib_real,% em relação ao benchmark,100,-0.64935586042113,-0.6303337626889449,0.19044000089357285,-0.9989304245081716,-0.7573729023198472,-0.5005353841472548,-0.4058114278926289,0.019044000089357284,-0.6866821005962703,-0.6120296202459897,True
choque_20pct_temporario,temporario,0.8,0.1999999999999999,False,21,taxa_desemprego,p.p. em relação ao benchmark,100,-0.01309379257400859,-0.0208295639752206,0.07957148763858264,-0.12816237732349695,-0.07137672600835102,0.034968661789167674,0.1384988652724142,0.007957148763858264,-0.028689804151170787,0.002502219003153606,False
choque_20pct_temporario,temporario,0.8,0.1999999999999999,False,22,deficit_externo,p.p. do PIB em relação ao benchmark,100,-0.15762000256698472,-0.15530770015942755,0.07848671591163545,-0.29822508642416756,-0.19720316980707436,-0.09633802838214503,-0.05273923888435359,0.007848671591163545,-0.17300339888566527,-0.14223660624830417,True
choque_20pct_temporario,temporario,0.8,0.1999999999999999,False,22,deficit_governo,p.p. do PIB em relação ao benchmark,100,0.09185527226798565,0.07894469223389125,0.07585399668754496,-0.020821539083811194,0.034225114174755975,0.1372068043848824,0.22739053729986675,0.007585399668754496,0.07698788891722684,0.10672265561874446,True
choque_20pct_temporario,temporario,0.8,0.1999999999999999,False,22,inflacao,p.p. em relação ao benchmark,100,-0.06575867985914985,-0.0423929587235583,0.17827717328257567,-0.39288239063335334,-0.15729229547727924,0.06532840928472058,0.1477879333365571,0.017827717328257567,-0.10070100582253469,-0.030816353895765015,True
choque_20pct_temporario,temporario,0.8,0.1999999999999999,False,22,pib_real,% em relação ao benchmark,100,-0.5635683104602699,-0.5455246250431756,0.1794772701435053,-0.8946795414613751,-0.6624629173221736,-0.43145553192413805,-0.3018733229011921,0.01794772701435053,-0.598745855408397,-0.5283907655121428,True
choque_20pct_temporario,temporario,0.8,0.1999999999999999,False,22,taxa_desemprego,p.p. em relação ao benchmark,100,-0.039620531833081965,-0.05228038928801535,0.07336609746102798,-0.15268437694099735,-0.0924844520076063,0.01193418357501165,0.08475278347728953,0.0073366097461027985,-0.05400028693544345,-0.02524077673072048,True
choque_20pct_temporario,temporario,0.8,0.1999999999999999,False,23,deficit_externo,p.p. do PIB em relação ao benchmark,100,-0.12333975472934884,-0.1110606680300007,0.07050889952915257,-0.2511074298092406,-0.1590546594719652,-0.07879794929480458,-0.011032235160245684,0.0070508899529152565,-0.13715949903706273,-0.10952001042163494,True
choque_20pct_temporario,temporario,0.8,0.1999999999999999,False,23,deficit_governo,p.p. do PIB em relação ao benchmark,100,0.03299146827602356,0.0408691974945085,0.06366027682314261,-0.08814240057628053,-0.00337247229875365,0.07511608360476894,0.1174432113660313,0.006366027682314261,0.02051405401868761,0.04546888253335951,True
choque_20pct_temporario,temporario,0.8,0.1999999999999999,False,23,inflacao,p.p. em relação ao benchmark,100,-0.04133306388551694,-0.03426112293343215,0.18922578838604232,-0.3850545264132932,-0.1436302767544806,0.1102305484523724,0.1977227039902861,0.01892257883860423,-0.07842131840918123,-0.004244809361852647,True
choque_20pct_temporario,temporario,0.8,0.1999999999999999,False,23,pib_real,% em relação ao benchmark,100,-0.45274854035877893,-0.43354336579532465,0.14061444566330292,-0.6933189584060462,-0.5492943158401126,-0.3363447803119978,-0.2691098230303374,0.014061444566330291,-0.4803089717087863,-0.4251881090087716,True
choque_20pct_temporario,temporario,0.8,0.1999999999999999,False,23,taxa_desemprego,p.p. em relação ao benchmark,100,-0.09127551976104219,-0.08694279161298929,0.06541494574552192,-0.20546542282783797,-0.13148800409168504,-0.05033545525919345,-0.002484109327176503,0.006541494574552192,-0.10409684912716448,-0.0784541903949199,True
choque_20pct_temporario,temporario,0.8,0.1999999999999999,False,24,deficit_externo,p.p. do PIB em relação ao benchmark,100,-0.08078974730555447,-0.07473812658472584,0.056958650755854885,-0.17436150029347933,-0.1202167604063922,-0.0372147420936655,0.0030772958763302157,0.005695865075585489,-0.09195364285370203,-0.0696258517574069,True
choque_20pct_temporario,temporario,0.8,0.1999999999999999,False,24,deficit_governo,p.p. do PIB em relação ao benchmark,100,-0.01474834315281598,0.00547631537279875,0.0870614792782766,-0.20895298139793392,-0.05746229772536768,0.0501794628541753,0.09824335393087065,0.00870614792782766,-0.03181239309135819,0.0023157067857262313,False
choque_20pct_temporario,temporario,0.8,0.1999999999999999,False,24,inflacao,p.p. em relação ao benchmark,100,0.011093943231405222,0.02500570826965415,0.1740847025639561,-0.3077969599939811,-0.06759828065092673,0.14418820606267865,0.2584269338195232,0.017408470256395612,-0.023026658471130175,0.04521454493394062,False
choque_20pct_temporario,temporario,0.8,0.1999999999999999,False,24,pib_real,% em relação ao benchmark,100,-0.335617933846161,-0.346711718542203,0.13525575493365194,-0.5107272954693415,-0.4221373978360393,-0.267945393977842,-0.04100365783001379,0.013525575493365194,-0.36212806181315677,-0.30910780587916525,True
choque_20pct_temporario,temporario,0.8,0.1999999999999999,False,24,taxa_desemprego,p.p. em relação ao benchmark,100,-0.13175034433730853,-0.10579545505071945,0.08522387715180192,-0.3193820507502723,-0.17497204200446856,-0.06937495375720842,-0.027611066011000027,0.008522387715180192,-0.1484542242590617,-0.11504646441555536,True
choque_20pct_temporario,temporario,0.8,0.1999999999999999,False,25,deficit_externo,p.p. do PIB em relação ao benchmark,100,-0.03584513939284651,-0.04643340219817145,0.061789053311030594,-0.11212439352466701,-0.07769310353691254,-0.00622807322760655,0.09225139141255338,0.006178905331103059,-0.04795579384180851,-0.023734484943884512,True
choque_20pct_temporario,temporario,0.8,0.1999999999999999,False,25,deficit_governo,p.p. do PIB em relação ao benchmark,100,-0.03606075055235497,-0.0161283063983469,0.11822815998016026,-0.25692101186513144,-0.09188832987474455,0.05300339251185983,0.11490680658733399,0.011822815998016026,-0.05923346990846638,-0.01288803119624356,True
choque_20pct_temporario,temporario,0.8,0.1999999999999999,False,25,inflacao,p.p. em relação ao benchmark,100,0.09459993375237773,0.11170801698370254,0.14587981918331636,-0.1739003493124913,-0.0076487887532561,0.20388046339009921,0.3118494267814253,0.014587981918331636,0.06600748919244773,0.12319237831230773,True
choque_20pct_temporario,temporario,0.8,0.1999999999999999,False,25,pib_real,% em relação ao benchmark,100,-0.24986998060630636,-0.29409682409123894,0.20622049201003556,-0.5094490147086383,-0.3919763176079282,-0.1356530937345556,0.16253027930633526,0.020622049201003557,-0.29028919704027334,-0.20945076417233938,True
choque_20pct_temporario,temporario,0.8,0.1999999999999999,False,25,taxa_desemprego,p.p. em relação ao benchmark,100,-0.15099547726125262,-0.13192858762023218,0.11588986592131138,-0.38111589133515095,-0.2157508795888933,-0.06244637170307438,-0.005051775733096723,0.011588986592131138,-0.17370989098182965,-0.1282810635406756,True
