cenario,tipo_choque,multiplicador_produtividade,perda_produtividade,choque_permanente,simulacao,seed,periodo,pib_real,taxa_desemprego,inflacao,deficit_governo,deficit_externo
choque_20pct_temporario,temporario,0.8,0.19999999999999996,False,1,42,0,7609597.0,0.138,0.03,0.12063832026847152,0.010583740505574736
choque_20pct_temporario,temporario,0.8,0.19999999999999996,False,1,42,1,7652724.38733265,0.14039181650999813,0.030000000000000027,0.11859183719691781,0.007984885903803248
choque_20pct_temporario,temporario,0.8,0.19999999999999996,False,1,42,2,7801103.962356615,0.13522744274108023,0.02418925667905869,0.12049839550176797,0.0062871968075281755
choque_20pct_temporario,temporario,0.8,0.19999999999999996,False,1,42,3,8022931.17537678,0.12581917429507655,0.026808879878366332,0.11284390543883532,0.005699729118197142
choque_20pct_temporario,temporario,0.8,0.19999999999999996,False,1,42,4,8394049.117589632,0.11075441073636484,0.029794467562436644,0.10562257887155795,0.0052840663367776635
choque_20pct_temporario,temporario,0.8,0.19999999999999996,False,1,42,5,8564262.248343265,0.09834833057900336,0.04660804671565244,0.09944139427595304,0.00811418508258844
choque_20pct_temporario,temporario,0.8,0.19999999999999996,False,1,42,6,8773751.42058961,0.09073704572268991,0.06179186130572245,0.09991127835178466,0.01102582371061845
choque_20pct_temporario,temporario,0.8,0.19999999999999996,False,1,42,7,8888275.488894016,0.09128191911123454,0.08575640467755297,0.10433260309888033,0.01336235243307148
choque_20pct_temporario,temporario,0.8,0.19999999999999996,False,1,42,8,8953419.896624561,0.09633053494364988,0.10294833817082139,0.11712324669945462,0.011101134111684013
choque_20pct_temporario,temporario,0.8,0.19999999999999996,False,1,42,9,8897308.685071245,0.10820917197306386,0.11629407932988323,0.13213900403353027,0.00786244050483786
choque_20pct_temporario,temporario,0.8,0.19999999999999996,False,1,42,10,8792388.155659879,0.12258676152380116,0.11358260883859139,0.1526196154451645,0.00037483573462225545
choque_20pct_temporario,temporario,0.8,0.19999999999999996,False,1,42,11,8630204.392882071,0.13591114889350325,0.10321450927065401,0.16872299985462777,-0.00959784840485863
choque_20pct_temporario,temporario,0.8,0.19999999999999996,False,1,42,12,8550695.601113182,0.1394965114328985,0.08156459841637509,0.17905176751962293,-0.024286093307824892
choque_20pct_temporario,temporario,0.8,0.19999999999999996,False,1,42,13,8729868.444411341,0.13188982650645742,0.0625954557970183,0.17206789926360916,-0.03237746753632902
choque_20pct_temporario,temporario,0.8,0.19999999999999996,False,1,42,14,9062983.84840059,0.11391317204282013,0.04504300827076824,0.15938000275905628,-0.03446388784654736
choque_20pct_temporario,temporario,0.8,0.19999999999999996,False,1,42,15,9743793.950012466,0.08435919807450444,0.040979341581309114,0.13636003441133634,-0.023803982533778315
choque_20pct_temporario,temporario,0.8,0.19999999999999996,False,1,42,16,10181931.624487089,0.061460777853650186,0.05701397437430944,0.11975670349991192,-0.017712614435123345
choque_20pct_temporario,temporario,0.8,0.19999999999999996,False,1,42,17,10531404.837910967,0.053458458674889325,0.09865487273647866,0.11209614930294165,-0.006280811694983613
choque_20pct_temporario,temporario,0.8,0.19999999999999996,False,1,42,18,10801048.46259071,0.05794776524202231,0.15201914488371493,0.12023053636394898,0.004441414748725293
choque_20pct_temporario,temporario,0.8,0.19999999999999996,False,1,42,19,11096226.420914778,0.06497776851450222,0.19733743857772734,0.13789428675044882,0.012289919744182039
choque_20pct_temporario,temporario,0.8,0.19999999999999996,False,1,42,20,11120663.091274442,0.06767183563937021,0.22339919382393014,0.15413652121640953,0.011484072789972695
choque_20pct_temporario,temporario,0.8,0.19999999999999996,False,1,42,21,11109907.670992319,0.07344096147228213,0.23607423654538828,0.16412289016052947,0.008251083410008906
choque_20pct_temporario,temporario,0.8,0.19999999999999996,False,1,42,22,10911320.429143807,0.08725541926212699,0.22951101792301154,0.18422426033974038,-0.006787974285883629
choque_20pct_temporario,temporario,0.8,0.19999999999999996,False,1,42,23,10720901.236453932,0.09561671516175886,0.20853214143483534,0.20253006345287028,-0.02455349601039704
choque_20pct_temporario,temporario,0.8,0.19999999999999996,False,1,42,24,10645971.823905205,0.09871661283195446,0.17715549774242634,0.20704221543254428,-0.037713775781736306
choque_20pct_temporario,temporario,0.8,0.19999999999999996,False,1,42,25,10768492.893911414,0.08571492304635121,0.14715568873650797,0.2017861939628815,-0.050103224757555596
choque_20pct_temporario,temporario,0.8,0.19999999999999996,False,2,43,0,7609597.0,0.138,0.03,0.12063832026847152,0.010583740505574736
choque_20pct_temporario,temporario,0.8,0.19999999999999996,False,2,43,1,7652724.38733265,0.14039181650999813,0.030000000000000027,0.11859183719691781,0.007984885903803248
choque_20pct_temporario,temporario,0.8,0.19999999999999996,False,2,43,2,7795020.874483838,0.13522708141572493,0.024191530163762076,0.12053436588815551,0.006861983543173556
choque_20pct_temporario,temporario,0.8,0.19999999999999996,False,2,43,3,8037316.46680246,0.12476063426065676,0.026811775187928433,0.11260565842351052,0.00624820585705405
choque_20pct_temporario,temporario,0.8,0.19999999999999996,False,2,43,4,8348844.63122399,0.11108254305111744,0.030217521397929215,0.10567504655299073,0.007147843342347539
choque_20pct_temporario,temporario,0.8,0.19999999999999996,False,2,43,5,8556062.458413733,0.0998210357204504,0.046635982950711696,0.10069093479926962,0.008850873625693359
choque_20pct_temporario,temporario,0.8,0.19999999999999996,False,2,43,6,8778898.834154665,0.08931504298707658,0.06119603975467025,0.09979822721315404,0.009257283010319278
choque_20pct_temporario,temporario,0.8,0.19999999999999996,False,2,43,7,8958296.544439092,0.08788688216590419,0.08629753368911275,0.10100144123337534,0.01295305886003823
choque_20pct_temporario,temporario,0.8,0.19999999999999996,False,2,43,8,8982686.398873365,0.09646296148683958,0.10558332278204596,0.11528587450000603,0.014688071456724716
choque_20pct_temporario,temporario,0.8,0.19999999999999996,False,2,43,9,8911926.810614627,0.11034237431419384,0.1181258876148441,0.13419523273473352,0.00954642091094721
choque_20pct_temporario,temporario,0.8,0.19999999999999996,False,2,43,10,8747698.288037525,0.12612992348607113,0.11595085879474909,0.15516506051454823,0.0007205652063548829
choque_20pct_temporario,temporario,0.8,0.19999999999999996,False,2,43,11,8589696.808531193,0.13726997024341606,0.10213722254871227,0.17183222172665918,-0.012646415853325904
choque_20pct_temporario,temporario,0.8,0.19999999999999996,False,2,43,12,8526998.682281744,0.14389298432038086,0.0803756428407647,0.1810631991279233,-0.02638838745680875
choque_20pct_temporario,temporario,0.8,0.19999999999999996,False,2,43,13,8588190.930870613,0.14029406149880141,0.05787560241559753,0.18010728630673326,-0.034670475505830696
choque_20pct_temporario,temporario,0.8,0.19999999999999996,False,2,43,14,8989426.588898959,0.119162612620999,0.03911456229729349,0.1637068155528098,-0.03652414474156409
choque_20pct_temporario,temporario,0.8,0.19999999999999996,False,2,43,15,9648248.98833,0.09065069889502626,0.032161781131036626,0.14011806822871778,-0.030275674884461787
choque_20pct_temporario,temporario,0.8,0.19999999999999996,False,2,43,16,10187354.835469384,0.06509471408662162,0.04448999102427953,0.1216191514773177,-0.021255892574034947
choque_20pct_temporario,temporario,0.8,0.19999999999999996,False,2,43,17,10580565.338925423,0.052339458504587544,0.08253642449468268,0.11002069972975352,-0.007915933026378883
choque_20pct_temporario,temporario,0.8,0.19999999999999996,False,2,43,18,10922340.917775715,0.0542487715904923,0.1402267259652672,0.1132741901472134,0.002097565415820247
choque_20pct_temporario,temporario,0.8,0.19999999999999996,False,2,43,19,11120808.019674566,0.06327094581851553,0.1941068046412302,0.13340180526296766,0.012172859393031575
choque_20pct_temporario,temporario,0.8,0.19999999999999996,False,2,43,20,11227557.070374668,0.06769819168716917,0.22845855855077546,0.15220343502357475,0.012858528807927283
choque_20pct_temporario,temporario,0.8,0.19999999999999996,False,2,43,21,11140480.65519233,0.07266742756305095,0.24267430745748464,0.16466266814666342,0.008393829493695654
choque_20pct_temporario,temporario,0.8,0.19999999999999996,False,2,43,22,10952931.779440593,0.08837735928555178,0.23767375979322702,0.18424000192704268,-0.004597054604952569
choque_20pct_temporario,temporario,0.8,0.19999999999999996,False,2,43,23,10613830.86217364,0.10701525348930223,0.21128869447059095,0.21119002375272045,-0.023212983849638533
choque_20pct_temporario,temporario,0.8,0.19999999999999996,False,2,43,24,10483103.761254665,0.10829158188988579,0.17459270816653727,0.21940586433485645,-0.04328403823954486
choque_20pct_temporario,temporario,0.8,0.19999999999999996,False,2,43,25,10629851.655086879,0.09722597079604578,0.13835411707973178,0.20839469994356824,-0.05477054955893398
choque_20pct_temporario,temporario,0.8,0.19999999999999996,False,3,44,0,7609597.0,0.138,0.03,0.12063832026847152,0.010583740505574736
choque_20pct_temporario,temporario,0.8,0.19999999999999996,False,3,44,1,7652724.38733265,0.14039181650999813,0.030000000000000027,0.11859183719691781,0.007984885903803248
choque_20pct_temporario,temporario,0.8,0.19999999999999996,False,3,44,2,7809568.471876611,0.13522708141572493,0.024184146560761954,0.12045454734906626,0.004914800534182451
choque_20pct_temporario,temporario,0.8,0.19999999999999996,False,3,44,3,8040221.635573903,0.126620717904688,0.02683058200310473,0.1129004970675796,0.005202146882133367
choque_20pct_temporario,temporario,0.8,0.19999999999999996,False,3,44,4,8301408.8178097345,0.11185275020171319,0.02943467336483363,0.1069562413332863,0.006637518469462689
choque_20pct_temporario,temporario,0.8,0.19999999999999996,False,3,44,5,8584388.96835187,0.09862100617215445,0.04563946118372342,0.09897108754717578,0.01015586463762478
choque_20pct_temporario,temporario,0.8,0.19999999999999996,False,3,44,6,8815348.353625394,0.08645005234440947,0.06071489906839078,0.09803808901412317,0.009626539499777017
choque_20pct_temporario,temporario,0.8,0.19999999999999996,False,3,44,7,8966328.248507293,0.0894489650276077,0.08795011850263501,0.10016544934744746,0.015537511026707293
choque_20pct_temporario,temporario,0.8,0.19999999999999996,False,3,44,8,8963184.242623093,0.09923592356511682,0.10584088355606025,0.11865978058895435,0.01416055506471901
choque_20pct_temporario,temporario,0.8,0.19999999999999996,False,3,44,9,8865508.89524231,0.113952864170337,0.11772910343897802,0.13710059593843857,0.0106129155154953
choque_20pct_temporario,temporario,0.8,0.19999999999999996,False,3,44,10,8674541.727293262,0.12948418305302756,0.1119496768813446,0.15965369695053275,-0.0022308693157741654
choque_20pct_temporario,temporario,0.8,0.19999999999999996,False,3,44,11,8563014.577835945,0.1417839767808122,0.09774316444350384,0.17326388832216189,-0.012831915555782074
choque_20pct_temporario,temporario,0.8,0.19999999999999996,False,3,44,12,8516450.269079475,0.1451803936874663,0.07323944289103301,0.18202894240634968,-0.028315770647206136
choque_20pct_temporario,temporario,0.8,0.19999999999999996,False,3,44,13,8662683.783028621,0.1385496681113354,0.05153413858793976,0.1767895666905936,-0.036028917884046975
choque_20pct_temporario,temporario,0.8,0.19999999999999996,False,3,44,14,9042707.630010225,0.12000440805600866,0.03301669947979846,0.16180688102201002,-0.03610847085879406
choque_20pct_temporario,temporario,0.8,0.19999999999999996,False,3,44,15,9744771.02427716,0.08648083425306358,0.029823277439961826,0.1369414288879355,-0.02728613162909636
choque_20pct_temporario,temporario,0.8,0.19999999999999996,False,3,44,16,10168387.700600147,0.06397646442051609,0.04606682103717308,0.1191198918150307,-0.018977924008396655
choque_20pct_temporario,temporario,0.8,0.19999999999999996,False,3,44,17,10549679.577935694,0.05477379624976302,0.08792560125011484,0.11143182173358485,-0.0076938382704671605
choque_20pct_temporario,temporario,0.8,0.19999999999999996,False,3,44,18,10898481.737140436,0.05625998818506235,0.14264557958647006,0.11717113728552847,0.0037893417733159346
choque_20pct_temporario,temporario,0.8,0.19999999999999996,False,3,44,19,11137450.940091705,0.06062906939848873,0.19343804006502996,0.13300408041319722,0.010582665950602706
choque_20pct_temporario,temporario,0.8,0.19999999999999996,False,3,44,20,11207549.293031158,0.06805878395547513,0.22911624181337897,0.1492198787978202,0.015715923850098065
choque_20pct_temporario,temporario,0.8,0.19999999999999996,False,3,44,21,11207769.401821284,0.07597790635601048,0.240303775016651,0.167384893166863,0.00967990289215142
choque_20pct_temporario,temporario,0.8,0.19999999999999996,False,3,44,22,10819113.7108113,0.09377652251380024,0.23491758368543758,0.19144823037109282,-0.005510820767309497
choque_20pct_temporario,temporario,0.8,0.19999999999999996,False,3,44,23,10574415.802391358,0.11092231788891166,0.20526930833803703,0.21382939691004366,-0.02377395372176137
choque_20pct_temporario,temporario,0.8,0.19999999999999996,False,3,44,24,10401287.32018824,0.10902512026873351,0.1679559402051991,0.21976935645184376,-0.04383468387490623
choque_20pct_temporario,temporario,0.8,0.19999999999999996,False,3,44,25,10595152.840131857,0.09260941263765013,0.13070055859179353,0.2066949441177697,-0.056673148278411814
choque_20pct_temporario,temporario,0.8,0.19999999999999996,False,4,45,0,7609597.0,0.138,0.03,0.12063832026847152,0.010583740505574736
choque_20pct_temporario,temporario,0.8,0.19999999999999996,False,4,45,1,7652724.38733265,0.14039181650999813,0.030000000000000027,0.11859183719691781,0.007984885903803248
choque_20pct_temporario,temporario,0.8,0.19999999999999996,False,4,45,2,7814812.885350098,0.1352272363957795,0.024167914260627477,0.12047025073739162,0.0002517658046662367
choque_20pct_temporario,temporario,0.8,0.19999999999999996,False,4,45,3,8061832.066014055,0.12454088935781311,0.02691702625247161,0.11091685391220972,0.005843555817130261
choque_20pct_temporario,temporario,0.8,0.19999999999999996,False,4,45,4,8416869.697292035,0.10590819741008001,0.030404630255944864,0.10248911947636828,0.00711891178292889
choque_20pct_temporario,temporario,0.8,0.19999999999999996,False,4,45,5,8655664.662766768,0.09211031051063592,0.050091218475142085,0.09446236621103425,0.012357968451388134
choque_20pct_temporario,temporario,0.8,0.19999999999999996,False,4,45,6,8816395.446330482,0.08818539359039308,0.06857473514353174,0.09777559147831899,0.013430124144421162
choque_20pct_temporario,temporario,0.8,0.19999999999999996,False,4,45,7,8867098.679537226,0.09726389737308813,0.09402054171924523,0.10837145729148888,0.01501368029259869
choque_20pct_temporario,temporario,0.8,0.19999999999999996,False,4,45,8,8785752.495088002,0.1128803502895361,0.10628311226664033,0.1304944590409916,0.010331469062884846
choque_20pct_temporario,temporario,0.8,0.19999999999999996,False,4,45,9,8680937.747130184,0.12493723700742265,0.10908196354252508,0.14776308011727401,0.0015067235766261767
choque_20pct_temporario,temporario,0.8,0.19999999999999996,False,4,45,10,8553297.144464018,0.1339354982650135,0.09846063397994809,0.1621511557877829,-0.008236004501449368
choque_20pct_temporario,temporario,0.8,0.19999999999999996,False,4,45,11,8519767.521862384,0.13820092680184323,0.08229768980466856,0.16968079828569818,-0.016794478323509096
choque_20pct_temporario,temporario,0.8,0.19999999999999996,False,4,45,12,8542013.053277863,0.13791602128822084,0.06311302124578266,0.1728472244525806,-0.028955825703409297
choque_20pct_temporario,temporario,0.8,0.19999999999999996,False,4,45,13,8845383.39093204,0.12519401276885575,0.04596552314263391,0.16326052932606444,-0.03539702111838195
choque_20pct_temporario,temporario,0.8,0.19999999999999996,False,4,45,14,9352699.08058273,0.09999027044709534,0.03615449935123061,0.1439807534956281,-0.029453509203130564
choque_20pct_temporario,temporario,0.8,0.19999999999999996,False,4,45,15,9928436.579560714,0.07320525194414663,0.042541802524804107,0.12399677346224683,-0.021883916397450808
choque_20pct_temporario,temporario,0.8,0.19999999999999996,False,4,45,16,10400400.628461532,0.053938136310852286,0.07158706527431957,0.11002103906657933,-0.01104900323413006
choque_20pct_temporario,temporario,0.8,0.19999999999999996,False,4,45,17,10682234.710853027,0.05089763479399835,0.1262020064489302,0.10595570099286396,0.000497718179912006
choque_20pct_temporario,temporario,0.8,0.19999999999999996,False,4,45,18,10951506.238691935,0.06218988469873288,0.18434293967771298,0.12288152502638391,0.012114303773463913
choque_20pct_temporario,temporario,0.8,0.19999999999999996,False,4,45,19,11024058.75899442,0.07333768332095601,0.22062009338949795,0.15141036877215155,0.013631582559673549
choque_20pct_temporario,temporario,0.8,0.19999999999999996,False,4,45,20,10853867.385121996,0.08363473864052014,0.23095270089962994,0.17106891666067814,0.007046993535819057
choque_20pct_temporario,temporario,0.8,0.19999999999999996,False,4,45,21,10668449.000851963,0.0981317657056009,0.21907631367853564,0.18863201547109204,-0.0070277565591198
choque_20pct_temporario,temporario,0.8,0.19999999999999996,False,4,45,22,10388070.35578569,0.11011323133781958,0.18986767957810202,0.20705303806882894,-0.024886139733735647
choque_20pct_temporario,temporario,0.8,0.19999999999999996,False,4,45,23,10327326.293661887,0.10552036579759261,0.15433174198251254,0.2101925681271685,-0.040589692602178665
choque_20pct_temporario,temporario,0.8,0.19999999999999996,False,4,45,24,10539440.553469539,0.09134274226182235,0.12385269665982346,0.19797763334788937,-0.05350448010758193
choque_20pct_temporario,temporario,0.8,0.19999999999999996,False,4,45,25,11132375.352893572,0.06686312407955634,0.10654168383152318,0.17677655010048704,-0.04908601868047707
choque_20pct_temporario,temporario,0.8,0.19999999999999996,False,5,46,0,7609597.0,0.138,0.03,0.12063832026847152,0.010583740505574736
choque_20pct_temporario,temporario,0.8,0.19999999999999996,False,5,46,1,7652724.38733265,0.14039181650999813,0.030000000000000027,0.11859183719691781,0.007984885903803248
choque_20pct_temporario,temporario,0.8,0.19999999999999996,False,5,46,2,7797215.319153447,0.13522708141572493,0.024179487090514318,0.12051989825221197,0.0041342857537788645
choque_20pct_temporario,temporario,0.8,0.19999999999999996,False,5,46,3,8035873.995249559,0.12508298596838335,0.02687093670821583,0.11205807000098585,0.004644653766855659
choque_20pct_temporario,temporario,0.8,0.19999999999999996,False,5,46,4,8390869.856344638,0.10862684435133034,0.030136559988063416,0.10364952165876039,0.005818291909813966
choque_20pct_temporario,temporario,0.8,0.19999999999999996,False,5,46,5,8654443.090787942,0.09245766970269671,0.048571216789981,0.09497421085515824,0.014876471604904417
choque_20pct_temporario,temporario,0.8,0.19999999999999996,False,5,46,6,8828248.86794347,0.08449405210170916,0.06691739226931515,0.0962410483929628,0.013216308401436378
choque_20pct_temporario,temporario,0.8,0.19999999999999996,False,5,46,7,8894765.421347044,0.09478733033683241,0.09502971111798741,0.10526268730707604,0.015131846363244134
choque_20pct_temporario,temporario,0.8,0.19999999999999996,False,5,46,8,8814250.128340263,0.1109181748594427,0.10868444145312184,0.1298449694931275,0.0105288706964892
choque_20pct_temporario,temporario,0.8,0.19999999999999996,False,5,46,9,8672647.379614733,0.1260096980606454,0.11296590742893953,0.14871675129177436,0.0035940329520641277
choque_20pct_temporario,temporario,0.8,0.19999999999999996,False,5,46,10,8556335.60732392,0.1341188472251627,0.10094444539456271,0.16457150790858477,-0.011918954316328428
choque_20pct_temporario,temporario,0.8,0.19999999999999996,False,5,46,11,8503330.301345486,0.14045517211249717,0.08410268684642408,0.17097668527956938,-0.018288005708717203
choque_20pct_temporario,temporario,0.8,0.19999999999999996,False,5,46,12,8652949.757964253,0.132849160805861,0.06121943974603328,0.17038011284709417,-0.028776604120007775
choque_20pct_temporario,temporario,0.8,0.19999999999999996,False,5,46,13,8902272.630555235,0.12083312864347584,0.04640701138197478,0.1591664568776856,-0.03291340632440023
choque_20pct_temporario,temporario,0.8,0.19999999999999996,False,5,46,14,9476803.158568367,0.09435821444590815,0.03853954664356607,0.14024430486582828,-0.028525892546560502
choque_20pct_temporario,temporario,0.8,0.19999999999999996,False,5,46,15,10016881.508356012,0.06724688236023467,0.0507265855447403,0.11956986097244955,-0.019843691813746296
choque_20pct_temporario,temporario,0.8,0.19999999999999996,False,5,46,16,10428984.082099875,0.04952451576490975,0.08420841141946633,0.10680508189681959,-0.009262159602801337
choque_20pct_temporario,temporario,0.8,0.19999999999999996,False,5,46,17,10776009.858936321,0.05185990637060018,0.1458549983950752,0.10409709453948278,0.007772625904291023
choque_20pct_temporario,temporario,0.8,0.19999999999999996,False,5,46,18,10912765.746410258,0.06531764722901416,0.19992682915475735,0.13159147254927753,0.014972275660413264
choque_20pct_temporario,temporario,0.8,0.19999999999999996,False,5,46,19,10886616.762857499,0.0806800303759501,0.22977881553172042,0.15908478976866117,0.014137750198916155
choque_20pct_temporario,temporario,0.8,0.19999999999999996,False,5,46,20,10742811.918071982,0.09037712383254358,0.22821429839171148,0.17889134395749534,0.0034487756257485912
choque_20pct_temporario,temporario,0.8,0.19999999999999996,False,5,46,21,10464078.84827637,0.10494566298205978,0.2087070864088847,0.19530716148689956,-0.011702112310014688
choque_20pct_temporario,temporario,0.8,0.19999999999999996,False,5,46,22,10140821.888318872,0.11814942222745872,0.17409308677058588,0.21554797985610524,-0.0378849242026785
choque_20pct_temporario,temporario,0.8,0.19999999999999996,False,5,46,23,10171164.933708917,0.11466968009858364,0.13481929234119083,0.21441593089378436,-0.05006659596442601
choque_20pct_temporario,temporario,0.8,0.19999999999999996,False,5,46,24,10614287.75053769,0.08877594179928762,0.1015671638094584,0.19524340590040848,-0.058523461416609246
choque_20pct_temporario,temporario,0.8,0.19999999999999996,False,5,46,25,11228865.633838981,0.062288908806411275,0.08964888094695667,0.16903797100208043,-0.05044773031314264
choque_20pct_temporario,temporario,0.8,0.19999999999999996,False,6,47,0,7609597.0,0.138,0.03,0.12063832026847152,0.010583740505574736
choque_20pct_temporario,temporario,0.8,0.19999999999999996,False,6,47,1,7652724.38733265,0.14039181650999813,0.030000000000000027,0.11859183719691781,0.007984885903803248
choque_20pct_temporario,temporario,0.8,0.19999999999999996,False,6,47,2,7806695.322937048,0.13522715831904936,0.02418130759722459,0.12044374550797671,0.003889724574032977
choque_20pct_temporario,temporario,0.8,0.19999999999999996,False,6,47,3,8029826.139430107,0.12474783037646296,0.026825061711583054,0.11202749061872302,0.0039396781131172
choque_20pct_temporario,temporario,0.8,0.19999999999999996,False,6,47,4,8415642.929382542,0.10768615566961245,0.030291553993439413,0.10273611525593153,0.0071680838275023345
choque_20pct_temporario,temporario,0.8,0.19999999999999996,False,6,47,5,8697189.43179664,0.09145023173098188,0.04831905580770779,0.09466010233989337,0.010672235152647565
choque_20pct_temporario,temporario,0.8,0.19999999999999996,False,6,47,6,8826872.186779985,0.08634071302122451,0.06800391271770945,0.09597069861942371,0.013081647229327318
choque_20pct_temporario,temporario,0.8,0.19999999999999996,False,6,47,7,8910280.734095294,0.0935930273561769,0.0945460810791876,0.10524463814004495,0.015054910895468742
choque_20pct_temporario,temporario,0.8,0.19999999999999996,False,6,47,8,8878299.906403368,0.10641587359135622,0.11002036401866766,0.12518266544216405,0.010670846150957076
choque_20pct_temporario,temporario,0.8,0.19999999999999996,False,6,47,9,8729691.09900089,0.1208624584956835,0.11583850324888068,0.14446758682595542,0.006583046350518431
choque_20pct_temporario,temporario,0.8,0.19999999999999996,False,6,47,10,8627253.69778038,0.13266026668559217,0.10603198215179077,0.16159179941916899,-0.0061925801759696196
choque_20pct_temporario,temporario,0.8,0.19999999999999996,False,6,47,11,8460406.11321502,0.14251146675354529,0.08958356589349514,0.1742779503460355,-0.01669881646811106
choque_20pct_temporario,temporario,0.8,0.19999999999999996,False,6,47,12,8547046.307044175,0.1379169792273496,0.06615420697460839,0.17582252495045889,-0.027817069924680568
choque_20pct_temporario,temporario,0.8,0.19999999999999996,False,6,47,13,8809835.45489304,0.12451661263087435,0.04818119092608342,0.16354696611474856,-0.032152070680685096
choque_20pct_temporario,temporario,0.8,0.19999999999999996,False,6,47,14,9366213.43688487,0.09977752240243729,0.036420016138278166,0.14513889470442864,-0.029690896696057408
choque_20pct_temporario,temporario,0.8,0.19999999999999996,False,6,47,15,9905845.933121825,0.07395419126342982,0.04364198968075006,0.12506191418977658,-0.020830523406636502
choque_20pct_temporario,temporario,0.8,0.19999999999999996,False,6,47,16,10346910.962323032,0.05613001103670674,0.07137368933252919,0.11189291385126038,-0.009478131393814572
choque_20pct_temporario,temporario,0.8,0.19999999999999996,False,6,47,17,10631435.734244516,0.051523558487130694,0.12204317825083755,0.1087472657415309,0.002254412232780895
choque_20pct_temporario,temporario,0.8,0.19999999999999996,False,6,47,18,10899148.219849087,0.06137740276493244,0.17970036876312867,0.12255153665276629,0.013371770096205864
choque_20pct_temporario,temporario,0.8,0.19999999999999996,False,6,47,19,10959189.936993502,0.07292077132639158,0.21603126597399114,0.15113894362777786,0.013838476962181434
choque_20pct_temporario,temporario,0.8,0.19999999999999996,False,6,47,20,10875215.697122201,0.08573833089673079,0.23078026799568874,0.16952113239607905,0.008109268574715533
choque_20pct_temporario,temporario,0.8,0.19999999999999996,False,6,47,21,10592588.188175116,0.09633517398264203,0.2183812144343642,0.1893441925803423,-0.00839020264008984
choque_20pct_temporario,temporario,0.8,0.19999999999999996,False,6,47,22,10469320.559350185,0.09762528258167015,0.1925887686151948,0.19751290132000673,-0.02084586748977727
choque_20pct_temporario,temporario,0.8,0.19999999999999996,False,6,47,23,10494173.312959736,0.09397607235360014,0.16182604831268632,0.19689924222623575,-0.03460741055586098
choque_20pct_temporario,temporario,0.8,0.19999999999999996,False,6,47,24,10740830.44882375,0.0792771233341466,0.13767198282305282,0.1887794698294376,-0.04352929136579458
choque_20pct_temporario,temporario,0.8,0.19999999999999996,False,6,47,25,11235775.291615726,0.060424252268033295,0.12905466284522626,0.17104811580344462,-0.04391375458765681
choque_20pct_temporario,temporario,0.8,0.19999999999999996,False,7,48,0,7609597.0,0.138,0.03,0.12063832026847152,0.010583740505574736
choque_20pct_temporario,temporario,0.8,0.19999999999999996,False,7,48,1,7652724.38733265,0.14039181650999813,0.030000000000000027,0.11859183719691781,0.007984885903803248
choque_20pct_temporario,temporario,0.8,0.19999999999999996,False,7,48,2,7797185.690724047,0.13522708141572493,0.024184715365616505,0.12051681259663678,0.005153394554576406
choque_20pct_temporario,temporario,0.8,0.19999999999999996,False,7,48,3,8059557.759189848,0.1243107042400101,0.026832363549653904,0.11216813611438263,0.007414710374897581
choque_20pct_temporario,temporario,0.8,0.19999999999999996,False,7,48,4,8293368.105793962,0.1121343928723936,0.030428679684245674,0.10677040889614853,0.0069399067028215215
choque_20pct_temporario,temporario,0.8,0.19999999999999996,False,7,48,5,8572977.83494202,0.10196069505140636,0.045671009117272954,0.10164895571577146,0.009270219632595545
choque_20pct_temporario,temporario,0.8,0.19999999999999996,False,7,48,6,8772194.94025338,0.09359427436270927,0.05952770025542664,0.10277476039555834,0.009294952822080746
choque_20pct_temporario,temporario,0.8,0.19999999999999996,False,7,48,7,8839434.003547825,0.09731207648790827,0.08157956329797234,0.10801159204451286,0.01018762934487141
choque_20pct_temporario,temporario,0.8,0.19999999999999996,False,7,48,8,8840211.611583304,0.10621974861951831,0.09515664867992779,0.1243158031749887,0.006593543262360055
choque_20pct_temporario,temporario,0.8,0.19999999999999996,False,7,48,9,8773360.539068654,0.11723012313603469,0.10350612188352981,0.1394971366615687,-0.000138955289467191
choque_20pct_temporario,temporario,0.8,0.19999999999999996,False,7,48,10,8692554.438063683,0.12860539897776258,0.09832285931623175,0.15530159849444206,-0.008091574361529371
choque_20pct_temporario,temporario,0.8,0.19999999999999996,False,7,48,11,8644903.735868663,0.1330726701696169,0.08591942285467957,0.16535253479302192,-0.016273006309273017
choque_20pct_temporario,temporario,0.8,0.19999999999999996,False,7,48,12,8707877.094180387,0.13263920286080755,0.06870525432710162,0.16772525896715157,-0.02264356773775643
choque_20pct_temporario,temporario,0.8,0.19999999999999996,False,7,48,13,8940259.586102681,0.12067572063651574,0.05406531064281728,0.16115312232974094,-0.02895667028612383
choque_20pct_temporario,temporario,0.8,0.19999999999999996,False,7,48,14,9288791.644908095,0.10480579385720212,0.046494446201547524,0.14771987727416452,-0.030145951628481566
choque_20pct_temporario,temporario,0.8,0.19999999999999996,False,7,48,15,9875310.936604062,0.07869561967499987,0.05032607979485415,0.13035359584952563,-0.021683655470937795
choque_20pct_temporario,temporario,0.8,0.19999999999999996,False,7,48,16,10285361.077462249,0.05872023427635204,0.07393013248265357,0.11540098053293149,-0.013841652675652552
choque_20pct_temporario,temporario,0.8,0.19999999999999996,False,7,48,17,10631498.168031812,0.05282258437451313,0.11916024492901611,0.1102674419615938,-0.003727592688373884
choque_20pct_temporario,temporario,0.8,0.19999999999999996,False,7,48,18,10955349.345142454,0.05733212669513136,0.1709351282932845,0.12032504436563143,0.009126132730027941
choque_20pct_temporario,temporario,0.8,0.19999999999999996,False,7,48,19,11093035.49944349,0.06783090948234412,0.21290229944621708,0.14241519316235243,0.015484433213498338
choque_20pct_temporario,temporario,0.8,0.19999999999999996,False,7,48,20,10958430.559983501,0.0849840163152491,0.2312206672068169,0.1687241863782937,0.007731119037411753
choque_20pct_temporario,temporario,0.8,0.19999999999999996,False,7,48,21,10623070.01069187,0.10597256492627233,0.22155256094308973,0.19585397130711535,-0.008098722575296344
choque_20pct_temporario,temporario,0.8,0.19999999999999996,False,7,48,22,10355973.402841397,0.11299104011358113,0.1911953792773986,0.21188228777649554,-0.02626184816192925
choque_20pct_temporario,temporario,0.8,0.19999999999999996,False,7,48,23,10221640.008818967,0.1131684909482591,0.15426802556556996,0.21371660855832653,-0.04402106061693207
choque_20pct_temporario,temporario,0.8,0.19999999999999996,False,7,48,24,10346055.657060105,0.10262964041711757,0.11857292218581494,0.2078667966852794,-0.058850603584494815
choque_20pct_temporario,temporario,0.8,0.19999999999999996,False,7,48,25,10987094.270145144,0.07763661143898727,0.09391735419844549,0.1850321404432796,-0.05478827995176792
choque_20pct_temporario,temporario,0.8,0.19999999999999996,False,8,49,0,7609597.0,0.138,0.03,0.12063832026847152,0.010583740505574736
choque_20pct_temporario,temporario,0.8,0.19999999999999996,False,8,49,1,7652680.1194738075,0.14039218080275034,0.030000000000000027,0.11859395149248815,0.007984248131579937
choque_20pct_temporario,temporario,0.8,0.19999999999999996,False,8,49,2,7797461.924073542,0.1352305929194483,0.02418201686638133,0.12053293984619885,0.004206096336633925
choque_20pct_temporario,temporario,0.8,0.19999999999999996,False,8,49,3,8030416.085393261,0.12467846937162512,0.026840862108314045,0.11219011963106826,0.005492046194023671
choque_20pct_temporario,temporario,0.8,0.19999999999999996,False,8,49,4,8373891.582932308,0.10896896335053496,0.03029725656623916,0.1041589478448662,0.009708080240454362
choque_20pct_temporario,temporario,0.8,0.19999999999999996,False,8,49,5,8610776.38248863,0.09453757982364146,0.04731635820466806,0.09773264136571329,0.013617879276332423
choque_20pct_temporario,temporario,0.8,0.19999999999999996,False,8,49,6,8784715.121275581,0.09014106663656923,0.06528174922022645,0.09970227365325124,0.012660090603408287
choque_20pct_temporario,temporario,0.8,0.19999999999999996,False,8,49,7,8837076.948008664,0.09813056219914733,0.08924520512995548,0.10892754425646844,0.01442345603032508
choque_20pct_temporario,temporario,0.8,0.19999999999999996,False,8,49,8,8848315.407053625,0.10789508228256957,0.10136554191196545,0.1266964395099163,0.011410760159925207
choque_20pct_temporario,temporario,0.8,0.19999999999999996,False,8,49,9,8761246.89698698,0.11803136872351525,0.10727742998057122,0.14182628463419897,0.006698287975803699
choque_20pct_temporario,temporario,0.8,0.19999999999999996,False,8,49,10,8634944.353732748,0.13092122608092288,0.09951560658533753,0.15980349049640274,-0.0038090272881283593
choque_20pct_temporario,temporario,0.8,0.19999999999999996,False,8,49,11,8483836.230187716,0.14331562514685672,0.08591401868992032,0.17471446369422255,-0.01546703686781668
choque_20pct_temporario,temporario,0.8,0.19999999999999996,False,8,49,12,8479642.65394817,0.14518221206406304,0.06513206951806194,0.18055503282823543,-0.027678149512734278
choque_20pct_temporario,temporario,0.8,0.19999999999999996,False,8,49,13,8694189.103307106,0.13387413882492752,0.047119169235641856,0.17091502240768436,-0.034002272542871005
choque_20pct_temporario,temporario,0.8,0.19999999999999996,False,8,49,14,9270655.982730491,0.1093230925053385,0.03302508101683532,0.15098591044026133,-0.0326435123955671
choque_20pct_temporario,temporario,0.8,0.19999999999999996,False,8,49,15,9828954.553079989,0.07866138566867505,0.03375906109888893,0.1300394751773318,-0.024189968002771085
choque_20pct_temporario,temporario,0.8,0.19999999999999996,False,8,49,16,10320617.097487176,0.05941546239378641,0.057349176329725804,0.113651862614868,-0.012732463408933485
choque_20pct_temporario,temporario,0.8,0.19999999999999996,False,8,49,17,10603695.339613093,0.05374639264156533,0.10531732319974951,0.11026748757396053,-0.0033768563414120316
choque_20pct_temporario,temporario,0.8,0.19999999999999996,False,8,49,18,10892103.483970236,0.05929184827496922,0.16093443990260203,0.12101952245594637,0.00801452185224544
choque_20pct_temporario,temporario,0.8,0.19999999999999996,False,8,49,19,11037603.526125433,0.06887670953865578,0.205888042849512,0.14196563188120487,0.011878027157279153
choque_20pct_temporario,temporario,0.8,0.19999999999999996,False,8,49,20,11105792.209688466,0.07152650486682216,0.22598686128710987,0.15830604318729324,0.010509012622449658
choque_20pct_temporario,temporario,0.8,0.19999999999999996,False,8,49,21,10959065.764236342,0.07877648180827243,0.23296486595749832,0.1697618043165191,0.00201159855980308
choque_20pct_temporario,temporario,0.8,0.19999999999999996,False,8,49,22,10813532.70084974,0.09168107041651455,0.21826463711116362,0.18932095313679126,-0.009346250332904243
choque_20pct_temporario,temporario,0.8,0.19999999999999996,False,8,49,23,10547228.879571786,0.10298782917237573,0.19330066152574443,0.2072825896010499,-0.027051691564499467
choque_20pct_temporario,temporario,0.8,0.19999999999999996,False,8,49,24,10598877.70121598,0.09809797578402266,0.15919812646737785,0.2090284121837654,-0.043986226487872496
choque_20pct_temporario,temporario,0.8,0.19999999999999996,False,8,49,25,10835453.26819646,0.08428069308594979,0.13210308131805393,0.19583501264353526,-0.050143661627817866
choque_20pct_temporario,temporario,0.8,0.19999999999999996,False,9,50,0,7609597.0,0.138,0.03,0.12063832026847152,0.010583740505574736
choque_20pct_temporario,temporario,0.8,0.19999999999999996,False,9,50,1,7652724.38733265,0.14039181650999813,0.030000000000000027,0.11859183719691781,0.007984885903803248
choque_20pct_temporario,temporario,0.8,0.19999999999999996,False,9,50,2,7831409.32990096,0.13522716034711857,0.024173664527332495,0.12036563899223725,0.002236261692935209
choque_20pct_temporario,temporario,0.8,0.19999999999999996,False,9,50,3,8026506.635385992,0.1267433618628575,0.02668482282338025,0.11308383998688466,0.0037816012161875647
choque_20pct_temporario,temporario,0.8,0.19999999999999996,False,9,50,4,8342369.38516489,0.11005903290652905,0.02940007021204516,0.10505441455471272,0.006648124191824206
choque_20pct_temporario,temporario,0.8,0.19999999999999996,False,9,50,5,8687375.772858433,0.09195783303849465,0.04680331442566743,0.09460763636610069,0.013569083688344766
choque_20pct_temporario,temporario,0.8,0.19999999999999996,False,9,50,6,8825995.602193633,0.0843516425084318,0.0659310046934507,0.09568472137616568,0.012709826798493546
choque_20pct_temporario,temporario,0.8,0.19999999999999996,False,9,50,7,8907020.942052264,0.0931440173335837,0.09415116797789969,0.10448229487233278,0.013719858506804765
choque_20pct_temporario,temporario,0.8,0.19999999999999996,False,9,50,8,8835648.823392365,0.11051393342006988,0.10984798003200469,0.12766418182828085,0.007875684971440488
choque_20pct_temporario,temporario,0.8,0.19999999999999996,False,9,50,9,8763675.047228469,0.12175695519090013,0.1137225238116415,0.1453302850163135,0.0050586749744639375
choque_20pct_temporario,temporario,0.8,0.19999999999999996,False,9,50,10,8632447.184415217,0.1312752304786431,0.10417398685278689,0.1604083395061072,-0.00601778568849728
choque_20pct_temporario,temporario,0.8,0.19999999999999996,False,9,50,11,8519371.975541381,0.14184490086786833,0.0877543193099346,0.1722600765938865,-0.018056509101630744
choque_20pct_temporario,temporario,0.8,0.19999999999999996,False,9,50,12,8525150.262012951,0.1417587108825327,0.06568227966401774,0.17743283196500528,-0.028625864447867497
choque_20pct_temporario,temporario,0.8,0.19999999999999996,False,9,50,13,8777822.071970055,0.12753628269366563,0.046710394616698014,0.16657453824708177,-0.032444858251017304
choque_20pct_temporario,temporario,0.8,0.19999999999999996,False,9,50,14,9268621.721983058,0.10340593644170747,0.03522772899849058,0.14773128022300366,-0.030821344110445792
choque_20pct_temporario,temporario,0.8,0.19999999999999996,False,9,50,15,9884802.2538065,0.07565930908488647,0.03925552552297851,0.12708780436804157,-0.0232039998312893
choque_20pct_temporario,temporario,0.8,0.19999999999999996,False,9,50,16,10272518.204443585,0.05738464199462527,0.06615511639564087,0.11294494527597203,-0.013834001958921534
choque_20pct_temporario,temporario,0.8,0.19999999999999996,False,9,50,17,10684065.78409189,0.051549037689341375,0.11546627216626648,0.10784752560571846,0.0005345487880251041
choque_20pct_temporario,temporario,0.8,0.19999999999999996,False,9,50,18,10938244.140716694,0.05757611964979784,0.1734138450234446,0.11953892305492429,0.012654703545454895
choque_20pct_temporario,temporario,0.8,0.19999999999999996,False,9,50,19,11051625.354231562,0.0695248802396168,0.2167320147408449,0.14420902743403907,0.016563430371361248
choque_20pct_temporario,temporario,0.8,0.19999999999999996,False,9,50,20,10964009.367287677,0.08373731327602343,0.2330663136417941,0.16871422708734832,0.012593078635417004
choque_20pct_temporario,temporario,0.8,0.19999999999999996,False,9,50,21,10652084.504371118,0.09920632956794881,0.22456238702479192,0.19150273081457117,-0.004871571522882218
choque_20pct_temporario,temporario,0.8,0.19999999999999996,False,9,50,22,10401701.33441651,0.10737509305679527,0.1977776043517414,0.20653737344620846,-0.02198477225729468
choque_20pct_temporario,temporario,0.8,0.19999999999999996,False,9,50,23,10311910.206331922,0.10723051512665879,0.16160777811348992,0.2099828313462434,-0.04198693366796031
choque_20pct_temporario,temporario,0.8,0.19999999999999996,False,9,50,24,10469975.722596062,0.09582168687013853,0.1292066983461162,0.2014675816591047,-0.0513131877209469
choque_20pct_temporario,temporario,0.8,0.19999999999999996,False,9,50,25,11165118.4445528,0.06500837130059803,0.10668648526478486,0.17764277184705937,-0.049110595913406885
choque_20pct_temporario,temporario,0.8,0.19999999999999996,False,10,51,0,7609597.0,0.138,0.03,0.12063832026847152,0.010583740505574736
choque_20pct_temporario,temporario,0.8,0.19999999999999996,False,10,51,1,7652724.38733265,0.14039181650999813,0.030000000000000027,0.11859183719691781,0.007984885903803248
choque_20pct_temporario,temporario,0.8,0.19999999999999996,False,10,51,2,7808830.30150961,0.13522708141572493,0.024182135936617666,0.12046137816018762,0.004525243561641617
choque_20pct_temporario,temporario,0.8,0.19999999999999996,False,10,51,3,8045196.615186768,0.12487391165295975,0.0268557789158812,0.11196849357641461,0.006371024970089953
choque_20pct_temporario,temporario,0.8,0.19999999999999996,False,10,51,4,8375348.455186851,0.10904007403663422,0.030196860666761305,0.10416662220504334,0.008187462286959962
choque_20pct_temporario,temporario,0.8,0.19999999999999996,False,10,51,5,8601090.086235525,0.09499688670940222,0.04837330345095103,0.09672257824467972,0.011033103899609991
choque_20pct_temporario,temporario,0.8,0.19999999999999996,False,10,51,6,8812960.663303379,0.08738733501289851,0.06526593274347059,0.09702148884304586,0.010898764280401542
choque_20pct_temporario,temporario,0.8,0.19999999999999996,False,10,51,7,8943188.52479373,0.08924360967282025,0.09143926359504939,0.10212347770773077,0.012673894638929076
choque_20pct_temporario,temporario,0.8,0.19999999999999996,False,10,51,8,8966337.00463931,0.09878786994138655,0.10954552517154914,0.11847562194941169,0.009831598182121176
choque_20pct_temporario,temporario,0.8,0.19999999999999996,False,10,51,9,8875215.679529708,0.1132851773427714,0.11901586199309677,0.13766021198090245,0.010017276845115365
choque_20pct_temporario,temporario,0.8,0.19999999999999996,False,10,51,10,8630393.065584978,0.13320957685986792,0.11410351169651411,0.1609664556278959,6.500904923210968e-05
choque_20pct_temporario,temporario,0.8,0.19999999999999996,False,10,51,11,8537029.870404378,0.13959046718805554,0.09692725188285078,0.17455589031386362,-0.01655165095847342
choque_20pct_temporario,temporario,0.8,0.19999999999999996,False,10,51,12,8546354.38845853,0.1399068941895328,0.07445219840264805,0.17621348149296875,-0.02637833189497274
choque_20pct_temporario,temporario,0.8,0.19999999999999996,False,10,51,13,8750120.396503568,0.12711440106700272,0.054476792557287324,0.16846211073857104,-0.03299499898300479
choque_20pct_temporario,temporario,0.8,0.19999999999999996,False,10,51,14,9246484.218166662,0.1059861194034295,0.0411873669965761,0.15023944616067803,-0.03111981353326911
choque_20pct_temporario,temporario,0.8,0.19999999999999996,False,10,51,15,9764352.521785244,0.07924393455248488,0.041304383277726675,0.13149278229144493,-0.023268196111536393
choque_20pct_temporario,temporario,0.8,0.19999999999999996,False,10,51,16,10308121.917749245,0.05802212274152738,0.06211510847631008,0.11515566001204318,-0.015388732304042058
choque_20pct_temporario,temporario,0.8,0.19999999999999996,False,10,51,17,10694527.26850248,0.049587109976841216,0.10922723610172969,0.10740355931746375,-0.003122592487846034
choque_20pct_temporario,temporario,0.8,0.19999999999999996,False,10,51,18,10949118.870237349,0.05527969859277759,0.17064352734487032,0.11611313259771187,0.011173707201086253
choque_20pct_temporario,temporario,0.8,0.19999999999999996,False,10,51,19,11036432.61259953,0.07231417684876244,0.21614025714491025,0.1444023058582753,0.016308640605848024
choque_20pct_temporario,temporario,0.8,0.19999999999999996,False,10,51,20,11004331.25996288,0.08454749063380591,0.2329632948892646,0.1705521387579066,0.010638180241443876
choque_20pct_temporario,temporario,0.8,0.19999999999999996,False,10,51,21,10754156.44088283,0.09254992703243493,0.22597236212891247,0.18404550146991994,-0.0034375104063332955
choque_20pct_temporario,temporario,0.8,0.19999999999999996,False,10,51,22,10633357.34712914,0.09349269627215517,0.20175843721652553,0.1930487475908526,-0.01994109020005462
choque_20pct_temporario,temporario,0.8,0.19999999999999996,False,10,51,23,10450356.944539273,0.09938333695642555,0.17511345449410753,0.20035114995310543,-0.034419663761675656
choque_20pct_temporario,temporario,0.8,0.19999999999999996,False,10,51,24,10635480.234847702,0.09140387269593718,0.1431641765161218,0.20052006576444786,-0.04768473925757025
choque_20pct_temporario,temporario,0.8,0.19999999999999996,False,10,51,25,10983545.585039305,0.07386423705022577,0.12628760549313411,0.18519612847793446,-0.04777419299998231
choque_20pct_temporario,temporario,0.8,0.19999999999999996,False,11,52,0,7609597.0,0.138,0.03,0.12063832026847152,0.010583740505574736
choque_20pct_temporario,temporario,0.8,0.19999999999999996,False,11,52,1,7652724.38733265,0.14039181650999813,0.030000000000000027,0.11859183719691781,0.007984885903803248
choque_20pct_temporario,temporario,0.8,0.19999999999999996,False,11,52,2,7794150.70035044,0.13522708141572493,0.024181342948803586,0.12055946615055155,0.004474582070652111
choque_20pct_temporario,temporario,0.8,0.19999999999999996,False,11,52,3,8045408.101835962,0.125016729793005,0.02685070248142485,0.11179698091246432,0.006333034331458802
choque_20pct_temporario,temporario,0.8,0.19999999999999996,False,11,52,4,8421298.268562252,0.10971390983816728,0.030149964508237037,0.10454853378646511,0.004937923117649243
choque_20pct_temporario,temporario,0.8,0.19999999999999996,False,11,52,5,8616359.438265968,0.09691370166328032,0.04712773844593077,0.09891722177169983,0.011624546677591151
choque_20pct_temporario,temporario,0.8,0.19999999999999996,False,11,52,6,8717127.279101506,0.09403583295642892,0.06336335624087486,0.10273249918191459,0.012240234761289532
choque_20pct_temporario,temporario,0.8,0.19999999999999996,False,11,52,7,8788651.092965182,0.10075644306475519,0.08482477549138667,0.11246121195102031,0.011138669227882857
choque_20pct_temporario,temporario,0.8,0.19999999999999996,False,11,52,8,8745926.376896229,0.11477281762842496,0.09642622200091333,0.13090561744327228,0.003650708280137883
choque_20pct_temporario,temporario,0.8,0.19999999999999996,False,11,52,9,8647067.77729289,0.12643943291469903,0.09895186714060933,0.14728118913688598,-3.137096596821119e-06
choque_20pct_temporario,temporario,0.8,0.19999999999999996,False,11,52,10,8623935.46911403,0.13007067211660966,0.08947592746983779,0.1578631791892991,-0.008617635666131773
choque_20pct_temporario,temporario,0.8,0.19999999999999996,False,11,52,11,8600947.782765402,0.1333849090362337,0.07732359842851455,0.16358785730865175,-0.01634124932068688
choque_20pct_temporario,temporario,0.8,0.19999999999999996,False,11,52,12,8669724.636177754,0.1325814703311218,0.061690335614552394,0.16624813383740503,-0.02304307372177475
choque_20pct_temporario,temporario,0.8,0.19999999999999996,False,11,52,13,8928047.530738886,0.1185575303547512,0.04902829445121504,0.15784546592901624,-0.0258517191561977
choque_20pct_temporario,temporario,0.8,0.19999999999999996,False,11,52,14,9404984.47617139,0.0963106007928922,0.0437100704877853,0.14145447031737876,-0.024735914467588643
choque_20pct_temporario,temporario,0.8,0.19999999999999996,False,11,52,15,9931385.036654012,0.07286370094258053,0.053496532156563914,0.1249760085302481,-0.01734639645063384
choque_20pct_temporario,temporario,0.8,0.19999999999999996,False,11,52,16,10236388.723135239,0.059438809084559535,0.08185642040437746,0.1153310610331049,-0.010145942133893884
choque_20pct_temporario,temporario,0.8,0.19999999999999996,False,11,52,17,10693070.86867811,0.054356881786527624,0.12749044950527244,0.11364919546481782,-0.0010735749893798785
choque_20pct_temporario,temporario,0.8,0.19999999999999996,False,11,52,18,10875017.58313918,0.05867861614378573,0.18018807288970762,0.12443682222512377,0.00797816876234896
choque_20pct_temporario,temporario,0.8,0.19999999999999996,False,11,52,19,10941981.010944137,0.0748589020039926,0.21762027536611894,0.14723124651104735,0.010425441660738936
choque_20pct_temporario,temporario,0.8,0.19999999999999996,False,11,52,20,10843825.03681493,0.08661714048016603,0.22558689698113454,0.17359928405135375,0.005458083524893787
choque_20pct_temporario,temporario,0.8,0.19999999999999996,False,11,52,21,10747965.656428378,0.08994423176650154,0.21407317763150857,0.18390695033898882,-0.004726265201181181
choque_20pct_temporario,temporario,0.8,0.19999999999999996,False,11,52,22,10440783.472425157,0.1011664258930598,0.19123001869559175,0.19785085678972705,-0.021096109640009308
choque_20pct_temporario,temporario,0.8,0.19999999999999996,False,11,52,23,10382826.50524115,0.10636535933298162,0.16044048176123438,0.20902766641988915,-0.03877379780591055
choque_20pct_temporario,temporario,0.8,0.19999999999999996,False,11,52,24,10448663.190581419,0.10023521365505789,0.13014805072948854,0.2065191852778828,-0.0522402305383429
choque_20pct_temporario,temporario,0.8,0.19999999999999996,False,11,52,25,10946280.81368143,0.07678835348319492,0.10765003636292758,0.18790900814096612,-0.053696208963584104
choque_20pct_temporario,temporario,0.8,0.19999999999999996,False,12,53,0,7609597.0,0.138,0.03,0.12063832026847152,0.010583740505574736
choque_20pct_temporario,temporario,0.8,0.19999999999999996,False,12,53,1,7652724.38733265,0.14039181650999813,0.030000000000000027,0.11859183719691781,0.007984885903803248
choque_20pct_temporario,temporario,0.8,0.19999999999999996,False,12,53,2,7810046.971376143,0.13522708141572493,0.024171673884584965,0.12046543237799465,0.0018144858104566254
choque_20pct_temporario,temporario,0.8,0.19999999999999996,False,12,53,3,8087844.994179144,0.12398966059012682,0.026889909704855164,0.11135094701790316,0.0014586061754799763
choque_20pct_temporario,temporario,0.8,0.19999999999999996,False,12,53,4,8395421.426605148,0.10672299870031342,0.03067375202996403,0.10237724749614502,0.006233183318655189
choque_20pct_temporario,temporario,0.8,0.19999999999999996,False,12,53,5,8719127.38573824,0.09182278932119177,0.050405688356332634,0.0932336986601044,0.014569483886010622
choque_20pct_temporario,temporario,0.8,0.19999999999999996,False,12,53,6,8811877.22078692,0.08483022874441305,0.06891353633463027,0.09638470789781269,0.012095840646564819
choque_20pct_temporario,temporario,0.8,0.19999999999999996,False,12,53,7,8896300.915780466,0.09441058411043375,0.09679942170705558,0.10508869422679112,0.013466459324976183
choque_20pct_temporario,temporario,0.8,0.19999999999999996,False,12,53,8,8837461.637493046,0.10968797428131473,0.11010786623335833,0.1286718876890867,0.011984005852843817
choque_20pct_temporario,temporario,0.8,0.19999999999999996,False,12,53,9,8673994.557411041,0.12665174389480807,0.11436890904269181,0.14896818015162733,0.0038807771600433585
choque_20pct_temporario,temporario,0.8,0.19999999999999996,False,12,53,10,8517504.27940604,0.13880676360235344,0.1011621806340468,0.16757391759330176,-0.007251284836067417
choque_20pct_temporario,temporario,0.8,0.19999999999999996,False,12,53,11,8420053.217576869,0.1454274751450008,0.08259723405467057,0.17693258385657068,-0.020301789769715712
choque_20pct_temporario,temporario,0.8,0.19999999999999996,False,12,53,12,8484090.873916313,0.14345786323298154,0.06007310964848833,0.1767958932489433,-0.030405894727021363
choque_20pct_temporario,temporario,0.8,0.19999999999999996,False,12,53,13,8869882.079205396,0.12445208562911776,0.04062153560574,0.1618051036752435,-0.03288807983527202
choque_20pct_temporario,temporario,0.8,0.19999999999999996,False,12,53,14,9378908.110638514,0.09630605854540344,0.03192203119217907,0.141284423738233,-0.02803391510088209
choque_20pct_temporario,temporario,0.8,0.19999999999999996,False,12,53,15,9962676.0217325,0.06901363727418644,0.04078608719116761,0.1208483344653395,-0.021388642307932904
choque_20pct_temporario,temporario,0.8,0.19999999999999996,False,12,53,16,10366097.210659998,0.05645899872646357,0.07415309049485663,0.10877824410021938,-0.013595783027049483
choque_20pct_temporario,temporario,0.8,0.19999999999999996,False,12,53,17,10718791.4941687,0.0525322831751962,0.12627257457950902,0.10952417878456198,0.0005505474868178862
choque_20pct_temporario,temporario,0.8,0.19999999999999996,False,12,53,18,10969741.292890692,0.057268057594933405,0.183647285273435,0.12096030024545668,0.012555639222281442
choque_20pct_temporario,temporario,0.8,0.19999999999999996,False,12,53,19,11082894.055752221,0.06904270466044528,0.22512844735842696,0.14331793052785427,0.015461728010978691
choque_20pct_temporario,temporario,0.8,0.19999999999999996,False,12,53,20,10977582.908216374,0.08475321631615854,0.23888167312989483,0.16931189650974263,0.010272780219056407
choque_20pct_temporario,temporario,0.8,0.19999999999999996,False,12,53,21,10623407.007127475,0.10152574658711724,0.22771568558100097,0.19432350532015824,-0.006722636457542719
choque_20pct_temporario,temporario,0.8,0.19999999999999996,False,12,53,22,10323228.687940465,0.11388636928220702,0.1965900718725293,0.21114519319812505,-0.02658733951703197
choque_20pct_temporario,temporario,0.8,0.19999999999999996,False,12,53,23,10233480.144575186,0.11164265106234036,0.15698868252650788,0.21491731961354268,-0.04701256484377385
choque_20pct_temporario,temporario,0.8,0.19999999999999996,False,12,53,24,10330533.363476453,0.1021431223070672,0.12009157227325096,0.20673483221185585,-0.05736381636101878
choque_20pct_temporario,temporario,0.8,0.19999999999999996,False,12,53,25,11069790.8543125,0.07038133007664521,0.09525984463742665,0.18198937342516744,-0.056717429534496794
choque_20pct_temporario,temporario,0.8,0.19999999999999996,False,13,54,0,7609597.0,0.138,0.03,0.12063832026847152,0.010583740505574736
choque_20pct_temporario,temporario,0.8,0.19999999999999996,False,13,54,1,7652724.38733265,0.14039181650999813,0.030000000000000027,0.11859183719691781,0.007984885903803248
choque_20pct_temporario,temporario,0.8,0.19999999999999996,False,13,54,2,7807882.025855416,0.1352284517914167,0.024191249950330507,0.12042664381191594,0.00693153572118296
choque_20pct_temporario,temporario,0.8,0.19999999999999996,False,13,54,3,8010822.675969156,0.12609412635990758,0.02682132259231884,0.11362985002848908,0.003909160612021878
choque_20pct_temporario,temporario,0.8,0.19999999999999996,False,13,54,4,8353037.674028627,0.1122005496088554,0.029735017778547812,0.10600443750644371,0.00784903943743556
choque_20pct_temporario,temporario,0.8,0.19999999999999996,False,13,54,5,8572478.455064712,0.09755485628611367,0.04541801544813184,0.10011441710938371,0.008648178055898957
choque_20pct_temporario,temporario,0.8,0.19999999999999996,False,13,54,6,8773204.571031885,0.09076648609711993,0.06153019778484503,0.09920956924022932,0.011982573012366129
choque_20pct_temporario,temporario,0.8,0.19999999999999996,False,13,54,7,8936305.18045349,0.09051285491538157,0.0852492712746662,0.1040906562483339,0.010016576877864839
choque_20pct_temporario,temporario,0.8,0.19999999999999996,False,13,54,8,8919155.994803667,0.10065187780487689,0.10365875323358509,0.11797572902906443,0.011805612765313356
choque_20pct_temporario,temporario,0.8,0.19999999999999996,False,13,54,9,8878549.987529015,0.10946588803480656,0.1137110486151105,0.13544716460528916,0.00635986314409598
choque_20pct_temporario,temporario,0.8,0.19999999999999996,False,13,54,10,8736332.940610547,0.1249692856820526,0.11233117824925642,0.15320290600049138,-0.003880691878891232
choque_20pct_temporario,temporario,0.8,0.19999999999999996,False,13,54,11,8589407.60911926,0.13741802162781916,0.09853662434067623,0.17049883664490958,-0.01187313593993642
choque_20pct_temporario,temporario,0.8,0.19999999999999996,False,13,54,12,8622966.714575691,0.13706929204327764,0.0779775533350211,0.17491317106274065,-0.020727137302314784
choque_20pct_temporario,temporario,0.8,0.19999999999999996,False,13,54,13,8802431.873093303,0.12662361342488082,0.05780680706690022,0.16850857224342622,-0.02919497257006235
choque_20pct_temporario,temporario,0.8,0.19999999999999996,False,13,54,14,9145057.929099692,0.1087883012490317,0.045464789376490566,0.15427518267044577,-0.030528943930426728
choque_20pct_temporario,temporario,0.8,0.19999999999999996,False,13,54,15,9731899.926780537,0.08190863321927833,0.04453592604326495,0.13477347309429621,-0.025538574546248857
choque_20pct_temporario,temporario,0.8,0.19999999999999996,False,13,54,16,10299171.003262976,0.05662411585993521,0.06468117427281106,0.1157325440755248,-0.016392777373539738
choque_20pct_temporario,temporario,0.8,0.19999999999999996,False,13,54,17,10699733.17601226,0.04816557208598502,0.11204078377599891,0.10510560730788365,-0.000397805573153342
choque_20pct_temporario,temporario,0.8,0.19999999999999996,False,13,54,18,10895262.040404726,0.05835696572010589,0.17404142695660396,0.11699441699935229,0.01151588353473403
choque_20pct_temporario,temporario,0.8,0.19999999999999996,False,13,54,19,10982050.561080828,0.07298964627670063,0.21582547334543656,0.14917070671987373,0.013819905667929103
choque_20pct_temporario,temporario,0.8,0.19999999999999996,False,13,54,20,10965321.755500881,0.07980156396253828,0.23064945714968,0.16777568242705435,0.009400786088245214
choque_20pct_temporario,temporario,0.8,0.19999999999999996,False,13,54,21,10733295.033170639,0.08892694415903661,0.22559752240823228,0.18124539848894092,-0.003369664075106663
choque_20pct_temporario,temporario,0.8,0.19999999999999996,False,13,54,22,10518990.179163404,0.10053522358888517,0.20322811271475572,0.19825446922965004,-0.020791694482256713
choque_20pct_temporario,temporario,0.8,0.19999999999999996,False,13,54,23,10454206.028043574,0.10155538706864953,0.17242385114376702,0.2057649977300449,-0.035823029485183136
choque_20pct_temporario,temporario,0.8,0.19999999999999996,False,13,54,24,10537830.514237257,0.0947207872303659,0.14137636207346582,0.20125938152804798,-0.048864555117445314
choque_20pct_temporario,temporario,0.8,0.19999999999999996,False,13,54,25,11055963.43731791,0.0723097113714608,0.11947402105458793,0.18356959906968412,-0.0465260234045792
choque_20pct_temporario,temporario,0.8,0.19999999999999996,False,14,55,0,7609597.0,0.138,0.03,0.12063832026847152,0.010583740505574736
choque_20pct_temporario,temporario,0.8,0.19999999999999996,False,14,55,1,7652724.38733265,0.14039181650999813,0.030000000000000027,0.11859183719691781,0.007984885903803248
choque_20pct_temporario,temporario,0.8,0.19999999999999996,False,14,55,2,7803747.8971590325,0.13522708141572493,0.024175498106025595,0.120415382402965,0.0032971674482037134
choque_20pct_temporario,temporario,0.8,0.19999999999999996,False,14,55,3,8074617.987863225,0.12423025497525701,0.02688704207308823,0.11150621873013597,0.003946045070084616
choque_20pct_temporario,temporario,0.8,0.19999999999999996,False,14,55,4,8376568.068342616,0.10717627813955055,0.030506877646086616,0.10282315139671222,0.005642319273890538
choque_20pct_temporario,temporario,0.8,0.19999999999999996,False,14,55,5,8693232.229969762,0.0908826548049303,0.04953569748716791,0.09344370203141554,0.011688246666760365
choque_20pct_temporario,temporario,0.8,0.19999999999999996,False,14,55,6,8893346.745901309,0.08208575078470215,0.0690737329245561,0.09331862215321525,0.015290385888089014
choque_20pct_temporario,temporario,0.8,0.19999999999999996,False,14,55,7,8959207.126286205,0.09118867944922328,0.09890470467513546,0.10200039104569439,0.017349334254630523
choque_20pct_temporario,temporario,0.8,0.19999999999999996,False,14,55,8,8839600.135355057,0.10907595692839811,0.1146633837907658,0.1282324366112334,0.012740185639846276
choque_20pct_temporario,temporario,0.8,0.19999999999999996,False,14,55,9,8744997.24886999,0.1256316155862949,0.11866131356241216,0.1480262889573874,0.010028845466709997
choque_20pct_temporario,temporario,0.8,0.19999999999999996,False,14,55,10,8518848.535858693,0.14002795995231512,0.10660099932992684,0.1680225756508698,-0.005145194516453155
choque_20pct_temporario,temporario,0.8,0.19999999999999996,False,14,55,11,8401683.876345094,0.14710294001973184,0.08692377563258757,0.17886866981080243,-0.01955054397766074
choque_20pct_temporario,temporario,0.8,0.19999999999999996,False,14,55,12,8424215.854000812,0.146464763110361,0.06227413742980148,0.18168406736064682,-0.03268973803151251
choque_20pct_temporario,temporario,0.8,0.19999999999999996,False,14,55,13,8614951.3447815,0.1377193060252268,0.040207017402344114,0.17402978438724714,-0.03828148200188573
choque_20pct_temporario,temporario,0.8,0.19999999999999996,False,14,55,14,9226425.892216431,0.11307028431920844,0.02570759590866789,0.154084818908413,-0.03938161828004814
choque_20pct_temporario,temporario,0.8,0.19999999999999996,False,14,55,15,9707131.15515043,0.08462585494637055,0.02456823388618301,0.13408226021611874,-0.02814110038628117
choque_20pct_temporario,temporario,0.8,0.19999999999999996,False,14,55,16,10185876.673227267,0.06408512586880136,0.04573966184114986,0.11834166360047045,-0.017370591382908775
choque_20pct_temporario,temporario,0.8,0.19999999999999996,False,14,55,17,10514899.315470997,0.055828700477943784,0.088495516737503,0.1125133690774546,-0.006247349145983604
choque_20pct_temporario,temporario,0.8,0.19999999999999996,False,14,55,18,10867620.024936764,0.05738288687727839,0.14291839486060676,0.11881571556148782,0.0038081577225982824
choque_20pct_temporario,temporario,0.8,0.19999999999999996,False,14,55,19,11088312.58271774,0.06349098237927046,0.1915752934597741,0.1356133866771217,0.011948010504027039
choque_20pct_temporario,temporario,0.8,0.19999999999999996,False,14,55,20,11178002.591498734,0.06901763151268872,0.22408095009787288,0.15202629981296523,0.011802571930722254
choque_20pct_temporario,temporario,0.8,0.19999999999999996,False,14,55,21,11166992.555402579,0.073754064378598,0.23554690877911866,0.16553601910428806,0.006135005145334414
choque_20pct_temporario,temporario,0.8,0.19999999999999996,False,14,55,22,10952151.97203941,0.0843568449885144,0.23151224385413838,0.18260878109859066,-0.007075670205413366
choque_20pct_temporario,temporario,0.8,0.19999999999999996,False,14,55,23,10788209.240393963,0.09595565924847813,0.210860952484476,0.1999693228795593,-0.02063483853408653
choque_20pct_temporario,temporario,0.8,0.19999999999999996,False,14,55,24,10688937.132973904,0.09443124955498795,0.1808062020180543,0.2069994377121834,-0.0365987306124962
choque_20pct_temporario,temporario,0.8,0.19999999999999996,False,14,55,25,10952323.573174957,0.08029778168601052,0.1533933866140722,0.19483944009796383,-0.046131277459913696
choque_20pct_temporario,temporario,0.8,0.19999999999999996,False,15,56,0,7609597.0,0.138,0.03,0.12063832026847152,0.010583740505574736
choque_20pct_temporario,temporario,0.8,0.19999999999999996,False,15,56,1,7652724.38733265,0.14039181650999813,0.030000000000000027,0.11859183719691781,0.007984885903803248
choque_20pct_temporario,temporario,0.8,0.19999999999999996,False,15,56,2,7803739.127105768,0.13522708141572493,0.024178098798171233,0.12051654365317306,0.0031981574481878784
choque_20pct_temporario,temporario,0.8,0.19999999999999996,False,15,56,3,8065391.775771203,0.12431866702072024,0.026870259070886693,0.1111530460226252,0.007187670970995964
choque_20pct_temporario,temporario,0.8,0.19999999999999996,False,15,56,4,8387501.122808974,0.10714595804044674,0.03046905717065429,0.10368308254123614,0.006782423317646223
choque_20pct_temporario,temporario,0.8,0.19999999999999996,False,15,56,5,8602312.111928655,0.09563951651848454,0.04908092579456791,0.09678271846380723,0.00921107017358119
choque_20pct_temporario,temporario,0.8,0.19999999999999996,False,15,56,6,8828909.378935177,0.08890622985996777,0.06576985234774924,0.09826949895489104,0.01393543398529069
choque_20pct_temporario,temporario,0.8,0.19999999999999996,False,15,56,7,8904900.999210667,0.09185308171771339,0.09106814076074565,0.10548111785300435,0.013858826494007975
choque_20pct_temporario,temporario,0.8,0.19999999999999996,False,15,56,8,8799678.622295795,0.10899244433687114,0.10719297035504138,0.12642226780245064,0.009660165786759458
choque_20pct_temporario,temporario,0.8,0.19999999999999996,False,15,56,9,8707095.478653083,0.1238604787720795,0.1118018649967163,0.14731615623723637,0.0033951894238044107
choque_20pct_temporario,temporario,0.8,0.19999999999999996,False,15,56,10,8564615.046614043,0.13551047743327613,0.10262007877803692,0.16259802369103443,-0.00651884462371104
choque_20pct_temporario,temporario,0.8,0.19999999999999996,False,15,56,11,8518011.55139142,0.13712053863897292,0.084963948015778,0.17071477342689473,-0.01760126362929206
choque_20pct_temporario,temporario,0.8,0.19999999999999996,False,15,56,12,8653804.116994774,0.1329625695661056,0.06593576510627908,0.16825102323073865,-0.026857267029770426
choque_20pct_temporario,temporario,0.8,0.19999999999999996,False,15,56,13,8884375.563828988,0.12040027057584307,0.04883326975160629,0.1600202914967421,-0.027512343238828004
choque_20pct_temporario,temporario,0.8,0.19999999999999996,False,15,56,14,9447083.990727104,0.09349269318856512,0.0398148458918961,0.14172233938301587,-0.02743701623817181
choque_20pct_temporario,temporario,0.8,0.19999999999999996,False,15,56,15,9889556.624167586,0.07318900224357007,0.04990529496958285,0.12402489095842359,-0.01953565978553011
choque_20pct_temporario,temporario,0.8,0.19999999999999996,False,15,56,16,10361713.741684271,0.056843352245268645,0.07837293669357925,0.11416686823065154,-0.011369894274374428
choque_20pct_temporario,temporario,0.8,0.19999999999999996,False,15,56,17,10717557.53574897,0.053301078037541166,0.12887723293810427,0.1097944806182462,0.0014293983106441692
choque_20pct_temporario,temporario,0.8,0.19999999999999996,False,15,56,18,10878267.709030623,0.06264079484960455,0.18139659413560216,0.1260168748206415,0.010620704997543334
choque_20pct_temporario,temporario,0.8,0.19999999999999996,False,15,56,19,10945056.024792686,0.07588538851521298,0.2157985653126151,0.15218156055883703,0.011915808487869575
choque_20pct_temporario,temporario,0.8,0.19999999999999996,False,15,56,20,10807783.656775696,0.0862232096436717,0.22409266370267278,0.17340232045379333,0.0033134243495152073
choque_20pct_temporario,temporario,0.8,0.19999999999999996,False,15,56,21,10560431.210961143,0.09751181687849672,0.2121212333141873,0.18932013916108528,-0.00777027011969729
choque_20pct_temporario,temporario,0.8,0.19999999999999996,False,15,56,22,10401064.893691862,0.10217983091324122,0.1854955157582252,0.2012808478242141,-0.02525625484266241
choque_20pct_temporario,temporario,0.8,0.19999999999999996,False,15,56,23,10444883.394163655,0.0961523249939238,0.15486611277673878,0.20017369117944778,-0.03874581264658507
choque_20pct_temporario,temporario,0.8,0.19999999999999996,False,15,56,24,10653628.66544649,0.08381857897422625,0.13082476420081846,0.19101625705950834,-0.045988541356826125
choque_20pct_temporario,temporario,0.8,0.19999999999999996,False,15,56,25,11323194.56893793,0.060495263587187924,0.11795233806137984,0.17219083585800665,-0.04499086437799935
choque_20pct_temporario,temporario,0.8,0.19999999999999996,False,16,57,0,7609597.0,0.138,0.03,0.12063832026847152,0.010583740505574736
choque_20pct_temporario,temporario,0.8,0.19999999999999996,False,16,57,1,7652724.38733265,0.14039181650999813,0.030000000000000027,0.11859183719691781,0.007984885903803248
choque_20pct_temporario,temporario,0.8,0.19999999999999996,False,16,57,2,7798149.185335477,0.13522708141572493,0.02417888502677079,0.12050270894061646,0.0034953853031676287
choque_20pct_temporario,temporario,0.8,0.19999999999999996,False,16,57,3,8058476.3955916595,0.12462896071866911,0.02686294330919381,0.11165030530206593,0.004615175905555728
choque_20pct_temporario,temporario,0.8,0.19999999999999996,False,16,57,4,8385237.313331587,0.10741247831602448,0.030342160743449753,0.10345300497362986,0.009326952688435478
choque_20pct_temporario,temporario,0.8,0.19999999999999996,False,16,57,5,8619453.266501585,0.09500651980131082,0.047975125952194775,0.09709276494597856,0.014211893432998916
choque_20pct_temporario,temporario,0.8,0.19999999999999996,False,16,57,6,8789845.755914196,0.09009682752183168,0.0655649998272585,0.09981031373281599,0.01515753090468948
choque_20pct_temporario,temporario,0.8,0.19999999999999996,False,16,57,7,8826854.190735752,0.09842057606957269,0.0898581094971842,0.10945501208564097,0.011869730303764484
choque_20pct_temporario,temporario,0.8,0.19999999999999996,False,16,57,8,8823562.866018916,0.10848114094826121,0.10221373579171456,0.1270916607648006,0.010207092262833303
choque_20pct_temporario,temporario,0.8,0.19999999999999996,False,16,57,9,8801236.897517895,0.11549751934333775,0.10723107279166744,0.1400662708137945,0.0055455481888384535
choque_20pct_temporario,temporario,0.8,0.19999999999999996,False,16,57,10,8678508.603346953,0.12717760726523186,0.10196691470815589,0.15510551241031356,-0.005953095883066299
choque_20pct_temporario,temporario,0.8,0.19999999999999996,False,16,57,11,8585405.749648988,0.13571580582109552,0.08877311395910925,0.16784516409042774,-0.01512279828909378
choque_20pct_temporario,temporario,0.8,0.19999999999999996,False,16,57,12,8620269.350943757,0.13432043258509235,0.07189475085176111,0.17098248866318136,-0.024748942271500412
choque_20pct_temporario,temporario,0.8,0.19999999999999996,False,16,57,13,8841626.263314966,0.12506931333158539,0.05384208323680073,0.1646046119964132,-0.03140502724721781
choque_20pct_temporario,temporario,0.8,0.19999999999999996,False,16,57,14,9202395.591898939,0.10662740696633156,0.04467618444824861,0.15095014936544507,-0.030110104266892992
choque_20pct_temporario,temporario,0.8,0.19999999999999996,False,16,57,15,9877478.626747163,0.07722100668384728,0.04430999326831753,0.13042425262317645,-0.023067485365657295
choque_20pct_temporario,temporario,0.8,0.19999999999999996,False,16,57,16,10321666.294964565,0.056249036674544256,0.06999351606167892,0.11319708764006339,-0.012131982124501261
choque_20pct_temporario,temporario,0.8,0.19999999999999996,False,16,57,17,10648145.225221612,0.051656810667242176,0.1171343832186782,0.10875068993462411,-0.0020948168711572837
choque_20pct_temporario,temporario,0.8,0.19999999999999996,False,16,57,18,10848457.545986831,0.06094926645936357,0.17469768549837972,0.12314720747092632,0.009988354131885174
choque_20pct_temporario,temporario,0.8,0.19999999999999996,False,16,57,19,10945207.297134968,0.07376265854388607,0.2121835284645568,0.15025215923584131,0.013408919998919185
choque_20pct_temporario,temporario,0.8,0.19999999999999996,False,16,57,20,10942758.354210623,0.08148837135711104,0.22556040573182434,0.16795209993252264,0.007394230539799539
choque_20pct_temporario,temporario,0.8,0.19999999999999996,False,16,57,21,10651238.139292264,0.0936690530529814,0.21908012825236445,0.18531388297836912,-0.0085437753489742
choque_20pct_temporario,temporario,0.8,0.19999999999999996,False,16,57,22,10443958.554792294,0.1059688233939597,0.1942905071306884,0.2025707793182358,-0.021973366457578504
choque_20pct_temporario,temporario,0.8,0.19999999999999996,False,16,57,23,10350369.153268065,0.10502519660496262,0.16221983625410452,0.20937300462552438,-0.041325807048046365
choque_20pct_temporario,temporario,0.8,0.19999999999999996,False,16,57,24,10539210.860780016,0.09419536120923153,0.13003559593379688,0.19964424502496098,-0.04950898467040401
choque_20pct_temporario,temporario,0.8,0.19999999999999996,False,16,57,25,11123980.151094215,0.06710191830502836,0.11119897867766593,0.17894408262623981,-0.049564991131676166
choque_20pct_temporario,temporario,0.8,0.19999999999999996,False,17,58,0,7609597.0,0.138,0.03,0.12063832026847152,0.010583740505574736
choque_20pct_temporario,temporario,0.8,0.19999999999999996,False,17,58,1,7652724.38733265,0.14039181650999813,0.030000000000000027,0.11859183719691781,0.007984885903803248
choque_20pct_temporario,temporario,0.8,0.19999999999999996,False,17,58,2,7802161.346453733,0.13522791937893172,0.024174926556558063,0.12037381947310465,0.0028043715900083316
choque_20pct_temporario,temporario,0.8,0.19999999999999996,False,17,58,3,8059652.985903531,0.12473132222678276,0.026858027179900823,0.11102645403276418,0.005185265446354202
choque_20pct_temporario,temporario,0.8,0.19999999999999996,False,17,58,4,8453070.564015096,0.10693851959265516,0.030329238507252443,0.10211269007592062,0.00914744216823397
choque_20pct_temporario,temporario,0.8,0.19999999999999996,False,17,58,5,8598599.008495675,0.0948604360475864,0.04993393720627837,0.09618224236389833,0.014195498424648395
choque_20pct_temporario,temporario,0.8,0.19999999999999996,False,17,58,6,8777308.769310018,0.08995217634755866,0.06635153821814188,0.09997382226411666,0.012944250631738383
choque_20pct_temporario,temporario,0.8,0.19999999999999996,False,17,58,7,8826137.563248385,0.09824847852062114,0.09073471582727155,0.10949927480795231,0.012620009074107945
choque_20pct_temporario,temporario,0.8,0.19999999999999996,False,17,58,8,8763782.585766684,0.11336729134909135,0.10222161289531817,0.13107217222442508,0.004075098221357467
choque_20pct_temporario,temporario,0.8,0.19999999999999996,False,17,58,9,8637128.281028118,0.12595320549043923,0.10489953916179351,0.14785359793213446,-0.0022897299040211404
choque_20pct_temporario,temporario,0.8,0.19999999999999996,False,17,58,10,8691180.746161921,0.12567159394263047,0.09357755688296132,0.1553687389361807,-0.00802893024263172
choque_20pct_temporario,temporario,0.8,0.19999999999999996,False,17,58,11,8702241.735835174,0.12554927458119305,0.0825956278995128,0.1571071923014115,-0.016098967644311016
choque_20pct_temporario,temporario,0.8,0.19999999999999996,False,17,58,12,8822513.53406069,0.11973803205890746,0.06776114338524897,0.1579334350347873,-0.02389163156990071
choque_20pct_temporario,temporario,0.8,0.19999999999999996,False,17,58,13,9111491.23045338,0.10723906113508745,0.058873079549361274,0.149089530173444,-0.02336631517329086
choque_20pct_temporario,temporario,0.8,0.19999999999999996,False,17,58,14,9490645.800851159,0.08997584623163735,0.05716723239738308,0.13799723036907038,-0.020932410526533538
choque_20pct_temporario,temporario,0.8,0.19999999999999996,False,17,58,15,9900354.51779772,0.07224601435075954,0.06950182923793036,0.12555183487477867,-0.015538153607665885
choque_20pct_temporario,temporario,0.8,0.19999999999999996,False,17,58,16,10334251.421096625,0.05980631817716877,0.0973078343438678,0.11638343439323309,-0.00426871594171987
choque_20pct_temporario,temporario,0.8,0.19999999999999996,False,17,58,17,10652736.33150059,0.05573321809269766,0.13977049371110017,0.11692438097185467,0.0003878971093565495
choque_20pct_temporario,temporario,0.8,0.19999999999999996,False,17,58,18,10825133.0932964,0.06368101344334974,0.18533464746657224,0.1288718437710128,0.010644277225527764
choque_20pct_temporario,temporario,0.8,0.19999999999999996,False,17,58,19,10846479.743689423,0.07456087842911213,0.21282697246100035,0.1532040738929867,0.010308489617697264
choque_20pct_temporario,temporario,0.8,0.19999999999999996,False,17,58,20,10797692.780521728,0.08269687419031693,0.22038869230505953,0.169978219843428,0.004570139919684671
choque_20pct_temporario,temporario,0.8,0.19999999999999996,False,17,58,21,10578414.158834439,0.09326076519075284,0.20990688551026082,0.18649414619460045,-0.011189861544597935
choque_20pct_temporario,temporario,0.8,0.19999999999999996,False,17,58,22,10429226.210247299,0.10418236846131357,0.18668606978635527,0.2001728418967475,-0.027570134417389813
choque_20pct_temporario,temporario,0.8,0.19999999999999996,False,17,58,23,10403059.01856566,0.10227040935864812,0.15461087226779902,0.20428619365209952,-0.038683654092873866
choque_20pct_temporario,temporario,0.8,0.19999999999999996,False,17,58,24,10788444.886098402,0.08066630809990169,0.12672671282236259,0.18927345483841623,-0.048582950314518675
choque_20pct_temporario,temporario,0.8,0.19999999999999996,False,17,58,25,11380888.378768386,0.05361705839683124,0.11839053267726607,0.16484750828824365,-0.042520201531768026
choque_20pct_temporario,temporario,0.8,0.19999999999999996,False,18,59,0,7609597.0,0.138,0.03,0.12063832026847152,0.010583740505574736
choque_20pct_temporario,temporario,0.8,0.19999999999999996,False,18,59,1,7652724.38733265,0.14039181650999813,0.030000000000000027,0.11859183719691781,0.007984885903803248
choque_20pct_temporario,temporario,0.8,0.19999999999999996,False,18,59,2,7795331.867327983,0.13522708141572493,0.0241798548657024,0.12054274951344701,0.0039060437221932294
choque_20pct_temporario,temporario,0.8,0.19999999999999996,False,18,59,3,8076751.23502447,0.12376025350159268,0.026841265069014852,0.11144878433202092,0.005049452077611797
choque_20pct_temporario,temporario,0.8,0.19999999999999996,False,18,59,4,8398153.82331242,0.10856080677944041,0.030715111787881444,0.10452471034896345,0.010690508268069185
choque_20pct_temporario,temporario,0.8,0.19999999999999996,False,18,59,5,8515731.406178957,0.09891747428959828,0.048535634669629735,0.10091822838204306,0.01033145441945884
choque_20pct_temporario,temporario,0.8,0.19999999999999996,False,18,59,6,8720070.263639309,0.09550586341212285,0.06334004754786138,0.10304397587088311,0.008806789023719832
choque_20pct_temporario,temporario,0.8,0.19999999999999996,False,18,59,7,8878418.742669312,0.09538592666869981,0.08409447613638421,0.1078297334635698,0.01180768521963532
choque_20pct_temporario,temporario,0.8,0.19999999999999996,False,18,59,8,8878637.650084596,0.10171245551430602,0.0985162975513405,0.12091758234689239,0.008354072763826886
choque_20pct_temporario,temporario,0.8,0.19999999999999996,False,18,59,9,8819699.485748015,0.11316765442864823,0.10745106788826364,0.13632203006517166,0.004060646691219878
choque_20pct_temporario,temporario,0.8,0.19999999999999996,False,18,59,10,8721737.308440978,0.12507177139540715,0.1038674964830566,0.15336083321042895,-0.0015159795185783133
choque_20pct_temporario,temporario,0.8,0.19999999999999996,False,18,59,11,8674481.558426924,0.13092102136535802,0.09224211562999973,0.1644869322475812,-0.012113044723040915
choque_20pct_temporario,temporario,0.8,0.19999999999999996,False,18,59,12,8624345.030319707,0.13354629873415833,0.07682257052336916,0.17119617524397854,-0.0219811694279946
choque_20pct_temporario,temporario,0.8,0.19999999999999996,False,18,59,13,8772834.632853465,0.12762127566295603,0.05985811949854658,0.16844305896709844,-0.031179731600577253
choque_20pct_temporario,temporario,0.8,0.19999999999999996,False,18,59,14,9173452.483876724,0.11008292413179627,0.04838826428196241,0.15388929189894246,-0.029651882351896655
choque_20pct_temporario,temporario,0.8,0.19999999999999996,False,18,59,15,9838202.639925241,0.07896317353522421,0.045637382572456975,0.132877805518768,-0.021666431764393975
choque_20pct_temporario,temporario,0.8,0.19999999999999996,False,18,59,16,10246424.171560815,0.05654467845533415,0.06773199521041406,0.11491218924094104,-0.013715704617205997
choque_20pct_temporario,temporario,0.8,0.19999999999999996,False,18,59,17,10649460.162476819,0.05122464086000409,0.11373673161206654,0.10789300403767138,-0.0033961495648608766
choque_20pct_temporario,temporario,0.8,0.19999999999999996,False,18,59,18,10923557.441072134,0.055803740356113504,0.17166247034517412,0.11897832558048291,0.00907654289945889
choque_20pct_temporario,temporario,0.8,0.19999999999999996,False,18,59,19,11106227.745547002,0.06484160499824924,0.21702888400570286,0.1390415043890559,0.014878339833317258
choque_20pct_temporario,temporario,0.8,0.19999999999999996,False,18,59,20,11144399.211152652,0.07143280621928995,0.23898320854367072,0.15795601564688086,0.01265124886709524
choque_20pct_temporario,temporario,0.8,0.19999999999999996,False,18,59,21,10975869.580852378,0.08242852599329793,0.2413088600180513,0.17364427492064563,0.005600465562733733
choque_20pct_temporario,temporario,0.8,0.19999999999999996,False,18,59,22,10728580.207546808,0.09533761398501976,0.22364310358471973,0.19448582701917722,-0.013598085317201209
choque_20pct_temporario,temporario,0.8,0.19999999999999996,False,18,59,23,10501187.25109264,0.10450077840656727,0.1920203953198143,0.20894349228468515,-0.030770305141862717
choque_20pct_temporario,temporario,0.8,0.19999999999999996,False,18,59,24,10466234.32416243,0.10179154406219526,0.15743713459584496,0.21029043616592144,-0.0458143602233393
choque_20pct_temporario,temporario,0.8,0.19999999999999996,False,18,59,25,10795166.746272825,0.08291858720142507,0.1264602673400721,0.19636405301963175,-0.05337664222008754
choque_20pct_temporario,temporario,0.8,0.19999999999999996,False,19,60,0,7609597.0,0.138,0.03,0.12063832026847152,0.010583740505574736
choque_20pct_temporario,temporario,0.8,0.19999999999999996,False,19,60,1,7652724.38733265,0.14039181650999813,0.030000000000000027,0.11859183719691781,0.007984885903803248
choque_20pct_temporario,temporario,0.8,0.19999999999999996,False,19,60,2,7801015.79439375,0.13522708141572493,0.02416779563427518,0.12036188788452327,0.0013312017868427292
choque_20pct_temporario,temporario,0.8,0.19999999999999996,False,19,60,3,8078810.5600800365,0.12319753467485918,0.026894303678024034,0.1102956269785451,0.004462778928094357
choque_20pct_temporario,temporario,0.8,0.19999999999999996,False,19,60,4,8453387.904864522,0.10460968212277172,0.030999778610697692,0.10072658162169798,0.010358840622038597
choque_20pct_temporario,temporario,0.8,0.19999999999999996,False,19,60,5,8629131.22451484,0.09288613109370553,0.051667309078312185,0.09454854177493206,0.011797451128613542
choque_20pct_temporario,temporario,0.8,0.19999999999999996,False,19,60,6,8845148.609436383,0.08715602753577015,0.06946275780472999,0.09788494428672248,0.01128759932516066
choque_20pct_temporario,temporario,0.8,0.19999999999999996,False,19,60,7,8875142.66160465,0.09431406459426424,0.09591375301887606,0.10677026643896154,0.011145833930557581
choque_20pct_temporario,temporario,0.8,0.19999999999999996,False,19,60,8,8818174.036078874,0.11121174911809659,0.10870333592842707,0.12791575633830168,0.008869346420299006
choque_20pct_temporario,temporario,0.8,0.19999999999999996,False,19,60,9,8749338.040481446,0.11925545603870753,0.11164343589807135,0.14499692920523508,0.0017644496839572747
choque_20pct_temporario,temporario,0.8,0.19999999999999996,False,19,60,10,8660860.873416403,0.12836438662576014,0.10348653109090455,0.15646439272466336,-0.0070821192189489054
choque_20pct_temporario,temporario,0.8,0.19999999999999996,False,19,60,11,8591393.00607814,0.1345901213720284,0.08837173544162757,0.16681975190916587,-0.014660121115948908
choque_20pct_temporario,temporario,0.8,0.19999999999999996,False,19,60,12,8620665.974643394,0.13443536032675296,0.06904235977201356,0.17063062567885123,-0.025567667976153077
choque_20pct_temporario,temporario,0.8,0.19999999999999996,False,19,60,13,8844130.869323667,0.12172133029837305,0.05252000251048394,0.16245514158643226,-0.031897381613611046
choque_20pct_temporario,temporario,0.8,0.19999999999999996,False,19,60,14,9412826.388424201,0.09685533575268046,0.0436089361108023,0.14245637885848933,-0.028738405309402686
choque_20pct_temporario,temporario,0.8,0.19999999999999996,False,19,60,15,9990602.146150421,0.07138209283348367,0.05081211490033488,0.12329809400958461,-0.019811909078885904
choque_20pct_temporario,temporario,0.8,0.19999999999999996,False,19,60,16,10210806.649078254,0.056960644978455634,0.08064834977410595,0.1137001980642175,-0.011625562939288374
choque_20pct_temporario,temporario,0.8,0.19999999999999996,False,19,60,17,10672892.558397334,0.05395105672829725,0.12935324760600153,0.11086632145095991,0.00027320071995676903
choque_20pct_temporario,temporario,0.8,0.19999999999999996,False,19,60,18,10893828.003563272,0.05728570582501036,0.1799018012911089,0.12384353210417452,0.01247099664951985
choque_20pct_temporario,temporario,0.8,0.19999999999999996,False,19,60,19,11030038.197178587,0.06738221515777171,0.22152661295000864,0.14183215527280832,0.016182318509998364
choque_20pct_temporario,temporario,0.8,0.19999999999999996,False,19,60,20,10946876.2058278,0.08222555549416892,0.23585252005731383,0.16703014927970683,0.011511083751976871
choque_20pct_temporario,temporario,0.8,0.19999999999999996,False,19,60,21,10655825.551521946,0.09881434475306627,0.22713707619385315,0.1909398364150161,-0.0035654345731915504
choque_20pct_temporario,temporario,0.8,0.19999999999999996,False,19,60,22,10337250.372311339,0.11142235310215326,0.19736300034585708,0.2103154760702124,-0.025160433683580802
choque_20pct_temporario,temporario,0.8,0.19999999999999996,False,19,60,23,10189127.926958539,0.11319744170527234,0.1607085700968487,0.21554043521015329,-0.04373831177068559
choque_20pct_temporario,temporario,0.8,0.19999999999999996,False,19,60,24,10399621.493959207,0.09703458387318346,0.122685290141479,0.20492865503659066,-0.053388432949873076
choque_20pct_temporario,temporario,0.8,0.19999999999999996,False,19,60,25,11128913.675790807,0.06789129138523255,0.10134783109718248,0.17757374878404253,-0.05094094645886368
choque_20pct_temporario,temporario,0.8,0.19999999999999996,False,20,61,0,7609597.0,0.138,0.03,0.12063832026847152,0.010583740505574736
choque_20pct_temporario,temporario,0.8,0.19999999999999996,False,20,61,1,7652724.38733265,0.14039181650999813,0.030000000000000027,0.11859183719691781,0.007984885903803248
choque_20pct_temporario,temporario,0.8,0.19999999999999996,False,20,61,2,7810192.315640007,0.135228353675209,0.02418820227567564,0.12035104403884442,0.0064052811322713905
choque_20pct_temporario,temporario,0.8,0.19999999999999996,False,20,61,3,8015479.294843943,0.12555636859119154,0.02682757863734886,0.11360296565960566,0.004290313158361185
choque_20pct_temporario,temporario,0.8,0.19999999999999996,False,20,61,4,8307641.492175498,0.1138708630209111,0.029925372509651327,0.10701674676196118,0.00478835745997645
choque_20pct_temporario,temporario,0.8,0.19999999999999996,False,20,61,5,8626008.670435138,0.09709637921290327,0.04539564008851227,0.09873313800368169,0.0088396366875533
choque_20pct_temporario,temporario,0.8,0.19999999999999996,False,20,61,6,8797401.08976903,0.08816823663208062,0.06159643683797866,0.0975666405296969,0.008831958850312528
choque_20pct_temporario,temporario,0.8,0.19999999999999996,False,20,61,7,8950471.574509444,0.08978270086241359,0.08685879657714701,0.10179053928967427,0.01199769969081636
choque_20pct_temporario,temporario,0.8,0.19999999999999996,False,20,61,8,8991777.509620741,0.09719729960931148,0.10539723964061554,0.11672751869054394,0.011320381419342551
choque_20pct_temporario,temporario,0.8,0.19999999999999996,False,20,61,9,8864959.189965593,0.11263781205666439,0.11762859355214617,0.13581659508601135,0.006916549534388309
choque_20pct_temporario,temporario,0.8,0.19999999999999996,False,20,61,10,8709586.925942002,0.12929480851440045,0.11314507632632553,0.15777638163687485,-0.005120080446081211
choque_20pct_temporario,temporario,0.8,0.19999999999999996,False,20,61,11,8617130.37049276,0.13819348627457756,0.09947251986882222,0.16974217621532525,-0.015318505147822428
choque_20pct_temporario,temporario,0.8,0.19999999999999996,False,20,61,12,8625496.315435056,0.13853679226365673,0.07673354398927978,0.17506198096843698,-0.026931584053021394
choque_20pct_temporario,temporario,0.8,0.19999999999999996,False,20,61,13,8744713.583229437,0.1314386915058526,0.05789256954916877,0.1705014070419147,-0.03325532381452563
choque_20pct_temporario,temporario,0.8,0.19999999999999996,False,20,61,14,9123374.673648003,0.11418071756486013,0.041780103938410695,0.15691080457728213,-0.03368985759631765
choque_20pct_temporario,temporario,0.8,0.19999999999999996,False,20,61,15,9702807.312033333,0.08726971770564636,0.0397774142463887,0.13668039510717256,-0.028674116394631834
choque_20pct_temporario,temporario,0.8,0.19999999999999996,False,20,61,16,10241279.571983915,0.06344018208276012,0.053324671129766577,0.12035044781352663,-0.01717293721771967
choque_20pct_temporario,temporario,0.8,0.19999999999999996,False,20,61,17,10510977.034776222,0.054526327965945656,0.09438159171491756,0.11169464790681492,-0.008915771187114672
choque_20pct_temporario,temporario,0.8,0.19999999999999996,False,20,61,18,10886826.346874157,0.058743497407362295,0.1468175997455039,0.11908782085743227,0.0005481389061899222
choque_20pct_temporario,temporario,0.8,0.19999999999999996,False,20,61,19,11013741.239345714,0.06827883389531966,0.1918313640284599,0.14014586819830324,0.011225487911247615
choque_20pct_temporario,temporario,0.8,0.19999999999999996,False,20,61,20,10990152.538145877,0.07810046962040429,0.21567545822899947,0.16151884221406487,0.008595007375939899
choque_20pct_temporario,temporario,0.8,0.19999999999999996,False,20,61,21,10784108.158437502,0.0908690474309102,0.21825790753858043,0.1812903260851476,-0.004482577713992248
choque_20pct_temporario,temporario,0.8,0.19999999999999996,False,20,61,22,10585859.516029537,0.10185417836576828,0.20149179539661177,0.19835793938574653,-0.021439206777877515
choque_20pct_temporario,temporario,0.8,0.19999999999999996,False,20,61,23,10497352.975212846,0.10368602296474205,0.17257082379835031,0.20582200228209582,-0.03766628435107748
choque_20pct_temporario,temporario,0.8,0.19999999999999996,False,20,61,24,10567756.756696403,0.09659789052926096,0.1418472015556329,0.2017491824288419,-0.04776322955061024
choque_20pct_temporario,temporario,0.8,0.19999999999999996,False,20,61,25,11092499.726944746,0.06960961859067018,0.11956873489996789,0.1830536331344787,-0.048531455396133724
choque_20pct_temporario,temporario,0.8,0.19999999999999996,False,21,62,0,7609597.0,0.138,0.03,0.12063832026847152,0.010583740505574736
choque_20pct_temporario,temporario,0.8,0.19999999999999996,False,21,62,1,7652724.38733265,0.14039181650999813,0.030000000000000027,0.11859183719691781,0.007984885903803248
choque_20pct_temporario,temporario,0.8,0.19999999999999996,False,21,62,2,7801883.245391858,0.13522709376288386,0.02416952371014558,0.12040707251402727,0.00129724124654278
choque_20pct_temporario,temporario,0.8,0.19999999999999996,False,21,62,3,8073871.66073165,0.12380185095192778,0.026912392182091516,0.11076434189347534,0.007752548773458605
choque_20pct_temporario,temporario,0.8,0.19999999999999996,False,21,62,4,8448430.68338447,0.10560762373411392,0.030690812225202757,0.10257360419698286,0.0062379533316305105
choque_20pct_temporario,temporario,0.8,0.19999999999999996,False,21,62,5,8588120.521544037,0.097589848336756,0.05077063407572746,0.0970485426844959,0.01046424243871446
choque_20pct_temporario,temporario,0.8,0.19999999999999996,False,21,62,6,8761019.291935716,0.09183157793959214,0.06549463922933385,0.10233782233634581,0.011403655690159222
choque_20pct_temporario,temporario,0.8,0.19999999999999996,False,21,62,7,8806812.446036838,0.0981455664289857,0.0890626443736684,0.10982249933904,0.01127867566326677
choque_20pct_temporario,temporario,0.8,0.19999999999999996,False,21,62,8,8780396.633444149,0.11144769472832503,0.10019225463035974,0.12878809215069717,0.00963604045718755
choque_20pct_temporario,temporario,0.8,0.19999999999999996,False,21,62,9,8712097.9024587,0.11988661112862775,0.10463035622402272,0.14382693334797464,0.0027968680847531443
choque_20pct_temporario,temporario,0.8,0.19999999999999996,False,21,62,10,8610604.499432027,0.12850925788293824,0.0969472141549581,0.15747599754189168,-0.007524398036165581
choque_20pct_temporario,temporario,0.8,0.19999999999999996,False,21,62,11,8571254.402098773,0.13565170831298834,0.0835612429848025,0.16678349991130564,-0.01638216862916956
choque_20pct_temporario,temporario,0.8,0.19999999999999996,False,21,62,12,8670320.513143403,0.13278280353290348,0.06549213641499985,0.16883320638980784,-0.02634648832117676
choque_20pct_temporario,temporario,0.8,0.19999999999999996,False,21,62,13,8888562.299027747,0.1233755244977848,0.05127108136211311,0.1605422950780906,-0.027994620853805937
choque_20pct_temporario,temporario,0.8,0.19999999999999996,False,21,62,14,9409885.700213874,0.09749882813646392,0.04289718066330894,0.1435968642498307,-0.024970056559131107
choque_20pct_temporario,temporario,0.8,0.19999999999999996,False,21,62,15,9905315.563011773,0.07159982808435032,0.04897691332734255,0.12466830736691296,-0.019063083730691276
choque_20pct_temporario,temporario,0.8,0.19999999999999996,False,21,62,16,10360051.987630846,0.057610954262123225,0.07844436895244988,0.11261517470087377,-0.00890320256707588
choque_20pct_temporario,temporario,0.8,0.19999999999999996,False,21,62,17,10589621.710684733,0.056645989343393925,0.12753626803134233,0.11446680942758583,0.0027128317517304368
choque_20pct_temporario,temporario,0.8,0.19999999999999996,False,21,62,18,10814365.985890698,0.06436878564960101,0.17577196547184992,0.13015550743303467,0.0085066669770445
choque_20pct_temporario,temporario,0.8,0.19999999999999996,False,21,62,19,10888160.701699702,0.07668638867770833,0.20778236509152936,0.1517388330972843,0.01050944873577904
choque_20pct_temporario,temporario,0.8,0.19999999999999996,False,21,62,20,10810809.176933339,0.08340363043092992,0.2161167611853363,0.17124646140835265,0.0032475683337030315
choque_20pct_temporario,temporario,0.8,0.19999999999999996,False,21,62,21,10642800.891154734,0.09313204464160724,0.20851868538671603,0.18413240754956015,-0.011499559670528726
choque_20pct_temporario,temporario,0.8,0.19999999999999996,False,21,62,22,10398540.508808468,0.10293776369702631,0.18579879442862435,0.20065234248173525,-0.025999584679445593
choque_20pct_temporario,temporario,0.8,0.19999999999999996,False,21,62,23,10512399.590126578,0.09532046480977294,0.15634899210531605,0.19988249047920545,-0.03717907144599895
choque_20pct_temporario,temporario,0.8,0.19999999999999996,False,21,62,24,10769067.54110494,0.07974391990747669,0.13423733727605214,0.18645427997417105,-0.04311379887086862
choque_20pct_temporario,temporario,0.8,0.19999999999999996,False,21,62,25,11391688.136185845,0.0561002079280699,0.12556240794089635,0.1674854770358813,-0.03878958093944693
choque_20pct_temporario,temporario,0.8,0.19999999999999996,False,22,63,0,7609597.0,0.138,0.03,0.12063832026847152,0.010583740505574736
choque_20pct_temporario,temporario,0.8,0.19999999999999996,False,22,63,1,7652724.38733265,0.14039181650999813,0.030000000000000027,0.11859183719691781,0.007984885903803248
choque_20pct_temporario,temporario,0.8,0.19999999999999996,False,22,63,2,7797633.467722029,0.13522708141572493,0.024172637767157834,0.12049082387403716,0.0020602817057532043
choque_20pct_temporario,temporario,0.8,0.19999999999999996,False,22,63,3,8066639.8832752425,0.12356017619271581,0.026889606517262132,0.11054900799237515,0.005915720547520968
choque_20pct_temporario,temporario,0.8,0.19999999999999996,False,22,63,4,8425947.271434534,0.10521602740270865,0.030783332100446703,0.10127578506833448,0.008483989433225536
choque_20pct_temporario,temporario,0.8,0.19999999999999996,False,22,63,5,8651252.55581609,0.09276115351217071,0.05086890282642553,0.09353322515436241,0.01141800694058255
choque_20pct_temporario,temporario,0.8,0.19999999999999996,False,22,63,6,8879067.673377778,0.08371588575301911,0.068936217128158,0.09460080796591971,0.015573199857956153
choque_20pct_temporario,temporario,0.8,0.19999999999999996,False,22,63,7,8996911.096332494,0.08748845733350148,0.09786426700177886,0.10039898952969366,0.017272331129803795
choque_20pct_temporario,temporario,0.8,0.19999999999999996,False,22,63,8,8880188.939557364,0.10586965054445525,0.11583580218919254,0.12375431158255733,0.014734504559331
choque_20pct_temporario,temporario,0.8,0.19999999999999996,False,22,63,9,8743096.119043393,0.12269121971236327,0.12160407898960535,0.14711995998903515,0.008006281752636846
choque_20pct_temporario,temporario,0.8,0.19999999999999996,False,22,63,10,8556807.594558062,0.13793090399728583,0.11006740430590578,0.1667647874004146,-0.00523377203746957
choque_20pct_temporario,temporario,0.8,0.19999999999999996,False,22,63,11,8401773.743049102,0.14920765361606947,0.0897998176790964,0.1804818340895149,-0.016897559992901018
choque_20pct_temporario,temporario,0.8,0.19999999999999996,False,22,63,12,8421216.414085804,0.1492114852828206,0.06412820814432396,0.1836682314678892,-0.0318749953500533
choque_20pct_temporario,temporario,0.8,0.19999999999999996,False,22,63,13,8663960.514902739,0.1351185246723126,0.04186595531565884,0.17191169745160068,-0.03775276387712523
choque_20pct_temporario,temporario,0.8,0.19999999999999996,False,22,63,14,9250109.639947722,0.10888522736605202,0.026849105851886046,0.14985721140048835,-0.033756990249980114
choque_20pct_temporario,temporario,0.8,0.19999999999999996,False,22,63,15,9827899.705638867,0.07920990351731053,0.028428008187122877,0.12853945388401813,-0.02551084659392035
choque_20pct_temporario,temporario,0.8,0.19999999999999996,False,22,63,16,10239417.032491377,0.058625726728925666,0.05192067817653134,0.1134131149091861,-0.016695634658660027
choque_20pct_temporario,temporario,0.8,0.19999999999999996,False,22,63,17,10696651.033592712,0.05143015677801672,0.10085941981938085,0.10656934937261861,-0.0067729985820970855
choque_20pct_temporario,temporario,0.8,0.19999999999999996,False,22,63,18,11045722.567334423,0.05472360310681129,0.16242106903173714,0.11459127980539906,0.007916271654115804
choque_20pct_temporario,temporario,0.8,0.19999999999999996,False,22,63,19,11156753.106221488,0.06474082810178514,0.21299500662018978,0.13695888883067625,0.014606910540003487
choque_20pct_temporario,temporario,0.8,0.19999999999999996,False,22,63,20,11149796.328457234,0.0770502742765256,0.23926162323605515,0.16024960061301916,0.015025084093123545
choque_20pct_temporario,temporario,0.8,0.19999999999999996,False,22,63,21,10920204.51225113,0.09056443220634758,0.23745274994076238,0.18250571560324347,0.003916188718608807
choque_20pct_temporario,temporario,0.8,0.19999999999999996,False,22,63,22,10621981.431429617,0.10556088346300213,0.21486134414812397,0.20259927529958138,-0.016542709201499847
choque_20pct_temporario,temporario,0.8,0.19999999999999996,False,22,63,23,10296924.176830418,0.11607030204331262,0.18014011170151,0.21867263755882077,-0.03797085096746661
choque_20pct_temporario,temporario,0.8,0.19999999999999996,False,22,63,24,10318478.232273057,0.11017992438528701,0.13787116936739707,0.21789097317841757,-0.05596557229248843
choque_20pct_temporario,temporario,0.8,0.19999999999999996,False,22,63,25,10699574.814821245,0.09094813616055035,0.10615062525071406,0.19954278586651295,-0.05837303760897994
choque_20pct_temporario,temporario,0.8,0.19999999999999996,False,23,64,0,7609597.0,0.138,0.03,0.12063832026847152,0.010583740505574736
choque_20pct_temporario,temporario,0.8,0.19999999999999996,False,23,64,1,7652716.012269475,0.14039188543076578,0.030000000000000027,0.11859223719990825,0.007984765243853872
choque_20pct_temporario,temporario,0.8,0.19999999999999996,False,23,64,2,7799964.972859484,0.13522774575925392,0.024174680748029198,0.12042437573142113,0.002252602548337618
choque_20pct_temporario,temporario,0.8,0.19999999999999996,False,23,64,3,8073273.91683056,0.12453055810975092,0.02689811845523793,0.11105088284388162,0.004794454360915522
choque_20pct_temporario,temporario,0.8,0.19999999999999996,False,23,64,4,8408704.665028108,0.10800077269270865,0.030427564671585916,0.10352117790806743,0.010270680580806822
choque_20pct_temporario,temporario,0.8,0.19999999999999996,False,23,64,5,8618463.02319507,0.09541472899408886,0.05023990579475224,0.09642341716024753,0.012524149182266431
choque_20pct_temporario,temporario,0.8,0.19999999999999996,False,23,64,6,8765174.275996724,0.08908207655627237,0.06588435947657989,0.10000415461042708,0.013633625083392345
choque_20pct_temporario,temporario,0.8,0.19999999999999996,False,23,64,7,8781821.946528668,0.10074647616523741,0.09069430587997496,0.11021360211756533,0.013539798834637108
choque_20pct_temporario,temporario,0.8,0.19999999999999996,False,23,64,8,8759386.219500177,0.11321920537022657,0.10012745636969567,0.13256833932090098,0.006499863823330425
choque_20pct_temporario,temporario,0.8,0.19999999999999996,False,23,64,9,8633533.491514858,0.12768393046992688,0.10404388681042831,0.14823244391546134,-0.00016712902709392405
choque_20pct_temporario,temporario,0.8,0.19999999999999996,False,23,64,10,8543270.745587349,0.13574544362198138,0.09124138206779686,0.16413193273017482,-0.01271418012757591
choque_20pct_temporario,temporario,0.8,0.19999999999999996,False,23,64,11,8502414.661173914,0.13845923004617178,0.07649570771814518,0.16896311911154308,-0.021663631401250952
choque_20pct_temporario,temporario,0.8,0.19999999999999996,False,23,64,12,8733083.383982409,0.12896868868617115,0.05627743377016459,0.16384686118756642,-0.024186525654325976
choque_20pct_temporario,temporario,0.8,0.19999999999999996,False,23,64,13,9146530.278021058,0.10615017444150057,0.04580206979022017,0.1469534913220994,-0.023167788476901967
choque_20pct_temporario,temporario,0.8,0.19999999999999996,False,23,64,14,9599297.97519603,0.08326462496416018,0.04638058297466907,0.13084525625409926,-0.023267941942874303
choque_20pct_temporario,temporario,0.8,0.19999999999999996,False,23,64,15,9966091.946982337,0.06560545547056806,0.06624041455287544,0.11827532495446862,-0.013643663375389997
choque_20pct_temporario,temporario,0.8,0.19999999999999996,False,23,64,16,10371223.888238784,0.05675678039304508,0.10290813256534581,0.11201268631533273,-0.003221979944634769
choque_20pct_temporario,temporario,0.8,0.19999999999999996,False,23,64,17,10690915.728428587,0.05665129601591633,0.1511612436402343,0.11625857172226163,0.00680951417294758
choque_20pct_temporario,temporario,0.8,0.19999999999999996,False,23,64,18,10843763.792495264,0.06763770894420325,0.19477654240760867,0.13388496644315695,0.013268684006547215
choque_20pct_temporario,temporario,0.8,0.19999999999999996,False,23,64,19,10870985.899007801,0.07833380416886437,0.21772071639551527,0.15767246922491274,0.008954206046810447
choque_20pct_temporario,temporario,0.8,0.19999999999999996,False,23,64,20,10690596.796832124,0.0873403972068037,0.22004330734455824,0.17442315033819492,0.0022921814702085274
choque_20pct_temporario,temporario,0.8,0.19999999999999996,False,23,64,21,10553139.648979979,0.09502151368074757,0.20325281670407902,0.1881757276087923,-0.01178308269370522
choque_20pct_temporario,temporario,0.8,0.19999999999999996,False,23,64,22,10354322.140574938,0.1042655836604071,0.17830526759842336,0.20116289361959286,-0.03063016493690999
choque_20pct_temporario,temporario,0.8,0.19999999999999996,False,23,64,23,10308776.22633965,0.10468990414345807,0.1464698189759892,0.2071892227463755,-0.04331772280235142
choque_20pct_temporario,temporario,0.8,0.19999999999999996,False,23,64,24,10649375.890781231,0.08586523082096244,0.11940322288563454,0.19375699413484151,-0.04974639909736549
choque_20pct_temporario,temporario,0.8,0.19999999999999996,False,23,64,25,11283541.39273157,0.058593860034216724,0.10968355609973557,0.16801468120374205,-0.04301834174620253
choque_20pct_temporario,temporario,0.8,0.19999999999999996,False,24,65,0,7609597.0,0.138,0.03,0.12063832026847152,0.010583740505574736
choque_20pct_temporario,temporario,0.8,0.19999999999999996,False,24,65,1,7652724.38733265,0.14039181650999813,0.030000000000000027,0.11859183719691781,0.007984885903803248
choque_20pct_temporario,temporario,0.8,0.19999999999999996,False,24,65,2,7811000.538868851,0.13522708141572493,0.024179974508985014,0.12037724168036791,0.004105968256665243
choque_20pct_temporario,temporario,0.8,0.19999999999999996,False,24,65,3,8048256.56650207,0.12512236681927072,0.02685950699639661,0.11238739144816397,0.006408866234632061
choque_20pct_temporario,temporario,0.8,0.19999999999999996,False,24,65,4,8347790.850875747,0.11065721591481087,0.030106875136219236,0.10582500206069302,0.010101933259679244
choque_20pct_temporario,temporario,0.8,0.19999999999999996,False,24,65,5,8514242.5578472,0.09733929929551446,0.04769983239334641,0.10062817207145308,0.01079355965407558
choque_20pct_temporario,temporario,0.8,0.19999999999999996,False,24,65,6,8713738.023313766,0.09555007050978727,0.0630032338270563,0.10256330354687718,0.010981425735946914
choque_20pct_temporario,temporario,0.8,0.19999999999999996,False,24,65,7,8798006.50374715,0.09937557123721431,0.08336303385588506,0.11137989387501365,0.01161772465215501
choque_20pct_temporario,temporario,0.8,0.19999999999999996,False,24,65,8,8831280.091337739,0.10737477529640521,0.09539912859370969,0.1246955694345705,0.009010394922015144
choque_20pct_temporario,temporario,0.8,0.19999999999999996,False,24,65,9,8783180.689261328,0.11497860902832034,0.10149977651597486,0.13846030616063448,0.004958181330757124
choque_20pct_temporario,temporario,0.8,0.19999999999999996,False,24,65,10,8694375.57223062,0.12397821941978332,0.09754249548261074,0.1533065070064994,-0.0051940400328157315
choque_20pct_temporario,temporario,0.8,0.19999999999999996,False,24,65,11,8614684.616260214,0.13425757569400354,0.08757543800588863,0.16522024593810578,-0.015949755035154195
choque_20pct_temporario,temporario,0.8,0.19999999999999996,False,24,65,12,8671653.05921469,0.13450446045881434,0.07021110289597443,0.16964403887570234,-0.024409450809711533
choque_20pct_temporario,temporario,0.8,0.19999999999999996,False,24,65,13,8927325.769478083,0.11919196424336462,0.0546704520903285,0.1603050708929935,-0.028206921643676313
choque_20pct_temporario,temporario,0.8,0.19999999999999996,False,24,65,14,9424906.446817786,0.09685269373125478,0.04733417428516473,0.14230059390970548,-0.025800102658368965
choque_20pct_temporario,temporario,0.8,0.19999999999999996,False,24,65,15,9879584.387280954,0.07428441504974964,0.05525163140575984,0.1261860398482928,-0.019419499321993994
choque_20pct_temporario,temporario,0.8,0.19999999999999996,False,24,65,16,10351774.856235655,0.05495304089431358,0.08182952976830848,0.11283050115655607,-0.010418185332079097
choque_20pct_temporario,temporario,0.8,0.19999999999999996,False,24,65,17,10731850.50095075,0.04805342842581299,0.1316597843504803,0.10580581399709099,0.0056073071622095945
choque_20pct_temporario,temporario,0.8,0.19999999999999996,False,24,65,18,11009366.365555864,0.055986907893182995,0.1919964101767151,0.11783902425969726,0.015384453068927294
choque_20pct_temporario,temporario,0.8,0.19999999999999996,False,24,65,19,11018519.268984837,0.07596673903047253,0.2324657984564058,0.1502052521597469,0.017528941168843074
choque_20pct_temporario,temporario,0.8,0.19999999999999996,False,24,65,20,10880973.671645207,0.09259507519255276,0.2395480244881949,0.17933032897669562,0.006395271693812957
choque_20pct_temporario,temporario,0.8,0.19999999999999996,False,24,65,21,10515141.134873193,0.10358301893379444,0.22071624042556115,0.19719891907427883,-0.013903911294202135
choque_20pct_temporario,temporario,0.8,0.19999999999999996,False,24,65,22,10286318.871785507,0.11316540215867349,0.18675484165650236,0.20767636011497093,-0.030097225519679634
choque_20pct_temporario,temporario,0.8,0.19999999999999996,False,24,65,23,10243620.976418456,0.1117755278287419,0.14752954126315276,0.21115259342420464,-0.04591956968478408
choque_20pct_temporario,temporario,0.8,0.19999999999999996,False,24,65,24,10390114.93828316,0.09865339298986887,0.11310804305469913,0.20263384817910146,-0.05613554364732544
choque_20pct_temporario,temporario,0.8,0.19999999999999996,False,24,65,25,11021275.054463176,0.0685819712939051,0.09218586301737797,0.17923907689304852,-0.055362610536641946
choque_20pct_temporario,temporario,0.8,0.19999999999999996,False,25,66,0,7609597.0,0.138,0.03,0.12063832026847152,0.010583740505574736
choque_20pct_temporario,temporario,0.8,0.19999999999999996,False,25,66,1,7652724.38733265,0.14039181650999813,0.030000000000000027,0.11859183719691781,0.007984885903803248
choque_20pct_temporario,temporario,0.8,0.19999999999999996,False,25,66,2,7806025.207333408,0.13522708141572493,0.02419070526074041,0.12053080037724065,0.006494694575653181
choque_20pct_temporario,temporario,0.8,0.19999999999999996,False,25,66,3,8014411.443215474,0.12585162707208036,0.026847842606084305,0.11326242954591245,0.007177146718474983
choque_20pct_temporario,temporario,0.8,0.19999999999999996,False,25,66,4,8320767.546912376,0.11240054564810806,0.029743182232860654,0.10729361149162317,0.0050639834034992975
choque_20pct_temporario,temporario,0.8,0.19999999999999996,False,25,66,5,8583421.172704928,0.09895595721023512,0.04568042066261402,0.10037385950522779,0.011747366620467173
choque_20pct_temporario,temporario,0.8,0.19999999999999996,False,25,66,6,8750127.644143963,0.09100610444864156,0.06066166560203001,0.10107683378070444,0.011060032047692965
choque_20pct_temporario,temporario,0.8,0.19999999999999996,False,25,66,7,8846121.02504212,0.09501425508400688,0.0843981291233642,0.10664241253908632,0.011470565892927616
choque_20pct_temporario,temporario,0.8,0.19999999999999996,False,25,66,8,8855234.962302398,0.10472452911583242,0.09915180575415383,0.12307507983039077,0.009345011462414154
choque_20pct_temporario,temporario,0.8,0.19999999999999996,False,25,66,9,8800760.223397281,0.1136487549276106,0.10786495034882182,0.13781947094846936,0.0034745701534454874
choque_20pct_temporario,temporario,0.8,0.19999999999999996,False,25,66,10,8744327.748403564,0.1226771817582554,0.10386325594987134,0.15172199653785048,-0.005058080598376458
choque_20pct_temporario,temporario,0.8,0.19999999999999996,False,25,66,11,8683601.395044569,0.12867742587740036,0.09394072304620793,0.161253336137519,-0.01005216732162975
choque_20pct_temporario,temporario,0.8,0.19999999999999996,False,25,66,12,8757133.93654629,0.12410565714741541,0.0784298699592334,0.1641342839556702,-0.020502761780749543
choque_20pct_temporario,temporario,0.8,0.19999999999999996,False,25,66,13,8932886.28065215,0.11611031909579934,0.06625022728752539,0.1575330028798103,-0.0248046270487765
choque_20pct_temporario,temporario,0.8,0.19999999999999996,False,25,66,14,9328069.714179425,0.09791848781888392,0.05740327677202117,0.14543350980824638,-0.02414858638178229
choque_20pct_temporario,temporario,0.8,0.19999999999999996,False,25,66,15,9938856.48601305,0.07112030805586855,0.0617333815588601,0.12657325483012027,-0.0165120022446829
choque_20pct_temporario,temporario,0.8,0.19999999999999996,False,25,66,16,10273600.14425723,0.05718474134306123,0.08852865266977505,0.11393144335106112,-0.009904303239102375
choque_20pct_temporario,temporario,0.8,0.19999999999999996,False,25,66,17,10630925.547804179,0.05517232963546078,0.131639380498082,0.11406086562716992,-5.254248323816764e-05
choque_20pct_temporario,temporario,0.8,0.19999999999999996,False,25,66,18,10849400.087491237,0.060805749093507055,0.1804938443254771,0.1272432990840099,0.00821964639154954
choque_20pct_temporario,temporario,0.8,0.19999999999999996,False,25,66,19,10960923.498422084,0.0709262961937779,0.21457699321052703,0.14682268077424718,0.012161873027274884
choque_20pct_temporario,temporario,0.8,0.19999999999999996,False,25,66,20,10853376.878121043,0.08034093173463334,0.22661945889102064,0.16746641359961548,0.006132397040072185
choque_20pct_temporario,temporario,0.8,0.19999999999999996,False,25,66,21,10714922.906661222,0.09084939275170194,0.21904565820741895,0.18366839751946995,-0.007350083184968382
choque_20pct_temporario,temporario,0.8,0.19999999999999996,False,25,66,22,10403388.210787589,0.10414822424009473,0.19615811176966336,0.20227222989248922,-0.023148372769553338
choque_20pct_temporario,temporario,0.8,0.19999999999999996,False,25,66,23,10387383.14666888,0.10319647205560643,0.1628578198846211,0.20787666055434947,-0.03808218713639043
choque_20pct_temporario,temporario,0.8,0.19999999999999996,False,25,66,24,10567418.393266683,0.08845388435830705,0.13467299982975223,0.19697246210214303,-0.04903865570714072
choque_20pct_temporario,temporario,0.8,0.19999999999999996,False,25,66,25,11212261.708850894,0.06466228600228643,0.11766407638816112,0.17529206871371894,-0.046952872156301936
choque_20pct_temporario,temporario,0.8,0.19999999999999996,False,26,67,0,7609597.0,0.138,0.03,0.12063832026847152,0.010583740505574736
choque_20pct_temporario,temporario,0.8,0.19999999999999996,False,26,67,1,7652724.38733265,0.14039181650999813,0.030000000000000027,0.11859183719691781,0.007984885903803248
choque_20pct_temporario,temporario,0.8,0.19999999999999996,False,26,67,2,7799123.633712431,0.13522708141572493,0.024180903493515427,0.12050235364216014,0.0043964104199011155
choque_20pct_temporario,temporario,0.8,0.19999999999999996,False,26,67,3,8066110.764472973,0.12450351006558343,0.02683880877740563,0.11181684559593191,0.0075489375286364535
choque_20pct_temporario,temporario,0.8,0.19999999999999996,False,26,67,4,8373125.180119823,0.11118072733869838,0.03034392109640316,0.10569594012752165,0.007143538309476752
choque_20pct_temporario,temporario,0.8,0.19999999999999996,False,26,67,5,8539237.02843346,0.09965182441770633,0.046919705019679014,0.10147776067585151,0.009372344582858636
choque_20pct_temporario,temporario,0.8,0.19999999999999996,False,26,67,6,8691304.138547946,0.09715065939908375,0.061452445193579175,0.10428538521774285,0.00792126114875204
choque_20pct_temporario,temporario,0.8,0.19999999999999996,False,26,67,7,8805127.407144114,0.09990155920124162,0.0810068140108362,0.1108452837297258,0.009371588181570224
choque_20pct_temporario,temporario,0.8,0.19999999999999996,False,26,67,8,8868917.591546508,0.10274240846510026,0.09315279046941138,0.12180142378375781,0.007707211951266298
choque_20pct_temporario,temporario,0.8,0.19999999999999996,False,26,67,9,8860258.91197549,0.10840290394654015,0.10259050475095366,0.13264791554250208,0.0044682439819933575
choque_20pct_temporario,temporario,0.8,0.19999999999999996,False,26,67,10,8762833.44754984,0.12114874542773615,0.10212848716165612,0.14911499958586308,-0.005482292690636756
choque_20pct_temporario,temporario,0.8,0.19999999999999996,False,26,67,11,8694315.23873162,0.13081503984187912,0.09381240232858734,0.162472169466739,-0.012371414480283787
choque_20pct_temporario,temporario,0.8,0.19999999999999996,False,26,67,12,8742317.241706103,0.12859157755172712,0.07793395602981623,0.1672674983054372,-0.021787083071455722
choque_20pct_temporario,temporario,0.8,0.19999999999999996,False,26,67,13,8894863.72462919,0.12360773925562446,0.06393960296913015,0.1627085493340175,-0.02788745276283082
choque_20pct_temporario,temporario,0.8,0.19999999999999996,False,26,67,14,9235457.59527484,0.10599625339497168,0.05228102722020389,0.15253636944284318,-0.027507591574112197
choque_20pct_temporario,temporario,0.8,0.19999999999999996,False,26,67,15,9751354.400205355,0.07876759171033883,0.053684662435897534,0.1333974061153589,-0.02079683577749698
choque_20pct_temporario,temporario,0.8,0.19999999999999996,False,26,67,16,10241665.477226004,0.060144335620696564,0.07490402461233292,0.11724989417920793,-0.01586746959260543
choque_20pct_temporario,temporario,0.8,0.19999999999999996,False,26,67,17,10610628.742560482,0.05275791945259344,0.11599089050853006,0.11175122868180229,-0.00213660094183892
choque_20pct_temporario,temporario,0.8,0.19999999999999996,False,26,67,18,10921993.961176408,0.05335405347509232,0.16809982134893886,0.11874742995822433,0.010513309641952882
choque_20pct_temporario,temporario,0.8,0.19999999999999996,False,26,67,19,11072659.951281203,0.06513933841383576,0.21601233792227403,0.1372006950967464,0.016544875625073258
choque_20pct_temporario,temporario,0.8,0.19999999999999996,False,26,67,20,11016422.34101805,0.08048339528473351,0.2361499635693296,0.1660311521057602,0.010104244180338931
choque_20pct_temporario,temporario,0.8,0.19999999999999996,False,26,67,21,10787356.40437906,0.0934597240818932,0.2320837575779917,0.186784264649154,-3.205104564596049e-05
choque_20pct_temporario,temporario,0.8,0.19999999999999996,False,26,67,22,10528850.997774374,0.10477625043454157,0.20706971430150722,0.20195328527949136,-0.01942629181495128
choque_20pct_temporario,temporario,0.8,0.19999999999999996,False,26,67,23,10382174.084834412,0.10649528973460202,0.17114344912883106,0.21024739732967693,-0.03476626152786143
choque_20pct_temporario,temporario,0.8,0.19999999999999996,False,26,67,24,10475531.2478669,0.09909086877112179,0.13689247702652407,0.20586005106599914,-0.05034331264441767
choque_20pct_temporario,temporario,0.8,0.19999999999999996,False,26,67,25,10794559.628943864,0.08079348074837074,0.11169422101754045,0.19301937915891443,-0.05374872374928238
choque_20pct_temporario,temporario,0.8,0.19999999999999996,False,27,68,0,7609597.0,0.138,0.03,0.12063832026847152,0.010583740505574736
choque_20pct_temporario,temporario,0.8,0.19999999999999996,False,27,68,1,7652724.38733265,0.14039181650999813,0.030000000000000027,0.11859183719691781,0.007984885903803248
choque_20pct_temporario,temporario,0.8,0.19999999999999996,False,27,68,2,7803606.52800467,0.13522836016629058,0.02418238230458636,0.1204530561548775,0.004901181952719952
choque_20pct_temporario,temporario,0.8,0.19999999999999996,False,27,68,3,8038167.275428596,0.12547100655449164,0.02685167752437434,0.11256271258668386,0.006364351378910687
choque_20pct_temporario,temporario,0.8,0.19999999999999996,False,27,68,4,8331637.030607186,0.11103178212371803,0.029934240917900867,0.10605050895862568,0.007911519456749182
choque_20pct_temporario,temporario,0.8,0.19999999999999996,False,27,68,5,8535676.278889198,0.1014055951182888,0.04782237675867895,0.0996596073422889,0.008872044008870417
choque_20pct_temporario,temporario,0.8,0.19999999999999996,False,27,68,6,8804108.670849552,0.08837765259674192,0.06036571777348554,0.10022802337685313,0.00864181830189662
choque_20pct_temporario,temporario,0.8,0.19999999999999996,False,27,68,7,8954398.28469644,0.08850939159988021,0.0863174283344923,0.10057355000531677,0.014868025497555054
choque_20pct_temporario,temporario,0.8,0.19999999999999996,False,27,68,8,8896533.491935166,0.10116484208888103,0.10395458544243086,0.11962331230838627,0.011410968968215376
choque_20pct_temporario,temporario,0.8,0.19999999999999996,False,27,68,9,8852327.912727032,0.11506399654478316,0.11463808598105563,0.13770322589059145,0.008744004730362737
choque_20pct_temporario,temporario,0.8,0.19999999999999996,False,27,68,10,8745140.503965195,0.12625499525932846,0.10908118859372107,0.1555988065763522,-0.0007820877758663823
choque_20pct_temporario,temporario,0.8,0.19999999999999996,False,27,68,11,8583824.128180088,0.13783895079583935,0.0971224629166032,0.1699395392766868,-0.014580523106494873
choque_20pct_temporario,temporario,0.8,0.19999999999999996,False,27,68,12,8538775.471954824,0.14249758094634596,0.07570801476963096,0.17882650738083677,-0.024499451047647648
choque_20pct_temporario,temporario,0.8,0.19999999999999996,False,27,68,13,8682378.430249816,0.13566812336679906,0.055783933293927834,0.17453304366026776,-0.03326954751976057
choque_20pct_temporario,temporario,0.8,0.19999999999999996,False,27,68,14,8982349.073180187,0.12037115162029476,0.03792172926280535,0.16340942418805868,-0.03518548970595266
choque_20pct_temporario,temporario,0.8,0.19999999999999996,False,27,68,15,9611919.483407713,0.0919647979844125,0.03173205700505899,0.14185579577053742,-0.028390726978839896
choque_20pct_temporario,temporario,0.8,0.19999999999999996,False,27,68,16,10120532.486994142,0.06690731230571438,0.044303938642107354,0.1230299635119366,-0.020057160689000972
choque_20pct_temporario,temporario,0.8,0.19999999999999996,False,27,68,17,10623448.478839757,0.050822197950063056,0.08248539703259072,0.11001667071981411,-0.010258351028217748
choque_20pct_temporario,temporario,0.8,0.19999999999999996,False,27,68,18,10895648.635216434,0.05146146050481851,0.1425801779158038,0.10980836088736763,0.004330955016854142
choque_20pct_temporario,temporario,0.8,0.19999999999999996,False,27,68,19,11154180.270180566,0.06297954048276697,0.1998421113415061,0.13040593294575903,0.017529366693149775
choque_20pct_temporario,temporario,0.8,0.19999999999999996,False,27,68,20,11277986.696747348,0.06717441616901787,0.23124957536293156,0.15396532581980318,0.02004748371607719
choque_20pct_temporario,temporario,0.8,0.19999999999999996,False,27,68,21,11199480.403336206,0.07476743719578179,0.24758548961254512,0.16456846689753676,0.011067140157175831
choque_20pct_temporario,temporario,0.8,0.19999999999999996,False,27,68,22,10880061.909902098,0.09405119560927042,0.23896199328453793,0.19030122781447267,-0.004949798928076074
choque_20pct_temporario,temporario,0.8,0.19999999999999996,False,27,68,23,10536383.398729358,0.11275458683347744,0.20916861315846647,0.21669642690600505,-0.025759130590659467
choque_20pct_temporario,temporario,0.8,0.19999999999999996,False,27,68,24,10378717.881617745,0.11462185691132559,0.16821273960082994,0.22370255010702092,-0.04877090620291885
choque_20pct_temporario,temporario,0.8,0.19999999999999996,False,27,68,25,10526498.532238498,0.09979291984189163,0.12734132891108385,0.21152433000732743,-0.05751893802589549
choque_20pct_temporario,temporario,0.8,0.19999999999999996,False,28,69,0,7609597.0,0.138,0.03,0.12063832026847152,0.010583740505574736
choque_20pct_temporario,temporario,0.8,0.19999999999999996,False,28,69,1,7652724.38733265,0.14039181650999813,0.030000000000000027,0.11859183719691781,0.007984885903803248
choque_20pct_temporario,temporario,0.8,0.19999999999999996,False,28,69,2,7806733.0736326575,0.13522708141572493,0.02417705148225502,0.12042382786782006,0.002973484525824733
choque_20pct_temporario,temporario,0.8,0.19999999999999996,False,28,69,3,8039766.112708442,0.12607195076600336,0.026852381109290446,0.11215130020560106,0.003988912437766958
choque_20pct_temporario,temporario,0.8,0.19999999999999996,False,28,69,4,8417312.78290177,0.10813151097748176,0.02971501739047744,0.10317126294956817,0.0044319043942346375
choque_20pct_temporario,temporario,0.8,0.19999999999999996,False,28,69,5,8651032.408385148,0.09309861892368462,0.04862080190530671,0.09457020450521114,0.009781306278746937
choque_20pct_temporario,temporario,0.8,0.19999999999999996,False,28,69,6,8881811.926349863,0.08500056910103766,0.06636849906922526,0.09495234962614889,0.013861030119392107
choque_20pct_temporario,temporario,0.8,0.19999999999999996,False,28,69,7,8950432.048702024,0.0918207633919774,0.09428427632137826,0.10320037267063474,0.016951815948072126
choque_20pct_temporario,temporario,0.8,0.19999999999999996,False,28,69,8,8813469.884828378,0.10971486125375375,0.10989270982970645,0.1283570696924526,0.012436408606852816
choque_20pct_temporario,temporario,0.8,0.19999999999999996,False,28,69,9,8702962.728385594,0.12852738534035113,0.11375312031149165,0.1506428310220802,0.0025977246838987246
choque_20pct_temporario,temporario,0.8,0.19999999999999996,False,28,69,10,8452150.312730784,0.14651504451637853,0.10098074542444269,0.1726090931791685,-0.009212184246694365
choque_20pct_temporario,temporario,0.8,0.19999999999999996,False,28,69,11,8355056.801640673,0.15222606350688409,0.0800687661818662,0.18258032400041516,-0.02301995475852543
choque_20pct_temporario,temporario,0.8,0.19999999999999996,False,28,69,12,8429127.210059842,0.14771516997575318,0.05497879479673062,0.18086356058343359,-0.03272181273085681
choque_20pct_temporario,temporario,0.8,0.19999999999999996,False,28,69,13,8735604.859582704,0.13268470661623932,0.034615601929747,0.16748427090626267,-0.037825722141789926
choque_20pct_temporario,temporario,0.8,0.19999999999999996,False,28,69,14,9382318.643878471,0.10179049825988132,0.023177640193281723,0.1436848960921396,-0.030080051619530337
choque_20pct_temporario,temporario,0.8,0.19999999999999996,False,28,69,15,9947201.591288473,0.07366796262330341,0.02997426195277475,0.12263163895899676,-0.021426327423350027
choque_20pct_temporario,temporario,0.8,0.19999999999999996,False,28,69,16,10344788.79588988,0.05734374664344764,0.059398734239382245,0.11142240439322292,-0.015292457279728949
choque_20pct_temporario,temporario,0.8,0.19999999999999996,False,28,69,17,10622865.124106478,0.05820550299460409,0.11165409753720157,0.11174670965480618,-0.00483506470766332
choque_20pct_temporario,temporario,0.8,0.19999999999999996,False,28,69,18,10839337.248987969,0.06762194926389868,0.16273881549492186,0.12978710532148047,0.007560673890084252
choque_20pct_temporario,temporario,0.8,0.19999999999999996,False,28,69,19,11023472.713779565,0.06812832768681386,0.19693157390796534,0.146637953271631,0.007933730952170983
choque_20pct_temporario,temporario,0.8,0.19999999999999996,False,28,69,20,11073511.032922383,0.07068902914117596,0.21890820468557926,0.15303118138722263,0.010617881379102799
choque_20pct_temporario,temporario,0.8,0.19999999999999996,False,28,69,21,10932011.27388027,0.0831552388264205,0.2247170044164979,0.17211522519857156,0.0023346901795503728
choque_20pct_temporario,temporario,0.8,0.19999999999999996,False,28,69,22,10640703.615634125,0.09792279995709509,0.2109887734174425,0.19786803150790658,-0.01300916527911209
choque_20pct_temporario,temporario,0.8,0.19999999999999996,False,28,69,23,10518842.329050714,0.10553316710314388,0.1824408841136147,0.20946866174926568,-0.030411855696524874
choque_20pct_temporario,temporario,0.8,0.19999999999999996,False,28,69,24,10521146.225541968,0.10025277622126758,0.15079971584435325,0.2086245906852332,-0.04681313328089662
choque_20pct_temporario,temporario,0.8,0.19999999999999996,False,28,69,25,10868388.47202709,0.08123472333531749,0.12423396612823234,0.19329741616068127,-0.05277689150348807
choque_20pct_temporario,temporario,0.8,0.19999999999999996,False,29,70,0,7609597.0,0.138,0.03,0.12063832026847152,0.010583740505574736
choque_20pct_temporario,temporario,0.8,0.19999999999999996,False,29,70,1,7652724.38733265,0.14039181650999813,0.030000000000000027,0.11859183719691781,0.007984885903803248
choque_20pct_temporario,temporario,0.8,0.19999999999999996,False,29,70,2,7793908.918816493,0.13522708141572493,0.024179988109196637,0.12056402716108525,0.003817102098398722
choque_20pct_temporario,temporario,0.8,0.19999999999999996,False,29,70,3,8077686.681735072,0.12411570269766257,0.026810744714600876,0.11133125850897442,0.004050078983218172
choque_20pct_temporario,temporario,0.8,0.19999999999999996,False,29,70,4,8408213.34759326,0.10734523513754805,0.03016333054236031,0.10323583965387939,0.008238099446535783
choque_20pct_temporario,temporario,0.8,0.19999999999999996,False,29,70,5,8635058.314455876,0.09507434246237038,0.04846983042161335,0.0971053307573148,0.010654956755773003
choque_20pct_temporario,temporario,0.8,0.19999999999999996,False,29,70,6,8780937.59219735,0.09146118926426361,0.06587946582856663,0.10129621260628166,0.007448319954909362
choque_20pct_temporario,temporario,0.8,0.19999999999999996,False,29,70,7,8830855.922044264,0.09949933497931222,0.08940345080143519,0.10987827454191693,0.01094898613712084
choque_20pct_temporario,temporario,0.8,0.19999999999999996,False,29,70,8,8838092.788128419,0.10685739628302438,0.10113640525413414,0.12632982875948726,0.006569506411846859
choque_20pct_temporario,temporario,0.8,0.19999999999999996,False,29,70,9,8808658.591340419,0.11491368186972223,0.10773207648532312,0.1372662139510256,0.00957166903842212
choque_20pct_temporario,temporario,0.8,0.19999999999999996,False,29,70,10,8720175.621387322,0.12166885078896286,0.10131141543910815,0.15229815638033295,-0.001785972822793848
choque_20pct_temporario,temporario,0.8,0.19999999999999996,False,29,70,11,8694560.785902547,0.12811917667318018,0.09124666518500635,0.16121722127697327,-0.012197095885292112
choque_20pct_temporario,temporario,0.8,0.19999999999999996,False,29,70,12,8675665.481918205,0.13118854051300285,0.07504519818745692,0.16901994043846705,-0.022577088799989476
choque_20pct_temporario,temporario,0.8,0.19999999999999996,False,29,70,13,8843381.47974351,0.12398960025921271,0.0612174722455161,0.16507976995443185,-0.029962961574580213
choque_20pct_temporario,temporario,0.8,0.19999999999999996,False,29,70,14,9191882.286106527,0.110860482470816,0.05031843564386751,0.15385490407578448,-0.030418446860390445
choque_20pct_temporario,temporario,0.8,0.19999999999999996,False,29,70,15,9661604.889783716,0.08493096192565781,0.04998607070378491,0.13708023655566337,-0.02582253488065577
choque_20pct_temporario,temporario,0.8,0.19999999999999996,False,29,70,16,10271881.024010638,0.060678635372123105,0.06583003846397917,0.11840587017445917,-0.016397562366399946
choque_20pct_temporario,temporario,0.8,0.19999999999999996,False,29,70,17,10635017.81645816,0.048782997819830864,0.10717650538588575,0.10804320977835426,-0.0022737280249525657
choque_20pct_temporario,temporario,0.8,0.19999999999999996,False,29,70,18,10897343.913057629,0.05430123529360443,0.1661992818814111,0.11449136186954201,0.01037619359760153
choque_20pct_temporario,temporario,0.8,0.19999999999999996,False,29,70,19,11010960.035549622,0.07058021831836668,0.2131187686280116,0.14338562825940304,0.014778982136449707
choque_20pct_temporario,temporario,0.8,0.19999999999999996,False,29,70,20,11044120.039490271,0.0820256786385174,0.23109339063933731,0.16841340448852457,0.007297431273382258
choque_20pct_temporario,temporario,0.8,0.19999999999999996,False,29,70,21,10803608.213600632,0.09239364639023538,0.22528034023524235,0.18308945233928253,-0.004950565794540141
choque_20pct_temporario,temporario,0.8,0.19999999999999996,False,29,70,22,10617637.538739508,0.09541969538653944,0.20335778935380922,0.19455870993149943,-0.018323318672515285
choque_20pct_temporario,temporario,0.8,0.19999999999999996,False,29,70,23,10581773.271661885,0.09246724591999311,0.17468797632671706,0.19686864171933707,-0.031026396536153123
choque_20pct_temporario,temporario,0.8,0.19999999999999996,False,29,70,24,10646138.67914887,0.08763072120095515,0.14939097056535866,0.19557150619056182,-0.04198839049395228
choque_20pct_temporario,temporario,0.8,0.19999999999999996,False,29,70,25,10951415.699795062,0.07511184640487827,0.1327610987414094,0.18692173709035137,-0.0474987815404507
choque_20pct_temporario,temporario,0.8,0.19999999999999996,False,30,71,0,7609597.0,0.138,0.03,0.12063832026847152,0.010583740505574736
choque_20pct_temporario,temporario,0.8,0.19999999999999996,False,30,71,1,7652724.38733265,0.14039181650999813,0.030000000000000027,0.11859183719691781,0.007984885903803248
choque_20pct_temporario,temporario,0.8,0.19999999999999996,False,30,71,2,7798724.13808399,0.13522708141572493,0.024171687956530574,0.1204136488021475,0.0023558645248872114
choque_20pct_temporario,temporario,0.8,0.19999999999999996,False,30,71,3,8054625.753905785,0.12462994789303233,0.026899655657140142,0.11113475461850242,0.006612365752353059
choque_20pct_temporario,temporario,0.8,0.19999999999999996,False,30,71,4,8408271.606461918,0.10649883576022703,0.030318046293073442,0.10252030583947239,0.006779272021392102
choque_20pct_temporario,temporario,0.8,0.19999999999999996,False,30,71,5,8660059.34684346,0.09296060125869253,0.050223914633907185,0.09414438662530045,0.011837364878517772
choque_20pct_temporario,temporario,0.8,0.19999999999999996,False,30,71,6,8844541.937792595,0.08494521290505991,0.06786539169578343,0.09636142757017525,0.01375683221410042
choque_20pct_temporario,temporario,0.8,0.19999999999999996,False,30,71,7,8913699.209194092,0.09223363570182774,0.09583024464188905,0.10394451064425163,0.017318351524510132
choque_20pct_temporario,temporario,0.8,0.19999999999999996,False,30,71,8,8839145.638458194,0.10865798364751164,0.11074926043050692,0.12773880236939883,0.01079378290734129
choque_20pct_temporario,temporario,0.8,0.19999999999999996,False,30,71,9,8650718.22640293,0.127658524201235,0.11579534211304776,0.15010056830193821,0.003929247122128568
choque_20pct_temporario,temporario,0.8,0.19999999999999996,False,30,71,10,8510417.196272014,0.13966431148499986,0.10196723644173011,0.16881900617494644,-0.0072836955365857495
choque_20pct_temporario,temporario,0.8,0.19999999999999996,False,30,71,11,8410498.333209412,0.14593320998070158,0.08377472791887075,0.17745784243206444,-0.020145285541501287
choque_20pct_temporario,temporario,0.8,0.19999999999999996,False,30,71,12,8437238.18479967,0.14448016987230042,0.05942908787293777,0.17968232807003487,-0.031568994406728106
choque_20pct_temporario,temporario,0.8,0.19999999999999996,False,30,71,13,8806400.041716129,0.12753593183010986,0.03933059423294338,0.16487603646640653,-0.03613897012869546
choque_20pct_temporario,temporario,0.8,0.19999999999999996,False,30,71,14,9477650.801287875,0.0979410272117707,0.028649526477891873,0.1411989246793557,-0.028493208492584778
choque_20pct_temporario,temporario,0.8,0.19999999999999996,False,30,71,15,10008497.706146859,0.0691267134229197,0.03754119497469732,0.12093128683741725,-0.021459560417359656
choque_20pct_temporario,temporario,0.8,0.19999999999999996,False,30,71,16,10376837.894536331,0.05480057746401301,0.07177421239631454,0.10894551564152469,-0.01403100187102914
choque_20pct_temporario,temporario,0.8,0.19999999999999996,False,30,71,17,10611462.207545033,0.05718061377151697,0.12609201535394776,0.11153944725042479,2.8770107358475023e-05
choque_20pct_temporario,temporario,0.8,0.19999999999999996,False,30,71,18,10858560.425743345,0.06853653973829595,0.17549659623097202,0.1314201360743617,0.009057818738572148
choque_20pct_temporario,temporario,0.8,0.19999999999999996,False,30,71,19,11002732.448875304,0.0678122804894411,0.20547283470171873,0.14917355783618833,0.011487153294458652
choque_20pct_temporario,temporario,0.8,0.19999999999999996,False,30,71,20,11048603.15519814,0.06853363515183465,0.2247590732078335,0.1527037048049674,0.008234699883661942
choque_20pct_temporario,temporario,0.8,0.19999999999999996,False,30,71,21,10931497.312797531,0.08313098534638731,0.22798616379980885,0.17118597223498763,0.000785869208351054
choque_20pct_temporario,temporario,0.8,0.19999999999999996,False,30,71,22,10610593.592936011,0.10133957892274466,0.2122058634501507,0.20014451254170815,-0.013880365265332758
choque_20pct_temporario,temporario,0.8,0.19999999999999996,False,30,71,23,10478602.505802782,0.10531146226599244,0.18070748212204668,0.21169627409936234,-0.03470976216522051
choque_20pct_temporario,temporario,0.8,0.19999999999999996,False,30,71,24,10528182.6405014,0.09893341522287398,0.14871768210321834,0.20514232912549388,-0.04549168691892748
choque_20pct_temporario,temporario,0.8,0.19999999999999996,False,30,71,25,10913434.46009528,0.07531120855524483,0.12156497625816809,0.18986066051611022,-0.04890498561281663
choque_20pct_temporario,temporario,0.8,0.19999999999999996,False,31,72,0,7609597.0,0.138,0.03,0.12063832026847152,0.010583740505574736
choque_20pct_temporario,temporario,0.8,0.19999999999999996,False,31,72,1,7652724.38733265,0.14039181650999813,0.030000000000000027,0.11859183719691781,0.007984885903803248
choque_20pct_temporario,temporario,0.8,0.19999999999999996,False,31,72,2,7798943.542504845,0.13522708141572493,0.024186540020322278,0.12055318810911574,0.005573485531992079
choque_20pct_temporario,temporario,0.8,0.19999999999999996,False,31,72,3,8033871.603258951,0.12505829932360707,0.026859604820157257,0.11232426066780227,0.004300717423559229
choque_20pct_temporario,temporario,0.8,0.19999999999999996,False,31,72,4,8384971.505487379,0.10985609237692037,0.030204546394460463,0.10425054266943844,0.00631900207828983
choque_20pct_temporario,temporario,0.8,0.19999999999999996,False,31,72,5,8634396.734835133,0.09555673924682227,0.048783385990812,0.09647988621551336,0.013189153435314693
choque_20pct_temporario,temporario,0.8,0.19999999999999996,False,31,72,6,8767082.265542319,0.08927890571019322,0.06471275232209983,0.09895868035267386,0.014849628332243613
choque_20pct_temporario,temporario,0.8,0.19999999999999996,False,31,72,7,8860908.269090805,0.0950679460240533,0.089208007448488,0.10699540929013834,0.014005093724196277
choque_20pct_temporario,temporario,0.8,0.19999999999999996,False,31,72,8,8809282.39121666,0.11025956456822772,0.10300512235900716,0.1278050687305453,0.008255139958279437
choque_20pct_temporario,temporario,0.8,0.19999999999999996,False,31,72,9,8645384.353797248,0.1269484195561516,0.10659195437573188,0.14944934364742593,0.0019849481937546294
choque_20pct_temporario,temporario,0.8,0.19999999999999996,False,31,72,10,8521352.226876017,0.1397054348727785,0.09633779983877244,0.16637399597810126,-0.013031493480231736
choque_20pct_temporario,temporario,0.8,0.19999999999999996,False,31,72,11,8478193.917391723,0.1436479730790769,0.07873492454493447,0.17269128742013318,-0.021795609902343416
choque_20pct_temporario,temporario,0.8,0.19999999999999996,False,31,72,12,8671865.875275929,0.13210129443822305,0.05872136088646429,0.1662871810432831,-0.027202673029695534
choque_20pct_temporario,temporario,0.8,0.19999999999999996,False,31,72,13,9034182.522536337,0.11128438137470593,0.04448755186529607,0.15121073068455973,-0.02781302409719472
choque_20pct_temporario,temporario,0.8,0.19999999999999996,False,31,72,14,9549243.697555503,0.08780999268143305,0.04083076996950785,0.1340033508376175,-0.020028613681654102
choque_20pct_temporario,temporario,0.8,0.19999999999999996,False,31,72,15,9937659.808708988,0.06697246401968694,0.05577454097697765,0.12131112181357857,-0.012816470887614631
choque_20pct_temporario,temporario,0.8,0.19999999999999996,False,31,72,16,10273588.50030269,0.061433398580504894,0.09171202689794566,0.11436132247721753,-0.007085747081528617
choque_20pct_temporario,temporario,0.8,0.19999999999999996,False,31,72,17,10540568.90024578,0.06401324392432134,0.13613110144473506,0.122834072294651,0.0017797011748422287
choque_20pct_temporario,temporario,0.8,0.19999999999999996,False,31,72,18,10767716.17021001,0.06484395549692093,0.17482614703146737,0.13451828837753876,0.007915136261451544
choque_20pct_temporario,temporario,0.8,0.19999999999999996,False,31,72,19,10966581.148689266,0.061682652227628525,0.20542426861598018,0.14085863120906048,0.009724396232428807
choque_20pct_temporario,temporario,0.8,0.19999999999999996,False,31,72,20,11053168.593003947,0.06839248206638537,0.22657945178333838,0.1498073196979728,0.008082546796078513
choque_20pct_temporario,temporario,0.8,0.19999999999999996,False,31,72,21,10832395.33306972,0.08505060525078582,0.22967640633712816,0.1767988764507437,0.0008829458968527437
choque_20pct_temporario,temporario,0.8,0.19999999999999996,False,31,72,22,10665356.124299388,0.09623791920458467,0.2131400472032312,0.19788905444320215,-0.01281086685516021
choque_20pct_temporario,temporario,0.8,0.19999999999999996,False,31,72,23,10516766.203701874,0.10009234313116515,0.18496375615204008,0.20487420742126325,-0.03143939862204117
choque_20pct_temporario,temporario,0.8,0.19999999999999996,False,31,72,24,10586213.838737532,0.09232864523585266,0.15363705688498874,0.2020432246160124,-0.043907923098658146
choque_20pct_temporario,temporario,0.8,0.19999999999999996,False,31,72,25,10959387.704356419,0.07477718086567915,0.13178576432364064,0.18694318417990294,-0.044600559558418296
choque_20pct_temporario,temporario,0.8,0.19999999999999996,False,32,73,0,7609597.0,0.138,0.03,0.12063832026847152,0.010583740505574736
choque_20pct_temporario,temporario,0.8,0.19999999999999996,False,32,73,1,7652724.38733265,0.14039181650999813,0.030000000000000027,0.11859183719691781,0.007984885903803248
choque_20pct_temporario,temporario,0.8,0.19999999999999996,False,32,73,2,7806073.029954594,0.13522708141572493,0.024178725948676094,0.12041078392684051,0.003719667309244016
choque_20pct_temporario,temporario,0.8,0.19999999999999996,False,32,73,3,8057010.31901437,0.12508063335150787,0.026885833553207172,0.11199793960515526,0.00608347432816441
choque_20pct_temporario,temporario,0.8,0.19999999999999996,False,32,73,4,8349383.641723143,0.11011762460498523,0.03010814174193599,0.10529663561854516,0.006974375694473791
choque_20pct_temporario,temporario,0.8,0.19999999999999996,False,32,73,5,8579556.602808325,0.09779576521643625,0.04812734873851432,0.0981489364985105,0.010553173280531817
choque_20pct_temporario,temporario,0.8,0.19999999999999996,False,32,73,6,8788097.875175346,0.08987287107951392,0.06299472776121329,0.09972330025122048,0.009085953113506644
choque_20pct_temporario,temporario,0.8,0.19999999999999996,False,32,73,7,8872495.651962463,0.09467862042416507,0.0875948988347044,0.10530470129524439,0.011708214733543072
choque_20pct_temporario,temporario,0.8,0.19999999999999996,False,32,73,8,8886743.836099833,0.10370173150392685,0.10172198472076244,0.12204065983930225,0.00920774281178973
choque_20pct_temporario,temporario,0.8,0.19999999999999996,False,32,73,9,8854213.242353195,0.11161473598664175,0.10974882648376072,0.13630048315362425,0.0029266105990077714
choque_20pct_temporario,temporario,0.8,0.19999999999999996,False,32,73,10,8772034.53522055,0.12505674497274463,0.10453604833969043,0.15266237814754552,-0.004135586385148955
choque_20pct_temporario,temporario,0.8,0.19999999999999996,False,32,73,11,8667927.45970557,0.1334690667237366,0.09272222523596119,0.1664833192031414,-0.011689281789164648
choque_20pct_temporario,temporario,0.8,0.19999999999999996,False,32,73,12,8650888.494975638,0.13494542345677396,0.07510673355306041,0.17227198164552834,-0.02320571859408019
choque_20pct_temporario,temporario,0.8,0.19999999999999996,False,32,73,13,8793680.71349127,0.12888919422796993,0.05819069857235326,0.16827450028335056,-0.029460941549239266
choque_20pct_temporario,temporario,0.8,0.19999999999999996,False,32,73,14,9143043.560272595,0.11132236887209442,0.046426038935372116,0.15585708541895882,-0.03438846516640231
choque_20pct_temporario,temporario,0.8,0.19999999999999996,False,32,73,15,9798688.114456112,0.08621191931469714,0.04449993272714026,0.13520290934365634,-0.026301926233991312
choque_20pct_temporario,temporario,0.8,0.19999999999999996,False,32,73,16,10213182.561749235,0.06397209215563288,0.06246512982032537,0.12011569639082201,-0.018215415843475514
choque_20pct_temporario,temporario,0.8,0.19999999999999996,False,32,73,17,10556624.565046133,0.05339827853373206,0.0995911228922981,0.11192624948102801,-0.00752452743340583
choque_20pct_temporario,temporario,0.8,0.19999999999999996,False,32,73,18,10902690.530644909,0.05324568767943392,0.15380229278108004,0.11520646392458746,0.0055723610713155555
choque_20pct_temporario,temporario,0.8,0.19999999999999996,False,32,73,19,11147995.061314432,0.06128200272216494,0.20217079183623077,0.13249204673686277,0.013129862212512873
choque_20pct_temporario,temporario,0.8,0.19999999999999996,False,32,73,20,11138333.864562256,0.07357178557560991,0.23401692377295435,0.15632581871109005,0.013507750801659767
choque_20pct_temporario,temporario,0.8,0.19999999999999996,False,32,73,21,11017874.542253172,0.08609488810836617,0.23779757997529916,0.1775106712070088,0.00472725972930609
choque_20pct_temporario,temporario,0.8,0.19999999999999996,False,32,73,22,10703027.475276722,0.09866447806977591,0.22150285875038267,0.19658733015818908,-0.010476876603995856
choque_20pct_temporario,temporario,0.8,0.19999999999999996,False,32,73,23,10440777.76618715,0.10766003137666376,0.18827152020330917,0.21202118966346614,-0.032490099011258794
choque_20pct_temporario,temporario,0.8,0.19999999999999996,False,32,73,24,10454610.722712366,0.10429608437941484,0.15253676286731244,0.2122439746818273,-0.04761722020154869
choque_20pct_temporario,temporario,0.8,0.19999999999999996,False,32,73,25,10748503.263405701,0.08922877480180552,0.12197589878076998,0.199150402146818,-0.05637818128325749
choque_20pct_temporario,temporario,0.8,0.19999999999999996,False,33,74,0,7609597.0,0.138,0.03,0.12063832026847152,0.010583740505574736
choque_20pct_temporario,temporario,0.8,0.19999999999999996,False,33,74,1,7652724.38733265,0.14039181650999813,0.030000000000000027,0.11859183719691781,0.007984885903803248
choque_20pct_temporario,temporario,0.8,0.19999999999999996,False,33,74,2,7794346.244993998,0.13522708141572493,0.024178878871325082,0.12053897788241605,0.003676100436403369
choque_20pct_temporario,temporario,0.8,0.19999999999999996,False,33,74,3,8047832.960766992,0.12410537040483062,0.026843123093230004,0.11151557258643194,0.004083187292728948
choque_20pct_temporario,temporario,0.8,0.19999999999999996,False,33,74,4,8407755.108021477,0.10742200071065763,0.030562487666643934,0.10256323619986542,0.007674030567074797
choque_20pct_temporario,temporario,0.8,0.19999999999999996,False,33,74,5,8647117.415851815,0.09341183216679137,0.0499364051590554,0.09461214316817482,0.011656008699566822
choque_20pct_temporario,temporario,0.8,0.19999999999999996,False,33,74,6,8867177.809830545,0.08474064893011292,0.06751502805050946,0.09502793924575871,0.012857363288864611
choque_20pct_temporario,temporario,0.8,0.19999999999999996,False,33,74,7,8968932.89346672,0.08732931542948119,0.09558773543343779,0.10139591467394617,0.015969508516522568
choque_20pct_temporario,temporario,0.8,0.19999999999999996,False,33,74,8,8882701.595485883,0.10557604902194119,0.11433080603115098,0.12285821521652784,0.01072416555860501
choque_20pct_temporario,temporario,0.8,0.19999999999999996,False,33,74,9,8756010.152673114,0.12276917923506692,0.11952690119947684,0.1463044007203988,0.0028608033326799993
choque_20pct_temporario,temporario,0.8,0.19999999999999996,False,33,74,10,8643245.93222882,0.13148904082605742,0.10858180922566607,0.162049693861886,-0.005301814337725972
choque_20pct_temporario,temporario,0.8,0.19999999999999996,False,33,74,11,8519323.328626718,0.13897856475364426,0.09280701849585471,0.17159659537336142,-0.018041054496865484
choque_20pct_temporario,temporario,0.8,0.19999999999999996,False,33,74,12,8571857.767805155,0.1386105934228182,0.06962757773559924,0.17524555120602867,-0.02732778744148184
choque_20pct_temporario,temporario,0.8,0.19999999999999996,False,33,74,13,8752569.743179835,0.1312898379476604,0.05027657988900147,0.16919739985809476,-0.03402432274679368
choque_20pct_temporario,temporario,0.8,0.19999999999999996,False,33,74,14,9225311.609660355,0.11234545359975087,0.03575675352610341,0.15374407628339012,-0.03290684858562659
choque_20pct_temporario,temporario,0.8,0.19999999999999996,False,33,74,15,9759381.470875792,0.08310024314646093,0.03487772921073695,0.1342131947243222,-0.025321385569496202
choque_20pct_temporario,temporario,0.8,0.19999999999999996,False,33,74,16,10257610.94736846,0.05994883578077816,0.055216333050584376,0.11687950655121894,-0.016916287661425937
choque_20pct_temporario,temporario,0.8,0.19999999999999996,False,33,74,17,10543285.142756106,0.055194887279707484,0.10074937992490818,0.11061855761147503,-0.005242046477575476
choque_20pct_temporario,temporario,0.8,0.19999999999999996,False,33,74,18,10830223.541699473,0.06166081314903348,0.1538897477208645,0.12304692992718017,0.0038146376739859942
choque_20pct_temporario,temporario,0.8,0.19999999999999996,False,33,74,19,11037832.507350778,0.0644611301199123,0.19620477212045428,0.1416892532207342,0.00987400736009096
choque_20pct_temporario,temporario,0.8,0.19999999999999996,False,33,74,20,11101522.949052779,0.07013987493852065,0.2240279892951278,0.15231575858472343,0.010904883605362242
choque_20pct_temporario,temporario,0.8,0.19999999999999996,False,33,74,21,10938546.113731965,0.08327035155294919,0.232012754601582,0.17314556888911198,0.0032655687183335298
choque_20pct_temporario,temporario,0.8,0.19999999999999996,False,33,74,22,10707405.082155837,0.09795166615447824,0.21864619938589058,0.19580761392261234,-0.013372938400221105
choque_20pct_temporario,temporario,0.8,0.19999999999999996,False,33,74,23,10533745.616207346,0.10397548691832331,0.18872453656848487,0.20865152949157145,-0.030604203921484514
choque_20pct_temporario,temporario,0.8,0.19999999999999996,False,33,74,24,10490945.31510157,0.10065876936694163,0.15467443099084766,0.20940580543157566,-0.042814295057499285
choque_20pct_temporario,temporario,0.8,0.19999999999999996,False,33,74,25,10739766.070158722,0.08548757727945408,0.12746508003288692,0.198422290012812,-0.054549207927429656
choque_20pct_temporario,temporario,0.8,0.19999999999999996,False,34,75,0,7609597.0,0.138,0.03,0.12063832026847152,0.010583740505574736
choque_20pct_temporario,temporario,0.8,0.19999999999999996,False,34,75,1,7652724.38733265,0.14039181650999813,0.030000000000000027,0.11859183719691781,0.007984885903803248
choque_20pct_temporario,temporario,0.8,0.19999999999999996,False,34,75,2,7817153.350781714,0.13522708141572493,0.02417296767197974,0.12048837995070284,0.0018178776575865354
choque_20pct_temporario,temporario,0.8,0.19999999999999996,False,34,75,3,8050037.339651956,0.12429583628352474,0.02688580318537337,0.11173020254586101,0.007924258932568783
choque_20pct_temporario,temporario,0.8,0.19999999999999996,False,34,75,4,8371491.188757262,0.10879330674736361,0.03042871911511269,0.10406100712413781,0.00859011546035212
choque_20pct_temporario,temporario,0.8,0.19999999999999996,False,34,75,5,8596006.95894757,0.09466230344949346,0.04916130421121734,0.09709608088353462,0.011159451436354505
choque_20pct_temporario,temporario,0.8,0.19999999999999996,False,34,75,6,8786368.129140103,0.09095757640150182,0.06591321983509735,0.09853173776396851,0.013432017785819534
choque_20pct_temporario,temporario,0.8,0.19999999999999996,False,34,75,7,8856810.841229083,0.09464946710242693,0.08917834848050443,0.10777771936767769,0.011484248596819444
choque_20pct_temporario,temporario,0.8,0.19999999999999996,False,34,75,8,8866796.493981102,0.1051629228121154,0.10369808163465977,0.1226499119629232,0.011641536395412202
choque_20pct_temporario,temporario,0.8,0.19999999999999996,False,34,75,9,8821082.286221832,0.11179062893580027,0.11043305456019481,0.13784951585246652,0.005256540245589437
choque_20pct_temporario,temporario,0.8,0.19999999999999996,False,34,75,10,8717634.12972476,0.12380932673166176,0.10712633044644382,0.15215021129041034,-0.0034834564574714715
choque_20pct_temporario,temporario,0.8,0.19999999999999996,False,34,75,11,8626400.43705563,0.13210381945530472,0.09468805819282733,0.1659730325217521,-0.013725632266552743
choque_20pct_temporario,temporario,0.8,0.19999999999999996,False,34,75,12,8633995.662708893,0.13361243597559985,0.07778089506070929,0.17089487886313276,-0.02437960155684432
choque_20pct_temporario,temporario,0.8,0.19999999999999996,False,34,75,13,8796577.60421186,0.12657048794306505,0.060227436757088304,0.1667659358600303,-0.03046050869843802
choque_20pct_temporario,temporario,0.8,0.19999999999999996,False,34,75,14,9175854.031079931,0.10719411146845934,0.04863390987679894,0.15237513865898686,-0.02779618467610056
choque_20pct_temporario,temporario,0.8,0.19999999999999996,False,34,75,15,9758699.049834572,0.07865843772588739,0.047044206959472756,0.1326615511189439,-0.020833202169426683
choque_20pct_temporario,temporario,0.8,0.19999999999999996,False,34,75,16,10286099.022797592,0.057767504170078116,0.06827386256443235,0.1151912863759399,-0.01240990837842191
choque_20pct_temporario,temporario,0.8,0.19999999999999996,False,34,75,17,10615598.145662718,0.05223627662292172,0.11320545396674597,0.11013940006502226,-0.0019661401998811215
choque_20pct_temporario,temporario,0.8,0.19999999999999996,False,34,75,18,10893469.283163503,0.06057831035974397,0.16785409441853272,0.12236985393823592,0.004253086390766473
choque_20pct_temporario,temporario,0.8,0.19999999999999996,False,34,75,19,10990921.607117891,0.07113559234536969,0.20578419025089056,0.14721469426909334,0.010050611654859903
choque_20pct_temporario,temporario,0.8,0.19999999999999996,False,34,75,20,10971650.426749714,0.075912609695289,0.22513428752557085,0.16246087225093503,0.008959875418756296
choque_20pct_temporario,temporario,0.8,0.19999999999999996,False,34,75,21,10891368.576444626,0.08273175293519024,0.22275212404795264,0.17421176459733884,-0.0004580953374818735
choque_20pct_temporario,temporario,0.8,0.19999999999999996,False,34,75,22,10607700.8075375,0.09830631733425896,0.20786133335085855,0.19451838650474254,-0.016193663384691956
choque_20pct_temporario,temporario,0.8,0.19999999999999996,False,34,75,23,10478125.101456584,0.10639549917034241,0.17770799207941623,0.21043765321825633,-0.03592361556533692
choque_20pct_temporario,temporario,0.8,0.19999999999999996,False,34,75,24,10508663.579130983,0.09982819420179032,0.1459918787713097,0.20683033563033412,-0.0476064756679453
choque_20pct_temporario,temporario,0.8,0.19999999999999996,False,34,75,25,10990469.566845775,0.07347574650079765,0.12060760892708777,0.1864025818757721,-0.05080812868482786
choque_20pct_temporario,temporario,0.8,0.19999999999999996,False,35,76,0,7609597.0,0.138,0.03,0.12063832026847152,0.010583740505574736
choque_20pct_temporario,temporario,0.8,0.19999999999999996,False,35,76,1,7652724.38733265,0.14039181650999813,0.030000000000000027,0.11859183719691781,0.007984885903803248
choque_20pct_temporario,temporario,0.8,0.19999999999999996,False,35,76,2,7802730.70561669,0.13522708141572493,0.024187296796349456,0.12044641053496434,0.005865835900893691
choque_20pct_temporario,temporario,0.8,0.19999999999999996,False,35,76,3,8027902.525663208,0.12540384160263557,0.026819468875616703,0.11289647103876752,0.006960385247261418
choque_20pct_temporario,temporario,0.8,0.19999999999999996,False,35,76,4,8376829.146149594,0.11162612961673007,0.029935621438338167,0.10612176885383172,0.008587531342233808
choque_20pct_temporario,temporario,0.8,0.19999999999999996,False,35,76,5,8515735.311552854,0.10285982062827682,0.04683451578689568,0.10223153232574554,0.010091068109272273
choque_20pct_temporario,temporario,0.8,0.19999999999999996,False,35,76,6,8704628.778930742,0.09579895678964091,0.05903712289307772,0.1049563111418798,0.007111647125705354
choque_20pct_temporario,temporario,0.8,0.19999999999999996,False,35,76,7,8823764.670375543,0.09797122604110955,0.08009533525403811,0.10879338857423673,0.008007390125289206
choque_20pct_temporario,temporario,0.8,0.19999999999999996,False,35,76,8,8863573.69220705,0.10404612740464339,0.09252248516790984,0.12187410890309547,0.006791472794288217
choque_20pct_temporario,temporario,0.8,0.19999999999999996,False,35,76,9,8864112.661203006,0.10946754840735311,0.10097898265685257,0.1332407485303278,0.005023186306474203
choque_20pct_temporario,temporario,0.8,0.19999999999999996,False,35,76,10,8806374.242095018,0.11653133866954513,0.10059747145085063,0.14610344189211688,-0.003586577455964609
choque_20pct_temporario,temporario,0.8,0.19999999999999996,False,35,76,11,8832506.27477974,0.12171321689362298,0.094154195604359,0.15480069985412656,-0.011178809283413948
choque_20pct_temporario,temporario,0.8,0.19999999999999996,False,35,76,12,8783792.996686567,0.12360687235433124,0.08431184941762626,0.1623042001171941,-0.020619156014864245
choque_20pct_temporario,temporario,0.8,0.19999999999999996,False,35,76,13,8980747.952799255,0.1182465864178446,0.07108854091537187,0.15985309434278008,-0.023238279553121428
choque_20pct_temporario,temporario,0.8,0.19999999999999996,False,35,76,14,9253768.832125565,0.10330135247391281,0.063153702010321,0.1502534192201869,-0.02503251387823291
choque_20pct_temporario,temporario,0.8,0.19999999999999996,False,35,76,15,9767059.447136283,0.07763372218834226,0.06369771622209153,0.13349205022967234,-0.021205057242200488
choque_20pct_temporario,temporario,0.8,0.19999999999999996,False,35,76,16,10255263.777303325,0.05679501972373164,0.08512137802755837,0.11585300647219521,-0.010462692360699634
choque_20pct_temporario,temporario,0.8,0.19999999999999996,False,35,76,17,10667565.363351144,0.04742852086850444,0.1281472654376834,0.1078245224961618,-0.000664434715589895
choque_20pct_temporario,temporario,0.8,0.19999999999999996,False,35,76,18,10977471.01166756,0.0529373724823935,0.18731475160966404,0.11452677971099433,0.012818684580541414
choque_20pct_temporario,temporario,0.8,0.19999999999999996,False,35,76,19,11088677.557132587,0.068785182217923,0.2301082403878223,0.14307057308659157,0.01853184838608766
choque_20pct_temporario,temporario,0.8,0.19999999999999996,False,35,76,20,11031825.70912376,0.08120467581209012,0.24594380604856858,0.1691948803274436,0.010194249765291628
choque_20pct_temporario,temporario,0.8,0.19999999999999996,False,35,76,21,10656492.272993386,0.09707311011536246,0.23359879514196025,0.19013386385588596,-0.003941880945502405
choque_20pct_temporario,temporario,0.8,0.19999999999999996,False,35,76,22,10373173.159185493,0.10944234042960031,0.20467905585938428,0.20789775785600353,-0.022865775966746577
choque_20pct_temporario,temporario,0.8,0.19999999999999996,False,35,76,23,10241018.30101775,0.1111176413371615,0.16490897955288486,0.21455044016172797,-0.0413766669673381
choque_20pct_temporario,temporario,0.8,0.19999999999999996,False,35,76,24,10320229.861161344,0.10264397368577907,0.12672693526332846,0.2088225470338546,-0.05388066655554239
choque_20pct_temporario,temporario,0.8,0.19999999999999996,False,35,76,25,10870867.79004205,0.07645380758743586,0.09940309753891419,0.18809818502595918,-0.05517816727956526
choque_20pct_temporario,temporario,0.8,0.19999999999999996,False,36,77,0,7609597.0,0.138,0.03,0.12063832026847152,0.010583740505574736
choque_20pct_temporario,temporario,0.8,0.19999999999999996,False,36,77,1,7652717.703786862,0.14039187151079002,0.030000000000000027,0.1185921564109529,0.007984789613649897
choque_20pct_temporario,temporario,0.8,0.19999999999999996,False,36,77,2,7797301.432333067,0.13522817256822742,0.024176348789232804,0.12054391703875096,0.003132824924809708
choque_20pct_temporario,temporario,0.8,0.19999999999999996,False,36,77,3,8066839.669660508,0.12445129646435647,0.026875541848083717,0.11137101778441127,0.005848889384789103
choque_20pct_temporario,temporario,0.8,0.19999999999999996,False,36,77,4,8376962.371772485,0.10843775438185499,0.030392987511353997,0.10400930667425655,0.007681942462052319
choque_20pct_temporario,temporario,0.8,0.19999999999999996,False,36,77,5,8598147.255948044,0.09667774163815099,0.048602776295180394,0.0972669989797088,0.009347756425495459
choque_20pct_temporario,temporario,0.8,0.19999999999999996,False,36,77,6,8831481.935001962,0.08915186254309854,0.064533483669168,0.09800175740374165,0.011827943269396344
choque_20pct_temporario,temporario,0.8,0.19999999999999996,False,36,77,7,8940640.69142596,0.09007542765915677,0.08957744918736266,0.10309375044928476,0.014518335826749707
choque_20pct_temporario,temporario,0.8,0.19999999999999996,False,36,77,8,8939343.928029537,0.10125757038240711,0.1068465582475,0.1199011704343666,0.013053068023847798
choque_20pct_temporario,temporario,0.8,0.19999999999999996,False,36,77,9,8780032.559549568,0.11861889599939995,0.1162336259964194,0.1421544428189244,0.006077145158613271
choque_20pct_temporario,temporario,0.8,0.19999999999999996,False,36,77,10,8607127.156074611,0.13635162684369423,0.10751270068460661,0.16488602092874033,-0.005663162130662121
choque_20pct_temporario,temporario,0.8,0.19999999999999996,False,36,77,11,8439168.058183778,0.14779618671504266,0.09090411230663409,0.17967582273673313,-0.019498545297699746
choque_20pct_temporario,temporario,0.8,0.19999999999999996,False,36,77,12,8445424.490287937,0.14857205273938556,0.06608850448813608,0.18391103492950536,-0.03293289427416064
choque_20pct_temporario,temporario,0.8,0.19999999999999996,False,36,77,13,8645598.817568736,0.1390213087293619,0.045246520062971696,0.17439627254782145,-0.038363376280628324
choque_20pct_temporario,temporario,0.8,0.19999999999999996,False,36,77,14,9204521.193778032,0.11449414707626668,0.028883271772969676,0.15451335797857996,-0.03602001035332695
choque_20pct_temporario,temporario,0.8,0.19999999999999996,False,36,77,15,9841738.513139494,0.08255893826258916,0.027601293369218016,0.13162998664894557,-0.0282766523976821
choque_20pct_temporario,temporario,0.8,0.19999999999999996,False,36,77,16,10225531.053692028,0.06205779479581718,0.04861046745414632,0.1170393067460988,-0.018821582364413062
choque_20pct_temporario,temporario,0.8,0.19999999999999996,False,36,77,17,10559268.740186526,0.057120689413017726,0.0918094210375453,0.11320842829991876,-0.010358201810136972
choque_20pct_temporario,temporario,0.8,0.19999999999999996,False,36,77,18,10709191.015472144,0.0672577834803188,0.14564185725501577,0.1264760514693964,0.00045888924426794087
choque_20pct_temporario,temporario,0.8,0.19999999999999996,False,36,77,19,10962916.628004225,0.07039087440829647,0.17971137793870806,0.1475666276458282,0.004646281259404312
choque_20pct_temporario,temporario,0.8,0.19999999999999996,False,36,77,20,11072528.898030581,0.06955977883426474,0.20653825557621452,0.15238335444000226,0.008176495477249105
choque_20pct_temporario,temporario,0.8,0.19999999999999996,False,36,77,21,10933036.336546391,0.07988708882555788,0.21638365081661037,0.16715648222310567,0.0021891094177710225
choque_20pct_temporario,temporario,0.8,0.19999999999999996,False,36,77,22,10825685.438990226,0.08818895563661866,0.2096303320684194,0.1876307852515889,-0.011590463357618555
choque_20pct_temporario,temporario,0.8,0.19999999999999996,False,36,77,23,10726169.733302606,0.09347011334396131,0.19073731761070367,0.1970487576732705,-0.022324870294764307
choque_20pct_temporario,temporario,0.8,0.19999999999999996,False,36,77,24,10791211.397399716,0.08789328670159774,0.16745745494834408,0.19779313594610343,-0.03579697310136994
choque_20pct_temporario,temporario,0.8,0.19999999999999996,False,36,77,25,11026437.121571306,0.07655922810652188,0.1482964927000454,0.18867355193682903,-0.040415129864294394
choque_20pct_temporario,temporario,0.8,0.19999999999999996,False,37,78,0,7609597.0,0.138,0.03,0.12063832026847152,0.010583740505574736
choque_20pct_temporario,temporario,0.8,0.19999999999999996,False,37,78,1,7652724.38733265,0.14039181650999813,0.030000000000000027,0.11859183719691781,0.007984885903803248
choque_20pct_temporario,temporario,0.8,0.19999999999999996,False,37,78,2,7811944.858553902,0.13522720206223762,0.0241666286569604,0.12058669013549693,0.00018585739055203764
choque_20pct_temporario,temporario,0.8,0.19999999999999996,False,37,78,3,8094525.125686543,0.12367789968368018,0.026920387337477703,0.11080671413169939,0.0052715041838161504
choque_20pct_temporario,temporario,0.8,0.19999999999999996,False,37,78,4,8350276.109201933,0.10863709884444168,0.030769941322713823,0.10373413893051436,0.005768933818499963
choque_20pct_temporario,temporario,0.8,0.19999999999999996,False,37,78,5,8655573.250588398,0.09239984830071277,0.049748372185060674,0.09428056503044178,0.011753030265122451
choque_20pct_temporario,temporario,0.8,0.19999999999999996,False,37,78,6,8887286.139435997,0.08332630149859879,0.06787643908793228,0.09349442792035614,0.015616192545088298
choque_20pct_temporario,temporario,0.8,0.19999999999999996,False,37,78,7,8958576.917009857,0.08982647978154719,0.09654371428651709,0.10110303994000835,0.015846431511717673
choque_20pct_temporario,temporario,0.8,0.19999999999999996,False,37,78,8,8918891.797176346,0.10322052630904861,0.11253421622633253,0.12287852481111501,0.013057270326441463
choque_20pct_temporario,temporario,0.8,0.19999999999999996,False,37,78,9,8812564.526738118,0.11665692735578977,0.11991573772158004,0.14238044423763682,0.006764539679197322
choque_20pct_temporario,temporario,0.8,0.19999999999999996,False,37,78,10,8630547.589424828,0.13538740642088568,0.11105248060000728,0.16309548176464075,-0.004121177145049598
choque_20pct_temporario,temporario,0.8,0.19999999999999996,False,37,78,11,8490329.550366227,0.14562776747142778,0.09250147775619944,0.17766891412439573,-0.013802169803010701
choque_20pct_temporario,temporario,0.8,0.19999999999999996,False,37,78,12,8505451.438653367,0.14223800429029737,0.06817945172639939,0.17948576280909878,-0.028523682692595625
choque_20pct_temporario,temporario,0.8,0.19999999999999996,False,37,78,13,8727097.374175163,0.12793818462148912,0.04738835302139499,0.16904502279053257,-0.03183317484754763
choque_20pct_temporario,temporario,0.8,0.19999999999999996,False,37,78,14,9221768.188656677,0.10791324562244999,0.034994872600026206,0.15089870746197576,-0.029942515416222747
choque_20pct_temporario,temporario,0.8,0.19999999999999996,False,37,78,15,9740582.358633928,0.08271293121861024,0.03634978882254214,0.13355429166743923,-0.02495083891860518
choque_20pct_temporario,temporario,0.8,0.19999999999999996,False,37,78,16,10207051.24354629,0.061147119524608884,0.05750218280828756,0.11776244434976246,-0.01819137159880316
choque_20pct_temporario,temporario,0.8,0.19999999999999996,False,37,78,17,10679532.332817469,0.05074920313476825,0.1022371349369402,0.10832971858654142,-0.00564788135084393
choque_20pct_temporario,temporario,0.8,0.19999999999999996,False,37,78,18,10976484.202249583,0.05107621708978746,0.16405709999783635,0.11290951883328901,0.009227935481940286
choque_20pct_temporario,temporario,0.8,0.19999999999999996,False,37,78,19,11119824.68061817,0.06358312065643575,0.21774219716091237,0.1339858656503903,0.01786652047335488
choque_20pct_temporario,temporario,0.8,0.19999999999999996,False,37,78,20,11131586.232739534,0.08039136107551621,0.24293805711849314,0.1635200440773569,0.014586916317444512
choque_20pct_temporario,temporario,0.8,0.19999999999999996,False,37,78,21,10881352.615791159,0.09039959589029267,0.23875606681659334,0.1854588576834852,0.0026248832806400457
choque_20pct_temporario,temporario,0.8,0.19999999999999996,False,37,78,22,10621181.40613813,0.0976102975099952,0.2163034035129212,0.19714563895259687,-0.014270588177133675
choque_20pct_temporario,temporario,0.8,0.19999999999999996,False,37,78,23,10466799.69497019,0.10409993463524282,0.18203426694556035,0.20747205128556034,-0.030954245630180784
choque_20pct_temporario,temporario,0.8,0.19999999999999996,False,37,78,24,10422772.35371016,0.10425694262295279,0.14798059710227185,0.21123008972810509,-0.047336081999859475
choque_20pct_temporario,temporario,0.8,0.19999999999999996,False,37,78,25,10734960.843436278,0.0866354387087263,0.11760318927550051,0.19969225957123168,-0.05688218250139806
choque_20pct_temporario,temporario,0.8,0.19999999999999996,False,38,79,0,7609597.0,0.138,0.03,0.12063832026847152,0.010583740505574736
choque_20pct_temporario,temporario,0.8,0.19999999999999996,False,38,79,1,7652724.38733265,0.14039181650999813,0.030000000000000027,0.11859183719691781,0.007984885903803248
choque_20pct_temporario,temporario,0.8,0.19999999999999996,False,38,79,2,7805467.640744476,0.13522708141572493,0.02418630659483445,0.12056947695808339,0.005628385718672757
choque_20pct_temporario,temporario,0.8,0.19999999999999996,False,38,79,3,8017292.966872868,0.1252915579837711,0.026864732214723297,0.11286921658241382,0.005709835360944892
choque_20pct_temporario,temporario,0.8,0.19999999999999996,False,38,79,4,8334416.405343128,0.11107775116975839,0.030036851707745837,0.10528397704826867,0.006842628413261025
choque_20pct_temporario,temporario,0.8,0.19999999999999996,False,38,79,5,8616307.649002593,0.09786648850654063,0.046998878180849246,0.0976559338002514,0.010282015006928883
choque_20pct_temporario,temporario,0.8,0.19999999999999996,False,38,79,6,8820769.66064765,0.08550299449181609,0.062294554867948104,0.09736075000853667,0.011769381475258252
choque_20pct_temporario,temporario,0.8,0.19999999999999996,False,38,79,7,8944978.438893404,0.0874897034207592,0.09003547636434295,0.10019500575545397,0.01290951833585294
choque_20pct_temporario,temporario,0.8,0.19999999999999996,False,38,79,8,8958104.552260151,0.10057909593300779,0.10904548236513678,0.11801076413049102,0.012113043783935806
choque_20pct_temporario,temporario,0.8,0.19999999999999996,False,38,79,9,8894890.191314993,0.11164735826049825,0.11925265082189207,0.13623269387235515,0.00903963177076639
choque_20pct_temporario,temporario,0.8,0.19999999999999996,False,38,79,10,8762384.997212006,0.122174371383743,0.11540554615736087,0.15319482829974124,-0.002364578741274291
choque_20pct_temporario,temporario,0.8,0.19999999999999996,False,38,79,11,8634220.571062734,0.13449995113157814,0.10294995192056655,0.16651225241292453,-0.010482698286000248
choque_20pct_temporario,temporario,0.8,0.19999999999999996,False,38,79,12,8623270.042538004,0.1353380758148332,0.082240553743951,0.1743211601707787,-0.023334089757291704
choque_20pct_temporario,temporario,0.8,0.19999999999999996,False,38,79,13,8767859.771276154,0.12967360160414246,0.062378529825817486,0.1699010283237378,-0.0293330994700964
choque_20pct_temporario,temporario,0.8,0.19999999999999996,False,38,79,14,9057949.190772472,0.11508784300791328,0.0463985788224881,0.16019961959968537,-0.03360696019014815
choque_20pct_temporario,temporario,0.8,0.19999999999999996,False,38,79,15,9568520.380326444,0.09178862340008191,0.04066250923159065,0.14236194645171496,-0.028404626447779514
choque_20pct_temporario,temporario,0.8,0.19999999999999996,False,38,79,16,10170596.08108291,0.06352630813145782,0.052332781515541216,0.12232838609374348,-0.01950653297388896
choque_20pct_temporario,temporario,0.8,0.19999999999999996,False,38,79,17,10672216.490385523,0.048509083296092916,0.0910298906459095,0.10683241178119969,-0.008563476066608284
choque_20pct_temporario,temporario,0.8,0.19999999999999996,False,38,79,18,10973358.410424685,0.04874843741019484,0.15374952105276352,0.10777056095044188,0.00839079918332585
choque_20pct_temporario,temporario,0.8,0.19999999999999996,False,38,79,19,11140224.696136534,0.06296601674273647,0.21351453783807472,0.13141239862014212,0.017061531313342034
choque_20pct_temporario,temporario,0.8,0.19999999999999996,False,38,79,20,11168492.212932173,0.07883279484419553,0.24328597716385048,0.16259632284753509,0.015125476643961232
choque_20pct_temporario,temporario,0.8,0.19999999999999996,False,38,79,21,10936680.453687686,0.08770262542595343,0.24217896441986753,0.18235711443326358,0.0055990939397962325
choque_20pct_temporario,temporario,0.8,0.19999999999999996,False,38,79,22,10662220.331244491,0.09788060395117455,0.22232669374625114,0.19569796683907026,-0.013001359152132982
choque_20pct_temporario,temporario,0.8,0.19999999999999996,False,38,79,23,10432818.834705036,0.10700711466909953,0.1887552102615686,0.20926040288225609,-0.030553361780234618
choque_20pct_temporario,temporario,0.8,0.19999999999999996,False,38,79,24,10452876.918584095,0.10022954980672782,0.1506341507964244,0.21028382879365037,-0.046875193340506216
choque_20pct_temporario,temporario,0.8,0.19999999999999996,False,38,79,25,10833308.501824655,0.08190574419304837,0.12275491106794711,0.19312165784038496,-0.05356970791480663
choque_20pct_temporario,temporario,0.8,0.19999999999999996,False,39,80,0,7609597.0,0.138,0.03,0.12063832026847152,0.010583740505574736
choque_20pct_temporario,temporario,0.8,0.19999999999999996,False,39,80,1,7652724.38733265,0.14039181650999813,0.030000000000000027,0.11859183719691781,0.007984885903803248
choque_20pct_temporario,temporario,0.8,0.19999999999999996,False,39,80,2,7808200.792774914,0.13522708141572493,0.02418544137591594,0.12034762689050274,0.005220372836864475
choque_20pct_temporario,temporario,0.8,0.19999999999999996,False,39,80,3,8035062.194423687,0.12596384584639977,0.02686556713124344,0.1127589891774157,0.007163916986414155
choque_20pct_temporario,temporario,0.8,0.19999999999999996,False,39,80,4,8339641.154430015,0.11184337766396084,0.029721019123407633,0.10672704748153952,0.005265422493528874
choque_20pct_temporario,temporario,0.8,0.19999999999999996,False,39,80,5,8564895.852802433,0.10178505328025991,0.045916717051688094,0.1002294489093191,0.011805395879216562
choque_20pct_temporario,temporario,0.8,0.19999999999999996,False,39,80,6,8754205.894950276,0.09004353474703566,0.05909789976540747,0.10147054228745984,0.00962991116057
choque_20pct_temporario,temporario,0.8,0.19999999999999996,False,39,80,7,8882903.688824447,0.09231851529479612,0.08404226687758798,0.10353577042956379,0.013009866629570974
choque_20pct_temporario,temporario,0.8,0.19999999999999996,False,39,80,8,8907932.726640036,0.10050670621229817,0.09996574208451414,0.1204538376412505,0.010945144724300802
choque_20pct_temporario,temporario,0.8,0.19999999999999996,False,39,80,9,8822223.794429017,0.11535481624197118,0.11130034758762397,0.1375355008310842,0.007328494243972055
choque_20pct_temporario,temporario,0.8,0.19999999999999996,False,39,80,10,8676437.480525106,0.12973978754367263,0.10656685669087129,0.15837368169177338,-0.005040131550901751
choque_20pct_temporario,temporario,0.8,0.19999999999999996,False,39,80,11,8562865.791147346,0.13871120202820145,0.093499566930344,0.17090259129867977,-0.014830476029819937
choque_20pct_temporario,temporario,0.8,0.19999999999999996,False,39,80,12,8588751.877012618,0.13914522731364284,0.07425005150701636,0.17457062357937128,-0.021597605375628836
choque_20pct_temporario,temporario,0.8,0.19999999999999996,False,39,80,13,8748404.54032584,0.1292708867152239,0.053891645876025907,0.1695447686407219,-0.028730496743954462
choque_20pct_temporario,temporario,0.8,0.19999999999999996,False,39,80,14,9160595.088686714,0.1083503499757972,0.04101622060895971,0.15384775978705512,-0.030656521499458883
choque_20pct_temporario,temporario,0.8,0.19999999999999996,False,39,80,15,9737861.25213462,0.0820571999243013,0.04089582864940988,0.13397837819550992,-0.026126710702124075
choque_20pct_temporario,temporario,0.8,0.19999999999999996,False,39,80,16,10231538.481457949,0.05876279702020774,0.061575666274323204,0.11673735439131586,-0.016870321178863636
choque_20pct_temporario,temporario,0.8,0.19999999999999996,False,39,80,17,10650136.042647557,0.04830636850139937,0.10776772110110344,0.10585467565262852,-0.00299493894662359
choque_20pct_temporario,temporario,0.8,0.19999999999999996,False,39,80,18,11035491.761495512,0.04953144200106733,0.17106521621688486,0.1100203015505527,0.012052270324780926
choque_20pct_temporario,temporario,0.8,0.19999999999999996,False,39,80,19,11166123.79273231,0.06279447966408462,0.22635478195332848,0.13310870024864313,0.021328363412199357
choque_20pct_temporario,temporario,0.8,0.19999999999999996,False,39,80,20,11212184.021119602,0.07457498831813061,0.250406070056866,0.16227663639676337,0.0166101358785391
choque_20pct_temporario,temporario,0.8,0.19999999999999996,False,39,80,21,10955301.9593743,0.0913485143648065,0.250036454363332,0.18246162519329756,0.003871506905060435
choque_20pct_temporario,temporario,0.8,0.19999999999999996,False,39,80,22,10533696.856587052,0.10999562902488128,0.2217915910063295,0.20899073811365138,-0.01461457832714723
choque_20pct_temporario,temporario,0.8,0.19999999999999996,False,39,80,23,10227002.132802613,0.11941474949792949,0.18201512277607645,0.2233326771298585,-0.03781485843336781
choque_20pct_temporario,temporario,0.8,0.19999999999999996,False,39,80,24,10215290.561003363,0.1125436054238211,0.13809429951640362,0.22044151334605486,-0.05330399346988017
choque_20pct_temporario,temporario,0.8,0.19999999999999996,False,39,80,25,10587482.429847103,0.09251851676184808,0.10264773848079978,0.20231345372966153,-0.06031696619477319
choque_20pct_temporario,temporario,0.8,0.19999999999999996,False,40,81,0,7609597.0,0.138,0.03,0.12063832026847152,0.010583740505574736
choque_20pct_temporario,temporario,0.8,0.19999999999999996,False,40,81,1,7652724.38733265,0.14039181650999813,0.030000000000000027,0.11859183719691781,0.007984885903803248
choque_20pct_temporario,temporario,0.8,0.19999999999999996,False,40,81,2,7791795.83856827,0.13522708141572493,0.024180090599306148,0.1205498280887741,0.0038389432304243515
choque_20pct_temporario,temporario,0.8,0.19999999999999996,False,40,81,3,8075670.949947581,0.12380897409330736,0.02686445481971589,0.11098593246899349,0.00915771220492161
choque_20pct_temporario,temporario,0.8,0.19999999999999996,False,40,81,4,8342893.204058298,0.10814366766662828,0.030637668217898817,0.10456875380432996,0.007661717681852086
choque_20pct_temporario,temporario,0.8,0.19999999999999996,False,40,81,5,8590678.084629092,0.09822282114273273,0.04917239960750153,0.09814229427486965,0.010085382584598625
choque_20pct_temporario,temporario,0.8,0.19999999999999996,False,40,81,6,8774388.527255632,0.09341124442668226,0.0639739766959091,0.10103652903888773,0.010316644146492922
choque_20pct_temporario,temporario,0.8,0.19999999999999996,False,40,81,7,8885198.895431766,0.09416359861063411,0.0862175420253335,0.10625026688233935,0.011083506621334269
choque_20pct_temporario,temporario,0.8,0.19999999999999996,False,40,81,8,8910160.796765994,0.10070087104126255,0.10094337081769211,0.11953138005060047,0.009063684905742813
choque_20pct_temporario,temporario,0.8,0.19999999999999996,False,40,81,9,8864381.503695574,0.11076335040496456,0.11042093289358368,0.13474695393587333,0.005264229639931663
choque_20pct_temporario,temporario,0.8,0.19999999999999996,False,40,81,10,8757176.571370324,0.12408510848773859,0.10633953821029185,0.152846494148038,-0.004508486761032942
choque_20pct_temporario,temporario,0.8,0.19999999999999996,False,40,81,11,8671766.971237963,0.13261006603095518,0.09436430179987676,0.16592417678943125,-0.015336415205087996
choque_20pct_temporario,temporario,0.8,0.19999999999999996,False,40,81,12,8708125.116318952,0.13246764483044482,0.07661497617185864,0.1697669842570897,-0.023410471940049277
choque_20pct_temporario,temporario,0.8,0.19999999999999996,False,40,81,13,8873940.611595524,0.12425541825985349,0.061040106065210376,0.16346671051310935,-0.027153358020887478
choque_20pct_temporario,temporario,0.8,0.19999999999999996,False,40,81,14,9268749.892185368,0.10048886230865293,0.05000996809464242,0.1492291004622807,-0.026542310125363826
choque_20pct_temporario,temporario,0.8,0.19999999999999996,False,40,81,15,9755479.247778315,0.07982482108330509,0.05355473234027652,0.1311966736818629,-0.020882399723600696
choque_20pct_temporario,temporario,0.8,0.19999999999999996,False,40,81,16,10218440.952682283,0.062060202683429884,0.0736317435699756,0.11981110900589872,-0.01473990161005058
choque_20pct_temporario,temporario,0.8,0.19999999999999996,False,40,81,17,10671900.18484292,0.05100707648644634,0.11303198790575597,0.11183686364496276,-0.0013702312350531126
choque_20pct_temporario,temporario,0.8,0.19999999999999996,False,40,81,18,10913290.41159504,0.0542987030902188,0.16972871353482066,0.11631440174470693,0.010660863801477318
choque_20pct_temporario,temporario,0.8,0.19999999999999996,False,40,81,19,11054473.270724697,0.07009586477054407,0.2150811263066814,0.14073091628371653,0.016473207476474204
choque_20pct_temporario,temporario,0.8,0.19999999999999996,False,40,81,20,10996407.912537752,0.0808017606789557,0.23175185967645917,0.16898270475971652,0.010120931593303344
choque_20pct_temporario,temporario,0.8,0.19999999999999996,False,40,81,21,10791990.22405255,0.09321160805604123,0.22695945278468788,0.18290856703272132,-0.0016616862042665471
choque_20pct_temporario,temporario,0.8,0.19999999999999996,False,40,81,22,10512257.542289827,0.10261369307282395,0.20153908612548865,0.2018868831567594,-0.02088061880299382
choque_20pct_temporario,temporario,0.8,0.19999999999999996,False,40,81,23,10387962.559458377,0.10661298463960175,0.1690884442672711,0.2091905685345895,-0.03720966588210142
choque_20pct_temporario,temporario,0.8,0.19999999999999996,False,40,81,24,10421407.749586944,0.1010325572405249,0.13537531893832844,0.2079927235183778,-0.052918956677382015
choque_20pct_temporario,temporario,0.8,0.19999999999999996,False,40,81,25,10934135.235839602,0.07769740134945337,0.11069151706835045,0.1885254699861593,-0.05256106267378418
choque_20pct_temporario,temporario,0.8,0.19999999999999996,False,41,82,0,7609597.0,0.138,0.03,0.12063832026847152,0.010583740505574736
choque_20pct_temporario,temporario,0.8,0.19999999999999996,False,41,82,1,7652724.38733265,0.14039181650999813,0.030000000000000027,0.11859183719691781,0.007984885903803248
choque_20pct_temporario,temporario,0.8,0.19999999999999996,False,41,82,2,7804161.342545421,0.13522708141572493,0.024181451857486325,0.12048374104937541,0.004463367105977549
choque_20pct_temporario,temporario,0.8,0.19999999999999996,False,41,82,3,8037306.605265866,0.12521985422798892,0.026870543244538414,0.11227156104350028,0.006428005564398915
choque_20pct_temporario,temporario,0.8,0.19999999999999996,False,41,82,4,8376623.174433023,0.11150345996583516,0.0300461811692454,0.1054722248192005,0.007758729041679784
choque_20pct_temporario,temporario,0.8,0.19999999999999996,False,41,82,5,8530689.415672183,0.09932253337622403,0.045909197834872906,0.10123758639495983,0.009561145832290875
choque_20pct_temporario,temporario,0.8,0.19999999999999996,False,41,82,6,8757044.148785697,0.09292670136970903,0.061021659947638085,0.10149672170244528,0.010627169081789869
choque_20pct_temporario,temporario,0.8,0.19999999999999996,False,41,82,7,8856896.639214344,0.09444385057137264,0.08342684083667629,0.1073883394935107,0.010538880629090178
choque_20pct_temporario,temporario,0.8,0.19999999999999996,False,41,82,8,8854867.129409228,0.1063096637977645,0.09903030414598435,0.12247457029068572,0.009140202599262
choque_20pct_temporario,temporario,0.8,0.19999999999999996,False,41,82,9,8786867.975647215,0.11523222639037863,0.10596800804957662,0.13969749757239835,0.0033769619656394403
choque_20pct_temporario,temporario,0.8,0.19999999999999996,False,41,82,10,8708178.390408933,0.12378489471325546,0.10269370444811754,0.15215404817787734,-0.0020237148206341754
choque_20pct_temporario,temporario,0.8,0.19999999999999996,False,41,82,11,8711295.716537142,0.1270516672847801,0.09130045052660352,0.16007423209686242,-0.010725734692540706
choque_20pct_temporario,temporario,0.8,0.19999999999999996,False,41,82,12,8759076.542839183,0.12372959886892072,0.07656060251764552,0.1630579604982244,-0.022757885773904207
choque_20pct_temporario,temporario,0.8,0.19999999999999996,False,41,82,13,8968588.00122007,0.11729053373775424,0.06374681256417603,0.1574524373887234,-0.02424472483207308
choque_20pct_temporario,temporario,0.8,0.19999999999999996,False,41,82,14,9380749.903725088,0.09735095812527506,0.055450920350062605,0.14589251082594035,-0.02523532650873729
choque_20pct_temporario,temporario,0.8,0.19999999999999996,False,41,82,15,9824320.366021145,0.07729456383635028,0.061879858007127364,0.1297619443706057,-0.01975592728633013
choque_20pct_temporario,temporario,0.8,0.19999999999999996,False,41,82,16,10243321.076995166,0.05992538101741177,0.08316895985678596,0.11957334904646093,-0.012202341888798924
choque_20pct_temporario,temporario,0.8,0.19999999999999996,False,41,82,17,10608068.149291452,0.05421945734066119,0.1250644090644606,0.11361636671431223,-0.0016899712538802375
choque_20pct_temporario,temporario,0.8,0.19999999999999996,False,41,82,18,10840492.909923447,0.05993590932948832,0.17310497722500684,0.12466158371364557,0.007816919161805875
choque_20pct_temporario,temporario,0.8,0.19999999999999996,False,41,82,19,10959072.876185652,0.07112890094857635,0.21008692595861134,0.1456130461613016,0.01048846218650003
choque_20pct_temporario,temporario,0.8,0.19999999999999996,False,41,82,20,10990888.61310779,0.0763998231550451,0.22177691666821886,0.16392485986126737,0.008378188862485451
choque_20pct_temporario,temporario,0.8,0.19999999999999996,False,41,82,21,10809147.976306576,0.08512493572963549,0.22188804068189438,0.1765542320806652,-0.0031211436354521764
choque_20pct_temporario,temporario,0.8,0.19999999999999996,False,41,82,22,10608287.801671999,0.09774876958458767,0.2023125099231342,0.19504428851578434,-0.017807988822646705
choque_20pct_temporario,temporario,0.8,0.19999999999999996,False,41,82,23,10511656.92353426,0.10128693813806755,0.1754342528024162,0.204846220894063,-0.031784253356191054
choque_20pct_temporario,temporario,0.8,0.19999999999999996,False,41,82,24,10571703.976403197,0.09406841513530402,0.14554777782568684,0.20228866152556718,-0.046981854800490656
choque_20pct_temporario,temporario,0.8,0.19999999999999996,False,41,82,25,10995430.326701742,0.07500552255674008,0.12473784189275205,0.18528196349793988,-0.044177541661237565
choque_20pct_temporario,temporario,0.8,0.19999999999999996,False,42,83,0,7609597.0,0.138,0.03,0.12063832026847152,0.010583740505574736
choque_20pct_temporario,temporario,0.8,0.19999999999999996,False,42,83,1,7652724.38733265,0.14039181650999813,0.030000000000000027,0.11859183719691781,0.007984885903803248
choque_20pct_temporario,temporario,0.8,0.19999999999999996,False,42,83,2,7809911.119751594,0.13522708141572493,0.024186657377943677,0.12048474702435293,0.005776961624849792
choque_20pct_temporario,temporario,0.8,0.19999999999999996,False,42,83,3,8018061.038339455,0.12665789346615375,0.02685962375110229,0.11348078533846509,0.007979938804951722
choque_20pct_temporario,temporario,0.8,0.19999999999999996,False,42,83,4,8305617.180034985,0.11399259819694661,0.029405143029064273,0.10821630138304673,0.005959566471408082
choque_20pct_temporario,temporario,0.8,0.19999999999999996,False,42,83,5,8539351.24608214,0.10094256406385173,0.04504553234663877,0.10215772738779333,0.006551768799484767
choque_20pct_temporario,temporario,0.8,0.19999999999999996,False,42,83,6,8751957.23011024,0.09422567587261754,0.05863835425497799,0.10216143394550713,0.009341825127681745
choque_20pct_temporario,temporario,0.8,0.19999999999999996,False,42,83,7,8825785.649684148,0.09722488515699768,0.0802204288302184,0.10839247469823152,0.010646200917738663
choque_20pct_temporario,temporario,0.8,0.19999999999999996,False,42,83,8,8832990.951002734,0.10576955182294316,0.09391018682386898,0.1237937462463449,0.005445746375972401
choque_20pct_temporario,temporario,0.8,0.19999999999999996,False,42,83,9,8807588.031046407,0.11579341680813665,0.10215487539358747,0.13759642807820632,0.004792746059207808
choque_20pct_temporario,temporario,0.8,0.19999999999999996,False,42,83,10,8747043.105719496,0.12250841880678236,0.09740122597819911,0.1505891491015147,-0.0009946267961026233
choque_20pct_temporario,temporario,0.8,0.19999999999999996,False,42,83,11,8762128.974495808,0.12090164492537027,0.08958745510173838,0.15596507817384295,-0.011834640520152404
choque_20pct_temporario,temporario,0.8,0.19999999999999996,False,42,83,12,8868217.715154465,0.12011130338485575,0.07750763831347585,0.1571774069923664,-0.018438743758277656
choque_20pct_temporario,temporario,0.8,0.19999999999999996,False,42,83,13,9012493.297930805,0.11445705253632334,0.06838114617556346,0.15605781988133932,-0.0210477315068991
choque_20pct_temporario,temporario,0.8,0.19999999999999996,False,42,83,14,9272230.641058693,0.10049137652594213,0.06208484758485633,0.1489280046349567,-0.02580286401945897
choque_20pct_temporario,temporario,0.8,0.19999999999999996,False,42,83,15,9790505.513505533,0.07861734283568894,0.06640364839279123,0.13261359273074305,-0.021139579734276496
choque_20pct_temporario,temporario,0.8,0.19999999999999996,False,42,83,16,10291334.54680473,0.05798951528626073,0.08692338261990673,0.11734485673065949,-0.011072524590986225
choque_20pct_temporario,temporario,0.8,0.19999999999999996,False,42,83,17,10636487.91275876,0.04868064288986875,0.12904549860878967,0.10948387213045736,-0.000550545249050173
choque_20pct_temporario,temporario,0.8,0.19999999999999996,False,42,83,18,10997697.373251803,0.053807054692609414,0.1855824177901002,0.11522323421768571,0.012231271530599068
choque_20pct_temporario,temporario,0.8,0.19999999999999996,False,42,83,19,11055167.543518279,0.06653660559649441,0.22754568288062837,0.1427729228059143,0.015231159471086253
choque_20pct_temporario,temporario,0.8,0.19999999999999996,False,42,83,20,11054531.265721954,0.07937539924674801,0.24307700352910055,0.16562507367893464,0.01243160034527621
choque_20pct_temporario,temporario,0.8,0.19999999999999996,False,42,83,21,10824482.443097174,0.09031765003834244,0.23490380183792414,0.18510973581435752,-0.001922857810976123
choque_20pct_temporario,temporario,0.8,0.19999999999999996,False,42,83,22,10479438.932000978,0.10849343265496657,0.21127993346749419,0.20391006288594496,-0.022179723990467155
choque_20pct_temporario,temporario,0.8,0.19999999999999996,False,42,83,23,10236456.716879733,0.11708011280418744,0.171161145111409,0.2204414054911929,-0.041664685698075625
choque_20pct_temporario,temporario,0.8,0.19999999999999996,False,42,83,24,10300817.949025935,0.1082171076980772,0.1323265756500116,0.21387848031349746,-0.056302390992858664
choque_20pct_temporario,temporario,0.8,0.19999999999999996,False,42,83,25,10726407.19080895,0.08439863912056562,0.10051492987023325,0.1937245070614214,-0.05814333735029738
choque_20pct_temporario,temporario,0.8,0.19999999999999996,False,43,84,0,7609597.0,0.138,0.03,0.12063832026847152,0.010583740505574736
choque_20pct_temporario,temporario,0.8,0.19999999999999996,False,43,84,1,7652724.38733265,0.14039181650999813,0.030000000000000027,0.11859183719691781,0.007984885903803248
choque_20pct_temporario,temporario,0.8,0.19999999999999996,False,43,84,2,7810811.761430795,0.13522708141572493,0.024182515913943492,0.1203253310066372,0.004817003313949821
choque_20pct_temporario,temporario,0.8,0.19999999999999996,False,43,84,3,8019206.633895097,0.1253927685392432,0.026857880032511217,0.11300784677369528,0.004979565564166392
choque_20pct_temporario,temporario,0.8,0.19999999999999996,False,43,84,4,8368616.786595549,0.11060214541053523,0.02994788564086881,0.10499444770872926,0.006099185562851557
choque_20pct_temporario,temporario,0.8,0.19999999999999996,False,43,84,5,8595953.022979701,0.09491757318728795,0.04788132673640111,0.09714328622819253,0.009099933994200102
choque_20pct_temporario,temporario,0.8,0.19999999999999996,False,43,84,6,8843140.172430543,0.08694991701396937,0.06463297285689285,0.09670246491198038,0.011080415887803676
choque_20pct_temporario,temporario,0.8,0.19999999999999996,False,43,84,7,8915670.662466658,0.09261246832567795,0.090826574183686,0.10366582293424172,0.015329185199456192
choque_20pct_temporario,temporario,0.8,0.19999999999999996,False,43,84,8,8888409.282497859,0.10438038141988985,0.10544151069287278,0.12358250025924161,0.0117230598628324
choque_20pct_temporario,temporario,0.8,0.19999999999999996,False,43,84,9,8805893.838664237,0.1163434066752331,0.11340812661101607,0.1403537767287592,0.007209843077257106
choque_20pct_temporario,temporario,0.8,0.19999999999999996,False,43,84,10,8688659.226096004,0.12754472239194398,0.10666779087841305,0.1573296164520436,-0.0034956869952753227
choque_20pct_temporario,temporario,0.8,0.19999999999999996,False,43,84,11,8560594.523647496,0.13757017672287225,0.09329680628077108,0.17045417856475675,-0.015507282041742293
choque_20pct_temporario,temporario,0.8,0.19999999999999996,False,43,84,12,8524422.978834525,0.14129629936627025,0.07421232675098466,0.17724422088751798,-0.026242924439132658
choque_20pct_temporario,temporario,0.8,0.19999999999999996,False,43,84,13,8722818.017751137,0.13256827343813943,0.05489913304606708,0.17053406440094557,-0.03386556271823944
choque_20pct_temporario,temporario,0.8,0.19999999999999996,False,43,84,14,9205119.644750047,0.11139317215194319,0.039861943043129955,0.15386684701047537,-0.03425384217581487
choque_20pct_temporario,temporario,0.8,0.19999999999999996,False,43,84,15,9843830.431500027,0.08316143438811853,0.03693808656865749,0.13369835931501042,-0.024270483935935536
choque_20pct_temporario,temporario,0.8,0.19999999999999996,False,43,84,16,10085790.533675281,0.06708343930377005,0.055977727131861554,0.12200687446059871,-0.01619658725695406
choque_20pct_temporario,temporario,0.8,0.19999999999999996,False,43,84,17,10466222.121596722,0.05924681470024988,0.09223561251148737,0.11829348864775206,-0.012188657959705794
choque_20pct_temporario,temporario,0.8,0.19999999999999996,False,43,84,18,10826444.353745934,0.057912145257102886,0.14032902986031592,0.12101534772620916,0.0008067249061303628
choque_20pct_temporario,temporario,0.8,0.19999999999999996,False,43,84,19,11127142.370482758,0.060290064694435694,0.186428226754499,0.1318530247711641,0.007029357297323554
choque_20pct_temporario,temporario,0.8,0.19999999999999996,False,43,84,20,11137001.748808855,0.06806431975844252,0.21958352332291597,0.14907059742537512,0.012421337253634493
choque_20pct_temporario,temporario,0.8,0.19999999999999996,False,43,84,21,11114874.099717962,0.07569588509687751,0.23437084165868916,0.16733559685713884,0.006997550849515809
choque_20pct_temporario,temporario,0.8,0.19999999999999996,False,43,84,22,10942311.08199914,0.08709699144756197,0.2276248445548943,0.18446121341477978,-0.0030491547871935192
choque_20pct_temporario,temporario,0.8,0.19999999999999996,False,43,84,23,10812500.15041198,0.09488203376410755,0.20661204509722797,0.1989914347932742,-0.019876880612621647
choque_20pct_temporario,temporario,0.8,0.19999999999999996,False,43,84,24,10657639.639447467,0.09762113391430846,0.1763869621195875,0.2080085671686284,-0.03561026868455903
choque_20pct_temporario,temporario,0.8,0.19999999999999996,False,43,84,25,10787662.598034319,0.09080324053119446,0.14887950292688612,0.20406427052878073,-0.048951276562591246
choque_20pct_temporario,temporario,0.8,0.19999999999999996,False,44,85,0,7609597.0,0.138,0.03,0.12063832026847152,0.010583740505574736
choque_20pct_temporario,temporario,0.8,0.19999999999999996,False,44,85,1,7652724.38733265,0.14039181650999813,0.030000000000000027,0.11859183719691781,0.007984885903803248
choque_20pct_temporario,temporario,0.8,0.19999999999999996,False,44,85,2,7807316.642150581,0.13522708141572493,0.02418726956457662,0.12045697700954835,0.00614458450597104
choque_20pct_temporario,temporario,0.8,0.19999999999999996,False,44,85,3,8024777.877599951,0.12522467831065154,0.026840922670184897,0.11319498608561496,0.007415745857610678
choque_20pct_temporario,temporario,0.8,0.19999999999999996,False,44,85,4,8323193.018146642,0.11403624152876227,0.030038288331314833,0.10781530558373625,0.004971503868447743
choque_20pct_temporario,temporario,0.8,0.19999999999999996,False,44,85,5,8546039.710071256,0.10305513850106282,0.0445996600453602,0.10321528500960025,0.008121203669025424
choque_20pct_temporario,temporario,0.8,0.19999999999999996,False,44,85,6,8739410.923378574,0.09423474751742114,0.05776764434419701,0.10347221229294519,0.010779591405249202
choque_20pct_temporario,temporario,0.8,0.19999999999999996,False,44,85,7,8813728.377274029,0.09888661842918667,0.07936711921853301,0.10921335508602951,0.009581471940586618
choque_20pct_temporario,temporario,0.8,0.19999999999999996,False,44,85,8,8775157.813640758,0.1119364788811605,0.09211171709783628,0.12729181285472188,0.006844833799829967
choque_20pct_temporario,temporario,0.8,0.19999999999999996,False,44,85,9,8764487.421410996,0.11941716750565275,0.09750257927169437,0.1407611432075958,0.002384195569084244
choque_20pct_temporario,temporario,0.8,0.19999999999999996,False,44,85,10,8729568.799582051,0.12478860051840988,0.0922251431661063,0.15187045757040152,-0.007456157826941133
choque_20pct_temporario,temporario,0.8,0.19999999999999996,False,44,85,11,8692112.054034853,0.1308631725280002,0.08143743563802341,0.16147316655483843,-0.017686423185141104
choque_20pct_temporario,temporario,0.8,0.19999999999999996,False,44,85,12,8772275.829966825,0.13165039489586944,0.06702885951683868,0.16529599089246286,-0.023857296053536158
choque_20pct_temporario,temporario,0.8,0.19999999999999996,False,44,85,13,8932471.101701882,0.12180807485038683,0.0548080540522069,0.16069085941085265,-0.029274999937437294
choque_20pct_temporario,temporario,0.8,0.19999999999999996,False,44,85,14,9340916.298332771,0.10253473178911457,0.04641956264940594,0.1464211479119774,-0.028241547961492728
choque_20pct_temporario,temporario,0.8,0.19999999999999996,False,44,85,15,9947035.68952207,0.07560747998353567,0.05189142539786529,0.12744701563131247,-0.02100185518714678
choque_20pct_temporario,temporario,0.8,0.19999999999999996,False,44,85,16,10296690.380804304,0.05983810985866039,0.07798931087250871,0.11491593384580367,-0.013352090884405804
choque_20pct_temporario,temporario,0.8,0.19999999999999996,False,44,85,17,10676960.759851746,0.05042633282983461,0.12237977508910736,0.11089843425741173,-0.0007849249035885311
choque_20pct_temporario,temporario,0.8,0.19999999999999996,False,44,85,18,10993335.78079054,0.05391211261471234,0.18077000382561303,0.11559377918160953,0.010677367598417366
choque_20pct_temporario,temporario,0.8,0.19999999999999996,False,44,85,19,11097462.696843,0.06873400836327995,0.2265089428221876,0.14142087816709406,0.015083670884315436
choque_20pct_temporario,temporario,0.8,0.19999999999999996,False,44,85,20,10932532.242447065,0.08947635664632533,0.24055331362394905,0.1736758267423033,0.010654341567326937
choque_20pct_temporario,temporario,0.8,0.19999999999999996,False,44,85,21,10606913.67006647,0.10488841320932203,0.2253258072228177,0.19854624157350487,-0.007649700325680506
choque_20pct_temporario,temporario,0.8,0.19999999999999996,False,44,85,22,10275759.228376996,0.11568825636484979,0.1920905219929856,0.21267461767606521,-0.028150439040364194
choque_20pct_temporario,temporario,0.8,0.19999999999999996,False,44,85,23,10187835.916529605,0.11548277253966172,0.15072821254845659,0.2163781429226185,-0.047847114155772905
choque_20pct_temporario,temporario,0.8,0.19999999999999996,False,44,85,24,10399565.59535947,0.1017295246420389,0.1141441239515113,0.20497402237225332,-0.0541141418410263
choque_20pct_temporario,temporario,0.8,0.19999999999999996,False,44,85,25,11031188.58855101,0.07129209621955596,0.09087779643462879,0.18116349011460373,-0.054565500194566914
choque_20pct_temporario,temporario,0.8,0.19999999999999996,False,45,86,0,7609597.0,0.138,0.03,0.12063832026847152,0.010583740505574736
choque_20pct_temporario,temporario,0.8,0.19999999999999996,False,45,86,1,7652724.38733265,0.14039181650999813,0.030000000000000027,0.11859183719691781,0.007984885903803248
choque_20pct_temporario,temporario,0.8,0.19999999999999996,False,45,86,2,7804821.945893089,0.13522708141572493,0.024181660520726123,0.1204409798147925,0.004452771995248942
choque_20pct_temporario,temporario,0.8,0.19999999999999996,False,45,86,3,8054069.1350224465,0.12563695437298492,0.026768397176334613,0.11233442999303887,0.004438612209676164
choque_20pct_temporario,temporario,0.8,0.19999999999999996,False,45,86,4,8369146.936572825,0.11160588803108798,0.029904714004077126,0.1059762311345866,0.004618977743506862
choque_20pct_temporario,temporario,0.8,0.19999999999999996,False,45,86,5,8584465.089296352,0.09715955642919176,0.04665139444582356,0.09925750987228722,0.009980874937722201
choque_20pct_temporario,temporario,0.8,0.19999999999999996,False,45,86,6,8760519.350600345,0.09180514600779659,0.06252406988876036,0.0994303932482286,0.009747894556574618
choque_20pct_temporario,temporario,0.8,0.19999999999999996,False,45,86,7,8900959.869883701,0.09225091724075932,0.08541030870012056,0.10525081148079361,0.010706667113659257
choque_20pct_temporario,temporario,0.8,0.19999999999999996,False,45,86,8,8909036.554383302,0.10091499626955902,0.1022048764529524,0.11932476620265763,0.011900155637018643
choque_20pct_temporario,temporario,0.8,0.19999999999999996,False,45,86,9,8843168.828158751,0.11232297179717061,0.11116673501365115,0.13670649926612224,0.007230768365191258
choque_20pct_temporario,temporario,0.8,0.19999999999999996,False,45,86,10,8727267.999770148,0.12482271339108189,0.10801354948802055,0.15459402943056444,-0.00237560284493997
choque_20pct_temporario,temporario,0.8,0.19999999999999996,False,45,86,11,8617139.345791508,0.13511740338703307,0.09692285183720584,0.1674089028368901,-0.01255739516222674
choque_20pct_temporario,temporario,0.8,0.19999999999999996,False,45,86,12,8594073.992432443,0.1356138253553527,0.07879195961057195,0.17311194949512101,-0.025201061887723905
choque_20pct_temporario,temporario,0.8,0.19999999999999996,False,45,86,13,8828516.575521559,0.12538687074192323,0.060886070670647996,0.16516693540393737,-0.02954641512662789
choque_20pct_temporario,temporario,0.8,0.19999999999999996,False,45,86,14,9237877.16165519,0.10434285722805889,0.04728356434163383,0.15066820291563915,-0.027634283802575557
choque_20pct_temporario,temporario,0.8,0.19999999999999996,False,45,86,15,9758833.791907862,0.08038964029474688,0.047973627973647126,0.13252764633199923,-0.022255427285150564
choque_20pct_temporario,temporario,0.8,0.19999999999999996,False,45,86,16,10189341.747711586,0.060942444280251584,0.06738971035000207,0.11894708667649775,-0.0150510880740408
choque_20pct_temporario,temporario,0.8,0.19999999999999996,False,45,86,17,10619472.261518655,0.05089576809894324,0.1086039478603511,0.11069945840822863,-0.0069595127684053334
choque_20pct_temporario,temporario,0.8,0.19999999999999996,False,45,86,18,10990042.456357092,0.05140145003771788,0.16713301799297797,0.11329746168773076,0.010382222478991005
choque_20pct_temporario,temporario,0.8,0.19999999999999996,False,45,86,19,11139194.448075764,0.06058748980651592,0.21839515400717668,0.13358751430802035,0.017434632257739183
choque_20pct_temporario,temporario,0.8,0.19999999999999996,False,45,86,20,11150282.614442501,0.07835537949855202,0.24698658271558682,0.15956630018210008,0.014837282726350449
choque_20pct_temporario,temporario,0.8,0.19999999999999996,False,45,86,21,10861687.415123368,0.09383855228541327,0.24147653110080292,0.18812129098495417,0.0028129037021954917
choque_20pct_temporario,temporario,0.8,0.19999999999999996,False,45,86,22,10580564.902583694,0.1030893251171736,0.21688034377413556,0.20234166579952423,-0.014700038368640204
choque_20pct_temporario,temporario,0.8,0.19999999999999996,False,45,86,23,10350007.326562695,0.10772636811142532,0.1799611253628688,0.21176536235895826,-0.03516595347005147
choque_20pct_temporario,temporario,0.8,0.19999999999999996,False,45,86,24,10438931.564169606,0.10053477397302389,0.1433892498671394,0.20905966175794924,-0.052205766752671995
choque_20pct_temporario,temporario,0.8,0.19999999999999996,False,45,86,25,10762932.330409026,0.08282438805033264,0.1147062081704795,0.1936673453482327,-0.0530991095595405
choque_20pct_temporario,temporario,0.8,0.19999999999999996,False,46,87,0,7609597.0,0.138,0.03,0.12063832026847152,0.010583740505574736
choque_20pct_temporario,temporario,0.8,0.19999999999999996,False,46,87,1,7652724.38733265,0.14039181650999813,0.030000000000000027,0.11859183719691781,0.007984885903803248
choque_20pct_temporario,temporario,0.8,0.19999999999999996,False,46,87,2,7799057.932954765,0.13522708141572493,0.02417880353602997,0.12044503908376385,0.003936019571987566
choque_20pct_temporario,temporario,0.8,0.19999999999999996,False,46,87,3,8061381.212170868,0.12405664699595019,0.026876224925362457,0.11158195730001623,0.009199841516495342
choque_20pct_temporario,temporario,0.8,0.19999999999999996,False,46,87,4,8340000.641661577,0.109250903028756,0.030534198898975573,0.10527597395173473,0.00863498322432612
choque_20pct_temporario,temporario,0.8,0.19999999999999996,False,46,87,5,8541189.462806199,0.09992488377302358,0.047910628279824286,0.1004193400958016,0.013228804870518609
choque_20pct_temporario,temporario,0.8,0.19999999999999996,False,46,87,6,8737744.315766037,0.09353652972331522,0.062120596739108525,0.10338612992408899,0.012520467168291497
choque_20pct_temporario,temporario,0.8,0.19999999999999996,False,46,87,7,8786313.116458124,0.09972763679087564,0.08445142909794545,0.1109351274748583,0.011542040082404965
choque_20pct_temporario,temporario,0.8,0.19999999999999996,False,46,87,8,8739976.86466872,0.11283482108366341,0.09575673076266988,0.1301144010588352,0.003769659219651545
choque_20pct_temporario,temporario,0.8,0.19999999999999996,False,46,87,9,8703930.584564017,0.12290538634255224,0.09987843102234528,0.14348078457699534,0.002429669610063149
choque_20pct_temporario,temporario,0.8,0.19999999999999996,False,46,87,10,8691028.813296232,0.1232444817900032,0.09190584589839457,0.15254570819842517,-0.004860641929788042
choque_20pct_temporario,temporario,0.8,0.19999999999999996,False,46,87,11,8764291.05923173,0.12049270327189972,0.08307988570550795,0.15372240565342143,-0.012142996769902246
choque_20pct_temporario,temporario,0.8,0.19999999999999996,False,46,87,12,8835390.731998887,0.1188682166798892,0.07223359608951241,0.1560379638011292,-0.020309505160673414
choque_20pct_temporario,temporario,0.8,0.19999999999999996,False,46,87,13,9065857.023480294,0.10997436460485904,0.06292718186749968,0.1520833407182557,-0.022016609619115862
choque_20pct_temporario,temporario,0.8,0.19999999999999996,False,46,87,14,9451666.994145425,0.09364827081040586,0.060692153329410026,0.14172712833470322,-0.024231841736808448
choque_20pct_temporario,temporario,0.8,0.19999999999999996,False,46,87,15,9836091.486157577,0.07729644790750347,0.0691791360637648,0.12905888749511896,-0.016394451331238874
choque_20pct_temporario,temporario,0.8,0.19999999999999996,False,46,87,16,10336539.227367813,0.05821328357932362,0.09262931320887202,0.11837155654124455,-0.01118940080357347
choque_20pct_temporario,temporario,0.8,0.19999999999999996,False,46,87,17,10647730.62610042,0.053368330953538295,0.13549506837088465,0.11189859721017689,0.003082995480797002
choque_20pct_temporario,temporario,0.8,0.19999999999999996,False,46,87,18,10866115.313228216,0.05932291392019488,0.18471194259195323,0.12489853384630989,0.011345993685883094
choque_20pct_temporario,temporario,0.8,0.19999999999999996,False,46,87,19,10948265.429697888,0.07248180400709855,0.2177282255252766,0.14840677186203063,0.011454374439484332
choque_20pct_temporario,temporario,0.8,0.19999999999999996,False,46,87,20,10840919.055041697,0.08415166567801488,0.22803103141925174,0.17105685550193253,0.002696910337389412
choque_20pct_temporario,temporario,0.8,0.19999999999999996,False,46,87,21,10672921.300921189,0.09158128570471818,0.21616077555699875,0.18561836251040978,-0.006335445587099172
choque_20pct_temporario,temporario,0.8,0.19999999999999996,False,46,87,22,10479578.050224349,0.09983418248933182,0.1936443254667124,0.19733180269635583,-0.02380115594887874
choque_20pct_temporario,temporario,0.8,0.19999999999999996,False,46,87,23,10326910.287563324,0.10444236410361364,0.16270838425675271,0.2076853158148867,-0.04204443302950791
choque_20pct_temporario,temporario,0.8,0.19999999999999996,False,46,87,24,10520844.570138635,0.0939075255726075,0.13251803029187914,0.20095888458921948,-0.05104409090992718
choque_20pct_temporario,temporario,0.8,0.19999999999999996,False,46,87,25,11134284.369671484,0.06688902280486454,0.11327256512262052,0.1789118947659303,-0.05050139171239654
choque_20pct_temporario,temporario,0.8,0.19999999999999996,False,47,88,0,7609597.0,0.138,0.03,0.12063832026847152,0.010583740505574736
choque_20pct_temporario,temporario,0.8,0.19999999999999996,False,47,88,1,7652724.38733265,0.14039181650999813,0.030000000000000027,0.11859183719691781,0.007984885903803248
choque_20pct_temporario,temporario,0.8,0.19999999999999996,False,47,88,2,7808631.364526237,0.13523419500888026,0.02417618686562495,0.12038232720780183,0.002896805755014863
choque_20pct_temporario,temporario,0.8,0.19999999999999996,False,47,88,3,8052859.520215026,0.1263795441160846,0.026869213399270064,0.11216218388148072,0.0031332543447060643
choque_20pct_temporario,temporario,0.8,0.19999999999999996,False,47,88,4,8400373.818193762,0.10703699749929799,0.02958760648219072,0.10359226048046012,0.009143811631612814
choque_20pct_temporario,temporario,0.8,0.19999999999999996,False,47,88,5,8653004.067828737,0.09300581273832388,0.049766998922463834,0.09467316618755289,0.01167852875149037
choque_20pct_temporario,temporario,0.8,0.19999999999999996,False,47,88,6,8720407.868435003,0.09205499072847564,0.0669994153463862,0.10036374864947346,0.012311166107208718
choque_20pct_temporario,temporario,0.8,0.19999999999999996,False,47,88,7,8836304.005655907,0.09679868409050539,0.08975883998834355,0.10996211915084293,0.015291565921339536
choque_20pct_temporario,temporario,0.8,0.19999999999999996,False,47,88,8,8808972.334033966,0.10879057782404357,0.10277622955638277,0.12749733896694937,0.008905961270717707
choque_20pct_temporario,temporario,0.8,0.19999999999999996,False,47,88,9,8654570.021256922,0.12490715069549481,0.10734194402155417,0.14738106986220215,0.0032247714495720866
choque_20pct_temporario,temporario,0.8,0.19999999999999996,False,47,88,10,8553469.576112889,0.1364892461876971,0.09747408435742466,0.16361786682944057,-0.007796584249241187
choque_20pct_temporario,temporario,0.8,0.19999999999999996,False,47,88,11,8499028.115731133,0.13997105422167963,0.08135702705581038,0.17167706451815248,-0.021316758629953525
choque_20pct_temporario,temporario,0.8,0.19999999999999996,False,47,88,12,8554034.689009748,0.13783484636631724,0.061040354852342826,0.1723230537122289,-0.029519012552823624
choque_20pct_temporario,temporario,0.8,0.19999999999999996,False,47,88,13,8941604.237307435,0.1182526672954254,0.0439259203591702,0.15820022587044524,-0.0306077210550074
choque_20pct_temporario,temporario,0.8,0.19999999999999996,False,47,88,14,9502605.161051277,0.09283476972475771,0.03875135761581361,0.13764363489194392,-0.026075903264234465
choque_20pct_temporario,temporario,0.8,0.19999999999999996,False,47,88,15,9957215.029883416,0.06868431856639408,0.04922139833971517,0.12150053752106571,-0.015995859031463232
choque_20pct_temporario,temporario,0.8,0.19999999999999996,False,47,88,16,10369034.810790721,0.053614432066478125,0.08269869322425527,0.11004807801438787,-0.0058811028892649065
choque_20pct_temporario,temporario,0.8,0.19999999999999996,False,47,88,17,10682584.885374967,0.054509020378446904,0.13784856554677027,0.11011498817512211,0.003672357632405261
choque_20pct_temporario,temporario,0.8,0.19999999999999996,False,47,88,18,10946630.804075016,0.06472124975747963,0.18829996951522143,0.13015760167423918,0.010227814696357099
choque_20pct_temporario,temporario,0.8,0.19999999999999996,False,47,88,19,10979074.362526868,0.07508109302625939,0.21928549606812964,0.15293862987182463,0.013994317833219402
choque_20pct_temporario,temporario,0.8,0.19999999999999996,False,47,88,20,10842940.347143563,0.08428460200775403,0.22443373988519544,0.17187378878541834,0.007579605588204442
choque_20pct_temporario,temporario,0.8,0.19999999999999996,False,47,88,21,10626474.260439688,0.09776723143738993,0.21343276878110662,0.18939712980634832,-0.00805340402194284
choque_20pct_temporario,temporario,0.8,0.19999999999999996,False,47,88,22,10327832.786852425,0.11256739270628814,0.18474839089327966,0.20982121849001953,-0.0275691085404217
choque_20pct_temporario,temporario,0.8,0.19999999999999996,False,47,88,23,10193495.038305527,0.1143427755307746,0.15057469810542834,0.21731523472700454,-0.046373096668052546
choque_20pct_temporario,temporario,0.8,0.19999999999999996,False,47,88,24,10390725.759642791,0.10105932690272323,0.11572742417257675,0.20672540790345956,-0.05803245286111868
choque_20pct_temporario,temporario,0.8,0.19999999999999996,False,47,88,25,11090050.48737255,0.07133963930865944,0.09501490395388634,0.1803464963511608,-0.055422672876983665
choque_20pct_temporario,temporario,0.8,0.19999999999999996,False,48,89,0,7609597.0,0.138,0.03,0.12063832026847152,0.010583740505574736
choque_20pct_temporario,temporario,0.8,0.19999999999999996,False,48,89,1,7652724.38733265,0.14039181650999813,0.030000000000000027,0.11859183719691781,0.007984885903803248
choque_20pct_temporario,temporario,0.8,0.19999999999999996,False,48,89,2,7788745.534371189,0.13522725419176146,0.024165029508418367,0.12051410624778447,0.0004695602660518319
choque_20pct_temporario,temporario,0.8,0.19999999999999996,False,48,89,3,8119351.715349137,0.1231283471989342,0.0269347042854573,0.10961603161549026,0.006568009040158408
choque_20pct_temporario,temporario,0.8,0.19999999999999996,False,48,89,4,8407795.74756418,0.10437202362240687,0.030987716684738098,0.10167342605621753,0.009470362556327314
choque_20pct_temporario,temporario,0.8,0.19999999999999996,False,48,89,5,8641989.24238394,0.09333123587218045,0.0524085237658658,0.0947093043547962,0.011423862822870659
choque_20pct_temporario,temporario,0.8,0.19999999999999996,False,48,89,6,8773955.064287985,0.09086969790269245,0.06940848024992019,0.09982828939154033,0.012918993684953273
choque_20pct_temporario,temporario,0.8,0.19999999999999996,False,48,89,7,8835646.78064807,0.09767702824199248,0.09309136759578518,0.10988631095943857,0.010116279391453977
choque_20pct_temporario,temporario,0.8,0.19999999999999996,False,48,89,8,8822447.683291825,0.10983449515061583,0.10453280458924397,0.12741224140789953,0.006465359243176013
choque_20pct_temporario,temporario,0.8,0.19999999999999996,False,48,89,9,8741691.10932146,0.11792132730789183,0.10824491742811193,0.14235280221368563,0.0028907173699896454
choque_20pct_temporario,temporario,0.8,0.19999999999999996,False,48,89,10,8704252.367948998,0.12457184396993219,0.099870252138065,0.15435413237149104,-0.006045270525047355
choque_20pct_temporario,temporario,0.8,0.19999999999999996,False,48,89,11,8616549.32549783,0.13302781673644706,0.0868978058080434,0.16557928810725508,-0.01631705697206067
choque_20pct_temporario,temporario,0.8,0.19999999999999996,False,48,89,12,8671818.615530882,0.1338901168668186,0.06699360178507208,0.17114858156986473,-0.025291066410742948
choque_20pct_temporario,temporario,0.8,0.19999999999999996,False,48,89,13,8857883.840756401,0.12399851070054112,0.05358051469707492,0.16409430300147387,-0.0278585026596504
choque_20pct_temporario,temporario,0.8,0.19999999999999996,False,48,89,14,9247898.082703127,0.10510264406913644,0.04337966422524264,0.14978212015182957,-0.029388565276322276
choque_20pct_temporario,temporario,0.8,0.19999999999999996,False,48,89,15,9897744.357543357,0.07978077902376166,0.04823499277934218,0.13010114711282306,-0.024030036360731588
choque_20pct_temporario,temporario,0.8,0.19999999999999996,False,48,89,16,10242111.236410059,0.05744356603599617,0.07056885261775814,0.11653113602841099,-0.01349516245328434
choque_20pct_temporario,temporario,0.8,0.19999999999999996,False,48,89,17,10713056.45147087,0.05170206578657305,0.11784985071720899,0.10799746808527892,-0.00421684552485028
choque_20pct_temporario,temporario,0.8,0.19999999999999996,False,48,89,18,10918474.063963898,0.05912272874317633,0.17243964916914023,0.12155696893289988,0.010178565772579803
choque_20pct_temporario,temporario,0.8,0.19999999999999996,False,48,89,19,10998582.979591846,0.07261582984587624,0.2129249024707136,0.14710242814489133,0.018987197579626032
choque_20pct_temporario,temporario,0.8,0.19999999999999996,False,48,89,20,10878767.598614726,0.08367709698289899,0.22722021298268436,0.1704515342139324,0.010698758932933308
choque_20pct_temporario,temporario,0.8,0.19999999999999996,False,48,89,21,10722028.1341172,0.09386540171142212,0.21827431604346859,0.18548173953525635,-0.0038656035821909747
choque_20pct_temporario,temporario,0.8,0.19999999999999996,False,48,89,22,10454450.992195897,0.10509733377034751,0.19374847566448072,0.2023314145437134,-0.021317203040933177
choque_20pct_temporario,temporario,0.8,0.19999999999999996,False,48,89,23,10337494.88865231,0.10886739614270495,0.1608602686602425,0.21071477344010436,-0.04068893805483801
choque_20pct_temporario,temporario,0.8,0.19999999999999996,False,48,89,24,10523408.086068073,0.09553385315457011,0.1298259310842811,0.2020450978444884,-0.05011551434655708
choque_20pct_temporario,temporario,0.8,0.19999999999999996,False,48,89,25,11037492.572359264,0.06968551195154697,0.10918242507648745,0.18093584482719646,-0.04938949175614694
choque_20pct_temporario,temporario,0.8,0.19999999999999996,False,49,90,0,7609597.0,0.138,0.03,0.12063832026847152,0.010583740505574736
choque_20pct_temporario,temporario,0.8,0.19999999999999996,False,49,90,1,7652724.38733265,0.14039181650999813,0.030000000000000027,0.11859183719691781,0.007984885903803248
choque_20pct_temporario,temporario,0.8,0.19999999999999996,False,49,90,2,7804470.642565256,0.1352287573883706,0.024185215647746894,0.12049000488927616,0.005359312760191275
choque_20pct_temporario,temporario,0.8,0.19999999999999996,False,49,90,3,8027849.345759442,0.1255655841411258,0.02684832952137417,0.1125648952498083,0.005585819163961917
choque_20pct_temporario,temporario,0.8,0.19999999999999996,False,49,90,4,8330622.934927858,0.11098565448723459,0.029926568407220522,0.10519451870298377,0.006937813528235144
choque_20pct_temporario,temporario,0.8,0.19999999999999996,False,49,90,5,8631608.13427483,0.09463183893519637,0.04752180879843659,0.09610015766511161,0.011622776181973457
choque_20pct_temporario,temporario,0.8,0.19999999999999996,False,49,90,6,8894054.105095306,0.08317007514571886,0.06446117612210522,0.09495989142149934,0.017716961190471264
choque_20pct_temporario,temporario,0.8,0.19999999999999996,False,49,90,7,8894337.666707508,0.09224151151388005,0.09350942804428586,0.10283280177099742,0.01858416216770232
choque_20pct_temporario,temporario,0.8,0.19999999999999996,False,49,90,8,8803719.040346783,0.11020738147743017,0.10878646838283568,0.12930512212101788,0.010035873469159013
choque_20pct_temporario,temporario,0.8,0.19999999999999996,False,49,90,9,8648889.67379223,0.12884477976875758,0.11279585405210546,0.15130465529798695,0.00548096973963182
choque_20pct_temporario,temporario,0.8,0.19999999999999996,False,49,90,10,8488295.797806669,0.14193946732440849,0.10058909218146184,0.16963792584847667,-0.010255768187381891
choque_20pct_temporario,temporario,0.8,0.19999999999999996,False,49,90,11,8415950.291318716,0.14694279563132595,0.08106028207939286,0.17684507641435546,-0.021593985047561447
choque_20pct_temporario,temporario,0.8,0.19999999999999996,False,49,90,12,8594435.433518432,0.13720341371132397,0.05764118150757036,0.1714409758584101,-0.030646733358786427
choque_20pct_temporario,temporario,0.8,0.19999999999999996,False,49,90,13,9015447.09047823,0.11430729075779258,0.041092164891618044,0.15373942634921464,-0.031752963846430525
choque_20pct_temporario,temporario,0.8,0.19999999999999996,False,49,90,14,9553546.510835884,0.09211171012398427,0.03588828028258839,0.13741529640016142,-0.027889171004811922
choque_20pct_temporario,temporario,0.8,0.19999999999999996,False,49,90,15,9864890.81644283,0.07308421238834543,0.04765033426622045,0.12559689716433947,-0.021223804662311097
choque_20pct_temporario,temporario,0.8,0.19999999999999996,False,49,90,16,10299180.804389823,0.06531398501430334,0.07864341014848741,0.11792273219124667,-0.013186068163196582
choque_20pct_temporario,temporario,0.8,0.19999999999999996,False,49,90,17,10540656.7354817,0.05947617122032558,0.11905175713519944,0.12193540269669811,-0.003126247912808736
choque_20pct_temporario,temporario,0.8,0.19999999999999996,False,49,90,18,10780633.534014216,0.06473390646731976,0.16634934470072005,0.12736414206186422,0.006649928535693123
choque_20pct_temporario,temporario,0.8,0.19999999999999996,False,49,90,19,10922684.881951239,0.06874737176517855,0.19743952400008613,0.14609229182536032,0.008928565055852144
choque_20pct_temporario,temporario,0.8,0.19999999999999996,False,49,90,20,10999858.411642067,0.0713188497605051,0.21643737097926596,0.15654647801073696,0.01036277515349942
choque_20pct_temporario,temporario,0.8,0.19999999999999996,False,49,90,21,10820886.14235562,0.08399955651073258,0.21960026560988433,0.1746307887787122,0.0022846109858475857
choque_20pct_temporario,temporario,0.8,0.19999999999999996,False,49,90,22,10623513.867974022,0.09987465161962124,0.20461960672927648,0.1982472478994747,-0.014921474349759717
choque_20pct_temporario,temporario,0.8,0.19999999999999996,False,49,90,23,10455063.942006063,0.10798949585255739,0.17605282191188354,0.21170024193762332,-0.03526754144728315
choque_20pct_temporario,temporario,0.8,0.19999999999999996,False,49,90,24,10473753.338503528,0.10012910679797749,0.1447089805907038,0.20849497408351164,-0.04870153919746054
choque_20pct_temporario,temporario,0.8,0.19999999999999996,False,49,90,25,11036871.664678147,0.07157836567632851,0.12064190266873442,0.18463475848850833,-0.04736424982480108
choque_20pct_temporario,temporario,0.8,0.19999999999999996,False,50,91,0,7609597.0,0.138,0.03,0.12063832026847152,0.010583740505574736
choque_20pct_temporario,temporario,0.8,0.19999999999999996,False,50,91,1,7652724.38733265,0.14039181650999813,0.030000000000000027,0.11859183719691781,0.007984885903803248
choque_20pct_temporario,temporario,0.8,0.19999999999999996,False,50,91,2,7795691.212022595,0.13522711004353757,0.024180982837973097,0.12052617538019682,0.0038143913401356283
choque_20pct_temporario,temporario,0.8,0.19999999999999996,False,50,91,3,8058841.097905883,0.12372736081596956,0.02684336094838935,0.1116055226809948,0.0057099445711527455
choque_20pct_temporario,temporario,0.8,0.19999999999999996,False,50,91,4,8367516.433513962,0.10797109944096267,0.03072100257889021,0.10361561244515391,0.00820469788828905
choque_20pct_temporario,temporario,0.8,0.19999999999999996,False,50,91,5,8631925.714854784,0.09701278207906443,0.04968957028171528,0.09687001751821052,0.011160582182311427
choque_20pct_temporario,temporario,0.8,0.19999999999999996,False,50,91,6,8791130.44695372,0.08904543754140236,0.06496603062013895,0.09972406802814218,0.011539369370178283
choque_20pct_temporario,temporario,0.8,0.19999999999999996,False,50,91,7,8870388.77726175,0.09553917037773525,0.090027525149184,0.10627787326302673,0.01516174806060808
choque_20pct_temporario,temporario,0.8,0.19999999999999996,False,50,91,8,8814828.792264387,0.10706203696148461,0.10299242130702524,0.1271943713964268,0.008801864673805823
choque_20pct_temporario,temporario,0.8,0.19999999999999996,False,50,91,9,8709647.658126099,0.12135670218012327,0.10981814665463663,0.14395141946770953,0.003600994472127906
choque_20pct_temporario,temporario,0.8,0.19999999999999996,False,50,91,10,8581120.921727218,0.13269530832565715,0.10056401516610758,0.16154803400280832,-0.007913508783313044
choque_20pct_temporario,temporario,0.8,0.19999999999999996,False,50,91,11,8546512.155198377,0.13652284403608123,0.08534741650483402,0.1690428864454803,-0.016495854516633518
choque_20pct_temporario,temporario,0.8,0.19999999999999996,False,50,91,12,8631983.140445346,0.13267341378059605,0.06647905933962228,0.16937499456439783,-0.025112395142836166
choque_20pct_temporario,temporario,0.8,0.19999999999999996,False,50,91,13,8879718.724709194,0.12105766540759426,0.05162795657303887,0.16006874228696544,-0.027442156293497836
choque_20pct_temporario,temporario,0.8,0.19999999999999996,False,50,91,14,9347714.423626244,0.09837101149588615,0.043870464806694764,0.14404792482633155,-0.024309694953482026
choque_20pct_temporario,temporario,0.8,0.19999999999999996,False,50,91,15,9857014.79898264,0.07389467153552047,0.04980105400567014,0.12619441845832255,-0.01805802461630537
choque_20pct_temporario,temporario,0.8,0.19999999999999996,False,50,91,16,10323851.421859665,0.057148547279462336,0.07633735437145406,0.11362006179081487,-0.009403990365561533
choque_20pct_temporario,temporario,0.8,0.19999999999999996,False,50,91,17,10660328.888243753,0.051425379335788085,0.1251150692377736,0.11010596820883885,0.0023711461789881244
choque_20pct_temporario,temporario,0.8,0.19999999999999996,False,50,91,18,10906021.273096807,0.05926290040289868,0.17997907778803213,0.12243416371962652,0.015283419981789014
choque_20pct_temporario,temporario,0.8,0.19999999999999996,False,50,91,19,10959336.196361687,0.07521134554378262,0.21804303292205507,0.15058473600900238,0.014113240332515632
choque_20pct_temporario,temporario,0.8,0.19999999999999996,False,50,91,20,10842722.13513392,0.08816835679568719,0.22704362456018368,0.1755771094364699,0.005352247374072418
choque_20pct_temporario,temporario,0.8,0.19999999999999996,False,50,91,21,10594026.00403174,0.09719964548016899,0.21616797301111235,0.190357604338745,-0.011411924226745656
choque_20pct_temporario,temporario,0.8,0.19999999999999996,False,50,91,22,10400373.549088476,0.1044798577860009,0.18847477810869706,0.20071234829248896,-0.02692251822634044
choque_20pct_temporario,temporario,0.8,0.19999999999999996,False,50,91,23,10510259.222208839,0.09477730802751613,0.15664505110871207,0.19863724268030697,-0.03935241776749172
choque_20pct_temporario,temporario,0.8,0.19999999999999996,False,50,91,24,10732920.451676676,0.07981103061726944,0.13232916467956413,0.18645345010885472,-0.04401447200838284
choque_20pct_temporario,temporario,0.8,0.19999999999999996,False,50,91,25,11295834.169259047,0.05573690998466855,0.12244320295145195,0.16857550110336447,-0.042082060653037996
choque_20pct_temporario,temporario,0.8,0.19999999999999996,False,51,92,0,7609597.0,0.138,0.03,0.12063832026847152,0.010583740505574736
choque_20pct_temporario,temporario,0.8,0.19999999999999996,False,51,92,1,7652724.38733265,0.14039181650999813,0.030000000000000027,0.11859183719691781,0.007984885903803248
choque_20pct_temporario,temporario,0.8,0.19999999999999996,False,51,92,2,7794191.79170623,0.13522784822539224,0.024173084590923155,0.1204959378202569,0.002523905556719615
choque_20pct_temporario,temporario,0.8,0.19999999999999996,False,51,92,3,8078991.28352015,0.12335315284928645,0.02689749666689578,0.11087315923138238,0.006435599892468154
choque_20pct_temporario,temporario,0.8,0.19999999999999996,False,51,92,4,8404384.1083067,0.10751922643493791,0.030918696725338535,0.10305269419279105,0.007446209892611805
choque_20pct_temporario,temporario,0.8,0.19999999999999996,False,51,92,5,8585799.302313108,0.09650116031981683,0.04888905223071238,0.09822170601543456,0.011330755458247728
choque_20pct_temporario,temporario,0.8,0.19999999999999996,False,51,92,6,8839720.46483731,0.08829315549395945,0.06543513726699635,0.09926819002663788,0.008189724807972464
choque_20pct_temporario,temporario,0.8,0.19999999999999996,False,51,92,7,8903876.80082536,0.09360055360229975,0.09106233594855095,0.10491068213379964,0.015055814679346802
choque_20pct_temporario,temporario,0.8,0.19999999999999996,False,51,92,8,8879498.828204162,0.1047490102202346,0.10560138009379116,0.12396548326967699,0.012547055191131138
choque_20pct_temporario,temporario,0.8,0.19999999999999996,False,51,92,9,8790340.541000176,0.11773989744577533,0.1135187348855029,0.14086425186170345,0.00651991543302151
choque_20pct_temporario,temporario,0.8,0.19999999999999996,False,51,92,10,8631005.620260231,0.13019083253968228,0.10614732955906225,0.1597973875695783,-0.006744141868473925
choque_20pct_temporario,temporario,0.8,0.19999999999999996,False,51,92,11,8515873.17790583,0.13958478515172287,0.09223250931305493,0.1712360124496475,-0.01648064051678761
choque_20pct_temporario,temporario,0.8,0.19999999999999996,False,51,92,12,8557091.772973673,0.13708149999795732,0.0711779108311632,0.1745949421968221,-0.0279678895788114
choque_20pct_temporario,temporario,0.8,0.19999999999999996,False,51,92,13,8762835.816338977,0.12705524936611384,0.05325243178643624,0.16613227153748994,-0.029998200671203464
choque_20pct_temporario,temporario,0.8,0.19999999999999996,False,51,92,14,9185090.39760742,0.10581070363403439,0.04083698872360886,0.1515457857038873,-0.03333789496020271
choque_20pct_temporario,temporario,0.8,0.19999999999999996,False,51,92,15,9855802.796320472,0.07879393534516865,0.043497003994187544,0.13095976905725218,-0.02548424361867039
choque_20pct_temporario,temporario,0.8,0.19999999999999996,False,51,92,16,10227096.14235028,0.06144149095964323,0.06402778171947032,0.11891046642549458,-0.02098002562527887
choque_20pct_temporario,temporario,0.8,0.19999999999999996,False,51,92,17,10513996.77645559,0.057520996861525814,0.10753899526585098,0.11594063715839607,-0.0072331510007243496
choque_20pct_temporario,temporario,0.8,0.19999999999999996,False,51,92,18,10747435.351748196,0.06212769328065868,0.1555792423781126,0.12708326726487912,0.0020660213639556
choque_20pct_temporario,temporario,0.8,0.19999999999999996,False,51,92,19,10981519.340244927,0.06470882821823194,0.19524272120488395,0.14102742285580355,0.009469310502357116
choque_20pct_temporario,temporario,0.8,0.19999999999999996,False,51,92,20,11074582.201728761,0.06584661067811734,0.21995864703603196,0.1506682413296812,0.011424530940561681
choque_20pct_temporario,temporario,0.8,0.19999999999999996,False,51,92,21,11015845.706518408,0.07396974923870883,0.23288033074130632,0.1640682466957858,0.0029205058019233852
choque_20pct_temporario,temporario,0.8,0.19999999999999996,False,51,92,22,10909848.77447763,0.0845881902516375,0.22439131536256496,0.18410002376179438,-0.00788433701761661
choque_20pct_temporario,temporario,0.8,0.19999999999999996,False,51,92,23,10805964.282234674,0.08940120279413374,0.20577866002147793,0.19597271043047104,-0.020548690325361687
choque_20pct_temporario,temporario,0.8,0.19999999999999996,False,51,92,24,10827513.955692932,0.08797964176357052,0.1800095446500778,0.19836193351728976,-0.0349401677089265
choque_20pct_temporario,temporario,0.8,0.19999999999999996,False,51,92,25,10923139.437123837,0.08150942546676494,0.15953210216925617,0.19442791736119425,-0.04127143941151459
choque_20pct_temporario,temporario,0.8,0.19999999999999996,False,52,93,0,7609597.0,0.138,0.03,0.12063832026847152,0.010583740505574736
choque_20pct_temporario,temporario,0.8,0.19999999999999996,False,52,93,1,7652724.38733265,0.14039181650999813,0.030000000000000027,0.11859183719691781,0.007984885903803248
choque_20pct_temporario,temporario,0.8,0.19999999999999996,False,52,93,2,7797310.110671256,0.13522708141572493,0.02418730354829446,0.12050356797761655,0.005698489844893109
choque_20pct_temporario,temporario,0.8,0.19999999999999996,False,52,93,3,8067271.3662353465,0.12477863558517775,0.026840350469925278,0.11156715018549192,0.006383646089709615
choque_20pct_temporario,temporario,0.8,0.19999999999999996,False,52,93,4,8369207.6639381265,0.10927626407331568,0.030263740959604712,0.10479874452813549,0.006970959287504312
choque_20pct_temporario,temporario,0.8,0.19999999999999996,False,52,93,5,8592451.444979146,0.09679443290320461,0.047754245829066955,0.09856964690721967,0.013195894244234011
choque_20pct_temporario,temporario,0.8,0.19999999999999996,False,52,93,6,8734059.671547873,0.09184221123157986,0.06375774886406771,0.10167129702014525,0.011209590006487719
choque_20pct_temporario,temporario,0.8,0.19999999999999996,False,52,93,7,8806659.989484124,0.09986448674847524,0.08683603638414561,0.11014551790910862,0.009454147571526843
choque_20pct_temporario,temporario,0.8,0.19999999999999996,False,52,93,8,8797261.859736314,0.10937561365589965,0.09827211235218414,0.12760024819325602,0.00789062324745689
choque_20pct_temporario,temporario,0.8,0.19999999999999996,False,52,93,9,8782745.88768838,0.11514365077246466,0.1037725702081751,0.13912010589157553,-4.418877378917691e-06
choque_20pct_temporario,temporario,0.8,0.19999999999999996,False,52,93,10,8754541.939574806,0.12210831039838892,0.09856015198643941,0.14995632722918562,-0.004830448110606253
choque_20pct_temporario,temporario,0.8,0.19999999999999996,False,52,93,11,8732306.210171996,0.12506716939367027,0.08989785493340174,0.15664606575946524,-0.011546857362093151
choque_20pct_temporario,temporario,0.8,0.19999999999999996,False,52,93,12,8865371.543079989,0.11533729805835397,0.07606818568227247,0.1563435249713773,-0.02022320500342139
choque_20pct_temporario,temporario,0.8,0.19999999999999996,False,52,93,13,9092802.416004652,0.10612369941038968,0.06847008225236939,0.14842412482752118,-0.021478401685037448
choque_20pct_temporario,temporario,0.8,0.19999999999999996,False,52,93,14,9442498.370539188,0.09296141802231836,0.06386786832823499,0.14178954709777145,-0.021661995170018433
choque_20pct_temporario,temporario,0.8,0.19999999999999996,False,52,93,15,9868021.452968704,0.07563181668154821,0.07297700961576781,0.1308174278838174,-0.01682932000089877
choque_20pct_temporario,temporario,0.8,0.19999999999999996,False,52,93,16,10212529.263976794,0.06497029554952219,0.09489197966219831,0.12288990240094161,-0.009412511406705095
choque_20pct_temporario,temporario,0.8,0.19999999999999996,False,52,93,17,10594387.84477913,0.06017309070826489,0.12989309771045443,0.12302596054247386,-0.004309177164681502
choque_20pct_temporario,temporario,0.8,0.19999999999999996,False,52,93,18,10627271.101336727,0.06783938182390377,0.16939827986298894,0.13455787748533873,0.002064658561670413
choque_20pct_temporario,temporario,0.8,0.19999999999999996,False,52,93,19,10743692.517776756,0.07786526499255098,0.19311589094230008,0.1549404387720456,0.0021926560551862816
choque_20pct_temporario,temporario,0.8,0.19999999999999996,False,52,93,20,10764636.56621605,0.0812182155016821,0.20043221580315462,0.1673009619678769,-0.004219369559446035
choque_20pct_temporario,temporario,0.8,0.19999999999999996,False,52,93,21,10722829.061411515,0.08135905413597383,0.19579815542461576,0.1742889617196823,-0.011314018604587098
choque_20pct_temporario,temporario,0.8,0.19999999999999996,False,52,93,22,10706624.412757106,0.08366287993436833,0.18482649020608144,0.1812721268272947,-0.01747997914116073
choque_20pct_temporario,temporario,0.8,0.19999999999999996,False,52,93,23,10721031.096555663,0.0862501583266386,0.17033795389861295,0.18884475932796246,-0.0251358104249016
choque_20pct_temporario,temporario,0.8,0.19999999999999996,False,52,93,24,10856921.116116356,0.0798312432571579,0.1555102334743934,0.1888446194033619,-0.035845230601848514
choque_20pct_temporario,temporario,0.8,0.19999999999999996,False,52,93,25,11359882.311883187,0.0570386133352109,0.14774352702499294,0.173016905249794,-0.03696407817962749
choque_20pct_temporario,temporario,0.8,0.19999999999999996,False,53,94,0,7609597.0,0.138,0.03,0.12063832026847152,0.010583740505574736
choque_20pct_temporario,temporario,0.8,0.19999999999999996,False,53,94,1,7652724.38733265,0.14039181650999813,0.030000000000000027,0.11859183719691781,0.007984885903803248
choque_20pct_temporario,temporario,0.8,0.19999999999999996,False,53,94,2,7800364.714578894,0.13522708141572493,0.02417665447498707,0.1205084031857509,0.0031779265503186454
choque_20pct_temporario,temporario,0.8,0.19999999999999996,False,53,94,3,8047421.528964165,0.12384496325063167,0.026878190154184356,0.11172828586546428,0.006616885111921646
choque_20pct_temporario,temporario,0.8,0.19999999999999996,False,53,94,4,8425434.043576663,0.10846612699855748,0.030628215620742028,0.10430124005114454,0.0051303263710420835
choque_20pct_temporario,temporario,0.8,0.19999999999999996,False,53,94,5,8556475.291594438,0.09761015725319849,0.04940806722164015,0.09862199389861082,0.00964035083037969
choque_20pct_temporario,temporario,0.8,0.19999999999999996,False,53,94,6,8764977.11215428,0.09037128758692797,0.0644368391151291,0.10029772324924309,0.01009738401607764
choque_20pct_temporario,temporario,0.8,0.19999999999999996,False,53,94,7,8901744.861144476,0.09252843318143902,0.08863877415870225,0.10493257874508058,0.01367378438011613
choque_20pct_temporario,temporario,0.8,0.19999999999999996,False,53,94,8,8907478.921331404,0.10182094748859569,0.1036829096252132,0.12036250269708965,0.010938681830283105
choque_20pct_temporario,temporario,0.8,0.19999999999999996,False,53,94,9,8885071.58106847,0.11104118966762372,0.11203961018394848,0.13585788318063738,0.007838238573125827
choque_20pct_temporario,temporario,0.8,0.19999999999999996,False,53,94,10,8737248.190923765,0.12383957565123775,0.10868498962821205,0.15359496063385686,-0.0033592290387741415
choque_20pct_temporario,temporario,0.8,0.19999999999999996,False,53,94,11,8635744.340158433,0.1343264522649711,0.09517262117527858,0.16883060638618405,-0.016313376883378364
choque_20pct_temporario,temporario,0.8,0.19999999999999996,False,53,94,12,8603914.986996174,0.14020331531215263,0.07748606857961238,0.17568095459863567,-0.02536703733440172
choque_20pct_temporario,temporario,0.8,0.19999999999999996,False,53,94,13,8738844.343461582,0.13132610810631354,0.05735378943237257,0.1721373216284003,-0.031163578754486283
choque_20pct_temporario,temporario,0.8,0.19999999999999996,False,53,94,14,9187377.055271551,0.10999309335979439,0.04357885047585364,0.15415659616706567,-0.02924367077352081
choque_20pct_temporario,temporario,0.8,0.19999999999999996,False,53,94,15,9707973.983120147,0.08597905065282449,0.041521170455937506,0.1354833157694938,-0.0249671318769986
choque_20pct_temporario,temporario,0.8,0.19999999999999996,False,53,94,16,10215206.799984936,0.06288704778043747,0.05852598696887523,0.12007051716851093,-0.018727196925505934
choque_20pct_temporario,temporario,0.8,0.19999999999999996,False,53,94,17,10670409.542521667,0.04718645271113837,0.09811207196458183,0.10811675864394855,-0.006732991336354234
choque_20pct_temporario,temporario,0.8,0.19999999999999996,False,53,94,18,11079865.593696607,0.049698335656909474,0.16457323131788804,0.10653237761698732,0.012322557791180447
choque_20pct_temporario,temporario,0.8,0.19999999999999996,False,53,94,19,11132015.152147852,0.06686089119424475,0.21906077285502468,0.13638840638847677,0.02062025701575784
choque_20pct_temporario,temporario,0.8,0.19999999999999996,False,53,94,20,11117828.690480864,0.08150695797177736,0.24217802317409154,0.1686604179864861,0.015384059454400564
choque_20pct_temporario,temporario,0.8,0.19999999999999996,False,53,94,21,10854428.152070466,0.09679889747390194,0.23741211755658154,0.18804081584361348,0.0018382769983687792
choque_20pct_temporario,temporario,0.8,0.19999999999999996,False,53,94,22,10347197.620651165,0.11658308423311617,0.2098547804100912,0.2130486483858441,-0.020380054029156748
choque_20pct_temporario,temporario,0.8,0.19999999999999996,False,53,94,23,10184694.109653262,0.12206752025911385,0.1671027445443769,0.22418892613309496,-0.042801883092307445
choque_20pct_temporario,temporario,0.8,0.19999999999999996,False,53,94,24,10176938.806541393,0.11425552084837513,0.1244333417522121,0.2190644639358394,-0.06036199077484699
choque_20pct_temporario,temporario,0.8,0.19999999999999996,False,53,94,25,10769558.929672051,0.08618979369499169,0.0903604005938281,0.1950704403266752,-0.06030379409660726
choque_20pct_temporario,temporario,0.8,0.19999999999999996,False,54,95,0,7609597.0,0.138,0.03,0.12063832026847152,0.010583740505574736
choque_20pct_temporario,temporario,0.8,0.19999999999999996,False,54,95,1,7652724.38733265,0.14039181650999813,0.030000000000000027,0.11859183719691781,0.007984885903803248
choque_20pct_temporario,temporario,0.8,0.19999999999999996,False,54,95,2,7798206.076406029,0.13522738819779181,0.024173647852955282,0.1205616531309737,0.0024655141857042283
choque_20pct_temporario,temporario,0.8,0.19999999999999996,False,54,95,3,8036482.831215942,0.12568528094807072,0.026868451437721763,0.11217572816903318,0.00486302077065768
choque_20pct_temporario,temporario,0.8,0.19999999999999996,False,54,95,4,8387971.318033951,0.10840543213340435,0.02984480746403384,0.1036100285899246,0.007320596854689898
choque_20pct_temporario,temporario,0.8,0.19999999999999996,False,54,95,5,8688481.874223532,0.09342773234105418,0.0475668123952373,0.09529156627099683,0.013438971200210302
choque_20pct_temporario,temporario,0.8,0.19999999999999996,False,54,95,6,8823001.531106977,0.0862310124859255,0.06586963082673591,0.09731943907092065,0.01421538387781073
choque_20pct_temporario,temporario,0.8,0.19999999999999996,False,54,95,7,8851212.201871496,0.09706813723727602,0.09291900704667366,0.1075197011465717,0.014295037964224261
choque_20pct_temporario,temporario,0.8,0.19999999999999996,False,54,95,8,8777932.922087999,0.1141404261453873,0.1057177102707243,0.1317801959403559,0.009124523248759162
choque_20pct_temporario,temporario,0.8,0.19999999999999996,False,54,95,9,8633898.911978226,0.1283401158619569,0.10873069191373674,0.15022536079156554,0.000382257418282634
choque_20pct_temporario,temporario,0.8,0.19999999999999996,False,54,95,10,8543348.328235345,0.13617723267795034,0.09669612920449189,0.1639289055900757,-0.009394591334332462
choque_20pct_temporario,temporario,0.8,0.19999999999999996,False,54,95,11,8502307.856201388,0.14160598866243793,0.07848866223169249,0.17169768769590651,-0.01915961265949367
choque_20pct_temporario,temporario,0.8,0.19999999999999996,False,54,95,12,8545778.280589812,0.13916433529663824,0.05839941811895977,0.17342011476271116,-0.03081100489902139
choque_20pct_temporario,temporario,0.8,0.19999999999999996,False,54,95,13,8913655.701840926,0.121168127803289,0.04109450062605191,0.15914696077307156,-0.030057607385140305
choque_20pct_temporario,temporario,0.8,0.19999999999999996,False,54,95,14,9481971.69268683,0.09276496456696968,0.03504435740663059,0.13769554727411235,-0.026133922905863312
choque_20pct_temporario,temporario,0.8,0.19999999999999996,False,54,95,15,10003842.148041502,0.06724368766338862,0.04615113021107353,0.11898299102560957,-0.016799751796336717
choque_20pct_temporario,temporario,0.8,0.19999999999999996,False,54,95,16,10420822.85180496,0.05243558981438381,0.08330331972795424,0.10674118649024124,-0.006459437418763486
choque_20pct_temporario,temporario,0.8,0.19999999999999996,False,54,95,17,10713901.475497395,0.053664222863455076,0.13977585958034267,0.10806508262707287,0.004706919406547627
choque_20pct_temporario,temporario,0.8,0.19999999999999996,False,54,95,18,10907036.709022863,0.06609516111170663,0.1946381453455528,0.12925401800008432,0.01602799162610575
choque_20pct_temporario,temporario,0.8,0.19999999999999996,False,54,95,19,10955615.140888061,0.0758922178741757,0.22245654971575357,0.1554337596543097,0.015410670389271382
choque_20pct_temporario,temporario,0.8,0.19999999999999996,False,54,95,20,10722572.952049548,0.08812912151852684,0.22906157377596648,0.1742640066684402,0.004274711595283828
choque_20pct_temporario,temporario,0.8,0.19999999999999996,False,54,95,21,10442618.235064201,0.10308587405537349,0.2117027312910329,0.19594707453200017,-0.013923666493521973
choque_20pct_temporario,temporario,0.8,0.19999999999999996,False,54,95,22,10248575.580386935,0.11267337045658682,0.18058151716466697,0.20975596519538353,-0.033879057124806294
choque_20pct_temporario,temporario,0.8,0.19999999999999996,False,54,95,23,10224460.218422849,0.10892930101912075,0.14454612656926402,0.21009157051344038,-0.0476206972720848
choque_20pct_temporario,temporario,0.8,0.19999999999999996,False,54,95,24,10632706.792630205,0.08728980735038941,0.11159804159371256,0.19358400066884549,-0.052729736713421765
choque_20pct_temporario,temporario,0.8,0.19999999999999996,False,54,95,25,11152795.453341164,0.06266984275217154,0.09972465313556533,0.17105262067521382,-0.048293421476525426
choque_20pct_temporario,temporario,0.8,0.19999999999999996,False,55,96,0,7609597.0,0.138,0.03,0.12063832026847152,0.010583740505574736
choque_20pct_temporario,temporario,0.8,0.19999999999999996,False,55,96,1,7652724.38733265,0.14039181650999813,0.030000000000000027,0.11859183719691781,0.007984885903803248
choque_20pct_temporario,temporario,0.8,0.19999999999999996,False,55,96,2,7799628.759329893,0.13522708141572493,0.024181567532336024,0.12043641849580954,0.004489721160279836
choque_20pct_temporario,temporario,0.8,0.19999999999999996,False,55,96,3,8049268.576860042,0.12440072780741109,0.026819913604878787,0.1119123861709011,0.006367074390362885
choque_20pct_temporario,temporario,0.8,0.19999999999999996,False,55,96,4,8372008.636857019,0.10860645147977979,0.03040098219448839,0.1039266163838812,0.01110357224563021
choque_20pct_temporario,temporario,0.8,0.19999999999999996,False,55,96,5,8605075.307642028,0.09239696530311954,0.04794988901055741,0.09700257241871746,0.011603906075521213
choque_20pct_temporario,temporario,0.8,0.19999999999999996,False,55,96,6,8821865.930469789,0.08896596260038524,0.0671811525042636,0.09698620524181821,0.013907789772223848
choque_20pct_temporario,temporario,0.8,0.19999999999999996,False,55,96,7,8873132.06962968,0.09416582764270118,0.09153409127767964,0.10776590860352457,0.016720809628834307
choque_20pct_temporario,temporario,0.8,0.19999999999999996,False,55,96,8,8824195.202627638,0.10917378567999453,0.10680973005739203,0.12726054510910184,0.01477806998274166
choque_20pct_temporario,temporario,0.8,0.19999999999999996,False,55,96,9,8648760.140098246,0.1283228496423231,0.11070405919136084,0.15060593422208007,0.0016497985555455974
choque_20pct_temporario,temporario,0.8,0.19999999999999996,False,55,96,10,8481597.366726985,0.14204313745568722,0.09986364756730426,0.16898650258045828,-0.010083136446818856
choque_20pct_temporario,temporario,0.8,0.19999999999999996,False,55,96,11,8457214.142350249,0.14238017286837512,0.08084578924460928,0.17416425814037714,-0.019923282835675647
choque_20pct_temporario,temporario,0.8,0.19999999999999996,False,55,96,12,8572718.354939586,0.13587659541892497,0.060285510547347654,0.17023518364943943,-0.028073388136489037
choque_20pct_temporario,temporario,0.8,0.19999999999999996,False,55,96,13,8879954.192597415,0.11802474766174774,0.04318141263155484,0.15886708291888776,-0.031108741830334196
choque_20pct_temporario,temporario,0.8,0.19999999999999996,False,55,96,14,9459788.469973769,0.09442348547417229,0.037112337000520634,0.13874362546873448,-0.027756817264264058
choque_20pct_temporario,temporario,0.8,0.19999999999999996,False,55,96,15,9941655.568617174,0.06973224510132903,0.04772361965546201,0.1225840870214989,-0.020090283718813245
choque_20pct_temporario,temporario,0.8,0.19999999999999996,False,55,96,16,10399442.005072623,0.05385315109156185,0.08004532256097585,0.11024587584262427,-0.01018085652670989
choque_20pct_temporario,temporario,0.8,0.19999999999999996,False,55,96,17,10639702.8091061,0.05537171045889974,0.13454399684514184,0.11109558156237896,0.0024760179124086804
choque_20pct_temporario,temporario,0.8,0.19999999999999996,False,55,96,18,10804643.206587184,0.06987825542317772,0.1830562265986817,0.13336475460557357,0.010965429322984143
choque_20pct_temporario,temporario,0.8,0.19999999999999996,False,55,96,19,10940343.315880595,0.0715267928797579,0.21075012042559127,0.1545166717662414,0.008846288068494666
choque_20pct_temporario,temporario,0.8,0.19999999999999996,False,55,96,20,10928954.206769165,0.07405253201240337,0.22196300101324806,0.15870819477474996,0.006355855137413991
choque_20pct_temporario,temporario,0.8,0.19999999999999996,False,55,96,21,10809977.823749015,0.07997158176010234,0.22042513086612048,0.17354165007908537,-0.0038127995149348833
choque_20pct_temporario,temporario,0.8,0.19999999999999996,False,55,96,22,10659040.665399216,0.09138184772418388,0.20551649284554774,0.19009730824930413,-0.018249598025317497
choque_20pct_temporario,temporario,0.8,0.19999999999999996,False,55,96,23,10582016.09436993,0.09628514407971224,0.18075846923090322,0.20185828093360358,-0.033647173846961524
choque_20pct_temporario,temporario,0.8,0.19999999999999996,False,55,96,24,10666695.349940855,0.08897998310281892,0.15440970876518167,0.1990522635240837,-0.04141833544204864
choque_20pct_temporario,temporario,0.8,0.19999999999999996,False,55,96,25,11141184.96647936,0.06923395605132081,0.13589714380044127,0.18165057682535848,-0.04018882962740626
choque_20pct_temporario,temporario,0.8,0.19999999999999996,False,56,97,0,7609597.0,0.138,0.03,0.12063832026847152,0.010583740505574736
choque_20pct_temporario,temporario,0.8,0.19999999999999996,False,56,97,1,7652724.38733265,0.14039181650999813,0.030000000000000027,0.11859183719691781,0.007984885903803248
choque_20pct_temporario,temporario,0.8,0.19999999999999996,False,56,97,2,7800889.8817858,0.13522708141572493,0.02418397581320786,0.12050314319611728,0.005027015558220259
choque_20pct_temporario,temporario,0.8,0.19999999999999996,False,56,97,3,8049071.331758129,0.12454749800016575,0.026845742110161552,0.11191776991396674,0.00630689999576099
choque_20pct_temporario,temporario,0.8,0.19999999999999996,False,56,97,4,8407556.744374042,0.10813007583767523,0.030353612076337688,0.10385349962184844,0.005521636195223185
choque_20pct_temporario,temporario,0.8,0.19999999999999996,False,56,97,5,8597743.114105953,0.09660980949689922,0.04849718090259714,0.09825424659007816,0.007953645145964066
choque_20pct_temporario,temporario,0.8,0.19999999999999996,False,56,97,6,8795228.077781908,0.09045026627773967,0.0645487711318804,0.09964962676722464,0.007237966321177763
choque_20pct_temporario,temporario,0.8,0.19999999999999996,False,56,97,7,8946476.67663617,0.09068130859983027,0.08874246251947815,0.10368973879587573,0.0137064113592891
choque_20pct_temporario,temporario,0.8,0.19999999999999996,False,56,97,8,8919054.381723061,0.09885604795126265,0.10571810823864425,0.11945357030885595,0.010695530857828843
choque_20pct_temporario,temporario,0.8,0.19999999999999996,False,56,97,9,8810412.440132024,0.11602929206080005,0.11539045418344296,0.13916733980739096,0.007694215497628796
choque_20pct_temporario,temporario,0.8,0.19999999999999996,False,56,97,10,8676155.407665877,0.13010655289346573,0.10927384946990082,0.160315511746513,-0.0057296392719674355
choque_20pct_temporario,temporario,0.8,0.19999999999999996,False,56,97,11,8549373.675340107,0.13897894344325992,0.09488674218199256,0.17164601525879145,-0.013847003537810347
choque_20pct_temporario,temporario,0.8,0.19999999999999996,False,56,97,12,8592313.41356195,0.13601115576593628,0.07409530601891157,0.1741482331748803,-0.027058867439153204
choque_20pct_temporario,temporario,0.8,0.19999999999999996,False,56,97,13,8817646.483996352,0.12464187263875681,0.05661925825865377,0.16392002976636103,-0.03214363512054203
choque_20pct_temporario,temporario,0.8,0.19999999999999996,False,56,97,14,9358271.0590479,0.1007010936320444,0.0438135569842828,0.1454745215190675,-0.026608802936103303
choque_20pct_temporario,temporario,0.8,0.19999999999999996,False,56,97,15,9919915.270110471,0.07038248559918106,0.04817333152345982,0.12560935072426013,-0.02018461668076074
choque_20pct_temporario,temporario,0.8,0.19999999999999996,False,56,97,16,10288592.447217131,0.05457261661951282,0.07653911012425696,0.11084331739510561,-0.00988773045002039
choque_20pct_temporario,temporario,0.8,0.19999999999999996,False,56,97,17,10595054.8783487,0.05541070405440965,0.1274108678002026,0.11120232669866023,0.0013205210989901534
choque_20pct_temporario,temporario,0.8,0.19999999999999996,False,56,97,18,10833864.267111477,0.06229957527166812,0.17750785716497952,0.12917805173330596,0.007928668441900556
choque_20pct_temporario,temporario,0.8,0.19999999999999996,False,56,97,19,11018858.597289678,0.06838140493208915,0.21314121464380986,0.14528739803976679,0.01366448295483944
choque_20pct_temporario,temporario,0.8,0.19999999999999996,False,56,97,20,10952424.26401882,0.07562661729252973,0.23019350175402487,0.16092443097109438,0.008245510204638054
choque_20pct_temporario,temporario,0.8,0.19999999999999996,False,56,97,21,10791039.087301223,0.08709219318550304,0.22711686069002934,0.17855320445174414,-0.0005524999448075221
choque_20pct_temporario,temporario,0.8,0.19999999999999996,False,56,97,22,10599264.409553185,0.09569662883596732,0.20653215845886796,0.19587101071981575,-0.017697566480467504
choque_20pct_temporario,temporario,0.8,0.19999999999999996,False,56,97,23,10521742.1913219,0.09908090110243958,0.17722529887111538,0.20300826582597328,-0.03203142439578923
choque_20pct_temporario,temporario,0.8,0.19999999999999996,False,56,97,24,10549733.948746027,0.0955352922243286,0.14753189636980513,0.20321049799274762,-0.04613695832041508
choque_20pct_temporario,temporario,0.8,0.19999999999999996,False,56,97,25,10894334.810833957,0.07547260923165777,0.12468311239955576,0.1901408666849404,-0.049894763104413625
choque_20pct_temporario,temporario,0.8,0.19999999999999996,False,57,98,0,7609597.0,0.138,0.03,0.12063832026847152,0.010583740505574736
choque_20pct_temporario,temporario,0.8,0.19999999999999996,False,57,98,1,7652724.38733265,0.14039181650999813,0.030000000000000027,0.11859183719691781,0.007984885903803248
choque_20pct_temporario,temporario,0.8,0.19999999999999996,False,57,98,2,7799885.383675266,0.13522847005657346,0.024174783235175967,0.1203868529581478,0.0029885909564385184
choque_20pct_temporario,temporario,0.8,0.19999999999999996,False,57,98,3,8068307.960917727,0.12437216865012438,0.026866822551842473,0.11124651956853475,0.00381985212208961
choque_20pct_temporario,temporario,0.8,0.19999999999999996,False,57,98,4,8452765.849020781,0.10522454779155395,0.03046370669027465,0.10218748110996301,0.009919681570373599
choque_20pct_temporario,temporario,0.8,0.19999999999999996,False,57,98,5,8604390.856861716,0.09614047644574092,0.050510505682383355,0.09690086496773728,0.012159819360667444
choque_20pct_temporario,temporario,0.8,0.19999999999999996,False,57,98,6,8791546.02884874,0.0922390418766546,0.06626437474795055,0.1023614920176165,0.009311729330123121
choque_20pct_temporario,temporario,0.8,0.19999999999999996,False,57,98,7,8792260.502482077,0.10175067128123441,0.08943886480083152,0.11187369455083263,0.015166127043821795
choque_20pct_temporario,temporario,0.8,0.19999999999999996,False,57,98,8,8748391.978944972,0.11282901406097087,0.0986885824841186,0.13158200778356322,0.006258755807380935
choque_20pct_temporario,temporario,0.8,0.19999999999999996,False,57,98,9,8674008.929936744,0.12216590411437868,0.1026744647190787,0.1444400338263691,0.0017149231986059864
choque_20pct_temporario,temporario,0.8,0.19999999999999996,False,57,98,10,8623037.643775757,0.12725559035354947,0.09294923680668044,0.1568752055211503,-0.007861461515948215
choque_20pct_temporario,temporario,0.8,0.19999999999999996,False,57,98,11,8604516.727367535,0.13074554191229948,0.08225172480355925,0.16282130727960709,-0.015347537877172586
choque_20pct_temporario,temporario,0.8,0.19999999999999996,False,57,98,12,8651875.78076647,0.13011457895091294,0.06679773815548695,0.1662818107542222,-0.020922702589520222
choque_20pct_temporario,temporario,0.8,0.19999999999999996,False,57,98,13,8888257.735711547,0.11889226967489608,0.05360620029223351,0.15952972906388402,-0.028185561279858055
choque_20pct_temporario,temporario,0.8,0.19999999999999996,False,57,98,14,9380538.200053992,0.10087677839292913,0.046001373671365364,0.14440873107107127,-0.02723636338661822
choque_20pct_temporario,temporario,0.8,0.19999999999999996,False,57,98,15,9883126.187562868,0.07490602587054637,0.05130811022559345,0.1275039038501914,-0.019256435089775283
choque_20pct_temporario,temporario,0.8,0.19999999999999996,False,57,98,16,10438202.624099493,0.05228028138842726,0.07810343212459392,0.11094198407839417,-0.012691252419797436
choque_20pct_temporario,temporario,0.8,0.19999999999999996,False,57,98,17,10752212.857387338,0.04784591777568126,0.13291177060094306,0.10293133850576965,0.0035483965347698323
choque_20pct_temporario,temporario,0.8,0.19999999999999996,False,57,98,18,10955676.420982415,0.05906032436103723,0.19440119573385495,0.12077864729111831,0.015086286295893293
choque_20pct_temporario,temporario,0.8,0.19999999999999996,False,57,98,19,11031231.811169367,0.07631983770377822,0.23158438484506405,0.15260552578957332,0.016471993732701473
choque_20pct_temporario,temporario,0.8,0.19999999999999996,False,57,98,20,10885401.406892896,0.08681182818704808,0.23661016304166904,0.17599863484708594,0.008050803269531562
choque_20pct_temporario,temporario,0.8,0.19999999999999996,False,57,98,21,10561815.06618638,0.09830580323673432,0.22293588803052122,0.19135899178373114,-0.007489384727179338
choque_20pct_temporario,temporario,0.8,0.19999999999999996,False,57,98,22,10311870.971636554,0.10924587528346341,0.19077391241004982,0.2079017564972293,-0.02710960342242123
choque_20pct_temporario,temporario,0.8,0.19999999999999996,False,57,98,23,10221095.10938263,0.1114164723205755,0.1541393632283179,0.21352986338628943,-0.047336609923629924
choque_20pct_temporario,temporario,0.8,0.19999999999999996,False,57,98,24,10426948.610180913,0.09831573344044572,0.11945634662000626,0.20345619339061785,-0.05553698843086995
choque_20pct_temporario,temporario,0.8,0.19999999999999996,False,57,98,25,11207246.899178082,0.0639297716343729,0.09806470879093476,0.17600618504957063,-0.050474433358210634
choque_20pct_temporario,temporario,0.8,0.19999999999999996,False,58,99,0,7609597.0,0.138,0.03,0.12063832026847152,0.010583740505574736
choque_20pct_temporario,temporario,0.8,0.19999999999999996,False,58,99,1,7652724.38733265,0.14039181650999813,0.030000000000000027,0.11859183719691781,0.007984885903803248
choque_20pct_temporario,temporario,0.8,0.19999999999999996,False,58,99,2,7799062.11548463,0.1352272977704024,0.024185309753672835,0.12058307609119796,0.005341325207426375
choque_20pct_temporario,temporario,0.8,0.19999999999999996,False,58,99,3,8037333.898698519,0.12513506691847362,0.026830286970330297,0.11249869004210589,0.003750026469618264
choque_20pct_temporario,temporario,0.8,0.19999999999999996,False,58,99,4,8388380.545888563,0.11221318857023224,0.030132632684514382,0.10548921881974987,0.004735826407116933
choque_20pct_temporario,temporario,0.8,0.19999999999999996,False,58,99,5,8568625.144672744,0.09931274761351411,0.04647967216026139,0.10023166121795601,0.009154486224966578
choque_20pct_temporario,temporario,0.8,0.19999999999999996,False,58,99,6,8797543.716563204,0.0914006418374699,0.061057669377684975,0.10042298813261458,0.00917692792469889
choque_20pct_temporario,temporario,0.8,0.19999999999999996,False,58,99,7,8851986.28707636,0.09612821542153503,0.08438583412854173,0.10686130738021357,0.009620907889840706
choque_20pct_temporario,temporario,0.8,0.19999999999999996,False,58,99,8,8880727.745169958,0.10416160122148631,0.09827942882279106,0.12267562663528817,0.00682869971068604
choque_20pct_temporario,temporario,0.8,0.19999999999999996,False,58,99,9,8857324.027828872,0.113410570648949,0.10739847396028801,0.13620887600374246,0.004602300553762903
choque_20pct_temporario,temporario,0.8,0.19999999999999996,False,58,99,10,8667345.742887922,0.12855884922911845,0.10328043573826773,0.15573298486821013,-0.002380135399843292
choque_20pct_temporario,temporario,0.8,0.19999999999999996,False,58,99,11,8624148.515375659,0.1361608994388741,0.0910246397975909,0.16727249654853044,-0.0135906480172764
choque_20pct_temporario,temporario,0.8,0.19999999999999996,False,58,99,12,8637377.200757356,0.13437277488529326,0.07270126549868672,0.17091917736640294,-0.02351812463344767
choque_20pct_temporario,temporario,0.8,0.19999999999999996,False,58,99,13,8800501.71391274,0.1251245600516725,0.05625148870223984,0.16548350653249394,-0.02934039109153038
choque_20pct_temporario,temporario,0.8,0.19999999999999996,False,58,99,14,9201679.411047546,0.10864270028592443,0.046049759171521654,0.15209515900618203,-0.030200315869443252
choque_20pct_temporario,temporario,0.8,0.19999999999999996,False,58,99,15,9746991.012981629,0.08433007971785667,0.04515926769128975,0.13579130434440997,-0.023964052948155002
choque_20pct_temporario,temporario,0.8,0.19999999999999996,False,58,99,16,10095035.59028191,0.06574528851508978,0.06388550646471791,0.12236196011627039,-0.01813061291766887
choque_20pct_temporario,temporario,0.8,0.19999999999999996,False,58,99,17,10516735.1602692,0.05907992574836623,0.10081266523547194,0.11705954993488922,-0.010510248203342978
choque_20pct_temporario,temporario,0.8,0.19999999999999996,False,58,99,18,10789337.379862899,0.05566328499140219,0.14674440486727214,0.12243522036888965,0.003902411749695062
choque_20pct_temporario,temporario,0.8,0.19999999999999996,False,58,99,19,11022011.632929282,0.06130668328427737,0.193432382869557,0.1331777011071786,0.011425281702252082
choque_20pct_temporario,temporario,0.8,0.19999999999999996,False,58,99,20,11054576.709464505,0.0782056817439933,0.22312365130352219,0.1575511853394369,0.010313037125847605
choque_20pct_temporario,temporario,0.8,0.19999999999999996,False,58,99,21,10797369.60368975,0.09352976915357497,0.22471830039993224,0.1872434366953542,-0.0011249181300748256
choque_20pct_temporario,temporario,0.8,0.19999999999999996,False,58,99,22,10610661.820109842,0.10305047775093532,0.20517283308211298,0.20088598657414014,-0.01776187820537547
choque_20pct_temporario,temporario,0.8,0.19999999999999996,False,58,99,23,10361101.091236608,0.10972292462681602,0.17309784308837872,0.2120066618342449,-0.03544041395829691
choque_20pct_temporario,temporario,0.8,0.19999999999999996,False,58,99,24,10468010.731054517,0.1027680373302577,0.13850528812924434,0.20973394799790215,-0.04746674354863092
choque_20pct_temporario,temporario,0.8,0.19999999999999996,False,58,99,25,10817246.047480112,0.0822846707662726,0.11328717952843625,0.19437733082595834,-0.05383583011072591
choque_20pct_temporario,temporario,0.8,0.19999999999999996,False,59,100,0,7609597.0,0.138,0.03,0.12063832026847152,0.010583740505574736
choque_20pct_temporario,temporario,0.8,0.19999999999999996,False,59,100,1,7652724.38733265,0.14039181650999813,0.030000000000000027,0.11859183719691781,0.007984885903803248
choque_20pct_temporario,temporario,0.8,0.19999999999999996,False,59,100,2,7805420.605247177,0.13522749384151414,0.024184488525404113,0.12049801877331648,0.004661907193755282
choque_20pct_temporario,temporario,0.8,0.19999999999999996,False,59,100,3,8049794.709158673,0.12548596327462314,0.026837842258442324,0.1123105255493822,0.005576432247561984
choque_20pct_temporario,temporario,0.8,0.19999999999999996,False,59,100,4,8338584.981982603,0.11206081579277484,0.029983348496512185,0.10615875213930297,0.0071662046553755835
choque_20pct_temporario,temporario,0.8,0.19999999999999996,False,59,100,5,8571214.99611906,0.0980970443695663,0.04660819775872049,0.09905885070710914,0.009227739911242724
choque_20pct_temporario,temporario,0.8,0.19999999999999996,False,59,100,6,8824635.26011219,0.08934013369731554,0.061760888123773006,0.09843054175986518,0.008393235388553848
choque_20pct_temporario,temporario,0.8,0.19999999999999996,False,59,100,7,8919313.606316885,0.09134592007777852,0.08647203738105969,0.10286455096183793,0.012516152293467262
choque_20pct_temporario,temporario,0.8,0.19999999999999996,False,59,100,8,8988880.204245806,0.09804704649398903,0.10339729834493827,0.11714863955119675,0.011612404010601455
choque_20pct_temporario,temporario,0.8,0.19999999999999996,False,59,100,9,8883065.489161856,0.11134271733909548,0.11504268392110273,0.13465075165623666,0.00842120620714886
choque_20pct_temporario,temporario,0.8,0.19999999999999996,False,59,100,10,8697201.598754091,0.12892366786277307,0.11205726261463411,0.1570347036199731,-0.0008056265861226028
choque_20pct_temporario,temporario,0.8,0.19999999999999996,False,59,100,11,8558982.050008573,0.14137692156799023,0.09708525490542175,0.1737039295491007,-0.011980993827397524
choque_20pct_temporario,temporario,0.8,0.19999999999999996,False,59,100,12,8510196.57958988,0.14547585452018466,0.07481501849393601,0.18191124461429664,-0.023959939402099607
choque_20pct_temporario,temporario,0.8,0.19999999999999996,False,59,100,13,8556010.220410375,0.14162333825468862,0.0533787525904903,0.18067134498739754,-0.035157985118559096
choque_20pct_temporario,temporario,0.8,0.19999999999999996,False,59,100,14,9025681.099398013,0.12316577563794728,0.034435217921130246,0.16487777668753556,-0.03939933388808627
choque_20pct_temporario,temporario,0.8,0.19999999999999996,False,59,100,15,9647323.715404522,0.0945170636687136,0.027614802775735692,0.1423538482657676,-0.033978853200765165
choque_20pct_temporario,temporario,0.8,0.19999999999999996,False,59,100,16,10137514.384996172,0.0686504016539274,0.03880606736031589,0.124996266887551,-0.02622192037750937
choque_20pct_temporario,temporario,0.8,0.19999999999999996,False,59,100,17,10551167.553981898,0.05539122083662947,0.07498126289535478,0.1133827231388172,-0.011909430920743883
choque_20pct_temporario,temporario,0.8,0.19999999999999996,False,59,100,18,10840237.541502113,0.05579840366707179,0.13036980833767853,0.11553418290213956,-0.0004270918736614912
choque_20pct_temporario,temporario,0.8,0.19999999999999996,False,59,100,19,11069033.678190954,0.06290716719860413,0.18375354855332504,0.1324544513654334,0.007852569509779951
choque_20pct_temporario,temporario,0.8,0.19999999999999996,False,59,100,20,11164292.534371657,0.06976842687854874,0.21851811345465122,0.15126381198390906,0.012689115272431164
choque_20pct_temporario,temporario,0.8,0.19999999999999996,False,59,100,21,11162968.122710865,0.07149883800594961,0.23245256516490698,0.16424837811679402,0.007444164603916672
choque_20pct_temporario,temporario,0.8,0.19999999999999996,False,59,100,22,11083437.34143083,0.07861913053249124,0.23310469474419726,0.17534163695076374,-0.0014031859470661566
choque_20pct_temporario,temporario,0.8,0.19999999999999996,False,59,100,23,10815861.619562658,0.09451866602623316,0.21698463632075105,0.19747267957626183,-0.016319130746492327
choque_20pct_temporario,temporario,0.8,0.19999999999999996,False,59,100,24,10681959.5916751,0.10123557346039855,0.1870655146489788,0.2127817150023109,-0.0343457573725465
choque_20pct_temporario,temporario,0.8,0.19999999999999996,False,59,100,25,10753005.333008721,0.09523742095574793,0.1550537245117658,0.20889319453122804,-0.048208190122415145
choque_20pct_temporario,temporario,0.8,0.19999999999999996,False,60,101,0,7609597.0,0.138,0.03,0.12063832026847152,0.010583740505574736
choque_20pct_temporario,temporario,0.8,0.19999999999999996,False,60,101,1,7652724.38733265,0.14039181650999813,0.030000000000000027,0.11859183719691781,0.007984885903803248
choque_20pct_temporario,temporario,0.8,0.19999999999999996,False,60,101,2,7810314.033300547,0.13522708141572493,0.02417722863023286,0.12034456570471717,0.003376331611358988
choque_20pct_temporario,temporario,0.8,0.19999999999999996,False,60,101,3,8057438.034464313,0.12472614910127032,0.02685924023907993,0.1119352966239309,0.0051062560118289085
choque_20pct_temporario,temporario,0.8,0.19999999999999996,False,60,101,4,8428089.873602377,0.10789505329219334,0.030282995463448925,0.10385262074889468,0.004149907900870135
choque_20pct_temporario,temporario,0.8,0.19999999999999996,False,60,101,5,8575952.457782235,0.09730832411518549,0.050228291776487355,0.09728187175952718,0.009764293399557327
choque_20pct_temporario,temporario,0.8,0.19999999999999996,False,60,101,6,8750365.64786095,0.09209198874665472,0.06467565044450385,0.10062414217834952,0.010542807688464328
choque_20pct_temporario,temporario,0.8,0.19999999999999996,False,60,101,7,8894661.634642668,0.09151712107958053,0.08773636989532285,0.10504891882225317,0.012591235731760561
choque_20pct_temporario,temporario,0.8,0.19999999999999996,False,60,101,8,8925499.65436034,0.09849625746372272,0.10371252275564502,0.1185731099282012,0.009215504953519065
choque_20pct_temporario,temporario,0.8,0.19999999999999996,False,60,101,9,8849308.642391767,0.11254291854787739,0.114324738280414,0.13593361239063367,0.006300711435210171
choque_20pct_temporario,temporario,0.8,0.19999999999999996,False,60,101,10,8667821.416014625,0.12932796803108912,0.10996172022045592,0.1581436813972074,-0.004521594276841354
choque_20pct_temporario,temporario,0.8,0.19999999999999996,False,60,101,11,8575959.061826507,0.13828863523299934,0.09564120882057314,0.17138827330711237,-0.014472885194547883
choque_20pct_temporario,temporario,0.8,0.19999999999999996,False,60,101,12,8577060.877031883,0.1403022789735307,0.0737279261920123,0.17657066177567346,-0.025264817063210283
choque_20pct_temporario,temporario,0.8,0.19999999999999996,False,60,101,13,8714416.304247858,0.13198342034524244,0.053895763093691595,0.17205654839436468,-0.030670521689887417
choque_20pct_temporario,temporario,0.8,0.19999999999999996,False,60,101,14,9134716.699155366,0.11166512281955902,0.0383345984260306,0.15638282287605912,-0.03193788691942966
choque_20pct_temporario,temporario,0.8,0.19999999999999996,False,60,101,15,9831009.763191983,0.08140912097734747,0.03726968644860906,0.13314972092123056,-0.02488069983777293
choque_20pct_temporario,temporario,0.8,0.19999999999999996,False,60,101,16,10274457.666127864,0.06039260051102862,0.05738173387784995,0.11683005122340344,-0.016283375550843998
choque_20pct_temporario,temporario,0.8,0.19999999999999996,False,60,101,17,10646688.204546008,0.0519721135011792,0.10291076088382467,0.11015048815059846,-0.005930323397445445
choque_20pct_temporario,temporario,0.8,0.19999999999999996,False,60,101,18,10875381.751295777,0.05878648376878074,0.16024114253798305,0.11945264554253915,0.007771890384358335
choque_20pct_temporario,temporario,0.8,0.19999999999999996,False,60,101,19,10939751.28497734,0.07293914911903816,0.20416699652989,0.14614898288053382,0.010575218322450468
choque_20pct_temporario,temporario,0.8,0.19999999999999996,False,60,101,20,11024991.434091387,0.07625125407190413,0.22218013288926897,0.16347071879968914,0.008957594138093798
choque_20pct_temporario,temporario,0.8,0.19999999999999996,False,60,101,21,10981980.357978383,0.07705485519759374,0.2233494120251338,0.16883412574220122,0.002679065268972217
choque_20pct_temporario,temporario,0.8,0.19999999999999996,False,60,101,22,10769714.563671699,0.08808658932286961,0.21362136142195598,0.18401089396293252,-0.009820012399398895
choque_20pct_temporario,temporario,0.8,0.19999999999999996,False,60,101,23,10672432.353477689,0.09638872598448125,0.1899142975125161,0.20164630286932245,-0.024383201478555244
choque_20pct_temporario,temporario,0.8,0.19999999999999996,False,60,101,24,10528854.12299454,0.10146313003434472,0.16336423224138463,0.20968911150523845,-0.03941000487645268
choque_20pct_temporario,temporario,0.8,0.19999999999999996,False,60,101,25,10758705.228514342,0.09012415009140834,0.13408250724075432,0.2036790725955225,-0.04917310066616673
choque_20pct_temporario,temporario,0.8,0.19999999999999996,False,61,102,0,7609597.0,0.138,0.03,0.12063832026847152,0.010583740505574736
choque_20pct_temporario,temporario,0.8,0.19999999999999996,False,61,102,1,7650002.471661862,0.14041421592540543,0.030000000000000027,0.11872188524457562,0.007945657219823491
choque_20pct_temporario,temporario,0.8,0.19999999999999996,False,61,102,2,7798683.8567142505,0.13544303527764473,0.024175254533992607,0.12053968788095525,0.005032995265911192
choque_20pct_temporario,temporario,0.8,0.19999999999999996,False,61,102,3,8056100.160966143,0.12551229731767805,0.026759128492234163,0.11194744237407288,0.005468382779039648
choque_20pct_temporario,temporario,0.8,0.19999999999999996,False,61,102,4,8412643.465632271,0.10825346654674162,0.02986846263692411,0.10387941608350315,0.007184095157875705
choque_20pct_temporario,temporario,0.8,0.19999999999999996,False,61,102,5,8602336.916114762,0.09643145396857045,0.04835059848746348,0.09753740348620286,0.011181360352123654
choque_20pct_temporario,temporario,0.8,0.19999999999999996,False,61,102,6,8783077.261782615,0.09182887221250102,0.06423772060944266,0.1011374534766962,0.009821686087648756
choque_20pct_temporario,temporario,0.8,0.19999999999999996,False,61,102,7,8803775.917985199,0.09859964151010009,0.08756961890083725,0.10984591706366713,0.009095181585892191
choque_20pct_temporario,temporario,0.8,0.19999999999999996,False,61,102,8,8816485.873432854,0.10828033121448975,0.09938424067193763,0.12646860505069557,0.008931229813052529
choque_20pct_temporario,temporario,0.8,0.19999999999999996,False,61,102,9,8771343.570278559,0.11612715526012186,0.10545470187990125,0.13974181816961295,0.001388159664674392
choque_20pct_temporario,temporario,0.8,0.19999999999999996,False,61,102,10,8691339.327307511,0.12498908430891659,0.09852738981198783,0.15384651128172938,-0.006262057185849792
choque_20pct_temporario,temporario,0.8,0.19999999999999996,False,61,102,11,8672314.833635088,0.1279818058769776,0.08812191638606537,0.16166295479847606,-0.014734327268390067
choque_20pct_temporario,temporario,0.8,0.19999999999999996,False,61,102,12,8760972.714745037,0.1256368831071506,0.0720933481942585,0.16330336607579488,-0.021497149119625403
choque_20pct_temporario,temporario,0.8,0.19999999999999996,False,61,102,13,9004290.333656995,0.11527019816193503,0.06092681463112548,0.15582078796555132,-0.0237248527630442
choque_20pct_temporario,temporario,0.8,0.19999999999999996,False,61,102,14,9352106.88454363,0.0959291574779446,0.054387648229608176,0.14409417742888833,-0.023426787875754987
choque_20pct_temporario,temporario,0.8,0.19999999999999996,False,61,102,15,9919276.336218523,0.07306364701688581,0.061698856846883254,0.12637823566136988,-0.01642681810476116
choque_20pct_temporario,temporario,0.8,0.19999999999999996,False,61,102,16,10287985.710335525,0.05626526686268123,0.08878117511761952,0.11528761875973717,-0.010043910938800167
choque_20pct_temporario,temporario,0.8,0.19999999999999996,False,61,102,17,10620374.818971926,0.05518573119149654,0.1355065420819197,0.1119178437621677,0.003532186817245539
choque_20pct_temporario,temporario,0.8,0.19999999999999996,False,61,102,18,10836401.961296616,0.06061307103226812,0.18199556763910119,0.12851726280622539,0.007993151413132723
choque_20pct_temporario,temporario,0.8,0.19999999999999996,False,61,102,19,11025148.772371026,0.06839344229247234,0.2161637356998798,0.14447761663385347,0.013324801782525531
choque_20pct_temporario,temporario,0.8,0.19999999999999996,False,61,102,20,10920712.685940137,0.07651007645329011,0.23009015290368962,0.1639096233508603,0.006443396524152224
choque_20pct_temporario,temporario,0.8,0.19999999999999996,False,61,102,21,10771612.457106683,0.0883894080105304,0.2249544422127252,0.1805093542853515,-0.0013667913728580643
choque_20pct_temporario,temporario,0.8,0.19999999999999996,False,61,102,22,10546066.704108555,0.09961133486263514,0.2033256478445593,0.1985809112498756,-0.018284323278567476
choque_20pct_temporario,temporario,0.8,0.19999999999999996,False,61,102,23,10488554.688764816,0.10199973586452202,0.1717204091208584,0.20564822253680698,-0.03380124671325682
choque_20pct_temporario,temporario,0.8,0.19999999999999996,False,61,102,24,10509419.472454833,0.09503570960483879,0.14269412114623004,0.2031067695817641,-0.05145031666874983
choque_20pct_temporario,temporario,0.8,0.19999999999999996,False,61,102,25,11023174.976731094,0.07319569681556247,0.11994949734966309,0.18475610658024003,-0.04920980285624052
choque_20pct_temporario,temporario,0.8,0.19999999999999996,False,62,103,0,7609597.0,0.138,0.03,0.12063832026847152,0.010583740505574736
choque_20pct_temporario,temporario,0.8,0.19999999999999996,False,62,103,1,7652724.38733265,0.14039181650999813,0.030000000000000027,0.11859183719691781,0.007984885903803248
choque_20pct_temporario,temporario,0.8,0.19999999999999996,False,62,103,2,7801389.463608131,0.13522708141572493,0.02418076482516729,0.12045633882052506,0.0045390471653261434
choque_20pct_temporario,temporario,0.8,0.19999999999999996,False,62,103,3,8065835.647105424,0.12460547721408592,0.0268679008619761,0.11210610703681127,0.003572596108639618
choque_20pct_temporario,temporario,0.8,0.19999999999999996,False,62,103,4,8343083.17549668,0.10942724430667809,0.03031923998380992,0.10479249942583807,0.006601961244087908
choque_20pct_temporario,temporario,0.8,0.19999999999999996,False,62,103,5,8614925.251017274,0.09545387419539894,0.049011567947278234,0.09670817442899347,0.009369068843616081
choque_20pct_temporario,temporario,0.8,0.19999999999999996,False,62,103,6,8844312.795337606,0.08529048889367656,0.0651413384908539,0.09621393913609429,0.011733492385857953
choque_20pct_temporario,temporario,0.8,0.19999999999999996,False,62,103,7,8938687.954751447,0.09000440218255695,0.09281472918317735,0.1013187185897652,0.014338956928552733
choque_20pct_temporario,temporario,0.8,0.19999999999999996,False,62,103,8,8928781.050630849,0.10227590402805009,0.10939001586635366,0.12110779607909486,0.009261454370071929
choque_20pct_temporario,temporario,0.8,0.19999999999999996,False,62,103,9,8825943.46677309,0.11592373556862723,0.11787902555716112,0.1395893696358195,0.005811857261884656
choque_20pct_temporario,temporario,0.8,0.19999999999999996,False,62,103,10,8713083.417883908,0.12666081434923024,0.10936636813233735,0.15717824516330206,-0.004484496575214979
choque_20pct_temporario,temporario,0.8,0.19999999999999996,False,62,103,11,8655109.75812121,0.13199889925445016,0.09660312934843529,0.16604211368210675,-0.014413115279997807
choque_20pct_temporario,temporario,0.8,0.19999999999999996,False,62,103,12,8635524.812621996,0.13398278182174853,0.0757106987289895,0.17250065133067904,-0.02453124501996121
choque_20pct_temporario,temporario,0.8,0.19999999999999996,False,62,103,13,8842842.241528103,0.12571260020808495,0.05876213380121209,0.1663255332879785,-0.02740569245798349
choque_20pct_temporario,temporario,0.8,0.19999999999999996,False,62,103,14,9174959.248623736,0.10725646026528997,0.045626418914692435,0.15371659672589164,-0.03299291688879201
choque_20pct_temporario,temporario,0.8,0.19999999999999996,False,62,103,15,9826632.666488005,0.08127722064524197,0.04634395508508815,0.1322173959414375,-0.02549098914250514
choque_20pct_temporario,temporario,0.8,0.19999999999999996,False,62,103,16,10276324.18144779,0.05841032265670414,0.06555437232926709,0.11691005432161117,-0.01660106187010872
choque_20pct_temporario,temporario,0.8,0.19999999999999996,False,62,103,17,10681957.436944937,0.04979263415296297,0.11250224933893849,0.10685114718634484,-0.0008484980739312445
choque_20pct_temporario,temporario,0.8,0.19999999999999996,False,62,103,18,10878617.317194883,0.05606678780083523,0.17018401261425886,0.11790253605453888,0.01061108585148168
choque_20pct_temporario,temporario,0.8,0.19999999999999996,False,62,103,19,11021915.704499127,0.07134364244297856,0.21526752698349694,0.14416034856509746,0.015570245378867474
choque_20pct_temporario,temporario,0.8,0.19999999999999996,False,62,103,20,11015917.935226662,0.07913855984897199,0.23132749389616714,0.16777882201273647,0.008423450746919307
choque_20pct_temporario,temporario,0.8,0.19999999999999996,False,62,103,21,10759340.96224829,0.08982098032381676,0.23017474272405702,0.1807322561729856,-0.0038528778480149124
choque_20pct_temporario,temporario,0.8,0.19999999999999996,False,62,103,22,10628806.096255777,0.09989746264427846,0.20442403125566977,0.19724042283153387,-0.019127259996518733
choque_20pct_temporario,temporario,0.8,0.19999999999999996,False,62,103,23,10413960.161816202,0.106018306662907,0.1752073800387952,0.20781103282195404,-0.035220793954579235
choque_20pct_temporario,temporario,0.8,0.19999999999999996,False,62,103,24,10489801.989134686,0.09773253961066099,0.1396196796644762,0.20693124090853168,-0.05259493007271356
choque_20pct_temporario,temporario,0.8,0.19999999999999996,False,62,103,25,11026947.076474838,0.07373329478042731,0.11700512689288112,0.18424840310028281,-0.048906698968471954
choque_20pct_temporario,temporario,0.8,0.19999999999999996,False,63,104,0,7609597.0,0.138,0.03,0.12063832026847152,0.010583740505574736
choque_20pct_temporario,temporario,0.8,0.19999999999999996,False,63,104,1,7652724.38733265,0.14039181650999813,0.030000000000000027,0.11859183719691781,0.007984885903803248
choque_20pct_temporario,temporario,0.8,0.19999999999999996,False,63,104,2,7800331.918084864,0.13522708141572493,0.024184839601901098,0.12056828844091663,0.005109422131421157
choque_20pct_temporario,temporario,0.8,0.19999999999999996,False,63,104,3,8035590.667129238,0.12544034788120734,0.02684110530888928,0.1128197861269166,0.004372443627964133
choque_20pct_temporario,temporario,0.8,0.19999999999999996,False,63,104,4,8337284.231077738,0.11061192036583727,0.02998433218666996,0.10532738182984704,0.008197021124033055
choque_20pct_temporario,temporario,0.8,0.19999999999999996,False,63,104,5,8645562.731592972,0.09475187525275967,0.0471784926535308,0.09708272058683214,0.013536086623754627
choque_20pct_temporario,temporario,0.8,0.19999999999999996,False,63,104,6,8759183.169385932,0.08889146384359754,0.06441113357758321,0.0993789348224704,0.011196236431212193
choque_20pct_temporario,temporario,0.8,0.19999999999999996,False,63,104,7,8828366.28375491,0.09922997356875389,0.08912775534220807,0.10907797831943024,0.015163630308309166
choque_20pct_temporario,temporario,0.8,0.19999999999999996,False,63,104,8,8807682.962392481,0.11165597304844488,0.10090372811519566,0.1293626944101976,0.007442612564448477
choque_20pct_temporario,temporario,0.8,0.19999999999999996,False,63,104,9,8747890.902990153,0.11807574736291641,0.1054451478162679,0.14154013046395675,0.005612158771570345
choque_20pct_temporario,temporario,0.8,0.19999999999999996,False,63,104,10,8699273.536912713,0.12338179121457316,0.09780744913042838,0.15321079513045638,-0.006101681876815538
choque_20pct_temporario,temporario,0.8,0.19999999999999996,False,63,104,11,8647657.64455982,0.12948133621491872,0.08743141806957122,0.16154933606353625,-0.014110033046221855
choque_20pct_temporario,temporario,0.8,0.19999999999999996,False,63,104,12,8780139.651311554,0.12542197640675268,0.07130582463441404,0.16285653421584267,-0.022998313237317842
choque_20pct_temporario,temporario,0.8,0.19999999999999996,False,63,104,13,8965477.617914353,0.11429931728846526,0.05973155699570909,0.1560204753406509,-0.027108303754476114
choque_20pct_temporario,temporario,0.8,0.19999999999999996,False,63,104,14,9393576.799969997,0.09605183238385409,0.05322053088443712,0.14286498024660452,-0.025539532607382686
choque_20pct_temporario,temporario,0.8,0.19999999999999996,False,63,104,15,9900519.97372534,0.07154595550882173,0.06004151857638451,0.1268438062381646,-0.019490360983035405
choque_20pct_temporario,temporario,0.8,0.19999999999999996,False,63,104,16,10399640.143884178,0.05522151116398777,0.0890338723566515,0.11170325722325765,-0.009497326647371074
choque_20pct_temporario,temporario,0.8,0.19999999999999996,False,63,104,17,10711107.628276,0.050762697139929466,0.13745034667607192,0.10965611416178032,0.0018461295466090954
choque_20pct_temporario,temporario,0.8,0.19999999999999996,False,63,104,18,10986268.553850655,0.0581648815887445,0.19282477699264633,0.12149368046046488,0.01601218242334446
choque_20pct_temporario,temporario,0.8,0.19999999999999996,False,63,104,19,11009808.493812906,0.07292071798413563,0.22727984257773648,0.14917913182775389,0.0199960574541987
choque_20pct_temporario,temporario,0.8,0.19999999999999996,False,63,104,20,10853133.468515953,0.08433031694558821,0.23873219920062505,0.17377948299197457,0.007077142644597113
choque_20pct_temporario,temporario,0.8,0.19999999999999996,False,63,104,21,10540929.608589359,0.10211098707358542,0.22442697934492783,0.19248113648623505,-0.006703686211325296
choque_20pct_temporario,temporario,0.8,0.19999999999999996,False,63,104,22,10277626.588780057,0.11082578908147499,0.19189443062719702,0.2102789101258639,-0.02883416741974013
choque_20pct_temporario,temporario,0.8,0.19999999999999996,False,63,104,23,10258203.089014603,0.10595364311739028,0.1529567497631137,0.2100815638914038,-0.0461948887978079
choque_20pct_temporario,temporario,0.8,0.19999999999999996,False,63,104,24,10442637.215009786,0.09406670991778916,0.12051766343177195,0.19947741387876936,-0.05383712125931282
choque_20pct_temporario,temporario,0.8,0.19999999999999996,False,63,104,25,11153469.902262509,0.06501364887080945,0.1015797814459749,0.1763979931953116,-0.04957001648749831
choque_20pct_temporario,temporario,0.8,0.19999999999999996,False,64,105,0,7609597.0,0.138,0.03,0.12063832026847152,0.010583740505574736
choque_20pct_temporario,temporario,0.8,0.19999999999999996,False,64,105,1,7652724.38733265,0.14039181650999813,0.030000000000000027,0.11859183719691781,0.007984885903803248
choque_20pct_temporario,temporario,0.8,0.19999999999999996,False,64,105,2,7800563.818636234,0.13522708141572493,0.024177090049350314,0.12051070114827839,0.003203333660435202
choque_20pct_temporario,temporario,0.8,0.19999999999999996,False,64,105,3,8082200.757450347,0.12415519740479337,0.026867671667129223,0.11145732436299939,0.007161340119026205
choque_20pct_temporario,temporario,0.8,0.19999999999999996,False,64,105,4,8375355.965517943,0.11004903845188879,0.030515382646011835,0.1051377653029078,0.008595683120000875
choque_20pct_temporario,temporario,0.8,0.19999999999999996,False,64,105,5,8522786.416524047,0.10329992725305576,0.04772660964591946,0.10285179663161191,0.0056592138076526095
choque_20pct_temporario,temporario,0.8,0.19999999999999996,False,64,105,6,8692489.4289481,0.09758693704656896,0.05993221212599065,0.10609160885351834,0.008396555629768501
choque_20pct_temporario,temporario,0.8,0.19999999999999996,False,64,105,7,8801254.825339027,0.09686650227041341,0.0797896757356713,0.10965000432256237,0.009471759285274032
choque_20pct_temporario,temporario,0.8,0.19999999999999996,False,64,105,8,8862509.82573428,0.10315396754261515,0.09313698316723573,0.12110112318202264,0.006176458818251268
choque_20pct_temporario,temporario,0.8,0.19999999999999996,False,64,105,9,8821730.163723532,0.11306323906866807,0.1022733767892463,0.13537023709662407,0.0027154249265401715
choque_20pct_temporario,temporario,0.8,0.19999999999999996,False,64,105,10,8741421.328727031,0.1253865868742004,0.09903859980811558,0.15191809933852865,-0.004835802502506933
choque_20pct_temporario,temporario,0.8,0.19999999999999996,False,64,105,11,8742527.236386439,0.12624159253494036,0.0886839195720115,0.16076859545633143,-0.013652516257587021
choque_20pct_temporario,temporario,0.8,0.19999999999999996,False,64,105,12,8763272.349138172,0.12740583756221843,0.07601069721188125,0.16332746961313305,-0.0212718860705621
choque_20pct_temporario,temporario,0.8,0.19999999999999996,False,64,105,13,8873337.87321468,0.11935202803227069,0.0640433482385081,0.16160050951025945,-0.028549742754724567
choque_20pct_temporario,temporario,0.8,0.19999999999999996,False,64,105,14,9346378.327172931,0.1000458441302685,0.056080261197112735,0.14624638043668936,-0.026489666181441465
choque_20pct_temporario,temporario,0.8,0.19999999999999996,False,64,105,15,9850571.551420828,0.07454638322805156,0.05945532627721062,0.128813804745163,-0.017570278688996133
choque_20pct_temporario,temporario,0.8,0.19999999999999996,False,64,105,16,10319367.003614215,0.05362822246868181,0.08398168162440811,0.11348860562799841,-0.008962262634245018
choque_20pct_temporario,temporario,0.8,0.19999999999999996,False,64,105,17,10698526.30304877,0.04943362543720788,0.134254062727027,0.1062298700740488,0.0032157607969124182
choque_20pct_temporario,temporario,0.8,0.19999999999999996,False,64,105,18,10895097.246875223,0.06107953195213657,0.19063070769786683,0.12340606322469065,0.014319373889906823
choque_20pct_temporario,temporario,0.8,0.19999999999999996,False,64,105,19,10935369.573572617,0.07684491183434589,0.2219131916474253,0.15520533485308063,0.013383096297236337
choque_20pct_temporario,temporario,0.8,0.19999999999999996,False,64,105,20,10844029.5412939,0.08626804504065179,0.22758375583127433,0.17495332891766344,0.006801963291164625
choque_20pct_temporario,temporario,0.8,0.19999999999999996,False,64,105,21,10542489.042428134,0.09897795912487231,0.21496974647935851,0.1909158378647887,-0.01172042258967671
choque_20pct_temporario,temporario,0.8,0.19999999999999996,False,64,105,22,10336435.520733919,0.10844453609911026,0.18608714404768922,0.20568806822912303,-0.031050517891150462
choque_20pct_temporario,temporario,0.8,0.19999999999999996,False,64,105,23,10294463.077140225,0.10547825431151152,0.15111262814397586,0.20827316124790926,-0.044737393954203626
choque_20pct_temporario,temporario,0.8,0.19999999999999996,False,64,105,24,10565574.682195246,0.08917006702620094,0.12039996369871164,0.19584056279454562,-0.049110217586248846
choque_20pct_temporario,temporario,0.8,0.19999999999999996,False,64,105,25,11232589.060787736,0.058622844426335835,0.10624975448446472,0.17134551398321385,-0.045542939973695885
choque_20pct_temporario,temporario,0.8,0.19999999999999996,False,65,106,0,7609597.0,0.138,0.03,0.12063832026847152,0.010583740505574736
choque_20pct_temporario,temporario,0.8,0.19999999999999996,False,65,106,1,7652724.38733265,0.14039181650999813,0.030000000000000027,0.11859183719691781,0.007984885903803248
choque_20pct_temporario,temporario,0.8,0.19999999999999996,False,65,106,2,7795759.389025463,0.13522708141572493,0.024174315104845245,0.12053338646317642,0.0028232504809952382
choque_20pct_temporario,temporario,0.8,0.19999999999999996,False,65,106,3,8066722.623080711,0.1240298344420654,0.0268813672610837,0.11103366099375539,0.0065528971094054
choque_20pct_temporario,temporario,0.8,0.19999999999999996,False,65,106,4,8381860.874581563,0.10756815905149672,0.030548426762506242,0.10317564383710648,0.005740841421100333
choque_20pct_temporario,temporario,0.8,0.19999999999999996,False,65,106,5,8643658.547630418,0.09540340073465908,0.04881573790835847,0.09529615227004151,0.010649942659668017
choque_20pct_temporario,temporario,0.8,0.19999999999999996,False,65,106,6,8856882.006949294,0.08425670989197327,0.06573225869624255,0.09566685576885528,0.014236571746835675
choque_20pct_temporario,temporario,0.8,0.19999999999999996,False,65,106,7,9033443.492436215,0.08363806363105783,0.09450663102777823,0.09806489295153246,0.016204464256314468
choque_20pct_temporario,temporario,0.8,0.19999999999999996,False,65,106,8,8961407.25497837,0.10065532687215747,0.11631760610337172,0.11850038921495668,0.014235715813471859
choque_20pct_temporario,temporario,0.8,0.19999999999999996,False,65,106,9,8738519.421285959,0.12357242089073356,0.12469061678414439,0.14758196832960693,0.0027769390993756054
choque_20pct_temporario,temporario,0.8,0.19999999999999996,False,65,106,10,8606501.703606164,0.13909416205744285,0.11379538409927514,0.1670113121501614,-0.00743719343660723
choque_20pct_temporario,temporario,0.8,0.19999999999999996,False,65,106,11,8504629.949204095,0.1426902178113765,0.09347252454110366,0.176318785246184,-0.020390735875813203
choque_20pct_temporario,temporario,0.8,0.19999999999999996,False,65,106,12,8505143.36191832,0.14169123723210691,0.07015198448802429,0.17752772513276313,-0.030570860224312973
choque_20pct_temporario,temporario,0.8,0.19999999999999996,False,65,106,13,8757648.87780786,0.13078113915776957,0.047989481993148564,0.16930169891495933,-0.032918529003589436
choque_20pct_temporario,temporario,0.8,0.19999999999999996,False,65,106,14,9154140.460855754,0.1101213151734599,0.034156322991143684,0.1539178686347948,-0.03488214548931666
choque_20pct_temporario,temporario,0.8,0.19999999999999996,False,65,106,15,9755287.238091696,0.08355177443762982,0.03316259291256474,0.1335740985610949,-0.02716155623869376
choque_20pct_temporario,temporario,0.8,0.19999999999999996,False,65,106,16,10245101.314898815,0.06043604763170285,0.05311954985223988,0.11729214620860919,-0.017640455203786674
choque_20pct_temporario,temporario,0.8,0.19999999999999996,False,65,106,17,10584230.789325487,0.05285172686074161,0.09854956915639179,0.10915553035704578,-0.006569635782520577
choque_20pct_temporario,temporario,0.8,0.19999999999999996,False,65,106,18,10906661.756217994,0.05870495620287609,0.1556007769203116,0.11786305364812048,0.00504178399564846
choque_20pct_temporario,temporario,0.8,0.19999999999999996,False,65,106,19,11113565.679352568,0.06397252214697344,0.2004281082746151,0.1388773837473013,0.012390144614121931
choque_20pct_temporario,temporario,0.8,0.19999999999999996,False,65,106,20,11166454.46523386,0.06799552996723739,0.22953916272993302,0.15225625898846867,0.014665802069913355
choque_20pct_temporario,temporario,0.8,0.19999999999999996,False,65,106,21,11104722.730260482,0.07951749806195546,0.2372979054673492,0.169406264824678,0.006431606417857676
choque_20pct_temporario,temporario,0.8,0.19999999999999996,False,65,106,22,10664674.115451092,0.10298324551531747,0.22605332668878808,0.19978998004088586,-0.011379296384342794
choque_20pct_temporario,temporario,0.8,0.19999999999999996,False,65,106,23,10450053.327045215,0.11263664957083717,0.19343541557915578,0.2183248864705473,-0.029539786162656217
choque_20pct_temporario,temporario,0.8,0.19999999999999996,False,65,106,24,10410036.819262464,0.10626875457661744,0.15393304810127262,0.2144745159060962,-0.04761713627302542
choque_20pct_temporario,temporario,0.8,0.19999999999999996,False,65,106,25,10759152.085636549,0.0864332680613143,0.12064610430292988,0.1979412833638925,-0.05355414479950488
choque_20pct_temporario,temporario,0.8,0.19999999999999996,False,66,107,0,7609597.0,0.138,0.03,0.12063832026847152,0.010583740505574736
choque_20pct_temporario,temporario,0.8,0.19999999999999996,False,66,107,1,7652724.38733265,0.14039181650999813,0.030000000000000027,0.11859183719691781,0.007984885903803248
choque_20pct_temporario,temporario,0.8,0.19999999999999996,False,66,107,2,7813739.9898260655,0.13522708141572493,0.02417499204141582,0.12049542615727203,0.0021218240363874157
choque_20pct_temporario,temporario,0.8,0.19999999999999996,False,66,107,3,8043384.744295323,0.12543951147811472,0.02687169830469127,0.11253875939232066,0.0051791478491445405
choque_20pct_temporario,temporario,0.8,0.19999999999999996,False,66,107,4,8362093.485037438,0.1096698145946373,0.029981432694052845,0.10514966826890736,0.006135468431830707
choque_20pct_temporario,temporario,0.8,0.19999999999999996,False,66,107,5,8565065.368185747,0.10170205866429446,0.04836672160382105,0.0988361424556182,0.009098578936638348
choque_20pct_temporario,temporario,0.8,0.19999999999999996,False,66,107,6,8810324.773893103,0.09018969866400087,0.06060999643855891,0.10110074552189145,0.007846548619615588
choque_20pct_temporario,temporario,0.8,0.19999999999999996,False,66,107,7,8923898.927504756,0.09051247394764726,0.08556715852534413,0.1027224977201547,0.011502510435475071
choque_20pct_temporario,temporario,0.8,0.19999999999999996,False,66,107,8,8899340.470923943,0.10223851603863832,0.10121290765858681,0.12028658965733148,0.011472193047812808
choque_20pct_temporario,temporario,0.8,0.19999999999999996,False,66,107,9,8835689.033480713,0.11511355276211793,0.11050295781663211,0.13905804719641565,0.006095366043673542
choque_20pct_temporario,temporario,0.8,0.19999999999999996,False,66,107,10,8671168.539327757,0.13098893519449967,0.10553223053776017,0.15934045531789884,-0.006099397130643754
choque_20pct_temporario,temporario,0.8,0.19999999999999996,False,66,107,11,8525771.061772564,0.14533270874948054,0.09246640554693131,0.17426370700979826,-0.016226630523342403
choque_20pct_temporario,temporario,0.8,0.19999999999999996,False,66,107,12,8479644.079744473,0.14584593805527662,0.07054030711796444,0.18092901610256656,-0.024776450481160457
choque_20pct_temporario,temporario,0.8,0.19999999999999996,False,66,107,13,8713688.565155422,0.13409823479704713,0.04936526881065051,0.17176934310022848,-0.029881961503160942
choque_20pct_temporario,temporario,0.8,0.19999999999999996,False,66,107,14,9105686.847682495,0.11481329078654384,0.034556724055897936,0.15693741324765065,-0.03298094314402777
choque_20pct_temporario,temporario,0.8,0.19999999999999996,False,66,107,15,9686218.797709765,0.08944065708220163,0.03148560153006552,0.13809469740736152,-0.028408822718684352
choque_20pct_temporario,temporario,0.8,0.19999999999999996,False,66,107,16,10164927.543978455,0.06741134669627417,0.04751153542346098,0.12163132752829284,-0.019072047874305387
choque_20pct_temporario,temporario,0.8,0.19999999999999996,False,66,107,17,10640514.216121996,0.054201180305687886,0.08622661491231676,0.11237101525796718,-0.011191631333901757
choque_20pct_temporario,temporario,0.8,0.19999999999999996,False,66,107,18,10851704.16737808,0.05479462529457175,0.14214557803994654,0.11549850675469665,0.0038320650133801715
choque_20pct_temporario,temporario,0.8,0.19999999999999996,False,66,107,19,11000405.675872056,0.06945566959096812,0.1941365653339231,0.13692296526495945,0.009457733010805098
choque_20pct_temporario,temporario,0.8,0.19999999999999996,False,66,107,20,11070073.100918004,0.07876924495033345,0.217577752789073,0.16296286441730487,0.010151124756716373
choque_20pct_temporario,temporario,0.8,0.19999999999999996,False,66,107,21,10911904.43461376,0.08164556590571709,0.2221653453157182,0.1748406156161716,0.0007182752852862137
choque_20pct_temporario,temporario,0.8,0.19999999999999996,False,66,107,22,10812790.38080616,0.08818525963548256,0.20889781876241909,0.18487856317426143,-0.010087084177359724
choque_20pct_temporario,temporario,0.8,0.19999999999999996,False,66,107,23,10670825.2540562,0.09568815857639656,0.18915634026485284,0.198572047389388,-0.02376483569203015
choque_20pct_temporario,temporario,0.8,0.19999999999999996,False,66,107,24,10601557.669168133,0.09780416414424692,0.16008864492598907,0.20718372616797043,-0.039337513193470806
choque_20pct_temporario,temporario,0.8,0.19999999999999996,False,66,107,25,10821163.82516869,0.08639712161168021,0.13747376690574376,0.19952562934819712,-0.04960972521607457
choque_20pct_temporario,temporario,0.8,0.19999999999999996,False,67,108,0,7609597.0,0.138,0.03,0.12063832026847152,0.010583740505574736
choque_20pct_temporario,temporario,0.8,0.19999999999999996,False,67,108,1,7652724.38733265,0.14039181650999813,0.030000000000000027,0.11859183719691781,0.007984885903803248
choque_20pct_temporario,temporario,0.8,0.19999999999999996,False,67,108,2,7798543.595592602,0.13522708141572493,0.02418362697756926,0.12052372678520605,0.004634758829242098
choque_20pct_temporario,temporario,0.8,0.19999999999999996,False,67,108,3,8040886.970484645,0.12396056022957515,0.026857167535801363,0.11195389893165422,0.005743224782402626
choque_20pct_temporario,temporario,0.8,0.19999999999999996,False,67,108,4,8353898.367464216,0.10895051213167273,0.030661408992612493,0.10392576793204017,0.007348702328343026
choque_20pct_temporario,temporario,0.8,0.19999999999999996,False,67,108,5,8639778.543727065,0.09427930038018216,0.04950565092134118,0.09584257649839492,0.010554831910567122
choque_20pct_temporario,temporario,0.8,0.19999999999999996,False,67,108,6,8848466.650833333,0.08617217759126322,0.06649513909412685,0.09634899932547104,0.010508045119750701
choque_20pct_temporario,temporario,0.8,0.19999999999999996,False,67,108,7,8917919.9460304,0.09249338416578029,0.09312779192140108,0.10308706536278271,0.015101262067722701
choque_20pct_temporario,temporario,0.8,0.19999999999999996,False,67,108,8,8929157.49434495,0.10149716827980246,0.10813602195560224,0.12214969926874832,0.01152399928713235
choque_20pct_temporario,temporario,0.8,0.19999999999999996,False,67,108,9,8823095.001436252,0.11710240104226503,0.1167353629092669,0.13950168686433645,0.0057789329406417985
choque_20pct_temporario,temporario,0.8,0.19999999999999996,False,67,108,10,8648806.51364921,0.13202376323281206,0.10817465226678236,0.16108445242804498,-0.002665066765866069
choque_20pct_temporario,temporario,0.8,0.19999999999999996,False,67,108,11,8562447.20593138,0.1403989593435781,0.09186986318342871,0.1731902576313762,-0.014117668992115697
choque_20pct_temporario,temporario,0.8,0.19999999999999996,False,67,108,12,8486244.633876719,0.14676456096556503,0.0697015434772883,0.1815923246691447,-0.028399919718648196
choque_20pct_temporario,temporario,0.8,0.19999999999999996,False,67,108,13,8630228.035660129,0.1398193360912783,0.048203864910288274,0.17692052585695367,-0.0382143690448048
choque_20pct_temporario,temporario,0.8,0.19999999999999996,False,67,108,14,9139977.021496912,0.11729554775224521,0.03204977834369371,0.15694216616115067,-0.037103217497591365
choque_20pct_temporario,temporario,0.8,0.19999999999999996,False,67,108,15,9802604.843308011,0.08325118269082898,0.029277919768146088,0.13337212758163483,-0.03036509884152292
choque_20pct_temporario,temporario,0.8,0.19999999999999996,False,67,108,16,10294747.845498305,0.05831114019498676,0.048813404285469986,0.11397888667408555,-0.02025126764650036
choque_20pct_temporario,temporario,0.8,0.19999999999999996,False,67,108,17,10664371.519909807,0.05108531029735939,0.09739774490048259,0.1054049901960966,-0.008150038663165625
choque_20pct_temporario,temporario,0.8,0.19999999999999996,False,67,108,18,10941541.881147098,0.054482996615549555,0.15915142462417853,0.11522761172985221,0.0065069899920754525
choque_20pct_temporario,temporario,0.8,0.19999999999999996,False,67,108,19,11123549.347504115,0.06300161688245928,0.2110525720799734,0.1355993576004443,0.015043906634313613
choque_20pct_temporario,temporario,0.8,0.19999999999999996,False,67,108,20,11181184.02534639,0.0723943926589256,0.23946707311729454,0.1562062818668651,0.012412386177317812
choque_20pct_temporario,temporario,0.8,0.19999999999999996,False,67,108,21,10981316.016311182,0.08533165247833649,0.2446158094198696,0.1756283356493014,0.0037868786411608315
choque_20pct_temporario,temporario,0.8,0.19999999999999996,False,67,108,22,10770310.61472039,0.09271415845141755,0.22469396039690048,0.19368151358933008,-0.012579468109057678
choque_20pct_temporario,temporario,0.8,0.19999999999999996,False,67,108,23,10610568.066878948,0.09768222397963493,0.19661094183535988,0.20137836923563235,-0.027635070311927756
choque_20pct_temporario,temporario,0.8,0.19999999999999996,False,67,108,24,10561417.984295204,0.0973205074666109,0.16153429480034798,0.20689270783966973,-0.0426780738589758
choque_20pct_temporario,temporario,0.8,0.19999999999999996,False,67,108,25,10777474.266172599,0.08635023403785935,0.1348737874384196,0.19829074067500996,-0.049639754378175006
choque_20pct_temporario,temporario,0.8,0.19999999999999996,False,68,109,0,7609597.0,0.138,0.03,0.12063832026847152,0.010583740505574736
choque_20pct_temporario,temporario,0.8,0.19999999999999996,False,68,109,1,7652724.38733265,0.14039181650999813,0.030000000000000027,0.11859183719691781,0.007984885903803248
choque_20pct_temporario,temporario,0.8,0.19999999999999996,False,68,109,2,7795564.207145303,0.13522708141572493,0.02418834528460323,0.12055536259422993,0.006009541766542328
choque_20pct_temporario,temporario,0.8,0.19999999999999996,False,68,109,3,8084124.505442788,0.12459673686515614,0.026850664392079837,0.11150158718514273,0.004540910103163122
choque_20pct_temporario,temporario,0.8,0.19999999999999996,False,68,109,4,8339610.36786887,0.11017589977930625,0.03039670273599726,0.10470412203118896,0.007572112323746219
choque_20pct_temporario,temporario,0.8,0.19999999999999996,False,68,109,5,8642806.79258913,0.09519059055981376,0.047202352887877996,0.0975954118212039,0.008880804856689746
choque_20pct_temporario,temporario,0.8,0.19999999999999996,False,68,109,6,8813928.460984247,0.08708253009453254,0.06461429425007692,0.09781632692988629,0.011922011918755684
choque_20pct_temporario,temporario,0.8,0.19999999999999996,False,68,109,7,8907930.12341912,0.09272010778766751,0.09071279118883102,0.10432791657810658,0.014153363723920802
choque_20pct_temporario,temporario,0.8,0.19999999999999996,False,68,109,8,8879946.196587998,0.10447992524323352,0.10658908907947828,0.12405368655317882,0.00888916710898753
choque_20pct_temporario,temporario,0.8,0.19999999999999996,False,68,109,9,8764564.74190037,0.11991170339158744,0.11341150177655535,0.14260188367447924,0.004575704290084558
choque_20pct_temporario,temporario,0.8,0.19999999999999996,False,68,109,10,8676440.718310228,0.1298054350130064,0.10437924138612287,0.15906621493580397,-0.0030525726069736297
choque_20pct_temporario,temporario,0.8,0.19999999999999996,False,68,109,11,8608907.39781374,0.13443857431479542,0.09063394584781403,0.1675690354652226,-0.013942501018606971
choque_20pct_temporario,temporario,0.8,0.19999999999999996,False,68,109,12,8611901.76690088,0.13586771454132496,0.07144535800462193,0.17218914774401514,-0.024074504907110328
choque_20pct_temporario,temporario,0.8,0.19999999999999996,False,68,109,13,8774674.593714176,0.12793698110547755,0.05355436822385129,0.16798663760686597,-0.03137521011088702
choque_20pct_temporario,temporario,0.8,0.19999999999999996,False,68,109,14,9171296.491073541,0.11004200004435707,0.04115417951606992,0.15372252767098166,-0.028578403782358132
choque_20pct_temporario,temporario,0.8,0.19999999999999996,False,68,109,15,9789439.097523153,0.08095274424011055,0.04087237761729323,0.13322828461114739,-0.025126345526350822
choque_20pct_temporario,temporario,0.8,0.19999999999999996,False,68,109,16,10287758.461083582,0.058142855198188105,0.06386885249394836,0.11470338688212225,-0.015120943444593467
choque_20pct_temporario,temporario,0.8,0.19999999999999996,False,68,109,17,10712802.869847298,0.049380232357780766,0.11027893039769898,0.10646461046237492,-0.0042110127961155295
choque_20pct_temporario,temporario,0.8,0.19999999999999996,False,68,109,18,10931529.295142937,0.05495764287109284,0.17186106187191674,0.11560822434192744,0.012065580581155028
choque_20pct_temporario,temporario,0.8,0.19999999999999996,False,68,109,19,11073233.920713589,0.06973637032920288,0.21661753092558889,0.1427801238528948,0.0180215022908933
choque_20pct_temporario,temporario,0.8,0.19999999999999996,False,68,109,20,11072733.391950851,0.08080681389401118,0.23490260738897617,0.16756741617874593,0.011966865405541566
choque_20pct_temporario,temporario,0.8,0.19999999999999996,False,68,109,21,10688986.393598601,0.09802529745136497,0.2299397425746561,0.18891128167172502,-0.003675196320865459
choque_20pct_temporario,temporario,0.8,0.19999999999999996,False,68,109,22,10444980.382237557,0.1107580085389753,0.20164891871885282,0.20886295282056017,-0.02400477599926276
choque_20pct_temporario,temporario,0.8,0.19999999999999996,False,68,109,23,10165951.316131266,0.11658855092280357,0.1653881737947016,0.21827404934341532,-0.04315720325422952
choque_20pct_temporario,temporario,0.8,0.19999999999999996,False,68,109,24,10463927.194575936,0.10051894327717058,0.12573786616563898,0.20686293308646417,-0.05347976939898833
choque_20pct_temporario,temporario,0.8,0.19999999999999996,False,68,109,25,10842108.376683567,0.07708232526003608,0.1022713695107842,0.18617990956310215,-0.05519205730963598
choque_20pct_temporario,temporario,0.8,0.19999999999999996,False,69,110,0,7609597.0,0.138,0.03,0.12063832026847152,0.010583740505574736
choque_20pct_temporario,temporario,0.8,0.19999999999999996,False,69,110,1,7652724.38733265,0.14039181650999813,0.030000000000000027,0.11859183719691781,0.007984885903803248
choque_20pct_temporario,temporario,0.8,0.19999999999999996,False,69,110,2,7808005.83577837,0.1352271743258113,0.02417543691180768,0.12048629552242138,0.002645565424754922
choque_20pct_temporario,temporario,0.8,0.19999999999999996,False,69,110,3,8076202.453951858,0.12402598259044004,0.026865393308924235,0.11140889724019841,0.007622436129147782
choque_20pct_temporario,temporario,0.8,0.19999999999999996,False,69,110,4,8328828.854193888,0.1091288507026388,0.0305426236931734,0.10507568759882267,0.00598002081027474
choque_20pct_temporario,temporario,0.8,0.19999999999999996,False,69,110,5,8599829.964112591,0.10073501314677258,0.04793376056945986,0.09883063823364574,0.00777617118408905
choque_20pct_temporario,temporario,0.8,0.19999999999999996,False,69,110,6,8818585.922596252,0.08675293279123125,0.061758382342782525,0.09874808917005572,0.010308739020758372
choque_20pct_temporario,temporario,0.8,0.19999999999999996,False,69,110,7,9031321.24402913,0.08220905526064964,0.08904499719620662,0.09672034316586828,0.016304822924694668
choque_20pct_temporario,temporario,0.8,0.19999999999999996,False,69,110,8,9026831.474183753,0.09442155574254793,0.1119120711130639,0.11190309391503755,0.015033190744265852
choque_20pct_temporario,temporario,0.8,0.19999999999999996,False,69,110,9,8932833.191165552,0.1088709910710444,0.12496981385427897,0.1350927267790692,0.011164108191496963
choque_20pct_temporario,temporario,0.8,0.19999999999999996,False,69,110,10,8732515.786414495,0.12794738968852062,0.12226098989197043,0.15784394911705935,-2.7051836152992866e-05
choque_20pct_temporario,temporario,0.8,0.19999999999999996,False,69,110,11,8539053.144937417,0.1429155247937523,0.10661275566074835,0.1769021599516426,-0.014672766973275863
choque_20pct_temporario,temporario,0.8,0.19999999999999996,False,69,110,12,8456369.521745646,0.14932915919487813,0.08181174342672959,0.18608433922052023,-0.029913430557001457
choque_20pct_temporario,temporario,0.8,0.19999999999999996,False,69,110,13,8578435.358157717,0.14254808976464375,0.05560175713950555,0.18097897639494323,-0.03707750948544072
choque_20pct_temporario,temporario,0.8,0.19999999999999996,False,69,110,14,9130127.169944912,0.11506102617598638,0.03470065692321023,0.15926802372152313,-0.035149061833150856
choque_20pct_temporario,temporario,0.8,0.19999999999999996,False,69,110,15,9737569.843119953,0.0834070692485213,0.029414272208285297,0.13526132269685057,-0.030602037013444057
choque_20pct_temporario,temporario,0.8,0.19999999999999996,False,69,110,16,10220101.978568686,0.06302490556012283,0.04781443630672455,0.11800136259707034,-0.020044941890385255
choque_20pct_temporario,temporario,0.8,0.19999999999999996,False,69,110,17,10578611.346201336,0.0528840221394756,0.08901199192186526,0.11184394711372381,-0.008945068090120134
choque_20pct_temporario,temporario,0.8,0.19999999999999996,False,69,110,18,10845973.272012437,0.05783592947727864,0.14815914309539036,0.11693277973248849,0.0007489690906208207
choque_20pct_temporario,temporario,0.8,0.19999999999999996,False,69,110,19,11116087.28878495,0.06690168015892431,0.19413316028336824,0.13874343554962462,0.013215903733057817
choque_20pct_temporario,temporario,0.8,0.19999999999999996,False,69,110,20,11174944.073158152,0.07053297003344254,0.22200979128290332,0.1555771741780931,0.010564741775887902
choque_20pct_temporario,temporario,0.8,0.19999999999999996,False,69,110,21,11017212.554638144,0.07890148046523172,0.23167387860410904,0.16918584887213592,0.0061874445440403755
choque_20pct_temporario,temporario,0.8,0.19999999999999996,False,69,110,22,10787489.752457535,0.09236678719914872,0.22257774740425473,0.1901092099071048,-0.009727974632356872
choque_20pct_temporario,temporario,0.8,0.19999999999999996,False,69,110,23,10628072.406774066,0.10049380386548168,0.19591357335925497,0.20590566847374844,-0.026520213055309567
choque_20pct_temporario,temporario,0.8,0.19999999999999996,False,69,110,24,10513234.3165271,0.10171804348175607,0.16560594648976834,0.21029054468844963,-0.04110273592799385
choque_20pct_temporario,temporario,0.8,0.19999999999999996,False,69,110,25,10766022.227920227,0.08784639538288737,0.13440561794334704,0.20131989549287296,-0.05054329800288349
choque_20pct_temporario,temporario,0.8,0.19999999999999996,False,70,111,0,7609597.0,0.138,0.03,0.12063832026847152,0.010583740505574736
choque_20pct_temporario,temporario,0.8,0.19999999999999996,False,70,111,1,7652724.38733265,0.14039181650999813,0.030000000000000027,0.11859183719691781,0.007984885903803248
choque_20pct_temporario,temporario,0.8,0.19999999999999996,False,70,111,2,7810558.145549158,0.13522708141572493,0.02416379221127296,0.1205771870152906,-0.0004998282809616247
choque_20pct_temporario,temporario,0.8,0.19999999999999996,False,70,111,3,8094292.032921445,0.12339508676856754,0.02693906039771976,0.11024539303697212,0.005744063310937772
choque_20pct_temporario,temporario,0.8,0.19999999999999996,False,70,111,4,8415242.424626948,0.10595908311296691,0.03088572155142888,0.1017948972497072,0.009076698661175513
choque_20pct_temporario,temporario,0.8,0.19999999999999996,False,70,111,5,8683545.21617187,0.09311780029055214,0.04949559127366765,0.09489603721734044,0.014016681012416895
choque_20pct_temporario,temporario,0.8,0.19999999999999996,False,70,111,6,8824459.273584966,0.08939631747198072,0.06810898595077575,0.09881852972065451,0.012481881274511357
choque_20pct_temporario,temporario,0.8,0.19999999999999996,False,70,111,7,8840134.7453391,0.10012301454349287,0.09271050412596593,0.10986597411459771,0.01450865457269185
choque_20pct_temporario,temporario,0.8,0.19999999999999996,False,70,111,8,8768341.032310927,0.11302973554513848,0.1037640214669937,0.1315835749223424,0.005764826721877137
choque_20pct_temporario,temporario,0.8,0.19999999999999996,False,70,111,9,8709214.584535247,0.12445031798933587,0.10668948908541309,0.14543237358320385,0.003058226502878538
choque_20pct_temporario,temporario,0.8,0.19999999999999996,False,70,111,10,8593727.124922095,0.13109201909987941,0.09656528462060043,0.15966597843792463,-0.009754630475460723
choque_20pct_temporario,temporario,0.8,0.19999999999999996,False,70,111,11,8601542.647626523,0.13281176282323237,0.0810862070551619,0.16546246625803682,-0.01908649051218294
choque_20pct_temporario,temporario,0.8,0.19999999999999996,False,70,111,12,8625062.566955656,0.1329061913453011,0.06465833520012376,0.16822082665095356,-0.02649743977833937
choque_20pct_temporario,temporario,0.8,0.19999999999999996,False,70,111,13,8910110.543586858,0.12124298652111924,0.04881910228335551,0.1604277192547092,-0.03197431062960321
choque_20pct_temporario,temporario,0.8,0.19999999999999996,False,70,111,14,9372054.387182267,0.10003532696578689,0.04140835957491906,0.14461271891450236,-0.029824007011454004
choque_20pct_temporario,temporario,0.8,0.19999999999999996,False,70,111,15,9897522.457930652,0.07516802792101733,0.04792657808069123,0.12724522764447152,-0.02224990349021778
choque_20pct_temporario,temporario,0.8,0.19999999999999996,False,70,111,16,10282082.8584816,0.05953730944006746,0.07548254191182413,0.1147085124339868,-0.013590396982028522
choque_20pct_temporario,temporario,0.8,0.19999999999999996,False,70,111,17,10633701.100240393,0.05533981385976103,0.1207695153050603,0.11230737664056165,-0.001137401533193345
choque_20pct_temporario,temporario,0.8,0.19999999999999996,False,70,111,18,10908434.419825064,0.0575871895941426,0.17188141946117708,0.12262328903259452,0.01147771958143407
choque_20pct_temporario,temporario,0.8,0.19999999999999996,False,70,111,19,11054778.19247193,0.06628786661545151,0.2146890606685561,0.14015547820047342,0.012935877251779247
choque_20pct_temporario,temporario,0.8,0.19999999999999996,False,70,111,20,10988471.92708843,0.0799692336206298,0.23272101795509847,0.16306400600395193,0.009294085937057876
choque_20pct_temporario,temporario,0.8,0.19999999999999996,False,70,111,21,10844014.737796484,0.088408804308813,0.22770314782088819,0.1828035737319825,-0.0006601710106201017
choque_20pct_temporario,temporario,0.8,0.19999999999999996,False,70,111,22,10492769.597051365,0.10094377367951593,0.20741298878650505,0.19961054050003876,-0.017659917682182176
choque_20pct_temporario,temporario,0.8,0.19999999999999996,False,70,111,23,10373404.140839309,0.10756149424135532,0.17393990305487694,0.21155149875496249,-0.037481312181481936
choque_20pct_temporario,temporario,0.8,0.19999999999999996,False,70,111,24,10379987.0513827,0.10220461796549206,0.14099160533066057,0.21023806907803286,-0.051479057603849514
choque_20pct_temporario,temporario,0.8,0.19999999999999996,False,70,111,25,10829539.919799108,0.08108716498881043,0.11228901987483297,0.19285784336201173,-0.05425728848198076
choque_20pct_temporario,temporario,0.8,0.19999999999999996,False,71,112,0,7609597.0,0.138,0.03,0.12063832026847152,0.010583740505574736
choque_20pct_temporario,temporario,0.8,0.19999999999999996,False,71,112,1,7652724.38733265,0.14039181650999813,0.030000000000000027,0.11859183719691781,0.007984885903803248
choque_20pct_temporario,temporario,0.8,0.19999999999999996,False,71,112,2,7805611.452779818,0.13522708141572493,0.02418121984506083,0.12046544943382044,0.004319352369148146
choque_20pct_temporario,temporario,0.8,0.19999999999999996,False,71,112,3,8047260.082707708,0.1251054153332465,0.026885194440390503,0.1121243346618294,0.008478895790693221
choque_20pct_temporario,temporario,0.8,0.19999999999999996,False,71,112,4,8333472.804163698,0.11111636507355624,0.03011629428964957,0.10642870105332793,0.009084732858890353
choque_20pct_temporario,temporario,0.8,0.19999999999999996,False,71,112,5,8495915.04955514,0.10107338902042713,0.046587312899581956,0.1023450401629495,0.009134243850018552
choque_20pct_temporario,temporario,0.8,0.19999999999999996,False,71,112,6,8705865.153469052,0.09701717110857565,0.060248059716734526,0.10420792982189928,0.009526487534863508
choque_20pct_temporario,temporario,0.8,0.19999999999999996,False,71,112,7,8832637.663630968,0.09687334878513429,0.08015105930479005,0.10936648139789788,0.010457680694002902
choque_20pct_temporario,temporario,0.8,0.19999999999999996,False,71,112,8,8854738.15795027,0.10415366629558989,0.0941238929793502,0.12205012842287556,0.007634684985037716
choque_20pct_temporario,temporario,0.8,0.19999999999999996,False,71,112,9,8828536.121118225,0.11473996909689745,0.1024942554673629,0.13679830839703147,0.003938446294019551
choque_20pct_temporario,temporario,0.8,0.19999999999999996,False,71,112,10,8693075.781571666,0.12548094024625847,0.0986918238608041,0.15407880289572112,-0.0052754900526929575
choque_20pct_temporario,temporario,0.8,0.19999999999999996,False,71,112,11,8694144.39261547,0.12914657175775046,0.08834120713919913,0.16245965336520363,-0.014166760864739048
choque_20pct_temporario,temporario,0.8,0.19999999999999996,False,71,112,12,8723087.747129582,0.12962315675490169,0.07415649907959088,0.1657742821429711,-0.022622583120753017
choque_20pct_temporario,temporario,0.8,0.19999999999999996,False,71,112,13,8914910.84098944,0.12121061046474552,0.06043313307829257,0.16125058087826757,-0.02561361356459456
choque_20pct_temporario,temporario,0.8,0.19999999999999996,False,71,112,14,9273812.977731142,0.1031256460495946,0.051644219598152574,0.14924377477816445,-0.02461523628137894
choque_20pct_temporario,temporario,0.8,0.19999999999999996,False,71,112,15,9785666.677745821,0.07886381655237606,0.0540683597916376,0.13237767944034473,-0.020987757107409806
choque_20pct_temporario,temporario,0.8,0.19999999999999996,False,71,112,16,10268400.276069405,0.061404602919191774,0.07487731702923606,0.1180166987692089,-0.013434664093381348
choque_20pct_temporario,temporario,0.8,0.19999999999999996,False,71,112,17,10630021.292398484,0.052183999617592694,0.11640270408677234,0.11226129256390632,-0.002919232106514738
choque_20pct_temporario,temporario,0.8,0.19999999999999996,False,71,112,18,10966733.482153388,0.054677934923411074,0.1702708423021877,0.11690261323671629,0.01181102095673527
choque_20pct_temporario,temporario,0.8,0.19999999999999996,False,71,112,19,11082672.438708626,0.06614128514644443,0.21511192088307096,0.13935342063577613,0.015298153013695309
choque_20pct_temporario,temporario,0.8,0.19999999999999996,False,71,112,20,10997529.852227394,0.08301408046880118,0.23511997433132215,0.1668952989324018,0.011283016681838334
choque_20pct_temporario,temporario,0.8,0.19999999999999996,False,71,112,21,10744957.343211012,0.0979423610483855,0.22720096586586624,0.19065755660187284,-0.005125929355435979
choque_20pct_temporario,temporario,0.8,0.19999999999999996,False,71,112,22,10418595.785283087,0.1081047325445659,0.20057241726668962,0.20673042686469653,-0.02292782641855282
choque_20pct_temporario,temporario,0.8,0.19999999999999996,False,71,112,23,10311145.610532897,0.1102694028718716,0.16354500671327687,0.2120167297632525,-0.040450756153867645
choque_20pct_temporario,temporario,0.8,0.19999999999999996,False,71,112,24,10435177.551424103,0.09936455908928885,0.12888187277768837,0.20549949518564772,-0.05181155904278004
choque_20pct_temporario,temporario,0.8,0.19999999999999996,False,71,112,25,11037259.560755746,0.07426272825707318,0.1054708557746824,0.18392042621602395,-0.05639785381963867
choque_20pct_temporario,temporario,0.8,0.19999999999999996,False,72,113,0,7609597.0,0.138,0.03,0.12063832026847152,0.010583740505574736
choque_20pct_temporario,temporario,0.8,0.19999999999999996,False,72,113,1,7652724.38733265,0.14039181650999813,0.030000000000000027,0.11859183719691781,0.007984885903803248
choque_20pct_temporario,temporario,0.8,0.19999999999999996,False,72,113,2,7794028.0849892935,0.13522708141572493,0.024178506740961447,0.12052591699044952,0.0034360613904552326
choque_20pct_temporario,temporario,0.8,0.19999999999999996,False,72,113,3,8057296.142543379,0.124924758241077,0.026850035628960045,0.1110388691167739,0.0042623634323819826
choque_20pct_temporario,temporario,0.8,0.19999999999999996,False,72,113,4,8431196.382067263,0.10579124766058694,0.030229701823787147,0.10201324763371468,0.007982660159781696
choque_20pct_temporario,temporario,0.8,0.19999999999999996,False,72,113,5,8630308.830402132,0.09358327131942291,0.0502559990865179,0.09436475213511236,0.013849521652798536
choque_20pct_temporario,temporario,0.8,0.19999999999999996,False,72,113,6,8840495.94155794,0.08583746102344794,0.06753889212620212,0.0974904424060394,0.012103263885250532
choque_20pct_temporario,temporario,0.8,0.19999999999999996,False,72,113,7,8874514.49940345,0.09486316704514922,0.09521672926293911,0.10559803076918886,0.0115417295541452
choque_20pct_temporario,temporario,0.8,0.19999999999999996,False,72,113,8,8852085.12592571,0.10909293557751074,0.10827775431675368,0.12753139841119174,0.008669385971957919
choque_20pct_temporario,temporario,0.8,0.19999999999999996,False,72,113,9,8725330.770981602,0.1218585258340945,0.11364684167809869,0.14450174899158108,0.004342641742936878
choque_20pct_temporario,temporario,0.8,0.19999999999999996,False,72,113,10,8657544.731061151,0.12916682550775282,0.10338559557183946,0.15892512234767175,-0.00317496965164059
choque_20pct_temporario,temporario,0.8,0.19999999999999996,False,72,113,11,8485402.02463702,0.1396422931225354,0.08934255828962678,0.1704857511090799,-0.01719314871237832
choque_20pct_temporario,temporario,0.8,0.19999999999999996,False,72,113,12,8597597.249781251,0.13634550584951627,0.06592992559268174,0.1738164010798413,-0.026568833826678597
choque_20pct_temporario,temporario,0.8,0.19999999999999996,False,72,113,13,8794325.063326329,0.12616804905053214,0.04924498267822175,0.1646763439794806,-0.032742821583592305
choque_20pct_temporario,temporario,0.8,0.19999999999999996,False,72,113,14,9361048.411396705,0.10335105684314301,0.037292096637435934,0.1471624785465909,-0.02841037386529096
choque_20pct_temporario,temporario,0.8,0.19999999999999996,False,72,113,15,9790418.18642069,0.07861865052783408,0.04216184659745337,0.13004378686201934,-0.02303710612009788
choque_20pct_temporario,temporario,0.8,0.19999999999999996,False,72,113,16,10230830.984858485,0.06044084971089893,0.06560405683661896,0.11668947286502956,-0.014677493421348452
choque_20pct_temporario,temporario,0.8,0.19999999999999996,False,72,113,17,10628068.020158907,0.05415151248063455,0.11097559194743023,0.1108042993410298,-0.0014201128416417143
choque_20pct_temporario,temporario,0.8,0.19999999999999996,False,72,113,18,10870309.896367738,0.05740123973031567,0.16528875805630716,0.12090129164511115,0.006876003862147508
choque_20pct_temporario,temporario,0.8,0.19999999999999996,False,72,113,19,11066651.183070673,0.06665159857603238,0.21015202253163157,0.1392002378806699,0.012034666049927797
choque_20pct_temporario,temporario,0.8,0.19999999999999996,False,72,113,20,11036722.890052216,0.07582397986299257,0.23080327452347382,0.1605751412804452,0.012068190098949877
choque_20pct_temporario,temporario,0.8,0.19999999999999996,False,72,113,21,10925546.99272413,0.08339370162596449,0.23030865562690028,0.1768592421355633,0.0008624011793038415
choque_20pct_temporario,temporario,0.8,0.19999999999999996,False,72,113,22,10634121.150776487,0.09939941456821588,0.2127970182660528,0.1961551301210279,-0.015079467135085617
choque_20pct_temporario,temporario,0.8,0.19999999999999996,False,72,113,23,10456745.938212434,0.10992506321931203,0.1814412637904661,0.21314519329827522,-0.035910328510708175
choque_20pct_temporario,temporario,0.8,0.19999999999999996,False,72,113,24,10396200.726443,0.10818809489757991,0.14476588602586515,0.21458703037588145,-0.04904057852827912
choque_20pct_temporario,temporario,0.8,0.19999999999999996,False,72,113,25,10780974.457332652,0.08451435276547867,0.11574141853524633,0.19684485466172996,-0.053607351188700435
choque_20pct_temporario,temporario,0.8,0.19999999999999996,False,73,114,0,7609597.0,0.138,0.03,0.12063832026847152,0.010583740505574736
choque_20pct_temporario,temporario,0.8,0.19999999999999996,False,73,114,1,7652724.38733265,0.14039181650999813,0.030000000000000027,0.11859183719691781,0.007984885903803248
choque_20pct_temporario,temporario,0.8,0.19999999999999996,False,73,114,2,7803938.248452482,0.13522708141572493,0.024171205035228738,0.1204696728912532,0.0017659017151863054
choque_20pct_temporario,temporario,0.8,0.19999999999999996,False,73,114,3,8070055.354512611,0.12383237140664796,0.0268923827646963,0.11082135458963349,0.006516168638564196
choque_20pct_temporario,temporario,0.8,0.19999999999999996,False,73,114,4,8409588.05069833,0.10686605374964518,0.030661257405107945,0.10296330418664272,0.009073684120354806
choque_20pct_temporario,temporario,0.8,0.19999999999999996,False,73,114,5,8618371.64168116,0.09588112283710967,0.04984781774943636,0.09662776423941129,0.010673761810070076
choque_20pct_temporario,temporario,0.8,0.19999999999999996,False,73,114,6,8784725.922426824,0.08970983427017247,0.06596719451391153,0.100219875270204,0.014682450588567406
choque_20pct_temporario,temporario,0.8,0.19999999999999996,False,73,114,7,8825129.644188032,0.09851654767665581,0.09055192889611163,0.10906894779006346,0.015144290976013844
choque_20pct_temporario,temporario,0.8,0.19999999999999996,False,73,114,8,8751380.19092037,0.1139448277410883,0.10183977710120606,0.1317648286925184,0.008427914784037245
choque_20pct_temporario,temporario,0.8,0.19999999999999996,False,73,114,9,8630320.597992556,0.1286001201887187,0.10390750634615187,0.15054989961006432,-0.0015324578321904618
choque_20pct_temporario,temporario,0.8,0.19999999999999996,False,73,114,10,8504344.468139613,0.13872985875922828,0.09244961895088477,0.16515383527743596,-0.010809402849089428
choque_20pct_temporario,temporario,0.8,0.19999999999999996,False,73,114,11,8568964.450416986,0.1362427485777852,0.07517604424572433,0.16714810628133345,-0.020092094160341547
choque_20pct_temporario,temporario,0.8,0.19999999999999996,False,73,114,12,8730035.978673585,0.1262086532828682,0.05901166129758062,0.16107413597715034,-0.02598713683944018
choque_20pct_temporario,temporario,0.8,0.19999999999999996,False,73,114,13,9129372.947735898,0.1072934180009519,0.04649663464457121,0.14812713953881196,-0.025586461656780177
choque_20pct_temporario,temporario,0.8,0.19999999999999996,False,73,114,14,9557586.83642902,0.08697991292719294,0.04694376023444913,0.13333420629421838,-0.02369663693917377
choque_20pct_temporario,temporario,0.8,0.19999999999999996,False,73,114,15,9986883.495154519,0.07020183065126388,0.06161570298173613,0.12185726644827354,-0.012479493776607951
choque_20pct_temporario,temporario,0.8,0.19999999999999996,False,73,114,16,10373218.417640809,0.06093587631989312,0.09461171503999921,0.11620206992413569,-0.006644956000551208
choque_20pct_temporario,temporario,0.8,0.19999999999999996,False,73,114,17,10495099.34543908,0.06431796742365195,0.13965259738446467,0.12294397644138054,-0.0005719310772969978
choque_20pct_temporario,temporario,0.8,0.19999999999999996,False,73,114,18,10687965.578508578,0.0705569081204277,0.17565331210435975,0.13939144741007112,0.0038379118652933928
choque_20pct_temporario,temporario,0.8,0.19999999999999996,False,73,114,19,10803125.123990655,0.07524402115937828,0.1985552568744895,0.15218798412382703,0.002819669960319304
choque_20pct_temporario,temporario,0.8,0.19999999999999996,False,73,114,20,10727243.95430924,0.07963203083279641,0.20493176016256953,0.16586457331616225,-0.0015400990952504062
choque_20pct_temporario,temporario,0.8,0.19999999999999996,False,73,114,21,10665331.193276461,0.0848856490106485,0.20117236014615014,0.1771996842489835,-0.01180741752748145
choque_20pct_temporario,temporario,0.8,0.19999999999999996,False,73,114,22,10609072.414497498,0.09174173337581498,0.18481592716331985,0.18862966509832554,-0.02193299346805027
choque_20pct_temporario,temporario,0.8,0.19999999999999996,False,73,114,23,10600936.543344816,0.09165468019578678,0.16387898772562925,0.19542331384012065,-0.03158586036914724
choque_20pct_temporario,temporario,0.8,0.19999999999999996,False,73,114,24,10804747.771189004,0.08097557478617846,0.14370287895913614,0.18971511487150022,-0.039622039539902495
choque_20pct_temporario,temporario,0.8,0.19999999999999996,False,73,114,25,11356269.569129074,0.058845745597544394,0.1355451839781907,0.17118308804740237,-0.035788694649126776
choque_20pct_temporario,temporario,0.8,0.19999999999999996,False,74,115,0,7609597.0,0.138,0.03,0.12063832026847152,0.010583740505574736
choque_20pct_temporario,temporario,0.8,0.19999999999999996,False,74,115,1,7652724.38733265,0.14039181650999813,0.030000000000000027,0.11859183719691781,0.007984885903803248
choque_20pct_temporario,temporario,0.8,0.19999999999999996,False,74,115,2,7797854.872602894,0.13522708141572493,0.024176415315312783,0.120507620870698,0.0031333612775650693
choque_20pct_temporario,temporario,0.8,0.19999999999999996,False,74,115,3,8061191.37312812,0.1241742778079178,0.026871773875818405,0.11103835258707462,0.0055315949819529815
choque_20pct_temporario,temporario,0.8,0.19999999999999996,False,74,115,4,8442460.281722438,0.10644855078835286,0.030210368559190792,0.1020538858139113,0.00654447535495347
choque_20pct_temporario,temporario,0.8,0.19999999999999996,False,74,115,5,8637482.5823419,0.09322405333298052,0.049800090516468165,0.09583474786196676,0.009662745079193671
choque_20pct_temporario,temporario,0.8,0.19999999999999996,False,74,115,6,8812959.034481764,0.08837238869299044,0.06767435391896814,0.09806687238230749,0.00997430699266394
choque_20pct_temporario,temporario,0.8,0.19999999999999996,False,74,115,7,8926692.948197834,0.09316146188753964,0.09326410578316202,0.10548517050120942,0.016135848814049964
choque_20pct_temporario,temporario,0.8,0.19999999999999996,False,74,115,8,8871610.520158239,0.10635360135038797,0.10826960639619743,0.12445474551654838,0.012063417460128184
choque_20pct_temporario,temporario,0.8,0.19999999999999996,False,74,115,9,8759224.763385853,0.11800469282884621,0.11417706117558746,0.14360685400467457,0.006258453083377791
choque_20pct_temporario,temporario,0.8,0.19999999999999996,False,74,115,10,8592035.895881312,0.13411996556354994,0.10670406881666161,0.1619317172862423,-0.007113463938381985
choque_20pct_temporario,temporario,0.8,0.19999999999999996,False,74,115,11,8477727.493303753,0.14325074671687973,0.0890305192834604,0.17533419252718524,-0.015256013312909173
choque_20pct_temporario,temporario,0.8,0.19999999999999996,False,74,115,12,8562070.528525088,0.14034131842369868,0.06650687133644806,0.17571048778406978,-0.027317941551160293
choque_20pct_temporario,temporario,0.8,0.19999999999999996,False,74,115,13,8757696.846549243,0.12828960585968938,0.046036656266862375,0.16801996615436854,-0.03408969281855318
choque_20pct_temporario,temporario,0.8,0.19999999999999996,False,74,115,14,9227919.495570743,0.10627947763028729,0.035470615249938886,0.14980055291321487,-0.034279774536513145
choque_20pct_temporario,temporario,0.8,0.19999999999999996,False,74,115,15,9911010.390000906,0.07552542350318964,0.03804276736553658,0.12750054256412643,-0.026523862134014486
choque_20pct_temporario,temporario,0.8,0.19999999999999996,False,74,115,16,10324879.185487244,0.055179684130886794,0.06570755934448647,0.11054408255637298,-0.015242134519394917
choque_20pct_temporario,temporario,0.8,0.19999999999999996,False,74,115,17,10701548.605089925,0.05051395201714674,0.11691023368048592,0.10554661064137849,-0.0023350427356721142
choque_20pct_temporario,temporario,0.8,0.19999999999999996,False,74,115,18,10966918.415805101,0.05856753096573198,0.17730850088231342,0.11884021084366035,0.012808803416964967
choque_20pct_temporario,temporario,0.8,0.19999999999999996,False,74,115,19,11097603.354024617,0.06649961860097393,0.218390564227263,0.14373541270966086,0.013626372073921339
choque_20pct_temporario,temporario,0.8,0.19999999999999996,False,74,115,20,11106544.53098092,0.0730011012039685,0.23946452460658874,0.1588095413368137,0.014501812289829155
choque_20pct_temporario,temporario,0.8,0.19999999999999996,False,74,115,21,10847632.30089931,0.08812821509356716,0.23879648253965535,0.17900873109266552,0.0034825109291601636
choque_20pct_temporario,temporario,0.8,0.19999999999999996,False,74,115,22,10550696.669467062,0.10299152939215996,0.21634864504777318,0.2029125176287336,-0.016336302442147465
choque_20pct_temporario,temporario,0.8,0.19999999999999996,False,74,115,23,10383157.596565332,0.10791333871063298,0.18250392093408085,0.21239215286911484,-0.03500262305211896
choque_20pct_temporario,temporario,0.8,0.19999999999999996,False,74,115,24,10367826.094378572,0.1021089543617609,0.14507136033588797,0.2106795381741742,-0.050908894089195904
choque_20pct_temporario,temporario,0.8,0.19999999999999996,False,74,115,25,10765490.176599232,0.08125414245961159,0.11598629746711686,0.1937886768562416,-0.05807880446154818
choque_20pct_temporario,temporario,0.8,0.19999999999999996,False,75,116,0,7609597.0,0.138,0.03,0.12063832026847152,0.010583740505574736
choque_20pct_temporario,temporario,0.8,0.19999999999999996,False,75,116,1,7652724.579038038,0.14039189608182145,0.030000000000000027,0.11859185275440487,0.007984881356440793
choque_20pct_temporario,temporario,0.8,0.19999999999999996,False,75,116,2,7809324.871989589,0.1352271750006601,0.024175229326598213,0.12054642987694983,0.0028991851980060416
choque_20pct_temporario,temporario,0.8,0.19999999999999996,False,75,116,3,8045676.713770765,0.12456320144846394,0.026917137836538263,0.11166952037492268,0.006524233783878088
choque_20pct_temporario,temporario,0.8,0.19999999999999996,False,75,116,4,8367882.365678304,0.10899340955611103,0.030356887595798687,0.10424698838332234,0.006556670900162653
choque_20pct_temporario,temporario,0.8,0.19999999999999996,False,75,116,5,8603274.903090062,0.096206508937365,0.048165893541018745,0.09726555772743868,0.010272327744597777
choque_20pct_temporario,temporario,0.8,0.19999999999999996,False,75,116,6,8831705.146313496,0.08760671960462049,0.06448895893868722,0.09708379536641396,0.011940976009777496
choque_20pct_temporario,temporario,0.8,0.19999999999999996,False,75,116,7,8953302.44230015,0.08849292348982714,0.09053603789208986,0.10154161670853816,0.0158306712413353
choque_20pct_temporario,temporario,0.8,0.19999999999999996,False,75,116,8,8935048.431371095,0.09888179032768304,0.10911277553378684,0.11883276601090856,0.011138133970344083
choque_20pct_temporario,temporario,0.8,0.19999999999999996,False,75,116,9,8841960.133766117,0.1143761245675349,0.11968727047998473,0.13770060745333124,0.010683122802439216
choque_20pct_temporario,temporario,0.8,0.19999999999999996,False,75,116,10,8713486.404229512,0.1262630503682183,0.11354527593063879,0.1573610099790814,-0.0022535924808775015
choque_20pct_temporario,temporario,0.8,0.19999999999999996,False,75,116,11,8587797.093161419,0.13627348417474325,0.09968486664747744,0.16959562000046824,-0.012376950168351433
choque_20pct_temporario,temporario,0.8,0.19999999999999996,False,75,116,12,8574724.04858631,0.13711602135219353,0.07865397043298694,0.17541682350389193,-0.023539694223492287
choque_20pct_temporario,temporario,0.8,0.19999999999999996,False,75,116,13,8759897.217672003,0.12773821989940484,0.058698927795069356,0.1693868921232728,-0.031109354649665084
choque_20pct_temporario,temporario,0.8,0.19999999999999996,False,75,116,14,9126716.905712472,0.11098224622672859,0.04473217062631174,0.15566140987424168,-0.03340039278848784
choque_20pct_temporario,temporario,0.8,0.19999999999999996,False,75,116,15,9695772.748102244,0.085941421157505,0.04211010791301084,0.1372662133324407,-0.02462319247407701
choque_20pct_temporario,temporario,0.8,0.19999999999999996,False,75,116,16,10156116.418448284,0.062232939893778795,0.058166716206368596,0.12052514165365094,-0.014924361384792681
choque_20pct_temporario,temporario,0.8,0.19999999999999996,False,75,116,17,10605681.805869818,0.05258695364201495,0.09965812781496286,0.11044868286245633,-0.0036847224707550106
choque_20pct_temporario,temporario,0.8,0.19999999999999996,False,75,116,18,10745010.864951251,0.060183923680083726,0.15516599144746213,0.12029629641829498,0.007054428966071595
choque_20pct_temporario,temporario,0.8,0.19999999999999996,False,75,116,19,10882313.674296567,0.07031438354072396,0.19668933365400343,0.14605266577438153,0.007717030743770072
choque_20pct_temporario,temporario,0.8,0.19999999999999996,False,75,116,20,11002674.693910668,0.07394143950159063,0.21731320320547076,0.1590652137288919,0.008187125874085387
choque_20pct_temporario,temporario,0.8,0.19999999999999996,False,75,116,21,10990075.861620212,0.07558459594194039,0.22126426178369552,0.16735915037808646,0.0018012698168733473
choque_20pct_temporario,temporario,0.8,0.19999999999999996,False,75,116,22,10842138.984540123,0.08457149046324984,0.2136580678321467,0.18116931361946004,-0.0070395802608177105
choque_20pct_temporario,temporario,0.8,0.19999999999999996,False,75,116,23,10766359.580062648,0.09216787711106429,0.1951181785480247,0.19597566822766196,-0.02475904807634725
choque_20pct_temporario,temporario,0.8,0.19999999999999996,False,75,116,24,10750248.188633682,0.09068668834571211,0.1714393051054155,0.2002016685390977,-0.03324996792317184
choque_20pct_temporario,temporario,0.8,0.19999999999999996,False,75,116,25,10929054.89125631,0.07894247067668146,0.14927334470333875,0.19386442440055227,-0.04255508903187471
choque_20pct_temporario,temporario,0.8,0.19999999999999996,False,76,117,0,7609597.0,0.138,0.03,0.12063832026847152,0.010583740505574736
choque_20pct_temporario,temporario,0.8,0.19999999999999996,False,76,117,1,7652724.38733265,0.14039181650999813,0.030000000000000027,0.11859183719691781,0.007984885903803248
choque_20pct_temporario,temporario,0.8,0.19999999999999996,False,76,117,2,7805488.027980565,0.13522708141572493,0.02419449839717136,0.12056463140978832,0.007207996900182124
choque_20pct_temporario,temporario,0.8,0.19999999999999996,False,76,117,3,8009778.56014661,0.12590529462287176,0.02682565191731734,0.11343135952449074,0.006287645245984479
choque_20pct_temporario,temporario,0.8,0.19999999999999996,False,76,117,4,8329320.709956502,0.11228174128418944,0.029758649407786386,0.10680573339598308,0.0067387783354811185
choque_20pct_temporario,temporario,0.8,0.19999999999999996,False,76,117,5,8639601.26082063,0.09908412976564343,0.045234735839493556,0.1006643476331725,0.00871554139522305
choque_20pct_temporario,temporario,0.8,0.19999999999999996,False,76,117,6,8730459.93758281,0.0935800238736979,0.06053716579766566,0.10351820943367146,0.010059499631720646
choque_20pct_temporario,temporario,0.8,0.19999999999999996,False,76,117,7,8748388.001422327,0.10376176789163448,0.08247261816677876,0.1129564452829243,0.008900472178993413
choque_20pct_temporario,temporario,0.8,0.19999999999999996,False,76,117,8,8714167.535905661,0.11643463400489013,0.09232350550135515,0.13245738572686233,0.005297932128808587
choque_20pct_temporario,temporario,0.8,0.19999999999999996,False,76,117,9,8703026.056738615,0.12090045415174813,0.09532497422026576,0.14341491968447206,0.0020977536846042712
choque_20pct_temporario,temporario,0.8,0.19999999999999996,False,76,117,10,8645975.7154079,0.1264196195420366,0.0878746930854728,0.15417158219279545,-0.008293680979364604
choque_20pct_temporario,temporario,0.8,0.19999999999999996,False,76,117,11,8634144.211985052,0.12998298534395739,0.07819368398863369,0.1610150247902954,-0.017290439287619735
choque_20pct_temporario,temporario,0.8,0.19999999999999996,False,76,117,12,8819532.86439168,0.12171841278471132,0.06452101328356319,0.15873064722620622,-0.022872911275840405
choque_20pct_temporario,temporario,0.8,0.19999999999999996,False,76,117,13,9134538.843020126,0.10690202958784426,0.05715305532124715,0.14714489813768494,-0.022551461318588942
choque_20pct_temporario,temporario,0.8,0.19999999999999996,False,76,117,14,9577936.187056404,0.08737453791064685,0.05535264267323248,0.1348799668881417,-0.017981777224663438
choque_20pct_temporario,temporario,0.8,0.19999999999999996,False,76,117,15,9942766.091670712,0.06744772725655074,0.07164273795780618,0.12195926657991045,-0.011896692661250602
choque_20pct_temporario,temporario,0.8,0.19999999999999996,False,76,117,16,10394354.38744166,0.05606171341817614,0.10433042459007713,0.11281877418854415,-0.0023334232592979736
choque_20pct_temporario,temporario,0.8,0.19999999999999996,False,76,117,17,10642648.546428412,0.055647663934002826,0.15281180137978057,0.11546985039619567,0.007830700772505859
choque_20pct_temporario,temporario,0.8,0.19999999999999996,False,76,117,18,10810123.710006785,0.06681947601748643,0.19773788939599113,0.13316409379127564,0.013824933474117874
choque_20pct_temporario,temporario,0.8,0.19999999999999996,False,76,117,19,10804514.60075992,0.07782891116121593,0.21997817850721146,0.15896195592652354,0.007972525922213411
choque_20pct_temporario,temporario,0.8,0.19999999999999996,False,76,117,20,10668284.799433108,0.09022579469887039,0.22049740993275724,0.17630452505351898,-0.0008701444931086734
choque_20pct_temporario,temporario,0.8,0.19999999999999996,False,76,117,21,10436861.86940635,0.09928748718258332,0.20154716152982322,0.19369418035522123,-0.013149632787727862
choque_20pct_temporario,temporario,0.8,0.19999999999999996,False,76,117,22,10316563.851542834,0.102819654712221,0.1738458844808657,0.20186112572726836,-0.03074888373405162
choque_20pct_temporario,temporario,0.8,0.19999999999999996,False,76,117,23,10316480.355992079,0.10195561805211434,0.1442776525792786,0.20263092134451605,-0.04370025258609424
choque_20pct_temporario,temporario,0.8,0.19999999999999996,False,76,117,24,10679672.562447326,0.08233678333720997,0.1174846029312977,0.19078884993797016,-0.048196770773432394
choque_20pct_temporario,temporario,0.8,0.19999999999999996,False,76,117,25,11420821.401650453,0.0528598573994528,0.11063091922477364,0.16388248915764375,-0.04326778543353752
choque_20pct_temporario,temporario,0.8,0.19999999999999996,False,77,118,0,7609597.0,0.138,0.03,0.12063832026847152,0.010583740505574736
choque_20pct_temporario,temporario,0.8,0.19999999999999996,False,77,118,1,7652724.38733265,0.14039181650999813,0.030000000000000027,0.11859183719691781,0.007984885903803248
choque_20pct_temporario,temporario,0.8,0.19999999999999996,False,77,118,2,7807863.249785816,0.13522708141572493,0.024176460803517985,0.12037272580961207,0.003178472297050573
choque_20pct_temporario,temporario,0.8,0.19999999999999996,False,77,118,3,8091459.477274288,0.12487881669289998,0.026871460126831614,0.11220438366202046,0.0025244830363842447
choque_20pct_temporario,temporario,0.8,0.19999999999999996,False,77,118,4,8350556.120635731,0.10942480308503862,0.03024228073029267,0.10534389169296642,0.00687273447880183
choque_20pct_temporario,temporario,0.8,0.19999999999999996,False,77,118,5,8564761.681701632,0.09875941786069835,0.04801168083503593,0.09934743790406281,0.008499482378835172
choque_20pct_temporario,temporario,0.8,0.19999999999999996,False,77,118,6,8779122.647520024,0.09123816332610472,0.06263554757811196,0.10085980421744621,0.011179215349816371
choque_20pct_temporario,temporario,0.8,0.19999999999999996,False,77,118,7,8856102.122436052,0.09402106651900762,0.08626594383625452,0.10683949082266103,0.0128374622489348
choque_20pct_temporario,temporario,0.8,0.19999999999999996,False,77,118,8,8844234.698768439,0.10626887376369043,0.10084215768073279,0.12410396327505016,0.00984939141656427
choque_20pct_temporario,temporario,0.8,0.19999999999999996,False,77,118,9,8752775.365307108,0.11835534289059471,0.10813108844934072,0.1419159961356094,0.002263520921591047
choque_20pct_temporario,temporario,0.8,0.19999999999999996,False,77,118,10,8666173.991493346,0.1294965479229212,0.10200416729453776,0.15672723068889177,-0.006426147806282973
choque_20pct_temporario,temporario,0.8,0.19999999999999996,False,77,118,11,8615040.056603808,0.1341730424970072,0.08875082708050486,0.16577972852912226,-0.016187302020936174
choque_20pct_temporario,temporario,0.8,0.19999999999999996,False,77,118,12,8684389.274595931,0.13000127781606885,0.0708727629537187,0.16648745455249503,-0.022960714208779626
choque_20pct_temporario,temporario,0.8,0.19999999999999996,False,77,118,13,8975004.15027127,0.11446074490104491,0.05590901775449297,0.15576407062467626,-0.02764084085649538
choque_20pct_temporario,temporario,0.8,0.19999999999999996,False,77,118,14,9480629.533652065,0.0923519651385414,0.049090899047514513,0.13894780165083517,-0.022371456656616783
choque_20pct_temporario,temporario,0.8,0.19999999999999996,False,77,118,15,9883918.895170238,0.07094772877955946,0.05939743167698919,0.12434008052944259,-0.017284937900323462
choque_20pct_temporario,temporario,0.8,0.19999999999999996,False,77,118,16,10342691.808307169,0.05700788037952023,0.08755482051801722,0.1136991540314961,-0.007637289535023622
choque_20pct_temporario,temporario,0.8,0.19999999999999996,False,77,118,17,10638100.94688764,0.054691951450708515,0.1356856911914588,0.11348465445739593,0.0027010292116960303
choque_20pct_temporario,temporario,0.8,0.19999999999999996,False,77,118,18,10851815.539178919,0.0655819254670441,0.1833506041720423,0.12942968421382434,0.008312450326468986
choque_20pct_temporario,temporario,0.8,0.19999999999999996,False,77,118,19,10845645.048966544,0.07848225041619104,0.21205375676370442,0.15655101752332198,0.008416672854619705
choque_20pct_temporario,temporario,0.8,0.19999999999999996,False,77,118,20,10774016.60519714,0.08856627535046682,0.21587929065403189,0.1739551392889419,0.0014553281791343962
choque_20pct_temporario,temporario,0.8,0.19999999999999996,False,77,118,21,10508282.34449919,0.09709479113686752,0.2038282701277292,0.18961739286865373,-0.015008548471076723
choque_20pct_temporario,temporario,0.8,0.19999999999999996,False,77,118,22,10384439.028612012,0.10367597687658667,0.17832170149837867,0.19956330745583248,-0.027969204404204126
choque_20pct_temporario,temporario,0.8,0.19999999999999996,False,77,118,23,10361851.27447107,0.0991099693709804,0.14862929968467808,0.2024481339537225,-0.04411154202307543
choque_20pct_temporario,temporario,0.8,0.19999999999999996,False,77,118,24,10746342.415876564,0.08186492097513264,0.12381431482904959,0.18776164480319704,-0.04967625596989594
choque_20pct_temporario,temporario,0.8,0.19999999999999996,False,77,118,25,11455574.484410945,0.054386496161112866,0.11618555615091175,0.1649710526326934,-0.043227941440499476
choque_20pct_temporario,temporario,0.8,0.19999999999999996,False,78,119,0,7609597.0,0.138,0.03,0.12063832026847152,0.010583740505574736
choque_20pct_temporario,temporario,0.8,0.19999999999999996,False,78,119,1,7652724.38733265,0.14039181650999813,0.030000000000000027,0.11859183719691781,0.007984885903803248
choque_20pct_temporario,temporario,0.8,0.19999999999999996,False,78,119,2,7818223.5783487465,0.13522708141572493,0.02418105325900255,0.12030128955621903,0.004142972174128414
choque_20pct_temporario,temporario,0.8,0.19999999999999996,False,78,119,3,8006043.922971146,0.12757971749307523,0.02684099709088561,0.11337615789790098,0.00517831539825302
choque_20pct_temporario,temporario,0.8,0.19999999999999996,False,78,119,4,8343293.412392825,0.11064024740679089,0.029006504054563065,0.10570734694368063,0.005516497424441709
choque_20pct_temporario,temporario,0.8,0.19999999999999996,False,78,119,5,8634634.1692103,0.09407646436902183,0.04588946199278343,0.09610415003399778,0.010169194690016783
choque_20pct_temporario,temporario,0.8,0.19999999999999996,False,78,119,6,8906985.074288975,0.08278000540400679,0.0637027568238977,0.09356782488829661,0.012097398840257723
choque_20pct_temporario,temporario,0.8,0.19999999999999996,False,78,119,7,8964766.54878321,0.08797884450914063,0.09358728524542981,0.09963211638697092,0.01701800445198809
choque_20pct_temporario,temporario,0.8,0.19999999999999996,False,78,119,8,8920810.119981138,0.10287226227446156,0.11240888265242055,0.12220401300229897,0.012436132364118656
choque_20pct_temporario,temporario,0.8,0.19999999999999996,False,78,119,9,8748348.560395654,0.12202760897179825,0.12145924180161294,0.14524793819659648,0.007015064068058573
choque_20pct_temporario,temporario,0.8,0.19999999999999996,False,78,119,10,8571873.468149107,0.13747208687409868,0.11177550720075047,0.16615195946162628,-0.006019272042068889
choque_20pct_temporario,temporario,0.8,0.19999999999999996,False,78,119,11,8457040.187295018,0.1457907400108971,0.09354716811961783,0.17719529572693685,-0.01719528105111368
choque_20pct_temporario,temporario,0.8,0.19999999999999996,False,78,119,12,8442809.466111546,0.14585130653815942,0.06773253522437672,0.18174705908080327,-0.02778112713144905
choque_20pct_temporario,temporario,0.8,0.19999999999999996,False,78,119,13,8681355.11724123,0.13444513465186544,0.04575830832458694,0.17233744065490175,-0.034294849942300594
choque_20pct_temporario,temporario,0.8,0.19999999999999996,False,78,119,14,9144071.469416259,0.11298382476838438,0.029804782062166524,0.155320232845793,-0.03546709957745873
choque_20pct_temporario,temporario,0.8,0.19999999999999996,False,78,119,15,9788732.712208392,0.08459635466333848,0.029361318730451114,0.13314656550835108,-0.026891777369950944
choque_20pct_temporario,temporario,0.8,0.19999999999999996,False,78,119,16,10212141.882785097,0.06287479310171082,0.04924005831358036,0.11840151356742731,-0.02043967152244287
choque_20pct_temporario,temporario,0.8,0.19999999999999996,False,78,119,17,10517212.660840217,0.05787333802007269,0.09211646728122536,0.1124237490576835,-0.010406911024648791
choque_20pct_temporario,temporario,0.8,0.19999999999999996,False,78,119,18,10831667.628403872,0.059543954831876786,0.14254719960400042,0.12248822203865183,0.003381413885616494
choque_20pct_temporario,temporario,0.8,0.19999999999999996,False,78,119,19,11029656.384469278,0.061855329819355195,0.18856322698998063,0.13603360959156413,0.010719480099008381
choque_20pct_temporario,temporario,0.8,0.19999999999999996,False,78,119,20,11142295.64764933,0.06722060206016323,0.22095747283378264,0.1491400314039701,0.012884686848796534
choque_20pct_temporario,temporario,0.8,0.19999999999999996,False,78,119,21,11100386.136069592,0.07557401885455689,0.235750386209288,0.1664498695302527,0.006181243275953457
choque_20pct_temporario,temporario,0.8,0.19999999999999996,False,78,119,22,10879562.436552335,0.08886100812319092,0.22940588708991605,0.18728863440337454,-0.006036923455497785
choque_20pct_temporario,temporario,0.8,0.19999999999999996,False,78,119,23,10651480.910207167,0.1002680655137848,0.20644094047959527,0.20527274674947082,-0.023146015850764475
choque_20pct_temporario,temporario,0.8,0.19999999999999996,False,78,119,24,10598758.932420926,0.09892893693732503,0.17302617236520845,0.21020290215002327,-0.038549869948058736
choque_20pct_temporario,temporario,0.8,0.19999999999999996,False,78,119,25,10765416.844598664,0.08735670020266471,0.14381263459528482,0.20093738522812365,-0.04754084735183994
choque_20pct_temporario,temporario,0.8,0.19999999999999996,False,79,120,0,7609597.0,0.138,0.03,0.12063832026847152,0.010583740505574736
choque_20pct_temporario,temporario,0.8,0.19999999999999996,False,79,120,1,7652724.38733265,0.14039181650999813,0.030000000000000027,0.11859183719691781,0.007984885903803248
choque_20pct_temporario,temporario,0.8,0.19999999999999996,False,79,120,2,7796702.1299916925,0.13522708141572493,0.02417585326340732,0.12047117973595105,0.0025925013762329633
choque_20pct_temporario,temporario,0.8,0.19999999999999996,False,79,120,3,8100742.079409424,0.12461043311555883,0.026877128720985466,0.11109881516745244,0.0035559244002142183
choque_20pct_temporario,temporario,0.8,0.19999999999999996,False,79,120,4,8392772.191530926,0.10841617084417787,0.03035165877891166,0.10336816384288341,0.006367091397048251
choque_20pct_temporario,temporario,0.8,0.19999999999999996,False,79,120,5,8630155.63712542,0.09523623295448833,0.0491520092250084,0.09565828602823984,0.009245634782676877
choque_20pct_temporario,temporario,0.8,0.19999999999999996,False,79,120,6,8838448.01829095,0.08641499376583375,0.06556179982591215,0.0973684621740412,0.011885205009842921
choque_20pct_temporario,temporario,0.8,0.19999999999999996,False,79,120,7,8919689.804740664,0.09325863064375298,0.0924125483188516,0.10334127562897409,0.01632156252181604
choque_20pct_temporario,temporario,0.8,0.19999999999999996,False,79,120,8,8888925.517098038,0.1053489028576172,0.10690794351269806,0.12457076157295618,0.011633642243806114
choque_20pct_temporario,temporario,0.8,0.19999999999999996,False,79,120,9,8736830.512003837,0.1218536154052036,0.11432575945729617,0.14454307540176686,0.002180799666660117
choque_20pct_temporario,temporario,0.8,0.19999999999999996,False,79,120,10,8560804.057150248,0.13903462002226746,0.10377326548458354,0.1657491486270303,-0.008572925599559767
choque_20pct_temporario,temporario,0.8,0.19999999999999996,False,79,120,11,8461400.071096176,0.1462177668448069,0.08569795015744197,0.17735715896487697,-0.01824504277491014
choque_20pct_temporario,temporario,0.8,0.19999999999999996,False,79,120,12,8479304.169632154,0.14655459589926229,0.062417422131387346,0.1793753918980097,-0.030086421662295408
choque_20pct_temporario,temporario,0.8,0.19999999999999996,False,79,120,13,8727341.135948207,0.13090456933766625,0.041214843782232835,0.16891641597287693,-0.035814280240440005
choque_20pct_temporario,temporario,0.8,0.19999999999999996,False,79,120,14,9374394.80545137,0.10347824605343882,0.02971969098157845,0.14600263110900674,-0.03424369602175395
choque_20pct_temporario,temporario,0.8,0.19999999999999996,False,79,120,15,9827730.61158994,0.07636809976878678,0.03435003385359092,0.12708961692694823,-0.024002851555320292
choque_20pct_temporario,temporario,0.8,0.19999999999999996,False,79,120,16,10359761.5138356,0.05754806521968709,0.06090135423623022,0.111946754193242,-0.015415571609344996
choque_20pct_temporario,temporario,0.8,0.19999999999999996,False,79,120,17,10675356.433123535,0.05169062614767753,0.11184926309608612,0.10739470688297345,-0.003147878784181229
choque_20pct_temporario,temporario,0.8,0.19999999999999996,False,79,120,18,10969785.55887707,0.05540356526173512,0.17128943510089178,0.11785985845168818,0.008768594802992144
choque_20pct_temporario,temporario,0.8,0.19999999999999996,False,79,120,19,11138948.239329128,0.06663525056600372,0.2191815946935476,0.13862476914268784,0.017720090385171524
choque_20pct_temporario,temporario,0.8,0.19999999999999996,False,79,120,20,11136025.83372828,0.07653464352121131,0.23919893865399722,0.1621077330803815,0.013997074906023078
choque_20pct_temporario,temporario,0.8,0.19999999999999996,False,79,120,21,10891517.850377794,0.09005867910757094,0.23741771302652048,0.18136889891116562,0.0017572762570877295
choque_20pct_temporario,temporario,0.8,0.19999999999999996,False,79,120,22,10510722.676894521,0.10698988174239617,0.21424170352623317,0.20493577582768213,-0.019129500506324195
choque_20pct_temporario,temporario,0.8,0.19999999999999996,False,79,120,23,10354819.811583323,0.11264343619408403,0.17769228253515723,0.21567918110013173,-0.03644544313434914
choque_20pct_temporario,temporario,0.8,0.19999999999999996,False,79,120,24,10343852.505772723,0.1079730549122862,0.13890663345091947,0.21361244691236086,-0.05485260941386467
choque_20pct_temporario,temporario,0.8,0.19999999999999996,False,79,120,25,10659487.249383476,0.0897628781203101,0.10767887890095573,0.19949762294370574,-0.05877709350992414
choque_20pct_temporario,temporario,0.8,0.19999999999999996,False,80,121,0,7609597.0,0.138,0.03,0.12063832026847152,0.010583740505574736
choque_20pct_temporario,temporario,0.8,0.19999999999999996,False,80,121,1,7652573.991429995,0.14039305416049105,0.030000000000000027,0.11859902041763505,0.00798271910238141
choque_20pct_temporario,temporario,0.8,0.19999999999999996,False,80,121,2,7804486.276482563,0.13523901142061226,0.02417850367126717,0.12052519454051844,0.003581230186057112
choque_20pct_temporario,temporario,0.8,0.19999999999999996,False,80,121,3,8047401.449201927,0.124111171294953,0.026885999758877288,0.11180929191007453,0.0076211013655126895
choque_20pct_temporario,temporario,0.8,0.19999999999999996,False,80,121,4,8325500.899528214,0.11035559337624637,0.030537710877676094,0.10549358135259178,0.007457463940241571
choque_20pct_temporario,temporario,0.8,0.19999999999999996,False,80,121,5,8567565.424922053,0.09805098183492039,0.04829549980499115,0.09854517783855732,0.009350967611276559
choque_20pct_temporario,temporario,0.8,0.19999999999999996,False,80,121,6,8810642.57190765,0.08846741706376582,0.06324256059895106,0.0981434035930954,0.009703441670293755
choque_20pct_temporario,temporario,0.8,0.19999999999999996,False,80,121,7,8955817.05283022,0.087848051021661,0.08863709164759803,0.10085917883770579,0.014651486202923251
choque_20pct_temporario,temporario,0.8,0.19999999999999996,False,80,121,8,9000480.25891267,0.0954986341800434,0.10742997634636398,0.11568404319412419,0.011324723888882499
choque_20pct_temporario,temporario,0.8,0.19999999999999996,False,80,121,9,8849618.46169735,0.11373990130613806,0.12050078974714729,0.1362739372359684,0.008081665778598467
choque_20pct_temporario,temporario,0.8,0.19999999999999996,False,80,121,10,8736355.133063171,0.12846928183704526,0.1148650986327846,0.15805102925341294,-0.0018826799920079417
choque_20pct_temporario,temporario,0.8,0.19999999999999996,False,80,121,11,8567942.045228701,0.1386947510560334,0.09948212538834267,0.172139513748097,-0.012723483420218912
choque_20pct_temporario,temporario,0.8,0.19999999999999996,False,80,121,12,8580710.753734803,0.13998400453585935,0.07656947594000751,0.17781096216289832,-0.02653341313314063
choque_20pct_temporario,temporario,0.8,0.19999999999999996,False,80,121,13,8739145.833432486,0.13318731987552096,0.055162842542830104,0.1727189107379891,-0.03371104921843609
choque_20pct_temporario,temporario,0.8,0.19999999999999996,False,80,121,14,9077273.536532901,0.11745748017022932,0.038926061342845486,0.16024599252831084,-0.0353800641881612
choque_20pct_temporario,temporario,0.8,0.19999999999999996,False,80,121,15,9681099.706013069,0.08798282778741076,0.03437455340711959,0.13936270898991387,-0.02908497533575816
choque_20pct_temporario,temporario,0.8,0.19999999999999996,False,80,121,16,10217805.035532294,0.06307620018181628,0.050614377879357075,0.11925669278057847,-0.019855206949658644
choque_20pct_temporario,temporario,0.8,0.19999999999999996,False,80,121,17,10644867.317747004,0.04905857728514027,0.09099179430924353,0.10800344620017079,-0.008236597547269542
choque_20pct_temporario,temporario,0.8,0.19999999999999996,False,80,121,18,10977939.076031473,0.051046668477347984,0.15685661285414998,0.10891776096100596,0.00872328620722089
choque_20pct_temporario,temporario,0.8,0.19999999999999996,False,80,121,19,11112819.355756713,0.06357164242658221,0.21199215549229722,0.13387897977961305,0.017149823863372514
choque_20pct_temporario,temporario,0.8,0.19999999999999996,False,80,121,20,11192897.34095458,0.07392932795406178,0.24020120342066664,0.1590185648724109,0.014756911621646497
choque_20pct_temporario,temporario,0.8,0.19999999999999996,False,80,121,21,11070549.274406753,0.08152139032813911,0.2434739190791586,0.17434773600544903,0.006024099240067576
choque_20pct_temporario,temporario,0.8,0.19999999999999996,False,80,121,22,10815317.34509262,0.09469844505837566,0.2262698951072719,0.1918462962417689,-0.008426903093752127
choque_20pct_temporario,temporario,0.8,0.19999999999999996,False,80,121,23,10502438.887773907,0.10739589636598378,0.19709914029159314,0.21148932651590346,-0.028028220641933256
choque_20pct_temporario,temporario,0.8,0.19999999999999996,False,80,121,24,10410069.70094014,0.10827082931393776,0.15824490793570578,0.2177167797984099,-0.04852993800848746
choque_20pct_temporario,temporario,0.8,0.19999999999999996,False,80,121,25,10621444.563754158,0.09716621864950205,0.1247085517697748,0.2067449655980955,-0.05814946495424667
choque_20pct_temporario,temporario,0.8,0.19999999999999996,False,81,122,0,7609597.0,0.138,0.03,0.12063832026847152,0.010583740505574736
choque_20pct_temporario,temporario,0.8,0.19999999999999996,False,81,122,1,7652724.38733265,0.14039181650999813,0.030000000000000027,0.11859183719691781,0.007984885903803248
choque_20pct_temporario,temporario,0.8,0.19999999999999996,False,81,122,2,7795379.849416762,0.13522708141572493,0.0241842277719575,0.1205845456106104,0.004510733785755456
choque_20pct_temporario,temporario,0.8,0.19999999999999996,False,81,122,3,8056509.159232635,0.12497344504408324,0.026820851116044375,0.11186970008014051,0.0029754842669861238
choque_20pct_temporario,temporario,0.8,0.19999999999999996,False,81,122,4,8420474.897092907,0.11076271379297056,0.030214536598981656,0.10429357309469969,0.0026372846618984013
choque_20pct_temporario,temporario,0.8,0.19999999999999996,False,81,122,5,8612374.923038568,0.09583044499328919,0.047172646916727956,0.09800821195474578,0.008968074646748776
choque_20pct_temporario,temporario,0.8,0.19999999999999996,False,81,122,6,8790020.468938228,0.08967835147520094,0.063912446772457,0.09878630092534418,0.010225441524377127
choque_20pct_temporario,temporario,0.8,0.19999999999999996,False,81,122,7,8849177.38817418,0.09735252267982324,0.08815141361772727,0.10751929999990033,0.011407101386866587
choque_20pct_temporario,temporario,0.8,0.19999999999999996,False,81,122,8,8841324.252881533,0.10701616238065659,0.1010638265450079,0.12603464942055959,0.010519778109675526
choque_20pct_temporario,temporario,0.8,0.19999999999999996,False,81,122,9,8770742.007728718,0.11809641688411474,0.1071031817390673,0.141623622451805,0.004601694469248879
choque_20pct_temporario,temporario,0.8,0.19999999999999996,False,81,122,10,8595184.482589602,0.132772818648811,0.10009747065974106,0.16091891710561249,-0.006874000538663878
choque_20pct_temporario,temporario,0.8,0.19999999999999996,False,81,122,11,8511238.966714151,0.14141859577548233,0.08580473314346881,0.17252287235464797,-0.018032671223027968
choque_20pct_temporario,temporario,0.8,0.19999999999999996,False,81,122,12,8604728.542443361,0.13763878364393758,0.06540420529433355,0.17268321342913578,-0.027995584876843033
choque_20pct_temporario,temporario,0.8,0.19999999999999996,False,81,122,13,8877885.061759928,0.12298337431512425,0.04910183175442184,0.16154259107526414,-0.02992472844408461
choque_20pct_temporario,temporario,0.8,0.19999999999999996,False,81,122,14,9367326.960388899,0.09680021490072943,0.03950269922677396,0.14335108141382027,-0.025479455664641756
choque_20pct_temporario,temporario,0.8,0.19999999999999996,False,81,122,15,9927770.802684642,0.07292439771200736,0.04819295906913745,0.12373099137932815,-0.02000522314501288
choque_20pct_temporario,temporario,0.8,0.19999999999999996,False,81,122,16,10346605.73295648,0.056105958762234544,0.07603004688844561,0.11285432252927874,-0.01230365761019299
choque_20pct_temporario,temporario,0.8,0.19999999999999996,False,81,122,17,10687805.262159076,0.0519668468394828,0.12678875951104907,0.10896232248069168,0.0013311045875040474
choque_20pct_temporario,temporario,0.8,0.19999999999999996,False,81,122,18,10919778.103996305,0.060687649370931,0.1815921361316597,0.12326360380095017,0.012705109374198253
choque_20pct_temporario,temporario,0.8,0.19999999999999996,False,81,122,19,11018116.417915784,0.07157684506413584,0.21780420028800074,0.1485705778741172,0.01580690146022143
choque_20pct_temporario,temporario,0.8,0.19999999999999996,False,81,122,20,10973795.182650696,0.07945266388248343,0.23153730313212284,0.16640874914258333,0.009112203009205691
choque_20pct_temporario,temporario,0.8,0.19999999999999996,False,81,122,21,10666744.531380313,0.094503896552091,0.2246091618359085,0.18560274030139173,-0.005666764363152034
choque_20pct_temporario,temporario,0.8,0.19999999999999996,False,81,122,22,10509958.477580253,0.10399587252987998,0.19914662868263444,0.20216430531014526,-0.02248785917943826
choque_20pct_temporario,temporario,0.8,0.19999999999999996,False,81,122,23,10387443.990115877,0.10450620614964863,0.16584690084511844,0.20772106107186236,-0.04173289466752512
choque_20pct_temporario,temporario,0.8,0.19999999999999996,False,81,122,24,10523238.667870637,0.09600246373996416,0.13365752364709405,0.20093397154429027,-0.05033160569726873
choque_20pct_temporario,temporario,0.8,0.19999999999999996,False,81,122,25,11107303.707689574,0.06829400891832754,0.11287618615325856,0.1808969301295121,-0.04707296056015092
choque_20pct_temporario,temporario,0.8,0.19999999999999996,False,82,123,0,7609597.0,0.138,0.03,0.12063832026847152,0.010583740505574736
choque_20pct_temporario,temporario,0.8,0.19999999999999996,False,82,123,1,7652724.38733265,0.14039181650999813,0.030000000000000027,0.11859183719691781,0.007984885903803248
choque_20pct_temporario,temporario,0.8,0.19999999999999996,False,82,123,2,7806433.00710526,0.13522708141572493,0.024178944487317944,0.120353731246704,0.003649076713633944
choque_20pct_temporario,temporario,0.8,0.19999999999999996,False,82,123,3,8032410.8051144425,0.12487928273260135,0.026875867130523368,0.1118198239033449,0.00458695006557052
choque_20pct_temporario,temporario,0.8,0.19999999999999996,False,82,123,4,8414461.464442732,0.10616415904473137,0.030242462656994817,0.10202646385824518,0.006773814412007024
choque_20pct_temporario,temporario,0.8,0.19999999999999996,False,82,123,5,8692119.106366873,0.09036180504616567,0.04986403968230735,0.09244237728482359,0.012782979861663418
choque_20pct_temporario,temporario,0.8,0.19999999999999996,False,82,123,6,8899331.071759028,0.08078223746193906,0.06963344985251374,0.09285715552244003,0.01463835993641925
choque_20pct_temporario,temporario,0.8,0.19999999999999996,False,82,123,7,8961171.059024885,0.09042140788716953,0.10083103529746373,0.10123053297800765,0.017009449682956573
choque_20pct_temporario,temporario,0.8,0.19999999999999996,False,82,123,8,8860468.996318378,0.10855950770057414,0.11683937975473069,0.12750160700030921,0.01290063964825486
choque_20pct_temporario,temporario,0.8,0.19999999999999996,False,82,123,9,8723613.990524024,0.12366431132641997,0.12117267459749792,0.14855557446504095,0.005716252534058359
choque_20pct_temporario,temporario,0.8,0.19999999999999996,False,82,123,10,8527189.155954182,0.1393057132938308,0.10900685115936004,0.16783652369241456,-0.004103432785229225
choque_20pct_temporario,temporario,0.8,0.19999999999999996,False,82,123,11,8350265.800463214,0.15078826527996625,0.08889487131657181,0.18252129711456594,-0.02070336197292287
choque_20pct_temporario,temporario,0.8,0.19999999999999996,False,82,123,12,8371852.022164576,0.15105678867610586,0.06294547790132188,0.18535219036513984,-0.03466148826945248
choque_20pct_temporario,temporario,0.8,0.19999999999999996,False,82,123,13,8661520.126555244,0.13654695687518434,0.03935879521767771,0.17171043493507118,-0.03639384947627485
choque_20pct_temporario,temporario,0.8,0.19999999999999996,False,82,123,14,9303073.566973383,0.10600284874013498,0.02438920133864375,0.1483764368538743,-0.03465152866001273
choque_20pct_temporario,temporario,0.8,0.19999999999999996,False,82,123,15,9871048.28967293,0.07423095918778616,0.02705346757777538,0.12573076456059568,-0.025433278578355423
choque_20pct_temporario,temporario,0.8,0.19999999999999996,False,82,123,16,10284207.393968979,0.05634187088685387,0.055520129799854656,0.11081172817608641,-0.01715337768139337
choque_20pct_temporario,temporario,0.8,0.19999999999999996,False,82,123,17,10653053.274817878,0.05260762664753559,0.10782395340527295,0.10721679470750854,-0.003722626449739779
choque_20pct_temporario,temporario,0.8,0.19999999999999996,False,82,123,18,10985326.855160797,0.055804120886686084,0.16806007189800232,0.1187819191987149,0.008932229569922723
choque_20pct_temporario,temporario,0.8,0.19999999999999996,False,82,123,19,11232712.717092725,0.06271295503663178,0.2161567763731047,0.13544525984400188,0.01684757828043306
choque_20pct_temporario,temporario,0.8,0.19999999999999996,False,82,123,20,11132729.333165564,0.07608988032059628,0.24463818764796708,0.15927488691953753,0.010728903292387236
choque_20pct_temporario,temporario,0.8,0.19999999999999996,False,82,123,21,10878586.216486279,0.09342226076923149,0.24027474130228987,0.1846391518637101,0.002064532473687289
choque_20pct_temporario,temporario,0.8,0.19999999999999996,False,82,123,22,10611648.452722192,0.10009272311163928,0.21661492372188862,0.20181864067898045,-0.015592070377381717
choque_20pct_temporario,temporario,0.8,0.19999999999999996,False,82,123,23,10462228.87043397,0.10268784389803352,0.1821611252988833,0.2067699139900658,-0.03606665017531529
choque_20pct_temporario,temporario,0.8,0.19999999999999996,False,82,123,24,10478170.380281283,0.0971293226974115,0.1474972262452099,0.20625658012882978,-0.04908232283390864
choque_20pct_temporario,temporario,0.8,0.19999999999999996,False,82,123,25,10839430.24575912,0.08036350857165296,0.12128011281584783,0.192139086002654,-0.05408288119559057
choque_20pct_temporario,temporario,0.8,0.19999999999999996,False,83,124,0,7609597.0,0.138,0.03,0.12063832026847152,0.010583740505574736
choque_20pct_temporario,temporario,0.8,0.19999999999999996,False,83,124,1,7652724.38733265,0.14039181650999813,0.030000000000000027,0.11859183719691781,0.007984885903803248
choque_20pct_temporario,temporario,0.8,0.19999999999999996,False,83,124,2,7801793.704639675,0.13522708141572493,0.024181009460047642,0.12050544446928059,0.004164884073127168
choque_20pct_temporario,temporario,0.8,0.19999999999999996,False,83,124,3,8044972.28389028,0.12460078112289083,0.026850990735577174,0.11197679002817187,0.0061413704915950764
choque_20pct_temporario,temporario,0.8,0.19999999999999996,False,83,124,4,8362112.177517751,0.10861772897194737,0.030331040422638234,0.10416154567940726,0.006517364219078112
choque_20pct_temporario,temporario,0.8,0.19999999999999996,False,83,124,5,8605779.721988613,0.09572259037431045,0.049681015476711554,0.09616067325287425,0.01301810811549267
choque_20pct_temporario,temporario,0.8,0.19999999999999996,False,83,124,6,8834826.975855403,0.08559257391269673,0.06534954252949654,0.09700412231164364,0.010961108846706527
choque_20pct_temporario,temporario,0.8,0.19999999999999996,False,83,124,7,8934628.31109466,0.08987655287006359,0.0928912942419966,0.1019699418780892,0.016586915884422668
choque_20pct_temporario,temporario,0.8,0.19999999999999996,False,83,124,8,8916182.31247891,0.10347738708277539,0.10903183558026708,0.12253865182950395,0.010214379258610115
choque_20pct_temporario,temporario,0.8,0.19999999999999996,False,83,124,9,8741479.935952814,0.12013291754825035,0.11755599104662529,0.14391372087813223,0.0028048979165375496
choque_20pct_temporario,temporario,0.8,0.19999999999999996,False,83,124,10,8633537.256705986,0.1327595599841038,0.10704465722162171,0.1616403835279672,-0.0036997511845441966
choque_20pct_temporario,temporario,0.8,0.19999999999999996,False,83,124,11,8586486.782795118,0.13594409581409808,0.09192110182936286,0.16908526291491843,-0.017232098436156317
choque_20pct_temporario,temporario,0.8,0.19999999999999996,False,83,124,12,8590201.241367303,0.13459265903754059,0.07094480008057547,0.17185523869605915,-0.029053463323051667
choque_20pct_temporario,temporario,0.8,0.19999999999999996,False,83,124,13,8907264.215662187,0.12065957964983544,0.05298207267757338,0.16069203819709532,-0.028397215122187836
choque_20pct_temporario,temporario,0.8,0.19999999999999996,False,83,124,14,9376709.013831759,0.09607420931628469,0.043237196078132145,0.14359729720766434,-0.02757915350210224
choque_20pct_temporario,temporario,0.8,0.19999999999999996,False,83,124,15,9923059.408687282,0.0715503763814978,0.050355346755805774,0.1248267549675719,-0.021963676993339405
choque_20pct_temporario,temporario,0.8,0.19999999999999996,False,83,124,16,10309333.483711345,0.0567863867547677,0.07888462912798011,0.11256041996053488,-0.010339579089018698
choque_20pct_temporario,temporario,0.8,0.19999999999999996,False,83,124,17,10702553.381165465,0.05077133635326899,0.1285563895259778,0.1097941112282962,0.0003628698077884656
choque_20pct_temporario,temporario,0.8,0.19999999999999996,False,83,124,18,10988779.618344542,0.055937404372312725,0.18546848123181192,0.1192896088612525,0.013065292359524552
choque_20pct_temporario,temporario,0.8,0.19999999999999996,False,83,124,19,11024127.889525406,0.07107276109114213,0.22842955889259509,0.1446220481761203,0.016749713909614668
choque_20pct_temporario,temporario,0.8,0.19999999999999996,False,83,124,20,11002361.098198758,0.08085150765290301,0.23813142286336197,0.1700093957140721,0.012356654190079978
choque_20pct_temporario,temporario,0.8,0.19999999999999996,False,83,124,21,10693954.35618721,0.0947644768420943,0.22955566859092524,0.18728881907214934,-0.002221038980858679
choque_20pct_temporario,temporario,0.8,0.19999999999999996,False,83,124,22,10425503.99471847,0.11175787858082553,0.20046244502801236,0.2080865830917542,-0.024429714872156196
choque_20pct_temporario,temporario,0.8,0.19999999999999996,False,83,124,23,10188909.672228714,0.11770283091557689,0.16191659597170416,0.21973537530243187,-0.04116133347056339
choque_20pct_temporario,temporario,0.8,0.19999999999999996,False,83,124,24,10328929.360618144,0.10178151894717644,0.12382052120169651,0.21072612199337973,-0.05882123342362945
choque_20pct_temporario,temporario,0.8,0.19999999999999996,False,83,124,25,10941371.21530688,0.07472924419665303,0.09893288214002038,0.18369177114665095,-0.0560071929266352
choque_20pct_temporario,temporario,0.8,0.19999999999999996,False,84,125,0,7609597.0,0.138,0.03,0.12063832026847152,0.010583740505574736
choque_20pct_temporario,temporario,0.8,0.19999999999999996,False,84,125,1,7652724.38733265,0.14039181650999813,0.030000000000000027,0.11859183719691781,0.007984885903803248
choque_20pct_temporario,temporario,0.8,0.19999999999999996,False,84,125,2,7812520.143181676,0.135227137041172,0.024170779470006565,0.12031541546280497,0.0018868192985360191
choque_20pct_temporario,temporario,0.8,0.19999999999999996,False,84,125,3,8052047.131993262,0.1249071485739216,0.026888059745781456,0.11186830547398513,0.00509071657013345
choque_20pct_temporario,temporario,0.8,0.19999999999999996,False,84,125,4,8380278.68250678,0.10978591018042659,0.030223051918467858,0.10420220551095581,0.010086270974714965
choque_20pct_temporario,temporario,0.8,0.19999999999999996,False,84,125,5,8561919.272454353,0.09848224212457249,0.047901477005455995,0.09930559035944571,0.00987326449439209
choque_20pct_temporario,temporario,0.8,0.19999999999999996,False,84,125,6,8739636.920913562,0.093892360119887,0.06262369137515167,0.10202957376250585,0.00727552116071834
choque_20pct_temporario,temporario,0.8,0.19999999999999996,False,84,125,7,8886256.16272558,0.09360039425520059,0.08439413345766056,0.10598329735883084,0.012157402428830762
choque_20pct_temporario,temporario,0.8,0.19999999999999996,False,84,125,8,8978485.407540949,0.0977167768619906,0.09993197383210739,0.1173950914962504,0.01113831165552778
choque_20pct_temporario,temporario,0.8,0.19999999999999996,False,84,125,9,8845893.890475912,0.11165748679831759,0.11201827971728306,0.13391406478459242,0.006294944541660618
choque_20pct_temporario,temporario,0.8,0.19999999999999996,False,84,125,10,8761577.80792393,0.12358423546960372,0.10726234358701059,0.1545861937370607,-0.003155238037995172
choque_20pct_temporario,temporario,0.8,0.19999999999999996,False,84,125,11,8594632.778024882,0.13731495318873788,0.09779132029577031,0.1688216240663288,-0.014664921194079151
choque_20pct_temporario,temporario,0.8,0.19999999999999996,False,84,125,12,8603861.06125272,0.13944737491801157,0.07595156094460864,0.17660432400927223,-0.026530533540509667
choque_20pct_temporario,temporario,0.8,0.19999999999999996,False,84,125,13,8773855.708714353,0.1302552922297586,0.058761756743830995,0.16876864961537263,-0.029623832530456546
choque_20pct_temporario,temporario,0.8,0.19999999999999996,False,84,125,14,9164404.835721968,0.10940661881885662,0.044096879895628716,0.15449591437835378,-0.030962040317680937
choque_20pct_temporario,temporario,0.8,0.19999999999999996,False,84,125,15,9719846.618112575,0.08396822560607156,0.043021664249245806,0.13436596927418634,-0.02552005198765026
choque_20pct_temporario,temporario,0.8,0.19999999999999996,False,84,125,16,10244336.617743388,0.06245817592697243,0.05981077878397567,0.1187359449861236,-0.01827390004769091
choque_20pct_temporario,temporario,0.8,0.19999999999999996,False,84,125,17,10640620.74643554,0.050141593627308786,0.10178364826010844,0.10902627931979779,-0.0035836349816527977
choque_20pct_temporario,temporario,0.8,0.19999999999999996,False,84,125,18,10930166.693749245,0.05381751434902762,0.1614285853496995,0.11277245997790535,0.007212575444149131
choque_20pct_temporario,temporario,0.8,0.19999999999999996,False,84,125,19,11049167.922397416,0.0659573843966598,0.21145933171292386,0.13817650718936714,0.015379505348408868
choque_20pct_temporario,temporario,0.8,0.19999999999999996,False,84,125,20,11099359.77390259,0.07559529241589763,0.23502382976019498,0.16133162962589107,0.012487238031048967
choque_20pct_temporario,temporario,0.8,0.19999999999999996,False,84,125,21,10868630.885242026,0.08796805024414885,0.237086189455757,0.17896509570251204,0.0034598597484152486
choque_20pct_temporario,temporario,0.8,0.19999999999999996,False,84,125,22,10589961.438489653,0.10203605139884706,0.215184676676077,0.19968374014328047,-0.014411296602976506
choque_20pct_temporario,temporario,0.8,0.19999999999999996,False,84,125,23,10411091.147646628,0.10750973219282695,0.18192230034942591,0.21137952909164046,-0.03282919023684975
choque_20pct_temporario,temporario,0.8,0.19999999999999996,False,84,125,24,10395202.970860107,0.10451835458290104,0.14567329696424824,0.21188017323560263,-0.052827695927933925
choque_20pct_temporario,temporario,0.8,0.19999999999999996,False,84,125,25,10744478.922208127,0.08742044103339158,0.1150391958612742,0.19824800713187699,-0.05591541606300475
choque_20pct_temporario,temporario,0.8,0.19999999999999996,False,85,126,0,7609597.0,0.138,0.03,0.12063832026847152,0.010583740505574736
choque_20pct_temporario,temporario,0.8,0.19999999999999996,False,85,126,1,7652724.38733265,0.14039181650999813,0.030000000000000027,0.11859183719691781,0.007984885903803248
choque_20pct_temporario,temporario,0.8,0.19999999999999996,False,85,126,2,7805447.292951422,0.13522708141572493,0.024177560936350373,0.12041051553029103,0.003442631022190316
choque_20pct_temporario,temporario,0.8,0.19999999999999996,False,85,126,3,8047102.756847766,0.12540575991661,0.0268617181089843,0.11207736339959044,0.00782253732451517
choque_20pct_temporario,temporario,0.8,0.19999999999999996,False,85,126,4,8338889.719430038,0.11015036409885649,0.029952288573705355,0.10518033393075292,0.005962536053419879
choque_20pct_temporario,temporario,0.8,0.19999999999999996,False,85,126,5,8611760.636283971,0.09887209019005737,0.04722435680757742,0.09788836263465822,0.009138177293773989
choque_20pct_temporario,temporario,0.8,0.19999999999999996,False,85,126,6,8813218.022156859,0.08949773485225523,0.06194760050135173,0.0990626095504823,0.011038189407599045
choque_20pct_temporario,temporario,0.8,0.19999999999999996,False,85,126,7,8932300.892305952,0.09115512465770852,0.08696959764855672,0.10280214759320801,0.014805769613041406
choque_20pct_temporario,temporario,0.8,0.19999999999999996,False,85,126,8,8910328.166440139,0.10179536912437669,0.10362274663199411,0.1208088656449271,0.01041143740175373
choque_20pct_temporario,temporario,0.8,0.19999999999999996,False,85,126,9,8780230.85616983,0.1188096475383171,0.1135597370594601,0.14138151950353092,0.004240500331344327
choque_20pct_temporario,temporario,0.8,0.19999999999999996,False,85,126,10,8599109.565576524,0.13671415524080907,0.10653138037574594,0.16359719045131155,-0.006464868870276896
choque_20pct_temporario,temporario,0.8,0.19999999999999996,False,85,126,11,8484865.603236618,0.14668049729679836,0.0903412192177695,0.17677870302162504,-0.01809556287207792
choque_20pct_temporario,temporario,0.8,0.19999999999999996,False,85,126,12,8430512.792622838,0.14864334632594756,0.06720773988154205,0.18200240933368447,-0.029771716055626757
choque_20pct_temporario,temporario,0.8,0.19999999999999996,False,85,126,13,8743324.320149042,0.13289755209167572,0.04532406272755707,0.17029692780472366,-0.03688983804148724
choque_20pct_temporario,temporario,0.8,0.19999999999999996,False,85,126,14,9190665.528010791,0.10889457107099945,0.030737022192715457,0.15175793163882914,-0.03565284389881355
choque_20pct_temporario,temporario,0.8,0.19999999999999996,False,85,126,15,9845124.872280536,0.07833616640310129,0.031271301576518695,0.12994177622599468,-0.026719354580553613
choque_20pct_temporario,temporario,0.8,0.19999999999999996,False,85,126,16,10222801.839799074,0.05964052848311975,0.05586143910135877,0.1141373155238378,-0.015293778776615275
choque_20pct_temporario,temporario,0.8,0.19999999999999996,False,85,126,17,10644989.4151783,0.052187255664863215,0.10264868345978351,0.10900310304762321,-0.003784853851883564
choque_20pct_temporario,temporario,0.8,0.19999999999999996,False,85,126,18,10921433.49490125,0.05452646463158759,0.16365342264503213,0.11666632283392385,0.009581550652874516
choque_20pct_temporario,temporario,0.8,0.19999999999999996,False,85,126,19,11103870.140161525,0.0665800994621671,0.21321817731691817,0.13722988547850307,0.016363578045130864
choque_20pct_temporario,temporario,0.8,0.19999999999999996,False,85,126,20,11075853.895391926,0.07827799604795958,0.23572858649143225,0.16304615077902573,0.015015999711542872
choque_20pct_temporario,temporario,0.8,0.19999999999999996,False,85,126,21,10864286.671256576,0.08861485772437341,0.23445159129079918,0.18166910143789697,-0.0012160789991978182
choque_20pct_temporario,temporario,0.8,0.19999999999999996,False,85,126,22,10653623.771933826,0.09969629215542283,0.21196812372256346,0.19667037837699505,-0.01668195093024487
choque_20pct_temporario,temporario,0.8,0.19999999999999996,False,85,126,23,10494756.593694793,0.10215294857561204,0.18028267140455978,0.20693459631865205,-0.0336853032676183
choque_20pct_temporario,temporario,0.8,0.19999999999999996,False,85,126,24,10542837.758637564,0.09735549938443702,0.14755154220244093,0.20501502269337832,-0.044875858752348036
choque_20pct_temporario,temporario,0.8,0.19999999999999996,False,85,126,25,10786269.747886963,0.084545138289568,0.12132506727875447,0.19539043747045162,-0.0517645052737423
choque_20pct_temporario,temporario,0.8,0.19999999999999996,False,86,127,0,7609597.0,0.138,0.03,0.12063832026847152,0.010583740505574736
choque_20pct_temporario,temporario,0.8,0.19999999999999996,False,86,127,1,7652724.38733265,0.14039181650999813,0.030000000000000027,0.11859183719691781,0.007984885903803248
choque_20pct_temporario,temporario,0.8,0.19999999999999996,False,86,127,2,7797535.540496843,0.13522792692462418,0.0241780864483494,0.12055006007782303,0.0037504461675591247
choque_20pct_temporario,temporario,0.8,0.19999999999999996,False,86,127,3,8049301.5324522955,0.12439918088385989,0.02687613792222887,0.11153603568962524,0.006701927754935272
choque_20pct_temporario,temporario,0.8,0.19999999999999996,False,86,127,4,8409254.830489524,0.1075790112323599,0.030423671999403323,0.10343575734547547,0.0068154161687141255
choque_20pct_temporario,temporario,0.8,0.19999999999999996,False,86,127,5,8617074.1523879,0.0945418529248064,0.048772630809041484,0.09705060105572781,0.010897593283886692
choque_20pct_temporario,temporario,0.8,0.19999999999999996,False,86,127,6,8771011.013513802,0.09016082417753016,0.06623572481212903,0.0996518409856006,0.012543550838234234
choque_20pct_temporario,temporario,0.8,0.19999999999999996,False,86,127,7,8882054.061289813,0.09649729587541675,0.09033265981296434,0.1084075147799757,0.012479678053431073
choque_20pct_temporario,temporario,0.8,0.19999999999999996,False,86,127,8,8809136.146074725,0.10999073124462991,0.10353507771686665,0.12725398927927992,0.011259872641099471
choque_20pct_temporario,temporario,0.8,0.19999999999999996,False,86,127,9,8743050.253362589,0.11802295238976683,0.1079070036387535,0.14311123043890547,0.005303122757766144
choque_20pct_temporario,temporario,0.8,0.19999999999999996,False,86,127,10,8621996.748289088,0.12878860636612693,0.10163587415705844,0.15739495087461436,-0.007169417807140586
choque_20pct_temporario,temporario,0.8,0.19999999999999996,False,86,127,11,8532629.7668227,0.13809468423546759,0.08723894608227023,0.16974318760047385,-0.016766245389644947
choque_20pct_temporario,temporario,0.8,0.19999999999999996,False,86,127,12,8592410.987694085,0.1378911137672539,0.06731824039092715,0.17286654501701934,-0.02743555253360175
choque_20pct_temporario,temporario,0.8,0.19999999999999996,False,86,127,13,8891649.122513544,0.1241248146362447,0.05037605006297463,0.16255565028681362,-0.03247551295236197
choque_20pct_temporario,temporario,0.8,0.19999999999999996,False,86,127,14,9337384.98683702,0.09905073063477723,0.0406177324662611,0.14445719940008553,-0.028594727359078927
choque_20pct_temporario,temporario,0.8,0.19999999999999996,False,86,127,15,9957827.6334012,0.07181409821450352,0.04705557855693776,0.12397126753045401,-0.017620840032314972
choque_20pct_temporario,temporario,0.8,0.19999999999999996,False,86,127,16,10304871.744117957,0.0566420300395508,0.07660559008638845,0.11236223142321977,-0.009767307142491325
choque_20pct_temporario,temporario,0.8,0.19999999999999996,False,86,127,17,10604693.206773961,0.058183225548469705,0.12547861761829648,0.11413672739622206,-0.0015787168815044703
choque_20pct_temporario,temporario,0.8,0.19999999999999996,False,86,127,18,10776960.709643371,0.06698559972043457,0.17120598390963182,0.13351050748268745,0.006659909097001454
choque_20pct_temporario,temporario,0.8,0.19999999999999996,False,86,127,19,10876268.88119158,0.0747502368304406,0.20250268754132472,0.1518755515027665,0.008914257015565157
choque_20pct_temporario,temporario,0.8,0.19999999999999996,False,86,127,20,10769085.47913856,0.08159963222977688,0.21268082114158648,0.16768877985511108,0.00153980535685751
choque_20pct_temporario,temporario,0.8,0.19999999999999996,False,86,127,21,10762724.176153557,0.08733662772461553,0.20692477771325302,0.17876144603946492,-0.005717208615394026
choque_20pct_temporario,temporario,0.8,0.19999999999999996,False,86,127,22,10483062.937478622,0.09900708247552037,0.18987800187398762,0.19559595899424917,-0.022902732900824715
choque_20pct_temporario,temporario,0.8,0.19999999999999996,False,86,127,23,10492575.166920014,0.0990315423514728,0.16315418471100096,0.20257189344822216,-0.03781615501861379
choque_20pct_temporario,temporario,0.8,0.19999999999999996,False,86,127,24,10772875.997187126,0.08251944718081573,0.13890043268985885,0.19007860472923618,-0.04327129554357625
choque_20pct_temporario,temporario,0.8,0.19999999999999996,False,86,127,25,11322290.973986408,0.059968291183511144,0.12827431192358763,0.17051264473199879,-0.04114391351429521
choque_20pct_temporario,temporario,0.8,0.19999999999999996,False,87,128,0,7609597.0,0.138,0.03,0.12063832026847152,0.010583740505574736
choque_20pct_temporario,temporario,0.8,0.19999999999999996,False,87,128,1,7652720.659059336,0.14039204578760067,0.029999999999999805,0.11859203669881745,0.007984787537176637
choque_20pct_temporario,temporario,0.8,0.19999999999999996,False,87,128,2,7804124.837337487,0.1352273782580663,0.024168849806441184,0.12052584486839978,0.0010953879704119623
choque_20pct_temporario,temporario,0.8,0.19999999999999996,False,87,128,3,8072253.135584136,0.1240199349331775,0.0269042900410168,0.11062706680294176,0.00585107735170701
choque_20pct_temporario,temporario,0.8,0.19999999999999996,False,87,128,4,8434950.959153848,0.10542390156394663,0.030613616160076962,0.10187731707976172,0.0070381854335560285
choque_20pct_temporario,temporario,0.8,0.19999999999999996,False,87,128,5,8672421.768709358,0.09232058494524542,0.04984864904320929,0.09480990456005754,0.009829597961659038
choque_20pct_temporario,temporario,0.8,0.19999999999999996,False,87,128,6,8819248.031214869,0.08825771084257551,0.06879599859020202,0.09766664629646586,0.011968116798153908
choque_20pct_temporario,temporario,0.8,0.19999999999999996,False,87,128,7,8907634.024259295,0.09384087184142259,0.09435307405254911,0.1062244603092928,0.013073069943466435
choque_20pct_temporario,temporario,0.8,0.19999999999999996,False,87,128,8,8897837.84328931,0.10636064869112377,0.10926940652561168,0.1248116683129313,0.00980858538322335
choque_20pct_temporario,temporario,0.8,0.19999999999999996,False,87,128,9,8683364.125269458,0.1242649121695765,0.11489524293023412,0.14641867026880567,0.004131384358601222
choque_20pct_temporario,temporario,0.8,0.19999999999999996,False,87,128,10,8626408.560107034,0.1324485599596248,0.10335653187589044,0.1623817622835005,-0.0068573631841602235
choque_20pct_temporario,temporario,0.8,0.19999999999999996,False,87,128,11,8546039.558004793,0.1393625070966988,0.08722968863941927,0.1712197949193364,-0.018499043046620034
choque_20pct_temporario,temporario,0.8,0.19999999999999996,False,87,128,12,8481507.801449588,0.14421256658420317,0.06564027765945935,0.17903734269080138,-0.031054930465605864
choque_20pct_temporario,temporario,0.8,0.19999999999999996,False,87,128,13,8750289.005090265,0.13155562020454836,0.04542574061865956,0.16988149901649496,-0.03480280565027266
choque_20pct_temporario,temporario,0.8,0.19999999999999996,False,87,128,14,9225002.977273902,0.10634442875539003,0.032707866905101746,0.1506698600639859,-0.03202247744360636
choque_20pct_temporario,temporario,0.8,0.19999999999999996,False,87,128,15,9841491.424663967,0.07840600789944147,0.03502972322951159,0.1287799151041227,-0.024726095803484085
choque_20pct_temporario,temporario,0.8,0.19999999999999996,False,87,128,16,10329260.498612251,0.058184766230444246,0.05927305288973317,0.11354590360632032,-0.016163253132793754
choque_20pct_temporario,temporario,0.8,0.19999999999999996,False,87,128,17,10719319.567535281,0.04826474456621916,0.10813764326464148,0.10648344133235525,-0.002346693771843509
choque_20pct_temporario,temporario,0.8,0.19999999999999996,False,87,128,18,11005237.878022315,0.05434344502900817,0.17388910328020013,0.11319319690026051,0.010997692057597533
choque_20pct_temporario,temporario,0.8,0.19999999999999996,False,87,128,19,11131851.527427284,0.06893662383807969,0.22219775705466693,0.1416453264122309,0.022350081768680436
choque_20pct_temporario,temporario,0.8,0.19999999999999996,False,87,128,20,11124559.768241515,0.07773482332150243,0.24036623779169108,0.16520387703676848,0.017471215631032468
choque_20pct_temporario,temporario,0.8,0.19999999999999996,False,87,128,21,10860259.072547194,0.08838047915571125,0.237862726151562,0.1810947283330553,0.003967888757006933
choque_20pct_temporario,temporario,0.8,0.19999999999999996,False,87,128,22,10520745.201231025,0.10531528313886711,0.21440950896429745,0.2035258152701577,-0.018587680209913075
choque_20pct_temporario,temporario,0.8,0.19999999999999996,False,87,128,23,10266195.657439869,0.11587100254869052,0.17856223261207393,0.21947041386381233,-0.0412463386958958
choque_20pct_temporario,temporario,0.8,0.19999999999999996,False,87,128,24,10307645.679497676,0.10910816642599322,0.139124467668988,0.2157393164923389,-0.054450837941592674
choque_20pct_temporario,temporario,0.8,0.19999999999999996,False,87,128,25,10816634.276277758,0.0802892966629111,0.10634903987828914,0.19302178001313133,-0.05711763052668182
choque_20pct_temporario,temporario,0.8,0.19999999999999996,False,88,129,0,7609597.0,0.138,0.03,0.12063832026847152,0.010583740505574736
choque_20pct_temporario,temporario,0.8,0.19999999999999996,False,88,129,1,7652724.38733265,0.14039181650999813,0.030000000000000027,0.11859183719691781,0.007984885903803248
choque_20pct_temporario,temporario,0.8,0.19999999999999996,False,88,129,2,7808289.09623282,0.13522708141572493,0.024187119658762857,0.12051502462550072,0.005397028494644425
choque_20pct_temporario,temporario,0.8,0.19999999999999996,False,88,129,3,8049485.526277566,0.12525597693612542,0.026888565255428487,0.11219644139580276,0.01017827549538741
choque_20pct_temporario,temporario,0.8,0.19999999999999996,False,88,129,4,8330359.607230663,0.11067790504381587,0.030020543546724454,0.1067251057535951,0.0068774589943856115
choque_20pct_temporario,temporario,0.8,0.19999999999999996,False,88,129,5,8486847.723599983,0.1039594791599092,0.04784206535179747,0.10190870301685674,0.010301300934194218
choque_20pct_temporario,temporario,0.8,0.19999999999999996,False,88,129,6,8691552.500516767,0.09591003629966684,0.05895149794747634,0.1051250044199662,0.00832617993211759
choque_20pct_temporario,temporario,0.8,0.19999999999999996,False,88,129,7,8846174.333495358,0.09520375053063977,0.0800966127238818,0.10679103950590171,0.010561728368784702
choque_20pct_temporario,temporario,0.8,0.19999999999999996,False,88,129,8,8874668.468840592,0.10122907882123053,0.09378713600999267,0.11982741427317047,0.010847867960570426
choque_20pct_temporario,temporario,0.8,0.19999999999999996,False,88,129,9,8890563.411001658,0.1090314294084124,0.10426234977606796,0.13240997889785752,0.005013386588771403
choque_20pct_temporario,temporario,0.8,0.19999999999999996,False,88,129,10,8781215.58456868,0.12076139449920172,0.10363131543699877,0.1485682980070752,-0.0007909060663616361
choque_20pct_temporario,temporario,0.8,0.19999999999999996,False,88,129,11,8746220.450133028,0.12499341262264713,0.09528026559026403,0.15959812424734504,-0.009848197430134611
choque_20pct_temporario,temporario,0.8,0.19999999999999996,False,88,129,12,8759191.353206797,0.12679066580127166,0.08181184175858736,0.16482062319659624,-0.021998862719536584
choque_20pct_temporario,temporario,0.8,0.19999999999999996,False,88,129,13,8945202.626835985,0.12322352431382713,0.06730691369653208,0.16319187083630127,-0.02745662536615041
choque_20pct_temporario,temporario,0.8,0.19999999999999996,False,88,129,14,9230685.549355531,0.10760409946270677,0.056399663516418785,0.15357415456804502,-0.027340028844103928
choque_20pct_temporario,temporario,0.8,0.19999999999999996,False,88,129,15,9673791.00843728,0.08586925043128653,0.0565578878159223,0.1380945397223764,-0.022623733287521933
choque_20pct_temporario,temporario,0.8,0.19999999999999996,False,88,129,16,10142267.737199165,0.0634123878600361,0.0696735746164443,0.12305956235200034,-0.01567368973316566
choque_20pct_temporario,temporario,0.8,0.19999999999999996,False,88,129,17,10599223.715375395,0.05210657874396659,0.10818614577853691,0.11152097079834637,-0.0042995009992914225
choque_20pct_temporario,temporario,0.8,0.19999999999999996,False,88,129,18,10929789.943942672,0.051186220228554014,0.15996805374222034,0.11495794723825363,0.009012922477237839
choque_20pct_temporario,temporario,0.8,0.19999999999999996,False,88,129,19,11134709.666710323,0.06317144691685633,0.2121566760164335,0.13273932924132448,0.014397250171506448
choque_20pct_temporario,temporario,0.8,0.19999999999999996,False,88,129,20,11121216.842772556,0.07871233689419167,0.23539791565128265,0.1625972144846135,0.015108752644163958
choque_20pct_temporario,temporario,0.8,0.19999999999999996,False,88,129,21,10920133.127522593,0.08842228025156505,0.23381917577640898,0.1831852421299087,0.0029887073542861544
choque_20pct_temporario,temporario,0.8,0.19999999999999996,False,88,129,22,10598479.168250877,0.10121801837625237,0.2144438962093702,0.19884947200299943,-0.015785799617586006
choque_20pct_temporario,temporario,0.8,0.19999999999999996,False,88,129,23,10371586.997037154,0.10977176405784772,0.1818860701101268,0.21324683059366786,-0.03511407083254778
choque_20pct_temporario,temporario,0.8,0.19999999999999996,False,88,129,24,10321352.848173294,0.10837055301264431,0.14544477967194736,0.21469147500530764,-0.05028211482882776
choque_20pct_temporario,temporario,0.8,0.19999999999999996,False,88,129,25,10686000.33496432,0.08728461659989926,0.11304170021762472,0.19950672470415473,-0.058532962208418984
choque_20pct_temporario,temporario,0.8,0.19999999999999996,False,89,130,0,7609597.0,0.138,0.03,0.12063832026847152,0.010583740505574736
choque_20pct_temporario,temporario,0.8,0.19999999999999996,False,89,130,1,7652724.38733265,0.14039181650999813,0.030000000000000027,0.11859183719691781,0.007984885903803248
choque_20pct_temporario,temporario,0.8,0.19999999999999996,False,89,130,2,7801131.533210283,0.13522708141572493,0.024176097254847484,0.12044669281179464,0.0030417857503093047
choque_20pct_temporario,temporario,0.8,0.19999999999999996,False,89,130,3,8059153.92921016,0.12417412939401595,0.02687761941643685,0.11154847411721842,0.007084643781682758
choque_20pct_temporario,temporario,0.8,0.19999999999999996,False,89,130,4,8390863.432128724,0.10872350158653497,0.03050180757062515,0.10396384789263141,0.008765905085723733
choque_20pct_temporario,temporario,0.8,0.19999999999999996,False,89,130,5,8586911.573936177,0.09745859950156706,0.04855598238579817,0.09895309546546416,0.010923887438846685
choque_20pct_temporario,temporario,0.8,0.19999999999999996,False,89,130,6,8728588.58913951,0.09466189123113386,0.06401323081284982,0.10254827163285175,0.012159018973710847
choque_20pct_temporario,temporario,0.8,0.19999999999999996,False,89,130,7,8843946.143848885,0.09879887249536372,0.08511743970706354,0.11172028292385917,0.009794828868850384
choque_20pct_temporario,temporario,0.8,0.19999999999999996,False,89,130,8,8732787.401753597,0.1121425403967282,0.09727760486056303,0.12952638014719534,0.007900797089107675
choque_20pct_temporario,temporario,0.8,0.19999999999999996,False,89,130,9,8638038.890185544,0.12406053285828308,0.10078981911889029,0.14719785786445694,-0.0011153053763784618
choque_20pct_temporario,temporario,0.8,0.19999999999999996,False,89,130,10,8582296.102677757,0.13155487143594202,0.09308152605850495,0.15880995826219232,-0.010317338340643842
choque_20pct_temporario,temporario,0.8,0.19999999999999996,False,89,130,11,8608164.412545517,0.13055408452785414,0.08011604585869314,0.16233864513771548,-0.018842962750013462
choque_20pct_temporario,temporario,0.8,0.19999999999999996,False,89,130,12,8833915.630227484,0.11961520747918428,0.06460654634446272,0.1564852997701246,-0.021470525355702232
choque_20pct_temporario,temporario,0.8,0.19999999999999996,False,89,130,13,9185957.962833142,0.10126217627460256,0.05607805748347605,0.1443117886582677,-0.019242540763727264
choque_20pct_temporario,temporario,0.8,0.19999999999999996,False,89,130,14,9568419.646905778,0.0832039123228768,0.058100173964951374,0.1317473866438217,-0.01770032253057703
choque_20pct_temporario,temporario,0.8,0.19999999999999996,False,89,130,15,9988174.879332881,0.0682069000362341,0.07557008757498385,0.12166699680095806,-0.011645033053967278
choque_20pct_temporario,temporario,0.8,0.19999999999999996,False,89,130,16,10353126.278167434,0.05902577758838701,0.10746579595334071,0.11762645224492607,-0.0064741331248325705
choque_20pct_temporario,temporario,0.8,0.19999999999999996,False,89,130,17,10538882.832242783,0.06445536059125344,0.15139512859539694,0.12251125020357242,0.003910300921346098
choque_20pct_temporario,temporario,0.8,0.19999999999999996,False,89,130,18,10693106.721115045,0.0677975855018484,0.18371026389781542,0.14116106897104072,0.007873300353267894
choque_20pct_temporario,temporario,0.8,0.19999999999999996,False,89,130,19,10831441.259693384,0.06927320906969021,0.20572849675968174,0.14991880815249797,0.007493734229783927
choque_20pct_temporario,temporario,0.8,0.19999999999999996,False,89,130,20,10728391.276240766,0.08363815444545891,0.2155198659921238,0.16622854643633336,0.0021124735294621886
choque_20pct_temporario,temporario,0.8,0.19999999999999996,False,89,130,21,10496701.460451867,0.10029384490024676,0.2026820513024612,0.19383380301486344,-0.013059261694122812
choque_20pct_temporario,temporario,0.8,0.19999999999999996,False,89,130,22,10339975.740306104,0.10760348492831508,0.17831785838190206,0.20581144919000013,-0.028289127546511583
choque_20pct_temporario,temporario,0.8,0.19999999999999996,False,89,130,23,10314816.4342503,0.10137661740334826,0.14729191837992728,0.20537707802254232,-0.043188397532473444
choque_20pct_temporario,temporario,0.8,0.19999999999999996,False,89,130,24,10645626.89055983,0.08343462593855087,0.12021467746193282,0.19017719907467903,-0.048133487769517085
choque_20pct_temporario,temporario,0.8,0.19999999999999996,False,89,130,25,11442896.12268302,0.05204282847733944,0.1113904752377819,0.16349791296266797,-0.04088993956799125
choque_20pct_temporario,temporario,0.8,0.19999999999999996,False,90,131,0,7609597.0,0.138,0.03,0.12063832026847152,0.010583740505574736
choque_20pct_temporario,temporario,0.8,0.19999999999999996,False,90,131,1,7652724.38733265,0.14039181650999813,0.030000000000000027,0.11859183719691781,0.007984885903803248
choque_20pct_temporario,temporario,0.8,0.19999999999999996,False,90,131,2,7796327.271840712,0.13522708141572493,0.02417908667902502,0.12053614894020194,0.0036874241421439445
choque_20pct_temporario,temporario,0.8,0.19999999999999996,False,90,131,3,8073772.352932212,0.12445445098908703,0.02685216709778704,0.11139253261013682,0.008022676142664413
choque_20pct_temporario,temporario,0.8,0.19999999999999996,False,90,131,4,8358422.61210144,0.10933433741714887,0.030366269773322463,0.10495242619812452,0.006489299326391141
choque_20pct_temporario,temporario,0.8,0.19999999999999996,False,90,131,5,8595955.381584767,0.09800365511457725,0.04700836819996934,0.09988185857272597,0.008619593100043036
choque_20pct_temporario,temporario,0.8,0.19999999999999996,False,90,131,6,8751700.97074578,0.09248917181026042,0.06300727017600471,0.10196869402463929,0.010289063719911036
choque_20pct_temporario,temporario,0.8,0.19999999999999996,False,90,131,7,8847373.093187857,0.09852587178911112,0.08565908614706408,0.10897916200625803,0.011303958203901643
choque_20pct_temporario,temporario,0.8,0.19999999999999996,False,90,131,8,8819958.677741708,0.10700493446212021,0.09825299361920337,0.12570584487800507,0.007432499840463657
choque_20pct_temporario,temporario,0.8,0.19999999999999996,False,90,131,9,8802746.136727368,0.11347503003993364,0.10544145586978493,0.13755934801047046,0.004642401492370636
choque_20pct_temporario,temporario,0.8,0.19999999999999996,False,90,131,10,8733993.557039084,0.1225295801689544,0.10193384099732383,0.15043681640391252,-0.005270973375777645
choque_20pct_temporario,temporario,0.8,0.19999999999999996,False,90,131,11,8706074.758067207,0.12620066518921624,0.0918070906957913,0.1601405624100111,-0.011164929115793266
choque_20pct_temporario,temporario,0.8,0.19999999999999996,False,90,131,12,8785228.896048587,0.12754839236675258,0.07786094621255524,0.16337950611183782,-0.022770126786638492
choque_20pct_temporario,temporario,0.8,0.19999999999999996,False,90,131,13,8875911.079483986,0.12256221741902083,0.06279030650077932,0.1637464760206534,-0.027235827733192372
choque_20pct_temporario,temporario,0.8,0.19999999999999996,False,90,131,14,9202700.87215733,0.10467111623981791,0.05346761356387453,0.15163184950846784,-0.03012049809985256
choque_20pct_temporario,temporario,0.8,0.19999999999999996,False,90,131,15,9816665.427906962,0.07755291523924268,0.05397741553855573,0.13117130607728295,-0.021250730546493755
choque_20pct_temporario,temporario,0.8,0.19999999999999996,False,90,131,16,10344166.770083811,0.05409838704176882,0.07740551980069577,0.11338114759472936,-0.011669439709501236
choque_20pct_temporario,temporario,0.8,0.19999999999999996,False,90,131,17,10675225.263699431,0.05071994371654513,0.1253370006527581,0.10717223360259999,0.004405348297158818
choque_20pct_temporario,temporario,0.8,0.19999999999999996,False,90,131,18,10785251.172016695,0.0645578733624709,0.18074905700639743,0.1270247714723782,0.012334014807211602
choque_20pct_temporario,temporario,0.8,0.19999999999999996,False,90,131,19,10894419.262521548,0.08065723649529227,0.21074331788382494,0.15874009423186403,0.009059763352687527
choque_20pct_temporario,temporario,0.8,0.19999999999999996,False,90,131,20,10702770.81574665,0.09378763105837494,0.21680834726776732,0.17796021716972507,0.0024688459224796577
choque_20pct_temporario,temporario,0.8,0.19999999999999996,False,90,131,21,10584343.038693048,0.09507834213217296,0.19985301838544478,0.18944672039876648,-0.014607298186106668
choque_20pct_temporario,temporario,0.8,0.19999999999999996,False,90,131,22,10389478.197043948,0.1032899790998189,0.17644257646368655,0.19690429484736782,-0.02897859346407691
choque_20pct_temporario,temporario,0.8,0.19999999999999996,False,90,131,23,10407183.41937695,0.10111595517407031,0.14674873762885943,0.20288824874084974,-0.04372509965483688
choque_20pct_temporario,temporario,0.8,0.19999999999999996,False,90,131,24,10712803.156976456,0.08304420259617021,0.12216078118015683,0.18962894105677364,-0.049552250426032375
choque_20pct_temporario,temporario,0.8,0.19999999999999996,False,90,131,25,11413395.263095208,0.05332072986093921,0.11491070047512175,0.16490161452664776,-0.04517306550939804
choque_20pct_temporario,temporario,0.8,0.19999999999999996,False,91,132,0,7609597.0,0.138,0.03,0.12063832026847152,0.010583740505574736
choque_20pct_temporario,temporario,0.8,0.19999999999999996,False,91,132,1,7652724.38733265,0.14039181650999813,0.030000000000000027,0.11859183719691781,0.007984885903803248
choque_20pct_temporario,temporario,0.8,0.19999999999999996,False,91,132,2,7801363.801246859,0.13522775574117843,0.024178310632268163,0.12045568678891584,0.0037154610565848633
choque_20pct_temporario,temporario,0.8,0.19999999999999996,False,91,132,3,8059334.64543444,0.12592379526682104,0.02682999834979438,0.11198446921286653,0.006524334105458648
choque_20pct_temporario,temporario,0.8,0.19999999999999996,False,91,132,4,8352743.551038203,0.10882169687550454,0.029664268414322237,0.10493080772983111,0.006315199390668331
choque_20pct_temporario,temporario,0.8,0.19999999999999996,False,91,132,5,8623553.378601518,0.09874274750818253,0.04737052842284961,0.09747056776369818,0.011603893107175328
choque_20pct_temporario,temporario,0.8,0.19999999999999996,False,91,132,6,8781087.379901363,0.08769932273467163,0.062117889874057086,0.1002879414794936,0.011622538317860738
choque_20pct_temporario,temporario,0.8,0.19999999999999996,False,91,132,7,8878207.045725143,0.09400564765832063,0.08889049285943118,0.10421786081346489,0.014135999713095627
choque_20pct_temporario,temporario,0.8,0.19999999999999996,False,91,132,8,8867727.522848118,0.10586178811805516,0.10316403702134913,0.12472162052834478,0.011182399078094478
choque_20pct_temporario,temporario,0.8,0.19999999999999996,False,91,132,9,8752686.146428682,0.11892699504097062,0.11148157596651997,0.14266418200391637,0.003122118251529759
choque_20pct_temporario,temporario,0.8,0.19999999999999996,False,91,132,10,8594706.03685288,0.1343738532330231,0.10292081561131727,0.16203892164418196,-0.008795038108546203
choque_20pct_temporario,temporario,0.8,0.19999999999999996,False,91,132,11,8544234.684143042,0.13951014972001957,0.08798431087451375,0.17087131875193665,-0.017287107258694052
choque_20pct_temporario,temporario,0.8,0.19999999999999996,False,91,132,12,8629052.36713541,0.13136637108491697,0.06797927882664001,0.1692394548875481,-0.02806926023771553
choque_20pct_temporario,temporario,0.8,0.19999999999999996,False,91,132,13,8950111.356372215,0.11565047724376656,0.05346298779353997,0.15519528404511448,-0.02981836901166776
choque_20pct_temporario,temporario,0.8,0.19999999999999996,False,91,132,14,9533040.917795165,0.09179087656699314,0.04612273353678398,0.13782769140859913,-0.023966807603680564
choque_20pct_temporario,temporario,0.8,0.19999999999999996,False,91,132,15,9938853.076546026,0.07002132513982864,0.05597541041753051,0.12298253795849433,-0.017109089699818947
choque_20pct_temporario,temporario,0.8,0.19999999999999996,False,91,132,16,10255567.879444238,0.06000679408602473,0.08532222306188286,0.1157265594964573,-0.009998327629461104
choque_20pct_temporario,temporario,0.8,0.19999999999999996,False,91,132,17,10588497.727902034,0.060922820765670474,0.12909504232011626,0.11892828538080397,-0.001570182548094952
choque_20pct_temporario,temporario,0.8,0.19999999999999996,False,91,132,18,10822015.347904535,0.06408501222567564,0.17038745020536328,0.13275296085075924,0.006809132221435148
choque_20pct_temporario,temporario,0.8,0.19999999999999996,False,91,132,19,10905681.762193521,0.07090027224271973,0.2037477469795912,0.14694219645779744,0.008466730767627342
choque_20pct_temporario,temporario,0.8,0.19999999999999996,False,91,132,20,10753924.788313996,0.08404588081194411,0.21652801347070394,0.16825479315779887,0.0014530502891304873
choque_20pct_temporario,temporario,0.8,0.19999999999999996,False,91,132,21,10660512.693132121,0.09171883772748063,0.20896616079675634,0.18505379759979862,-0.009057059509979221
choque_20pct_temporario,temporario,0.8,0.19999999999999996,False,91,132,22,10545075.894927358,0.09401905498259513,0.18795203000489802,0.1935361715253384,-0.023398637477648577
choque_20pct_temporario,temporario,0.8,0.19999999999999996,False,91,132,23,10514756.642934626,0.09405820249059633,0.16470143983815233,0.19655192432574292,-0.03586985206049998
choque_20pct_temporario,temporario,0.8,0.19999999999999996,False,91,132,24,10759195.890955016,0.0837659682564715,0.13995697367801507,0.1912341776856951,-0.042602310372963956
choque_20pct_temporario,temporario,0.8,0.19999999999999996,False,91,132,25,11294795.718238324,0.05701324789792992,0.12997791702475703,0.17142242260844937,-0.03949247260358796
choque_20pct_temporario,temporario,0.8,0.19999999999999996,False,92,133,0,7609597.0,0.138,0.03,0.12063832026847152,0.010583740505574736
choque_20pct_temporario,temporario,0.8,0.19999999999999996,False,92,133,1,7652724.38733265,0.14039181650999813,0.030000000000000027,0.11859183719691781,0.007984885903803248
choque_20pct_temporario,temporario,0.8,0.19999999999999996,False,92,133,2,7801479.359865671,0.13522708141572493,0.024178922557531957,0.12044770636349743,0.00402440506770513
choque_20pct_temporario,temporario,0.8,0.19999999999999996,False,92,133,3,8050993.841168452,0.12459715352845571,0.02687422926141636,0.11180636352009912,0.007969732121799262
choque_20pct_temporario,temporario,0.8,0.19999999999999996,False,92,133,4,8410107.79912457,0.10957150747133619,0.030290844516926763,0.10526271395701767,0.005509297045593013
choque_20pct_temporario,temporario,0.8,0.19999999999999996,False,92,133,5,8530566.50149683,0.10215553364003933,0.0482485772712451,0.10091712959259937,0.011692829731406727
choque_20pct_temporario,temporario,0.8,0.19999999999999996,False,92,133,6,8672034.287206944,0.09664586603680589,0.06058326212001841,0.10576196234026615,0.008436947634829986
choque_20pct_temporario,temporario,0.8,0.19999999999999996,False,92,133,7,8805428.81040341,0.0990397135860772,0.08114312642684163,0.1096457414902081,0.009470578024723427
choque_20pct_temporario,temporario,0.8,0.19999999999999996,False,92,133,8,8843699.637725873,0.10519685518071938,0.09281105959613223,0.12294362269188838,0.0044199097386942365
choque_20pct_temporario,temporario,0.8,0.19999999999999996,False,92,133,9,8857976.330424359,0.11159292010774202,0.10048578154857979,0.13400390739114557,0.005045813928827371
choque_20pct_temporario,temporario,0.8,0.19999999999999996,False,92,133,10,8787646.683058836,0.1195064982545421,0.09784569588373948,0.14769061874431638,-0.0012855965957338995
choque_20pct_temporario,temporario,0.8,0.19999999999999996,False,92,133,11,8792425.016204488,0.12177927930136659,0.0909294153631659,0.15583746361969522,-0.008502274388604108
choque_20pct_temporario,temporario,0.8,0.19999999999999996,False,92,133,12,8819414.688235821,0.12456873420253242,0.07983864951685837,0.1610744973576965,-0.017318323847314968
choque_20pct_temporario,temporario,0.8,0.19999999999999996,False,92,133,13,8881015.305507842,0.12324179697719906,0.06826122353413533,0.16408695484062952,-0.026529726355902027
choque_20pct_temporario,temporario,0.8,0.19999999999999996,False,92,133,14,9165170.503428074,0.10963920421614123,0.05755278360609495,0.15642657886323622,-0.02720933147007238
choque_20pct_temporario,temporario,0.8,0.19999999999999996,False,92,133,15,9679737.49093495,0.0882382687175636,0.05492795694153174,0.14001368489246546,-0.023287161341111765
choque_20pct_temporario,temporario,0.8,0.19999999999999996,False,92,133,16,10181786.08407605,0.06588491866990616,0.06861412332911954,0.12489055766075127,-0.018350370487642365
choque_20pct_temporario,temporario,0.8,0.19999999999999996,False,92,133,17,10530780.329113105,0.05396446231317623,0.10318386668185209,0.11440460337002427,-0.005347177631442182
choque_20pct_temporario,temporario,0.8,0.19999999999999996,False,92,133,18,10868305.665172052,0.053351135289403946,0.1537188934063618,0.11631827168632543,0.007320477760024382
choque_20pct_temporario,temporario,0.8,0.19999999999999996,False,92,133,19,11129249.370604131,0.05917469743002007,0.20250679610306932,0.13097082828009618,0.015315252818898154
choque_20pct_temporario,temporario,0.8,0.19999999999999996,False,92,133,20,11257914.86813218,0.06571178157625336,0.2354302107078594,0.14943789071948,0.017074757080231807
choque_20pct_temporario,temporario,0.8,0.19999999999999996,False,92,133,21,11070935.246179897,0.08112390296516295,0.24731059836061342,0.1714412525702062,0.00896249327114557
choque_20pct_temporario,temporario,0.8,0.19999999999999996,False,92,133,22,10721846.344197808,0.10386414378863612,0.23314036434074992,0.20086963045097259,-0.006109273070136411
choque_20pct_temporario,temporario,0.8,0.19999999999999996,False,92,133,23,10381765.06542572,0.11609295378091479,0.1968169793311798,0.22200052662201294,-0.031064792170481553
choque_20pct_temporario,temporario,0.8,0.19999999999999996,False,92,133,24,10275587.571113385,0.11444258949639755,0.15421817205620525,0.2223272736264511,-0.05068809181819928
choque_20pct_temporario,temporario,0.8,0.19999999999999996,False,92,133,25,10503773.218391309,0.09798244744627378,0.11659062466870229,0.20931508336994198,-0.06389884736017058
choque_20pct_temporario,temporario,0.8,0.19999999999999996,False,93,134,0,7609597.0,0.138,0.03,0.12063832026847152,0.010583740505574736
choque_20pct_temporario,temporario,0.8,0.19999999999999996,False,93,134,1,7652724.38733265,0.14039181650999813,0.030000000000000027,0.11859183719691781,0.007984885903803248
choque_20pct_temporario,temporario,0.8,0.19999999999999996,False,93,134,2,7798098.989714469,0.13522810176033073,0.0241804149381053,0.12052631703445287,0.0040433509135451556
choque_20pct_temporario,temporario,0.8,0.19999999999999996,False,93,134,3,8048611.260242105,0.1255889199486209,0.02682862022488619,0.11183314389958024,0.004645982787195535
choque_20pct_temporario,temporario,0.8,0.19999999999999996,False,93,134,4,8387757.11730165,0.1095433858285508,0.029893537236607592,0.10429907243203539,0.003134140866338429
choque_20pct_temporario,temporario,0.8,0.19999999999999996,False,93,134,5,8648869.12168299,0.09458474275761114,0.048831775214592144,0.09441223209154956,0.010169868974603714
choque_20pct_temporario,temporario,0.8,0.19999999999999996,False,93,134,6,8851753.48020861,0.08260482077812435,0.06528429996198892,0.09416959314050719,0.01167332181063936
choque_20pct_temporario,temporario,0.8,0.19999999999999996,False,93,134,7,9055671.972899728,0.08426261809038565,0.09516734653395775,0.0971413461417425,0.013560167914207057
choque_20pct_temporario,temporario,0.8,0.19999999999999996,False,93,134,8,8978578.220263874,0.09900699200870891,0.11521412582461887,0.11794093239378275,0.01281667745690652
choque_20pct_temporario,temporario,0.8,0.19999999999999996,False,93,134,9,8863752.470400525,0.11756502160986473,0.12509668917978845,0.14146067754183958,0.0058163233278781526
choque_20pct_temporario,temporario,0.8,0.19999999999999996,False,93,134,10,8632764.474477818,0.1369168225151704,0.1158538392461208,0.16509478658157653,-0.002464313207587043
choque_20pct_temporario,temporario,0.8,0.19999999999999996,False,93,134,11,8485847.658352423,0.1450046373086461,0.09797690810766735,0.17775413025522316,-0.01611116296967771
choque_20pct_temporario,temporario,0.8,0.19999999999999996,False,93,134,12,8511083.173059003,0.1445372273744406,0.07162282234387973,0.18058112563049403,-0.026403483170233406
choque_20pct_temporario,temporario,0.8,0.19999999999999996,False,93,134,13,8628730.710227327,0.13679892864049298,0.04798538913753303,0.17562483359102038,-0.03345850978698698
choque_20pct_temporario,temporario,0.8,0.19999999999999996,False,93,134,14,9108470.217745734,0.11433198068393431,0.0306122376691933,0.1584185780750311,-0.0364379687344978
choque_20pct_temporario,temporario,0.8,0.19999999999999996,False,93,134,15,9705131.878773598,0.08956019529749477,0.02796592878248627,0.1371493805863989,-0.028223442381011873
choque_20pct_temporario,temporario,0.8,0.19999999999999996,False,93,134,16,10131377.511400266,0.06707681980554682,0.04461396713079524,0.12215600274709391,-0.01896455282247779
choque_20pct_temporario,temporario,0.8,0.19999999999999996,False,93,134,17,10571709.15584746,0.05379512390065532,0.08302066413385667,0.11202989054118083,-0.010215347450695904
choque_20pct_temporario,temporario,0.8,0.19999999999999996,False,93,134,18,10936446.347437087,0.053029505589331914,0.14063437393121636,0.11263545044335962,0.002307876883140347
choque_20pct_temporario,temporario,0.8,0.19999999999999996,False,93,134,19,11187449.55141089,0.058995155483390634,0.1966779857342602,0.12866593494773898,0.014673453898459438
choque_20pct_temporario,temporario,0.8,0.19999999999999996,False,93,134,20,11280628.431185873,0.06584508838039323,0.23432245800628326,0.14831345846463215,0.014954150757357437
choque_20pct_temporario,temporario,0.8,0.19999999999999996,False,93,134,21,11217600.892343828,0.07616471902322366,0.24967285621586544,0.16581202574827758,0.011453389635869556
choque_20pct_temporario,temporario,0.8,0.19999999999999996,False,93,134,22,10942882.291879121,0.08928653987507766,0.24081134180250485,0.18908298155034411,-0.004323119759811806
choque_20pct_temporario,temporario,0.8,0.19999999999999996,False,93,134,23,10654535.328268813,0.10422843855485477,0.21486564269219643,0.20776888276671207,-0.023146264870662663
choque_20pct_temporario,temporario,0.8,0.19999999999999996,False,93,134,24,10514006.344329854,0.10721741433162102,0.176576876539555,0.2164776942509578,-0.04047705182490209
choque_20pct_temporario,temporario,0.8,0.19999999999999996,False,93,134,25,10648477.126755564,0.09369767896639297,0.1400421546322932,0.2073408444209408,-0.05386321933620642
choque_20pct_temporario,temporario,0.8,0.19999999999999996,False,94,135,0,7609597.0,0.138,0.03,0.12063832026847152,0.010583740505574736
choque_20pct_temporario,temporario,0.8,0.19999999999999996,False,94,135,1,7652724.38733265,0.14039181650999813,0.030000000000000027,0.11859183719691781,0.007984885903803248
choque_20pct_temporario,temporario,0.8,0.19999999999999996,False,94,135,2,7814558.009882068,0.13522708141572493,0.02416989095586297,0.12054108862533205,0.0012728111507551688
choque_20pct_temporario,temporario,0.8,0.19999999999999996,False,94,135,3,8076496.256585935,0.1242160764431626,0.026895033381705735,0.11156298160437003,0.003305740956036101
choque_20pct_temporario,temporario,0.8,0.19999999999999996,False,94,135,4,8386552.982165404,0.10785965708358848,0.030525618130137655,0.10333090132562817,0.007313327755591004
choque_20pct_temporario,temporario,0.8,0.19999999999999996,False,94,135,5,8674700.400532698,0.09512115355507032,0.04882645328233437,0.09694307821315784,0.011416426209863608
choque_20pct_temporario,temporario,0.8,0.19999999999999996,False,94,135,6,8769370.021604665,0.09103685800887408,0.0657903397454076,0.10099991240471866,0.011687442214244077
choque_20pct_temporario,temporario,0.8,0.19999999999999996,False,94,135,7,8779394.763526568,0.10227842207102912,0.08925665238800007,0.11176904867439089,0.01309777174691504
choque_20pct_temporario,temporario,0.8,0.19999999999999996,False,94,135,8,8751852.765179943,0.11247470867629213,0.09876269513503977,0.13234343266380577,0.009413513165035064
choque_20pct_temporario,temporario,0.8,0.19999999999999996,False,94,135,9,8635431.521481702,0.12392256804624392,0.10225212404946449,0.14686651813937113,0.003175487920188267
choque_20pct_temporario,temporario,0.8,0.19999999999999996,False,94,135,10,8552598.435884882,0.1334149285731588,0.09324565930733031,0.16123726674552316,-0.007169770002331394
choque_20pct_temporario,temporario,0.8,0.19999999999999996,False,94,135,11,8506736.132181633,0.1371109553108019,0.07928506447066952,0.16896295350460747,-0.018841581362413068
choque_20pct_temporario,temporario,0.8,0.19999999999999996,False,94,135,12,8637735.979631556,0.13319907377440143,0.060175895987475636,0.16804162815087656,-0.025915703361613435
choque_20pct_temporario,temporario,0.8,0.19999999999999996,False,94,135,13,9028123.889317544,0.11449555017727944,0.04601999053454753,0.15478044243215966,-0.03023965737410655
choque_20pct_temporario,temporario,0.8,0.19999999999999996,False,94,135,14,9559438.960286604,0.08821800912187701,0.04236145319093043,0.1350859138308923,-0.02537333973459774
choque_20pct_temporario,temporario,0.8,0.19999999999999996,False,94,135,15,10078879.257326085,0.065334734323222,0.05718133434499584,0.11754602925397467,-0.013826075698667919
choque_20pct_temporario,temporario,0.8,0.19999999999999996,False,94,135,16,10401416.819156798,0.055286270504511285,0.09388317581589511,0.10996525871402078,-0.005815183501138898
choque_20pct_temporario,temporario,0.8,0.19999999999999996,False,94,135,17,10647715.492393209,0.06174736096714721,0.14479125602166687,0.11680981295239959,0.003010439148880954
choque_20pct_temporario,temporario,0.8,0.19999999999999996,False,94,135,18,10805565.190781614,0.06903642926930534,0.18483731986984364,0.13916384847796515,0.006997404537797165
choque_20pct_temporario,temporario,0.8,0.19999999999999996,False,94,135,19,10926908.956332568,0.07243206421649863,0.20902430951760498,0.15096352663550155,0.01059808712664551
choque_20pct_temporario,temporario,0.8,0.19999999999999996,False,94,135,20,10827599.286769697,0.07798089584076848,0.21788737760835053,0.1647466798415604,0.0045095864406082
choque_20pct_temporario,temporario,0.8,0.19999999999999996,False,94,135,21,10605561.047232868,0.09462635193879013,0.21174700035205363,0.18474269074546476,-0.008589467540284005
choque_20pct_temporario,temporario,0.8,0.19999999999999996,False,94,135,22,10406433.594205964,0.10514234066286988,0.187091499351556,0.2052430575046829,-0.02615971408233401
choque_20pct_temporario,temporario,0.8,0.19999999999999996,False,94,135,23,10398299.352429226,0.10217915349870751,0.15683446677982693,0.2055789035271842,-0.041014567589234226
choque_20pct_temporario,temporario,0.8,0.19999999999999996,False,94,135,24,10673199.661243428,0.08654605367156046,0.12974815321148658,0.19322011457752747,-0.045703491574884486
choque_20pct_temporario,temporario,0.8,0.19999999999999996,False,94,135,25,11216756.448305316,0.061050827446796595,0.11662051300112242,0.1724334224724201,-0.04387899059614616
choque_20pct_temporario,temporario,0.8,0.19999999999999996,False,95,136,0,7609597.0,0.138,0.03,0.12063832026847152,0.010583740505574736
choque_20pct_temporario,temporario,0.8,0.19999999999999996,False,95,136,1,7652724.38733265,0.14039181650999813,0.030000000000000027,0.11859183719691781,0.007984885903803248
choque_20pct_temporario,temporario,0.8,0.19999999999999996,False,95,136,2,7791841.006889455,0.13522708141572493,0.02416993713401272,0.12054171548594818,0.0015157794382182946
choque_20pct_temporario,temporario,0.8,0.19999999999999996,False,95,136,3,8081011.821040164,0.12322916479603245,0.026898449786931566,0.11010989397625592,0.006030762642024128
choque_20pct_temporario,temporario,0.8,0.19999999999999996,False,95,136,4,8434833.621726869,0.1048644735683798,0.030979533433947326,0.10127758298797512,0.006380445045708283
choque_20pct_temporario,temporario,0.8,0.19999999999999996,False,95,136,5,8666491.375721699,0.09222161768151871,0.05125446220444352,0.09348288128841666,0.012369895390328711
choque_20pct_temporario,temporario,0.8,0.19999999999999996,False,95,136,6,8876991.535892794,0.08487681423093951,0.0697043121406613,0.09574308774661082,0.013385045851797459
choque_20pct_temporario,temporario,0.8,0.19999999999999996,False,95,136,7,8915911.147088593,0.09365361902884854,0.09770821203821733,0.10453884931544072,0.01515979426910311
choque_20pct_temporario,temporario,0.8,0.19999999999999996,False,95,136,8,8839264.299901534,0.10963194670641,0.11129232643244036,0.12823957417673992,0.011493221809322865
choque_20pct_temporario,temporario,0.8,0.19999999999999996,False,95,136,9,8713376.237418879,0.12365880159970409,0.11518057551593919,0.14738285326386327,0.004447418552151389
choque_20pct_temporario,temporario,0.8,0.19999999999999996,False,95,136,10,8559544.084632032,0.136117807940771,0.10393567041445984,0.1643871824602308,-0.006533287261298286
choque_20pct_temporario,temporario,0.8,0.19999999999999996,False,95,136,11,8462065.559644097,0.14399880113111704,0.08540994270352531,0.175135417518325,-0.01935183728047547
choque_20pct_temporario,temporario,0.8,0.19999999999999996,False,95,136,12,8512188.68232291,0.14182472248511693,0.061736927815123854,0.17703304875006023,-0.030129203295328373
choque_20pct_temporario,temporario,0.8,0.19999999999999996,False,95,136,13,8812242.464360679,0.1252159240376102,0.042878701531797736,0.1641605857115486,-0.03436115369192211
choque_20pct_temporario,temporario,0.8,0.19999999999999996,False,95,136,14,9430675.523513375,0.09743022279576138,0.03269800166251491,0.1423263223954586,-0.02790521674457677
choque_20pct_temporario,temporario,0.8,0.19999999999999996,False,95,136,15,9884796.654446099,0.07372009476084858,0.04139309482223186,0.12477237662181166,-0.018802583584509067
choque_20pct_temporario,temporario,0.8,0.19999999999999996,False,95,136,16,10236075.897659173,0.06048617658673846,0.06970498523518853,0.11584435857232986,-0.013020915993015214
choque_20pct_temporario,temporario,0.8,0.19999999999999996,False,95,136,17,10584991.040292243,0.0605482637248624,0.1170048708065925,0.11657331217939738,-0.0029549451247075026
choque_20pct_temporario,temporario,0.8,0.19999999999999996,False,95,136,18,10779430.290792322,0.06668507201597212,0.1617901051415076,0.13225223277126696,0.0025128218928252726
choque_20pct_temporario,temporario,0.8,0.19999999999999996,False,95,136,19,10889949.216573384,0.07228742656502529,0.1940371902875726,0.14766377297130331,0.007374238529393207
choque_20pct_temporario,temporario,0.8,0.19999999999999996,False,95,136,20,10952740.835862763,0.07205428741174738,0.20934262376880586,0.15833226556360688,0.006756949466749597
choque_20pct_temporario,temporario,0.8,0.19999999999999996,False,95,136,21,10914278.993214076,0.0761739798962884,0.21562685508431834,0.16645264212767047,-0.0025801425331624882
choque_20pct_temporario,temporario,0.8,0.19999999999999996,False,95,136,22,10874937.61060569,0.08428793408496167,0.2085504128603235,0.18058722384120612,-0.011499540442055943
choque_20pct_temporario,temporario,0.8,0.19999999999999996,False,95,136,23,10748688.114035135,0.08939843156000873,0.19104764921498285,0.1944024152341162,-0.02168184440497103
choque_20pct_temporario,temporario,0.8,0.19999999999999996,False,95,136,24,10736307.893312206,0.08895566638040832,0.16910165086760842,0.19903381414153298,-0.03521981152895585
choque_20pct_temporario,temporario,0.8,0.19999999999999996,False,95,136,25,11039530.423033377,0.07561787105708631,0.14898368039369547,0.19006176650179843,-0.03883280993986002
choque_20pct_temporario,temporario,0.8,0.19999999999999996,False,96,137,0,7609597.0,0.138,0.03,0.12063832026847152,0.010583740505574736
choque_20pct_temporario,temporario,0.8,0.19999999999999996,False,96,137,1,7652724.38733265,0.14039181650999813,0.030000000000000027,0.11859183719691781,0.007984885903803248
choque_20pct_temporario,temporario,0.8,0.19999999999999996,False,96,137,2,7813027.885430509,0.13522708432242495,0.024179061925142076,0.12049817557678394,0.0031318405278757608
choque_20pct_temporario,temporario,0.8,0.19999999999999996,False,96,137,3,8040872.652646854,0.12468852058595005,0.026848908663881232,0.11206414546989411,0.005599839883894634
choque_20pct_temporario,temporario,0.8,0.19999999999999996,False,96,137,4,8406439.841158686,0.10919936659850601,0.030339077686677873,0.1046511731072642,0.006451696617850414
choque_20pct_temporario,temporario,0.8,0.19999999999999996,False,96,137,5,8566777.541354844,0.0992353806665865,0.048152142152547484,0.09942971271786008,0.009664825574300144
choque_20pct_temporario,temporario,0.8,0.19999999999999996,False,96,137,6,8738850.804955462,0.09187736084596962,0.06250523705118072,0.10226172053622304,0.010002899651814305
choque_20pct_temporario,temporario,0.8,0.19999999999999996,False,96,137,7,8864077.854428787,0.09433322188548747,0.08591866009744176,0.10650541231509683,0.010834739067420614
choque_20pct_temporario,temporario,0.8,0.19999999999999996,False,96,137,8,8875345.350291882,0.1040498660708569,0.10045680404109114,0.12242223307641864,0.008345258987148474
choque_20pct_temporario,temporario,0.8,0.19999999999999996,False,96,137,9,8821477.79845607,0.11541115347580784,0.10840928175981324,0.13820933964235965,0.002241607749346744
choque_20pct_temporario,temporario,0.8,0.19999999999999996,False,96,137,10,8734086.004726874,0.12400099449207759,0.10293464557611554,0.15347195711108844,-0.0032133208204644403
choque_20pct_temporario,temporario,0.8,0.19999999999999996,False,96,137,11,8710313.00289362,0.1290783690893593,0.09085137985714997,0.16215330476822837,-0.009731272458218476
choque_20pct_temporario,temporario,0.8,0.19999999999999996,False,96,137,12,8729335.683937917,0.12980712924694818,0.07458657497243659,0.1668953432508308,-0.020349496112359176
choque_20pct_temporario,temporario,0.8,0.19999999999999996,False,96,137,13,8886770.060941277,0.12064444964959074,0.060837869637384134,0.16259559367477627,-0.028488701259072796
choque_20pct_temporario,temporario,0.8,0.19999999999999996,False,96,137,14,9286550.201695051,0.10190066249166152,0.050848383724935164,0.14874180211641863,-0.027997989841559004
choque_20pct_temporario,temporario,0.8,0.19999999999999996,False,96,137,15,9807378.93919513,0.07902598386681202,0.05482419627756152,0.13117751897684937,-0.020112574036856533
choque_20pct_temporario,temporario,0.8,0.19999999999999996,False,96,137,16,10303599.926979734,0.05992507663468295,0.07628613607012835,0.11735881077610293,-0.013126616538355243
choque_20pct_temporario,temporario,0.8,0.19999999999999996,False,96,137,17,10610605.3001857,0.05211088726343175,0.12025228130331733,0.11154328016993885,-0.0004225495012664257
choque_20pct_temporario,temporario,0.8,0.19999999999999996,False,96,137,18,10891037.542805215,0.05684633975727313,0.17313806340466664,0.12010220707629614,0.010884116148828142
choque_20pct_temporario,temporario,0.8,0.19999999999999996,False,96,137,19,10989559.413995547,0.07184422736891312,0.2143067294155805,0.1452088689153129,0.014538824250307713
choque_20pct_temporario,temporario,0.8,0.19999999999999996,False,96,137,20,10869478.078001643,0.08676411368538983,0.22720295861511652,0.17310794010500988,0.006329873400125977
choque_20pct_temporario,temporario,0.8,0.19999999999999996,False,96,137,21,10660818.491895843,0.09551676037300577,0.21766839263172844,0.18898941009735318,-0.006138991480949329
choque_20pct_temporario,temporario,0.8,0.19999999999999996,False,96,137,22,10447743.619273541,0.10190189927675895,0.1919801108831114,0.20026307942506424,-0.0231080097287104
choque_20pct_temporario,temporario,0.8,0.19999999999999996,False,96,137,23,10409254.788696058,0.1043244335495486,0.1610523916222455,0.20539537633081112,-0.038630106485325576
choque_20pct_temporario,temporario,0.8,0.19999999999999996,False,96,137,24,10468626.494577061,0.09756615735093808,0.1297016287301751,0.2039105637166657,-0.0501257259611504
choque_20pct_temporario,temporario,0.8,0.19999999999999996,False,96,137,25,11050339.88773289,0.07315322579975603,0.10927080158330837,0.18355208462839237,-0.049652874538194496
choque_20pct_temporario,temporario,0.8,0.19999999999999996,False,97,138,0,7609597.0,0.138,0.03,0.12063832026847152,0.010583740505574736
choque_20pct_temporario,temporario,0.8,0.19999999999999996,False,97,138,1,7652724.38733265,0.14039181650999813,0.030000000000000027,0.11859183719691781,0.007984885903803248
choque_20pct_temporario,temporario,0.8,0.19999999999999996,False,97,138,2,7792516.673478031,0.13522708141572493,0.02417133521630066,0.12050939138616175,0.0021572772662048624
choque_20pct_temporario,temporario,0.8,0.19999999999999996,False,97,138,3,8087776.762550788,0.12326248517856582,0.02690406073487961,0.11054110655687731,0.004331462366566635
choque_20pct_temporario,temporario,0.8,0.19999999999999996,False,97,138,4,8417668.149880655,0.10671053746039795,0.030957958271249364,0.10219570201673295,0.008306399212989061
choque_20pct_temporario,temporario,0.8,0.19999999999999996,False,97,138,5,8616188.471782226,0.09243547131519092,0.05010018052306808,0.09528736890382848,0.009695750988171893
choque_20pct_temporario,temporario,0.8,0.19999999999999996,False,97,138,6,8872504.726404352,0.08529035639979583,0.06877676251375053,0.09465945565994505,0.010632655276922314
choque_20pct_temporario,temporario,0.8,0.19999999999999996,False,97,138,7,9018862.443562448,0.0874515552943194,0.09635952270237147,0.10048497024334886,0.010071241700529532
choque_20pct_temporario,temporario,0.8,0.19999999999999996,False,97,138,8,9042441.678147903,0.09644421254925313,0.1153367878691205,0.11615866568572784,0.013279951416081535
choque_20pct_temporario,temporario,0.8,0.19999999999999996,False,97,138,9,8901595.450992625,0.11190131943333582,0.12597384426895641,0.1361069402118461,0.009386869328889026
choque_20pct_temporario,temporario,0.8,0.19999999999999996,False,97,138,10,8713195.325318377,0.1268016636280145,0.12031780716054419,0.15834715547611186,-0.000715834736987126
choque_20pct_temporario,temporario,0.8,0.19999999999999996,False,97,138,11,8586795.643216591,0.13953348732864723,0.10336644908343251,0.17337805447683213,-0.011253014591671218
choque_20pct_temporario,temporario,0.8,0.19999999999999996,False,97,138,12,8442045.82923645,0.1476155995626387,0.0795859097377547,0.1854236009644129,-0.028516809917796794
choque_20pct_temporario,temporario,0.8,0.19999999999999996,False,97,138,13,8580682.011300875,0.14063999714826692,0.05463330081889084,0.18145247704315087,-0.03851231850245602
choque_20pct_temporario,temporario,0.8,0.19999999999999996,False,97,138,14,8984262.781683097,0.12378022307686268,0.03377808457367526,0.1657238269703879,-0.03844774871504501
choque_20pct_temporario,temporario,0.8,0.19999999999999996,False,97,138,15,9541254.395721242,0.09602718488847731,0.025751853065192787,0.14483720292693678,-0.033126649517110966
choque_20pct_temporario,temporario,0.8,0.19999999999999996,False,97,138,16,10156638.498683725,0.06802727296487558,0.035480062776854115,0.12506631986079297,-0.025636810109303177
choque_20pct_temporario,temporario,0.8,0.19999999999999996,False,97,138,17,10545529.854129871,0.05493732804909765,0.072853917110284,0.11215561033110277,-0.013435242954371004
choque_20pct_temporario,temporario,0.8,0.19999999999999996,False,97,138,18,10856943.138699146,0.05495201780947478,0.1286707845076729,0.11521626238890333,-0.0003393856100703797
choque_20pct_temporario,temporario,0.8,0.19999999999999996,False,97,138,19,11038598.713443147,0.0631254520154017,0.18327774008994835,0.13271903524271034,0.007469605060823544
choque_20pct_temporario,temporario,0.8,0.19999999999999996,False,97,138,20,11217855.9481873,0.0691519347748763,0.21907177242275333,0.15086371078373892,0.013229393176084212
choque_20pct_temporario,temporario,0.8,0.19999999999999996,False,97,138,21,11228692.598133003,0.06893388496432357,0.23461353663805462,0.1620896363919506,0.007149728342502758
choque_20pct_temporario,temporario,0.8,0.19999999999999996,False,97,138,22,11095099.00163303,0.07809678564071117,0.23786075776135474,0.1726695088352249,0.0004936861060664792
choque_20pct_temporario,temporario,0.8,0.19999999999999996,False,97,138,23,10933045.57730945,0.08745397934549508,0.22310068435010266,0.19340514606261905,-0.013383347836455995
choque_20pct_temporario,temporario,0.8,0.19999999999999996,False,97,138,24,10822551.215659782,0.09200874951911799,0.19778307001393114,0.20300749381669494,-0.028838648367815543
choque_20pct_temporario,temporario,0.8,0.19999999999999996,False,97,138,25,10872393.821222419,0.08861809257092419,0.17038900618022068,0.20323772822512323,-0.040156355568873044
choque_20pct_temporario,temporario,0.8,0.19999999999999996,False,98,139,0,7609597.0,0.138,0.03,0.12063832026847152,0.010583740505574736
choque_20pct_temporario,temporario,0.8,0.19999999999999996,False,98,139,1,7652724.38733265,0.14039181650999813,0.030000000000000027,0.11859183719691781,0.007984885903803248
choque_20pct_temporario,temporario,0.8,0.19999999999999996,False,98,139,2,7791176.984601235,0.13522708141572493,0.024176573067919094,0.12056388131881558,0.0029782509548097824
choque_20pct_temporario,temporario,0.8,0.19999999999999996,False,98,139,3,8077587.527142993,0.12298341873572093,0.026879518518780676,0.11085046237074993,0.006609840584271137
choque_20pct_temporario,temporario,0.8,0.19999999999999996,False,98,139,4,8396773.557631504,0.1074262511673506,0.031023745620961884,0.10331439728094882,0.005231938978961271
choque_20pct_temporario,temporario,0.8,0.19999999999999996,False,98,139,5,8598374.049864193,0.09570924069417863,0.050234120362122825,0.09663785689092694,0.012011504155948293
choque_20pct_temporario,temporario,0.8,0.19999999999999996,False,98,139,6,8851955.479815416,0.0863126015193197,0.06646638846085606,0.09767735297616278,0.011659745160978653
choque_20pct_temporario,temporario,0.8,0.19999999999999996,False,98,139,7,8906265.800390627,0.09243188671702042,0.09345160315175649,0.10424880278720527,0.014799210410876323
choque_20pct_temporario,temporario,0.8,0.19999999999999996,False,98,139,8,8827961.626772046,0.1085239670067143,0.10813829857763047,0.12693394134196517,0.010510324442591612
choque_20pct_temporario,temporario,0.8,0.19999999999999996,False,98,139,9,8686893.438204752,0.12392555478088159,0.113275089058821,0.14747384085548776,0.00411097197146972
choque_20pct_temporario,temporario,0.8,0.19999999999999996,False,98,139,10,8570488.181453481,0.1337731059836444,0.10274002816337569,0.1630370963690899,-0.007424358133043121
choque_20pct_temporario,temporario,0.8,0.19999999999999996,False,98,139,11,8547168.927477106,0.13689981418142622,0.08692912487549331,0.1695330236685146,-0.018001371440075322
choque_20pct_temporario,temporario,0.8,0.19999999999999996,False,98,139,12,8552258.058011808,0.1373510643530848,0.06688480485292936,0.1726889603738537,-0.027467991008764094
choque_20pct_temporario,temporario,0.8,0.19999999999999996,False,98,139,13,8820954.10319043,0.12090723822185026,0.04966076682230236,0.16210680126794186,-0.030963286218745778
choque_20pct_temporario,temporario,0.8,0.19999999999999996,False,98,139,14,9463780.538850885,0.09443880955184732,0.04040510050064361,0.13978369542213134,-0.025007977664504785
choque_20pct_temporario,temporario,0.8,0.19999999999999996,False,98,139,15,9867005.28050274,0.0709139792342853,0.05039253544049771,0.12338066278403458,-0.01764067748992535
choque_20pct_temporario,temporario,0.8,0.19999999999999996,False,98,139,16,10338478.170055287,0.05473645531947728,0.07973888814625507,0.1118686751686183,-0.01175994851735459
choque_20pct_temporario,temporario,0.8,0.19999999999999996,False,98,139,17,10682026.961026631,0.05356678238077388,0.13139395954326427,0.10979291107770306,-0.00014666729209993325
choque_20pct_temporario,temporario,0.8,0.19999999999999996,False,98,139,18,10917714.438815927,0.06006191862492628,0.18371455278530702,0.12702794556573266,0.00924273935704105
choque_20pct_temporario,temporario,0.8,0.19999999999999996,False,98,139,19,10938718.87241851,0.07362698245958603,0.22065737240892402,0.14880187486841054,0.013611736962774594
choque_20pct_temporario,temporario,0.8,0.19999999999999996,False,98,139,20,10854508.592286617,0.08191309305411365,0.2307951725844095,0.1709824112067035,0.005874755884303623
choque_20pct_temporario,temporario,0.8,0.19999999999999996,False,98,139,21,10667579.35069381,0.09282043960298693,0.22116302044053282,0.18477393589017568,-0.007155452595738369
choque_20pct_temporario,temporario,0.8,0.19999999999999996,False,98,139,22,10382176.466468874,0.10533727864758742,0.194372840012085,0.20352248518856647,-0.024291934845225658
choque_20pct_temporario,temporario,0.8,0.19999999999999996,False,98,139,23,10374512.21773405,0.10160535968192135,0.16259833760998132,0.20652449962674718,-0.04017007828118724
choque_20pct_temporario,temporario,0.8,0.19999999999999996,False,98,139,24,10657968.136216762,0.08588982848159722,0.13223288367420571,0.1932843343128311,-0.048301635849537686
choque_20pct_temporario,temporario,0.8,0.19999999999999996,False,98,139,25,11177820.440484865,0.06199349072625029,0.11707940010998397,0.17333243144793214,-0.04359801618810104
choque_20pct_temporario,temporario,0.8,0.19999999999999996,False,99,140,0,7609597.0,0.138,0.03,0.12063832026847152,0.010583740505574736
choque_20pct_temporario,temporario,0.8,0.19999999999999996,False,99,140,1,7652724.38733265,0.14039181650999813,0.030000000000000027,0.11859183719691781,0.007984885903803248
choque_20pct_temporario,temporario,0.8,0.19999999999999996,False,99,140,2,7795327.83536456,0.13522708141572493,0.024174051391479878,0.12047902239624562,0.0026796102647845804
choque_20pct_temporario,temporario,0.8,0.19999999999999996,False,99,140,3,8075055.299517041,0.12307489409115986,0.026902124736925215,0.11074995544754243,0.007937866252290222
choque_20pct_temporario,temporario,0.8,0.19999999999999996,False,99,140,4,8390549.284744043,0.10692613401726477,0.031011507185691123,0.10355406861179088,0.008436292792070154
choque_20pct_temporario,temporario,0.8,0.19999999999999996,False,99,140,5,8586774.653304355,0.09704830856215833,0.04893646058175105,0.09909086502313028,0.011377427930576257
choque_20pct_temporario,temporario,0.8,0.19999999999999996,False,99,140,6,8739653.054978458,0.09355790802058296,0.06529785057548754,0.10272097392511297,0.009911798951174559
choque_20pct_temporario,temporario,0.8,0.19999999999999996,False,99,140,7,8829546.329973124,0.09926542445396286,0.08732897131961637,0.11007477780983183,0.010388248684144138
choque_20pct_temporario,temporario,0.8,0.19999999999999996,False,99,140,8,8887124.684364662,0.10463908187866679,0.09909796323388798,0.12309939488211341,0.01042558732746647
choque_20pct_temporario,temporario,0.8,0.19999999999999996,False,99,140,9,8844916.991746716,0.10896743344571436,0.10548716375030831,0.135277791791487,0.004996868575638277
choque_20pct_temporario,temporario,0.8,0.19999999999999996,False,99,140,10,8775006.295766737,0.12023076218324913,0.10348195477156974,0.14975512330201693,-0.004181598814206446
choque_20pct_temporario,temporario,0.8,0.19999999999999996,False,99,140,11,8661381.7177235,0.13147809976370503,0.09354137594774747,0.16484632523701792,-0.012653160121194239
choque_20pct_temporario,temporario,0.8,0.19999999999999996,False,99,140,12,8665706.125553139,0.131762460118428,0.07874189702143086,0.17056396016353112,-0.02254808652613147
choque_20pct_temporario,temporario,0.8,0.19999999999999996,False,99,140,13,8846362.441304915,0.12575005061147568,0.06214151234925813,0.16570839549292596,-0.028958333987427896
choque_20pct_temporario,temporario,0.8,0.19999999999999996,False,99,140,14,9187520.361926548,0.1090507552789868,0.05026779081019361,0.15410342955592246,-0.028347653489161302
choque_20pct_temporario,temporario,0.8,0.19999999999999996,False,99,140,15,9836806.101877386,0.07802867896690709,0.048182118132017226,0.133136136965958,-0.024420839045287003
choque_20pct_temporario,temporario,0.8,0.19999999999999996,False,99,140,16,10324753.482108168,0.055434612632720856,0.0719477621943736,0.11319673646173678,-0.011463860826642035
choque_20pct_temporario,temporario,0.8,0.19999999999999996,False,99,140,17,10704040.810401624,0.04915748063684194,0.11897841858928837,0.10682648022597428,5.652231344383874e-05
choque_20pct_temporario,temporario,0.8,0.19999999999999996,False,99,140,18,10864590.281637724,0.06027630700807308,0.17894120589147944,0.12155722670714476,0.012695747799660716
choque_20pct_temporario,temporario,0.8,0.19999999999999996,False,99,140,19,10888859.417239368,0.07981211561240203,0.21580232911425123,0.15511117969852314,0.010968070190173589
choque_20pct_temporario,temporario,0.8,0.19999999999999996,False,99,140,20,10885493.338528672,0.08483517230921112,0.22360644041404143,0.1732973334244515,0.005487875108941544
choque_20pct_temporario,temporario,0.8,0.19999999999999996,False,99,140,21,10718492.624511834,0.08427828635303002,0.21374967582290982,0.17912664132211414,-0.006338834930646783
choque_20pct_temporario,temporario,0.8,0.19999999999999996,False,99,140,22,10537162.006329235,0.09434102102316239,0.19490353709957287,0.19046270433515783,-0.019247299029795824
choque_20pct_temporario,temporario,0.8,0.19999999999999996,False,99,140,23,10513349.099884726,0.0973048697359726,0.16859948725166984,0.20236697100226683,-0.03594075588795354
choque_20pct_temporario,temporario,0.8,0.19999999999999996,False,99,140,24,10614587.147923553,0.09143383682244212,0.14486964119834345,0.19740972865610562,-0.04365681999595168
choque_20pct_temporario,temporario,0.8,0.19999999999999996,False,99,140,25,11212438.63132221,0.06294948391191912,0.12527962824730587,0.1779924011013125,-0.04165481397098635
choque_20pct_temporario,temporario,0.8,0.19999999999999996,False,100,141,0,7609597.0,0.138,0.03,0.12063832026847152,0.010583740505574736
choque_20pct_temporario,temporario,0.8,0.19999999999999996,False,100,141,1,7652724.38733265,0.14039181650999813,0.030000000000000027,0.11859183719691781,0.007984885903803248
choque_20pct_temporario,temporario,0.8,0.19999999999999996,False,100,141,2,7822240.22552026,0.13522711927864675,0.02419579929599891,0.12044990292903582,0.0077188554837203625
choque_20pct_temporario,temporario,0.8,0.19999999999999996,False,100,141,3,7988013.693750611,0.1261973454419161,0.02679736935593513,0.11425573544146683,0.004003712692359937
choque_20pct_temporario,temporario,0.8,0.19999999999999996,False,100,141,4,8321407.764512992,0.11294184618736966,0.02967880280855928,0.106573375233791,0.004700691061358224
choque_20pct_temporario,temporario,0.8,0.19999999999999996,False,100,141,5,8617094.441646433,0.09618894573439686,0.04543799551739425,0.0979859451342186,0.010244622588814926
choque_20pct_temporario,temporario,0.8,0.19999999999999996,False,100,141,6,8849007.336897453,0.08596429488093273,0.06218164633612777,0.09619218396426711,0.009877362167332785
choque_20pct_temporario,temporario,0.8,0.19999999999999996,False,100,141,7,8954790.951838711,0.0881302939733019,0.08908135425982744,0.10091255523546751,0.017174550496942175
choque_20pct_temporario,temporario,0.8,0.19999999999999996,False,100,141,8,8903968.641951757,0.10102141417898156,0.10854973838966742,0.12052156938909443,0.012118376110641349
choque_20pct_temporario,temporario,0.8,0.19999999999999996,False,100,141,9,8764837.980986,0.11996366553863956,0.11827819228705416,0.14261808211208643,0.007985787428765824
choque_20pct_temporario,temporario,0.8,0.19999999999999996,False,100,141,10,8619201.8041209,0.13228707929139383,0.11033134682408874,0.1629904162906516,-0.005810439028222562
choque_20pct_temporario,temporario,0.8,0.19999999999999996,False,100,141,11,8534774.853670772,0.141485754000836,0.09358421090220981,0.17316327087170155,-0.017284411705418747
choque_20pct_temporario,temporario,0.8,0.19999999999999996,False,100,141,12,8584757.187829295,0.14177621667597196,0.07105267329126597,0.17589262211319096,-0.02830920679684941
choque_20pct_temporario,temporario,0.8,0.19999999999999996,False,100,141,13,8889354.914585115,0.12603145011858238,0.049838535574599385,0.1657765830902267,-0.03346461200957443
choque_20pct_temporario,temporario,0.8,0.19999999999999996,False,100,141,14,9293065.833377529,0.10279309147029046,0.03764702069396586,0.14846746672661065,-0.029761147210467506
choque_20pct_temporario,temporario,0.8,0.19999999999999996,False,100,141,15,9834510.730156988,0.07799314234699846,0.04010261244840718,0.13117405571123558,-0.027658955039463178
choque_20pct_temporario,temporario,0.8,0.19999999999999996,False,100,141,16,10214580.94859057,0.06422290046719807,0.06532612894923062,0.11834150202335478,-0.017634941709324135
choque_20pct_temporario,temporario,0.8,0.19999999999999996,False,100,141,17,10540598.276595242,0.05714208831036478,0.10716473903150625,0.11650796308273452,-0.0077311782396350445
choque_20pct_temporario,temporario,0.8,0.19999999999999996,False,100,141,18,10903323.48593845,0.05638341431795154,0.15559794450785325,0.12091397087081503,0.007005267416275451
choque_20pct_temporario,temporario,0.8,0.19999999999999996,False,100,141,19,11056314.016658833,0.06279495681416988,0.20400095035485388,0.13468573063664444,0.01349878156711435
choque_20pct_temporario,temporario,0.8,0.19999999999999996,False,100,141,20,11090814.257886231,0.07250449755022219,0.22798995822005952,0.1563616031136396,0.010126243978835677
choque_20pct_temporario,temporario,0.8,0.19999999999999996,False,100,141,21,10986659.241195954,0.08197817565696108,0.23540756200355317,0.1736521983158928,0.0025790653977121472
choque_20pct_temporario,temporario,0.8,0.19999999999999996,False,100,141,22,10812739.867943257,0.08999739902970859,0.21921954203249072,0.189997982344585,-0.011548367484397162
choque_20pct_temporario,temporario,0.8,0.19999999999999996,False,100,141,23,10610426.062648432,0.09771283631463347,0.1948403471714053,0.2019448030006699,-0.025891722684091525
choque_20pct_temporario,temporario,0.8,0.19999999999999996,False,100,141,24,10611585.865604583,0.0969167708588822,0.1633954249310272,0.20667360746752825,-0.04211969783413289
choque_20pct_temporario,temporario,0.8,0.19999999999999996,False,100,141,25,10806333.716657527,0.08338928042383043,0.13841271143855383,0.1969368542200202,-0.05059841346072148
