cenario,tipo_choque,multiplicador_produtividade,perda_produtividade,choque_permanente,simulacao,seed,periodo,pib_real,taxa_desemprego,inflacao,deficit_governo,deficit_externo
choque_20pct_permanente,permanente,0.8,0.19999999999999996,True,1,42,0,7609597.0,0.138,0.03,0.12063832026847152,0.010583740505574736
choque_20pct_permanente,permanente,0.8,0.19999999999999996,True,1,42,1,7652724.38733265,0.14039181650999813,0.030000000000000027,0.11859183719691781,0.007984885903803248
choque_20pct_permanente,permanente,0.8,0.19999999999999996,True,1,42,2,7801103.962356615,0.13522744274108023,0.02418925667905869,0.12049839550176797,0.0062871968075281755
choque_20pct_permanente,permanente,0.8,0.19999999999999996,True,1,42,3,8022931.17537678,0.12581917429507655,0.026808879878366332,0.11284390543883532,0.005699729118197142
choque_20pct_permanente,permanente,0.8,0.19999999999999996,True,1,42,4,8394049.117589632,0.11075441073636484,0.029794467562436644,0.10562257887155795,0.0052840663367776635
choque_20pct_permanente,permanente,0.8,0.19999999999999996,True,1,42,5,8564262.248343265,0.09834833057900336,0.04660804671565244,0.09944139427595304,0.00811418508258844
choque_20pct_permanente,permanente,0.8,0.19999999999999996,True,1,42,6,8724751.177003263,0.09272488672310845,0.06630493323456466,0.10083994641799401,0.010945827474797115
choque_20pct_permanente,permanente,0.8,0.19999999999999996,True,1,42,7,8797168.604121802,0.09332642023080592,0.09127367465048586,0.10749820107062037,0.012804736167459519
choque_20pct_permanente,permanente,0.8,0.19999999999999996,True,1,42,8,8811608.55451508,0.09927766358776331,0.11104684359235883,0.12063343014064515,0.010406752467662548
choque_20pct_permanente,permanente,0.8,0.19999999999999996,True,1,42,9,8697303.847265404,0.1124163000056272,0.12446250638948952,0.13772918993122796,0.005885747084039931
choque_20pct_permanente,permanente,0.8,0.19999999999999996,True,1,42,10,8533080.416680872,0.12835222913020414,0.12333732687003862,0.15882429168625073,-0.0021841085244616826
choque_20pct_permanente,permanente,0.8,0.19999999999999996,True,1,42,11,8308447.048401721,0.14447450681687798,0.11241549593484357,0.17674761529687869,-0.013779917867513857
choque_20pct_permanente,permanente,0.8,0.19999999999999996,True,1,42,12,8164976.458340095,0.15130785890387555,0.09229731300587551,0.18791952561413328,-0.02924432102706861
choque_20pct_permanente,permanente,0.8,0.19999999999999996,True,1,42,13,8259772.618335702,0.14602687769242712,0.07110911525256092,0.18324440565395853,-0.039844684148679796
choque_20pct_permanente,permanente,0.8,0.19999999999999996,True,1,42,14,8470757.7786719,0.13156697527313804,0.053649674615855236,0.17135009431789897,-0.04350962319343324
choque_20pct_permanente,permanente,0.8,0.19999999999999996,True,1,42,15,9026724.714123897,0.10458854527980915,0.04333756003729006,0.1508355638167614,-0.03627471101377378
choque_20pct_permanente,permanente,0.8,0.19999999999999996,True,1,42,16,9393512.428646041,0.08036495898205204,0.047976330253860944,0.1352387025136554,-0.033490338107159595
choque_20pct_permanente,permanente,0.8,0.19999999999999996,True,1,42,17,9649548.257737283,0.06736264456957385,0.06968232558061094,0.12789673765624401,-0.028562787043291085
choque_20pct_permanente,permanente,0.8,0.19999999999999996,True,1,42,18,9882055.427724972,0.0639611775173509,0.10480075660940136,0.1287913762614264,-0.023235160635206784
choque_20pct_permanente,permanente,0.8,0.19999999999999996,True,1,42,19,10143619.23926971,0.06476842803483339,0.14297556141422185,0.13670970240373806,-0.016745472902682797
choque_20pct_permanente,permanente,0.8,0.19999999999999996,True,1,42,20,10223341.338045692,0.06612641337942828,0.17760883686354578,0.14853928496041338,-0.014098271768690428
choque_20pct_permanente,permanente,0.8,0.19999999999999996,True,1,42,21,10367800.71759999,0.06831281450763134,0.20306118214406177,0.15700381478888348,-0.011207045149897604
choque_20pct_permanente,permanente,0.8,0.19999999999999996,True,1,42,22,10373726.169692716,0.07043882680879017,0.22084454760950312,0.16663183531486658,-0.015841147099164073
choque_20pct_permanente,permanente,0.8,0.19999999999999996,True,1,42,23,10334774.89484766,0.07510584502489835,0.22768640953195463,0.17756303999092551,-0.0242659158769676
choque_20pct_permanente,permanente,0.8,0.19999999999999996,True,1,42,24,10235981.82587138,0.08489599529870098,0.2251135028804152,0.1894708642452399,-0.031407510438601204
choque_20pct_permanente,permanente,0.8,0.19999999999999996,True,1,42,25,10118949.547131062,0.08740892088678852,0.21070957232968923,0.20094372053618104,-0.04611547601248286
choque_20pct_permanente,permanente,0.8,0.19999999999999996,True,2,43,0,7609597.0,0.138,0.03,0.12063832026847152,0.010583740505574736
choque_20pct_permanente,permanente,0.8,0.19999999999999996,True,2,43,1,7652724.38733265,0.14039181650999813,0.030000000000000027,0.11859183719691781,0.007984885903803248
choque_20pct_permanente,permanente,0.8,0.19999999999999996,True,2,43,2,7795020.874483838,0.13522708141572493,0.024191530163762076,0.12053436588815551,0.006861983543173556
choque_20pct_permanente,permanente,0.8,0.19999999999999996,True,2,43,3,8037316.46680246,0.12476063426065676,0.026811775187928433,0.11260565842351052,0.00624820585705405
choque_20pct_permanente,permanente,0.8,0.19999999999999996,True,2,43,4,8348844.63122399,0.11108254305111744,0.030217521397929215,0.10567504655299073,0.007147843342347539
choque_20pct_permanente,permanente,0.8,0.19999999999999996,True,2,43,5,8556062.458413733,0.0998210357204504,0.046635982950711696,0.10069093479926962,0.008850873625693359
choque_20pct_permanente,permanente,0.8,0.19999999999999996,True,2,43,6,8722869.570470665,0.09081544001725082,0.06646282729353459,0.10030170580608366,0.009261041594962771
choque_20pct_permanente,permanente,0.8,0.19999999999999996,True,2,43,7,8855688.661642961,0.09083836404817917,0.09294131498632363,0.10361171930797003,0.012655741073264669
choque_20pct_permanente,permanente,0.8,0.19999999999999996,True,2,43,8,8834151.049965817,0.09943344580229663,0.11384550055947784,0.11902433743501323,0.014001300639264917
choque_20pct_permanente,permanente,0.8,0.19999999999999996,True,2,43,9,8714397.828539873,0.11421973897422931,0.1262921968814894,0.1391463267732944,0.007561249895344031
choque_20pct_permanente,permanente,0.8,0.19999999999999996,True,2,43,10,8494146.511380315,0.13154241903340588,0.12447265450987577,0.16116427529730204,-0.0021497584958478626
choque_20pct_permanente,permanente,0.8,0.19999999999999996,True,2,43,11,8274026.518310391,0.14559596128639854,0.111670378320752,0.17905917599031337,-0.016504127083191895
choque_20pct_permanente,permanente,0.8,0.19999999999999996,True,2,43,12,8146121.965003913,0.15466481413976718,0.09038109004443906,0.19006900718087305,-0.031651285544690204
choque_20pct_permanente,permanente,0.8,0.19999999999999996,True,2,43,13,8130209.01409623,0.15375462319839758,0.06718380340117669,0.19064232231726563,-0.041810893125172104
choque_20pct_permanente,permanente,0.8,0.19999999999999996,True,2,43,14,8417727.483621918,0.13601378370483783,0.04728641696941094,0.17562790504141482,-0.04559267195646368
choque_20pct_permanente,permanente,0.8,0.19999999999999996,True,2,43,15,8940298.618472818,0.10944219973700714,0.036736837599892436,0.15359350829008608,-0.04186352406883291
choque_20pct_permanente,permanente,0.8,0.19999999999999996,True,2,43,16,9432102.592175087,0.08343319057593568,0.03886565583661539,0.13604073217803045,-0.03622368400858964
choque_20pct_permanente,permanente,0.8,0.19999999999999996,True,2,43,17,9718573.023854202,0.0677001393563882,0.05888965048697892,0.12635251770007913,-0.028809612761390258
choque_20pct_permanente,permanente,0.8,0.19999999999999996,True,2,43,18,9963339.501693409,0.06175213778818011,0.093670342653974,0.12666554721717402,-0.0265183105542039
choque_20pct_permanente,permanente,0.8,0.19999999999999996,True,2,43,19,10139899.938730776,0.06441622035930408,0.13718056684010538,0.134041139419711,-0.01865983318328783
choque_20pct_permanente,permanente,0.8,0.19999999999999996,True,2,43,20,10344512.79211685,0.0634830206624623,0.17628235488935928,0.14449860449728336,-0.013432308480138974
choque_20pct_permanente,permanente,0.8,0.19999999999999996,True,2,43,21,10458917.998555632,0.06092528360787738,0.21212875038221668,0.14914216414659076,-0.007923287388452282
choque_20pct_permanente,permanente,0.8,0.19999999999999996,True,2,43,22,10504898.439537423,0.06644741848941603,0.2383475269758235,0.15928681088633231,-0.009566248363958293
choque_20pct_permanente,permanente,0.8,0.19999999999999996,True,2,43,23,10301576.002356542,0.08420712935394306,0.2485468644470532,0.18296616096639165,-0.016988659311359837
choque_20pct_permanente,permanente,0.8,0.19999999999999996,True,2,43,24,10100042.608541625,0.09650016147675326,0.23558843965820775,0.20557766987649606,-0.03383639894817324
choque_20pct_permanente,permanente,0.8,0.19999999999999996,True,2,43,25,9915773.316294195,0.10305502228867577,0.2123478149228275,0.21160195227932083,-0.0492578277840475
choque_20pct_permanente,permanente,0.8,0.19999999999999996,True,3,44,0,7609597.0,0.138,0.03,0.12063832026847152,0.010583740505574736
choque_20pct_permanente,permanente,0.8,0.19999999999999996,True,3,44,1,7652724.38733265,0.14039181650999813,0.030000000000000027,0.11859183719691781,0.007984885903803248
choque_20pct_permanente,permanente,0.8,0.19999999999999996,True,3,44,2,7809568.471876611,0.13522708141572493,0.024184146560761954,0.12045454734906626,0.004914800534182451
choque_20pct_permanente,permanente,0.8,0.19999999999999996,True,3,44,3,8040221.635573903,0.126620717904688,0.02683058200310473,0.1129004970675796,0.005202146882133367
choque_20pct_permanente,permanente,0.8,0.19999999999999996,True,3,44,4,8301408.8178097345,0.11185275020171319,0.02943467336483363,0.1069562413332863,0.006637518469462689
choque_20pct_permanente,permanente,0.8,0.19999999999999996,True,3,44,5,8584388.96835187,0.09862100617215445,0.04563946118372342,0.09897108754717578,0.01015586463762478
choque_20pct_permanente,permanente,0.8,0.19999999999999996,True,3,44,6,8771737.38292926,0.08862129723812691,0.06439408031918004,0.09935436481470122,0.009477155588123521
choque_20pct_permanente,permanente,0.8,0.19999999999999996,True,3,44,7,8867448.331309281,0.09171320805837511,0.09360748924427575,0.10341578753244574,0.014854512783183208
choque_20pct_permanente,permanente,0.8,0.19999999999999996,True,3,44,8,8806577.601234747,0.10389508358963552,0.11412393683637712,0.12208506031242057,0.013399710283257937
choque_20pct_permanente,permanente,0.8,0.19999999999999996,True,3,44,9,8658951.474074366,0.1196598794403084,0.1255761457318869,0.14276483877775503,0.008510832928852121
choque_20pct_permanente,permanente,0.8,0.19999999999999996,True,3,44,10,8422077.008258462,0.1366175152491359,0.1207212830363269,0.16541366827440576,-0.0050560900447971565
choque_20pct_permanente,permanente,0.8,0.19999999999999996,True,3,44,11,8250542.992787855,0.15146604107911035,0.10585119467916626,0.1808832681581449,-0.017334088772192932
choque_20pct_permanente,permanente,0.8,0.19999999999999996,True,3,44,12,8136167.794306855,0.15668097278259888,0.08254770657996291,0.1909338971881159,-0.03408098872470244
choque_20pct_permanente,permanente,0.8,0.19999999999999996,True,3,44,13,8191353.505961518,0.15441416232617308,0.058801134558774004,0.1887452773351598,-0.04435944648037953
choque_20pct_permanente,permanente,0.8,0.19999999999999996,True,3,44,14,8453838.738348909,0.13816710477427702,0.038559262979557696,0.17537919681372757,-0.04656857564038802
choque_20pct_permanente,permanente,0.8,0.19999999999999996,True,3,44,15,9052727.677244687,0.10715074734442258,0.028548551646275122,0.1510642272644303,-0.04047763506543609
choque_20pct_permanente,permanente,0.8,0.19999999999999996,True,3,44,16,9409335.204869786,0.08285576872128685,0.03626734027402145,0.13343411802021285,-0.03460248351488052
choque_20pct_permanente,permanente,0.8,0.19999999999999996,True,3,44,17,9713932.430435047,0.0689709195820767,0.05935839001094667,0.12585203411242887,-0.02984418727434727
choque_20pct_permanente,permanente,0.8,0.19999999999999996,True,3,44,18,9966421.293819124,0.06476182000794646,0.0976961253045372,0.12598059113365306,-0.02331828405723752
choque_20pct_permanente,permanente,0.8,0.19999999999999996,True,3,44,19,10166993.471445423,0.06469356449269296,0.13886457050811463,0.13465644053350226,-0.01930315925288778
choque_20pct_permanente,permanente,0.8,0.19999999999999996,True,3,44,20,10288542.385541355,0.06726835208071894,0.17727045091602855,0.1450338324952861,-0.011682613942278989
choque_20pct_permanente,permanente,0.8,0.19999999999999996,True,3,44,21,10407206.30616148,0.06934315537771812,0.205242114233241,0.1565827044745113,-0.010786484168518337
choque_20pct_permanente,permanente,0.8,0.19999999999999996,True,3,44,22,10215377.368539978,0.08175458138597858,0.2216310941048536,0.17469502108244875,-0.018082893273719987
choque_20pct_permanente,permanente,0.8,0.19999999999999996,True,3,44,23,10083695.184532221,0.0979044672947856,0.21880595420383853,0.1947488523935145,-0.027118031906050312
choque_20pct_permanente,permanente,0.8,0.19999999999999996,True,3,44,24,9887418.3166768,0.1012242335405701,0.2013030668876008,0.20719491232689388,-0.04365014859101379
choque_20pct_permanente,permanente,0.8,0.19999999999999996,True,3,44,25,9857643.381918736,0.09712536597216696,0.17948319950437375,0.2045259062922716,-0.0575390537147852
choque_20pct_permanente,permanente,0.8,0.19999999999999996,True,4,45,0,7609597.0,0.138,0.03,0.12063832026847152,0.010583740505574736
choque_20pct_permanente,permanente,0.8,0.19999999999999996,True,4,45,1,7652724.38733265,0.14039181650999813,0.030000000000000027,0.11859183719691781,0.007984885903803248
choque_20pct_permanente,permanente,0.8,0.19999999999999996,True,4,45,2,7814812.885350098,0.1352272363957795,0.024167914260627477,0.12047025073739162,0.0002517658046662367
choque_20pct_permanente,permanente,0.8,0.19999999999999996,True,4,45,3,8061832.066014055,0.12454088935781311,0.02691702625247161,0.11091685391220972,0.005843555817130261
choque_20pct_permanente,permanente,0.8,0.19999999999999996,True,4,45,4,8416869.697292035,0.10590819741008001,0.030404630255944864,0.10248911947636828,0.00711891178292889
choque_20pct_permanente,permanente,0.8,0.19999999999999996,True,4,45,5,8655664.662766768,0.09211031051063592,0.050091218475142085,0.09446236621103425,0.012357968451388134
choque_20pct_permanente,permanente,0.8,0.19999999999999996,True,4,45,6,8753249.593412561,0.09113599929572283,0.07390323861501202,0.09853857722276592,0.013389718627482602
choque_20pct_permanente,permanente,0.8,0.19999999999999996,True,4,45,7,8758233.386583913,0.10353899852273088,0.09984718994256503,0.11222130469104792,0.014198367027788473
choque_20pct_permanente,permanente,0.8,0.19999999999999996,True,4,45,8,8640259.7981988,0.11919917160201209,0.11182412656458385,0.13560494923614813,0.008619696270731737
choque_20pct_permanente,permanente,0.8,0.19999999999999996,True,4,45,9,8475454.206274591,0.13163412781161654,0.1140042450626626,0.1531858391120371,-0.001910607010779152
choque_20pct_permanente,permanente,0.8,0.19999999999999996,True,4,45,10,8284967.930735073,0.14355285190574701,0.10373649352345504,0.16888268305391874,-0.012578856503955353
choque_20pct_permanente,permanente,0.8,0.19999999999999996,True,4,45,11,8179301.868493975,0.15182731057652377,0.08729336111365815,0.17900788227956618,-0.02290827770622212
choque_20pct_permanente,permanente,0.8,0.19999999999999996,True,4,45,12,8126111.403428739,0.1545274220108846,0.06770206825323144,0.18362983606044642,-0.0367079314472147
choque_20pct_permanente,permanente,0.8,0.19999999999999996,True,4,45,13,8311166.939604522,0.14531055225455147,0.04985663097977722,0.17511526483036077,-0.04492286789744184
choque_20pct_permanente,permanente,0.8,0.19999999999999996,True,4,45,14,8739946.153454348,0.12193962028354279,0.036844173619741794,0.15639888774860047,-0.041026923070295054
choque_20pct_permanente,permanente,0.8,0.19999999999999996,True,4,45,15,9248962.7165953,0.09344772813190073,0.034877973274065166,0.13705477408116398,-0.03597718187952976
choque_20pct_permanente,permanente,0.8,0.19999999999999996,True,4,45,16,9616003.699662605,0.07228877850300619,0.04906402321910086,0.12462244217879913,-0.030178592057657376
choque_20pct_permanente,permanente,0.8,0.19999999999999996,True,4,45,17,9775500.073713906,0.06495781747787811,0.08103981608062161,0.12184797564645733,-0.026545333198122672
choque_20pct_permanente,permanente,0.8,0.19999999999999996,True,4,45,18,9983305.503927182,0.06983217891480117,0.12126909084790105,0.13005024457577524,-0.02006016612988073
choque_20pct_permanente,permanente,0.8,0.19999999999999996,True,4,45,19,10099202.637259182,0.0726121512827996,0.15563245487513844,0.1460532982874891,-0.017149481354131788
choque_20pct_permanente,permanente,0.8,0.19999999999999996,True,4,45,20,10128172.215027045,0.07686645095838332,0.18266890715626216,0.15684778338179065,-0.01605995107652662
choque_20pct_permanente,permanente,0.8,0.19999999999999996,True,4,45,21,10146256.228226438,0.084129267190049,0.19412164604927917,0.17022880559983475,-0.02050923843081201
choque_20pct_permanente,permanente,0.8,0.19999999999999996,True,4,45,22,10054389.495139843,0.08975966732784071,0.19340367214605547,0.18318986202863285,-0.027473798395312825
choque_20pct_permanente,permanente,0.8,0.19999999999999996,True,4,45,23,10052449.264917279,0.08593770568118747,0.18319277449663018,0.18848274170959298,-0.03638044505746399
choque_20pct_permanente,permanente,0.8,0.19999999999999996,True,4,45,24,10072798.192144698,0.08424450599678446,0.17655357239289104,0.18694978951257066,-0.047336080569723396
choque_20pct_permanente,permanente,0.8,0.19999999999999996,True,4,45,25,10152424.410594337,0.0816376190147681,0.16856084615033784,0.18836870784610338,-0.05208183039575157
choque_20pct_permanente,permanente,0.8,0.19999999999999996,True,5,46,0,7609597.0,0.138,0.03,0.12063832026847152,0.010583740505574736
choque_20pct_permanente,permanente,0.8,0.19999999999999996,True,5,46,1,7652724.38733265,0.14039181650999813,0.030000000000000027,0.11859183719691781,0.007984885903803248
choque_20pct_permanente,permanente,0.8,0.19999999999999996,True,5,46,2,7797215.319153447,0.13522708141572493,0.024179487090514318,0.12051989825221197,0.0041342857537788645
choque_20pct_permanente,permanente,0.8,0.19999999999999996,True,5,46,3,8035873.995249559,0.12508298596838335,0.02687093670821583,0.11205807000098585,0.004644653766855659
choque_20pct_permanente,permanente,0.8,0.19999999999999996,True,5,46,4,8390869.856344638,0.10862684435133034,0.030136559988063416,0.10364952165876039,0.005818291909813966
choque_20pct_permanente,permanente,0.8,0.19999999999999996,True,5,46,5,8654443.090787942,0.09245766970269671,0.048571216789981,0.09497421085515824,0.014876471604904417
choque_20pct_permanente,permanente,0.8,0.19999999999999996,True,5,46,6,8774879.968809158,0.08737037057388143,0.07125764881202556,0.09741437451915545,0.013096148315909929
choque_20pct_permanente,permanente,0.8,0.19999999999999996,True,5,46,7,8782733.153487882,0.09880728269219682,0.10067995882635161,0.10899722705443193,0.014288114521703794
choque_20pct_permanente,permanente,0.8,0.19999999999999996,True,5,46,8,8668952.6800357,0.1136061270759154,0.11558146323049079,0.13322014975918323,0.009468188629794571
choque_20pct_permanente,permanente,0.8,0.19999999999999996,True,5,46,9,8482669.234683404,0.12916088842998732,0.12057389166316401,0.15266183546435438,0.001634782545419056
choque_20pct_permanente,permanente,0.8,0.19999999999999996,True,5,46,10,8312105.294950305,0.13984534551229724,0.11029369162623492,0.1700870043665997,-0.014450648765605057
choque_20pct_permanente,permanente,0.8,0.19999999999999996,True,5,46,11,8197443.443247166,0.1487834932463556,0.09439765911652498,0.17859745737706112,-0.022035879746719573
choque_20pct_permanente,permanente,0.8,0.19999999999999996,True,5,46,12,8259793.809640571,0.14458242827250772,0.07248103658917682,0.1800499966481842,-0.034034711520140225
choque_20pct_permanente,permanente,0.8,0.19999999999999996,True,5,46,13,8388249.8239149405,0.1363602900485266,0.05519182265286715,0.17233406980671837,-0.041153986471492814
choque_20pct_permanente,permanente,0.8,0.19999999999999996,True,5,46,14,8843789.349398283,0.11270579970808883,0.04323073488879592,0.15364671747603428,-0.03871296764754415
choque_20pct_permanente,permanente,0.8,0.19999999999999996,True,5,46,15,9332500.554802267,0.08499888881607841,0.04712177893488412,0.13230661267365826,-0.03224101836625265
choque_20pct_permanente,permanente,0.8,0.19999999999999996,True,5,46,16,9670001.988727598,0.06327509217248005,0.06758879633977988,0.11972329800912253,-0.025862002827010018
choque_20pct_permanente,permanente,0.8,0.19999999999999996,True,5,46,17,9894070.211449938,0.05997455219159501,0.10738562690932296,0.11683254889718984,-0.016989873286584464
choque_20pct_permanente,permanente,0.8,0.19999999999999996,True,5,46,18,9986190.65332112,0.06778347701329436,0.15074384365550686,0.1329435969976948,-0.012629351896757325
choque_20pct_permanente,permanente,0.8,0.19999999999999996,True,5,46,19,9994481.980997851,0.0802068974087717,0.18427498615161642,0.1535537292803462,-0.011365931769292107
choque_20pct_permanente,permanente,0.8,0.19999999999999996,True,5,46,20,9978659.749727545,0.08649779426044633,0.19732133486061088,0.17081196758832135,-0.016120113621422294
choque_20pct_permanente,permanente,0.8,0.19999999999999996,True,5,46,21,9870116.154314406,0.09435241041877417,0.19655090298078348,0.18232245802237468,-0.024013730671774477
choque_20pct_permanente,permanente,0.8,0.19999999999999996,True,5,46,22,9652257.843313627,0.10494844733166434,0.18254181556633653,0.19850964842372643,-0.04286574271674226
choque_20pct_permanente,permanente,0.8,0.19999999999999996,True,5,46,23,9660890.717102423,0.10393008542473695,0.1611047125886491,0.2015986513653726,-0.051326216664666025
choque_20pct_permanente,permanente,0.8,0.19999999999999996,True,5,46,24,9893441.285715654,0.08734020654435605,0.14141989025182444,0.19096909109253005,-0.05996012194933117
choque_20pct_permanente,permanente,0.8,0.19999999999999996,True,5,46,25,10199340.258698069,0.07004828834620044,0.1331055494482989,0.1757641219128874,-0.0582169002342098
choque_20pct_permanente,permanente,0.8,0.19999999999999996,True,6,47,0,7609597.0,0.138,0.03,0.12063832026847152,0.010583740505574736
choque_20pct_permanente,permanente,0.8,0.19999999999999996,True,6,47,1,7652724.38733265,0.14039181650999813,0.030000000000000027,0.11859183719691781,0.007984885903803248
choque_20pct_permanente,permanente,0.8,0.19999999999999996,True,6,47,2,7806695.322937048,0.13522715831904936,0.02418130759722459,0.12044374550797671,0.003889724574032977
choque_20pct_permanente,permanente,0.8,0.19999999999999996,True,6,47,3,8029826.139430107,0.12474783037646296,0.026825061711583054,0.11202749061872302,0.0039396781131172
choque_20pct_permanente,permanente,0.8,0.19999999999999996,True,6,47,4,8415642.929382542,0.10768615566961245,0.030291553993439413,0.10273611525593153,0.0071680838275023345
choque_20pct_permanente,permanente,0.8,0.19999999999999996,True,6,47,5,8697189.43179664,0.09145023173098188,0.04831905580770779,0.09466010233989337,0.010672235152647565
choque_20pct_permanente,permanente,0.8,0.19999999999999996,True,6,47,6,8778337.462305611,0.08826251915275876,0.07246270976430269,0.09692203324185979,0.01299753792297286
choque_20pct_permanente,permanente,0.8,0.19999999999999996,True,6,47,7,8809764.38062522,0.09790173653245114,0.09998632685743991,0.10892751426196161,0.014370477675379394
choque_20pct_permanente,permanente,0.8,0.19999999999999996,True,6,47,8,8731683.090789251,0.10966383411767633,0.1165972098928083,0.12973229710614467,0.009447327270044407
choque_20pct_permanente,permanente,0.8,0.19999999999999996,True,6,47,9,8525384.42848796,0.1252864255773901,0.12359625873991997,0.14881705565446934,0.004526721897031093
choque_20pct_permanente,permanente,0.8,0.19999999999999996,True,6,47,10,8372689.384407169,0.14012325194723013,0.1152077502393214,0.16737071813880883,-0.008796251426295192
choque_20pct_permanente,permanente,0.8,0.19999999999999996,True,6,47,11,8156570.416732863,0.1509951340292759,0.09878310934877277,0.18183308855812635,-0.020803711060737216
choque_20pct_permanente,permanente,0.8,0.19999999999999996,True,6,47,12,8164767.741461697,0.14921776225538333,0.07676481552374059,0.1841514808397854,-0.03294777042367714
choque_20pct_permanente,permanente,0.8,0.19999999999999996,True,6,47,13,8322246.019909536,0.14028007318313823,0.05731921416619001,0.1752199528153095,-0.03973981679717029
choque_20pct_permanente,permanente,0.8,0.19999999999999996,True,6,47,14,8740211.689601023,0.11772107879591381,0.04289963010575226,0.15860340577698784,-0.03975980102329969
choque_20pct_permanente,permanente,0.8,0.19999999999999996,True,6,47,15,9186817.661328236,0.09311052643471131,0.04122148797847203,0.1395136184521778,-0.034272903679292095
choque_20pct_permanente,permanente,0.8,0.19999999999999996,True,6,47,16,9581842.638725212,0.07241856002160295,0.055531039222859846,0.1257664782092756,-0.02632686395216734
choque_20pct_permanente,permanente,0.8,0.19999999999999996,True,6,47,17,9768725.626029275,0.062154530201165244,0.0873242553945155,0.12140727632007757,-0.02101606382821852
choque_20pct_permanente,permanente,0.8,0.19999999999999996,True,6,47,18,10000923.334059512,0.06404510277473781,0.12865743802086627,0.12686620266602916,-0.014707356134098747
choque_20pct_permanente,permanente,0.8,0.19999999999999996,True,6,47,19,10092506.878686726,0.06992073173695149,0.16759430263406583,0.14347402487726846,-0.011982169784550904
choque_20pct_permanente,permanente,0.8,0.19999999999999996,True,6,47,20,10148098.540985769,0.08017941561404392,0.19463340523247097,0.1590490417444007,-0.012159197261617759
choque_20pct_permanente,permanente,0.8,0.19999999999999996,True,6,47,21,9987654.883068845,0.0878710079691109,0.20564679337303993,0.1760486816864237,-0.020390521779325446
choque_20pct_permanente,permanente,0.8,0.19999999999999996,True,6,47,22,9942707.3161364,0.08998309560748603,0.20195049272000198,0.18378738751889048,-0.02686104805565427
choque_20pct_permanente,permanente,0.8,0.19999999999999996,True,6,47,23,9876332.581508199,0.09146837370967788,0.1920365126553496,0.1880388472663513,-0.03662960562844514
choque_20pct_permanente,permanente,0.8,0.19999999999999996,True,6,47,24,9914677.159587696,0.08721257531021563,0.17651688588385017,0.19047444658388527,-0.04888933073550542
choque_20pct_permanente,permanente,0.8,0.19999999999999996,True,6,47,25,10030490.300943358,0.08048240320207055,0.1667236427226666,0.18563223837706586,-0.0573083619370265
choque_20pct_permanente,permanente,0.8,0.19999999999999996,True,7,48,0,7609597.0,0.138,0.03,0.12063832026847152,0.010583740505574736
choque_20pct_permanente,permanente,0.8,0.19999999999999996,True,7,48,1,7652724.38733265,0.14039181650999813,0.030000000000000027,0.11859183719691781,0.007984885903803248
choque_20pct_permanente,permanente,0.8,0.19999999999999996,True,7,48,2,7797185.690724047,0.13522708141572493,0.024184715365616505,0.12051681259663678,0.005153394554576406
choque_20pct_permanente,permanente,0.8,0.19999999999999996,True,7,48,3,8059557.759189848,0.1243107042400101,0.026832363549653904,0.11216813611438263,0.007414710374897581
choque_20pct_permanente,permanente,0.8,0.19999999999999996,True,7,48,4,8293368.105793962,0.1121343928723936,0.030428679684245674,0.10677040889614853,0.0069399067028215215
choque_20pct_permanente,permanente,0.8,0.19999999999999996,True,7,48,5,8572977.83494202,0.10196069505140636,0.045671009117272954,0.10164895571577146,0.009270219632595545
choque_20pct_permanente,permanente,0.8,0.19999999999999996,True,7,48,6,8715683.89114581,0.09556969142143212,0.06467306430235431,0.10344220483391803,0.009265329185617647
choque_20pct_permanente,permanente,0.8,0.19999999999999996,True,7,48,7,8732069.256363342,0.10101745304125864,0.08800813123579032,0.11095208188225346,0.00975076680454171
choque_20pct_permanente,permanente,0.8,0.19999999999999996,True,7,48,8,8691844.65038775,0.10889873035659883,0.1033668994243071,0.1277069565331035,0.005928957719479615
choque_20pct_permanente,permanente,0.8,0.19999999999999996,True,7,48,9,8575933.690964831,0.12118163018306274,0.11219827423929085,0.14360129359884535,-0.0018098986031409746
choque_20pct_permanente,permanente,0.8,0.19999999999999996,True,7,48,10,8434852.75815965,0.13499622911025352,0.1079634382734751,0.16135413508563737,-0.010656159315388422
choque_20pct_permanente,permanente,0.8,0.19999999999999996,True,7,48,11,8320088.897758356,0.14191536649673242,0.09556517658137254,0.1736327043981331,-0.02050086980787181
choque_20pct_permanente,permanente,0.8,0.19999999999999996,True,7,48,12,8295415.302010018,0.14504925795618032,0.0779465772021819,0.1783384393088139,-0.028854365928381073
choque_20pct_permanente,permanente,0.8,0.19999999999999996,True,7,48,13,8414238.546961676,0.1384699890465636,0.06059629925400856,0.17476664492352698,-0.03791924597871057
choque_20pct_permanente,permanente,0.8,0.19999999999999996,True,7,48,14,8673969.788517602,0.12287048884267839,0.0485149218880252,0.1620055772680261,-0.04152183363321857
choque_20pct_permanente,permanente,0.8,0.19999999999999996,True,7,48,15,9204074.343443764,0.09608943093457536,0.04575207510680057,0.1423801594141289,-0.034610182030250444
choque_20pct_permanente,permanente,0.8,0.19999999999999996,True,7,48,16,9535247.476620436,0.07496894469098851,0.05915871182407839,0.12783542984701043,-0.029789069114626265
choque_20pct_permanente,permanente,0.8,0.19999999999999996,True,7,48,17,9785450.861344928,0.0649694327614863,0.08740334913971126,0.12343651320770987,-0.025729184778471123
choque_20pct_permanente,permanente,0.8,0.19999999999999996,True,7,48,18,10034973.68179104,0.06292607102225514,0.12508127183377238,0.12747663344005017,-0.017903959162814637
choque_20pct_permanente,permanente,0.8,0.19999999999999996,True,7,48,19,10169867.10852222,0.0675266164202359,0.16141692503924387,0.14106824112792482,-0.012707022075153299
choque_20pct_permanente,permanente,0.8,0.19999999999999996,True,7,48,20,10141160.869513119,0.0792514901008086,0.1900438134460274,0.1600526106702272,-0.01514469144551442
choque_20pct_permanente,permanente,0.8,0.19999999999999996,True,7,48,21,10020663.311119001,0.09368282130042453,0.20054708781323316,0.1805484771488745,-0.022433786824881886
choque_20pct_permanente,permanente,0.8,0.19999999999999996,True,7,48,22,9905747.74830078,0.09692020198154273,0.19438324156286924,0.1926997858814072,-0.0315509777211728
choque_20pct_permanente,permanente,0.8,0.19999999999999996,True,7,48,23,9794021.837743439,0.09988866703346218,0.1821037125081475,0.19606899728643393,-0.04256399963704436
choque_20pct_permanente,permanente,0.8,0.19999999999999996,True,7,48,24,9768655.98083123,0.09957224338838183,0.16453849529573739,0.19994037837932793,-0.05675649931081215
choque_20pct_permanente,permanente,0.8,0.19999999999999996,True,7,48,25,9932343.946980823,0.09020479604688841,0.14887717584232418,0.19348852561131297,-0.05989173563829723
choque_20pct_permanente,permanente,0.8,0.19999999999999996,True,8,49,0,7609597.0,0.138,0.03,0.12063832026847152,0.010583740505574736
choque_20pct_permanente,permanente,0.8,0.19999999999999996,True,8,49,1,7652680.1194738075,0.14039218080275034,0.030000000000000027,0.11859395149248815,0.007984248131579937
choque_20pct_permanente,permanente,0.8,0.19999999999999996,True,8,49,2,7797461.924073542,0.1352305929194483,0.02418201686638133,0.12053293984619885,0.004206096336633925
choque_20pct_permanente,permanente,0.8,0.19999999999999996,True,8,49,3,8030416.085393261,0.12467846937162512,0.026840862108314045,0.11219011963106826,0.005492046194023671
choque_20pct_permanente,permanente,0.8,0.19999999999999996,True,8,49,4,8373891.582932308,0.10896896335053496,0.03029725656623916,0.1041589478448662,0.009708080240454362
choque_20pct_permanente,permanente,0.8,0.19999999999999996,True,8,49,5,8610776.38248863,0.09453757982364146,0.04731635820466806,0.09773264136571329,0.013617879276332423
choque_20pct_permanente,permanente,0.8,0.19999999999999996,True,8,49,6,8728080.141931627,0.09142170967267133,0.07066487223993678,0.10014042776461311,0.012678309247938335
choque_20pct_permanente,permanente,0.8,0.19999999999999996,True,8,49,7,8746511.68190456,0.10008361177079646,0.09532866966399034,0.11156520933360925,0.014151225487286855
choque_20pct_permanente,permanente,0.8,0.19999999999999996,True,8,49,8,8713018.11012213,0.11055139729932041,0.11019242524534345,0.13016417099528785,0.01099048967022207
choque_20pct_permanente,permanente,0.8,0.19999999999999996,True,8,49,9,8569554.923476247,0.12206040449894555,0.11622807705408977,0.14741852250520732,0.004938086324718734
choque_20pct_permanente,permanente,0.8,0.19999999999999996,True,8,49,10,8376736.969426783,0.13752607765819697,0.11016798927242233,0.1665896009387414,-0.006223681646327389
choque_20pct_permanente,permanente,0.8,0.19999999999999996,True,8,49,11,8160718.241892248,0.15504962933810534,0.09582496329024015,0.18415823817519605,-0.01968121165261932
choque_20pct_permanente,permanente,0.8,0.19999999999999996,True,8,49,12,8097745.514312957,0.1573694663596736,0.07487062220947327,0.19035416293735277,-0.032995576738654185
choque_20pct_permanente,permanente,0.8,0.19999999999999996,True,8,49,13,8213907.948324703,0.14904653197456336,0.05589592187446035,0.18145146762572886,-0.04158811795713857
choque_20pct_permanente,permanente,0.8,0.19999999999999996,True,8,49,14,8643977.046775445,0.12899171349932995,0.04132338282146342,0.1629220483186547,-0.042094957895190833
choque_20pct_permanente,permanente,0.8,0.19999999999999996,True,8,49,15,9135950.520502163,0.09908182418229497,0.035609789207741604,0.14364343583467604,-0.03644021950039385
choque_20pct_permanente,permanente,0.8,0.19999999999999996,True,8,49,16,9567028.859767593,0.07618733900659051,0.04447077758533635,0.12876954542184993,-0.029054903410183016
choque_20pct_permanente,permanente,0.8,0.19999999999999996,True,8,49,17,9716325.50183829,0.06626785224875735,0.0715207351405367,0.12483301170078583,-0.027156172678574793
choque_20pct_permanente,permanente,0.8,0.19999999999999996,True,8,49,18,9939629.040260656,0.06698429623324406,0.11067917103268687,0.12905383860609768,-0.02149173610574787
choque_20pct_permanente,permanente,0.8,0.19999999999999996,True,8,49,19,10085778.298357809,0.07137521998033244,0.14845506724185142,0.14149580937450887,-0.018254404294244422
choque_20pct_permanente,permanente,0.8,0.19999999999999996,True,8,49,20,10254997.540000621,0.0675806401199455,0.17903741357881553,0.14965302865318197,-0.013967354947204375
choque_20pct_permanente,permanente,0.8,0.19999999999999996,True,8,49,21,10323043.983020235,0.06721091337396295,0.2046248285769443,0.15357301759965172,-0.014005436761605813
choque_20pct_permanente,permanente,0.8,0.19999999999999996,True,8,49,22,10348257.948935976,0.07249916656044443,0.2209850182331652,0.16519085277439757,-0.014098750009243103
choque_20pct_permanente,permanente,0.8,0.19999999999999996,True,8,49,23,10191578.21848788,0.08451439240393813,0.22509311303968782,0.1834514175818915,-0.023857145110869445
choque_20pct_permanente,permanente,0.8,0.19999999999999996,True,8,49,24,10111940.759751974,0.09100583293137673,0.21471853604898672,0.19745345405513032,-0.03772687536400865
choque_20pct_permanente,permanente,0.8,0.19999999999999996,True,8,49,25,9959937.894024473,0.09698282531813346,0.19785876606744157,0.20446353770257172,-0.05146260231593436
choque_20pct_permanente,permanente,0.8,0.19999999999999996,True,9,50,0,7609597.0,0.138,0.03,0.12063832026847152,0.010583740505574736
choque_20pct_permanente,permanente,0.8,0.19999999999999996,True,9,50,1,7652724.38733265,0.14039181650999813,0.030000000000000027,0.11859183719691781,0.007984885903803248
choque_20pct_permanente,permanente,0.8,0.19999999999999996,True,9,50,2,7831409.32990096,0.13522716034711857,0.024173664527332495,0.12036563899223725,0.002236261692935209
choque_20pct_permanente,permanente,0.8,0.19999999999999996,True,9,50,3,8026506.635385992,0.1267433618628575,0.02668482282338025,0.11308383998688466,0.0037816012161875647
choque_20pct_permanente,permanente,0.8,0.19999999999999996,True,9,50,4,8342369.38516489,0.11005903290652905,0.02940007021204516,0.10505441455471272,0.006648124191824206
choque_20pct_permanente,permanente,0.8,0.19999999999999996,True,9,50,5,8687375.772858433,0.09195783303849465,0.04680331442566743,0.09460763636610069,0.013569083688344766
choque_20pct_permanente,permanente,0.8,0.19999999999999996,True,9,50,6,8770993.240407195,0.08615060871057113,0.07090912426419327,0.09637865617317408,0.012678416668164268
choque_20pct_permanente,permanente,0.8,0.19999999999999996,True,9,50,7,8802642.727726955,0.09623826119468462,0.10038222798968466,0.10748551774528202,0.013268820189561504
choque_20pct_permanente,permanente,0.8,0.19999999999999996,True,9,50,8,8697500.251853522,0.1123737067203421,0.11743036668052387,0.13119466486705864,0.007182784621689241
choque_20pct_permanente,permanente,0.8,0.19999999999999996,True,9,50,9,8574648.665965289,0.12482961121375843,0.1224847728614129,0.14953496025023832,0.003384073962700223
choque_20pct_permanente,permanente,0.8,0.19999999999999996,True,9,50,10,8384893.714035812,0.13705870381441232,0.11443977035790653,0.1664954421957846,-0.008281352491968898
choque_20pct_permanente,permanente,0.8,0.19999999999999996,True,9,50,11,8206467.577821968,0.1506828911578207,0.09866121528752703,0.18031795474647985,-0.021514553139558783
choque_20pct_permanente,permanente,0.8,0.19999999999999996,True,9,50,12,8145082.803732253,0.15157794604289643,0.07692491969659576,0.18642967954759707,-0.03347620647492077
choque_20pct_permanente,permanente,0.8,0.19999999999999996,True,9,50,13,8285956.399562981,0.14256536360229752,0.05768955308404977,0.17752838932813636,-0.03927783576509508
choque_20pct_permanente,permanente,0.8,0.19999999999999996,True,9,50,14,8644633.009559171,0.12114078087846128,0.04347036419509398,0.16089080532937314,-0.040145826879713145
choque_20pct_permanente,permanente,0.8,0.19999999999999996,True,9,50,15,9192187.169619547,0.09407056254822369,0.0410932582450092,0.1399223028938627,-0.03479380958346513
choque_20pct_permanente,permanente,0.8,0.19999999999999996,True,9,50,16,9527594.775040064,0.073915173388246,0.053813059410639186,0.12703915721420103,-0.029704572467053537
choque_20pct_permanente,permanente,0.8,0.19999999999999996,True,9,50,17,9807564.712370291,0.06249641012892456,0.08354340396201354,0.12155148077614399,-0.022145654368971337
choque_20pct_permanente,permanente,0.8,0.19999999999999996,True,9,50,18,9987429.118527714,0.06371583395645156,0.12491784551191976,0.1265304675816702,-0.015717099440067467
choque_20pct_permanente,permanente,0.8,0.19999999999999996,True,9,50,19,10100178.65876894,0.07040437672907043,0.16272682772665203,0.14324048625102703,-0.012236683230223219
choque_20pct_permanente,permanente,0.8,0.19999999999999996,True,9,50,20,10151905.302451797,0.07856652863818071,0.18902453888373372,0.16003937931657153,-0.011135494559839627
choque_20pct_permanente,permanente,0.8,0.19999999999999996,True,9,50,21,10040508.973040376,0.08766772803066339,0.19928927032728905,0.17659207250261755,-0.0202976407633682
choque_20pct_permanente,permanente,0.8,0.19999999999999996,True,9,50,22,9958959.75548283,0.09135406394813986,0.19597155982246095,0.1870155896624087,-0.02793487327502944
choque_20pct_permanente,permanente,0.8,0.19999999999999996,True,9,50,23,9914076.973830368,0.09212131248326315,0.18720259830098285,0.19054548775263322,-0.04061773867133356
choque_20pct_permanente,permanente,0.8,0.19999999999999996,True,9,50,24,9911122.717700057,0.09150780443521832,0.17415740696649018,0.19216225705044854,-0.0489564506663208
choque_20pct_permanente,permanente,0.8,0.19999999999999996,True,9,50,25,10122788.594161514,0.07676275423125269,0.16234628284942487,0.18520404433259013,-0.053337684700052033
choque_20pct_permanente,permanente,0.8,0.19999999999999996,True,10,51,0,7609597.0,0.138,0.03,0.12063832026847152,0.010583740505574736
choque_20pct_permanente,permanente,0.8,0.19999999999999996,True,10,51,1,7652724.38733265,0.14039181650999813,0.030000000000000027,0.11859183719691781,0.007984885903803248
choque_20pct_permanente,permanente,0.8,0.19999999999999996,True,10,51,2,7808830.30150961,0.13522708141572493,0.024182135936617666,0.12046137816018762,0.004525243561641617
choque_20pct_permanente,permanente,0.8,0.19999999999999996,True,10,51,3,8045196.615186768,0.12487391165295975,0.0268557789158812,0.11196849357641461,0.006371024970089953
choque_20pct_permanente,permanente,0.8,0.19999999999999996,True,10,51,4,8375348.455186851,0.10904007403663422,0.030196860666761305,0.10416662220504334,0.008187462286959962
choque_20pct_permanente,permanente,0.8,0.19999999999999996,True,10,51,5,8601090.086235525,0.09499688670940222,0.04837330345095103,0.09672257824467972,0.011033103899609991
choque_20pct_permanente,permanente,0.8,0.19999999999999996,True,10,51,6,8762577.480687857,0.08922785657393867,0.0697923678485195,0.09792084600058315,0.010829830277594656
choque_20pct_permanente,permanente,0.8,0.19999999999999996,True,10,51,7,8827703.370560834,0.09311076923664523,0.09844374285573654,0.10494429052781416,0.012240693423765513
choque_20pct_permanente,permanente,0.8,0.19999999999999996,True,10,51,8,8813887.39681027,0.10147093262166053,0.11738433935193493,0.12216554350265396,0.009019450882677587
choque_20pct_permanente,permanente,0.8,0.19999999999999996,True,10,51,9,8669142.185778582,0.11743019886367176,0.12761909437846297,0.14214723303775922,0.008080763614169826
choque_20pct_permanente,permanente,0.8,0.19999999999999996,True,10,51,10,8368079.914407655,0.14075175960882835,0.12218661877876014,0.16807020163838718,-0.0032765203862705062
choque_20pct_permanente,permanente,0.8,0.19999999999999996,True,10,51,11,8220361.012646795,0.14872772216671098,0.10548952821895163,0.18232925060200567,-0.02067986758226955
choque_20pct_permanente,permanente,0.8,0.19999999999999996,True,10,51,12,8164383.46312454,0.15049267279050368,0.08355677658470939,0.18510760152771696,-0.0321433257237775
choque_20pct_permanente,permanente,0.8,0.19999999999999996,True,10,51,13,8278396.65652137,0.14179391148144083,0.06198329133484615,0.17923887190282914,-0.04073131166974693
choque_20pct_permanente,permanente,0.8,0.19999999999999996,True,10,51,14,8629776.599276284,0.12504191862837444,0.04805543405122492,0.16262156132361769,-0.04074633748160241
choque_20pct_permanente,permanente,0.8,0.19999999999999996,True,10,51,15,9066732.53357171,0.09999526284509035,0.04217558920188935,0.14542586360157184,-0.03602380506360433
choque_20pct_permanente,permanente,0.8,0.19999999999999996,True,10,51,16,9519634.485561073,0.0760214233666241,0.05029109847888713,0.13058057290314434,-0.032199469808765147
choque_20pct_permanente,permanente,0.8,0.19999999999999996,True,10,51,17,9805842.520913405,0.06290709944707923,0.07476996335608144,0.12369522406639784,-0.027467517611921365
choque_20pct_permanente,permanente,0.8,0.19999999999999996,True,10,51,18,9992272.31447448,0.061354468648091014,0.11492834987707456,0.12559861936118105,-0.01909992181774556
choque_20pct_permanente,permanente,0.8,0.19999999999999996,True,10,51,19,10132987.706606211,0.06932214794858339,0.15699654121312645,0.14003800868494556,-0.014170665008219114
choque_20pct_permanente,permanente,0.8,0.19999999999999996,True,10,51,20,10182944.050668662,0.0787487998565399,0.18572903000582275,0.15924710828869745,-0.01388561369292406
choque_20pct_permanente,permanente,0.8,0.19999999999999996,True,10,51,21,10139149.640109977,0.08381782307382908,0.20150177432203709,0.1705331858086509,-0.018201442301388364
choque_20pct_permanente,permanente,0.8,0.19999999999999996,True,10,51,22,10174547.463158252,0.07833580373466456,0.20390519834856513,0.1748174945500542,-0.025154030418826915
choque_20pct_permanente,permanente,0.8,0.19999999999999996,True,10,51,23,10078994.583715783,0.08296729644550524,0.20456578903973144,0.17852636392923904,-0.031392499071525366
choque_20pct_permanente,permanente,0.8,0.19999999999999996,True,10,51,24,10097754.831503756,0.08491207144320431,0.19526734110700694,0.18899974795657604,-0.04271354636704077
choque_20pct_permanente,permanente,0.8,0.19999999999999996,True,10,51,25,10107303.359684806,0.08436207457874484,0.18612039539687686,0.191287450177688,-0.04897892719408103
choque_20pct_permanente,permanente,0.8,0.19999999999999996,True,11,52,0,7609597.0,0.138,0.03,0.12063832026847152,0.010583740505574736
choque_20pct_permanente,permanente,0.8,0.19999999999999996,True,11,52,1,7652724.38733265,0.14039181650999813,0.030000000000000027,0.11859183719691781,0.007984885903803248
choque_20pct_permanente,permanente,0.8,0.19999999999999996,True,11,52,2,7794150.70035044,0.13522708141572493,0.024181342948803586,0.12055946615055155,0.004474582070652111
choque_20pct_permanente,permanente,0.8,0.19999999999999996,True,11,52,3,8045408.101835962,0.125016729793005,0.02685070248142485,0.11179698091246432,0.006333034331458802
choque_20pct_permanente,permanente,0.8,0.19999999999999996,True,11,52,4,8421298.268562252,0.10971390983816728,0.030149964508237037,0.10454853378646511,0.004937923117649243
choque_20pct_permanente,permanente,0.8,0.19999999999999996,True,11,52,5,8616359.438265968,0.09691370166328032,0.04712773844593077,0.09891722177169983,0.011624546677591151
choque_20pct_permanente,permanente,0.8,0.19999999999999996,True,11,52,6,8661417.853981787,0.09653414288857065,0.0682703849231645,0.10362062483647683,0.012172416022199577
choque_20pct_permanente,permanente,0.8,0.19999999999999996,True,11,52,7,8681962.916624298,0.10286197023281234,0.09126400696174652,0.1152820619093413,0.010623222627431664
choque_20pct_permanente,permanente,0.8,0.19999999999999996,True,11,52,8,8603226.38573123,0.11769124852474255,0.10520744724034437,0.13355901177744758,0.0033156088490407733
choque_20pct_permanente,permanente,0.8,0.19999999999999996,True,11,52,9,8455714.32075567,0.1313023317605866,0.10796416888930849,0.15241196710679641,-0.0017428382456636988
choque_20pct_permanente,permanente,0.8,0.19999999999999996,True,11,52,10,8365320.113953358,0.13813784256911363,0.09969186511408412,0.16462236155375456,-0.01108047866794931
choque_20pct_permanente,permanente,0.8,0.19999999999999996,True,11,52,11,8275634.907526418,0.14321646017632958,0.086295079346284,0.17260570861658173,-0.020728909720389415
choque_20pct_permanente,permanente,0.8,0.19999999999999996,True,11,52,12,8267609.887830495,0.14421612388871163,0.07046049646471642,0.1755633522156274,-0.028699737278363505
choque_20pct_permanente,permanente,0.8,0.19999999999999996,True,11,52,13,8428526.771970812,0.1335519351316529,0.05646142556306555,0.16876823431743887,-0.033797445330277585
choque_20pct_permanente,permanente,0.8,0.19999999999999996,True,11,52,14,8772683.637640065,0.11479123070625655,0.04814225100190139,0.15418813933635708,-0.03507413104875262
choque_20pct_permanente,permanente,0.8,0.19999999999999996,True,11,52,15,9226097.31949113,0.0917219846490663,0.04958642177568251,0.13864785802565877,-0.03066721677082855
choque_20pct_permanente,permanente,0.8,0.19999999999999996,True,11,52,16,9455988.604713531,0.07522639363847257,0.06499143949626651,0.1294100786291463,-0.027570073859652044
choque_20pct_permanente,permanente,0.8,0.19999999999999996,True,11,52,17,9848843.009156993,0.0638760097312114,0.09163665099748997,0.12525015423442812,-0.024601066697398366
choque_20pct_permanente,permanente,0.8,0.19999999999999996,True,11,52,18,9981951.355561472,0.06298528731617817,0.13111142766753447,0.1283874513857223,-0.018622978661332227
choque_20pct_permanente,permanente,0.8,0.19999999999999996,True,11,52,19,10094696.212622657,0.07229536108358131,0.16947280433174106,0.1428028387800012,-0.015369635392103665
choque_20pct_permanente,permanente,0.8,0.19999999999999996,True,11,52,20,10089057.349680336,0.08116493067372968,0.19204477919601826,0.1626447793604431,-0.014267935711548213
choque_20pct_permanente,permanente,0.8,0.19999999999999996,True,11,52,21,10143845.76249677,0.08023939188166061,0.19969413907063438,0.1715899495768667,-0.017200234354936558
choque_20pct_permanente,permanente,0.8,0.19999999999999996,True,11,52,22,9950188.244208205,0.0884836031632127,0.20081164876321078,0.18159875733942166,-0.025868525252698817
choque_20pct_permanente,permanente,0.8,0.19999999999999996,True,11,52,23,9865161.91504764,0.0982255809889799,0.18928459869070346,0.19674867970518828,-0.03982482794072413
choque_20pct_permanente,permanente,0.8,0.19999999999999996,True,11,52,24,9742138.09684488,0.10332689023056453,0.1741505466012725,0.20414785236240338,-0.053231589487483806
choque_20pct_permanente,permanente,0.8,0.19999999999999996,True,11,52,25,9856131.042077618,0.09334201760651782,0.15448772180679526,0.19924537767884723,-0.06228270070646468
choque_20pct_permanente,permanente,0.8,0.19999999999999996,True,12,53,0,7609597.0,0.138,0.03,0.12063832026847152,0.010583740505574736
choque_20pct_permanente,permanente,0.8,0.19999999999999996,True,12,53,1,7652724.38733265,0.14039181650999813,0.030000000000000027,0.11859183719691781,0.007984885903803248
choque_20pct_permanente,permanente,0.8,0.19999999999999996,True,12,53,2,7810046.971376143,0.13522708141572493,0.024171673884584965,0.12046543237799465,0.0018144858104566254
choque_20pct_permanente,permanente,0.8,0.19999999999999996,True,12,53,3,8087844.994179144,0.12398966059012682,0.026889909704855164,0.11135094701790316,0.0014586061754799763
choque_20pct_permanente,permanente,0.8,0.19999999999999996,True,12,53,4,8395421.426605148,0.10672299870031342,0.03067375202996403,0.10237724749614502,0.006233183318655189
choque_20pct_permanente,permanente,0.8,0.19999999999999996,True,12,53,5,8719127.38573824,0.09182278932119177,0.050405688356332634,0.0932336986601044,0.014569483886010622
choque_20pct_permanente,permanente,0.8,0.19999999999999996,True,12,53,6,8761020.007360887,0.08639055182480841,0.07369164675784745,0.09710919440048926,0.012057759901291982
choque_20pct_permanente,permanente,0.8,0.19999999999999996,True,12,53,7,8797478.353546087,0.0966209297225545,0.10330593018066758,0.10781620472844314,0.013102653597270504
choque_20pct_permanente,permanente,0.8,0.19999999999999996,True,12,53,8,8697647.507551668,0.11274305616028017,0.11857385361406458,0.13221310419039342,0.011449839270520096
choque_20pct_permanente,permanente,0.8,0.19999999999999996,True,12,53,9,8482859.741578545,0.13056873870148322,0.12319102739081123,0.1543316710292543,0.0021294985362637973
choque_20pct_permanente,permanente,0.8,0.19999999999999996,True,12,53,10,8267857.562529999,0.14491495254301573,0.11160333067150452,0.17382483739898374,-0.00961725207187948
choque_20pct_permanente,permanente,0.8,0.19999999999999996,True,12,53,11,8103585.619359186,0.15422512465706745,0.09348111388027114,0.18523420357770515,-0.024013070784678143
choque_20pct_permanente,permanente,0.8,0.19999999999999996,True,12,53,12,8095189.859914681,0.15605444009261835,0.07100123179067275,0.18630825912546436,-0.03536388944856343
choque_20pct_permanente,permanente,0.8,0.19999999999999996,True,12,53,13,8345729.286315195,0.14104469631064862,0.05179415689534772,0.17293860477497847,-0.039798707573939184
choque_20pct_permanente,permanente,0.8,0.19999999999999996,True,12,53,14,8767413.742450895,0.11429742647212465,0.039008047594495165,0.1533424563405909,-0.03751921294987616
choque_20pct_permanente,permanente,0.8,0.19999999999999996,True,12,53,15,9301617.032371854,0.0850531942932607,0.040842099774739626,0.13207408794553754,-0.032331915361562096
choque_20pct_permanente,permanente,0.8,0.19999999999999996,True,12,53,16,9577082.18751769,0.069648160582224,0.05991408802059217,0.12220273853751044,-0.030282941054326926
choque_20pct_permanente,permanente,0.8,0.19999999999999996,True,12,53,17,9838621.35858041,0.06212052846093145,0.09267771140539316,0.12131407350805258,-0.02291672840135428
choque_20pct_permanente,permanente,0.8,0.19999999999999996,True,12,53,18,10040980.628996365,0.06151384221153421,0.13579401772625022,0.12660848317310155,-0.014625020641878964
choque_20pct_permanente,permanente,0.8,0.19999999999999996,True,12,53,19,10169166.069585245,0.06795384332002949,0.17569570854290606,0.14070851775737978,-0.0112551105348938
choque_20pct_permanente,permanente,0.8,0.19999999999999996,True,12,53,20,10202499.463944672,0.07667867622221815,0.2015212399102646,0.1596765098653346,-0.010937714028585937
choque_20pct_permanente,permanente,0.8,0.19999999999999996,True,12,53,21,10074429.107246654,0.0873269446916296,0.21048012760472634,0.17764617523107817,-0.019240461477718032
choque_20pct_permanente,permanente,0.8,0.19999999999999996,True,12,53,22,9916399.705417525,0.09636625667685347,0.20546648926698552,0.19095755353392696,-0.029238740334063203
choque_20pct_permanente,permanente,0.8,0.19999999999999996,True,12,53,23,9848605.486864343,0.09716285635237103,0.19024584836083847,0.1972086110988817,-0.04359234946149839
choque_20pct_permanente,permanente,0.8,0.19999999999999996,True,12,53,24,9756407.530426754,0.09868066001763445,0.172841059277401,0.1986333495820795,-0.05320757688205995
choque_20pct_permanente,permanente,0.8,0.19999999999999996,True,12,53,25,10005983.415413374,0.08400224835597103,0.15473348613427929,0.1912204130577499,-0.06107355123187361
choque_20pct_permanente,permanente,0.8,0.19999999999999996,True,13,54,0,7609597.0,0.138,0.03,0.12063832026847152,0.010583740505574736
choque_20pct_permanente,permanente,0.8,0.19999999999999996,True,13,54,1,7652724.38733265,0.14039181650999813,0.030000000000000027,0.11859183719691781,0.007984885903803248
choque_20pct_permanente,permanente,0.8,0.19999999999999996,True,13,54,2,7807882.025855416,0.1352284517914167,0.024191249950330507,0.12042664381191594,0.00693153572118296
choque_20pct_permanente,permanente,0.8,0.19999999999999996,True,13,54,3,8010822.675969156,0.12609412635990758,0.02682132259231884,0.11362985002848908,0.003909160612021878
choque_20pct_permanente,permanente,0.8,0.19999999999999996,True,13,54,4,8353037.674028627,0.1122005496088554,0.029735017778547812,0.10600443750644371,0.00784903943743556
choque_20pct_permanente,permanente,0.8,0.19999999999999996,True,13,54,5,8572478.455064712,0.09755485628611367,0.04541801544813184,0.10011441710938371,0.008648178055898957
choque_20pct_permanente,permanente,0.8,0.19999999999999996,True,13,54,6,8728666.972669723,0.09210079771850266,0.06581366534318467,0.10011760922374699,0.0119066051947184
choque_20pct_permanente,permanente,0.8,0.19999999999999996,True,13,54,7,8820550.404286735,0.09469126970656885,0.09252132627414977,0.10675760796234822,0.00965875551069179
choque_20pct_permanente,permanente,0.8,0.19999999999999996,True,13,54,8,8757475.638436072,0.10525939915940392,0.11189133046700417,0.12216396556072433,0.010944880423383502
choque_20pct_permanente,permanente,0.8,0.19999999999999996,True,13,54,9,8672338.137672177,0.11421069148304899,0.12161778878304053,0.14001292564815435,0.0043684935817732895
choque_20pct_permanente,permanente,0.8,0.19999999999999996,True,13,54,10,8479211.198650507,0.130484535262739,0.12023457232466805,0.1587778048167908,-0.00700782008719361
choque_20pct_permanente,permanente,0.8,0.19999999999999996,True,13,54,11,8265868.873628021,0.14668078379627472,0.10681056158044289,0.1779383199269419,-0.016469845473409343
choque_20pct_permanente,permanente,0.8,0.19999999999999996,True,13,54,12,8227095.720029035,0.1482362907636553,0.08602818128027034,0.1846585340388627,-0.027002242947016187
choque_20pct_permanente,permanente,0.8,0.19999999999999996,True,13,54,13,8311938.692696289,0.14175192908205617,0.06497916813425286,0.18028649471388541,-0.03747899885102532
choque_20pct_permanente,permanente,0.8,0.19999999999999996,True,13,54,14,8559968.02730018,0.12663849869878216,0.04864393519527921,0.1680887140636803,-0.04153523816408535
choque_20pct_permanente,permanente,0.8,0.19999999999999996,True,13,54,15,9030066.325347958,0.10103423903332767,0.04273034124411201,0.14810752519859166,-0.038325017972147574
choque_20pct_permanente,permanente,0.8,0.19999999999999996,True,13,54,16,9557089.799837446,0.07368026205131663,0.0519308612307523,0.1291222992744921,-0.032423490501287594
choque_20pct_permanente,permanente,0.8,0.19999999999999996,True,13,54,17,9846659.423600862,0.060763262619443946,0.08145448899856045,0.11951976444318449,-0.022057082074322224
choque_20pct_permanente,permanente,0.8,0.19999999999999996,True,13,54,18,9940328.481848627,0.06501084020327653,0.12371575227979736,0.12628594159505302,-0.017356100307325522
choque_20pct_permanente,permanente,0.8,0.19999999999999996,True,13,54,19,10041873.001780212,0.0722983938001637,0.1615624658125303,0.14503586162315896,-0.014768495102582284
choque_20pct_permanente,permanente,0.8,0.19999999999999996,True,13,54,20,10144782.743906451,0.07428783397282741,0.18843542540306224,0.1566563046561972,-0.013460665161441607
choque_20pct_permanente,permanente,0.8,0.19999999999999996,True,13,54,21,10128159.082331495,0.07780319960691029,0.20397180045095364,0.1658430068327471,-0.017943745141154367
choque_20pct_permanente,permanente,0.8,0.19999999999999996,True,13,54,22,10033719.068686036,0.08593233247291956,0.20825627099212873,0.17874515735673766,-0.025751512479812978
choque_20pct_permanente,permanente,0.8,0.19999999999999996,True,13,54,23,10000258.857068282,0.08877452010446728,0.20003960157238243,0.188992469003217,-0.035022767008940185
choque_20pct_permanente,permanente,0.8,0.19999999999999996,True,13,54,24,9929830.751793236,0.09045300805188343,0.18908503759111106,0.19248616270096117,-0.046498943473305826
choque_20pct_permanente,permanente,0.8,0.19999999999999996,True,13,54,25,10075782.096257547,0.083906011687329,0.17394532496038262,0.18992256764354035,-0.05062735869995439
choque_20pct_permanente,permanente,0.8,0.19999999999999996,True,14,55,0,7609597.0,0.138,0.03,0.12063832026847152,0.010583740505574736
choque_20pct_permanente,permanente,0.8,0.19999999999999996,True,14,55,1,7652724.38733265,0.14039181650999813,0.030000000000000027,0.11859183719691781,0.007984885903803248
choque_20pct_permanente,permanente,0.8,0.19999999999999996,True,14,55,2,7803747.8971590325,0.13522708141572493,0.024175498106025595,0.120415382402965,0.0032971674482037134
choque_20pct_permanente,permanente,0.8,0.19999999999999996,True,14,55,3,8074617.987863225,0.12423025497525701,0.02688704207308823,0.11150621873013597,0.003946045070084616
choque_20pct_permanente,permanente,0.8,0.19999999999999996,True,14,55,4,8376568.068342616,0.10717627813955055,0.030506877646086616,0.10282315139671222,0.005642319273890538
choque_20pct_permanente,permanente,0.8,0.19999999999999996,True,14,55,5,8693232.229969762,0.0908826548049303,0.04953569748716791,0.09344370203141554,0.011688246666760365
choque_20pct_permanente,permanente,0.8,0.19999999999999996,True,14,55,6,8834547.62793185,0.08462573186058009,0.0741913237728522,0.09407938635822241,0.015247923248973519
choque_20pct_permanente,permanente,0.8,0.19999999999999996,True,14,55,7,8846444.230171606,0.09377244562421302,0.10536207629283756,0.10494284518048479,0.01673940644390269
choque_20pct_permanente,permanente,0.8,0.19999999999999996,True,14,55,8,8694599.526423223,0.11132956748046179,0.12287831541264027,0.1308758864980548,0.012148766569139139
choque_20pct_permanente,permanente,0.8,0.19999999999999996,True,14,55,9,8549203.625689393,0.12941357228802317,0.12724669345620998,0.15258787361549336,0.008139319191625985
choque_20pct_permanente,permanente,0.8,0.19999999999999996,True,14,55,10,8269892.99125096,0.1457782019379855,0.11652772742307516,0.17369108046095458,-0.0075751317933297315
choque_20pct_permanente,permanente,0.8,0.19999999999999996,True,14,55,11,8095592.085927371,0.15543853153675238,0.097867760454873,0.18544447232253905,-0.022756626033470315
choque_20pct_permanente,permanente,0.8,0.19999999999999996,True,14,55,12,8050648.11932379,0.15828602462673133,0.07447596039442006,0.18974571816834707,-0.037015912035082636
choque_20pct_permanente,permanente,0.8,0.19999999999999996,True,14,55,13,8144104.057949863,0.1529051501264408,0.0520891132995589,0.18493096215767366,-0.04498058156036191
choque_20pct_permanente,permanente,0.8,0.19999999999999996,True,14,55,14,8593743.083183276,0.1324721158585379,0.03424327235319047,0.1675705694589915,-0.049309772306435656
choque_20pct_permanente,permanente,0.8,0.19999999999999996,True,14,55,15,8972907.235761458,0.10625821964884744,0.02812006180011073,0.14861273994006619,-0.04077204825479256
choque_20pct_permanente,permanente,0.8,0.19999999999999996,True,14,55,16,9432360.384197956,0.08185804744507968,0.03378446046862549,0.13408199140786461,-0.034168844587172224
choque_20pct_permanente,permanente,0.8,0.19999999999999996,True,14,55,17,9625666.666252663,0.069617436583401,0.05899602843688734,0.12668391517339508,-0.0283141665385066
choque_20pct_permanente,permanente,0.8,0.19999999999999996,True,14,55,18,9908804.70962668,0.06585851150465961,0.09396345122111893,0.12945687590317034,-0.025601461274341177
choque_20pct_permanente,permanente,0.8,0.19999999999999996,True,14,55,19,10133204.207066402,0.06551595065011373,0.13290241989752127,0.13750642698506854,-0.018867657983550282
choque_20pct_permanente,permanente,0.8,0.19999999999999996,True,14,55,20,10337607.23175785,0.06354108749270103,0.16864140878351375,0.14556368402873995,-0.015323553513618303
choque_20pct_permanente,permanente,0.8,0.19999999999999996,True,14,55,21,10505129.867625508,0.06198665611451644,0.2017723422662805,0.1503337568418643,-0.01132869574287833
choque_20pct_permanente,permanente,0.8,0.19999999999999996,True,14,55,22,10505827.152672904,0.06665227182691164,0.22681056365962138,0.1617924873658553,-0.01368199275727247
choque_20pct_permanente,permanente,0.8,0.19999999999999996,True,14,55,23,10531538.133950327,0.07269058339380535,0.23854218093368806,0.17503702513888864,-0.01568383312584003
choque_20pct_permanente,permanente,0.8,0.19999999999999996,True,14,55,24,10437845.485813035,0.07512265830718692,0.23896190336692702,0.18598334542278205,-0.024901662980253567
choque_20pct_permanente,permanente,0.8,0.19999999999999996,True,14,55,25,10408856.301704815,0.07860484924863363,0.23133811194289589,0.19121457183136012,-0.036420365767153004
choque_20pct_permanente,permanente,0.8,0.19999999999999996,True,15,56,0,7609597.0,0.138,0.03,0.12063832026847152,0.010583740505574736
choque_20pct_permanente,permanente,0.8,0.19999999999999996,True,15,56,1,7652724.38733265,0.14039181650999813,0.030000000000000027,0.11859183719691781,0.007984885903803248
choque_20pct_permanente,permanente,0.8,0.19999999999999996,True,15,56,2,7803739.127105768,0.13522708141572493,0.024178098798171233,0.12051654365317306,0.0031981574481878784
choque_20pct_permanente,permanente,0.8,0.19999999999999996,True,15,56,3,8065391.775771203,0.12431866702072024,0.026870259070886693,0.1111530460226252,0.007187670970995964
choque_20pct_permanente,permanente,0.8,0.19999999999999996,True,15,56,4,8387501.122808974,0.10714595804044674,0.03046905717065429,0.10368308254123614,0.006782423317646223
choque_20pct_permanente,permanente,0.8,0.19999999999999996,True,15,56,5,8602312.111928655,0.09563951651848454,0.04908092579456791,0.09678271846380723,0.00921107017358119
choque_20pct_permanente,permanente,0.8,0.19999999999999996,True,15,56,6,8776619.428672725,0.0911904495365573,0.07037008040271808,0.09922736295378319,0.013853746512457427
choque_20pct_permanente,permanente,0.8,0.19999999999999996,True,15,56,7,8801022.805404445,0.0939103210847139,0.09744671832358875,0.108294517217659,0.01333492029789536
choque_20pct_permanente,permanente,0.8,0.19999999999999996,True,15,56,8,8653901.637551805,0.11093831654336642,0.11620832146363202,0.12888036604411265,0.009284489434384587
choque_20pct_permanente,permanente,0.8,0.19999999999999996,True,15,56,9,8512182.155115267,0.12744069848164954,0.12152495242642258,0.15155044979440363,0.002032050137266315
choque_20pct_permanente,permanente,0.8,0.19999999999999996,True,15,56,10,8315770.367372687,0.14129754064057537,0.11369629993622321,0.16829705375380474,-0.008473125114813117
choque_20pct_permanente,permanente,0.8,0.19999999999999996,True,15,56,11,8204165.055655095,0.14559724959999462,0.09659396581543445,0.1783136428305399,-0.020915129899385182
choque_20pct_permanente,permanente,0.8,0.19999999999999996,True,15,56,12,8234982.500442185,0.145770382181199,0.0771135800885181,0.17840751860957135,-0.032212267492201324
choque_20pct_permanente,permanente,0.8,0.19999999999999996,True,15,56,13,8372107.605588165,0.13664355313009463,0.058746377014392115,0.17204112113879275,-0.03513658750744519
choque_20pct_permanente,permanente,0.8,0.19999999999999996,True,15,56,14,8809118.605991974,0.11001372515788818,0.04571165358739315,0.15499271690082064,-0.037494752485948
choque_20pct_permanente,permanente,0.8,0.19999999999999996,True,15,56,15,9227816.364875803,0.08892342029337655,0.045821470763300676,0.1374343151600051,-0.032761422248434834
choque_20pct_permanente,permanente,0.8,0.19999999999999996,True,15,56,16,9602637.703142665,0.06904046354917714,0.06096914190724512,0.12691856274938923,-0.028121345300072105
choque_20pct_permanente,permanente,0.8,0.19999999999999996,True,15,56,17,9862540.0378744,0.06337192464561023,0.0955053368631309,0.12103042210201337,-0.021106766841875655
choque_20pct_permanente,permanente,0.8,0.19999999999999996,True,15,56,18,9997341.836765317,0.06537862499425712,0.1351276344160035,0.1315387621730812,-0.015865713090686198
choque_20pct_permanente,permanente,0.8,0.19999999999999996,True,15,56,19,10124566.25332431,0.07219817623617988,0.17210910434989635,0.14542372793490535,-0.0120695275465774
choque_20pct_permanente,permanente,0.8,0.19999999999999996,True,15,56,20,10110354.900499096,0.08040377119548041,0.19518593981864707,0.1623566234325546,-0.014822273501041846
choque_20pct_permanente,permanente,0.8,0.19999999999999996,True,15,56,21,10009323.89342936,0.08816834921084998,0.20362577005586568,0.1762928410292751,-0.0184831688344171
choque_20pct_permanente,permanente,0.8,0.19999999999999996,True,15,56,22,9938279.986748954,0.09023306296469212,0.19891293233973784,0.18522480345623682,-0.028752872239359604
choque_20pct_permanente,permanente,0.8,0.19999999999999996,True,15,56,23,9906828.423567392,0.08992874300620154,0.18904781245207292,0.18817718965748265,-0.038636333215763735
choque_20pct_permanente,permanente,0.8,0.19999999999999996,True,15,56,24,9879553.679041771,0.09082129876313116,0.17623774937842973,0.19199828960208518,-0.048742671058163704
choque_20pct_permanente,permanente,0.8,0.19999999999999996,True,15,56,25,10007221.145405449,0.08445736592593028,0.16385159936968363,0.19046727701095012,-0.05814146569849432
choque_20pct_permanente,permanente,0.8,0.19999999999999996,True,16,57,0,7609597.0,0.138,0.03,0.12063832026847152,0.010583740505574736
choque_20pct_permanente,permanente,0.8,0.19999999999999996,True,16,57,1,7652724.38733265,0.14039181650999813,0.030000000000000027,0.11859183719691781,0.007984885903803248
choque_20pct_permanente,permanente,0.8,0.19999999999999996,True,16,57,2,7798149.185335477,0.13522708141572493,0.02417888502677079,0.12050270894061646,0.0034953853031676287
choque_20pct_permanente,permanente,0.8,0.19999999999999996,True,16,57,3,8058476.3955916595,0.12462896071866911,0.02686294330919381,0.11165030530206593,0.004615175905555728
choque_20pct_permanente,permanente,0.8,0.19999999999999996,True,16,57,4,8385237.313331587,0.10741247831602448,0.030342160743449753,0.10345300497362986,0.009326952688435478
choque_20pct_permanente,permanente,0.8,0.19999999999999996,True,16,57,5,8619453.266501585,0.09500651980131082,0.047975125952194775,0.09709276494597856,0.014211893432998916
choque_20pct_permanente,permanente,0.8,0.19999999999999996,True,16,57,6,8734120.168035587,0.09466372938550682,0.07038518788617565,0.10106688837168902,0.01499490898785824
choque_20pct_permanente,permanente,0.8,0.19999999999999996,True,16,57,7,8725781.095026447,0.10419417160449107,0.09355615172581211,0.11457027281354325,0.010464774102913774
choque_20pct_permanente,permanente,0.8,0.19999999999999996,True,16,57,8,8675906.736007784,0.1143650172842818,0.10695093182445836,0.1315764562537912,0.008216166014067909
choque_20pct_permanente,permanente,0.8,0.19999999999999996,True,16,57,9,8592661.201042496,0.12250806011781247,0.11099659330337497,0.14614478748237547,0.0018159213090362864
choque_20pct_permanente,permanente,0.8,0.19999999999999996,True,16,57,10,8406206.496287506,0.13706837549639697,0.10594718981522444,0.1625439591197472,-0.010718882151801709
choque_20pct_permanente,permanente,0.8,0.19999999999999996,True,16,57,11,8252656.931465012,0.1478356486332468,0.09259496194849226,0.17658222266412235,-0.021216943604196386
choque_20pct_permanente,permanente,0.8,0.19999999999999996,True,16,57,12,8223698.796960204,0.14882880659472378,0.07559032092418416,0.1798611426626739,-0.03173313138801891
choque_20pct_permanente,permanente,0.8,0.19999999999999996,True,16,57,13,8354108.3098188685,0.14164894396768363,0.05916867847859342,0.17454325461935996,-0.039923552218835937
choque_20pct_permanente,permanente,0.8,0.19999999999999996,True,16,57,14,8604066.128351122,0.12681379057501696,0.045382511704508355,0.1637980651823608,-0.04178595762269455
choque_20pct_permanente,permanente,0.8,0.19999999999999996,True,16,57,15,9162236.843666518,0.0985120013305992,0.04185155802276319,0.14308142322263007,-0.036016015133639404
choque_20pct_permanente,permanente,0.8,0.19999999999999996,True,16,57,16,9544891.203283707,0.07608043751986215,0.0511940952084029,0.12911595710053853,-0.030659897893133625
choque_20pct_permanente,permanente,0.8,0.19999999999999996,True,16,57,17,9754087.014537448,0.06513976239113012,0.07909588246897359,0.12370994760447658,-0.026608310511578553
choque_20pct_permanente,permanente,0.8,0.19999999999999996,True,16,57,18,9928065.420475047,0.06645912555444837,0.11664598878824073,0.12922828959599533,-0.020722670545625686
choque_20pct_permanente,permanente,0.8,0.19999999999999996,True,16,57,19,10059113.891469333,0.07118399319536844,0.15388966212977317,0.1428201932182558,-0.01495694467822041
choque_20pct_permanente,permanente,0.8,0.19999999999999996,True,16,57,20,10183534.612330606,0.07484046930176205,0.18208256917364007,0.15474076515640545,-0.014341101367083152
choque_20pct_permanente,permanente,0.8,0.19999999999999996,True,16,57,21,10116914.711387934,0.08182288892917908,0.19858210095003348,0.168279685912774,-0.021044645687458254
choque_20pct_permanente,permanente,0.8,0.19999999999999996,True,16,57,22,10023136.22823115,0.09031058522407731,0.20047268208051117,0.18225995396295866,-0.02545812080757174
choque_20pct_permanente,permanente,0.8,0.19999999999999996,True,16,57,23,9967084.696178792,0.09101092514384775,0.1924689657097569,0.19101986182197106,-0.03875982839896755
choque_20pct_permanente,permanente,0.8,0.19999999999999996,True,16,57,24,9927629.164309328,0.09362989237923025,0.18076274365509049,0.19297825095602567,-0.04733937155168577
choque_20pct_permanente,permanente,0.8,0.19999999999999996,True,16,57,25,9992057.13681314,0.08802776505325167,0.1662614244093834,0.1938040340378176,-0.057411427864014236
choque_20pct_permanente,permanente,0.8,0.19999999999999996,True,17,58,0,7609597.0,0.138,0.03,0.12063832026847152,0.010583740505574736
choque_20pct_permanente,permanente,0.8,0.19999999999999996,True,17,58,1,7652724.38733265,0.14039181650999813,0.030000000000000027,0.11859183719691781,0.007984885903803248
choque_20pct_permanente,permanente,0.8,0.19999999999999996,True,17,58,2,7802161.346453733,0.13522791937893172,0.024174926556558063,0.12037381947310465,0.0028043715900083316
choque_20pct_permanente,permanente,0.8,0.19999999999999996,True,17,58,3,8059652.985903531,0.12473132222678276,0.026858027179900823,0.11102645403276418,0.005185265446354202
choque_20pct_permanente,permanente,0.8,0.19999999999999996,True,17,58,4,8453070.564015096,0.10693851959265516,0.030329238507252443,0.10211269007592062,0.00914744216823397
choque_20pct_permanente,permanente,0.8,0.19999999999999996,True,17,58,5,8598599.008495675,0.0948604360475864,0.04993393720627837,0.09618224236389833,0.014195498424648395
choque_20pct_permanente,permanente,0.8,0.19999999999999996,True,17,58,6,8719832.331526794,0.09219824260431078,0.07143264610869182,0.10069381159250251,0.012909242318455732
choque_20pct_permanente,permanente,0.8,0.19999999999999996,True,17,58,7,8719055.625590367,0.10434998041801215,0.0972502817705494,0.1129008923861911,0.012032707984042003
choque_20pct_permanente,permanente,0.8,0.19999999999999996,True,17,58,8,8613038.202046942,0.11806800193351268,0.10882595912824389,0.13596813981028816,0.0026668550936045986
choque_20pct_permanente,permanente,0.8,0.19999999999999996,True,17,58,9,8436079.1956538,0.13251186113986724,0.11147018110138762,0.1529598693510483,-0.00502882207226626
choque_20pct_permanente,permanente,0.8,0.19999999999999996,True,17,58,10,8414466.157611692,0.1351516596855118,0.09997619965624627,0.16333274624015703,-0.012393204703970576
choque_20pct_permanente,permanente,0.8,0.19999999999999996,True,17,58,11,8348841.086199741,0.13822159729498715,0.08776382553089923,0.16728937446466322,-0.022231733970933962
choque_20pct_permanente,permanente,0.8,0.19999999999999996,True,17,58,12,8377378.726876259,0.1369916329469098,0.07186879186488171,0.16967105611154598,-0.03182968436234054
choque_20pct_permanente,permanente,0.8,0.19999999999999996,True,17,58,13,8574322.121393057,0.1253301021476392,0.05991540855644284,0.1624730578013777,-0.033918753593380896
choque_20pct_permanente,permanente,0.8,0.19999999999999996,True,17,58,14,8852902.848245936,0.1099444172785724,0.05272911095118471,0.15205421166246952,-0.034162831858559006
choque_20pct_permanente,permanente,0.8,0.19999999999999996,True,17,58,15,9182025.322859,0.09159773087692615,0.05604334261131427,0.14006066908392242,-0.03173367997916938
choque_20pct_permanente,permanente,0.8,0.19999999999999996,True,17,58,16,9560221.380174624,0.07516825344424721,0.07047626752813096,0.12961296102860645,-0.024379192601109552
choque_20pct_permanente,permanente,0.8,0.19999999999999996,True,17,58,17,9826881.21908633,0.0659044695254855,0.09842490297196438,0.1265134601059408,-0.023879568326514278
choque_20pct_permanente,permanente,0.8,0.19999999999999996,True,17,58,18,9980870.419525009,0.06692749017604262,0.1339573283912716,0.131708863380022,-0.01636808408338396
choque_20pct_permanente,permanente,0.8,0.19999999999999996,True,17,58,19,10065052.720750684,0.07140750379922169,0.1668035476685037,0.14575058122479778,-0.01350888244812586
choque_20pct_permanente,permanente,0.8,0.19999999999999996,True,17,58,20,10103807.636382567,0.07708049212170433,0.18979910419355783,0.1592734401749924,-0.013809736094082883
choque_20pct_permanente,permanente,0.8,0.19999999999999996,True,17,58,21,10019116.344784824,0.08545096907353819,0.2006206728965454,0.17417091696638135,-0.022300002240015618
choque_20pct_permanente,permanente,0.8,0.19999999999999996,True,17,58,22,9912817.812303703,0.09695445591045342,0.19821836686282168,0.1881035775420217,-0.032943191843575616
choque_20pct_permanente,permanente,0.8,0.19999999999999996,True,17,58,23,9795276.976473652,0.1015603114989853,0.18466317348992733,0.1968383808671399,-0.04077615517328555
choque_20pct_permanente,permanente,0.8,0.19999999999999996,True,17,58,24,9904047.596582906,0.08923584073682272,0.1669042768679967,0.1924900901923916,-0.05408007865305145
choque_20pct_permanente,permanente,0.8,0.19999999999999996,True,17,58,25,10152002.238940582,0.07484683544039165,0.1548257785045677,0.17952974786876946,-0.05680625852673516
choque_20pct_permanente,permanente,0.8,0.19999999999999996,True,18,59,0,7609597.0,0.138,0.03,0.12063832026847152,0.010583740505574736
choque_20pct_permanente,permanente,0.8,0.19999999999999996,True,18,59,1,7652724.38733265,0.14039181650999813,0.030000000000000027,0.11859183719691781,0.007984885903803248
choque_20pct_permanente,permanente,0.8,0.19999999999999996,True,18,59,2,7795331.867327983,0.13522708141572493,0.0241798548657024,0.12054274951344701,0.0039060437221932294
choque_20pct_permanente,permanente,0.8,0.19999999999999996,True,18,59,3,8076751.23502447,0.12376025350159268,0.026841265069014852,0.11144878433202092,0.005049452077611797
choque_20pct_permanente,permanente,0.8,0.19999999999999996,True,18,59,4,8398153.82331242,0.10856080677944041,0.030715111787881444,0.10452471034896345,0.010690508268069185
choque_20pct_permanente,permanente,0.8,0.19999999999999996,True,18,59,5,8515731.406178957,0.09891747428959828,0.048535634669629735,0.10091822838204306,0.01033145441945884
choque_20pct_permanente,permanente,0.8,0.19999999999999996,True,18,59,6,8657794.892684123,0.09732942535646538,0.06899604999673348,0.10344206466994756,0.008834564079040081
choque_20pct_permanente,permanente,0.8,0.19999999999999996,True,18,59,7,8778708.954696,0.09722473431697501,0.09057306509676621,0.110318399507309,0.011567920495822483
choque_20pct_permanente,permanente,0.8,0.19999999999999996,True,18,59,8,8734694.74455785,0.1042792798841737,0.107847185781212,0.12376444901020522,0.00808597958229279
choque_20pct_permanente,permanente,0.8,0.19999999999999996,True,18,59,9,8624027.570299743,0.1169963649700682,0.11655405836865684,0.14163139408973574,0.0024074738588897387
choque_20pct_permanente,permanente,0.8,0.19999999999999996,True,18,59,10,8467543.844799623,0.1306623850003637,0.11390672226268661,0.15965501477377844,-0.003931605713991038
choque_20pct_permanente,permanente,0.8,0.19999999999999996,True,18,59,11,8347445.61949671,0.13935151551621508,0.10224428552692633,0.17270349794862763,-0.016095835010296034
choque_20pct_permanente,permanente,0.8,0.19999999999999996,True,18,59,12,8235005.62675375,0.1443632705040156,0.08595225264519057,0.1805134690805801,-0.027272916630810176
choque_20pct_permanente,permanente,0.8,0.19999999999999996,True,18,59,13,8308948.390357318,0.1402262360887863,0.06919913383824938,0.17820917911141912,-0.038118979177590044
choque_20pct_permanente,permanente,0.8,0.19999999999999996,True,18,59,14,8560842.071332099,0.12751073274469543,0.05542681645814018,0.16623831005064543,-0.03939600535713874
choque_20pct_permanente,permanente,0.8,0.19999999999999996,True,18,59,15,9134877.984014079,0.09803329173949005,0.04873971234277774,0.1459573458674632,-0.033271694845732204
choque_20pct_permanente,permanente,0.8,0.19999999999999996,True,18,59,16,9460276.77494349,0.07337517900456828,0.05647558165117528,0.1308688193055389,-0.030088836568617338
choque_20pct_permanente,permanente,0.8,0.19999999999999996,True,18,59,17,9785603.35106673,0.06244345083772764,0.08310066256227544,0.12258157199517271,-0.025840514131736114
choque_20pct_permanente,permanente,0.8,0.19999999999999996,True,18,59,18,10011691.251798091,0.05961985748325887,0.12181500294501224,0.12586957644249003,-0.019089212964527796
choque_20pct_permanente,permanente,0.8,0.19999999999999996,True,18,59,19,10190676.273248952,0.06248982615528881,0.1659505218735473,0.13469643140686258,-0.012246056158157043
choque_20pct_permanente,permanente,0.8,0.19999999999999996,True,18,59,20,10336375.66467784,0.06591211172342079,0.20068573759063146,0.14876963330401086,-0.00933574814197963
choque_20pct_permanente,permanente,0.8,0.19999999999999996,True,18,59,21,10341003.686682565,0.07194261668997222,0.22307155526134337,0.1617089010819562,-0.008729174838815919
choque_20pct_permanente,permanente,0.8,0.19999999999999996,True,18,59,22,10209546.148011532,0.08230826994377609,0.23039670588491523,0.17883053716106317,-0.019654445520105434
choque_20pct_permanente,permanente,0.8,0.19999999999999996,True,18,59,23,9995648.469901543,0.09446492162839369,0.22283826899723436,0.19541408680702638,-0.030073653637589425
choque_20pct_permanente,permanente,0.8,0.19999999999999996,True,18,59,24,9899481.633992823,0.09610196707036713,0.20288184584887015,0.20312839280445583,-0.043781190790345564
choque_20pct_permanente,permanente,0.8,0.19999999999999996,True,18,59,25,9918650.940602066,0.09015664425530429,0.18193953573873567,0.1994947109373537,-0.055512735359405915
choque_20pct_permanente,permanente,0.8,0.19999999999999996,True,19,60,0,7609597.0,0.138,0.03,0.12063832026847152,0.010583740505574736
choque_20pct_permanente,permanente,0.8,0.19999999999999996,True,19,60,1,7652724.38733265,0.14039181650999813,0.030000000000000027,0.11859183719691781,0.007984885903803248
choque_20pct_permanente,permanente,0.8,0.19999999999999996,True,19,60,2,7801015.79439375,0.13522708141572493,0.02416779563427518,0.12036188788452327,0.0013312017868427292
choque_20pct_permanente,permanente,0.8,0.19999999999999996,True,19,60,3,8078810.5600800365,0.12319753467485918,0.026894303678024034,0.1102956269785451,0.004462778928094357
choque_20pct_permanente,permanente,0.8,0.19999999999999996,True,19,60,4,8453387.904864522,0.10460968212277172,0.030999778610697692,0.10072658162169798,0.010358840622038597
choque_20pct_permanente,permanente,0.8,0.19999999999999996,True,19,60,5,8629131.22451484,0.09288613109370553,0.051667309078312185,0.09454854177493206,0.011797451128613542
choque_20pct_permanente,permanente,0.8,0.19999999999999996,True,19,60,6,8792190.24476152,0.09165279293007418,0.07364288124506269,0.09939663370213545,0.011089323281525192
choque_20pct_permanente,permanente,0.8,0.19999999999999996,True,19,60,7,8783618.529148353,0.09684185533812448,0.09912736794620902,0.11161047449314684,0.009846766801057368
choque_20pct_permanente,permanente,0.8,0.19999999999999996,True,19,60,8,8679578.98921728,0.11551178215800974,0.11502228358714905,0.13112347501275223,0.007510510790814678
choque_20pct_permanente,permanente,0.8,0.19999999999999996,True,19,60,9,8540552.036486601,0.12566175751885564,0.11739931379046098,0.15186676719430994,-0.001338058598188922
choque_20pct_permanente,permanente,0.8,0.19999999999999996,True,19,60,10,8391282.44639218,0.13746164294241825,0.11066786453574107,0.16382292209045782,-0.010556481751346507
choque_20pct_permanente,permanente,0.8,0.19999999999999996,True,19,60,11,8263494.73792945,0.14565773168830592,0.09531547886879532,0.1753453585425466,-0.01962017329408485
choque_20pct_permanente,permanente,0.8,0.19999999999999996,True,19,60,12,8230240.093622153,0.14617005974017103,0.07716459074304027,0.17901974633835802,-0.03130510371019562
choque_20pct_permanente,permanente,0.8,0.19999999999999996,True,19,60,13,8364257.358378696,0.13623166857577299,0.059490640587541055,0.1723789452042549,-0.039682173773723066
choque_20pct_permanente,permanente,0.8,0.19999999999999996,True,19,60,14,8804239.442083871,0.1140495712222352,0.04871790663339115,0.1534384201096041,-0.0382795726114191
choque_20pct_permanente,permanente,0.8,0.19999999999999996,True,19,60,15,9317456.296737535,0.08872583869799676,0.049193635988607154,0.13511068146953756,-0.03212494225346841
choque_20pct_permanente,permanente,0.8,0.19999999999999996,True,19,60,16,9443596.087135172,0.07230847936228536,0.06556976446964424,0.12706948534030413,-0.028601368556493704
choque_20pct_permanente,permanente,0.8,0.19999999999999996,True,19,60,17,9811322.837357173,0.06489257483051114,0.09637611071271834,0.12223129633543646,-0.02264517621418709
choque_20pct_permanente,permanente,0.8,0.19999999999999996,True,19,60,18,9946736.8320223,0.063912179521264,0.1345505694903062,0.12965747501714503,-0.014905500728524422
choque_20pct_permanente,permanente,0.8,0.19999999999999996,True,19,60,19,10072152.04047852,0.0707944630337751,0.16897379009726898,0.14318455494144677,-0.012959314751217423
choque_20pct_permanente,permanente,0.8,0.19999999999999996,True,19,60,20,10077841.344153164,0.08088846885023118,0.19180398604422377,0.1620098345028833,-0.013354702055434974
choque_20pct_permanente,permanente,0.8,0.19999999999999996,True,19,60,21,9932073.301260574,0.09284409928543993,0.1977707119792007,0.18113665964950088,-0.022872280474984467
choque_20pct_permanente,permanente,0.8,0.19999999999999996,True,19,60,22,9769571.167305738,0.10213330872787323,0.18965345738968442,0.1955230435673521,-0.03587323764674819
choque_20pct_permanente,permanente,0.8,0.19999999999999996,True,19,60,23,9673448.999595098,0.1049756318807553,0.17291519682608003,0.20104762663112352,-0.048345371347610785
choque_20pct_permanente,permanente,0.8,0.19999999999999996,True,19,60,24,9758098.528405672,0.09472595268194436,0.15430967906784998,0.1957265102498023,-0.05505379667906902
choque_20pct_permanente,permanente,0.8,0.19999999999999996,True,19,60,25,10166234.534914335,0.07515006246346903,0.14245074644255107,0.17866045520982496,-0.056377341704986025
choque_20pct_permanente,permanente,0.8,0.19999999999999996,True,20,61,0,7609597.0,0.138,0.03,0.12063832026847152,0.010583740505574736
choque_20pct_permanente,permanente,0.8,0.19999999999999996,True,20,61,1,7652724.38733265,0.14039181650999813,0.030000000000000027,0.11859183719691781,0.007984885903803248
choque_20pct_permanente,permanente,0.8,0.19999999999999996,True,20,61,2,7810192.315640007,0.135228353675209,0.02418820227567564,0.12035104403884442,0.0064052811322713905
choque_20pct_permanente,permanente,0.8,0.19999999999999996,True,20,61,3,8015479.294843943,0.12555636859119154,0.02682757863734886,0.11360296565960566,0.004290313158361185
choque_20pct_permanente,permanente,0.8,0.19999999999999996,True,20,61,4,8307641.492175498,0.1138708630209111,0.029925372509651327,0.10701674676196118,0.00478835745997645
choque_20pct_permanente,permanente,0.8,0.19999999999999996,True,20,61,5,8626008.670435138,0.09709637921290327,0.04539564008851227,0.09873313800368169,0.0088396366875533
choque_20pct_permanente,permanente,0.8,0.19999999999999996,True,20,61,6,8727216.456172662,0.0915463649905801,0.06720865326908543,0.09826887750339217,0.008801581736580206
choque_20pct_permanente,permanente,0.8,0.19999999999999996,True,20,61,7,8839371.592747027,0.09350319583274332,0.09237244263570954,0.10533243101622795,0.01126626921207339
choque_20pct_permanente,permanente,0.8,0.19999999999999996,True,20,61,8,8850489.453094495,0.09925357346860865,0.1120047552683352,0.11992639130049904,0.010246326203598487
choque_20pct_permanente,permanente,0.8,0.19999999999999996,True,20,61,9,8659827.921739649,0.11873180904735316,0.12443048236605869,0.14079229084535497,0.004373792037368972
choque_20pct_permanente,permanente,0.8,0.19999999999999996,True,20,61,10,8454614.590854095,0.13996796294002528,0.11987463644706287,0.16566250330220245,-0.008887156943247519
choque_20pct_permanente,permanente,0.8,0.19999999999999996,True,20,61,11,8303419.423540226,0.1499311321227114,0.10490280217978976,0.17866050332684402,-0.020737554423822274
choque_20pct_permanente,permanente,0.8,0.19999999999999996,True,20,61,12,8222227.711549222,0.15355891308454137,0.08328747366734723,0.18491991339858513,-0.03392118497010696
choque_20pct_permanente,permanente,0.8,0.19999999999999996,True,20,61,13,8247506.695270314,0.15123808851460424,0.061276550715057665,0.1836939506811096,-0.043074495027871126
choque_20pct_permanente,permanente,0.8,0.19999999999999996,True,20,61,14,8516875.330009244,0.1364516174570323,0.04425620543659514,0.17015528168487798,-0.04500839983496025
choque_20pct_permanente,permanente,0.8,0.19999999999999996,True,20,61,15,8978602.76180639,0.11107443953221789,0.03541059777566913,0.15074611014259748,-0.043099296376274465
choque_20pct_permanente,permanente,0.8,0.19999999999999996,True,20,61,16,9468747.558550749,0.08541989175909925,0.040654987743521165,0.13366540073418332,-0.03362319436627393
choque_20pct_permanente,permanente,0.8,0.19999999999999996,True,20,61,17,9622912.403266259,0.0726373199370142,0.059467818893011115,0.12829742617102396,-0.03322773271079489
choque_20pct_permanente,permanente,0.8,0.19999999999999996,True,20,61,18,9944340.201341003,0.06835423318891089,0.09162949682196664,0.12884764971120077,-0.029438403600338427
choque_20pct_permanente,permanente,0.8,0.19999999999999996,True,20,61,19,10045007.956029404,0.07190956586233704,0.12773085460143951,0.13873092607964901,-0.021085870575749788
choque_20pct_permanente,permanente,0.8,0.19999999999999996,True,20,61,20,10097483.844042338,0.07725066629471217,0.15777113625106232,0.15415637598550022,-0.02017683459019159
choque_20pct_permanente,permanente,0.8,0.19999999999999996,True,20,61,21,10085062.485652735,0.0844847085910347,0.17746165042681428,0.16849328763498608,-0.02543070229355148
choque_20pct_permanente,permanente,0.8,0.19999999999999996,True,20,61,22,10057482.755635448,0.08876052629216022,0.18346617357936434,0.18038113757295246,-0.0335462421492114
choque_20pct_permanente,permanente,0.8,0.19999999999999996,True,20,61,23,10052868.79016506,0.09068255043706884,0.1823344716671278,0.1852397326156947,-0.040324521279200914
choque_20pct_permanente,permanente,0.8,0.19999999999999996,True,20,61,24,10078804.163408143,0.08813805423966387,0.17485123846236772,0.18756305597412845,-0.04655505026034495
choque_20pct_permanente,permanente,0.8,0.19999999999999996,True,20,61,25,10264119.592320738,0.07414818211468871,0.16741193624530126,0.1820505277649947,-0.050465587768072986
choque_20pct_permanente,permanente,0.8,0.19999999999999996,True,21,62,0,7609597.0,0.138,0.03,0.12063832026847152,0.010583740505574736
choque_20pct_permanente,permanente,0.8,0.19999999999999996,True,21,62,1,7652724.38733265,0.14039181650999813,0.030000000000000027,0.11859183719691781,0.007984885903803248
choque_20pct_permanente,permanente,0.8,0.19999999999999996,True,21,62,2,7801883.245391858,0.13522709376288386,0.02416952371014558,0.12040707251402727,0.00129724124654278
choque_20pct_permanente,permanente,0.8,0.19999999999999996,True,21,62,3,8073871.66073165,0.12380185095192778,0.026912392182091516,0.11076434189347534,0.007752548773458605
choque_20pct_permanente,permanente,0.8,0.19999999999999996,True,21,62,4,8448430.68338447,0.10560762373411392,0.030690812225202757,0.10257360419698286,0.0062379533316305105
choque_20pct_permanente,permanente,0.8,0.19999999999999996,True,21,62,5,8588120.521544037,0.097589848336756,0.05077063407572746,0.0970485426844959,0.01046424243871446
choque_20pct_permanente,permanente,0.8,0.19999999999999996,True,21,62,6,8696601.45976015,0.09516246942448325,0.07079642088163562,0.1031810320648077,0.011347880018153513
choque_20pct_permanente,permanente,0.8,0.19999999999999996,True,21,62,7,8697973.321117727,0.10238484614807276,0.09459680164517792,0.11356537979463716,0.010509008732232204
choque_20pct_permanente,permanente,0.8,0.19999999999999996,True,21,62,8,8626908.314543743,0.11535204737885128,0.1075200581632898,0.1322731182022095,0.008565393273288415
choque_20pct_permanente,permanente,0.8,0.19999999999999996,True,21,62,9,8508552.703996453,0.12500650868921195,0.11146955492991895,0.14875488349546018,0.000371758506791334
choque_20pct_permanente,permanente,0.8,0.19999999999999996,True,21,62,10,8354178.645593584,0.1360189818038117,0.1046594677399022,0.16378010804513585,-0.010775913872954668
choque_20pct_permanente,permanente,0.8,0.19999999999999996,True,21,62,11,8244194.664501806,0.1459986225515868,0.09123292811189332,0.17531051176126203,-0.0213935094995777
choque_20pct_permanente,permanente,0.8,0.19999999999999996,True,21,62,12,8267871.713363313,0.1451170166345017,0.07288031469947187,0.17877957394342758,-0.03289420745479229
choque_20pct_permanente,permanente,0.8,0.19999999999999996,True,21,62,13,8381267.851669045,0.13989851921418617,0.05715507042369494,0.17252209319816933,-0.03670284658154578
choque_20pct_permanente,permanente,0.8,0.19999999999999996,True,21,62,14,8793144.944383666,0.11659746422157614,0.045288130272463034,0.15631693474146902,-0.03556287151373572
choque_20pct_permanente,permanente,0.8,0.19999999999999996,True,21,62,15,9216121.859298225,0.09006643610127901,0.04602079281453908,0.1380759919582352,-0.03210959372087135
choque_20pct_permanente,permanente,0.8,0.19999999999999996,True,21,62,16,9587163.76158426,0.07346546671536537,0.05844600996618721,0.12865696390572057,-0.02783068006408537
choque_20pct_permanente,permanente,0.8,0.19999999999999996,True,21,62,17,9728115.724303564,0.06799057777914556,0.08846438976735227,0.1273928992304219,-0.021605149051791058
choque_20pct_permanente,permanente,0.8,0.19999999999999996,True,21,62,18,9919998.941540688,0.06806801006242254,0.12517969055493627,0.1339266934805411,-0.019102246741625355
choque_20pct_permanente,permanente,0.8,0.19999999999999996,True,21,62,19,10065631.842085889,0.07330404545315627,0.16001118431820038,0.14485379283131009,-0.014691972286075626
choque_20pct_permanente,permanente,0.8,0.19999999999999996,True,21,62,20,10135096.468336837,0.07470493869883722,0.18288224522068952,0.1584248454212395,-0.015080000569444061
choque_20pct_permanente,permanente,0.8,0.19999999999999996,True,21,62,21,10121397.58734201,0.07951862370450091,0.1991305686722198,0.16724849531003413,-0.02107982531239837
choque_20pct_permanente,permanente,0.8,0.19999999999999996,True,21,62,22,9991936.429476313,0.08884562670103206,0.20188417139038473,0.18184951041649342,-0.027481304694697596
choque_20pct_permanente,permanente,0.8,0.19999999999999996,True,21,62,23,10020576.637777738,0.08699049107063911,0.19497619491016827,0.1877273428178534,-0.03463200157271122
choque_20pct_permanente,permanente,0.8,0.19999999999999996,True,21,62,24,10047991.773019053,0.08370064779502952,0.18566858195849578,0.18650171680206476,-0.043638394464985436
choque_20pct_permanente,permanente,0.8,0.19999999999999996,True,21,62,25,10097963.951029034,0.08094433150492512,0.1767430686428817,0.18766625854210897,-0.051149861642899135
choque_20pct_permanente,permanente,0.8,0.19999999999999996,True,22,63,0,7609597.0,0.138,0.03,0.12063832026847152,0.010583740505574736
choque_20pct_permanente,permanente,0.8,0.19999999999999996,True,22,63,1,7652724.38733265,0.14039181650999813,0.030000000000000027,0.11859183719691781,0.007984885903803248
choque_20pct_permanente,permanente,0.8,0.19999999999999996,True,22,63,2,7797633.467722029,0.13522708141572493,0.024172637767157834,0.12049082387403716,0.0020602817057532043
choque_20pct_permanente,permanente,0.8,0.19999999999999996,True,22,63,3,8066639.8832752425,0.12356017619271581,0.026889606517262132,0.11054900799237515,0.005915720547520968
choque_20pct_permanente,permanente,0.8,0.19999999999999996,True,22,63,4,8425947.271434534,0.10521602740270865,0.030783332100446703,0.10127578506833448,0.008483989433225536
choque_20pct_permanente,permanente,0.8,0.19999999999999996,True,22,63,5,8651252.55581609,0.09276115351217071,0.05086890282642553,0.09353322515436241,0.01141800694058255
choque_20pct_permanente,permanente,0.8,0.19999999999999996,True,22,63,6,8820620.305090802,0.08866692302995852,0.0730978610024191,0.09623000659900008,0.015368053118337067
choque_20pct_permanente,permanente,0.8,0.19999999999999996,True,22,63,7,8901694.477885151,0.08990155762773928,0.10081139271131434,0.10539872495674951,0.015741242877915524
choque_20pct_permanente,permanente,0.8,0.19999999999999996,True,22,63,8,8740191.904805629,0.10824916772949092,0.12170168702589423,0.1262764117625901,0.013377423375858746
choque_20pct_permanente,permanente,0.8,0.19999999999999996,True,22,63,9,8548353.081884785,0.1270105575389095,0.12764832064150844,0.15221196749806792,0.005336734627354154
choque_20pct_permanente,permanente,0.8,0.19999999999999996,True,22,63,10,8312027.538946508,0.14421868270993077,0.11910956947065254,0.1725056404191213,-0.007863142768832355
choque_20pct_permanente,permanente,0.8,0.19999999999999996,True,22,63,11,8099203.212855654,0.1576791285279644,0.09944314790157538,0.18812417449558147,-0.02086661409413172
choque_20pct_permanente,permanente,0.8,0.19999999999999996,True,22,63,12,8055544.569142759,0.1598535872553787,0.07541028701265629,0.1917631317240377,-0.03638116321616954
choque_20pct_permanente,permanente,0.8,0.19999999999999996,True,22,63,13,8204395.887629853,0.14898679159548095,0.05297391131337159,0.18180309535444272,-0.04412994087519748
choque_20pct_permanente,permanente,0.8,0.19999999999999996,True,22,63,14,8641260.091159457,0.12623257168095223,0.03762043781447888,0.16117494575880623,-0.04191311733961414
choque_20pct_permanente,permanente,0.8,0.19999999999999996,True,22,63,15,9139501.1905578,0.09745826875550298,0.03313067704075068,0.14108629417889984,-0.03646793583396702
choque_20pct_permanente,permanente,0.8,0.19999999999999996,True,22,63,16,9474467.707068793,0.07421618310210834,0.04494837779566718,0.12712041092939108,-0.031445404713361186
choque_20pct_permanente,permanente,0.8,0.19999999999999996,True,22,63,17,9819752.586707698,0.06271738998684853,0.07329508369113058,0.12122329586557715,-0.029073287094221113
choque_20pct_permanente,permanente,0.8,0.19999999999999996,True,22,63,18,10066337.383431457,0.06186421144343283,0.11460468736983032,0.12439305987501509,-0.020438570050440585
choque_20pct_permanente,permanente,0.8,0.19999999999999996,True,22,63,19,10164338.46881819,0.06671122884074794,0.1569699575333252,0.13886137590158948,-0.015891596806826717
choque_20pct_permanente,permanente,0.8,0.19999999999999996,True,22,63,20,10255054.542434834,0.07294748405559039,0.18869034857095923,0.1543726012051052,-0.011571494843536477
choque_20pct_permanente,permanente,0.8,0.19999999999999996,True,22,63,21,10256810.046675842,0.07739544890384471,0.20711845174083598,0.16751044068040477,-0.01333887544397633
choque_20pct_permanente,permanente,0.8,0.19999999999999996,True,22,63,22,10164889.500339381,0.08556534312968067,0.21225959546178141,0.18063159174131663,-0.023345436597187227
choque_20pct_permanente,permanente,0.8,0.19999999999999996,True,22,63,23,9964357.784062646,0.09722435981747227,0.20455537508391353,0.1967152109344109,-0.03542878721494408
choque_20pct_permanente,permanente,0.8,0.19999999999999996,True,22,63,24,9871215.439271605,0.09951519788632601,0.1873680921726084,0.20475142108840216,-0.04948700821202773
choque_20pct_permanente,permanente,0.8,0.19999999999999996,True,22,63,25,9923327.357709678,0.0931273790938972,0.1679444962884984,0.20011084748603905,-0.05637392221229566
choque_20pct_permanente,permanente,0.8,0.19999999999999996,True,23,64,0,7609597.0,0.138,0.03,0.12063832026847152,0.010583740505574736
choque_20pct_permanente,permanente,0.8,0.19999999999999996,True,23,64,1,7652716.012269475,0.14039188543076578,0.030000000000000027,0.11859223719990825,0.007984765243853872
choque_20pct_permanente,permanente,0.8,0.19999999999999996,True,23,64,2,7799964.972859484,0.13522774575925392,0.024174680748029198,0.12042437573142113,0.002252602548337618
choque_20pct_permanente,permanente,0.8,0.19999999999999996,True,23,64,3,8073273.91683056,0.12453055810975092,0.02689811845523793,0.11105088284388162,0.004794454360915522
choque_20pct_permanente,permanente,0.8,0.19999999999999996,True,23,64,4,8408704.665028108,0.10800077269270865,0.030427564671585916,0.10352117790806743,0.010270680580806822
choque_20pct_permanente,permanente,0.8,0.19999999999999996,True,23,64,5,8618463.02319507,0.09541472899408886,0.05023990579475224,0.09642341716024753,0.012524149182266431
choque_20pct_permanente,permanente,0.8,0.19999999999999996,True,23,64,6,8712761.609801816,0.09080581758550815,0.07082940002635696,0.10063958916185117,0.013607625420400817
choque_20pct_permanente,permanente,0.8,0.19999999999999996,True,23,64,7,8672648.539460663,0.1026559805459213,0.09843060872171527,0.11223581181762159,0.013363824183886607
choque_20pct_permanente,permanente,0.8,0.19999999999999996,True,23,64,8,8605509.409309749,0.11615436819702188,0.11058823240144067,0.1348140585220961,0.006542534364179523
choque_20pct_permanente,permanente,0.8,0.19999999999999996,True,23,64,9,8437293.001158603,0.1317347594941409,0.11438992122273395,0.15304664571304452,-0.0014190533136436928
choque_20pct_permanente,permanente,0.8,0.19999999999999996,True,23,64,10,8283392.847304085,0.14221657948394756,0.1025571209537759,0.17063045265326546,-0.015001092112015422
choque_20pct_permanente,permanente,0.8,0.19999999999999996,True,23,64,11,8174677.96846063,0.14808250561593697,0.08673193012234948,0.17824921271587174,-0.02607371037081799
choque_20pct_permanente,permanente,0.8,0.19999999999999996,True,23,64,12,8296621.275100748,0.14199623261600527,0.0662315120447603,0.17527276152640106,-0.03035064921112088
choque_20pct_permanente,permanente,0.8,0.19999999999999996,True,23,64,13,8597886.397176651,0.12252311133919193,0.051729998307298075,0.16062643951800015,-0.0322854361926703
choque_20pct_permanente,permanente,0.8,0.19999999999999996,True,23,64,14,8981450.83049513,0.10009399136540494,0.04712348366936858,0.1438657680167759,-0.03399005699018064
choque_20pct_permanente,permanente,0.8,0.19999999999999996,True,23,64,15,9284291.930205256,0.08094950380908121,0.05734775552881044,0.1307149022222451,-0.027311222336321373
choque_20pct_permanente,permanente,0.8,0.19999999999999996,True,23,64,16,9608613.79186778,0.06773240756767218,0.08139470269340654,0.12307383965348574,-0.020945445056123023
choque_20pct_permanente,permanente,0.8,0.19999999999999996,True,23,64,17,9859366.395003915,0.06202627253515724,0.11663363317333575,0.12336662414463029,-0.015699814458075823
choque_20pct_permanente,permanente,0.8,0.19999999999999996,True,23,64,18,10027016.128309727,0.06766034142296047,0.15443280830211958,0.13404291957102962,-0.010784115160399873
choque_20pct_permanente,permanente,0.8,0.19999999999999996,True,23,64,19,10112880.110487347,0.07295712832440296,0.18180763142417833,0.1519549936609865,-0.012177411812619065
choque_20pct_permanente,permanente,0.8,0.19999999999999996,True,23,64,20,10053874.58570576,0.08142816515482917,0.19992836396291858,0.16495799137786749,-0.012984161146575057
choque_20pct_permanente,permanente,0.8,0.19999999999999996,True,23,64,21,9985852.012454562,0.08760092701021709,0.20261049661155872,0.17947615514893817,-0.02107864405644344
choque_20pct_permanente,permanente,0.8,0.19999999999999996,True,23,64,22,9817464.09245275,0.09694417384173815,0.1960858821516025,0.1916815138520646,-0.03499641657164708
choque_20pct_permanente,permanente,0.8,0.19999999999999996,True,23,64,23,9687767.788635029,0.10309852223386011,0.1792182788796306,0.20149368329714054,-0.04542351406785204
choque_20pct_permanente,permanente,0.8,0.19999999999999996,True,23,64,24,9809300.687498223,0.09239584330060506,0.16080536886354335,0.19613116193849947,-0.054098234237031875
choque_20pct_permanente,permanente,0.8,0.19999999999999996,True,23,64,25,10073739.705586161,0.07604062425310013,0.14865732346450433,0.18133037224500895,-0.05559183942728595
choque_20pct_permanente,permanente,0.8,0.19999999999999996,True,24,65,0,7609597.0,0.138,0.03,0.12063832026847152,0.010583740505574736
choque_20pct_permanente,permanente,0.8,0.19999999999999996,True,24,65,1,7652724.38733265,0.14039181650999813,0.030000000000000027,0.11859183719691781,0.007984885903803248
choque_20pct_permanente,permanente,0.8,0.19999999999999996,True,24,65,2,7811000.538868851,0.13522708141572493,0.024179974508985014,0.12037724168036791,0.004105968256665243
choque_20pct_permanente,permanente,0.8,0.19999999999999996,True,24,65,3,8048256.56650207,0.12512236681927072,0.02685950699639661,0.11238739144816397,0.006408866234632061
choque_20pct_permanente,permanente,0.8,0.19999999999999996,True,24,65,4,8347790.850875747,0.11065721591481087,0.030106875136219236,0.10582500206069302,0.010101933259679244
choque_20pct_permanente,permanente,0.8,0.19999999999999996,True,24,65,5,8514242.5578472,0.09733929929551446,0.04769983239334641,0.10062817207145308,0.01079355965407558
choque_20pct_permanente,permanente,0.8,0.19999999999999996,True,24,65,6,8665842.579877285,0.0971150066073875,0.06748941225285066,0.10342242473771109,0.01091701673672807
choque_20pct_permanente,permanente,0.8,0.19999999999999996,True,24,65,7,8696381.643897073,0.10303821151482788,0.08983322478308997,0.11436382885267181,0.011227189417855154
choque_20pct_permanente,permanente,0.8,0.19999999999999996,True,24,65,8,8687766.11023269,0.11107728868832928,0.10335667558669703,0.12886075619306042,0.008250685220619228
choque_20pct_permanente,permanente,0.8,0.19999999999999996,True,24,65,9,8588915.05370355,0.11915339805639173,0.109809901092639,0.1435661521600804,0.003023287845485992
choque_20pct_permanente,permanente,0.8,0.19999999999999996,True,24,65,10,8427011.012056738,0.13224123962070283,0.10655930801159319,0.16023437062142165,-0.008144443181250845
choque_20pct_permanente,permanente,0.8,0.19999999999999996,True,24,65,11,8285834.664712854,0.14531420320914806,0.09573288748190745,0.17436488352089222,-0.02053309853940394
choque_20pct_permanente,permanente,0.8,0.19999999999999996,True,24,65,12,8266957.508779455,0.14778268849338022,0.078573641874218,0.17951586857789456,-0.030715652554860508
choque_20pct_permanente,permanente,0.8,0.19999999999999996,True,24,65,13,8416986.429660168,0.1358469215487092,0.06097875738447445,0.17301673727672937,-0.03740317681845395
choque_20pct_permanente,permanente,0.8,0.19999999999999996,True,24,65,14,8767729.03709614,0.11797863897288886,0.04911288671740044,0.15762191911510234,-0.037895283121251996
choque_20pct_permanente,permanente,0.8,0.19999999999999996,True,24,65,15,9161353.092557104,0.09580511235903287,0.0478995568398457,0.14166536137101005,-0.034403806067564796
choque_20pct_permanente,permanente,0.8,0.19999999999999996,True,24,65,16,9582160.357600037,0.07233014542488263,0.06111692840316718,0.12668462306701295,-0.028735107539924164
choque_20pct_permanente,permanente,0.8,0.19999999999999996,True,24,65,17,9841063.483768044,0.060533449117822186,0.09172975223509727,0.11937323921170102,-0.019519519944088487
choque_20pct_permanente,permanente,0.8,0.19999999999999996,True,24,65,18,10052245.121188896,0.06176891480407697,0.13293358210695327,0.12537567670722527,-0.01563490703209072
choque_20pct_permanente,permanente,0.8,0.19999999999999996,True,24,65,19,10115046.07885968,0.07200280634824122,0.17211392366405054,0.143790094989141,-0.01167881324233589
choque_20pct_permanente,permanente,0.8,0.19999999999999996,True,24,65,20,10149323.333994623,0.08125396804818899,0.1953393886618573,0.16309858213453798,-0.01564808909964392
choque_20pct_permanente,permanente,0.8,0.19999999999999996,True,24,65,21,10003269.464515777,0.08928712388517865,0.20484501557446677,0.17730671980959894,-0.024870617734668577
choque_20pct_permanente,permanente,0.8,0.19999999999999996,True,24,65,22,9899528.260723732,0.09718398701252359,0.19888871767728,0.18786626369899498,-0.03186816977291359
choque_20pct_permanente,permanente,0.8,0.19999999999999996,True,24,65,23,9824336.592893144,0.10046189582134195,0.18470490756334956,0.19463840779129737,-0.04169336668910218
choque_20pct_permanente,permanente,0.8,0.19999999999999996,True,24,65,24,9757817.762904102,0.09906868152664312,0.16613893758421772,0.19742814107412524,-0.05313153580727888
choque_20pct_permanente,permanente,0.8,0.19999999999999996,True,24,65,25,9930268.49464462,0.08522409862438883,0.149820391056114,0.1904346903394297,-0.06148103016757603
choque_20pct_permanente,permanente,0.8,0.19999999999999996,True,25,66,0,7609597.0,0.138,0.03,0.12063832026847152,0.010583740505574736
choque_20pct_permanente,permanente,0.8,0.19999999999999996,True,25,66,1,7652724.38733265,0.14039181650999813,0.030000000000000027,0.11859183719691781,0.007984885903803248
choque_20pct_permanente,permanente,0.8,0.19999999999999996,True,25,66,2,7806025.207333408,0.13522708141572493,0.02419070526074041,0.12053080037724065,0.006494694575653181
choque_20pct_permanente,permanente,0.8,0.19999999999999996,True,25,66,3,8014411.443215474,0.12585162707208036,0.026847842606084305,0.11326242954591245,0.007177146718474983
choque_20pct_permanente,permanente,0.8,0.19999999999999996,True,25,66,4,8320767.546912376,0.11240054564810806,0.029743182232860654,0.10729361149162317,0.0050639834034992975
choque_20pct_permanente,permanente,0.8,0.19999999999999996,True,25,66,5,8583421.172704928,0.09895595721023512,0.04568042066261402,0.10037385950522779,0.011747366620467173
choque_20pct_permanente,permanente,0.8,0.19999999999999996,True,25,66,6,8697030.720238212,0.09312488278777899,0.06531550741840353,0.10199475974211285,0.010988598270833169
choque_20pct_permanente,permanente,0.8,0.19999999999999996,True,25,66,7,8743227.251388028,0.09767917323782059,0.09057876896705275,0.10964495770760195,0.010960641388450479
choque_20pct_permanente,permanente,0.8,0.19999999999999996,True,25,66,8,8716276.805802066,0.10742166361118936,0.10708598918274848,0.12646343414240796,0.008697791873339373
choque_20pct_permanente,permanente,0.8,0.19999999999999996,True,25,66,9,8602645.4714305,0.11773285495837076,0.11660506620128253,0.14266042847257657,0.0016199457548130057
choque_20pct_permanente,permanente,0.8,0.19999999999999996,True,25,66,10,8484426.385936094,0.12872798083611772,0.11375266964880071,0.15795380572460763,-0.007609060250742288
choque_20pct_permanente,permanente,0.8,0.19999999999999996,True,25,66,11,8354741.974533372,0.13780453183374874,0.10342585090397138,0.16953469811992064,-0.01421673438765977
choque_20pct_permanente,permanente,0.8,0.19999999999999996,True,25,66,12,8343359.260870501,0.13684014775579162,0.08775854122682625,0.1737332496728662,-0.0259935984093765
choque_20pct_permanente,permanente,0.8,0.19999999999999996,True,25,66,13,8444565.24958347,0.13089052891308517,0.07373111830994761,0.16837586842874908,-0.03232248722688747
choque_20pct_permanente,permanente,0.8,0.19999999999999996,True,25,66,14,8720254.41332316,0.11496465299752402,0.062473047439185914,0.1572177492565191,-0.03392076412565304
choque_20pct_permanente,permanente,0.8,0.19999999999999996,True,25,66,15,9207288.952082409,0.09147299277268095,0.059589088610317864,0.14080379945959276,-0.029904622937831308
choque_20pct_permanente,permanente,0.8,0.19999999999999996,True,25,66,16,9447125.21814424,0.07639789093973841,0.06982202280945082,0.13191874186747923,-0.029193677949025876
choque_20pct_permanente,permanente,0.8,0.19999999999999996,True,25,66,17,9737166.982751733,0.06821818498373412,0.09241301047737971,0.1290062125710518,-0.02540775581222598
choque_20pct_permanente,permanente,0.8,0.19999999999999996,True,25,66,18,9937423.163991554,0.0648747193383708,0.1229024679067443,0.1325630514114015,-0.02164925601885032
choque_20pct_permanente,permanente,0.8,0.19999999999999996,True,25,66,19,10151246.305460703,0.06568144223397036,0.15815911612383915,0.1381203393279346,-0.014167359234157045
choque_20pct_permanente,permanente,0.8,0.19999999999999996,True,25,66,20,10195981.38127506,0.0692626614316295,0.1885243719123717,0.1506219587255162,-0.012600329414586714
choque_20pct_permanente,permanente,0.8,0.19999999999999996,True,25,66,21,10250067.557240851,0.07498200707032804,0.2082450872375574,0.16347211189208488,-0.0161223097018187
choque_20pct_permanente,permanente,0.8,0.19999999999999996,True,25,66,22,10077835.956318438,0.08801058690461774,0.21511983889772712,0.18067823510465575,-0.022707918969114414
choque_20pct_permanente,permanente,0.8,0.19999999999999996,True,25,66,23,9954963.515391264,0.0952305167702668,0.20593670042193546,0.195756561254879,-0.03412787585226358
choque_20pct_permanente,permanente,0.8,0.19999999999999996,True,25,66,24,9868115.031297866,0.09693661042516215,0.19007312736928483,0.19980608955666612,-0.048440964657711603
choque_20pct_permanente,permanente,0.8,0.19999999999999996,True,25,66,25,9908716.35573687,0.0941264702723415,0.1709673864545278,0.19856532293387663,-0.05922742750220599
choque_20pct_permanente,permanente,0.8,0.19999999999999996,True,26,67,0,7609597.0,0.138,0.03,0.12063832026847152,0.010583740505574736
choque_20pct_permanente,permanente,0.8,0.19999999999999996,True,26,67,1,7652724.38733265,0.14039181650999813,0.030000000000000027,0.11859183719691781,0.007984885903803248
choque_20pct_permanente,permanente,0.8,0.19999999999999996,True,26,67,2,7799123.633712431,0.13522708141572493,0.024180903493515427,0.12050235364216014,0.0043964104199011155
choque_20pct_permanente,permanente,0.8,0.19999999999999996,True,26,67,3,8066110.764472973,0.12450351006558343,0.02683880877740563,0.11181684559593191,0.0075489375286364535
choque_20pct_permanente,permanente,0.8,0.19999999999999996,True,26,67,4,8373125.180119823,0.11118072733869838,0.03034392109640316,0.10569594012752165,0.007143538309476752
choque_20pct_permanente,permanente,0.8,0.19999999999999996,True,26,67,5,8539237.02843346,0.09965182441770633,0.046919705019679014,0.10147776067585151,0.009372344582858636
choque_20pct_permanente,permanente,0.8,0.19999999999999996,True,26,67,6,8633634.275146784,0.0984110142975998,0.06698093922379877,0.10462731228868487,0.007955794091962943
choque_20pct_permanente,permanente,0.8,0.19999999999999996,True,26,67,7,8700119.437392667,0.10259620263709264,0.08818856778033757,0.11310257685383061,0.009269079467901184
choque_20pct_permanente,permanente,0.8,0.19999999999999996,True,26,67,8,8718770.554827614,0.10618363409605025,0.10237021450853434,0.12528783034118146,0.007401989087832007
choque_20pct_permanente,permanente,0.8,0.19999999999999996,True,26,67,9,8654268.949879995,0.11300083414216054,0.11170976837123536,0.13789550488004834,0.002701028005152464
choque_20pct_permanente,permanente,0.8,0.19999999999999996,True,26,67,10,8496273.153382098,0.12751018462361705,0.11145611968521885,0.15559812421161953,-0.0082427921956794
choque_20pct_permanente,permanente,0.8,0.19999999999999996,True,26,67,11,8361675.082715475,0.13975771028161976,0.10225295714222504,0.17066317647639048,-0.01692135952972566
choque_20pct_permanente,permanente,0.8,0.19999999999999996,True,26,67,12,8326305.578067123,0.14176394589118443,0.0866015943438383,0.17706142314225082,-0.02775790217331413
choque_20pct_permanente,permanente,0.8,0.19999999999999996,True,26,67,13,8395514.736933285,0.13870335225348657,0.0700386612920032,0.1749905498896218,-0.036549572039015155
choque_20pct_permanente,permanente,0.8,0.19999999999999996,True,26,67,14,8626924.419876443,0.12391462320563783,0.0557698203191177,0.16538108253706804,-0.03824283448791935
choque_20pct_permanente,permanente,0.8,0.19999999999999996,True,26,67,15,9053355.174832143,0.09793186508122269,0.050100025031141415,0.147476597361615,-0.03435277205933044
choque_20pct_permanente,permanente,0.8,0.19999999999999996,True,26,67,16,9469417.803227238,0.07775889207827445,0.059491443176763026,0.13154281867463313,-0.03271416247936671
choque_20pct_permanente,permanente,0.8,0.19999999999999996,True,26,67,17,9765041.515904695,0.06435469778846743,0.08408183567636818,0.12466206580261015,-0.024401702002685165
choque_20pct_permanente,permanente,0.8,0.19999999999999996,True,26,67,18,10015450.360768788,0.05843856660675072,0.12080271820314414,0.12507022244373248,-0.016628599122247515
choque_20pct_permanente,permanente,0.8,0.19999999999999996,True,26,67,19,10178147.706340104,0.0631458627204269,0.16338149817513936,0.13456265686253097,-0.010986168502900353
choque_20pct_permanente,permanente,0.8,0.19999999999999996,True,26,67,20,10262512.553963723,0.07103854962782843,0.19646590326413715,0.15337830018909446,-0.011096901170324497
choque_20pct_permanente,permanente,0.8,0.19999999999999996,True,26,67,21,10227446.59201069,0.07896759747695059,0.21412153100879427,0.16947909723324373,-0.012457381402511035
choque_20pct_permanente,permanente,0.8,0.19999999999999996,True,26,67,22,10124525.828608654,0.08751123558117926,0.2178731364699058,0.18162737340692653,-0.021182469905361854
choque_20pct_permanente,permanente,0.8,0.19999999999999996,True,26,67,23,10000946.062479533,0.09059346366661102,0.20783068266414784,0.1927298397103689,-0.03074393201333294
choque_20pct_permanente,permanente,0.8,0.19999999999999996,True,26,67,24,9908044.84000878,0.09540437421761579,0.19286406103402043,0.19850200038810764,-0.045849564537079716
choque_20pct_permanente,permanente,0.8,0.19999999999999996,True,26,67,25,9818316.276206292,0.09708302635194443,0.1732310611127763,0.20497035620456483,-0.05743075568825767
choque_20pct_permanente,permanente,0.8,0.19999999999999996,True,27,68,0,7609597.0,0.138,0.03,0.12063832026847152,0.010583740505574736
choque_20pct_permanente,permanente,0.8,0.19999999999999996,True,27,68,1,7652724.38733265,0.14039181650999813,0.030000000000000027,0.11859183719691781,0.007984885903803248
choque_20pct_permanente,permanente,0.8,0.19999999999999996,True,27,68,2,7803606.52800467,0.13522836016629058,0.02418238230458636,0.1204530561548775,0.004901181952719952
choque_20pct_permanente,permanente,0.8,0.19999999999999996,True,27,68,3,8038167.275428596,0.12547100655449164,0.02685167752437434,0.11256271258668386,0.006364351378910687
choque_20pct_permanente,permanente,0.8,0.19999999999999996,True,27,68,4,8331637.030607186,0.11103178212371803,0.029934240917900867,0.10605050895862568,0.007911519456749182
choque_20pct_permanente,permanente,0.8,0.19999999999999996,True,27,68,5,8535676.278889198,0.1014055951182888,0.04782237675867895,0.0996596073422889,0.008872044008870417
choque_20pct_permanente,permanente,0.8,0.19999999999999996,True,27,68,6,8741459.963576045,0.09240801059182663,0.06544290955689269,0.10121621354639197,0.008542345962851678
choque_20pct_permanente,permanente,0.8,0.19999999999999996,True,27,68,7,8847020.469631847,0.09137721792502544,0.09138371567704473,0.10434370937162725,0.013958125036358775
choque_20pct_permanente,permanente,0.8,0.19999999999999996,True,27,68,8,8753629.815699542,0.10345132588820236,0.11108233258460021,0.12225345961364693,0.010437926963513715
choque_20pct_permanente,permanente,0.8,0.19999999999999996,True,27,68,9,8645648.847826049,0.12002081814907078,0.12195067078760702,0.14248694701718095,0.006369165722876346
choque_20pct_permanente,permanente,0.8,0.19999999999999996,True,27,68,10,8485124.091813644,0.13263785504398684,0.1175182697726127,0.1619385679598718,-0.003698191649552989
choque_20pct_permanente,permanente,0.8,0.19999999999999996,True,27,68,11,8265931.889175929,0.14647813288102765,0.10513384559068495,0.17763906884033343,-0.019005881731015233
choque_20pct_permanente,permanente,0.8,0.19999999999999996,True,27,68,12,8156603.665136848,0.15394551072830376,0.08482963826041279,0.1872337768586435,-0.02986056490992965
choque_20pct_permanente,permanente,0.8,0.19999999999999996,True,27,68,13,8218129.047644878,0.15014780210935655,0.06421538445398256,0.18469109369878647,-0.04049192100219366
choque_20pct_permanente,permanente,0.8,0.19999999999999996,True,27,68,14,8406712.910596853,0.13782953169953482,0.04621184987509497,0.17531773862789748,-0.044553150887045465
choque_20pct_permanente,permanente,0.8,0.19999999999999996,True,27,68,15,8897474.871764112,0.1125211663385152,0.034427601717453626,0.1566678822190179,-0.04135407721017436
choque_20pct_permanente,permanente,0.8,0.19999999999999996,True,27,68,16,9349034.06704845,0.08606043473206416,0.03593219754537813,0.13870111020446754,-0.036117296289709014
choque_20pct_permanente,permanente,0.8,0.19999999999999996,True,27,68,17,9769691.964608233,0.0656269655981812,0.055284802198724226,0.12550954568512468,-0.03152017000618125
choque_20pct_permanente,permanente,0.8,0.19999999999999996,True,27,68,18,9948260.91338801,0.059214419507803415,0.09515300183341635,0.12171535759660909,-0.023779803568668566
choque_20pct_permanente,permanente,0.8,0.19999999999999996,True,27,68,19,10225632.700953988,0.06301741083777518,0.14141667327392438,0.12997377618641195,-0.013257106521105868
choque_20pct_permanente,permanente,0.8,0.19999999999999996,True,27,68,20,10377090.18617831,0.062293939995028344,0.18205165642555543,0.1446457364690353,-0.005523030936615107
choque_20pct_permanente,permanente,0.8,0.19999999999999996,True,27,68,21,10472352.935187086,0.06590845685671977,0.21632245906890657,0.15278273898856298,-0.007482604402585068
choque_20pct_permanente,permanente,0.8,0.19999999999999996,True,27,68,22,10346477.380870577,0.07920390912055658,0.23551944201611374,0.17243403210887867,-0.01272334064547453
choque_20pct_permanente,permanente,0.8,0.19999999999999996,True,27,68,23,10147601.079901313,0.09430614742783465,0.23381769776939842,0.19552282059365433,-0.02508129224754153
choque_20pct_permanente,permanente,0.8,0.19999999999999996,True,27,68,24,9909063.652003612,0.10470622374494745,0.2159350974758376,0.2096493962177773,-0.04380707359930965
choque_20pct_permanente,permanente,0.8,0.19999999999999996,True,27,68,25,9785208.58858538,0.10553389858712385,0.18838011860741855,0.2123923238795748,-0.05558348607302074
choque_20pct_permanente,permanente,0.8,0.19999999999999996,True,28,69,0,7609597.0,0.138,0.03,0.12063832026847152,0.010583740505574736
choque_20pct_permanente,permanente,0.8,0.19999999999999996,True,28,69,1,7652724.38733265,0.14039181650999813,0.030000000000000027,0.11859183719691781,0.007984885903803248
choque_20pct_permanente,permanente,0.8,0.19999999999999996,True,28,69,2,7806733.0736326575,0.13522708141572493,0.02417705148225502,0.12042382786782006,0.002973484525824733
choque_20pct_permanente,permanente,0.8,0.19999999999999996,True,28,69,3,8039766.112708442,0.12607195076600336,0.026852381109290446,0.11215130020560106,0.003988912437766958
choque_20pct_permanente,permanente,0.8,0.19999999999999996,True,28,69,4,8417312.78290177,0.10813151097748176,0.02971501739047744,0.10317126294956817,0.0044319043942346375
choque_20pct_permanente,permanente,0.8,0.19999999999999996,True,28,69,5,8651032.408385148,0.09309861892368462,0.04862080190530671,0.09457020450521114,0.009781306278746937
choque_20pct_permanente,permanente,0.8,0.19999999999999996,True,28,69,6,8835159.845945705,0.08626477941496773,0.07082929742054511,0.0957519703441382,0.013806525359766854
choque_20pct_permanente,permanente,0.8,0.19999999999999996,True,28,69,7,8852082.542829992,0.09426563454324345,0.10090819817205432,0.10583925318278906,0.01661100844497685
choque_20pct_permanente,permanente,0.8,0.19999999999999996,True,28,69,8,8670150.62776461,0.11240518547697333,0.11874896866834161,0.13176805310005452,0.011952939560469923
choque_20pct_permanente,permanente,0.8,0.19999999999999996,True,28,69,9,8509078.075891234,0.1326031725751422,0.12343710872555658,0.1554142384524444,0.0011952251743456625
choque_20pct_permanente,permanente,0.8,0.19999999999999996,True,28,69,10,8207698.518009716,0.15206037591311694,0.11163768563514909,0.17898967519926412,-0.011622418415076883
choque_20pct_permanente,permanente,0.8,0.19999999999999996,True,28,69,11,8046157.348825377,0.16081657258349244,0.0912105721127574,0.1904887499427324,-0.026542598427909105
choque_20pct_permanente,permanente,0.8,0.19999999999999996,True,28,69,12,8039517.90516783,0.16035004884087517,0.06704432248646075,0.1905887356839751,-0.03753553431624791
choque_20pct_permanente,permanente,0.8,0.19999999999999996,True,28,69,13,8227291.450750761,0.14807353180074925,0.04560995329843687,0.17954732511864618,-0.04519069901417544
choque_20pct_permanente,permanente,0.8,0.19999999999999996,True,28,69,14,8754079.027574465,0.12028114043882054,0.0316223411291654,0.15589432481479995,-0.039198842085111554
choque_20pct_permanente,permanente,0.8,0.19999999999999996,True,28,69,15,9282254.1449709,0.09042355723980651,0.031752261885504174,0.13484703302133091,-0.03239680900665754
choque_20pct_permanente,permanente,0.8,0.19999999999999996,True,28,69,16,9556077.751260523,0.07105755130368371,0.047843261166428785,0.12540568994737686,-0.03132229120243034
choque_20pct_permanente,permanente,0.8,0.19999999999999996,True,28,69,17,9733433.315521792,0.06892617777741562,0.08002396002682932,0.1257155653141721,-0.028772366854251875
choque_20pct_permanente,permanente,0.8,0.19999999999999996,True,28,69,18,9919802.246621562,0.07078202202161929,0.11573400412895052,0.13582832005777787,-0.020353161703290466
choque_20pct_permanente,permanente,0.8,0.19999999999999996,True,28,69,19,10144886.89035574,0.06614281571149835,0.15064724220436188,0.14235091012587825,-0.017663982045685866
choque_20pct_permanente,permanente,0.8,0.19999999999999996,True,28,69,20,10336343.998536471,0.06439192921984213,0.18325362756060426,0.14500390003935354,-0.009364891257202706
choque_20pct_permanente,permanente,0.8,0.19999999999999996,True,28,69,21,10376750.712704591,0.06857403674264675,0.20983753061533794,0.1564573446766836,-0.00902403433478409
choque_20pct_permanente,permanente,0.8,0.19999999999999996,True,28,69,22,10237274.740875844,0.07980145599056518,0.22526268534920746,0.17554591996306454,-0.0146682778125242
choque_20pct_permanente,permanente,0.8,0.19999999999999996,True,28,69,23,10106563.471006537,0.09323577958938102,0.22291273772722997,0.19396367310773047,-0.02664899424629954
choque_20pct_permanente,permanente,0.8,0.19999999999999996,True,28,69,24,9923285.390566843,0.10058229316081946,0.20724311808486773,0.20595713319144668,-0.04295837272303297
choque_20pct_permanente,permanente,0.8,0.19999999999999996,True,28,69,25,9876224.662682842,0.09756622674725847,0.18439229916170707,0.20599245282292303,-0.05672961116133249
choque_20pct_permanente,permanente,0.8,0.19999999999999996,True,29,70,0,7609597.0,0.138,0.03,0.12063832026847152,0.010583740505574736
choque_20pct_permanente,permanente,0.8,0.19999999999999996,True,29,70,1,7652724.38733265,0.14039181650999813,0.030000000000000027,0.11859183719691781,0.007984885903803248
choque_20pct_permanente,permanente,0.8,0.19999999999999996,True,29,70,2,7793908.918816493,0.13522708141572493,0.024179988109196637,0.12056402716108525,0.003817102098398722
choque_20pct_permanente,permanente,0.8,0.19999999999999996,True,29,70,3,8077686.681735072,0.12411570269766257,0.026810744714600876,0.11133125850897442,0.004050078983218172
choque_20pct_permanente,permanente,0.8,0.19999999999999996,True,29,70,4,8408213.34759326,0.10734523513754805,0.03016333054236031,0.10323583965387939,0.008238099446535783
choque_20pct_permanente,permanente,0.8,0.19999999999999996,True,29,70,5,8635058.314455876,0.09507434246237038,0.04846983042161335,0.0971053307573148,0.010654956755773003
choque_20pct_permanente,permanente,0.8,0.19999999999999996,True,29,70,6,8721783.166419812,0.0945116937955574,0.07061936577487371,0.10238435738047034,0.007345262329526855
choque_20pct_permanente,permanente,0.8,0.19999999999999996,True,29,70,7,8728109.079533547,0.10567142158213057,0.09478790841781115,0.11388133286110291,0.010061156676400581
choque_20pct_permanente,permanente,0.8,0.19999999999999996,True,29,70,8,8698004.736266047,0.11076489283082362,0.10640726164745495,0.13102884184601615,0.004991625075437918
choque_20pct_permanente,permanente,0.8,0.19999999999999996,True,29,70,9,8607801.080501474,0.12057623723837581,0.11346218824361887,0.14196265118012805,0.00663987278970713
choque_20pct_permanente,permanente,0.8,0.19999999999999996,True,29,70,10,8448657.051695747,0.1309061834583346,0.10760672342587418,0.15958926491048295,-0.00584269596351456
choque_20pct_permanente,permanente,0.8,0.19999999999999996,True,29,70,11,8352786.524333808,0.14005105397613338,0.09685991899974766,0.17058292059552932,-0.017802642278041344
choque_20pct_permanente,permanente,0.8,0.19999999999999996,True,29,70,12,8273288.887924089,0.14482545970813018,0.0800602859778039,0.1787418005459792,-0.029475830647833674
choque_20pct_permanente,permanente,0.8,0.19999999999999996,True,29,70,13,8369244.466272236,0.1398382990902228,0.06446569999099605,0.1752747741486547,-0.038619543122706476
choque_20pct_permanente,permanente,0.8,0.19999999999999996,True,29,70,14,8599324.339077871,0.1288530332471029,0.05238639933616818,0.1650007641209458,-0.04108351811364994
choque_20pct_permanente,permanente,0.8,0.19999999999999996,True,29,70,15,8977815.141421555,0.10575099810169271,0.04696638334888337,0.14907036259692077,-0.03905335338153726
choque_20pct_permanente,permanente,0.8,0.19999999999999996,True,29,70,16,9492982.244108163,0.08011345800430265,0.05418806519168129,0.1315906073917222,-0.032354885191976206
choque_20pct_permanente,permanente,0.8,0.19999999999999996,True,29,70,17,9762937.294144098,0.06415873819776734,0.07566242542564616,0.12377971986943487,-0.025485489620509182
choque_20pct_permanente,permanente,0.8,0.19999999999999996,True,29,70,18,9933467.360997036,0.06270260433781437,0.11200590059522342,0.1264606024587298,-0.0198067037445281
choque_20pct_permanente,permanente,0.8,0.19999999999999996,True,29,70,19,10068622.485201435,0.06991794349081565,0.14930415683408116,0.141502413530746,-0.017315031508054815
choque_20pct_permanente,permanente,0.8,0.19999999999999996,True,29,70,20,10207599.819743672,0.0761688969924888,0.17754251300598334,0.1572540325638005,-0.018957999606153766
choque_20pct_permanente,permanente,0.8,0.19999999999999996,True,29,70,21,10181167.067436751,0.08107925578993544,0.1935982962273488,0.16883797841279855,-0.02200644700557445
choque_20pct_permanente,permanente,0.8,0.19999999999999996,True,29,70,22,10166341.06757021,0.08062529506107655,0.19709681986180105,0.17639327621708148,-0.025855106872674682
choque_20pct_permanente,permanente,0.8,0.19999999999999996,True,29,70,23,10208435.47607452,0.0770419265150762,0.19807732905598385,0.1769996064101915,-0.028866331919009194
choque_20pct_permanente,permanente,0.8,0.19999999999999996,True,29,70,24,10215170.40393247,0.07697852388307098,0.1959895839328174,0.18128429017256997,-0.0362772637781273
choque_20pct_permanente,permanente,0.8,0.19999999999999996,True,29,70,25,10254648.865692105,0.07885517998966407,0.19340692284263183,0.18648893120708604,-0.044649223073968264
choque_20pct_permanente,permanente,0.8,0.19999999999999996,True,30,71,0,7609597.0,0.138,0.03,0.12063832026847152,0.010583740505574736
choque_20pct_permanente,permanente,0.8,0.19999999999999996,True,30,71,1,7652724.38733265,0.14039181650999813,0.030000000000000027,0.11859183719691781,0.007984885903803248
choque_20pct_permanente,permanente,0.8,0.19999999999999996,True,30,71,2,7798724.13808399,0.13522708141572493,0.024171687956530574,0.1204136488021475,0.0023558645248872114
choque_20pct_permanente,permanente,0.8,0.19999999999999996,True,30,71,3,8054625.753905785,0.12462994789303233,0.026899655657140142,0.11113475461850242,0.006612365752353059
choque_20pct_permanente,permanente,0.8,0.19999999999999996,True,30,71,4,8408271.606461918,0.10649883576022703,0.030318046293073442,0.10252030583947239,0.006779272021392102
choque_20pct_permanente,permanente,0.8,0.19999999999999996,True,30,71,5,8660059.34684346,0.09296060125869253,0.050223914633907185,0.09414438662530045,0.011837364878517772
choque_20pct_permanente,permanente,0.8,0.19999999999999996,True,30,71,6,8789209.847068828,0.08842440528726642,0.07221496805074579,0.09764318533908269,0.013616524960480554
choque_20pct_permanente,permanente,0.8,0.19999999999999996,True,30,71,7,8810733.362177046,0.09570162359464639,0.10037334812038434,0.10819704307285648,0.016265480106956328
choque_20pct_permanente,permanente,0.8,0.19999999999999996,True,30,71,8,8696985.049058743,0.11261072557350192,0.11712949362878344,0.13131866177236767,0.00949698711397073
choque_20pct_permanente,permanente,0.8,0.19999999999999996,True,30,71,9,8450421.909938963,0.13349186841059418,0.122140131386266,0.15562693011108522,0.0012692007396607062
choque_20pct_permanente,permanente,0.8,0.19999999999999996,True,30,71,10,8258321.154104539,0.1466872745796725,0.11012917110521436,0.17507389514146307,-0.01038577952438161
choque_20pct_permanente,permanente,0.8,0.19999999999999996,True,30,71,11,8097574.279015943,0.15605313009982527,0.09188593036583903,0.18539829889272946,-0.024581446848276053
choque_20pct_permanente,permanente,0.8,0.19999999999999996,True,30,71,12,8066469.874344429,0.15551687963078917,0.06894352243934088,0.1880256502144199,-0.03674461472809786
choque_20pct_permanente,permanente,0.8,0.19999999999999996,True,30,71,13,8302232.828102527,0.14268264044045822,0.049149289109307936,0.17580738027598553,-0.043781848399684194
choque_20pct_permanente,permanente,0.8,0.19999999999999996,True,30,71,14,8843048.204254448,0.11697359488936186,0.0350882872676157,0.15407420604052366,-0.03834481238172253
choque_20pct_permanente,permanente,0.8,0.19999999999999996,True,30,71,15,9360734.7301838,0.08584472384317988,0.03597193835788692,0.1330695822624744,-0.03301100917689914
choque_20pct_permanente,permanente,0.8,0.19999999999999996,True,30,71,16,9637267.620874438,0.0670410453701516,0.05602735098040834,0.1212982358669681,-0.03000166729796276
choque_20pct_permanente,permanente,0.8,0.19999999999999996,True,30,71,17,9766543.558512459,0.06572854872801728,0.09380353968955091,0.12180885697970667,-0.022683648913488272
choque_20pct_permanente,permanente,0.8,0.19999999999999996,True,30,71,18,9930606.338739105,0.07505446232216173,0.13231277720025592,0.1363149923120022,-0.018086291836983424
choque_20pct_permanente,permanente,0.8,0.19999999999999996,True,30,71,19,10079287.661239004,0.07120482762916393,0.15955938194573038,0.15053619140873967,-0.015294536666369594
choque_20pct_permanente,permanente,0.8,0.19999999999999996,True,30,71,20,10210349.047380062,0.06809588712905913,0.1853032759997999,0.1506946970805246,-0.015072867871901475
choque_20pct_permanente,permanente,0.8,0.19999999999999996,True,30,71,21,10220083.966150714,0.0766610638080887,0.2026450438369356,0.1627279298265398,-0.01659599800021469
choque_20pct_permanente,permanente,0.8,0.19999999999999996,True,30,71,22,10049960.283647077,0.08923964132465459,0.20751339812176295,0.18413668341254164,-0.023569396139418837
choque_20pct_permanente,permanente,0.8,0.19999999999999996,True,30,71,23,9950294.152992176,0.0945290993914802,0.19949069545414866,0.19558212506752753,-0.037138472026846205
choque_20pct_permanente,permanente,0.8,0.19999999999999996,True,30,71,24,9959142.808269558,0.0920074403873932,0.18491646469929646,0.19491463659699337,-0.045384248890566393
choque_20pct_permanente,permanente,0.8,0.19999999999999996,True,30,71,25,10061839.560589401,0.08075476480509033,0.17037900778763282,0.1902704965694559,-0.05212672843408527
choque_20pct_permanente,permanente,0.8,0.19999999999999996,True,31,72,0,7609597.0,0.138,0.03,0.12063832026847152,0.010583740505574736
choque_20pct_permanente,permanente,0.8,0.19999999999999996,True,31,72,1,7652724.38733265,0.14039181650999813,0.030000000000000027,0.11859183719691781,0.007984885903803248
choque_20pct_permanente,permanente,0.8,0.19999999999999996,True,31,72,2,7798943.542504845,0.13522708141572493,0.024186540020322278,0.12055318810911574,0.005573485531992079
choque_20pct_permanente,permanente,0.8,0.19999999999999996,True,31,72,3,8033871.603258951,0.12505829932360707,0.026859604820157257,0.11232426066780227,0.004300717423559229
choque_20pct_permanente,permanente,0.8,0.19999999999999996,True,31,72,4,8384971.505487379,0.10985609237692037,0.030204546394460463,0.10425054266943844,0.00631900207828983
choque_20pct_permanente,permanente,0.8,0.19999999999999996,True,31,72,5,8634396.734835133,0.09555673924682227,0.048783385990812,0.09647988621551336,0.013189153435314693
choque_20pct_permanente,permanente,0.8,0.19999999999999996,True,31,72,6,8705381.480220094,0.09228619998739372,0.06974569024587751,0.09983561960550155,0.014791297676348791
choque_20pct_permanente,permanente,0.8,0.19999999999999996,True,31,72,7,8746539.890240481,0.0976390700442775,0.0956350537719628,0.10997105037651089,0.013452474507494342
choque_20pct_permanente,permanente,0.8,0.19999999999999996,True,31,72,8,8664290.07015016,0.11376284282163214,0.110979567165715,0.13078367749830141,0.007698827240000713
choque_20pct_permanente,permanente,0.8,0.19999999999999996,True,31,72,9,8452313.85395167,0.1326095641107643,0.11453622660200047,0.1552456668106409,-0.0003505216417431399
choque_20pct_permanente,permanente,0.8,0.19999999999999996,True,31,72,10,8272138.897920121,0.14648264280665577,0.10443025460625455,0.1734326574539863,-0.016253038709110178
choque_20pct_permanente,permanente,0.8,0.19999999999999996,True,31,72,11,8158256.773894939,0.1534158182558677,0.08742906082928448,0.18100036891101892,-0.026320195050795726
choque_20pct_permanente,permanente,0.8,0.19999999999999996,True,31,72,12,8263259.114297517,0.14559511490080557,0.06713260795492348,0.17653823140264152,-0.03331453226624213
choque_20pct_permanente,permanente,0.8,0.19999999999999996,True,31,72,13,8514587.966765983,0.12778328852696885,0.05229409606193558,0.16294189759179994,-0.03573242244786152
choque_20pct_permanente,permanente,0.8,0.19999999999999996,True,31,72,14,8914696.35027651,0.10694177253063923,0.04483101429371783,0.14745543659649857,-0.030611729783819933
choque_20pct_permanente,permanente,0.8,0.19999999999999996,True,31,72,15,9234828.844547687,0.08507296365586423,0.04907937191293521,0.13614276928957578,-0.02700211608141152
choque_20pct_permanente,permanente,0.8,0.19999999999999996,True,31,72,16,9493940.00493844,0.07493247792380088,0.06887754021962023,0.12841814026445927,-0.02623626793897751
choque_20pct_permanente,permanente,0.8,0.19999999999999996,True,31,72,17,9721014.9628874,0.07155008490726576,0.09809901072475236,0.13022414063482918,-0.021908920056461556
choque_20pct_permanente,permanente,0.8,0.19999999999999996,True,31,72,18,9935587.23555043,0.06792354041662049,0.13174519700813514,0.13421097735836066,-0.016661871654428135
choque_20pct_permanente,permanente,0.8,0.19999999999999996,True,31,72,19,10140402.644865992,0.06291467433456571,0.16489894159947482,0.13808934718447372,-0.01345581952122101
choque_20pct_permanente,permanente,0.8,0.19999999999999996,True,31,72,20,10296695.187064826,0.06530288190539632,0.1974819988952805,0.1437911851963955,-0.0105020339770941
choque_20pct_permanente,permanente,0.8,0.19999999999999996,True,31,72,21,10231366.627226703,0.07532950655165292,0.21656486591128332,0.16361268860552886,-0.012107196061795092
choque_20pct_permanente,permanente,0.8,0.19999999999999996,True,31,72,22,10119720.922735343,0.0854930916511355,0.22080542162971484,0.18214015811678863,-0.01890241605404558
choque_20pct_permanente,permanente,0.8,0.19999999999999996,True,31,72,23,9956902.44357125,0.09555382038140821,0.21263690502998656,0.19463730128690143,-0.03388355114297391
choque_20pct_permanente,permanente,0.8,0.19999999999999996,True,31,72,24,9835753.587822659,0.0995409304931358,0.1936884472346283,0.20309477429416,-0.04808245342981723
choque_20pct_permanente,permanente,0.8,0.19999999999999996,True,31,72,25,9820862.129062673,0.09750693911995781,0.17244764977798788,0.20267361429006656,-0.05690029244310666
choque_20pct_permanente,permanente,0.8,0.19999999999999996,True,32,73,0,7609597.0,0.138,0.03,0.12063832026847152,0.010583740505574736
choque_20pct_permanente,permanente,0.8,0.19999999999999996,True,32,73,1,7652724.38733265,0.14039181650999813,0.030000000000000027,0.11859183719691781,0.007984885903803248
choque_20pct_permanente,permanente,0.8,0.19999999999999996,True,32,73,2,7806073.029954594,0.13522708141572493,0.024178725948676094,0.12041078392684051,0.003719667309244016
choque_20pct_permanente,permanente,0.8,0.19999999999999996,True,32,73,3,8057010.31901437,0.12508063335150787,0.026885833553207172,0.11199793960515526,0.00608347432816441
choque_20pct_permanente,permanente,0.8,0.19999999999999996,True,32,73,4,8349383.641723143,0.11011762460498523,0.03010814174193599,0.10529663561854516,0.006974375694473791
choque_20pct_permanente,permanente,0.8,0.19999999999999996,True,32,73,5,8579556.602808325,0.09779576521643625,0.04812734873851432,0.0981489364985105,0.010553173280531817
choque_20pct_permanente,permanente,0.8,0.19999999999999996,True,32,73,6,8727461.936865786,0.09198906309030144,0.06840608764252454,0.10024441031862791,0.009085852248012989
choque_20pct_permanente,permanente,0.8,0.19999999999999996,True,32,73,7,8772481.502511712,0.09704064517308539,0.09383933075225137,0.10813075974851678,0.0113339553582295
choque_20pct_permanente,permanente,0.8,0.19999999999999996,True,32,73,8,8746480.118463866,0.10640120819241276,0.10999867968522348,0.12534271229423496,0.008663038354829854
choque_20pct_permanente,permanente,0.8,0.19999999999999996,True,32,73,9,8647655.540734192,0.11730566146570418,0.11832681238462572,0.14217884762275107,0.0008900510259884703
choque_20pct_permanente,permanente,0.8,0.19999999999999996,True,32,73,10,8491676.718566926,0.13275545411661763,0.1134200607863427,0.16101839663772718,-0.0075125705828291344
choque_20pct_permanente,permanente,0.8,0.19999999999999996,True,32,73,11,8327790.513662761,0.1428000169562023,0.10009876830333897,0.17602817693007808,-0.016824572264995626
choque_20pct_permanente,permanente,0.8,0.19999999999999996,True,32,73,12,8254420.08288076,0.1447417140384537,0.08220546401297124,0.18162291434455494,-0.029388404493975277
choque_20pct_permanente,permanente,0.8,0.19999999999999996,True,32,73,13,8324638.303596844,0.1413792118410375,0.0652628242219746,0.17810276673633388,-0.037003412633887595
choque_20pct_permanente,permanente,0.8,0.19999999999999996,True,32,73,14,8575371.49792456,0.12757359095453716,0.05171953930084583,0.1668614854090397,-0.0435949126409739
choque_20pct_permanente,permanente,0.8,0.19999999999999996,True,32,73,15,9130919.894883776,0.10226207415183879,0.04740472222196557,0.14609632883730095,-0.03689616099468303
choque_20pct_permanente,permanente,0.8,0.19999999999999996,True,32,73,16,9478155.584261805,0.07886967770151547,0.05541694628075078,0.13154194907914632,-0.03222415644779945
choque_20pct_permanente,permanente,0.8,0.19999999999999996,True,32,73,17,9717808.860946253,0.0656460525825494,0.08141908716209545,0.1235157319754253,-0.02571591643122729
choque_20pct_permanente,permanente,0.8,0.19999999999999996,True,32,73,18,9958510.654955827,0.06180884595257537,0.11588126465565152,0.1265010930136132,-0.020195648272700314
choque_20pct_permanente,permanente,0.8,0.19999999999999996,True,32,73,19,10153405.268547688,0.06368077402514788,0.15503181426336754,0.13628908215488114,-0.01492094362785881
choque_20pct_permanente,permanente,0.8,0.19999999999999996,True,32,73,20,10229394.408659708,0.06928737272971315,0.18551897778121074,0.15208094096732136,-0.013422786640818054
choque_20pct_permanente,permanente,0.8,0.19999999999999996,True,32,73,21,10282465.966882247,0.07570659400925141,0.2069105418938917,0.1646217845668705,-0.013421509548033677
choque_20pct_permanente,permanente,0.8,0.19999999999999996,True,32,73,22,10172176.482054006,0.08340914656992984,0.21431868902588191,0.17904505921697492,-0.02003102769060742
choque_20pct_permanente,permanente,0.8,0.19999999999999996,True,32,73,23,9989288.738135502,0.09325159999419128,0.21027329943867024,0.1932617110070207,-0.032931647320360836
choque_20pct_permanente,permanente,0.8,0.19999999999999996,True,32,73,24,9926832.09688265,0.09655846151221384,0.19378428165600248,0.20184844760564202,-0.04561963922293705
choque_20pct_permanente,permanente,0.8,0.19999999999999996,True,32,73,25,9955533.594697937,0.0938582512780385,0.17623951578517394,0.19978242861009676,-0.05648085194940704
choque_20pct_permanente,permanente,0.8,0.19999999999999996,True,33,74,0,7609597.0,0.138,0.03,0.12063832026847152,0.010583740505574736
choque_20pct_permanente,permanente,0.8,0.19999999999999996,True,33,74,1,7652724.38733265,0.14039181650999813,0.030000000000000027,0.11859183719691781,0.007984885903803248
choque_20pct_permanente,permanente,0.8,0.19999999999999996,True,33,74,2,7794346.244993998,0.13522708141572493,0.024178878871325082,0.12053897788241605,0.003676100436403369
choque_20pct_permanente,permanente,0.8,0.19999999999999996,True,33,74,3,8047832.960766992,0.12410537040483062,0.026843123093230004,0.11151557258643194,0.004083187292728948
choque_20pct_permanente,permanente,0.8,0.19999999999999996,True,33,74,4,8407755.108021477,0.10742200071065763,0.030562487666643934,0.10256323619986542,0.007674030567074797
choque_20pct_permanente,permanente,0.8,0.19999999999999996,True,33,74,5,8647117.415851815,0.09341183216679137,0.0499364051590554,0.09461214316817482,0.011656008699566822
choque_20pct_permanente,permanente,0.8,0.19999999999999996,True,33,74,6,8802079.554060193,0.08848069748268689,0.07283011420022745,0.09589224800537138,0.012792443532681936
choque_20pct_permanente,permanente,0.8,0.19999999999999996,True,33,74,7,8860443.359887348,0.089310230583523,0.1007890043872588,0.10499869186872368,0.015089001783232279
choque_20pct_permanente,permanente,0.8,0.19999999999999996,True,33,74,8,8737468.387918085,0.10725522457876432,0.12240856645322773,0.12480360945663534,0.010056118652720998
choque_20pct_permanente,permanente,0.8,0.19999999999999996,True,33,74,9,8555113.155888267,0.1266416639900323,0.12783803617116019,0.15108136056412122,0.00085534179905572
choque_20pct_permanente,permanente,0.8,0.19999999999999996,True,33,74,10,8386076.713070374,0.13803161359774915,0.11857085415508073,0.168668452229446,-0.007985360273192979
choque_20pct_permanente,permanente,0.8,0.19999999999999996,True,33,74,11,8204037.500903721,0.14735487345972204,0.10161744169901321,0.18011627503870448,-0.022320216948798367
choque_20pct_permanente,permanente,0.8,0.19999999999999996,True,33,74,12,8179203.579564872,0.14949730462323965,0.08056749391138429,0.18377816769344563,-0.032285238850269196
choque_20pct_permanente,permanente,0.8,0.19999999999999996,True,33,74,13,8256943.973332769,0.1476388855025473,0.060039606359790776,0.18107179637770032,-0.04162209128713088
choque_20pct_permanente,permanente,0.8,0.19999999999999996,True,33,74,14,8614350.041240824,0.1307842282813266,0.04285022466577648,0.16687969062210925,-0.04248847728112518
choque_20pct_permanente,permanente,0.8,0.19999999999999996,True,33,74,15,9079634.121773846,0.10255605812231314,0.035811915264330585,0.14705430405820363,-0.03726069506091889
choque_20pct_permanente,permanente,0.8,0.19999999999999996,True,33,74,16,9498835.232776828,0.0769519884064966,0.043707766661619685,0.13090245716470233,-0.03267440253533153
choque_20pct_permanente,permanente,0.8,0.19999999999999996,True,33,74,17,9696329.86999464,0.06656519770097177,0.07113309580851013,0.12414309265309481,-0.02719973120929557
choque_20pct_permanente,permanente,0.8,0.19999999999999996,True,33,74,18,9943135.24101116,0.0665459664838548,0.10842442671181463,0.12849839602526678,-0.022871057902299766
choque_20pct_permanente,permanente,0.8,0.19999999999999996,True,33,74,19,10151089.902260061,0.06553246271443947,0.14680530795140267,0.1386123244736098,-0.01661041231764693
choque_20pct_permanente,permanente,0.8,0.19999999999999996,True,33,74,20,10284563.091684734,0.06764712067735296,0.18285935871129344,0.14623727930777597,-0.011952665426507084
choque_20pct_permanente,permanente,0.8,0.19999999999999996,True,33,74,21,10244828.424935717,0.07736644959606041,0.20755556823038024,0.16228549816105384,-0.01349829222351939
choque_20pct_permanente,permanente,0.8,0.19999999999999996,True,33,74,22,10119105.996057615,0.08996473033727406,0.21603526542682894,0.18164517397370294,-0.02263828432088824
choque_20pct_permanente,permanente,0.8,0.19999999999999996,True,33,74,23,9977245.709657777,0.09705943011519552,0.2075125811006362,0.1954591667204868,-0.03465831487497669
choque_20pct_permanente,permanente,0.8,0.19999999999999996,True,33,74,24,9829846.545867989,0.10177366750004053,0.19029517377135607,0.2020487481492419,-0.045216342670842256
choque_20pct_permanente,permanente,0.8,0.19999999999999996,True,33,74,25,9808740.95936701,0.09878966440130865,0.16878041904651964,0.2040244543511427,-0.06209398342965452
choque_20pct_permanente,permanente,0.8,0.19999999999999996,True,34,75,0,7609597.0,0.138,0.03,0.12063832026847152,0.010583740505574736
choque_20pct_permanente,permanente,0.8,0.19999999999999996,True,34,75,1,7652724.38733265,0.14039181650999813,0.030000000000000027,0.11859183719691781,0.007984885903803248
choque_20pct_permanente,permanente,0.8,0.19999999999999996,True,34,75,2,7817153.350781714,0.13522708141572493,0.02417296767197974,0.12048837995070284,0.0018178776575865354
choque_20pct_permanente,permanente,0.8,0.19999999999999996,True,34,75,3,8050037.339651956,0.12429583628352474,0.02688580318537337,0.11173020254586101,0.007924258932568783
choque_20pct_permanente,permanente,0.8,0.19999999999999996,True,34,75,4,8371491.188757262,0.10879330674736361,0.03042871911511269,0.10406100712413781,0.00859011546035212
choque_20pct_permanente,permanente,0.8,0.19999999999999996,True,34,75,5,8596006.95894757,0.09466230344949346,0.04916130421121734,0.09709608088353462,0.011159451436354505
choque_20pct_permanente,permanente,0.8,0.19999999999999996,True,34,75,6,8721863.167482339,0.09309476000985721,0.07167256897236052,0.09888329617580971,0.0134676444635798
choque_20pct_permanente,permanente,0.8,0.19999999999999996,True,34,75,7,8749056.259712862,0.09710801400666651,0.09616525579603907,0.11018986642805456,0.011226559481929365
choque_20pct_permanente,permanente,0.8,0.19999999999999996,True,34,75,8,8717709.460812313,0.10868845174857021,0.11307350919275172,0.12540162517698336,0.011295891179789238
choque_20pct_permanente,permanente,0.8,0.19999999999999996,True,34,75,9,8622412.798174364,0.11603212179761016,0.11910455224108407,0.14288351690979462,0.0033875670502328003
choque_20pct_permanente,permanente,0.8,0.19999999999999996,True,34,75,10,8456027.585934738,0.13091962299687648,0.11627001552633764,0.15844991417239804,-0.006323173284353889
choque_20pct_permanente,permanente,0.8,0.19999999999999996,True,34,75,11,8293619.426786134,0.14208487229112687,0.10277784578817184,0.17488356345782016,-0.018647855609555047
choque_20pct_permanente,permanente,0.8,0.19999999999999996,True,34,75,12,8219112.01872657,0.14666735608100065,0.08542346803565248,0.18126688077438985,-0.030950123997965956
choque_20pct_permanente,permanente,0.8,0.19999999999999996,True,34,75,13,8282794.533733745,0.14364236002815328,0.06658612242075823,0.17910559417331764,-0.03923747805422007
choque_20pct_permanente,permanente,0.8,0.19999999999999996,True,34,75,14,8550577.488426324,0.12700392291296525,0.05171400818127769,0.1659139744395623,-0.038984254211054045
choque_20pct_permanente,permanente,0.8,0.19999999999999996,True,34,75,15,9028068.36110579,0.10134952128943656,0.045706110560990165,0.14666390681607025,-0.03411983232928296
choque_20pct_permanente,permanente,0.8,0.19999999999999996,True,34,75,16,9478967.883912908,0.07801768834215306,0.05151893856682466,0.13217886407408536,-0.030657171980986848
choque_20pct_permanente,permanente,0.8,0.19999999999999996,True,34,75,17,9731342.646774149,0.06523991126480266,0.07479146792382374,0.12575044187637321,-0.026668160505567893
choque_20pct_permanente,permanente,0.8,0.19999999999999996,True,34,75,18,9982769.293519633,0.06394447530399396,0.11072076923498497,0.1284917863132741,-0.025857606365761156
choque_20pct_permanente,permanente,0.8,0.19999999999999996,True,34,75,19,10117969.48393007,0.06773946609491734,0.14817387877420418,0.14039503290236838,-0.01849197240154511
choque_20pct_permanente,permanente,0.8,0.19999999999999996,True,34,75,20,10224118.842846068,0.06975886632134412,0.17920596659007937,0.15172539117628506,-0.01327111684670319
choque_20pct_permanente,permanente,0.8,0.19999999999999996,True,34,75,21,10370202.735219134,0.06816469873499653,0.20332149383482712,0.15736589639737633,-0.011963181911361214
choque_20pct_permanente,permanente,0.8,0.19999999999999996,True,34,75,22,10282619.390084337,0.07748796873335498,0.21772609268851628,0.17049004072662488,-0.01820694125906027
choque_20pct_permanente,permanente,0.8,0.19999999999999996,True,34,75,23,10133506.7318526,0.09124141726831178,0.21669637711669743,0.1918372531558046,-0.030607875599281974
choque_20pct_permanente,permanente,0.8,0.19999999999999996,True,34,75,24,9982537.481101178,0.0983246530613624,0.20307184814235857,0.20311533920153663,-0.04219598527668266
choque_20pct_permanente,permanente,0.8,0.19999999999999996,True,34,75,25,10045680.460489437,0.08831358054881638,0.18324307141760987,0.1992014692127133,-0.0536173054038812
choque_20pct_permanente,permanente,0.8,0.19999999999999996,True,35,76,0,7609597.0,0.138,0.03,0.12063832026847152,0.010583740505574736
choque_20pct_permanente,permanente,0.8,0.19999999999999996,True,35,76,1,7652724.38733265,0.14039181650999813,0.030000000000000027,0.11859183719691781,0.007984885903803248
choque_20pct_permanente,permanente,0.8,0.19999999999999996,True,35,76,2,7802730.70561669,0.13522708141572493,0.024187296796349456,0.12044641053496434,0.005865835900893691
choque_20pct_permanente,permanente,0.8,0.19999999999999996,True,35,76,3,8027902.525663208,0.12540384160263557,0.026819468875616703,0.11289647103876752,0.006960385247261418
choque_20pct_permanente,permanente,0.8,0.19999999999999996,True,35,76,4,8376829.146149594,0.11162612961673007,0.029935621438338167,0.10612176885383172,0.008587531342233808
choque_20pct_permanente,permanente,0.8,0.19999999999999996,True,35,76,5,8515735.311552854,0.10285982062827682,0.04683451578689568,0.10223153232574554,0.010091068109272273
choque_20pct_permanente,permanente,0.8,0.19999999999999996,True,35,76,6,8649107.163261037,0.0983619443358794,0.06354892083394503,0.10601968615684598,0.007013534274310688
choque_20pct_permanente,permanente,0.8,0.19999999999999996,True,35,76,7,8715870.842401117,0.10097418115065955,0.08637009700571596,0.11181428838657086,0.007494251444659868
choque_20pct_permanente,permanente,0.8,0.19999999999999996,True,35,76,8,8720553.349075304,0.1103141879335614,0.10073151792572466,0.12544400643859224,0.006075075537722468
choque_20pct_permanente,permanente,0.8,0.19999999999999996,True,35,76,9,8655718.737455165,0.11862710613326721,0.10784553990422907,0.14059743973808608,0.002154134006907133
choque_20pct_permanente,permanente,0.8,0.19999999999999996,True,35,76,10,8534793.596430412,0.12562256020864115,0.10538591793288798,0.15464933017257965,-0.008283524079394549
choque_20pct_permanente,permanente,0.8,0.19999999999999996,True,35,76,11,8474077.227476727,0.13403324899812116,0.0978109671201024,0.1641885133912307,-0.017852010484227937
choque_20pct_permanente,permanente,0.8,0.19999999999999996,True,35,76,12,8351125.795965776,0.14030058778036833,0.08518774700077092,0.1738978732823619,-0.02956966628430715
choque_20pct_permanente,permanente,0.8,0.19999999999999996,True,35,76,13,8452070.236806067,0.13723479661955162,0.0720042926757476,0.17189180538691354,-0.033741112661297985
choque_20pct_permanente,permanente,0.8,0.19999999999999996,True,35,76,14,8638743.525247607,0.1252404403231456,0.05931180067115571,0.16410148756156095,-0.03870239830518432
choque_20pct_permanente,permanente,0.8,0.19999999999999996,True,35,76,15,9048195.065021174,0.100759030350787,0.05432244885245541,0.14746657674979105,-0.036731804170243326
choque_20pct_permanente,permanente,0.8,0.19999999999999996,True,35,76,16,9454639.69158172,0.07834661337587207,0.06199718549662592,0.13148025486597925,-0.03034679177411696
choque_20pct_permanente,permanente,0.8,0.19999999999999996,True,35,76,17,9764365.674360136,0.06369022051571734,0.08587561049352055,0.1231240579191249,-0.02625387586363901
choque_20pct_permanente,permanente,0.8,0.19999999999999996,True,35,76,18,10001832.218481867,0.06066784993129152,0.12233046463172847,0.12420792449580646,-0.019669261200846055
choque_20pct_permanente,permanente,0.8,0.19999999999999996,True,35,76,19,10188340.205823185,0.06513871195790825,0.16116974446801535,0.13626838947117148,-0.012936661070628226
choque_20pct_permanente,permanente,0.8,0.19999999999999996,True,35,76,20,10235109.16388425,0.0718814554863014,0.1914291350367383,0.15317589605302329,-0.014316740449912808
choque_20pct_permanente,permanente,0.8,0.19999999999999996,True,35,76,21,10129356.542699875,0.08395223785914326,0.20891134960339808,0.1712179954518717,-0.017919668384847237
choque_20pct_permanente,permanente,0.8,0.19999999999999996,True,35,76,22,9967094.026870582,0.09585895572677726,0.20596824404921987,0.19028007732684651,-0.02824987734097327
choque_20pct_permanente,permanente,0.8,0.19999999999999996,True,35,76,23,9857476.394800272,0.0999939718520971,0.1936655938403622,0.19823777500573153,-0.03869522187210716
choque_20pct_permanente,permanente,0.8,0.19999999999999996,True,35,76,24,9751503.089039331,0.1018879570423409,0.17425716080638254,0.2022117689718161,-0.05170436627593088
choque_20pct_permanente,permanente,0.8,0.19999999999999996,True,35,76,25,9874520.41605808,0.09174335901116473,0.15446089019350917,0.19746308233096316,-0.059747487395086514
choque_20pct_permanente,permanente,0.8,0.19999999999999996,True,36,77,0,7609597.0,0.138,0.03,0.12063832026847152,0.010583740505574736
choque_20pct_permanente,permanente,0.8,0.19999999999999996,True,36,77,1,7652717.703786862,0.14039187151079002,0.030000000000000027,0.1185921564109529,0.007984789613649897
choque_20pct_permanente,permanente,0.8,0.19999999999999996,True,36,77,2,7797301.432333067,0.13522817256822742,0.024176348789232804,0.12054391703875096,0.003132824924809708
choque_20pct_permanente,permanente,0.8,0.19999999999999996,True,36,77,3,8066839.669660508,0.12445129646435647,0.026875541848083717,0.11137101778441127,0.005848889384789103
choque_20pct_permanente,permanente,0.8,0.19999999999999996,True,36,77,4,8376962.371772485,0.10843775438185499,0.030392987511353997,0.10400930667425655,0.007681942462052319
choque_20pct_permanente,permanente,0.8,0.19999999999999996,True,36,77,5,8598147.255948044,0.09667774163815099,0.048602776295180394,0.0972669989797088,0.009347756425495459
choque_20pct_permanente,permanente,0.8,0.19999999999999996,True,36,77,6,8786287.386111096,0.09089374127442987,0.06863489950997193,0.09906024057468434,0.011727320116612818
choque_20pct_permanente,permanente,0.8,0.19999999999999996,True,36,77,7,8847738.864778206,0.09219085114690832,0.09537695008417169,0.10614462046097867,0.013989783657778088
choque_20pct_permanente,permanente,0.8,0.19999999999999996,True,36,77,8,8788136.880616505,0.10427939456976026,0.11581147717530405,0.12310452636688242,0.012458863801092028
choque_20pct_permanente,permanente,0.8,0.19999999999999996,True,36,77,9,8567497.933207603,0.12590315240934616,0.12557149641843002,0.1476780728211693,0.004389126487866023
choque_20pct_permanente,permanente,0.8,0.19999999999999996,True,36,77,10,8345878.802476955,0.14416079899800466,0.11713495188562772,0.1722275490078951,-0.0085264476271604
choque_20pct_permanente,permanente,0.8,0.19999999999999996,True,36,77,11,8125082.3456725385,0.15798621590082698,0.09950880803895301,0.18766003121943992,-0.023962530625073142
choque_20pct_permanente,permanente,0.8,0.19999999999999996,True,36,77,12,8063554.502717786,0.16153788645404077,0.07522575047984548,0.19296468086570784,-0.03850811484299795
choque_20pct_permanente,permanente,0.8,0.19999999999999996,True,36,77,13,8180230.654068053,0.15382610292112475,0.05284175878994546,0.1850707534739059,-0.04628145579056986
choque_20pct_permanente,permanente,0.8,0.19999999999999996,True,36,77,14,8574729.083117105,0.13427097758603845,0.03614675333758055,0.1662763133196538,-0.04575471619926513
choque_20pct_permanente,permanente,0.8,0.19999999999999996,True,36,77,15,9154863.421500819,0.10316966419624854,0.0298260212275705,0.14381249030188542,-0.04003194519063224
choque_20pct_permanente,permanente,0.8,0.19999999999999996,True,36,77,16,9474054.123952912,0.08015518377481029,0.03868480806423591,0.1302405046845599,-0.033822323787530174
choque_20pct_permanente,permanente,0.8,0.19999999999999996,True,36,77,17,9714750.611003188,0.06942566846525505,0.06372870644191098,0.12628884283093617,-0.03222039463129087
choque_20pct_permanente,permanente,0.8,0.19999999999999996,True,36,77,18,9784958.3857138,0.07491606311738644,0.09827842158371958,0.13402365342789163,-0.028142109963857
choque_20pct_permanente,permanente,0.8,0.19999999999999996,True,36,77,19,10012177.278931012,0.07491225752911015,0.12920721512849354,0.1471084098120719,-0.023907371357573964
choque_20pct_permanente,permanente,0.8,0.19999999999999996,True,36,77,20,10179117.402724437,0.07180622886296631,0.1558552944036491,0.15159322827799637,-0.019331833690026362
choque_20pct_permanente,permanente,0.8,0.19999999999999996,True,36,77,21,10177482.080822943,0.0756000111169672,0.17963025846781577,0.1595504450913362,-0.01875348049352267
choque_20pct_permanente,permanente,0.8,0.19999999999999996,True,36,77,22,10213001.678003803,0.07810932952019561,0.19216034211659871,0.17228852287042498,-0.02532246771243541
choque_20pct_permanente,permanente,0.8,0.19999999999999996,True,36,77,23,10222528.02324103,0.08131208242266373,0.19826021938557048,0.17836278630953603,-0.026904006966815715
choque_20pct_permanente,permanente,0.8,0.19999999999999996,True,36,77,24,10280317.467374265,0.07747978780504056,0.19636541077432912,0.18306302567860705,-0.035511918209696985
choque_20pct_permanente,permanente,0.8,0.19999999999999996,True,36,77,25,10342179.165049598,0.07589463840455803,0.19511729331703198,0.18278738567998637,-0.04058427634555706
choque_20pct_permanente,permanente,0.8,0.19999999999999996,True,37,78,0,7609597.0,0.138,0.03,0.12063832026847152,0.010583740505574736
choque_20pct_permanente,permanente,0.8,0.19999999999999996,True,37,78,1,7652724.38733265,0.14039181650999813,0.030000000000000027,0.11859183719691781,0.007984885903803248
choque_20pct_permanente,permanente,0.8,0.19999999999999996,True,37,78,2,7811944.858553902,0.13522720206223762,0.0241666286569604,0.12058669013549693,0.00018585739055203764
choque_20pct_permanente,permanente,0.8,0.19999999999999996,True,37,78,3,8094525.125686543,0.12367789968368018,0.026920387337477703,0.11080671413169939,0.0052715041838161504
choque_20pct_permanente,permanente,0.8,0.19999999999999996,True,37,78,4,8350276.109201933,0.10863709884444168,0.030769941322713823,0.10373413893051436,0.005768933818499963
choque_20pct_permanente,permanente,0.8,0.19999999999999996,True,37,78,5,8655573.250588398,0.09239984830071277,0.049748372185060674,0.09428056503044178,0.011753030265122451
choque_20pct_permanente,permanente,0.8,0.19999999999999996,True,37,78,6,8833519.249655854,0.08465624532967068,0.07277351347629923,0.09411051621935983,0.015604005837760771
choque_20pct_permanente,permanente,0.8,0.19999999999999996,True,37,78,7,8863280.8028959,0.09141257101496034,0.10303139876562306,0.10361685634415745,0.015596385184533101
choque_20pct_permanente,permanente,0.8,0.19999999999999996,True,37,78,8,8782694.895750964,0.10527859070425218,0.12153486432761174,0.12616226254049526,0.012703686028074613
choque_20pct_permanente,permanente,0.8,0.19999999999999996,True,37,78,9,8615877.251867682,0.12074028412040361,0.1295362447082149,0.14798556018222106,0.0051115591167038635
choque_20pct_permanente,permanente,0.8,0.19999999999999996,True,37,78,10,8378569.299260955,0.14013177504500446,0.1217786031067134,0.1697830397156401,-0.0063980452202085205
choque_20pct_permanente,permanente,0.8,0.19999999999999996,True,37,78,11,8174376.747275007,0.15335588355047394,0.10383694898666507,0.18533153242755504,-0.01716999758767734
choque_20pct_permanente,permanente,0.8,0.19999999999999996,True,37,78,12,8128764.219702986,0.15228950319970064,0.08017278067246014,0.18836456236996765,-0.03296140822499878
choque_20pct_permanente,permanente,0.8,0.19999999999999996,True,37,78,13,8265466.557341861,0.14094477754668464,0.05879739306085807,0.17963282493644006,-0.03826761258045417
choque_20pct_permanente,permanente,0.8,0.19999999999999996,True,37,78,14,8629867.217032453,0.1229784121549699,0.044100168032953135,0.16319794342664376,-0.03880910397856485
choque_20pct_permanente,permanente,0.8,0.19999999999999996,True,37,78,15,9036290.113477338,0.1013016682237199,0.04062264542810712,0.1465744070563065,-0.036247517530427986
choque_20pct_permanente,permanente,0.8,0.19999999999999996,True,37,78,16,9436702.478294201,0.07969370438970384,0.05015909044560285,0.13229154774032292,-0.03337232567172157
choque_20pct_permanente,permanente,0.8,0.19999999999999996,True,37,78,17,9787946.49617171,0.06391450798419657,0.07557682049339487,0.1237423455544775,-0.0271867286502585
choque_20pct_permanente,permanente,0.8,0.19999999999999996,True,37,78,18,10011151.196548697,0.057629988405726806,0.11587753592188044,0.12234496874883494,-0.01899931531408556
choque_20pct_permanente,permanente,0.8,0.19999999999999996,True,37,78,19,10149408.347136019,0.06412770742596784,0.16390169837148627,0.13210967961310224,-0.011431014826184306
choque_20pct_permanente,permanente,0.8,0.19999999999999996,True,37,78,20,10227025.36794501,0.0756466360470405,0.19613332150621665,0.15500968038877525,-0.011498939005838484
choque_20pct_permanente,permanente,0.8,0.19999999999999996,True,37,78,21,10192117.193739312,0.0803417828915122,0.2109132441912447,0.1712712844965078,-0.014678310162743508
choque_20pct_permanente,permanente,0.8,0.19999999999999996,True,37,78,22,10115370.778451417,0.0819174046072829,0.21287961961115576,0.17816952807437522,-0.022056320563280437
choque_20pct_permanente,permanente,0.8,0.19999999999999996,True,37,78,23,10029497.270026596,0.0878763457688846,0.20714265279757327,0.18655432854266607,-0.030274067425112516
choque_20pct_permanente,permanente,0.8,0.19999999999999996,True,37,78,24,9904273.828748068,0.09623754302282102,0.19303525136846456,0.1987288769672628,-0.044195832529057504
choque_20pct_permanente,permanente,0.8,0.19999999999999996,True,37,78,25,9911173.885186309,0.09366670444695809,0.17519776386300756,0.2018556229037222,-0.057587437007058206
choque_20pct_permanente,permanente,0.8,0.19999999999999996,True,38,79,0,7609597.0,0.138,0.03,0.12063832026847152,0.010583740505574736
choque_20pct_permanente,permanente,0.8,0.19999999999999996,True,38,79,1,7652724.38733265,0.14039181650999813,0.030000000000000027,0.11859183719691781,0.007984885903803248
choque_20pct_permanente,permanente,0.8,0.19999999999999996,True,38,79,2,7805467.640744476,0.13522708141572493,0.02418630659483445,0.12056947695808339,0.005628385718672757
choque_20pct_permanente,permanente,0.8,0.19999999999999996,True,38,79,3,8017292.966872868,0.1252915579837711,0.026864732214723297,0.11286921658241382,0.005709835360944892
choque_20pct_permanente,permanente,0.8,0.19999999999999996,True,38,79,4,8334416.405343128,0.11107775116975839,0.030036851707745837,0.10528397704826867,0.006842628413261025
choque_20pct_permanente,permanente,0.8,0.19999999999999996,True,38,79,5,8616307.649002593,0.09786648850654063,0.046998878180849246,0.0976559338002514,0.010282015006928883
choque_20pct_permanente,permanente,0.8,0.19999999999999996,True,38,79,6,8763415.835695103,0.0886635591569935,0.06719583614914493,0.09831216971737025,0.01168347064701867
choque_20pct_permanente,permanente,0.8,0.19999999999999996,True,38,79,7,8840028.038458169,0.0911664466953212,0.09464766225444032,0.1043187482044815,0.011992169493144597
choque_20pct_permanente,permanente,0.8,0.19999999999999996,True,38,79,8,8804542.10000822,0.10551587751717258,0.11568103766703497,0.12189854297639457,0.01077595426963309
choque_20pct_permanente,permanente,0.8,0.19999999999999996,True,38,79,9,8691546.393513752,0.11628015638249035,0.12457198838199068,0.14176507732171692,0.006166062041908792
choque_20pct_permanente,permanente,0.8,0.19999999999999996,True,38,79,10,8508432.089060638,0.12798290153158237,0.12213850654046698,0.15851839995283323,-0.005713201172654622
choque_20pct_permanente,permanente,0.8,0.19999999999999996,True,38,79,11,8316217.492211363,0.14360357313577232,0.10989870110822753,0.1739570680448336,-0.015316417809542881
choque_20pct_permanente,permanente,0.8,0.19999999999999996,True,38,79,12,8234178.392741599,0.14769899026865294,0.09033464764622945,0.18287270589769064,-0.028971580238945537
choque_20pct_permanente,permanente,0.8,0.19999999999999996,True,38,79,13,8296998.333286809,0.1437970888826438,0.07044369587034538,0.18000223763126527,-0.03680987734313263
choque_20pct_permanente,permanente,0.8,0.19999999999999996,True,38,79,14,8497534.797083043,0.1318179909805083,0.05277618185807653,0.1714519142305307,-0.04298843504503501
choque_20pct_permanente,permanente,0.8,0.19999999999999996,True,38,79,15,8882074.03237927,0.11011123771345023,0.04295837156536053,0.15541108036049417,-0.040569579124002574
choque_20pct_permanente,permanente,0.8,0.19999999999999996,True,38,79,16,9403519.10662588,0.08181243828587001,0.04407252781829252,0.13660006016641305,-0.03529588977182817
choque_20pct_permanente,permanente,0.8,0.19999999999999996,True,38,79,17,9808782.21756312,0.06350318566690501,0.0653918447010291,0.12308162479391019,-0.029614231307221784
choque_20pct_permanente,permanente,0.8,0.19999999999999996,True,38,79,18,10015647.703115659,0.05695232902739997,0.10325555380847495,0.12163563895440041,-0.02068793799480091
choque_20pct_permanente,permanente,0.8,0.19999999999999996,True,38,79,19,10181479.175283065,0.06264762092753222,0.1525586273316757,0.1310218820658966,-0.01394080429700949
choque_20pct_permanente,permanente,0.8,0.19999999999999996,True,38,79,20,10286859.872049639,0.07204062385271416,0.1909234676418723,0.1508980463267197,-0.01103037391404942
choque_20pct_permanente,permanente,0.8,0.19999999999999996,True,38,79,21,10270293.07619562,0.07631451526489529,0.21414824166149504,0.16565808219659187,-0.010446611398173487
choque_20pct_permanente,permanente,0.8,0.19999999999999996,True,38,79,22,10219253.3308847,0.08005650359160042,0.22233428140063038,0.1745885203708484,-0.018516939529637896
choque_20pct_permanente,permanente,0.8,0.19999999999999996,True,38,79,23,10071349.2017123,0.0887600214331199,0.21929386869865608,0.18616015624924173,-0.026746160605465783
choque_20pct_permanente,permanente,0.8,0.19999999999999996,True,38,79,24,9971639.859043723,0.09223501046446429,0.20432964181096014,0.19758722919819172,-0.04093145979850483
choque_20pct_permanente,permanente,0.8,0.19999999999999996,True,38,79,25,9986642.083765393,0.09134000531013357,0.18686867813602026,0.19807416454466553,-0.052851596243506056
choque_20pct_permanente,permanente,0.8,0.19999999999999996,True,39,80,0,7609597.0,0.138,0.03,0.12063832026847152,0.010583740505574736
choque_20pct_permanente,permanente,0.8,0.19999999999999996,True,39,80,1,7652724.38733265,0.14039181650999813,0.030000000000000027,0.11859183719691781,0.007984885903803248
choque_20pct_permanente,permanente,0.8,0.19999999999999996,True,39,80,2,7808200.792774914,0.13522708141572493,0.02418544137591594,0.12034762689050274,0.005220372836864475
choque_20pct_permanente,permanente,0.8,0.19999999999999996,True,39,80,3,8035062.194423687,0.12596384584639977,0.02686556713124344,0.1127589891774157,0.007163916986414155
choque_20pct_permanente,permanente,0.8,0.19999999999999996,True,39,80,4,8339641.154430015,0.11184337766396084,0.029721019123407633,0.10672704748153952,0.005265422493528874
choque_20pct_permanente,permanente,0.8,0.19999999999999996,True,39,80,5,8564895.852802433,0.10178505328025991,0.045916717051688094,0.1002294489093191,0.011805395879216562
choque_20pct_permanente,permanente,0.8,0.19999999999999996,True,39,80,6,8697823.459011978,0.09328681963410126,0.06394001518166847,0.10248797410158446,0.009529581155793606
choque_20pct_permanente,permanente,0.8,0.19999999999999996,True,39,80,7,8779196.580083273,0.09445419662770572,0.08943847053893794,0.10699072634469452,0.01222215695255238
choque_20pct_permanente,permanente,0.8,0.19999999999999996,True,39,80,8,8757382.563549124,0.10383892805049509,0.108303774893312,0.12303387095312548,0.010258995133702861
choque_20pct_permanente,permanente,0.8,0.19999999999999996,True,39,80,9,8617499.938783927,0.12019429799709234,0.11902104773675459,0.14315019142715626,0.005089134588559223
choque_20pct_permanente,permanente,0.8,0.19999999999999996,True,39,80,10,8421155.283252286,0.13597911528161155,0.11503641871529946,0.16454291540859842,-0.00793649803248208
choque_20pct_permanente,permanente,0.8,0.19999999999999996,True,39,80,11,8242927.192883744,0.14850262393804695,0.10226407747149135,0.1787068898839807,-0.019249653473627254
choque_20pct_permanente,permanente,0.8,0.19999999999999996,True,39,80,12,8189479.955725771,0.15279146544329292,0.08245675526573559,0.18417933657130534,-0.027421640217143578
choque_20pct_permanente,permanente,0.8,0.19999999999999996,True,39,80,13,8264439.645844096,0.14699928247017727,0.06326177350697226,0.18045909992046055,-0.03620572884182409
choque_20pct_permanente,permanente,0.8,0.19999999999999996,True,39,80,14,8555397.054140558,0.12836548831987604,0.04535464848764614,0.16810698140833094,-0.04179568510447496
choque_20pct_permanente,permanente,0.8,0.19999999999999996,True,39,80,15,9029641.924795208,0.1033663787184238,0.039337654041172065,0.1476762000684402,-0.039117250455983514
choque_20pct_permanente,permanente,0.8,0.19999999999999996,True,39,80,16,9470235.433132812,0.07790803353845224,0.04632825753203562,0.1312829651220408,-0.03410192093819834
choque_20pct_permanente,permanente,0.8,0.19999999999999996,True,39,80,17,9766298.266216386,0.06282961019459082,0.07327882546525832,0.12056691561929747,-0.026125904231704834
choque_20pct_permanente,permanente,0.8,0.19999999999999996,True,39,80,18,10063855.601169761,0.05780544025400643,0.1140521557442562,0.12002216433130522,-0.018658601323766667
choque_20pct_permanente,permanente,0.8,0.19999999999999996,True,39,80,19,10183595.870300997,0.06350829289102294,0.1615707476427508,0.13143233710097038,-0.010908346398528886
choque_20pct_permanente,permanente,0.8,0.19999999999999996,True,39,80,20,10348722.152707823,0.06807138385123504,0.19480172602505386,0.15053617462806243,-0.010331259090012356
choque_20pct_permanente,permanente,0.8,0.19999999999999996,True,39,80,21,10331526.961165152,0.07748097877231977,0.21674217496857828,0.16507284599143518,-0.013621545801154891
choque_20pct_permanente,permanente,0.8,0.19999999999999996,True,39,80,22,10125280.039746935,0.09163996188094671,0.21784590031987583,0.18730383552325636,-0.021702195590223322
choque_20pct_permanente,permanente,0.8,0.19999999999999996,True,39,80,23,9868529.871566378,0.10468405168162771,0.20565539937050548,0.20472926613101577,-0.03665853408976003
choque_20pct_permanente,permanente,0.8,0.19999999999999996,True,39,80,24,9748545.06171144,0.1064173416581337,0.18217958781073817,0.21094575889248293,-0.04934514840003587
choque_20pct_permanente,permanente,0.8,0.19999999999999996,True,39,80,25,9780619.139596278,0.10111250276802516,0.15936238297925165,0.20585022179852983,-0.060813672743229595
choque_20pct_permanente,permanente,0.8,0.19999999999999996,True,40,81,0,7609597.0,0.138,0.03,0.12063832026847152,0.010583740505574736
choque_20pct_permanente,permanente,0.8,0.19999999999999996,True,40,81,1,7652724.38733265,0.14039181650999813,0.030000000000000027,0.11859183719691781,0.007984885903803248
choque_20pct_permanente,permanente,0.8,0.19999999999999996,True,40,81,2,7791795.83856827,0.13522708141572493,0.024180090599306148,0.1205498280887741,0.0038389432304243515
choque_20pct_permanente,permanente,0.8,0.19999999999999996,True,40,81,3,8075670.949947581,0.12380897409330736,0.02686445481971589,0.11098593246899349,0.00915771220492161
choque_20pct_permanente,permanente,0.8,0.19999999999999996,True,40,81,4,8342893.204058298,0.10814366766662828,0.030637668217898817,0.10456875380432996,0.007661717681852086
choque_20pct_permanente,permanente,0.8,0.19999999999999996,True,40,81,5,8590678.084629092,0.09822282114273273,0.04917239960750153,0.09814229427486965,0.010085382584598625
choque_20pct_permanente,permanente,0.8,0.19999999999999996,True,40,81,6,8722595.333240129,0.09496489538564182,0.06886813426199057,0.10170630506544641,0.010287431751904736
choque_20pct_permanente,permanente,0.8,0.19999999999999996,True,40,81,7,8786927.150183776,0.09613043612380313,0.09287813735689343,0.10873647311317727,0.010813430365307077
choque_20pct_permanente,permanente,0.8,0.19999999999999996,True,40,81,8,8769178.633869557,0.10315682629935746,0.11004400544951132,0.12261156671940528,0.008737846786672141
choque_20pct_permanente,permanente,0.8,0.19999999999999996,True,40,81,9,8664047.199604737,0.11488955454350532,0.12000643514536957,0.13997782293300712,0.003681012560525121
choque_20pct_permanente,permanente,0.8,0.19999999999999996,True,40,81,10,8492287.025370028,0.13023118796803312,0.11691977766311101,0.15981222846775178,-0.007120389204766597
choque_20pct_permanente,permanente,0.8,0.19999999999999996,True,40,81,11,8328901.217654234,0.14272766619801605,0.10424654540173073,0.1755546421561427,-0.019922317438037022
choque_20pct_permanente,permanente,0.8,0.19999999999999996,True,40,81,12,8288511.168935047,0.1453466437850918,0.08509703904916877,0.1812731414325604,-0.029739456422701108
choque_20pct_permanente,permanente,0.8,0.19999999999999996,True,40,81,13,8374785.1681692265,0.13997753857447362,0.06715259517567262,0.1758073685893753,-0.035670207568182406
choque_20pct_permanente,permanente,0.8,0.19999999999999996,True,40,81,14,8670481.40338112,0.11822873743611208,0.053571959007579606,0.16181624567020045,-0.0369955578190669
choque_20pct_permanente,permanente,0.8,0.19999999999999996,True,40,81,15,9041392.24038459,0.10087710817571657,0.05175634794417383,0.1453471982549837,-0.03407333035378247
choque_20pct_permanente,permanente,0.8,0.19999999999999996,True,40,81,16,9435551.777518345,0.08012425689933977,0.05864074884178283,0.1349114818114586,-0.03219410583266031
choque_20pct_permanente,permanente,0.8,0.19999999999999996,True,40,81,17,9802595.593363207,0.06292092027262963,0.0821535756890599,0.12484270116341063,-0.02395346122136196
choque_20pct_permanente,permanente,0.8,0.19999999999999996,True,40,81,18,9963218.463535532,0.0610880963483994,0.11863246768976565,0.12595435472693126,-0.018476375317353043
choque_20pct_permanente,permanente,0.8,0.19999999999999996,True,40,81,19,10124524.026601106,0.06865191197264034,0.15912624371518946,0.13867996553014453,-0.01230994302900556
choque_20pct_permanente,permanente,0.8,0.19999999999999996,True,40,81,20,10221818.945052158,0.07143850658802157,0.18769840791759962,0.15541089663138824,-0.012330221222820384
choque_20pct_permanente,permanente,0.8,0.19999999999999996,True,40,81,21,10243801.012749476,0.07788037754052,0.2079079598246374,0.16336823584555915,-0.013991870009148555
choque_20pct_permanente,permanente,0.8,0.19999999999999996,True,40,81,22,10098264.496579744,0.08514325171828263,0.21162872048347459,0.1802750458696053,-0.02299680219896129
choque_20pct_permanente,permanente,0.8,0.19999999999999996,True,40,81,23,10038195.903345605,0.08922634812817103,0.20590986375849196,0.18950713360894952,-0.03234387364051296
choque_20pct_permanente,permanente,0.8,0.19999999999999996,True,40,81,24,9871598.587821767,0.09667227845274234,0.1929405918377023,0.19899288105930465,-0.047747639062533515
choque_20pct_permanente,permanente,0.8,0.19999999999999996,True,40,81,25,9930310.912412718,0.09465536585430048,0.1740774493163042,0.20096032810664533,-0.05611606462226958
choque_20pct_permanente,permanente,0.8,0.19999999999999996,True,41,82,0,7609597.0,0.138,0.03,0.12063832026847152,0.010583740505574736
choque_20pct_permanente,permanente,0.8,0.19999999999999996,True,41,82,1,7652724.38733265,0.14039181650999813,0.030000000000000027,0.11859183719691781,0.007984885903803248
choque_20pct_permanente,permanente,0.8,0.19999999999999996,True,41,82,2,7804161.342545421,0.13522708141572493,0.024181451857486325,0.12048374104937541,0.004463367105977549
choque_20pct_permanente,permanente,0.8,0.19999999999999996,True,41,82,3,8037306.605265866,0.12521985422798892,0.026870543244538414,0.11227156104350028,0.006428005564398915
choque_20pct_permanente,permanente,0.8,0.19999999999999996,True,41,82,4,8376623.174433023,0.11150345996583516,0.0300461811692454,0.1054722248192005,0.007758729041679784
choque_20pct_permanente,permanente,0.8,0.19999999999999996,True,41,82,5,8530689.415672183,0.09932253337622403,0.045909197834872906,0.10123758639495983,0.009561145832290875
choque_20pct_permanente,permanente,0.8,0.19999999999999996,True,41,82,6,8700923.310596734,0.09508690204571903,0.06618209695633381,0.10218129749992082,0.010592993700903702
choque_20pct_permanente,permanente,0.8,0.19999999999999996,True,41,82,7,8740633.749240844,0.09768739485381994,0.09066258494127521,0.10989457084595929,0.010146162917847446
choque_20pct_permanente,permanente,0.8,0.19999999999999996,True,41,82,8,8691993.156211602,0.10914116256667533,0.10859694506022044,0.12494851812273966,0.008756046682844743
choque_20pct_permanente,permanente,0.8,0.19999999999999996,True,41,82,9,8581886.38332709,0.1188305728562976,0.11561529047763175,0.14350934868481488,0.0019036618523968522
choque_20pct_permanente,permanente,0.8,0.19999999999999996,True,41,82,10,8444911.552261803,0.12941349651168618,0.11279869375029827,0.157679688911963,-0.0045876631683316686
choque_20pct_permanente,permanente,0.8,0.19999999999999996,True,41,82,11,8378951.326522373,0.1355149729999174,0.10135387552943009,0.16772880982568103,-0.014732928679713401
choque_20pct_permanente,permanente,0.8,0.19999999999999996,True,41,82,12,8341093.516520683,0.135984075042923,0.08554245867306842,0.1736565788426742,-0.029102043085482643
choque_20pct_permanente,permanente,0.8,0.19999999999999996,True,41,82,13,8437215.352888228,0.133845141157693,0.06984360966622649,0.17111248480000368,-0.03333000402477321
choque_20pct_permanente,permanente,0.8,0.19999999999999996,True,41,82,14,8730265.85333989,0.1158777578023169,0.05701424925005827,0.1606991160617068,-0.03710215708747684
choque_20pct_permanente,permanente,0.8,0.19999999999999996,True,41,82,15,9135793.325951139,0.09534472312048793,0.05455302476315915,0.14384428836573152,-0.03412136220922908
choque_20pct_permanente,permanente,0.8,0.19999999999999996,True,41,82,16,9495725.121132877,0.07410341947812916,0.06476324722565585,0.1320146139363598,-0.029109913061884565
choque_20pct_permanente,permanente,0.8,0.19999999999999996,True,41,82,17,9802956.102159984,0.06181227687825915,0.0915174341343199,0.12409222498219576,-0.0236683149081407
choque_20pct_permanente,permanente,0.8,0.19999999999999996,True,41,82,18,10006563.199608723,0.06114080431507241,0.1296392839687095,0.12744889073890656,-0.01692869029027681
choque_20pct_permanente,permanente,0.8,0.19999999999999996,True,41,82,19,10177889.09731281,0.06656674057614045,0.16860932975244736,0.13968477267709786,-0.012271838891092988
choque_20pct_permanente,permanente,0.8,0.19999999999999996,True,41,82,20,10332844.201406728,0.06723096564751119,0.19696228310945552,0.15254121526842557,-0.007532231890995017
choque_20pct_permanente,permanente,0.8,0.19999999999999996,True,41,82,21,10306351.780483967,0.07079699104760474,0.21715003440397385,0.1620674716728307,-0.011555532725407793
choque_20pct_permanente,permanente,0.8,0.19999999999999996,True,41,82,22,10209894.572597679,0.08297705210596655,0.22550489419640085,0.17715670203784736,-0.01747030925524083
choque_20pct_permanente,permanente,0.8,0.19999999999999996,True,41,82,23,10051627.146854958,0.09282206910541428,0.217555513316682,0.1955376087220485,-0.02898173686657679
choque_20pct_permanente,permanente,0.8,0.19999999999999996,True,41,82,24,9889613.245359823,0.09907359753497397,0.20123304854673751,0.20414685966403093,-0.04571533704740445
choque_20pct_permanente,permanente,0.8,0.19999999999999996,True,41,82,25,9875322.025068978,0.09642904007038824,0.17825495799732693,0.20487794442391316,-0.05403136239774609
choque_20pct_permanente,permanente,0.8,0.19999999999999996,True,42,83,0,7609597.0,0.138,0.03,0.12063832026847152,0.010583740505574736
choque_20pct_permanente,permanente,0.8,0.19999999999999996,True,42,83,1,7652724.38733265,0.14039181650999813,0.030000000000000027,0.11859183719691781,0.007984885903803248
choque_20pct_permanente,permanente,0.8,0.19999999999999996,True,42,83,2,7809911.119751594,0.13522708141572493,0.024186657377943677,0.12048474702435293,0.005776961624849792
choque_20pct_permanente,permanente,0.8,0.19999999999999996,True,42,83,3,8018061.038339455,0.12665789346615375,0.02685962375110229,0.11348078533846509,0.007979938804951722
choque_20pct_permanente,permanente,0.8,0.19999999999999996,True,42,83,4,8305617.180034985,0.11399259819694661,0.029405143029064273,0.10821630138304673,0.005959566471408082
choque_20pct_permanente,permanente,0.8,0.19999999999999996,True,42,83,5,8539351.24608214,0.10094256406385173,0.04504553234663877,0.10215772738779333,0.006551768799484767
choque_20pct_permanente,permanente,0.8,0.19999999999999996,True,42,83,6,8697718.889726462,0.09630416496841106,0.06343894451030585,0.10297862640446805,0.009286414295573621
choque_20pct_permanente,permanente,0.8,0.19999999999999996,True,42,83,7,8725315.61945366,0.10011402123980065,0.08614081816241304,0.11152029136248988,0.010180735228865982
choque_20pct_permanente,permanente,0.8,0.19999999999999996,True,42,83,8,8687533.641295176,0.10756534964800357,0.10247470069105957,0.1268619494702097,0.004901422401148347
choque_20pct_permanente,permanente,0.8,0.19999999999999996,True,42,83,9,8610895.542521466,0.11878670395950479,0.11143614641650657,0.1417897558246458,0.003343567121270947
choque_20pct_permanente,permanente,0.8,0.19999999999999996,True,42,83,10,8491850.038788423,0.12791109191121108,0.10839950568969114,0.15667382197952864,-0.0032852192317606886
choque_20pct_permanente,permanente,0.8,0.19999999999999996,True,42,83,11,8443294.096561233,0.12849333717246733,0.0997493937781917,0.1639762836923554,-0.015421700418648758
choque_20pct_permanente,permanente,0.8,0.19999999999999996,True,42,83,12,8469313.811198132,0.1297630125704322,0.08834812321032892,0.165967310436571,-0.02321165373165536
choque_20pct_permanente,permanente,0.8,0.19999999999999996,True,42,83,13,8524676.28655982,0.12720913414168047,0.07641071369275076,0.16703973826196497,-0.028541965971289746
choque_20pct_permanente,permanente,0.8,0.19999999999999996,True,42,83,14,8679641.355499215,0.11574079813892535,0.06798051562061036,0.1607849294580706,-0.03524462248288458
choque_20pct_permanente,permanente,0.8,0.19999999999999996,True,42,83,15,9082102.181112424,0.09628782618666618,0.06571958643705167,0.146102644809239,-0.03394051513469323
choque_20pct_permanente,permanente,0.8,0.19999999999999996,True,42,83,16,9509389.64917847,0.07394640626428155,0.07501442233326694,0.1312708101851332,-0.02720500983981394
choque_20pct_permanente,permanente,0.8,0.19999999999999996,True,42,83,17,9754691.545479285,0.06108110247839707,0.10026893161242945,0.12377479165421414,-0.02240643030961592
choque_20pct_permanente,permanente,0.8,0.19999999999999996,True,42,83,18,10058814.677315064,0.0582745781466292,0.13638571944638866,0.12486546226411482,-0.015880493530202208
choque_20pct_permanente,permanente,0.8,0.19999999999999996,True,42,83,19,10159815.756316984,0.06372164035065352,0.17632661810295525,0.13790821984602133,-0.01191483629819097
choque_20pct_permanente,permanente,0.8,0.19999999999999996,True,42,83,20,10234661.051211126,0.07177295208301018,0.20393479076138998,0.15560289472969302,-0.009584679943367543
choque_20pct_permanente,permanente,0.8,0.19999999999999996,True,42,83,21,10225642.13012165,0.07793511255274004,0.2168515705836196,0.17080125680340633,-0.014848907804405887
choque_20pct_permanente,permanente,0.8,0.19999999999999996,True,42,83,22,10072843.761272082,0.090401081446914,0.21751314088057994,0.18479783739207015,-0.026041299301487776
choque_20pct_permanente,permanente,0.8,0.19999999999999996,True,42,83,23,9854192.179122468,0.1010914003757615,0.20407648815020485,0.20179275921988776,-0.038394845721631266
choque_20pct_permanente,permanente,0.8,0.19999999999999996,True,42,83,24,9763760.074928725,0.10436713325966544,0.18300831624640823,0.20640219864936443,-0.05256048154514888
choque_20pct_permanente,permanente,0.8,0.19999999999999996,True,42,83,25,9801586.077855539,0.09671369920957588,0.15982741719122084,0.20181964635333657,-0.06054521926328264
choque_20pct_permanente,permanente,0.8,0.19999999999999996,True,43,84,0,7609597.0,0.138,0.03,0.12063832026847152,0.010583740505574736
choque_20pct_permanente,permanente,0.8,0.19999999999999996,True,43,84,1,7652724.38733265,0.14039181650999813,0.030000000000000027,0.11859183719691781,0.007984885903803248
choque_20pct_permanente,permanente,0.8,0.19999999999999996,True,43,84,2,7810811.761430795,0.13522708141572493,0.024182515913943492,0.1203253310066372,0.004817003313949821
choque_20pct_permanente,permanente,0.8,0.19999999999999996,True,43,84,3,8019206.633895097,0.1253927685392432,0.026857880032511217,0.11300784677369528,0.004979565564166392
choque_20pct_permanente,permanente,0.8,0.19999999999999996,True,43,84,4,8368616.786595549,0.11060214541053523,0.02994788564086881,0.10499444770872926,0.006099185562851557
choque_20pct_permanente,permanente,0.8,0.19999999999999996,True,43,84,5,8595953.022979701,0.09491757318728795,0.04788132673640111,0.09714328622819253,0.009099933994200102
choque_20pct_permanente,permanente,0.8,0.19999999999999996,True,43,84,6,8786697.910906736,0.08879436604420876,0.06953567114663373,0.09742262308327417,0.011048597114540563
choque_20pct_permanente,permanente,0.8,0.19999999999999996,True,43,84,7,8808213.730146937,0.09703591360625793,0.09714004791152031,0.10683964678308606,0.014885066403863327
choque_20pct_permanente,permanente,0.8,0.19999999999999996,True,43,84,8,8746268.23004286,0.10955898116246593,0.11253562302769393,0.12835979125049346,0.010541907630701985
choque_20pct_permanente,permanente,0.8,0.19999999999999996,True,43,84,9,8605561.527487759,0.1214119229917189,0.1195005272793701,0.14637992815755066,0.004290288545065705
choque_20pct_permanente,permanente,0.8,0.19999999999999996,True,43,84,10,8426240.261813032,0.13475045607473152,0.11348271059009396,0.16385907171408665,-0.007284721832477934
choque_20pct_permanente,permanente,0.8,0.19999999999999996,True,43,84,11,8228226.348590596,0.1484591366206876,0.10007895326194571,0.17932254477536833,-0.020868037519562406
choque_20pct_permanente,permanente,0.8,0.19999999999999996,True,43,84,12,8126551.078755206,0.1563079072946263,0.08052678455719287,0.18717388605463628,-0.03283498488311646
choque_20pct_permanente,permanente,0.8,0.19999999999999996,True,43,84,13,8235646.513662221,0.15021688958880688,0.06200277299791179,0.18077154509487983,-0.04182071972534332
choque_20pct_permanente,permanente,0.8,0.19999999999999996,True,43,84,14,8579144.22125296,0.13196577123014724,0.045946147531017445,0.16567445028026107,-0.04452299842454546
choque_20pct_permanente,permanente,0.8,0.19999999999999996,True,43,84,15,9144245.018077629,0.10445215694817322,0.03777350523612677,0.14635870056614203,-0.03675822305237693
choque_20pct_permanente,permanente,0.8,0.19999999999999996,True,43,84,16,9355329.350567847,0.08549897565200372,0.04217739532036924,0.13655097938441885,-0.033064408557010885
choque_20pct_permanente,permanente,0.8,0.19999999999999996,True,43,84,17,9598845.951878736,0.07304715218125521,0.06170835834528132,0.131449120808712,-0.03481625478998828
choque_20pct_permanente,permanente,0.8,0.19999999999999996,True,43,84,18,9872383.800696481,0.0684526844942981,0.09283885333604758,0.13091247682645338,-0.028155405358072996
choque_20pct_permanente,permanente,0.8,0.19999999999999996,True,43,84,19,10149100.484271342,0.06683271272364638,0.12807792153931352,0.13664322892446432,-0.024001613779703723
choque_20pct_permanente,permanente,0.8,0.19999999999999996,True,43,84,20,10225658.912170013,0.0679721400152335,0.16213852228923953,0.14710963731804846,-0.01721391807901222
choque_20pct_permanente,permanente,0.8,0.19999999999999996,True,43,84,21,10332962.261486214,0.06978787068295021,0.18817447185901193,0.15713935111057287,-0.016550657948024503
choque_20pct_permanente,permanente,0.8,0.19999999999999996,True,43,84,22,10397604.063066933,0.07186725068792782,0.20830561047912477,0.16514395935138756,-0.015151385714150756
choque_20pct_permanente,permanente,0.8,0.19999999999999996,True,43,84,23,10392105.878011288,0.0764500142701071,0.21652405333543268,0.1762098290004966,-0.022893454935492764
choque_20pct_permanente,permanente,0.8,0.19999999999999996,True,43,84,24,10255862.773168504,0.0843196571332948,0.21644547671907044,0.18963646742557802,-0.030656702334980097
choque_20pct_permanente,permanente,0.8,0.19999999999999996,True,43,84,25,10192728.206874464,0.08956183012656467,0.2053758911460608,0.20013560756793353,-0.04510387424435793
choque_20pct_permanente,permanente,0.8,0.19999999999999996,True,44,85,0,7609597.0,0.138,0.03,0.12063832026847152,0.010583740505574736
choque_20pct_permanente,permanente,0.8,0.19999999999999996,True,44,85,1,7652724.38733265,0.14039181650999813,0.030000000000000027,0.11859183719691781,0.007984885903803248
choque_20pct_permanente,permanente,0.8,0.19999999999999996,True,44,85,2,7807316.642150581,0.13522708141572493,0.02418726956457662,0.12045697700954835,0.00614458450597104
choque_20pct_permanente,permanente,0.8,0.19999999999999996,True,44,85,3,8024777.877599951,0.12522467831065154,0.026840922670184897,0.11319498608561496,0.007415745857610678
choque_20pct_permanente,permanente,0.8,0.19999999999999996,True,44,85,4,8323193.018146642,0.11403624152876227,0.030038288331314833,0.10781530558373625,0.004971503868447743
choque_20pct_permanente,permanente,0.8,0.19999999999999996,True,44,85,5,8546039.710071256,0.10305513850106282,0.0445996600453602,0.10321528500960025,0.008121203669025424
choque_20pct_permanente,permanente,0.8,0.19999999999999996,True,44,85,6,8685565.990324814,0.09718918688190838,0.06207671854343011,0.10470805457742839,0.010647059321562083
choque_20pct_permanente,permanente,0.8,0.19999999999999996,True,44,85,7,8714866.017836222,0.10033329770713831,0.08500311198737664,0.11234605848551568,0.00889921600731269
choque_20pct_permanente,permanente,0.8,0.19999999999999996,True,44,85,8,8625801.901355991,0.1142906711475368,0.1015605364133898,0.1291520093771174,0.006596865101798027
choque_20pct_permanente,permanente,0.8,0.19999999999999996,True,44,85,9,8563974.560486395,0.12391053627235385,0.1074345830394341,0.14535496571594034,0.0010859534749096376
choque_20pct_permanente,permanente,0.8,0.19999999999999996,True,44,85,10,8472695.84656455,0.13189164669509168,0.1034726391571692,0.1581566829276717,-0.009566883513598454
choque_20pct_permanente,permanente,0.8,0.19999999999999996,True,44,85,11,8364111.524646519,0.1397610529886436,0.09186904231413706,0.1704448943783403,-0.02196260269784459
choque_20pct_permanente,permanente,0.8,0.19999999999999996,True,44,85,12,8356610.064082169,0.14308826896483273,0.07590560169265848,0.17604334487852757,-0.030173229143094952
choque_20pct_permanente,permanente,0.8,0.19999999999999996,True,44,85,13,8429222.801974062,0.13653985910298427,0.060925072352450815,0.17305967022480254,-0.03789602970852226
choque_20pct_permanente,permanente,0.8,0.19999999999999996,True,44,85,14,8721680.029302664,0.12042698672453665,0.05047844572595661,0.16002889107699106,-0.038966912829156
choque_20pct_permanente,permanente,0.8,0.19999999999999996,True,44,85,15,9236776.953552168,0.09364818554201301,0.04752034019350404,0.1423065138482752,-0.03494931436829032
choque_20pct_permanente,permanente,0.8,0.19999999999999996,True,44,85,16,9537961.166311253,0.0756421647143715,0.06137401434228895,0.12931151878536684,-0.030749534262223523
choque_20pct_permanente,permanente,0.8,0.19999999999999996,True,44,85,17,9829265.372098682,0.060513227046175094,0.08909485374772008,0.12310614337326581,-0.023131859834516127
choque_20pct_permanente,permanente,0.8,0.19999999999999996,True,44,85,18,10083948.064153992,0.05776194370842665,0.1342937146084049,0.12101288595698273,-0.015322840025529185
choque_20pct_permanente,permanente,0.8,0.19999999999999996,True,44,85,19,10236586.129449433,0.06469333970034583,0.17892707763457594,0.1354951623590139,-0.009723733733192944
choque_20pct_permanente,permanente,0.8,0.19999999999999996,True,44,85,20,10213023.009584049,0.07754386298364391,0.21155547663441943,0.15748798351743562,-0.006605164591553568
choque_20pct_permanente,permanente,0.8,0.19999999999999996,True,44,85,21,10060276.104947545,0.09225895760983736,0.220189312371053,0.18021741959994758,-0.016639965243223635
choque_20pct_permanente,permanente,0.8,0.19999999999999996,True,44,85,22,9855017.239480406,0.09908178481247172,0.2104522647326712,0.19543173981915157,-0.029623710162952482
choque_20pct_permanente,permanente,0.8,0.19999999999999996,True,44,85,23,9681923.768792145,0.10600152930374995,0.19175414633261711,0.20238519337195934,-0.04541991175612147
choque_20pct_permanente,permanente,0.8,0.19999999999999996,True,44,85,24,9631045.225192068,0.10827307086424517,0.1666997495088267,0.20581296650957054,-0.05481249022882902
choque_20pct_permanente,permanente,0.8,0.19999999999999996,True,44,85,25,9771398.547849514,0.09448349492109745,0.14405640206217063,0.1984137751345348,-0.06539776377082535
choque_20pct_permanente,permanente,0.8,0.19999999999999996,True,45,86,0,7609597.0,0.138,0.03,0.12063832026847152,0.010583740505574736
choque_20pct_permanente,permanente,0.8,0.19999999999999996,True,45,86,1,7652724.38733265,0.14039181650999813,0.030000000000000027,0.11859183719691781,0.007984885903803248
choque_20pct_permanente,permanente,0.8,0.19999999999999996,True,45,86,2,7804821.945893089,0.13522708141572493,0.024181660520726123,0.1204409798147925,0.004452771995248942
choque_20pct_permanente,permanente,0.8,0.19999999999999996,True,45,86,3,8054069.1350224465,0.12563695437298492,0.026768397176334613,0.11233442999303887,0.004438612209676164
choque_20pct_permanente,permanente,0.8,0.19999999999999996,True,45,86,4,8369146.936572825,0.11160588803108798,0.029904714004077126,0.1059762311345866,0.004618977743506862
choque_20pct_permanente,permanente,0.8,0.19999999999999996,True,45,86,5,8584465.089296352,0.09715955642919176,0.04665139444582356,0.09925750987228722,0.009980874937722201
choque_20pct_permanente,permanente,0.8,0.19999999999999996,True,45,86,6,8708346.249459531,0.09348158501948879,0.0672006955452984,0.1002334725778492,0.009697399446825704
choque_20pct_permanente,permanente,0.8,0.19999999999999996,True,45,86,7,8805446.612693148,0.09453637162439925,0.09134280888646429,0.10817760945657101,0.010311941616165698
choque_20pct_permanente,permanente,0.8,0.19999999999999996,True,45,86,8,8769885.586772643,0.10387226811301463,0.1106302506154333,0.12275568238276112,0.011355436318837708
choque_20pct_permanente,permanente,0.8,0.19999999999999996,True,45,86,9,8649239.896370009,0.11611283782614377,0.1199351442738692,0.1419806045317758,0.005457332217629054
choque_20pct_permanente,permanente,0.8,0.19999999999999996,True,45,86,10,8472225.766672255,0.13053731098050167,0.1177714644669281,0.1609364035171749,-0.004955865276953819
choque_20pct_permanente,permanente,0.8,0.19999999999999996,True,45,86,11,8302857.3024727665,0.14347457686496737,0.10627424669739294,0.17512053407935094,-0.01635954460896735
choque_20pct_permanente,permanente,0.8,0.19999999999999996,True,45,86,12,8216070.1696738135,0.14596885863243417,0.08927967796573655,0.18068016822725388,-0.029709209482673218
choque_20pct_permanente,permanente,0.8,0.19999999999999996,True,45,86,13,8346008.840212567,0.13917706724129184,0.07205371001048633,0.17433535665001473,-0.03588982574834829
choque_20pct_permanente,permanente,0.8,0.19999999999999996,True,45,86,14,8620631.222244285,0.12321935203424285,0.05725054868523105,0.16302087265771548,-0.03663335931744706
choque_20pct_permanente,permanente,0.8,0.19999999999999996,True,45,86,15,9027785.37955929,0.1008516191814186,0.04987400904384143,0.1478035806164642,-0.03489073763178055
choque_20pct_permanente,permanente,0.8,0.19999999999999996,True,45,86,16,9392696.752023477,0.07920176141158401,0.05543316804260301,0.134480375244098,-0.03197395893625649
choque_20pct_permanente,permanente,0.8,0.19999999999999996,True,45,86,17,9729448.431264734,0.06378297708083563,0.0768262520879952,0.12608314178583582,-0.030277128061656885
choque_20pct_permanente,permanente,0.8,0.19999999999999996,True,45,86,18,10013464.91879962,0.059309378633808155,0.11283224339414244,0.12399213996456904,-0.0194857798860979
choque_20pct_permanente,permanente,0.8,0.19999999999999996,True,45,86,19,10186429.603331286,0.05891447386592577,0.15643616418655548,0.13288309274248725,-0.013128311637098208
choque_20pct_permanente,permanente,0.8,0.19999999999999996,True,45,86,20,10339197.348596923,0.06737226012794753,0.1964063641945062,0.14575717395226934,-0.009664684321695625
choque_20pct_permanente,permanente,0.8,0.19999999999999996,True,45,86,21,10313927.724938303,0.07658399809526788,0.2182931224155884,0.16671459257888185,-0.010171025158073952
choque_20pct_permanente,permanente,0.8,0.19999999999999996,True,45,86,22,10224517.006168911,0.08115044031502824,0.2238574509707758,0.17997888642599275,-0.0172506921715704
choque_20pct_permanente,permanente,0.8,0.19999999999999996,True,45,86,23,10069464.745115465,0.08757549076627522,0.21900874606733822,0.18957011091308737,-0.028485412191605556
choque_20pct_permanente,permanente,0.8,0.19999999999999996,True,45,86,24,9965276.476365339,0.0941760696831689,0.20455265352718865,0.19978643989722122,-0.044198995426817975
choque_20pct_permanente,permanente,0.8,0.19999999999999996,True,45,86,25,9910271.925101187,0.09562368423384975,0.18494066206285797,0.20241348954296717,-0.051077698721055206
choque_20pct_permanente,permanente,0.8,0.19999999999999996,True,46,87,0,7609597.0,0.138,0.03,0.12063832026847152,0.010583740505574736
choque_20pct_permanente,permanente,0.8,0.19999999999999996,True,46,87,1,7652724.38733265,0.14039181650999813,0.030000000000000027,0.11859183719691781,0.007984885903803248
choque_20pct_permanente,permanente,0.8,0.19999999999999996,True,46,87,2,7799057.932954765,0.13522708141572493,0.02417880353602997,0.12044503908376385,0.003936019571987566
choque_20pct_permanente,permanente,0.8,0.19999999999999996,True,46,87,3,8061381.212170868,0.12405664699595019,0.026876224925362457,0.11158195730001623,0.009199841516495342
choque_20pct_permanente,permanente,0.8,0.19999999999999996,True,46,87,4,8340000.641661577,0.109250903028756,0.030534198898975573,0.10527597395173473,0.00863498322432612
choque_20pct_permanente,permanente,0.8,0.19999999999999996,True,46,87,5,8541189.462806199,0.09992488377302358,0.047910628279824286,0.1004193400958016,0.013228804870518609
choque_20pct_permanente,permanente,0.8,0.19999999999999996,True,46,87,6,8686925.650126586,0.09493687389208683,0.0669666027742799,0.104071613290393,0.012490003873582161
choque_20pct_permanente,permanente,0.8,0.19999999999999996,True,46,87,7,8685218.289433483,0.10202243040122574,0.09134096928061397,0.11338450915703882,0.011294119257235913
choque_20pct_permanente,permanente,0.8,0.19999999999999996,True,46,87,8,8585068.64099352,0.11750889455120507,0.10498441321949126,0.13371293487468786,0.003411375339711733
choque_20pct_permanente,permanente,0.8,0.19999999999999996,True,46,87,9,8506760.646250624,0.12875599205095326,0.10863377457689327,0.14920659883908663,0.0006595716093512601
choque_20pct_permanente,permanente,0.8,0.19999999999999996,True,46,87,10,8444444.668177558,0.128302759230247,0.10124195500804078,0.15828979589930714,-0.007415295082605594
choque_20pct_permanente,permanente,0.8,0.19999999999999996,True,46,87,11,8433858.161054404,0.12982203842714907,0.09223104752994504,0.1613357712156932,-0.016316758181983318
choque_20pct_permanente,permanente,0.8,0.19999999999999996,True,46,87,12,8412525.637907052,0.13281872849480422,0.08047885485540207,0.16659580643055413,-0.026341987952366832
choque_20pct_permanente,permanente,0.8,0.19999999999999996,True,46,87,13,8542418.680750182,0.12570923076202367,0.06926028056302114,0.16458670117629187,-0.030853197881084052
choque_20pct_permanente,permanente,0.8,0.19999999999999996,True,46,87,14,8798396.077720957,0.1130043761826625,0.06092570954924348,0.15647913694838947,-0.03650866375995396
choque_20pct_permanente,permanente,0.8,0.19999999999999996,True,46,87,15,9113459.238303024,0.0968924479717309,0.06098243290229122,0.14416018819762705,-0.031427724603354926
choque_20pct_permanente,permanente,0.8,0.19999999999999996,True,46,87,16,9565764.047082251,0.07317927383796621,0.0703304112594445,0.1318781671507118,-0.02994862226196309
choque_20pct_permanente,permanente,0.8,0.19999999999999996,True,46,87,17,9788427.973616904,0.06434562600761495,0.09876983433710484,0.12353313278182416,-0.020506877101572066
choque_20pct_permanente,permanente,0.8,0.19999999999999996,True,46,87,18,9998249.005262429,0.06313393561433697,0.13289136895173703,0.12997455097750227,-0.01615323689765291
choque_20pct_permanente,permanente,0.8,0.19999999999999996,True,46,87,19,10145666.911273258,0.0660944819656997,0.17141962090874374,0.13984229153647226,-0.01234405615452424
choque_20pct_permanente,permanente,0.8,0.19999999999999996,True,46,87,20,10162483.095531553,0.07424440462481581,0.19759282148484858,0.15596141001287248,-0.015157727296089964
choque_20pct_permanente,permanente,0.8,0.19999999999999996,True,46,87,21,10161709.022567164,0.0795791385810057,0.21092737341804058,0.16983209082081624,-0.014825436118794522
choque_20pct_permanente,permanente,0.8,0.19999999999999996,True,46,87,22,10038404.767657762,0.08827053646755664,0.21197997514349676,0.18174536426193172,-0.025115810661961314
choque_20pct_permanente,permanente,0.8,0.19999999999999996,True,46,87,23,9848393.828113237,0.09565236088812126,0.20192925054439126,0.19566534767026073,-0.039507330384910236
choque_20pct_permanente,permanente,0.8,0.19999999999999996,True,46,87,24,9808107.286017649,0.09791637629841923,0.18456709222214673,0.20002037786418872,-0.05145292788665366
choque_20pct_permanente,permanente,0.8,0.19999999999999996,True,46,87,25,9872531.028662387,0.09165372561873303,0.16582560234609667,0.19706571559890668,-0.0612042158686553
choque_20pct_permanente,permanente,0.8,0.19999999999999996,True,47,88,0,7609597.0,0.138,0.03,0.12063832026847152,0.010583740505574736
choque_20pct_permanente,permanente,0.8,0.19999999999999996,True,47,88,1,7652724.38733265,0.14039181650999813,0.030000000000000027,0.11859183719691781,0.007984885903803248
choque_20pct_permanente,permanente,0.8,0.19999999999999996,True,47,88,2,7808631.364526237,0.13523419500888026,0.02417618686562495,0.12038232720780183,0.002896805755014863
choque_20pct_permanente,permanente,0.8,0.19999999999999996,True,47,88,3,8052859.520215026,0.1263795441160846,0.026869213399270064,0.11216218388148072,0.0031332543447060643
choque_20pct_permanente,permanente,0.8,0.19999999999999996,True,47,88,4,8400373.818193762,0.10703699749929799,0.02958760648219072,0.10359226048046012,0.009143811631612814
choque_20pct_permanente,permanente,0.8,0.19999999999999996,True,47,88,5,8653004.067828737,0.09300581273832388,0.049766998922463834,0.09467316618755289,0.01167852875149037
choque_20pct_permanente,permanente,0.8,0.19999999999999996,True,47,88,6,8666855.492900085,0.09431233853996798,0.07187231561893759,0.1011665668085256,0.01225658154925343
choque_20pct_permanente,permanente,0.8,0.19999999999999996,True,47,88,7,8734363.717642348,0.09987948557538415,0.0958675548621648,0.11313937650595048,0.014772724496609206
choque_20pct_permanente,permanente,0.8,0.19999999999999996,True,47,88,8,8666927.261708299,0.11137487741303834,0.11070838168934949,0.1310751991518203,0.008168497090654947
choque_20pct_permanente,permanente,0.8,0.19999999999999996,True,47,88,9,8459337.835235301,0.12914454139464135,0.11586453234313288,0.15230799030361097,0.001365609930389109
choque_20pct_permanente,permanente,0.8,0.19999999999999996,True,47,88,10,8297303.227790872,0.14357640267632207,0.10710529948924341,0.1700383126657723,-0.010280615146685991
choque_20pct_permanente,permanente,0.8,0.19999999999999996,True,47,88,11,8180899.907075488,0.1492721041865175,0.09136936672239648,0.1796402372388425,-0.02510953855800112
choque_20pct_permanente,permanente,0.8,0.19999999999999996,True,47,88,12,8152212.631140834,0.14977694284379017,0.07173703754652294,0.18197683536370005,-0.03496563229502938
choque_20pct_permanente,permanente,0.8,0.19999999999999996,True,47,88,13,8414895.37208376,0.1354189965281464,0.05335012355274649,0.17077044860204593,-0.03862184692102325
choque_20pct_permanente,permanente,0.8,0.19999999999999996,True,47,88,14,8849774.563423578,0.11294639274981906,0.04268401547120515,0.15217612446788206,-0.03686837494733937
choque_20pct_permanente,permanente,0.8,0.19999999999999996,True,47,88,15,9282392.721727261,0.0857928173395399,0.044956629568990936,0.13455792776328043,-0.0289031437628397
choque_20pct_permanente,permanente,0.8,0.19999999999999996,True,47,88,16,9588531.320917048,0.06719199333632564,0.06363399588548568,0.12362810934575119,-0.02362281782691059
choque_20pct_permanente,permanente,0.8,0.19999999999999996,True,47,88,17,9814128.662955757,0.06289816401817896,0.0985394197435685,0.12210144654906536,-0.02084463902115763
choque_20pct_permanente,permanente,0.8,0.19999999999999996,True,47,88,18,10062527.778855966,0.06579559512019285,0.13923809887552574,0.13201343624955397,-0.01666285010235999
choque_20pct_permanente,permanente,0.8,0.19999999999999996,True,47,88,19,10145056.747094627,0.07118978632935026,0.17354779381628416,0.14661259700763257,-0.010976876331374558
choque_20pct_permanente,permanente,0.8,0.19999999999999996,True,47,88,20,10131072.844191438,0.07784736221671537,0.19618115248572932,0.16243903553031752,-0.010827365539650807
choque_20pct_permanente,permanente,0.8,0.19999999999999996,True,47,88,21,10065541.379638132,0.08734530976248969,0.2031729525088788,0.17817297810424623,-0.019674573342071074
choque_20pct_permanente,permanente,0.8,0.19999999999999996,True,47,88,22,9891766.434024349,0.09876829968662493,0.1979215632103053,0.19357412051863274,-0.030551101075137768
choque_20pct_permanente,permanente,0.8,0.19999999999999996,True,47,88,23,9728373.117888775,0.10378989358127265,0.18145551339161003,0.2048570358576186,-0.04567512618907166
choque_20pct_permanente,permanente,0.8,0.19999999999999996,True,47,88,24,9745172.642408181,0.10095259703287407,0.16282883888736888,0.20223760936204818,-0.056605056030767355
choque_20pct_permanente,permanente,0.8,0.19999999999999996,True,47,88,25,9983731.683794755,0.08460757980592125,0.1455338218812121,0.19080177936906625,-0.06272384362659635
choque_20pct_permanente,permanente,0.8,0.19999999999999996,True,48,89,0,7609597.0,0.138,0.03,0.12063832026847152,0.010583740505574736
choque_20pct_permanente,permanente,0.8,0.19999999999999996,True,48,89,1,7652724.38733265,0.14039181650999813,0.030000000000000027,0.11859183719691781,0.007984885903803248
choque_20pct_permanente,permanente,0.8,0.19999999999999996,True,48,89,2,7788745.534371189,0.13522725419176146,0.024165029508418367,0.12051410624778447,0.0004695602660518319
choque_20pct_permanente,permanente,0.8,0.19999999999999996,True,48,89,3,8119351.715349137,0.1231283471989342,0.0269347042854573,0.10961603161549026,0.006568009040158408
choque_20pct_permanente,permanente,0.8,0.19999999999999996,True,48,89,4,8407795.74756418,0.10437202362240687,0.030987716684738098,0.10167342605621753,0.009470362556327314
choque_20pct_permanente,permanente,0.8,0.19999999999999996,True,48,89,5,8641989.24238394,0.09333123587218045,0.0524085237658658,0.0947093043547962,0.011423862822870659
choque_20pct_permanente,permanente,0.8,0.19999999999999996,True,48,89,6,8714625.289818149,0.0931924775080244,0.07451824190266065,0.10055598069726156,0.012887694718688197
choque_20pct_permanente,permanente,0.8,0.19999999999999996,True,48,89,7,8733950.554613382,0.09909150288792958,0.0994046621839535,0.11261823308116488,0.009735037896926323
choque_20pct_permanente,permanente,0.8,0.19999999999999996,True,48,89,8,8676067.691182911,0.11238435444179848,0.11406246571546408,0.12977066423526745,0.006292843115236735
choque_20pct_permanente,permanente,0.8,0.19999999999999996,True,48,89,9,8545399.931455187,0.12259250215943053,0.11779770452985083,0.14762554465745334,0.001370060976792664
choque_20pct_permanente,permanente,0.8,0.19999999999999996,True,48,89,10,8448361.998934997,0.1305069773982941,0.11056363984191764,0.16095246252163856,-0.008408650775835018
choque_20pct_permanente,permanente,0.8,0.19999999999999996,True,48,89,11,8275914.572124417,0.14397523836865792,0.09708612900275804,0.1749546473429715,-0.020680011929387614
choque_20pct_permanente,permanente,0.8,0.19999999999999996,True,48,89,12,8259299.766570955,0.14782965708313925,0.07654540729903503,0.18284133464535404,-0.031467344183313976
choque_20pct_permanente,permanente,0.8,0.19999999999999996,True,48,89,13,8366144.55860144,0.1387379613018889,0.057946733559961494,0.17725393131084774,-0.03709067363927769
choque_20pct_permanente,permanente,0.8,0.19999999999999996,True,48,89,14,8657787.105767686,0.12220811170653256,0.046314223382464714,0.16164925694242493,-0.03978019091752279
choque_20pct_permanente,permanente,0.8,0.19999999999999996,True,48,89,15,9211151.45048865,0.0986563148322022,0.04428964339937269,0.1431354937798087,-0.037182134868935166
choque_20pct_permanente,permanente,0.8,0.19999999999999996,True,48,89,16,9475141.473647594,0.07466608134202776,0.05694227066869595,0.12970895962607648,-0.02972117952323755
choque_20pct_permanente,permanente,0.8,0.19999999999999996,True,48,89,17,9848890.556318222,0.06421536890745871,0.08667759226326166,0.12176510198264202,-0.02684114941770254
choque_20pct_permanente,permanente,0.8,0.19999999999999996,True,48,89,18,9988614.3567075,0.06523564428934443,0.12430325282943921,0.12869814057976292,-0.017829899074287777
choque_20pct_permanente,permanente,0.8,0.19999999999999996,True,48,89,19,10092528.485670798,0.07076498990809536,0.16043139239720583,0.14329930445868416,-0.008946628659679835
choque_20pct_permanente,permanente,0.8,0.19999999999999996,True,48,89,20,10101151.710478935,0.07721282972107239,0.18709744163636177,0.15866221104978304,-0.011575641627396717
choque_20pct_permanente,permanente,0.8,0.19999999999999996,True,48,89,21,10057075.848517045,0.08672109627722714,0.20064198568014846,0.17308541737395253,-0.01855469988904855
choque_20pct_permanente,permanente,0.8,0.19999999999999996,True,48,89,22,9897436.62035794,0.09687446968091924,0.19649965253075652,0.1905103765542825,-0.029524811129225538
choque_20pct_permanente,permanente,0.8,0.19999999999999996,True,48,89,23,9791743.277313793,0.1008400549150753,0.1825989897933269,0.19886808841252418,-0.04349125368644392
choque_20pct_permanente,permanente,0.8,0.19999999999999996,True,48,89,24,9859725.24629885,0.09391546241809884,0.1644595718245756,0.19606245473921996,-0.052607880809451266
choque_20pct_permanente,permanente,0.8,0.19999999999999996,True,48,89,25,10029489.367590116,0.08261813271331889,0.15172082906055673,0.18698250528020507,-0.0565978685790078
choque_20pct_permanente,permanente,0.8,0.19999999999999996,True,49,90,0,7609597.0,0.138,0.03,0.12063832026847152,0.010583740505574736
choque_20pct_permanente,permanente,0.8,0.19999999999999996,True,49,90,1,7652724.38733265,0.14039181650999813,0.030000000000000027,0.11859183719691781,0.007984885903803248
choque_20pct_permanente,permanente,0.8,0.19999999999999996,True,49,90,2,7804470.642565256,0.1352287573883706,0.024185215647746894,0.12049000488927616,0.005359312760191275
choque_20pct_permanente,permanente,0.8,0.19999999999999996,True,49,90,3,8027849.345759442,0.1255655841411258,0.02684832952137417,0.1125648952498083,0.005585819163961917
choque_20pct_permanente,permanente,0.8,0.19999999999999996,True,49,90,4,8330622.934927858,0.11098565448723459,0.029926568407220522,0.10519451870298377,0.006937813528235144
choque_20pct_permanente,permanente,0.8,0.19999999999999996,True,49,90,5,8631608.13427483,0.09463183893519637,0.04752180879843659,0.09610015766511161,0.011622776181973457
choque_20pct_permanente,permanente,0.8,0.19999999999999996,True,49,90,6,8831900.529646892,0.08633712383698151,0.06930243545820591,0.09595039772705215,0.017639519150527257
choque_20pct_permanente,permanente,0.8,0.19999999999999996,True,49,90,7,8788540.73342898,0.09609902331605001,0.0986377350302019,0.10672642454161008,0.017707211186807587
choque_20pct_permanente,permanente,0.8,0.19999999999999996,True,49,90,8,8667411.611905962,0.11522091184112705,0.11516137160925033,0.13309240133071448,0.008789825116859908
choque_20pct_permanente,permanente,0.8,0.19999999999999996,True,49,90,9,8452033.146244325,0.13493116573225625,0.11874693750008536,0.1573304087369306,0.0024212130845107354
choque_20pct_permanente,permanente,0.8,0.19999999999999996,True,49,90,10,8232271.200572359,0.15003217268774782,0.10713122830794064,0.17663357839379226,-0.014176216233007174
choque_20pct_permanente,permanente,0.8,0.19999999999999996,True,49,90,11,8093429.313679831,0.15870258523760225,0.08835713647850185,0.18552192945765664,-0.026652134413533392
choque_20pct_permanente,permanente,0.8,0.19999999999999996,True,49,90,12,8182931.376498166,0.15180296378972957,0.06529522761514084,0.18192369987763954,-0.03725225956834903
choque_20pct_permanente,permanente,0.8,0.19999999999999996,True,49,90,13,8494368.220184743,0.13193297346159552,0.04740922335390252,0.16554587514921018,-0.04033602750563252
choque_20pct_permanente,permanente,0.8,0.19999999999999996,True,49,90,14,8955556.658670614,0.11128691175311135,0.03859385474365262,0.14993949240295248,-0.03846670968734895
choque_20pct_permanente,permanente,0.8,0.19999999999999996,True,49,90,15,9170753.449026907,0.0908810619906714,0.04157360364733398,0.13923035133771,-0.03517086093492437
choque_20pct_permanente,permanente,0.8,0.19999999999999996,True,49,90,16,9540388.603715094,0.07975887804291563,0.05846581622694158,0.13083920772761803,-0.03195832447514289
choque_20pct_permanente,permanente,0.8,0.19999999999999996,True,49,90,17,9688186.27280713,0.07049712055846462,0.08548064346697326,0.13133169701465372,-0.0265421677411361
choque_20pct_permanente,permanente,0.8,0.19999999999999996,True,49,90,18,9884143.608603692,0.07274819866732903,0.12098622200664622,0.13349737884747143,-0.020328360520131376
choque_20pct_permanente,permanente,0.8,0.19999999999999996,True,49,90,19,10052532.932186993,0.07109253397703352,0.15055087807542455,0.14490235147854708,-0.016825800046137703
choque_20pct_permanente,permanente,0.8,0.19999999999999996,True,49,90,20,10216587.662351534,0.0681401701244841,0.17784672316735217,0.14894316830331766,-0.011363693780401873
choque_20pct_permanente,permanente,0.8,0.19999999999999996,True,49,90,21,10173309.04787339,0.07559883857605908,0.19820872451786875,0.16131317396125922,-0.013111096581612188
choque_20pct_permanente,permanente,0.8,0.19999999999999996,True,49,90,22,10063181.440568019,0.08955969456986725,0.2060185195144726,0.18215215928452483,-0.02312616684281506
choque_20pct_permanente,permanente,0.8,0.19999999999999996,True,49,90,23,9902623.189747265,0.10156564961760886,0.19784389056595142,0.19970033688044161,-0.038870054942526176
choque_20pct_permanente,permanente,0.8,0.19999999999999996,True,49,90,24,9792271.361966295,0.10236278838393306,0.17937496890284943,0.20539135887057997,-0.05255826233979582
choque_20pct_permanente,permanente,0.8,0.19999999999999996,True,49,90,25,9961836.73235214,0.0894940540084715,0.16029179808455618,0.1949600164558439,-0.057373872096736854
choque_20pct_permanente,permanente,0.8,0.19999999999999996,True,50,91,0,7609597.0,0.138,0.03,0.12063832026847152,0.010583740505574736
choque_20pct_permanente,permanente,0.8,0.19999999999999996,True,50,91,1,7652724.38733265,0.14039181650999813,0.030000000000000027,0.11859183719691781,0.007984885903803248
choque_20pct_permanente,permanente,0.8,0.19999999999999996,True,50,91,2,7795691.212022595,0.13522711004353757,0.024180982837973097,0.12052617538019682,0.0038143913401356283
choque_20pct_permanente,permanente,0.8,0.19999999999999996,True,50,91,3,8058841.097905883,0.12372736081596956,0.02684336094838935,0.1116055226809948,0.0057099445711527455
choque_20pct_permanente,permanente,0.8,0.19999999999999996,True,50,91,4,8367516.433513962,0.10797109944096267,0.03072100257889021,0.10361561244515391,0.00820469788828905
choque_20pct_permanente,permanente,0.8,0.19999999999999996,True,50,91,5,8631925.714854784,0.09701278207906443,0.04968957028171528,0.09687001751821052,0.011160582182311427
choque_20pct_permanente,permanente,0.8,0.19999999999999996,True,50,91,6,8730230.271586442,0.09217098834966132,0.06994783490496781,0.10064705640998288,0.01146518646854126
choque_20pct_permanente,permanente,0.8,0.19999999999999996,True,50,91,7,8761299.71200005,0.0989328323045766,0.09559041536667467,0.10984394482596681,0.014426229615401524
choque_20pct_permanente,permanente,0.8,0.19999999999999996,True,50,91,8,8673191.958737643,0.11256232495879269,0.11055696061076148,0.13057062230154956,0.007862883290476979
choque_20pct_permanente,permanente,0.8,0.19999999999999996,True,50,91,9,8511697.327547079,0.12729968444920284,0.11609782931678247,0.14991285951184494,0.0007995236380910953
choque_20pct_permanente,permanente,0.8,0.19999999999999996,True,50,91,10,8322060.789243381,0.14095252003643086,0.10788631149959937,0.1678073537457454,-0.011461428978812136
choque_20pct_permanente,permanente,0.8,0.19999999999999996,True,50,91,11,8212501.337780025,0.14809112669382596,0.0922315855339726,0.17818355345577655,-0.022023502772573297
choque_20pct_permanente,permanente,0.8,0.19999999999999996,True,50,91,12,8215673.456097574,0.14756415068162035,0.07263672608451421,0.1802678037445775,-0.03225089672192967
choque_20pct_permanente,permanente,0.8,0.19999999999999996,True,50,91,13,8364223.284292687,0.13931074777301203,0.05607227496570233,0.1723066612554887,-0.03669704300872812
choque_20pct_permanente,permanente,0.8,0.19999999999999996,True,50,91,14,8721667.106847832,0.11912689451807622,0.04495564551299025,0.156735171684603,-0.03570501762056735
choque_20pct_permanente,permanente,0.8,0.19999999999999996,True,50,91,15,9146852.47853295,0.09482745151033582,0.04503473745582465,0.1394188551762473,-0.03188877821438585
choque_20pct_permanente,permanente,0.8,0.19999999999999996,True,50,91,16,9528753.847769352,0.07551449335746901,0.05626148023015909,0.12894122643780506,-0.028432699422748176
choque_20pct_permanente,permanente,0.8,0.19999999999999996,True,50,91,17,9783939.724637834,0.06322721096173196,0.08322529568640746,0.12396584791464636,-0.023259648522565204
choque_20pct_permanente,permanente,0.8,0.19999999999999996,True,50,91,18,9992113.820657065,0.06282932088115115,0.12299259878463897,0.12727491790639467,-0.014749274081456296
choque_20pct_permanente,permanente,0.8,0.19999999999999996,True,50,91,19,10077297.523469042,0.07141884313096866,0.16080698104507274,0.14397593639368536,-0.014390467725705134
choque_20pct_permanente,permanente,0.8,0.19999999999999996,True,50,91,20,10150550.337503314,0.07938592386227684,0.18547024333328554,0.16193053629663473,-0.01568095501359153
choque_20pct_permanente,permanente,0.8,0.19999999999999996,True,50,91,21,10133307.65493456,0.08219395777672507,0.19677800248000854,0.1724645515066307,-0.022483336962036908
choque_20pct_permanente,permanente,0.8,0.19999999999999996,True,50,91,22,10091590.26177071,0.08423329974677145,0.199726973098183,0.17741291975870602,-0.027199829926734215
choque_20pct_permanente,permanente,0.8,0.19999999999999996,True,50,91,23,10151764.013186108,0.08123227501689594,0.19506092148802434,0.18074774104544816,-0.03415301214112871
choque_20pct_permanente,permanente,0.8,0.19999999999999996,True,50,91,24,10129925.691147074,0.08015810363341229,0.19029124145151988,0.18309928719393964,-0.03987221876091191
choque_20pct_permanente,permanente,0.8,0.19999999999999996,True,50,91,25,10210969.677735655,0.0760969105929113,0.18393003684357923,0.18554085361218825,-0.048596973857560295
choque_20pct_permanente,permanente,0.8,0.19999999999999996,True,51,92,0,7609597.0,0.138,0.03,0.12063832026847152,0.010583740505574736
choque_20pct_permanente,permanente,0.8,0.19999999999999996,True,51,92,1,7652724.38733265,0.14039181650999813,0.030000000000000027,0.11859183719691781,0.007984885903803248
choque_20pct_permanente,permanente,0.8,0.19999999999999996,True,51,92,2,7794191.79170623,0.13522784822539224,0.024173084590923155,0.1204959378202569,0.002523905556719615
choque_20pct_permanente,permanente,0.8,0.19999999999999996,True,51,92,3,8078991.28352015,0.12335315284928645,0.02689749666689578,0.11087315923138238,0.006435599892468154
choque_20pct_permanente,permanente,0.8,0.19999999999999996,True,51,92,4,8404384.1083067,0.10751922643493791,0.030918696725338535,0.10305269419279105,0.007446209892611805
choque_20pct_permanente,permanente,0.8,0.19999999999999996,True,51,92,5,8585799.302313108,0.09650116031981683,0.04888905223071238,0.09822170601543456,0.011330755458247728
choque_20pct_permanente,permanente,0.8,0.19999999999999996,True,51,92,6,8795969.598261734,0.08990984338329275,0.06938158566458297,0.10037769758608221,0.008078184720168528
choque_20pct_permanente,permanente,0.8,0.19999999999999996,True,51,92,7,8807734.998829586,0.09555120606570394,0.09725970952073304,0.10773854832184133,0.014571364088401529
choque_20pct_permanente,permanente,0.8,0.19999999999999996,True,51,92,8,8742373.87601363,0.10733717161972525,0.11394532293476978,0.12727156245211568,0.012059845539722275
choque_20pct_permanente,permanente,0.8,0.19999999999999996,True,51,92,9,8598878.406202272,0.12158607809092582,0.1227197810996632,0.14588543891986014,0.0049749952514253895
choque_20pct_permanente,permanente,0.8,0.19999999999999996,True,51,92,10,8376069.116597118,0.13771003206422003,0.11669375612565625,0.16614939599292733,-0.00890151465550957
choque_20pct_permanente,permanente,0.8,0.19999999999999996,True,51,92,11,8203525.645632788,0.1495655012937697,0.1024203147395808,0.17929066699091495,-0.019965140062603644
choque_20pct_permanente,permanente,0.8,0.19999999999999996,True,51,92,12,8178958.863524602,0.14896918579977328,0.08205394943774191,0.1827260795071195,-0.032635610189826955
choque_20pct_permanente,permanente,0.8,0.19999999999999996,True,51,92,13,8271730.027439729,0.14248226984432583,0.06360374714094097,0.17674512618283048,-0.037186289597222526
choque_20pct_permanente,permanente,0.8,0.19999999999999996,True,51,92,14,8550334.586155409,0.12591533486603512,0.04847966671379078,0.16474392855064318,-0.043472733143000236
choque_20pct_permanente,permanente,0.8,0.19999999999999996,True,51,92,15,9136983.03389131,0.10042312941615651,0.043894440872344065,0.1446840274930689,-0.03809079305801382
choque_20pct_permanente,permanente,0.8,0.19999999999999996,True,51,92,16,9399748.589103496,0.08095250242032025,0.052636941220314926,0.134159404967751,-0.03790966125042954
choque_20pct_permanente,permanente,0.8,0.19999999999999996,True,51,92,17,9622113.185553297,0.07221624767370131,0.07268959905394734,0.13147651257260948,-0.03234666919230064
choque_20pct_permanente,permanente,0.8,0.19999999999999996,True,51,92,18,9824573.128421629,0.06817041133155628,0.10356169570190166,0.13349189653760143,-0.02671602282717141
choque_20pct_permanente,permanente,0.8,0.19999999999999996,True,51,92,19,10076299.203647854,0.06686025055466899,0.13758335666030175,0.13854015744353484,-0.020272392660677926
choque_20pct_permanente,permanente,0.8,0.19999999999999996,True,51,92,20,10189304.90001952,0.06730688763145805,0.1701738068195533,0.14677179104823443,-0.014526438670165738
choque_20pct_permanente,permanente,0.8,0.19999999999999996,True,51,92,21,10255023.36815055,0.07075314089578218,0.1949593583004927,0.15784291443751844,-0.017996712808351547
choque_20pct_permanente,permanente,0.8,0.19999999999999996,True,51,92,22,10326708.792246921,0.07162727586963337,0.20847249171223292,0.16791869935197443,-0.01991185342686217
choque_20pct_permanente,permanente,0.8,0.19999999999999996,True,51,92,23,10370692.743776446,0.07206297568046822,0.21337286702403957,0.17441489184006526,-0.02448620601104329
choque_20pct_permanente,permanente,0.8,0.19999999999999996,True,51,92,24,10392974.863830676,0.07440706071665494,0.21494068413397405,0.18069052722221632,-0.03184183202437196
choque_20pct_permanente,permanente,0.8,0.19999999999999996,True,51,92,25,10318531.208747543,0.08022845218802534,0.21110634235928782,0.19053745316611648,-0.03913773068986305
choque_20pct_permanente,permanente,0.8,0.19999999999999996,True,52,93,0,7609597.0,0.138,0.03,0.12063832026847152,0.010583740505574736
choque_20pct_permanente,permanente,0.8,0.19999999999999996,True,52,93,1,7652724.38733265,0.14039181650999813,0.030000000000000027,0.11859183719691781,0.007984885903803248
choque_20pct_permanente,permanente,0.8,0.19999999999999996,True,52,93,2,7797310.110671256,0.13522708141572493,0.02418730354829446,0.12050356797761655,0.005698489844893109
choque_20pct_permanente,permanente,0.8,0.19999999999999996,True,52,93,3,8067271.3662353465,0.12477863558517775,0.026840350469925278,0.11156715018549192,0.006383646089709615
choque_20pct_permanente,permanente,0.8,0.19999999999999996,True,52,93,4,8369207.6639381265,0.10927626407331568,0.030263740959604712,0.10479874452813549,0.006970959287504312
choque_20pct_permanente,permanente,0.8,0.19999999999999996,True,52,93,5,8592451.444979146,0.09679443290320461,0.047754245829066955,0.09856964690721967,0.013195894244234011
choque_20pct_permanente,permanente,0.8,0.19999999999999996,True,52,93,6,8681475.640796524,0.09338042393346008,0.0686340401043708,0.10238244362701068,0.011176617690269014
choque_20pct_permanente,permanente,0.8,0.19999999999999996,True,52,93,7,8709825.53500348,0.10171439879377936,0.09333435476091334,0.11272398230146573,0.009143475081190839
choque_20pct_permanente,permanente,0.8,0.19999999999999996,True,52,93,8,8661533.106352769,0.1116515085013924,0.10715490600698874,0.13067635266022198,0.007596109220387427
choque_20pct_permanente,permanente,0.8,0.19999999999999996,True,52,93,9,8591687.902729247,0.11920567331356571,0.1134570541787121,0.14424206167801287,-0.001442327686831498
choque_20pct_permanente,permanente,0.8,0.19999999999999996,True,52,93,10,8497584.030544601,0.1279633261050549,0.1091709175877198,0.15668561939539033,-0.007141511213470029
choque_20pct_permanente,permanente,0.8,0.19999999999999996,True,52,93,11,8405026.639336642,0.13367133662189537,0.09975469397478443,0.16489852655527493,-0.015371541995959508
choque_20pct_permanente,permanente,0.8,0.19999999999999996,True,52,93,12,8454274.863854842,0.12718175771236612,0.08656617549127388,0.16555480838792233,-0.025242863156319767
choque_20pct_permanente,permanente,0.8,0.19999999999999996,True,52,93,13,8573010.425401507,0.12126739270159438,0.07632410401233503,0.16073509529072405,-0.029524302382009062
choque_20pct_permanente,permanente,0.8,0.19999999999999996,True,52,93,14,8797821.112109017,0.11106315460566869,0.06807516506823252,0.15608108999269005,-0.032675077024576185
choque_20pct_permanente,permanente,0.8,0.19999999999999996,True,52,93,15,9116423.979930671,0.09561073121683293,0.0661985667006253,0.1474010269420858,-0.032396312144379096
choque_20pct_permanente,permanente,0.8,0.19999999999999996,True,52,93,16,9402817.453825649,0.08227794819475381,0.0746437979594452,0.13840542879209705,-0.028486304873942804
choque_20pct_permanente,permanente,0.8,0.19999999999999996,True,52,93,17,9738815.709550811,0.07105763781363013,0.09277333281682276,0.13460774271737394,-0.028099508309213737
choque_20pct_permanente,permanente,0.8,0.19999999999999996,True,52,93,18,9810300.56862201,0.07074137960120418,0.12174605146563944,0.13683768806383606,-0.02357840296892741
choque_20pct_permanente,permanente,0.8,0.19999999999999996,True,52,93,19,10012857.881870221,0.07137215245611318,0.15001474358828149,0.14607154816974482,-0.020369518772761643
choque_20pct_permanente,permanente,0.8,0.19999999999999996,True,52,93,20,10094448.27514438,0.07491598178509105,0.1755063207154981,0.15415596919135197,-0.020406127098703142
choque_20pct_permanente,permanente,0.8,0.19999999999999996,True,52,93,21,10095140.965544343,0.07730693796693477,0.18934176882063736,0.16631321256834036,-0.022740926751705852
choque_20pct_permanente,permanente,0.8,0.19999999999999996,True,52,93,22,10118403.747775316,0.0795605907764294,0.19702671271796057,0.1732993752453484,-0.023942361483301776
choque_20pct_permanente,permanente,0.8,0.19999999999999996,True,52,93,23,10032017.813396227,0.0859663390575674,0.1963029039946167,0.18401397620362425,-0.03053448381211581
choque_20pct_permanente,permanente,0.8,0.19999999999999996,True,52,93,24,9984013.788147988,0.08938192417616433,0.18951047445746738,0.19229556116260557,-0.04378306382153087
choque_20pct_permanente,permanente,0.8,0.19999999999999996,True,52,93,25,10098474.216856847,0.08056328391120425,0.17835264336374923,0.1905622627289237,-0.05375184013974491
choque_20pct_permanente,permanente,0.8,0.19999999999999996,True,53,94,0,7609597.0,0.138,0.03,0.12063832026847152,0.010583740505574736
choque_20pct_permanente,permanente,0.8,0.19999999999999996,True,53,94,1,7652724.38733265,0.14039181650999813,0.030000000000000027,0.11859183719691781,0.007984885903803248
choque_20pct_permanente,permanente,0.8,0.19999999999999996,True,53,94,2,7800364.714578894,0.13522708141572493,0.02417665447498707,0.1205084031857509,0.0031779265503186454
choque_20pct_permanente,permanente,0.8,0.19999999999999996,True,53,94,3,8047421.528964165,0.12384496325063167,0.026878190154184356,0.11172828586546428,0.006616885111921646
choque_20pct_permanente,permanente,0.8,0.19999999999999996,True,53,94,4,8425434.043576663,0.10846612699855748,0.030628215620742028,0.10430124005114454,0.0051303263710420835
choque_20pct_permanente,permanente,0.8,0.19999999999999996,True,53,94,5,8556475.291594438,0.09761015725319849,0.04940806722164015,0.09862199389861082,0.00964035083037969
choque_20pct_permanente,permanente,0.8,0.19999999999999996,True,53,94,6,8716977.148686424,0.0924459077610758,0.06881805053768719,0.10127422805691057,0.010006025637078515
choque_20pct_permanente,permanente,0.8,0.19999999999999996,True,53,94,7,8799377.437293863,0.09609690240815431,0.09465918738389334,0.10819139346942003,0.013104264865272481
choque_20pct_permanente,permanente,0.8,0.19999999999999996,True,53,94,8,8759261.069318002,0.10837594941172392,0.1108138751518295,0.1251561455692468,0.009832351177737345
choque_20pct_permanente,permanente,0.8,0.19999999999999996,True,53,94,9,8673866.40514302,0.11688624414566429,0.11783378981772663,0.1430133841331537,0.0047187030604216584
choque_20pct_permanente,permanente,0.8,0.19999999999999996,True,53,94,10,8468363.117992524,0.13059260366801367,0.11470055618855501,0.1602527857066704,-0.007380274951319168
choque_20pct_permanente,permanente,0.8,0.19999999999999996,True,53,94,11,8303972.805915097,0.14349710791314912,0.10185390279640427,0.1770085515344163,-0.02165129020282551
choque_20pct_permanente,permanente,0.8,0.19999999999999996,True,53,94,12,8207132.8583677355,0.15239962468121684,0.08331938495016122,0.1855950889247031,-0.032243990388072026
choque_20pct_permanente,permanente,0.8,0.19999999999999996,True,53,94,13,8264338.112411219,0.14636767375151588,0.063833676427832,0.1823212282475129,-0.03898189382362663
choque_20pct_permanente,permanente,0.8,0.19999999999999996,True,53,94,14,8598727.044089656,0.12943748659468024,0.04863457109425795,0.16621774273009796,-0.0392411126217371
choque_20pct_permanente,permanente,0.8,0.19999999999999996,True,53,94,15,9035006.116815606,0.10425321426831691,0.04162237185529638,0.14823169680927994,-0.037117166719492396
choque_20pct_permanente,permanente,0.8,0.19999999999999996,True,53,94,16,9469197.26459639,0.08005049079880965,0.04841531808609845,0.13265438308714927,-0.034373547897821
choque_20pct_permanente,permanente,0.8,0.19999999999999996,True,53,94,17,9804079.802903134,0.06124843581809206,0.07212452641135436,0.12246402687839379,-0.028088856179494633
choque_20pct_permanente,permanente,0.8,0.19999999999999996,True,53,94,18,10108816.313674433,0.05843767579041393,0.11359944781197329,0.12008633398146158,-0.016818387823230366
choque_20pct_permanente,permanente,0.8,0.19999999999999996,True,53,94,19,10151956.816480378,0.06642193622634378,0.15963483493911745,0.1359122289237926,-0.010223241534314767
choque_20pct_permanente,permanente,0.8,0.19999999999999996,True,53,94,20,10202017.12828045,0.07584951622061048,0.19157321169528663,0.1580514113817253,-0.011656159905816496
choque_20pct_permanente,permanente,0.8,0.19999999999999996,True,53,94,21,10157828.342257058,0.08735894857089276,0.20783534003631976,0.17462941808908183,-0.016329847928094433
choque_20pct_permanente,permanente,0.8,0.19999999999999996,True,53,94,22,9829305.732631627,0.10412486153732538,0.20602397026592212,0.19580106522761034,-0.028631704125702276
choque_20pct_permanente,permanente,0.8,0.19999999999999996,True,53,94,23,9744674.591204843,0.10754720086499296,0.1883017896144228,0.20560985522814926,-0.043217565078054625
choque_20pct_permanente,permanente,0.8,0.19999999999999996,True,53,94,24,9645185.828818178,0.10653713565636777,0.16717459106763166,0.2049405944107433,-0.05721830336690551
choque_20pct_permanente,permanente,0.8,0.19999999999999996,True,53,94,25,9872260.443538453,0.09203399163054056,0.14499663676976904,0.1954394956907333,-0.0619456825930073
choque_20pct_permanente,permanente,0.8,0.19999999999999996,True,54,95,0,7609597.0,0.138,0.03,0.12063832026847152,0.010583740505574736
choque_20pct_permanente,permanente,0.8,0.19999999999999996,True,54,95,1,7652724.38733265,0.14039181650999813,0.030000000000000027,0.11859183719691781,0.007984885903803248
choque_20pct_permanente,permanente,0.8,0.19999999999999996,True,54,95,2,7798206.076406029,0.13522738819779181,0.024173647852955282,0.1205616531309737,0.0024655141857042283
choque_20pct_permanente,permanente,0.8,0.19999999999999996,True,54,95,3,8036482.831215942,0.12568528094807072,0.026868451437721763,0.11217572816903318,0.00486302077065768
choque_20pct_permanente,permanente,0.8,0.19999999999999996,True,54,95,4,8387971.318033951,0.10840543213340435,0.02984480746403384,0.1036100285899246,0.007320596854689898
choque_20pct_permanente,permanente,0.8,0.19999999999999996,True,54,95,5,8688481.874223532,0.09342773234105418,0.0475668123952373,0.09529156627099683,0.013438971200210302
choque_20pct_permanente,permanente,0.8,0.19999999999999996,True,54,95,6,8775436.411222637,0.08756719819750217,0.07047366535316058,0.09809487783634845,0.014164100358614446
choque_20pct_permanente,permanente,0.8,0.19999999999999996,True,54,95,7,8754089.27847833,0.09905134209182308,0.0995132710278761,0.1101110585519666,0.013933639755513734
choque_20pct_permanente,permanente,0.8,0.19999999999999996,True,54,95,8,8635318.600125212,0.11696215348383703,0.11477992219738065,0.13494852091715318,0.008786941568436532
choque_20pct_permanente,permanente,0.8,0.19999999999999996,True,54,95,9,8443340.712297,0.13259784467171878,0.11840346040227745,0.15510601903963483,-0.0009647723921214264
choque_20pct_permanente,permanente,0.8,0.19999999999999996,True,54,95,10,8285427.659449525,0.14496217037024908,0.10763002128689636,0.17055483559549436,-0.011528838874591076
choque_20pct_permanente,permanente,0.8,0.19999999999999996,True,54,95,11,8182330.8183276,0.15284110646199417,0.08953840567260873,0.18104069584909419,-0.023223944904173684
choque_20pct_permanente,permanente,0.8,0.19999999999999996,True,54,95,12,8137749.944091696,0.15393970534068577,0.06734131247610997,0.18509497609916917,-0.03739776688608612
choque_20pct_permanente,permanente,0.8,0.19999999999999996,True,54,95,13,8381546.927991971,0.138825415659292,0.048823488299011286,0.17237637829308966,-0.03888695304330465
choque_20pct_permanente,permanente,0.8,0.19999999999999996,True,54,95,14,8825039.028877072,0.11398571152818529,0.037386210288074206,0.1525610832121195,-0.037942109565656995
choque_20pct_permanente,permanente,0.8,0.19999999999999996,True,54,95,15,9288061.663323352,0.0879446094949228,0.040026997688864974,0.13394784003720486,-0.030898409234959266
choque_20pct_permanente,permanente,0.8,0.19999999999999996,True,54,95,16,9623724.151164459,0.06957859042981757,0.058124215787775046,0.12267140674066025,-0.026203497782275213
choque_20pct_permanente,permanente,0.8,0.19999999999999996,True,54,95,17,9809308.844528623,0.06332182988056285,0.09437089435833923,0.12044469294159092,-0.02156658742249166
choque_20pct_permanente,permanente,0.8,0.19999999999999996,True,54,95,18,10011098.33638152,0.06739747966723013,0.13574123520807224,0.12930343535927466,-0.013588364369255377
choque_20pct_permanente,permanente,0.8,0.19999999999999996,True,54,95,19,10109498.750574542,0.07177927669910794,0.17265210082025795,0.14456082477035387,-0.009440400495305484
choque_20pct_permanente,permanente,0.8,0.19999999999999996,True,54,95,20,10059297.5398689,0.0806427786450648,0.19713730395308748,0.16028984490674597,-0.013567003706476979
choque_20pct_permanente,permanente,0.8,0.19999999999999996,True,54,95,21,9960592.790927052,0.08943043785034158,0.20435834200138014,0.17756037041129796,-0.02256096824849012
choque_20pct_permanente,permanente,0.8,0.19999999999999996,True,54,95,22,9822612.402099136,0.09960234815390014,0.19840430077545612,0.19062149993522226,-0.03525559031457257
choque_20pct_permanente,permanente,0.8,0.19999999999999996,True,54,95,23,9703978.139963105,0.10443918801132238,0.18061688347022176,0.19997823201162912,-0.04702404453814247
choque_20pct_permanente,permanente,0.8,0.19999999999999996,True,54,95,24,9774985.106109396,0.09862416815232512,0.16093527068707947,0.19762510582445725,-0.05619073381609437
choque_20pct_permanente,permanente,0.8,0.19999999999999996,True,54,95,25,9810368.4166329,0.09248308869080468,0.14352166400339872,0.1937003989722965,-0.06447079491838358
choque_20pct_permanente,permanente,0.8,0.19999999999999996,True,55,96,0,7609597.0,0.138,0.03,0.12063832026847152,0.010583740505574736
choque_20pct_permanente,permanente,0.8,0.19999999999999996,True,55,96,1,7652724.38733265,0.14039181650999813,0.030000000000000027,0.11859183719691781,0.007984885903803248
choque_20pct_permanente,permanente,0.8,0.19999999999999996,True,55,96,2,7799628.759329893,0.13522708141572493,0.024181567532336024,0.12043641849580954,0.004489721160279836
choque_20pct_permanente,permanente,0.8,0.19999999999999996,True,55,96,3,8049268.576860042,0.12440072780741109,0.026819913604878787,0.1119123861709011,0.006367074390362885
choque_20pct_permanente,permanente,0.8,0.19999999999999996,True,55,96,4,8372008.636857019,0.10860645147977979,0.03040098219448839,0.1039266163838812,0.01110357224563021
choque_20pct_permanente,permanente,0.8,0.19999999999999996,True,55,96,5,8605075.307642028,0.09239696530311954,0.04794988901055741,0.09700257241871746,0.011603906075521213
choque_20pct_permanente,permanente,0.8,0.19999999999999996,True,55,96,6,8766486.628933085,0.09030362758743654,0.07246897805554942,0.09747056942932997,0.013916773451785465
choque_20pct_permanente,permanente,0.8,0.19999999999999996,True,55,96,7,8776360.285250077,0.09589162283408163,0.09807971351134603,0.11023831657064555,0.01644443850328431
choque_20pct_permanente,permanente,0.8,0.19999999999999996,True,55,96,8,8688249.121468907,0.11151632348992876,0.11572379867328908,0.13046978552045074,0.014446784214850135
choque_20pct_permanente,permanente,0.8,0.19999999999999996,True,55,96,9,8457370.195179349,0.13267371619573232,0.12009217704252295,0.1560746307794816,2.758083313791322e-05
choque_20pct_permanente,permanente,0.8,0.19999999999999996,True,55,96,10,8237862.939824256,0.14695341295377565,0.11026380015346082,0.1751393283151597,-0.01222537833515118
choque_20pct_permanente,permanente,0.8,0.19999999999999996,True,55,96,11,8151943.443521618,0.14980890530946098,0.09255319235784376,0.18093956670389,-0.022954063273618035
choque_20pct_permanente,permanente,0.8,0.19999999999999996,True,55,96,12,8187303.247587685,0.14651629589966328,0.07278295611164709,0.17891515571989908,-0.03237626873910013
choque_20pct_permanente,permanente,0.8,0.19999999999999996,True,55,96,13,8373732.689514487,0.1324832174333928,0.05570938949841797,0.16991778187065162,-0.03760695339018601
choque_20pct_permanente,permanente,0.8,0.19999999999999996,True,55,96,14,8812847.960838454,0.11279000715147462,0.045793310351053496,0.1523027374567066,-0.03714869739910373
choque_20pct_permanente,permanente,0.8,0.19999999999999996,True,55,96,15,9228348.032569367,0.08828512254778247,0.04710233023892085,0.1364651389990129,-0.03231535180839155
choque_20pct_permanente,permanente,0.8,0.19999999999999996,True,55,96,16,9610263.752124753,0.06755384723661235,0.06485669602179711,0.12416264582430721,-0.02703976311885187
choque_20pct_permanente,permanente,0.8,0.19999999999999996,True,55,96,17,9755470.316060672,0.0641223309758572,0.09833633008711185,0.12329583698323936,-0.021681766212624635
choque_20pct_permanente,permanente,0.8,0.19999999999999996,True,55,96,18,9900600.060303723,0.07256324664976017,0.13566069682101833,0.13614194814103897,-0.01663731401165221
choque_20pct_permanente,permanente,0.8,0.19999999999999996,True,55,96,19,10095411.87675508,0.06995849934824569,0.16222947280591216,0.15032263259973616,-0.017210082398675112
choque_20pct_permanente,permanente,0.8,0.19999999999999996,True,55,96,20,10170353.958101211,0.06923952430393403,0.18884054251938331,0.15178788426463424,-0.013564379107267134
choque_20pct_permanente,permanente,0.8,0.19999999999999996,True,55,96,21,10183391.947337713,0.07282075924425875,0.2028861820196266,0.16398278646915362,-0.018206040018540776
choque_20pct_permanente,permanente,0.8,0.19999999999999996,True,55,96,22,10169006.811122807,0.07808191968311486,0.2125054074797741,0.17425985786710274,-0.022683677276205825
choque_20pct_permanente,permanente,0.8,0.19999999999999996,True,55,96,23,10138732.85613397,0.08051164835286895,0.2090453459311541,0.18460660818774496,-0.03279618821543885
choque_20pct_permanente,permanente,0.8,0.19999999999999996,True,55,96,24,10125055.087247573,0.08098067604127153,0.2029098995151617,0.18800440447108815,-0.037857221936164656
choque_20pct_permanente,permanente,0.8,0.19999999999999996,True,55,96,25,10212990.412044417,0.07876273014924576,0.19314514219500034,0.18825270585175086,-0.042494672051407945
choque_20pct_permanente,permanente,0.8,0.19999999999999996,True,56,97,0,7609597.0,0.138,0.03,0.12063832026847152,0.010583740505574736
choque_20pct_permanente,permanente,0.8,0.19999999999999996,True,56,97,1,7652724.38733265,0.14039181650999813,0.030000000000000027,0.11859183719691781,0.007984885903803248
choque_20pct_permanente,permanente,0.8,0.19999999999999996,True,56,97,2,7800889.8817858,0.13522708141572493,0.02418397581320786,0.12050314319611728,0.005027015558220259
choque_20pct_permanente,permanente,0.8,0.19999999999999996,True,56,97,3,8049071.331758129,0.12454749800016575,0.026845742110161552,0.11191776991396674,0.00630689999576099
choque_20pct_permanente,permanente,0.8,0.19999999999999996,True,56,97,4,8407556.744374042,0.10813007583767523,0.030353612076337688,0.10385349962184844,0.005521636195223185
choque_20pct_permanente,permanente,0.8,0.19999999999999996,True,56,97,5,8597743.114105953,0.09660980949689922,0.04849718090259714,0.09825424659007816,0.007953645145964066
choque_20pct_permanente,permanente,0.8,0.19999999999999996,True,56,97,6,8733633.325202981,0.09363679686275171,0.0694861735824377,0.10063862974834534,0.007151159502408656
choque_20pct_permanente,permanente,0.8,0.19999999999999996,True,56,97,7,8837402.12790118,0.09416026098312932,0.09409826872941585,0.10731505658254187,0.012925623927641496
choque_20pct_permanente,permanente,0.8,0.19999999999999996,True,56,97,8,8776221.873507492,0.10106872506557074,0.11251483241502136,0.12278026372656412,0.00968451829444712
choque_20pct_permanente,permanente,0.8,0.19999999999999996,True,56,97,9,8612379.06221992,0.11979363388901038,0.12289118296493662,0.143902306026556,0.00535033708622201
choque_20pct_permanente,permanente,0.8,0.19999999999999996,True,56,97,10,8417080.53763128,0.13668476058966247,0.11763822056162021,0.16708035887483746,-0.00889025548878764
choque_20pct_permanente,permanente,0.8,0.19999999999999996,True,56,97,11,8238030.279841453,0.14687231260614053,0.10369618506991563,0.1794797816559808,-0.018029533488650093
choque_20pct_permanente,permanente,0.8,0.19999999999999996,True,56,97,12,8214149.84210439,0.14670666673636457,0.08368464952339716,0.1823969127291017,-0.032146527392763205
choque_20pct_permanente,permanente,0.8,0.19999999999999996,True,56,97,13,8357375.271376178,0.13770971343502827,0.06607197757303784,0.1733929224564822,-0.03874803999884674
choque_20pct_permanente,permanente,0.8,0.19999999999999996,True,56,97,14,8762126.483193284,0.11736199220130494,0.052878533817370954,0.1563081769080163,-0.035022826362425
choque_20pct_permanente,permanente,0.8,0.19999999999999996,True,56,97,15,9213077.551476788,0.08914614625140464,0.05015109985055055,0.13908093095074311,-0.032007875653777995
choque_20pct_permanente,permanente,0.8,0.19999999999999996,True,56,97,16,9498736.252051558,0.07112922400261669,0.06439034197191362,0.12657158857533576,-0.026462680421039643
choque_20pct_permanente,permanente,0.8,0.19999999999999996,True,56,97,17,9702401.41609474,0.06659546093716402,0.09303826400060067,0.12591683395673223,-0.022911508203217128
choque_20pct_permanente,permanente,0.8,0.19999999999999996,True,56,97,18,9916421.81510003,0.06645631226644617,0.12794102530521534,0.1333174851356402,-0.020121797131348394
choque_20pct_permanente,permanente,0.8,0.19999999999999996,True,56,97,19,10110734.491653189,0.06753692474776335,0.16215715567852418,0.14146183044017677,-0.013295149378300985
choque_20pct_permanente,permanente,0.8,0.19999999999999996,True,56,97,20,10199507.554699581,0.06879522314726727,0.19012097915272852,0.1510024808148225,-0.013045228082086545
choque_20pct_permanente,permanente,0.8,0.19999999999999996,True,56,97,21,10211436.368467906,0.07422637204602946,0.21027278502256785,0.16119407575197037,-0.012916707611924403
choque_20pct_permanente,permanente,0.8,0.19999999999999996,True,56,97,22,10152589.036107315,0.0811690393502544,0.21774983314790308,0.17557650996516047,-0.020943906602995836
choque_20pct_permanente,permanente,0.8,0.19999999999999996,True,56,97,23,10042103.839826,0.0899688682578994,0.212539603694204,0.18871452422895438,-0.0301792633732319
choque_20pct_permanente,permanente,0.8,0.19999999999999996,True,56,97,24,9897331.416394887,0.09811905823070116,0.1972933815874094,0.20007896232738157,-0.045113634284323044
choque_20pct_permanente,permanente,0.8,0.19999999999999996,True,56,97,25,9868475.8791834,0.09503675082713071,0.17696329001960787,0.20268358223986455,-0.05728146365743827
choque_20pct_permanente,permanente,0.8,0.19999999999999996,True,57,98,0,7609597.0,0.138,0.03,0.12063832026847152,0.010583740505574736
choque_20pct_permanente,permanente,0.8,0.19999999999999996,True,57,98,1,7652724.38733265,0.14039181650999813,0.030000000000000027,0.11859183719691781,0.007984885903803248
choque_20pct_permanente,permanente,0.8,0.19999999999999996,True,57,98,2,7799885.383675266,0.13522847005657346,0.024174783235175967,0.1203868529581478,0.0029885909564385184
choque_20pct_permanente,permanente,0.8,0.19999999999999996,True,57,98,3,8068307.960917727,0.12437216865012438,0.026866822551842473,0.11124651956853475,0.00381985212208961
choque_20pct_permanente,permanente,0.8,0.19999999999999996,True,57,98,4,8452765.849020781,0.10522454779155395,0.03046370669027465,0.10218748110996301,0.009919681570373599
choque_20pct_permanente,permanente,0.8,0.19999999999999996,True,57,98,5,8604390.856861716,0.09614047644574092,0.050510505682383355,0.09690086496773728,0.012159819360667444
choque_20pct_permanente,permanente,0.8,0.19999999999999996,True,57,98,6,8728899.825432155,0.0956472461086136,0.07128121995092185,0.10335299395811455,0.009224968565444566
choque_20pct_permanente,permanente,0.8,0.19999999999999996,True,57,98,7,8684955.82272518,0.10581475697845384,0.09468348600362408,0.11572276813766513,0.014354688348479189
choque_20pct_permanente,permanente,0.8,0.19999999999999996,True,57,98,8,8607589.01020553,0.11634955777478276,0.10558419891400717,0.1348940016099957,0.005286504026858561
choque_20pct_permanente,permanente,0.8,0.19999999999999996,True,57,98,9,8479545.901916921,0.12780298297095163,0.10973088370147077,0.14923533160802868,-0.0005867754770475531
choque_20pct_permanente,permanente,0.8,0.19999999999999996,True,57,98,10,8371636.348195837,0.13564206407126395,0.10118597863885426,0.16333566835540989,-0.010923213857054298
choque_20pct_permanente,permanente,0.8,0.19999999999999996,True,57,98,11,8287995.029469373,0.1404972573288104,0.08923297358742288,0.17128997659802953,-0.020362325537748624
choque_20pct_permanente,permanente,0.8,0.19999999999999996,True,57,98,12,8245144.110823626,0.14419337592168927,0.07431427681316394,0.17533133651382266,-0.027020468717028602
choque_20pct_permanente,permanente,0.8,0.19999999999999996,True,57,98,13,8382591.358867556,0.13646530554134664,0.0605437689253443,0.17102995918458358,-0.03665032938719632
choque_20pct_permanente,permanente,0.8,0.19999999999999996,True,57,98,14,8722487.749195017,0.12134149326355884,0.0490446884412703,0.15869661132667887,-0.038854090737775536
choque_20pct_permanente,permanente,0.8,0.19999999999999996,True,57,98,15,9168806.887338152,0.09603057281102871,0.0455034756099455,0.14240948269338574,-0.03408488244015261
choque_20pct_permanente,permanente,0.8,0.19999999999999996,True,57,98,16,9645669.608641673,0.07029071714138949,0.05629598849506268,0.12663517819711914,-0.0316621845023286
choque_20pct_permanente,permanente,0.8,0.19999999999999996,True,57,98,17,9858087.489589818,0.05922750265696527,0.08802930664069764,0.11858953848227102,-0.022793738994998706
choque_20pct_permanente,permanente,0.8,0.19999999999999996,True,57,98,18,10049720.5899333,0.061551512988492076,0.1321752216266061,0.12469952872793019,-0.015694653562365216
choque_20pct_permanente,permanente,0.8,0.19999999999999996,True,57,98,19,10186776.191176677,0.06963118875402476,0.17392262733656993,0.14163539433488506,-0.010633415799760721
choque_20pct_permanente,permanente,0.8,0.19999999999999996,True,57,98,20,10208558.402754368,0.07527795787017251,0.20026459578013456,0.1595056193322405,-0.010722169575713245
choque_20pct_permanente,permanente,0.8,0.19999999999999996,True,57,98,21,10140223.301346747,0.08222389747850382,0.21237350050888337,0.17196784444049415,-0.01620022667298161
choque_20pct_permanente,permanente,0.8,0.19999999999999996,True,57,98,22,9971955.998743584,0.09191516257108787,0.21146550502911654,0.18685494215827458,-0.0259816882818561
choque_20pct_permanente,permanente,0.8,0.19999999999999996,True,57,98,23,9811026.786881,0.10255078260945463,0.1986273306205617,0.19980767377323966,-0.042258481630200184
choque_20pct_permanente,permanente,0.8,0.19999999999999996,True,57,98,24,9756123.535809787,0.10282430595812633,0.17745013759608197,0.20346513270435032,-0.05253536779389577
choque_20pct_permanente,permanente,0.8,0.19999999999999996,True,57,98,25,9956976.853941951,0.08565186246552327,0.1568369998438257,0.19295130238642974,-0.05921482015759523
choque_20pct_permanente,permanente,0.8,0.19999999999999996,True,58,99,0,7609597.0,0.138,0.03,0.12063832026847152,0.010583740505574736
choque_20pct_permanente,permanente,0.8,0.19999999999999996,True,58,99,1,7652724.38733265,0.14039181650999813,0.030000000000000027,0.11859183719691781,0.007984885903803248
choque_20pct_permanente,permanente,0.8,0.19999999999999996,True,58,99,2,7799062.11548463,0.1352272977704024,0.024185309753672835,0.12058307609119796,0.005341325207426375
choque_20pct_permanente,permanente,0.8,0.19999999999999996,True,58,99,3,8037333.898698519,0.12513506691847362,0.026830286970330297,0.11249869004210589,0.003750026469618264
choque_20pct_permanente,permanente,0.8,0.19999999999999996,True,58,99,4,8388380.545888563,0.11221318857023224,0.030132632684514382,0.10548921881974987,0.004735826407116933
choque_20pct_permanente,permanente,0.8,0.19999999999999996,True,58,99,5,8568625.144672744,0.09931274761351411,0.04647967216026139,0.10023166121795601,0.009154486224966578
choque_20pct_permanente,permanente,0.8,0.19999999999999996,True,58,99,6,8741620.61627447,0.0925042180911508,0.066315010704465,0.10084168773181323,0.009197529217172115
choque_20pct_permanente,permanente,0.8,0.19999999999999996,True,58,99,7,8750922.67170893,0.09751915268007443,0.09181444369451741,0.10874392163636507,0.009583256342485517
choque_20pct_permanente,permanente,0.8,0.19999999999999996,True,58,99,8,8735236.778904196,0.106310367958459,0.10868180542420558,0.12510160291447417,0.006941747426656461
choque_20pct_permanente,permanente,0.8,0.19999999999999996,True,58,99,9,8656846.6728546,0.11697320292648132,0.11831686894573212,0.14074664032487716,0.003529043904409697
choque_20pct_permanente,permanente,0.8,0.19999999999999996,True,58,99,10,8409906.508780329,0.13541065712759892,0.11500523357812331,0.1620140137947781,-0.004378847071686911
choque_20pct_permanente,permanente,0.8,0.19999999999999996,True,58,99,11,8297705.127395032,0.1454454148484318,0.1014471246658315,0.17602326502754878,-0.017574727623743215
choque_20pct_permanente,permanente,0.8,0.19999999999999996,True,58,99,12,8231773.958744886,0.146789095996552,0.08294095519171774,0.18072649459790407,-0.029070965044677644
choque_20pct_permanente,permanente,0.8,0.19999999999999996,True,58,99,13,8300783.662717511,0.14132273364311418,0.06440580843267263,0.17763524818311027,-0.03741019730363243
choque_20pct_permanente,permanente,0.8,0.19999999999999996,True,58,99,14,8570463.10647854,0.127355929682325,0.050507107904798065,0.16550044280291815,-0.040888501643730375
choque_20pct_permanente,permanente,0.8,0.19999999999999996,True,58,99,15,9022421.874143768,0.10582465104875559,0.045269685755984446,0.14895988948448202,-0.03683223201049767
choque_20pct_permanente,permanente,0.8,0.19999999999999996,True,58,99,16,9317040.065317564,0.08529392003942558,0.05001557443002591,0.1373987970758789,-0.0353500718264945
choque_20pct_permanente,permanente,0.8,0.19999999999999996,True,58,99,17,9676447.641407903,0.0721195093698902,0.0700208181890114,0.12932076896742897,-0.031988083653088334
choque_20pct_permanente,permanente,0.8,0.19999999999999996,True,58,99,18,9882481.191715783,0.06315841701451956,0.10066171471894703,0.12884420071205874,-0.02277258097409084
choque_20pct_permanente,permanente,0.8,0.19999999999999996,True,58,99,19,10092223.763134466,0.06319358923932814,0.1399603114191641,0.13415468048532003,-0.01705636666322408
choque_20pct_permanente,permanente,0.8,0.19999999999999996,True,58,99,20,10204851.762262106,0.074212162894346,0.17398352677277562,0.1506369587798683,-0.015336503976153453
choque_20pct_permanente,permanente,0.8,0.19999999999999996,True,58,99,21,10142270.999017563,0.08258321381393337,0.1928058457665507,0.17215923503969438,-0.018526621726312635
choque_20pct_permanente,permanente,0.8,0.19999999999999996,True,58,99,22,10150328.536577418,0.08556267216214025,0.19865885922876747,0.18030266013007232,-0.025275738079773617
choque_20pct_permanente,permanente,0.8,0.19999999999999996,True,58,99,23,9995211.114954788,0.09100005712674718,0.19442451332131716,0.1901571089945233,-0.034437782827268885
choque_20pct_permanente,permanente,0.8,0.19999999999999996,True,58,99,24,10029991.357932525,0.09168877508973383,0.18213976071475857,0.1954363659843872,-0.0428707954051408
choque_20pct_permanente,permanente,0.8,0.19999999999999996,True,58,99,25,10024524.187670007,0.08595280579201171,0.17020648095277502,0.1953207772919079,-0.05303742599418734
choque_20pct_permanente,permanente,0.8,0.19999999999999996,True,59,100,0,7609597.0,0.138,0.03,0.12063832026847152,0.010583740505574736
choque_20pct_permanente,permanente,0.8,0.19999999999999996,True,59,100,1,7652724.38733265,0.14039181650999813,0.030000000000000027,0.11859183719691781,0.007984885903803248
choque_20pct_permanente,permanente,0.8,0.19999999999999996,True,59,100,2,7805420.605247177,0.13522749384151414,0.024184488525404113,0.12049801877331648,0.004661907193755282
choque_20pct_permanente,permanente,0.8,0.19999999999999996,True,59,100,3,8049794.709158673,0.12548596327462314,0.026837842258442324,0.1123105255493822,0.005576432247561984
choque_20pct_permanente,permanente,0.8,0.19999999999999996,True,59,100,4,8338584.981982603,0.11206081579277484,0.029983348496512185,0.10615875213930297,0.0071662046553755835
choque_20pct_permanente,permanente,0.8,0.19999999999999996,True,59,100,5,8571214.99611906,0.0980970443695663,0.04660819775872049,0.09905885070710914,0.009227739911242724
choque_20pct_permanente,permanente,0.8,0.19999999999999996,True,59,100,6,8770201.539460339,0.09056728739472328,0.06684145466189939,0.09894376998238921,0.008395144858756655
choque_20pct_permanente,permanente,0.8,0.19999999999999996,True,59,100,7,8826030.974804094,0.09321132539497176,0.092977596458937,0.10530365761398681,0.012319277705587179
choque_20pct_permanente,permanente,0.8,0.19999999999999996,True,59,100,8,8838764.89020419,0.10287893708593299,0.1122625744564325,0.1209939719612541,0.011162929956270015
choque_20pct_permanente,permanente,0.8,0.19999999999999996,True,59,100,9,8686195.363334727,0.1150831623806721,0.1227685775766405,0.14097157500042412,0.006301865664176662
choque_20pct_permanente,permanente,0.8,0.19999999999999996,True,59,100,10,8441946.333421074,0.135861989179883,0.12082698253797619,0.16262227969050594,-0.0034339950819649856
choque_20pct_permanente,permanente,0.8,0.19999999999999996,True,59,100,11,8250392.338884985,0.14791476670930273,0.10618635300991852,0.18107968030100316,-0.015986589013992424
choque_20pct_permanente,permanente,0.8,0.19999999999999996,True,59,100,12,8127019.505330639,0.1570589046407007,0.08524780492962436,0.19028994749546288,-0.028970736398585103
choque_20pct_permanente,permanente,0.8,0.19999999999999996,True,59,100,13,8116515.070438448,0.15435567051349264,0.0621940004888375,0.19108128500142985,-0.04200142147636653
choque_20pct_permanente,permanente,0.8,0.19999999999999996,True,59,100,14,8450343.841990933,0.1381760290535575,0.04398300156249091,0.17528757827602762,-0.04789179511263974
choque_20pct_permanente,permanente,0.8,0.19999999999999996,True,59,100,15,8983573.811999055,0.11296670563748158,0.03289285613807902,0.15462319800106125,-0.04525141243375175
choque_20pct_permanente,permanente,0.8,0.19999999999999996,True,59,100,16,9391986.867449645,0.08505168626281186,0.03532458386545145,0.1382916562230745,-0.039987666903789604
choque_20pct_permanente,permanente,0.8,0.19999999999999996,True,59,100,17,9728588.326342992,0.06847039901541674,0.05541400640888261,0.12702923441194952,-0.03131617512717704
choque_20pct_permanente,permanente,0.8,0.19999999999999996,True,59,100,18,9909086.751631271,0.06465646886426796,0.09184734325312571,0.12642209736245774,-0.025887189089099153
choque_20pct_permanente,permanente,0.8,0.19999999999999996,True,59,100,19,10134436.608158054,0.06543257654725558,0.134532356322834,0.13425851765556635,-0.020353607249762033
choque_20pct_permanente,permanente,0.8,0.19999999999999996,True,59,100,20,10270559.343675094,0.06678353292238867,0.17407476683225376,0.14454473868732762,-0.012687558990435966
choque_20pct_permanente,permanente,0.8,0.19999999999999996,True,59,100,21,10352309.44326353,0.06725213230453564,0.2039607096381193,0.15443977682965618,-0.011994259462934479
choque_20pct_permanente,permanente,0.8,0.19999999999999996,True,59,100,22,10410148.74013397,0.07029176080204601,0.2236243487181846,0.163611704108886,-0.013275304654690456
choque_20pct_permanente,permanente,0.8,0.19999999999999996,True,59,100,23,10273991.687504806,0.08067404128742459,0.23165122522110915,0.1797080778618622,-0.020388480464660456
choque_20pct_permanente,permanente,0.8,0.19999999999999996,True,59,100,24,10083756.983413827,0.0932112424159406,0.22367497363896804,0.1989733974881188,-0.034759679167108266
choque_20pct_permanente,permanente,0.8,0.19999999999999996,True,59,100,25,9959951.339936357,0.10058557762037125,0.20358076926777602,0.20940065150019121,-0.051111681998387934
choque_20pct_permanente,permanente,0.8,0.19999999999999996,True,60,101,0,7609597.0,0.138,0.03,0.12063832026847152,0.010583740505574736
choque_20pct_permanente,permanente,0.8,0.19999999999999996,True,60,101,1,7652724.38733265,0.14039181650999813,0.030000000000000027,0.11859183719691781,0.007984885903803248
choque_20pct_permanente,permanente,0.8,0.19999999999999996,True,60,101,2,7810314.033300547,0.13522708141572493,0.02417722863023286,0.12034456570471717,0.003376331611358988
choque_20pct_permanente,permanente,0.8,0.19999999999999996,True,60,101,3,8057438.034464313,0.12472614910127032,0.02685924023907993,0.1119352966239309,0.0051062560118289085
choque_20pct_permanente,permanente,0.8,0.19999999999999996,True,60,101,4,8428089.873602377,0.10789505329219334,0.030282995463448925,0.10385262074889468,0.004149907900870135
choque_20pct_permanente,permanente,0.8,0.19999999999999996,True,60,101,5,8575952.457782235,0.09730832411518549,0.050228291776487355,0.09728187175952718,0.009764293399557327
choque_20pct_permanente,permanente,0.8,0.19999999999999996,True,60,101,6,8687608.033732314,0.09826156097906234,0.07006693449405388,0.10177535833559534,0.010383304974172771
choque_20pct_permanente,permanente,0.8,0.19999999999999996,True,60,101,7,8780922.527157612,0.09637919893595588,0.09142059968419614,0.1102826296304279,0.011101986886052356
choque_20pct_permanente,permanente,0.8,0.19999999999999996,True,60,101,8,8774901.077938907,0.10314782518508538,0.10859403641620613,0.12207677459955003,0.007363272415645743
choque_20pct_permanente,permanente,0.8,0.19999999999999996,True,60,101,9,8632685.342083773,0.11879654577548109,0.11758253556080667,0.14215597023463172,0.002342501264396548
choque_20pct_permanente,permanente,0.8,0.19999999999999996,True,60,101,10,8389389.400645697,0.138937666316952,0.11388295538346482,0.16551944715157713,-0.009243948769468139
choque_20pct_permanente,permanente,0.8,0.19999999999999996,True,60,101,11,8241084.797882495,0.1492761811425439,0.09921331475727668,0.18014292509781252,-0.020685819813127764
choque_20pct_permanente,permanente,0.8,0.19999999999999996,True,60,101,12,8178929.881546242,0.15339229916221583,0.0789626355155233,0.18557091846835072,-0.03227912976573835
choque_20pct_permanente,permanente,0.8,0.19999999999999996,True,60,101,13,8246496.627187431,0.14745460881422556,0.05755714234859499,0.18309069598212688,-0.039700726413707504
choque_20pct_permanente,permanente,0.8,0.19999999999999996,True,60,101,14,8560936.680178726,0.1290047416174874,0.041738322925790605,0.16787598919120125,-0.0422208622392359
choque_20pct_permanente,permanente,0.8,0.19999999999999996,True,60,101,15,9156261.94540762,0.10075849447630308,0.034833606051164034,0.14609377214485555,-0.03796383385489455
choque_20pct_permanente,permanente,0.8,0.19999999999999996,True,60,101,16,9542468.461882737,0.07701321624634083,0.044630067158368814,0.13057168088933754,-0.03224038704462283
choque_20pct_permanente,permanente,0.8,0.19999999999999996,True,60,101,17,9810251.463111684,0.06502936606685362,0.07180179354732319,0.12386547467418585,-0.028332336226924347
choque_20pct_permanente,permanente,0.8,0.19999999999999996,True,60,101,18,9962665.866403408,0.0653629948947266,0.11337517338451164,0.1276740095618012,-0.020065278943977517
choque_20pct_permanente,permanente,0.8,0.19999999999999996,True,60,101,19,10040110.538015818,0.07255851070354634,0.15283030508457984,0.14317594006957382,-0.0179571209251307
choque_20pct_permanente,permanente,0.8,0.19999999999999996,True,60,101,20,10181223.895093713,0.07346859863001338,0.18175056132672562,0.15457755982010332,-0.013893017722189177
choque_20pct_permanente,permanente,0.8,0.19999999999999996,True,60,101,21,10295514.794992141,0.06980146555914539,0.2021521367364303,0.15783909880176925,-0.013128354069215057
choque_20pct_permanente,permanente,0.8,0.19999999999999996,True,60,101,22,10223954.464755354,0.07652638543089811,0.21528653849028512,0.16755656062102076,-0.017476800482028744
choque_20pct_permanente,permanente,0.8,0.19999999999999996,True,60,101,23,10141845.257173292,0.08593762016447191,0.21554231522496448,0.1859344533000769,-0.02605039792341014
choque_20pct_permanente,permanente,0.8,0.19999999999999996,True,60,101,24,9878624.348662142,0.10140125938212259,0.2054103981267661,0.20362911634439512,-0.04028660351073335
choque_20pct_permanente,permanente,0.8,0.19999999999999996,True,60,101,25,9805856.597420627,0.10584674995784793,0.18304980453518294,0.21273952972778792,-0.05571375259807245
choque_20pct_permanente,permanente,0.8,0.19999999999999996,True,61,102,0,7609597.0,0.138,0.03,0.12063832026847152,0.010583740505574736
choque_20pct_permanente,permanente,0.8,0.19999999999999996,True,61,102,1,7650002.471661862,0.14041421592540543,0.030000000000000027,0.11872188524457562,0.007945657219823491
choque_20pct_permanente,permanente,0.8,0.19999999999999996,True,61,102,2,7798683.8567142505,0.13544303527764473,0.024175254533992607,0.12053968788095525,0.005032995265911192
choque_20pct_permanente,permanente,0.8,0.19999999999999996,True,61,102,3,8056100.160966143,0.12551229731767805,0.026759128492234163,0.11194744237407288,0.005468382779039648
choque_20pct_permanente,permanente,0.8,0.19999999999999996,True,61,102,4,8412643.465632271,0.10825346654674162,0.02986846263692411,0.10387941608350315,0.007184095157875705
choque_20pct_permanente,permanente,0.8,0.19999999999999996,True,61,102,5,8602336.916114762,0.09643145396857045,0.04835059848746348,0.09753740348620286,0.011181360352123654
choque_20pct_permanente,permanente,0.8,0.19999999999999996,True,61,102,6,8724900.286276028,0.09656063295568187,0.06948443791222325,0.10214606958043021,0.009694035831672252
choque_20pct_permanente,permanente,0.8,0.19999999999999996,True,61,102,7,8696614.354440523,0.10321671787679124,0.09217974217449743,0.11429585941792743,0.0079260657628125
choque_20pct_permanente,permanente,0.8,0.19999999999999996,True,61,102,8,8663871.823299475,0.11238767905092323,0.1057930869460666,0.12969218074719788,0.0075277557656156565
choque_20pct_permanente,permanente,0.8,0.19999999999999996,True,61,102,9,8556478.213009633,0.12254038424945358,0.11119702502379258,0.14517764582480594,-0.0016944464385282884
choque_20pct_permanente,permanente,0.8,0.19999999999999996,True,61,102,10,8415707.974234458,0.1333589843820769,0.10513276014284956,0.16124355154580336,-0.010436983742328458
choque_20pct_permanente,permanente,0.8,0.19999999999999996,True,61,102,11,8320855.191117857,0.14013594657263723,0.09296804889266364,0.17152764518314295,-0.021009572443973324
choque_20pct_permanente,permanente,0.8,0.19999999999999996,True,61,102,12,8327367.0667568,0.14049334185088042,0.07717108593090427,0.1743975210420889,-0.029162799237378047
choque_20pct_permanente,permanente,0.8,0.19999999999999996,True,61,102,13,8485225.305317923,0.13221224664027664,0.06238271944279461,0.1683688841480217,-0.03384779442051904
choque_20pct_permanente,permanente,0.8,0.19999999999999996,True,61,102,14,8749109.120726071,0.11414928967661427,0.053588333277792,0.15586189259781477,-0.034781206116636
choque_20pct_permanente,permanente,0.8,0.19999999999999996,True,61,102,15,9233645.765613269,0.09148217877056895,0.054020071996254915,0.13901895217807667,-0.03053752125794052
choque_20pct_permanente,permanente,0.8,0.19999999999999996,True,61,102,16,9526324.485465238,0.07201940332232892,0.06793724328770634,0.12877938821376567,-0.02816998790180303
choque_20pct_permanente,permanente,0.8,0.19999999999999996,True,61,102,17,9779040.873526476,0.06528555073042819,0.09843053686971492,0.12341417656824827,-0.020202422356065262
choque_20pct_permanente,permanente,0.8,0.19999999999999996,True,61,102,18,9962358.966829162,0.06517075965813854,0.13407184850713438,0.13170727468216958,-0.018990801769086962
choque_20pct_permanente,permanente,0.8,0.19999999999999996,True,61,102,19,10138482.173785219,0.06780488222725455,0.16814816502644558,0.1418627251682678,-0.012798014875389641
choque_20pct_permanente,permanente,0.8,0.19999999999999996,True,61,102,20,10172597.547961382,0.07158816278283962,0.19331863296252938,0.155414994083761,-0.014699501343344057
choque_20pct_permanente,permanente,0.8,0.19999999999999996,True,61,102,21,10181277.999140041,0.07852279260271565,0.20786117850425834,0.16707959596129948,-0.014371164197248314
choque_20pct_permanente,permanente,0.8,0.19999999999999996,True,61,102,22,10089724.899798237,0.08452804394439753,0.2093791899256141,0.18082575299182982,-0.022765947922524333
choque_20pct_permanente,permanente,0.8,0.19999999999999996,True,61,102,23,10036061.984465098,0.0890641532738456,0.20233273711706112,0.189166069912986,-0.03254524618680963
choque_20pct_permanente,permanente,0.8,0.19999999999999996,True,61,102,24,9908566.106729077,0.09368810346042804,0.18896776849061836,0.19790115733735328,-0.05053632537562999
choque_20pct_permanente,permanente,0.8,0.19999999999999996,True,61,102,25,9991626.823021678,0.08987067916596773,0.17267268030411342,0.19686457725990256,-0.05559755895451762
choque_20pct_permanente,permanente,0.8,0.19999999999999996,True,62,103,0,7609597.0,0.138,0.03,0.12063832026847152,0.010583740505574736
choque_20pct_permanente,permanente,0.8,0.19999999999999996,True,62,103,1,7652724.38733265,0.14039181650999813,0.030000000000000027,0.11859183719691781,0.007984885903803248
choque_20pct_permanente,permanente,0.8,0.19999999999999996,True,62,103,2,7801389.463608131,0.13522708141572493,0.02418076482516729,0.12045633882052506,0.0045390471653261434
choque_20pct_permanente,permanente,0.8,0.19999999999999996,True,62,103,3,8065835.647105424,0.12460547721408592,0.0268679008619761,0.11210610703681127,0.003572596108639618
choque_20pct_permanente,permanente,0.8,0.19999999999999996,True,62,103,4,8343083.17549668,0.10942724430667809,0.03031923998380992,0.10479249942583807,0.006601961244087908
choque_20pct_permanente,permanente,0.8,0.19999999999999996,True,62,103,5,8614925.251017274,0.09545387419539894,0.049011567947278234,0.09670817442899347,0.009369068843616081
choque_20pct_permanente,permanente,0.8,0.19999999999999996,True,62,103,6,8796244.713265745,0.08777056697005244,0.06927396889319004,0.09737732330807342,0.011611582956993643
choque_20pct_permanente,permanente,0.8,0.19999999999999996,True,62,103,7,8830734.070902564,0.09543073639458233,0.09816697294550458,0.10541394057823973,0.013498890497076137
choque_20pct_permanente,permanente,0.8,0.19999999999999996,True,62,103,8,8782805.081191193,0.10805457603654199,0.11464816219295826,0.12668504429544197,0.007437531860891932
choque_20pct_permanente,permanente,0.8,0.19999999999999996,True,62,103,9,8614505.01595842,0.12269153823583334,0.12270644559726485,0.14590794695618772,0.0023519841734432204
choque_20pct_permanente,permanente,0.8,0.19999999999999996,True,62,103,10,8431527.393863393,0.13597215871187215,0.11465690982170385,0.16502444555323326,-0.009195835446062006
choque_20pct_permanente,permanente,0.8,0.19999999999999996,True,62,103,11,8317665.877560057,0.1426972942241216,0.10052741387947539,0.17530248944584673,-0.020634653658743632
choque_20pct_permanente,permanente,0.8,0.19999999999999996,True,62,103,12,8230239.958860188,0.14718333210566156,0.08146786088803282,0.1816102115958953,-0.03140332315016512
choque_20pct_permanente,permanente,0.8,0.19999999999999996,True,62,103,13,8362184.376568108,0.14122790161927648,0.06260285719924252,0.17712850501598798,-0.036340353500217554
choque_20pct_permanente,permanente,0.8,0.19999999999999996,True,62,103,14,8612089.744974405,0.12363333359215736,0.048920242441222506,0.1640153054615831,-0.042731149883250524
choque_20pct_permanente,permanente,0.8,0.19999999999999996,True,62,103,15,9162099.237651484,0.0984864981115929,0.04445531766561506,0.1435857121895594,-0.03780103883286755
choque_20pct_permanente,permanente,0.8,0.19999999999999996,True,62,103,16,9525830.566693733,0.07457251645145531,0.05435208230414079,0.1296882953092934,-0.032311741697956066
choque_20pct_permanente,permanente,0.8,0.19999999999999996,True,62,103,17,9813337.739617761,0.06292269327868959,0.08225950302970597,0.1215823491274579,-0.023356793764585118
choque_20pct_permanente,permanente,0.8,0.19999999999999996,True,62,103,18,9930740.948077543,0.06333902524791907,0.12338690934082663,0.1270394200125737,-0.01740118614166086
choque_20pct_permanente,permanente,0.8,0.19999999999999996,True,62,103,19,10097502.308214346,0.07076933537968709,0.16173464261469528,0.1418316663214729,-0.013638622573804215
choque_20pct_permanente,permanente,0.8,0.19999999999999996,True,62,103,20,10174121.834528383,0.07412921220425836,0.18847165050826775,0.15742739779257858,-0.014737822562263659
choque_20pct_permanente,permanente,0.8,0.19999999999999996,True,62,103,21,10121449.68104905,0.08041154717996876,0.20532978172435645,0.16727245240296787,-0.019543192041850878
choque_20pct_permanente,permanente,0.8,0.19999999999999996,True,62,103,22,10114857.073523693,0.08670550539546422,0.20770054818673533,0.1791146278424797,-0.02541921161412319
choque_20pct_permanente,permanente,0.8,0.19999999999999996,True,62,103,23,9935760.827039605,0.09579726523736773,0.1999593001714055,0.19189640124704097,-0.0361546215954924
choque_20pct_permanente,permanente,0.8,0.19999999999999996,True,62,103,24,9838021.239531728,0.09607396482283925,0.1836421049515038,0.1994488306119621,-0.05172896988775049
choque_20pct_permanente,permanente,0.8,0.19999999999999996,True,62,103,25,10043676.809491292,0.08552540696807018,0.16693052616024584,0.19016619026499032,-0.054717651242215684
choque_20pct_permanente,permanente,0.8,0.19999999999999996,True,63,104,0,7609597.0,0.138,0.03,0.12063832026847152,0.010583740505574736
choque_20pct_permanente,permanente,0.8,0.19999999999999996,True,63,104,1,7652724.38733265,0.14039181650999813,0.030000000000000027,0.11859183719691781,0.007984885903803248
choque_20pct_permanente,permanente,0.8,0.19999999999999996,True,63,104,2,7800331.918084864,0.13522708141572493,0.024184839601901098,0.12056828844091663,0.005109422131421157
choque_20pct_permanente,permanente,0.8,0.19999999999999996,True,63,104,3,8035590.667129238,0.12544034788120734,0.02684110530888928,0.1128197861269166,0.004372443627964133
choque_20pct_permanente,permanente,0.8,0.19999999999999996,True,63,104,4,8337284.231077738,0.11061192036583727,0.02998433218666996,0.10532738182984704,0.008197021124033055
choque_20pct_permanente,permanente,0.8,0.19999999999999996,True,63,104,5,8645562.731592972,0.09475187525275967,0.0471784926535308,0.09708272058683214,0.013536086623754627
choque_20pct_permanente,permanente,0.8,0.19999999999999996,True,63,104,6,8708962.867811099,0.09052082087995586,0.06908647089475628,0.10017301384696699,0.011143706598398547
choque_20pct_permanente,permanente,0.8,0.19999999999999996,True,63,104,7,8731603.580353709,0.10183597109719635,0.09519830821409814,0.1120814176674066,0.014721075563596302
choque_20pct_permanente,permanente,0.8,0.19999999999999996,True,63,104,8,8657377.415819902,0.11582891359902237,0.10911851548935414,0.13330009685831387,0.006814312909114651
choque_20pct_permanente,permanente,0.8,0.19999999999999996,True,63,104,9,8558405.547552193,0.12113059358434954,0.11360381428310062,0.14666969852435552,0.003791611218009379
choque_20pct_permanente,permanente,0.8,0.19999999999999996,True,63,104,10,8450984.643912386,0.12862438151239777,0.10835850367962996,0.15830752299880618,-0.008199953829826247
choque_20pct_permanente,permanente,0.8,0.19999999999999996,True,63,104,11,8334483.8580082785,0.13716273335780604,0.09729254895909034,0.16947740019258647,-0.01788204444977855
choque_20pct_permanente,permanente,0.8,0.19999999999999996,True,63,104,12,8387290.795511444,0.13579226241089037,0.08232148350986401,0.17139014835391328,-0.027736302269649148
choque_20pct_permanente,permanente,0.8,0.19999999999999996,True,63,104,13,8461901.181670826,0.12929288653458057,0.06892711658260886,0.1678750198712025,-0.034722375990951314
choque_20pct_permanente,permanente,0.8,0.19999999999999996,True,63,104,14,8760975.553932209,0.11355370650253292,0.059049350153396185,0.15686204263385742,-0.035864493339656356
choque_20pct_permanente,permanente,0.8,0.19999999999999996,True,63,104,15,9146735.678438345,0.0914087023932136,0.057844148615914026,0.14281266014465585,-0.03361719339839498
choque_20pct_permanente,permanente,0.8,0.19999999999999996,True,63,104,16,9594307.32195647,0.07153531607101078,0.06932203704102724,0.12870433587617552,-0.028283341091368014
choque_20pct_permanente,permanente,0.8,0.19999999999999996,True,63,104,17,9846895.302029248,0.05982361360994974,0.0988030219153504,0.12233601722551196,-0.021930460158911234
choque_20pct_permanente,permanente,0.8,0.19999999999999996,True,63,104,18,10101200.071039325,0.05804332940685577,0.14012337086747673,0.12430708167410119,-0.011579598050798315
choque_20pct_permanente,permanente,0.8,0.19999999999999996,True,63,104,19,10168249.696503652,0.06647857929260886,0.1830204088377665,0.13935691804012787,-0.0040735791626816216
choque_20pct_permanente,permanente,0.8,0.19999999999999996,True,63,104,20,10170873.658055168,0.07620562305864358,0.20940003237318572,0.16142977245739393,-0.010275881602974369
choque_20pct_permanente,permanente,0.8,0.19999999999999996,True,63,104,21,10056385.385802325,0.08828587651520305,0.22195772863195762,0.17569957516652907,-0.013491775775462197
choque_20pct_permanente,permanente,0.8,0.19999999999999996,True,63,104,22,9875994.645489614,0.0954187164054842,0.2140395907935042,0.19128064480763535,-0.029019580951090237
choque_20pct_permanente,permanente,0.8,0.19999999999999996,True,63,104,23,9756955.822106728,0.09866889996211228,0.19835940947147535,0.1972687381586989,-0.04243251939093795
choque_20pct_permanente,permanente,0.8,0.19999999999999996,True,63,104,24,9670658.398629924,0.10246962063220966,0.176272605571274,0.20173654237601235,-0.05412549913197031
choque_20pct_permanente,permanente,0.8,0.19999999999999996,True,63,104,25,9825272.682753878,0.09180185082956553,0.15488187880207982,0.19666760064170896,-0.06145090761607026
choque_20pct_permanente,permanente,0.8,0.19999999999999996,True,64,105,0,7609597.0,0.138,0.03,0.12063832026847152,0.010583740505574736
choque_20pct_permanente,permanente,0.8,0.19999999999999996,True,64,105,1,7652724.38733265,0.14039181650999813,0.030000000000000027,0.11859183719691781,0.007984885903803248
choque_20pct_permanente,permanente,0.8,0.19999999999999996,True,64,105,2,7800563.818636234,0.13522708141572493,0.024177090049350314,0.12051070114827839,0.003203333660435202
choque_20pct_permanente,permanente,0.8,0.19999999999999996,True,64,105,3,8082200.757450347,0.12415519740479337,0.026867671667129223,0.11145732436299939,0.007161340119026205
choque_20pct_permanente,permanente,0.8,0.19999999999999996,True,64,105,4,8375355.965517943,0.11004903845188879,0.030515382646011835,0.1051377653029078,0.008595683120000875
choque_20pct_permanente,permanente,0.8,0.19999999999999996,True,64,105,5,8522786.416524047,0.10329992725305576,0.04772660964591946,0.10285179663161191,0.0056592138076526095
choque_20pct_permanente,permanente,0.8,0.19999999999999996,True,64,105,6,8637640.205999011,0.09986000492714638,0.0647246872117937,0.10697355611344338,0.00832942563180931
choque_20pct_permanente,permanente,0.8,0.19999999999999996,True,64,105,7,8715217.542872747,0.09830965853684209,0.08511995543278239,0.11273782405443378,0.008978435018203133
choque_20pct_permanente,permanente,0.8,0.19999999999999996,True,64,105,8,8727884.204640104,0.10520089291449311,0.10173993617969268,0.12404264701647999,0.005738129150571919
choque_20pct_permanente,permanente,0.8,0.19999999999999996,True,64,105,9,8623923.354545038,0.11789584189426172,0.11140508567796692,0.14103754854604245,0.001005218640888389
choque_20pct_permanente,permanente,0.8,0.19999999999999996,True,64,105,10,8476799.481631558,0.13240440882522944,0.10945010351987117,0.15922221511442267,-0.00737121861513276
choque_20pct_permanente,permanente,0.8,0.19999999999999996,True,64,105,11,8406213.078339651,0.13505308498163893,0.09854588574068313,0.16965394715850252,-0.017848550012439356
choque_20pct_permanente,permanente,0.8,0.19999999999999996,True,64,105,12,8358877.042121304,0.13835653906009465,0.08509981063378502,0.17315576576691635,-0.026927007866252222
choque_20pct_permanente,permanente,0.8,0.19999999999999996,True,64,105,13,8392960.632942121,0.13323048647796804,0.07115671713378946,0.17207297670473537,-0.03602232551231303
choque_20pct_permanente,permanente,0.8,0.19999999999999996,True,64,105,14,8750181.213085104,0.11619693386974535,0.06244441429392267,0.15682859749062986,-0.03548518104440921
choque_20pct_permanente,permanente,0.8,0.19999999999999996,True,64,105,15,9138421.28308842,0.09268759203357592,0.06028793409698263,0.14169798627855912,-0.029908204904303525
choque_20pct_permanente,permanente,0.8,0.19999999999999996,True,64,105,16,9516500.128827399,0.07001645102417518,0.07112620840628892,0.128578200023808,-0.02559321335730121
choque_20pct_permanente,permanente,0.8,0.19999999999999996,True,64,105,17,9818527.403546698,0.059989900672142125,0.10007439894482872,0.12081645947346506,-0.020022505231252694
choque_20pct_permanente,permanente,0.8,0.19999999999999996,True,64,105,18,9978119.652922168,0.06332971093366127,0.14004209644704346,0.12782582959414004,-0.013684579286417826
choque_20pct_permanente,permanente,0.8,0.19999999999999996,True,64,105,19,10057006.34371162,0.07258777012424905,0.17508377280505494,0.14700357216667967,-0.012618505012987937
choque_20pct_permanente,permanente,0.8,0.19999999999999996,True,64,105,20,10079339.32700026,0.07982341700003587,0.1933802170207677,0.16551215842267736,-0.014057722760026706
choque_20pct_permanente,permanente,0.8,0.19999999999999996,True,64,105,21,9972675.897394087,0.08780636122742473,0.19958583616951775,0.17857217558951774,-0.024225391970484584
choque_20pct_permanente,permanente,0.8,0.19999999999999996,True,64,105,22,9886099.19183008,0.09394222241463218,0.19374514456911052,0.18859387631860258,-0.0349903808671045
choque_20pct_permanente,permanente,0.8,0.19999999999999996,True,64,105,23,9842718.06979608,0.09297465417325902,0.1816560335279187,0.1925567796404015,-0.04324232129451258
choque_20pct_permanente,permanente,0.8,0.19999999999999996,True,64,105,24,9915687.75687946,0.08680805447883921,0.1682976014653259,0.18958283689887823,-0.04767740579458339
choque_20pct_permanente,permanente,0.8,0.19999999999999996,True,64,105,25,10157025.079173587,0.07256037656414556,0.15973384522565048,0.18086588717420127,-0.051317877774963765
choque_20pct_permanente,permanente,0.8,0.19999999999999996,True,65,106,0,7609597.0,0.138,0.03,0.12063832026847152,0.010583740505574736
choque_20pct_permanente,permanente,0.8,0.19999999999999996,True,65,106,1,7652724.38733265,0.14039181650999813,0.030000000000000027,0.11859183719691781,0.007984885903803248
choque_20pct_permanente,permanente,0.8,0.19999999999999996,True,65,106,2,7795759.389025463,0.13522708141572493,0.024174315104845245,0.12053338646317642,0.0028232504809952382
choque_20pct_permanente,permanente,0.8,0.19999999999999996,True,65,106,3,8066722.623080711,0.1240298344420654,0.0268813672610837,0.11103366099375539,0.0065528971094054
choque_20pct_permanente,permanente,0.8,0.19999999999999996,True,65,106,4,8381860.874581563,0.10756815905149672,0.030548426762506242,0.10317564383710648,0.005740841421100333
choque_20pct_permanente,permanente,0.8,0.19999999999999996,True,65,106,5,8643658.547630418,0.09540340073465908,0.04881573790835847,0.09529615227004151,0.010649942659668017
choque_20pct_permanente,permanente,0.8,0.19999999999999996,True,65,106,6,8790841.047074426,0.08789054296352941,0.0708848909644122,0.09665556981264561,0.014161775055736535
choque_20pct_permanente,permanente,0.8,0.19999999999999996,True,65,106,7,8917992.185111374,0.08670960947304719,0.09953355325212243,0.10191480494160118,0.015267795741566911
choque_20pct_permanente,permanente,0.8,0.19999999999999996,True,65,106,8,8809530.607523503,0.10299908565498737,0.12295781133942385,0.12148350588548279,0.013124772892835066
choque_20pct_permanente,permanente,0.8,0.19999999999999996,True,65,106,9,8542549.400583114,0.12818726406100203,0.13149340918273067,0.15223676028367464,0.0003468495356403612
choque_20pct_permanente,permanente,0.8,0.19999999999999996,True,65,106,10,8362135.156634709,0.14423686336489555,0.12192895160868167,0.1729991897861685,-0.010492031183036621
choque_20pct_permanente,permanente,0.8,0.19999999999999996,True,65,106,11,8200106.370033993,0.1511550168460436,0.10267361252284024,0.18348489356352843,-0.02432444622117999
choque_20pct_permanente,permanente,0.8,0.19999999999999996,True,65,106,12,8141663.325776913,0.15296306486121883,0.0795919328105299,0.18608384650890844,-0.035518035161465886
choque_20pct_permanente,permanente,0.8,0.19999999999999996,True,65,106,13,8284212.605128353,0.14552494275741268,0.058739547514748525,0.17899377268515215,-0.039278960613518356
choque_20pct_permanente,permanente,0.8,0.19999999999999996,True,65,106,14,8568597.008406792,0.12816221638034733,0.04281522592850684,0.16575241941831217,-0.04382780175481674
choque_20pct_permanente,permanente,0.8,0.19999999999999996,True,65,106,15,9051532.464398542,0.10481429683347193,0.03687580758138331,0.14643314193568177,-0.038398848013831234
choque_20pct_permanente,permanente,0.8,0.19999999999999996,True,65,106,16,9479230.416527249,0.07972882082680748,0.04329190821769546,0.13193161167434275,-0.03349923096311167
choque_20pct_permanente,permanente,0.8,0.19999999999999996,True,65,106,17,9728381.11777723,0.0660520795015746,0.06788622412573275,0.12397400184793102,-0.02929943649801793
choque_20pct_permanente,permanente,0.8,0.19999999999999996,True,65,106,18,9960250.763213193,0.06561576550880506,0.1051649408014157,0.12597764635081243,-0.024074848489505016
choque_20pct_permanente,permanente,0.8,0.19999999999999996,True,65,106,19,10153878.608027283,0.0670918369960358,0.14321542309115798,0.1376382761036412,-0.017994802396045846
choque_20pct_permanente,permanente,0.8,0.19999999999999996,True,65,106,20,10302942.042383436,0.06695805652051241,0.17656693796231604,0.14701170390467735,-0.012325609502739823
choque_20pct_permanente,permanente,0.8,0.19999999999999996,True,65,106,21,10397115.378916044,0.07039231284232965,0.20246179650548646,0.15709696459357742,-0.01293834469908026
choque_20pct_permanente,permanente,0.8,0.19999999999999996,True,65,106,22,10178673.047871467,0.08769925950289427,0.21459793514561065,0.1792011793314786,-0.02203784616953472
choque_20pct_permanente,permanente,0.8,0.19999999999999996,True,65,106,23,10054501.345943265,0.09765687197940762,0.20737326441724147,0.19903431805340288,-0.03147704459570903
choque_20pct_permanente,permanente,0.8,0.19999999999999996,True,65,106,24,9927190.196260503,0.10033278879496009,0.19217191490336338,0.20304949187893628,-0.0458923737936674
choque_20pct_permanente,permanente,0.8,0.19999999999999996,True,65,106,25,9964291.004514597,0.09546469125638182,0.17116627155469133,0.20119092440609068,-0.05558275263692706
choque_20pct_permanente,permanente,0.8,0.19999999999999996,True,66,107,0,7609597.0,0.138,0.03,0.12063832026847152,0.010583740505574736
choque_20pct_permanente,permanente,0.8,0.19999999999999996,True,66,107,1,7652724.38733265,0.14039181650999813,0.030000000000000027,0.11859183719691781,0.007984885903803248
choque_20pct_permanente,permanente,0.8,0.19999999999999996,True,66,107,2,7813739.9898260655,0.13522708141572493,0.02417499204141582,0.12049542615727203,0.0021218240363874157
choque_20pct_permanente,permanente,0.8,0.19999999999999996,True,66,107,3,8043384.744295323,0.12543951147811472,0.02687169830469127,0.11253875939232066,0.0051791478491445405
choque_20pct_permanente,permanente,0.8,0.19999999999999996,True,66,107,4,8362093.485037438,0.1096698145946373,0.029981432694052845,0.10514966826890736,0.006135468431830707
choque_20pct_permanente,permanente,0.8,0.19999999999999996,True,66,107,5,8565065.368185747,0.10170205866429446,0.04836672160382105,0.0988361424556182,0.009098578936638348
choque_20pct_permanente,permanente,0.8,0.19999999999999996,True,66,107,6,8746919.89593239,0.09191596891375525,0.06628547670832918,0.10140301455889532,0.007888442363257385
choque_20pct_permanente,permanente,0.8,0.19999999999999996,True,66,107,7,8806585.389551854,0.09375077510324188,0.0930868686455244,0.10495411934457631,0.011358909979456005
choque_20pct_permanente,permanente,0.8,0.19999999999999996,True,66,107,8,8755619.82018037,0.10417152715403542,0.10957295827227864,0.1237866199703551,0.010959074876103703
choque_20pct_permanente,permanente,0.8,0.19999999999999996,True,66,107,9,8642733.772885092,0.11792182367397715,0.11936863716777335,0.14358320783850767,0.004174301459267622
choque_20pct_permanente,permanente,0.8,0.19999999999999996,True,66,107,10,8413360.02093506,0.1368159339723967,0.11494675916063102,0.16611354577342857,-0.008958268890612972
choque_20pct_permanente,permanente,0.8,0.19999999999999996,True,66,107,11,8209954.44172453,0.1533757738829102,0.10159047127630583,0.18260846283216564,-0.020357157103847164
choque_20pct_permanente,permanente,0.8,0.19999999999999996,True,66,107,12,8099929.670534619,0.15646426600931942,0.08076039262221735,0.18946856783468022,-0.02981891447458147
choque_20pct_permanente,permanente,0.8,0.19999999999999996,True,66,107,13,8226384.747792553,0.14851721511601526,0.06055399936340544,0.18240444074649326,-0.036635102614254976
choque_20pct_permanente,permanente,0.8,0.19999999999999996,True,66,107,14,8521411.410830759,0.13197467960199294,0.04328034249908708,0.1693085188007323,-0.041801899618380496
choque_20pct_permanente,permanente,0.8,0.19999999999999996,True,66,107,15,9010234.614909254,0.10714833274040357,0.03591344789490791,0.15031255996203613,-0.03912373176574153
choque_20pct_permanente,permanente,0.8,0.19999999999999996,True,66,107,16,9426278.0014684,0.08402551247981563,0.040675742429779005,0.1350105585933472,-0.03370379627514167
choque_20pct_permanente,permanente,0.8,0.19999999999999996,True,66,107,17,9784470.015020568,0.06771524488367134,0.06294017709051758,0.1259437202866163,-0.03106528826486596
choque_20pct_permanente,permanente,0.8,0.19999999999999996,True,66,107,18,9896034.470739752,0.06407372648099573,0.10102207175484734,0.1266664622745974,-0.022629417195544094
choque_20pct_permanente,permanente,0.8,0.19999999999999996,True,66,107,19,10030566.880321903,0.07276486876340553,0.1420479149515983,0.13956743849677716,-0.020075106819187408
choque_20pct_permanente,permanente,0.8,0.19999999999999996,True,66,107,20,10144119.173715068,0.07696335710873611,0.17079194808255282,0.15623048405409568,-0.01576104678266024
choque_20pct_permanente,permanente,0.8,0.19999999999999996,True,66,107,21,10161174.005041063,0.07484144261899721,0.19005581098909463,0.16373852233498717,-0.0187176870422573
choque_20pct_permanente,permanente,0.8,0.19999999999999996,True,66,107,22,10206076.040924655,0.07546107035375861,0.20062091542091087,0.16900550091132216,-0.02081464765654333
choque_20pct_permanente,permanente,0.8,0.19999999999999996,True,66,107,23,10160470.013483457,0.08177384869607689,0.2026360210544429,0.18116927428102875,-0.028059221105905124
choque_20pct_permanente,permanente,0.8,0.19999999999999996,True,66,107,24,10026681.580294954,0.09052452327245135,0.19819106692315414,0.19507754547850578,-0.03867650501572464
choque_20pct_permanente,permanente,0.8,0.19999999999999996,True,66,107,25,10004162.62476973,0.09188477516674348,0.1842074921549295,0.20178289817008455,-0.05275574870393266
choque_20pct_permanente,permanente,0.8,0.19999999999999996,True,67,108,0,7609597.0,0.138,0.03,0.12063832026847152,0.010583740505574736
choque_20pct_permanente,permanente,0.8,0.19999999999999996,True,67,108,1,7652724.38733265,0.14039181650999813,0.030000000000000027,0.11859183719691781,0.007984885903803248
choque_20pct_permanente,permanente,0.8,0.19999999999999996,True,67,108,2,7798543.595592602,0.13522708141572493,0.02418362697756926,0.12052372678520605,0.004634758829242098
choque_20pct_permanente,permanente,0.8,0.19999999999999996,True,67,108,3,8040886.970484645,0.12396056022957515,0.026857167535801363,0.11195389893165422,0.005743224782402626
choque_20pct_permanente,permanente,0.8,0.19999999999999996,True,67,108,4,8353898.367464216,0.10895051213167273,0.030661408992612493,0.10392576793204017,0.007348702328343026
choque_20pct_permanente,permanente,0.8,0.19999999999999996,True,67,108,5,8639778.543727065,0.09427930038018216,0.04950565092134118,0.09584257649839492,0.010554831910567122
choque_20pct_permanente,permanente,0.8,0.19999999999999996,True,67,108,6,8792863.913840126,0.08771124915083095,0.07151375208997823,0.09693907108186131,0.010496982818032952
choque_20pct_permanente,permanente,0.8,0.19999999999999996,True,67,108,7,8810430.682288367,0.0952996748973035,0.1002394237391071,0.10553452711854559,0.014849313164584991
choque_20pct_permanente,permanente,0.8,0.19999999999999996,True,67,108,8,8780002.98977585,0.10424215173862876,0.11712713365126892,0.1253151073275837,0.011115352392346452
choque_20pct_permanente,permanente,0.8,0.19999999999999996,True,67,108,9,8616822.549035195,0.12256055629042518,0.1260556827057948,0.14462038685812661,0.0040749955839981524
choque_20pct_permanente,permanente,0.8,0.19999999999999996,True,67,108,10,8389553.67400083,0.13938155955840015,0.11713608646968399,0.16842936364813962,-0.005782763771374055
choque_20pct_permanente,permanente,0.8,0.19999999999999996,True,67,108,11,8237750.341274759,0.15049017935857692,0.10076727040316302,0.18173818923371338,-0.018601571847093035
choque_20pct_permanente,permanente,0.8,0.19999999999999996,True,67,108,12,8099503.041688543,0.15819007769939825,0.07742254244799951,0.19191407211538852,-0.03494525203342961
choque_20pct_permanente,permanente,0.8,0.19999999999999996,True,67,108,13,8153900.703038414,0.15525169192771496,0.05564633703989608,0.1883596708808214,-0.046442491382365086
choque_20pct_permanente,permanente,0.8,0.19999999999999996,True,67,108,14,8519244.480116261,0.13684043188403466,0.037452344313528174,0.17035698369574617,-0.04761626375354525
choque_20pct_permanente,permanente,0.8,0.19999999999999996,True,67,108,15,9125098.601795185,0.10458321009058234,0.030221624176377748,0.1457912952172237,-0.04230319853400498
choque_20pct_permanente,permanente,0.8,0.19999999999999996,True,67,108,16,9542938.675913729,0.07704159433236722,0.03877493875517657,0.1281154313872368,-0.035582679994950156
choque_20pct_permanente,permanente,0.8,0.19999999999999996,True,67,108,17,9781445.802014196,0.06451903519409963,0.0659067813337404,0.12115204233374872,-0.031196732957835392
choque_20pct_permanente,permanente,0.8,0.19999999999999996,True,67,108,18,9977655.884740543,0.06246075615825953,0.10747442422272302,0.1238045702758243,-0.022765278772429086
choque_20pct_permanente,permanente,0.8,0.19999999999999996,True,67,108,19,10145811.961105708,0.06350673452360936,0.1522803567188289,0.13458810249987238,-0.015394998929044222
choque_20pct_permanente,permanente,0.8,0.19999999999999996,True,67,108,20,10294078.21841493,0.06801512603607555,0.1896407954039261,0.14725028055923217,-0.013662793978554215
choque_20pct_permanente,permanente,0.8,0.19999999999999996,True,67,108,21,10292494.625630893,0.07567125969551727,0.2131792909265109,0.16226530381533202,-0.014217407335381753
choque_20pct_permanente,permanente,0.8,0.19999999999999996,True,67,108,22,10263818.626629507,0.07785393225801765,0.22168618782464056,0.174575350043251,-0.020238731401218985
choque_20pct_permanente,permanente,0.8,0.19999999999999996,True,67,108,23,10156768.260685995,0.08494553732767338,0.22016249542567823,0.18329765364750022,-0.028058190844201962
choque_20pct_permanente,permanente,0.8,0.19999999999999996,True,67,108,24,10015147.842518289,0.09204570409931606,0.20755153857097408,0.19692650157320976,-0.040004305356673896
choque_20pct_permanente,permanente,0.8,0.19999999999999996,True,67,108,25,9930477.280765062,0.09634277598043685,0.18987877599602299,0.2028390991336216,-0.051877666855759064
choque_20pct_permanente,permanente,0.8,0.19999999999999996,True,68,109,0,7609597.0,0.138,0.03,0.12063832026847152,0.010583740505574736
choque_20pct_permanente,permanente,0.8,0.19999999999999996,True,68,109,1,7652724.38733265,0.14039181650999813,0.030000000000000027,0.11859183719691781,0.007984885903803248
choque_20pct_permanente,permanente,0.8,0.19999999999999996,True,68,109,2,7795564.207145303,0.13522708141572493,0.02418834528460323,0.12055536259422993,0.006009541766542328
choque_20pct_permanente,permanente,0.8,0.19999999999999996,True,68,109,3,8084124.505442788,0.12459673686515614,0.026850664392079837,0.11150158718514273,0.004540910103163122
choque_20pct_permanente,permanente,0.8,0.19999999999999996,True,68,109,4,8339610.36786887,0.11017589977930625,0.03039670273599726,0.10470412203118896,0.007572112323746219
choque_20pct_permanente,permanente,0.8,0.19999999999999996,True,68,109,5,8642806.79258913,0.09519059055981376,0.047202352887877996,0.0975954118212039,0.008880804856689746
choque_20pct_permanente,permanente,0.8,0.19999999999999996,True,68,109,6,8764034.032980228,0.08846587811041583,0.06927784585785579,0.09857340025456852,0.011877409619034534
choque_20pct_permanente,permanente,0.8,0.19999999999999996,True,68,109,7,8811392.740439644,0.09493074764875147,0.0971233056144809,0.1069829501557658,0.013800482814239602
choque_20pct_permanente,permanente,0.8,0.19999999999999996,True,68,109,8,8744362.222593643,0.10675518592523335,0.1148992767808299,0.12750901115807656,0.00842157862588604
choque_20pct_permanente,permanente,0.8,0.19999999999999996,True,68,109,9,8572847.977736566,0.12352913604186903,0.12280541635033893,0.14769304872246763,0.0029116433772047394
choque_20pct_permanente,permanente,0.8,0.19999999999999996,True,68,109,10,8420746.031206924,0.1354162791228137,0.11498957838348356,0.16580029211467948,-0.005550279773180033
choque_20pct_permanente,permanente,0.8,0.19999999999999996,True,68,109,11,8289752.190391285,0.14240621323183478,0.10110467698221659,0.17591850521255903,-0.01768416391198499
choque_20pct_permanente,permanente,0.8,0.19999999999999996,True,68,109,12,8213270.091054862,0.14812475114896273,0.08245201015117631,0.18169831832946248,-0.028891681995484815
choque_20pct_permanente,permanente,0.8,0.19999999999999996,True,68,109,13,8302727.361463492,0.14051808744348956,0.06397603002176755,0.17860814472366707,-0.038078205339031355
choque_20pct_permanente,permanente,0.8,0.19999999999999996,True,68,109,14,8579804.691118143,0.1257189391388961,0.04937523448155212,0.16573617063968527,-0.037832876567060095
choque_20pct_permanente,permanente,0.8,0.19999999999999996,True,68,109,15,9070601.069064295,0.09874207469094096,0.04338983543667352,0.14693671416868262,-0.037220490266117796
choque_20pct_permanente,permanente,0.8,0.19999999999999996,True,68,109,16,9529348.422944438,0.07406427604850505,0.05335902723056285,0.1287691700385641,-0.030662190210001838
choque_20pct_permanente,permanente,0.8,0.19999999999999996,True,68,109,17,9861186.39651495,0.05977854834445213,0.08354992166468089,0.1188135326328235,-0.024400418714792777
choque_20pct_permanente,permanente,0.8,0.19999999999999996,True,68,109,18,10015744.768686013,0.05939934355936798,0.1277740743463891,0.12203598411639278,-0.014336588690754127
choque_20pct_permanente,permanente,0.8,0.19999999999999996,True,68,109,19,10139690.831484063,0.06718391161782296,0.17103026776739205,0.13893587949072397,-0.00832564316534283
choque_20pct_permanente,permanente,0.8,0.19999999999999996,True,68,109,20,10226783.118869182,0.07462171777838994,0.19850780259828937,0.15850350149078316,-0.010258668087687207
choque_20pct_permanente,permanente,0.8,0.19999999999999996,True,68,109,21,10032408.31383047,0.08834712778899874,0.2121968217055532,0.17677305523880246,-0.01809060895761096
choque_20pct_permanente,permanente,0.8,0.19999999999999996,True,68,109,22,9934239.729693111,0.09638542516323016,0.20639400014237252,0.19248565334517148,-0.03003564552704986
choque_20pct_permanente,permanente,0.8,0.19999999999999996,True,68,109,23,9712672.902933167,0.10328366238476855,0.19276827212395697,0.20080029287699053,-0.04267139395091284
choque_20pct_permanente,permanente,0.8,0.19999999999999996,True,68,109,24,9811805.043600772,0.09757549373493604,0.1705524213379146,0.1993091693788193,-0.05225762911992582
choque_20pct_permanente,permanente,0.8,0.19999999999999996,True,68,109,25,9892380.641423546,0.08798037196592824,0.15439652144972937,0.19132891771515007,-0.05930950397344079
choque_20pct_permanente,permanente,0.8,0.19999999999999996,True,69,110,0,7609597.0,0.138,0.03,0.12063832026847152,0.010583740505574736
choque_20pct_permanente,permanente,0.8,0.19999999999999996,True,69,110,1,7652724.38733265,0.14039181650999813,0.030000000000000027,0.11859183719691781,0.007984885903803248
choque_20pct_permanente,permanente,0.8,0.19999999999999996,True,69,110,2,7808005.83577837,0.1352271743258113,0.02417543691180768,0.12048629552242138,0.002645565424754922
choque_20pct_permanente,permanente,0.8,0.19999999999999996,True,69,110,3,8076202.453951858,0.12402598259044004,0.026865393308924235,0.11140889724019841,0.007622436129147782
choque_20pct_permanente,permanente,0.8,0.19999999999999996,True,69,110,4,8328828.854193888,0.1091288507026388,0.0305426236931734,0.10507568759882267,0.00598002081027474
choque_20pct_permanente,permanente,0.8,0.19999999999999996,True,69,110,5,8599829.964112591,0.10073501314677258,0.04793376056945986,0.09883063823364574,0.00777617118408905
choque_20pct_permanente,permanente,0.8,0.19999999999999996,True,69,110,6,8757481.950282764,0.0897707416778457,0.0670192088064212,0.09952921713162438,0.01025725459605618
choque_20pct_permanente,permanente,0.8,0.19999999999999996,True,69,110,7,8924626.826193174,0.08493325293247425,0.0945222745332217,0.10010560462945055,0.015556329729549387
choque_20pct_permanente,permanente,0.8,0.19999999999999996,True,69,110,8,8881794.591377813,0.09697478149769342,0.11911202982304325,0.11502801569988803,0.014058346315588078
choque_20pct_permanente,permanente,0.8,0.19999999999999996,True,69,110,9,8732388.99871055,0.11296657142712628,0.1321599894973824,0.13994518754417104,0.008848201424907056
choque_20pct_permanente,permanente,0.8,0.19999999999999996,True,69,110,10,8480442.082515309,0.1335200236128311,0.1304334366440585,0.1638993198573728,-0.002978908902266947
choque_20pct_permanente,permanente,0.8,0.19999999999999996,True,69,110,11,8233848.551622241,0.15037152341245374,0.11496165107753997,0.18417460194758944,-0.018934378196184817
choque_20pct_permanente,permanente,0.8,0.19999999999999996,True,69,110,12,8085412.649282774,0.1599236333629032,0.09177372743761181,0.1944397389028744,-0.03503127339189259
choque_20pct_permanente,permanente,0.8,0.19999999999999996,True,69,110,13,8123813.312126461,0.156534922646137,0.06576130357293208,0.19154784350377227,-0.04393459870547634
choque_20pct_permanente,permanente,0.8,0.19999999999999996,True,69,110,14,8537461.12275225,0.13336641802042404,0.04388099346461716,0.17169120223165088,-0.04406686975253787
choque_20pct_permanente,permanente,0.8,0.19999999999999996,True,69,110,15,9059805.247862497,0.10120693366920477,0.03307982276319699,0.1487340437986186,-0.04220937310277119
choque_20pct_permanente,permanente,0.8,0.19999999999999996,True,69,110,16,9475068.301998014,0.07901805628992847,0.04004415352030177,0.1315194181289379,-0.03480384236165693
choque_20pct_permanente,permanente,0.8,0.19999999999999996,True,69,110,17,9740312.234314308,0.06437617817083105,0.06517881578551044,0.12467509092253891,-0.028953375841750072
choque_20pct_permanente,permanente,0.8,0.19999999999999996,True,69,110,18,9931888.247003784,0.06441959828091005,0.10630228411670739,0.12551864169749719,-0.025346666431592405
choque_20pct_permanente,permanente,0.8,0.19999999999999996,True,69,110,19,10183458.413886119,0.06682231728316793,0.14675668091117267,0.1378776179026331,-0.013912290630473917
choque_20pct_permanente,permanente,0.8,0.19999999999999996,True,69,110,20,10306639.617252136,0.0675643211919256,0.18172991327043753,0.1492323573375415,-0.013465834264148793
choque_20pct_permanente,permanente,0.8,0.19999999999999996,True,69,110,21,10254164.134421635,0.07432759699111638,0.206337016740745,0.16179079704984003,-0.01240268092826092
choque_20pct_permanente,permanente,0.8,0.19999999999999996,True,69,110,22,10143352.364916388,0.08634587622826072,0.2175279370230372,0.17921388836975624,-0.020767880357727458
choque_20pct_permanente,permanente,0.8,0.19999999999999996,True,69,110,23,10036867.385407487,0.09346784307092997,0.21119277548932525,0.19368629176169447,-0.031708781928243314
choque_20pct_permanente,permanente,0.8,0.19999999999999996,True,69,110,24,9897064.655466337,0.09647990315597893,0.1965914389370973,0.20003757554303875,-0.043338913985512484
choque_20pct_permanente,permanente,0.8,0.19999999999999996,True,69,110,25,9934320.493936349,0.09245616476340984,0.17696517561615543,0.19978694160808644,-0.05492803049747249
choque_20pct_permanente,permanente,0.8,0.19999999999999996,True,70,111,0,7609597.0,0.138,0.03,0.12063832026847152,0.010583740505574736
choque_20pct_permanente,permanente,0.8,0.19999999999999996,True,70,111,1,7652724.38733265,0.14039181650999813,0.030000000000000027,0.11859183719691781,0.007984885903803248
choque_20pct_permanente,permanente,0.8,0.19999999999999996,True,70,111,2,7810558.145549158,0.13522708141572493,0.02416379221127296,0.1205771870152906,-0.0004998282809616247
choque_20pct_permanente,permanente,0.8,0.19999999999999996,True,70,111,3,8094292.032921445,0.12339508676856754,0.02693906039771976,0.11024539303697212,0.005744063310937772
choque_20pct_permanente,permanente,0.8,0.19999999999999996,True,70,111,4,8415242.424626948,0.10595908311296691,0.03088572155142888,0.1017948972497072,0.009076698661175513
choque_20pct_permanente,permanente,0.8,0.19999999999999996,True,70,111,5,8683545.21617187,0.09311780029055214,0.04949559127366765,0.09489603721734044,0.014016681012416895
choque_20pct_permanente,permanente,0.8,0.19999999999999996,True,70,111,6,8776026.008914983,0.09069799801800678,0.0727509780365101,0.09958986364784272,0.012434439991998144
choque_20pct_permanente,permanente,0.8,0.19999999999999996,True,70,111,7,8738581.522960678,0.10204048082302171,0.09974705021448482,0.11220187751472564,0.014225123559028616
choque_20pct_permanente,permanente,0.8,0.19999999999999996,True,70,111,8,8617302.87522693,0.11509166660854372,0.11410775185412492,0.1338296163111533,0.005730720494631223
choque_20pct_permanente,permanente,0.8,0.19999999999999996,True,70,111,9,8509187.766015667,0.12840973806216124,0.1180939311829261,0.14922519296781886,0.002277515892286205
choque_20pct_permanente,permanente,0.8,0.19999999999999996,True,70,111,10,8329540.7008333355,0.13742458296709756,0.10923891897205551,0.16495571622898794,-0.011350184282851287
choque_20pct_permanente,permanente,0.8,0.19999999999999996,True,70,111,11,8274914.871000239,0.14116364943929846,0.09432763885929041,0.1726508882085195,-0.02196894152336227
choque_20pct_permanente,permanente,0.8,0.19999999999999996,True,70,111,12,8224918.993852686,0.14522647755348325,0.07515538952808387,0.1781591866991281,-0.03178083168191738
choque_20pct_permanente,permanente,0.8,0.19999999999999996,True,70,111,13,8407873.852270355,0.13636902746601598,0.058266065851703575,0.17184850534254162,-0.03929345113090852
choque_20pct_permanente,permanente,0.8,0.19999999999999996,True,70,111,14,8719804.373921337,0.11855812607980677,0.045311212972918735,0.15945580719581862,-0.04154412291558859
choque_20pct_permanente,permanente,0.8,0.19999999999999996,True,70,111,15,9167926.182004994,0.09448715717887513,0.04314890624079171,0.14230808177395315,-0.03673573818664602
choque_20pct_permanente,permanente,0.8,0.19999999999999996,True,70,111,16,9517274.472829293,0.07508370788116847,0.056012289789331815,0.12924121057347815,-0.031775514008138946
choque_20pct_permanente,permanente,0.8,0.19999999999999996,True,70,111,17,9808993.481206533,0.06401074877260175,0.08477440382950152,0.12291342898108332,-0.024133279052229596
choque_20pct_permanente,permanente,0.8,0.19999999999999996,True,70,111,18,10061211.070819039,0.060308728071581004,0.12464228575971648,0.12485493564365828,-0.014332429924201378
choque_20pct_permanente,permanente,0.8,0.19999999999999996,True,70,111,19,10249301.084758606,0.06320608299993383,0.1681543417193785,0.13506573963395285,-0.011220238053670848
choque_20pct_permanente,permanente,0.8,0.19999999999999996,True,70,111,20,10248598.691108782,0.0739189456552322,0.2025039725305957,0.1529781338318358,-0.00971077529552999
choque_20pct_permanente,permanente,0.8,0.19999999999999996,True,70,111,21,10211808.651223699,0.08273275929904149,0.21605181094841308,0.1727840939824928,-0.013449911934460448
choque_20pct_permanente,permanente,0.8,0.19999999999999996,True,70,111,22,9983707.558281902,0.09154206261941922,0.21659701523889874,0.18730275477199804,-0.02315250734220261
choque_20pct_permanente,permanente,0.8,0.19999999999999996,True,70,111,23,9836082.454313826,0.10079452962361148,0.2029849875333951,0.1993410238027346,-0.038849610893688505
choque_20pct_permanente,permanente,0.8,0.19999999999999996,True,70,111,24,9694885.629711172,0.10550791201263061,0.1822647097124288,0.20718853965434197,-0.05333829539679282
choque_20pct_permanente,permanente,0.8,0.19999999999999996,True,70,111,25,9763542.241748411,0.09928698173824994,0.15875315189920447,0.2037471911346146,-0.06305015763917726
choque_20pct_permanente,permanente,0.8,0.19999999999999996,True,71,112,0,7609597.0,0.138,0.03,0.12063832026847152,0.010583740505574736
choque_20pct_permanente,permanente,0.8,0.19999999999999996,True,71,112,1,7652724.38733265,0.14039181650999813,0.030000000000000027,0.11859183719691781,0.007984885903803248
choque_20pct_permanente,permanente,0.8,0.19999999999999996,True,71,112,2,7805611.452779818,0.13522708141572493,0.02418121984506083,0.12046544943382044,0.004319352369148146
choque_20pct_permanente,permanente,0.8,0.19999999999999996,True,71,112,3,8047260.082707708,0.1251054153332465,0.026885194440390503,0.1121243346618294,0.008478895790693221
choque_20pct_permanente,permanente,0.8,0.19999999999999996,True,71,112,4,8333472.804163698,0.11111636507355624,0.03011629428964957,0.10642870105332793,0.009084732858890353
choque_20pct_permanente,permanente,0.8,0.19999999999999996,True,71,112,5,8495915.04955514,0.10107338902042713,0.046587312899581956,0.1023450401629495,0.009134243850018552
choque_20pct_permanente,permanente,0.8,0.19999999999999996,True,71,112,6,8661973.485338561,0.09843537165507445,0.06435508856510586,0.10522115152884186,0.009434164920709833
choque_20pct_permanente,permanente,0.8,0.19999999999999996,True,71,112,7,8733636.176918399,0.09994069723320179,0.08677739076201507,0.1121248651516824,0.010069301519373105
choque_20pct_permanente,permanente,0.8,0.19999999999999996,True,71,112,8,8702876.062499195,0.11170264559223826,0.10237082531731834,0.12675841757151865,0.006813896662226644
choque_20pct_permanente,permanente,0.8,0.19999999999999996,True,71,112,9,8622628.691788333,0.12147490196608625,0.10883699712647465,0.14422517032542687,0.0011637405435194032
choque_20pct_permanente,permanente,0.8,0.19999999999999996,True,71,112,10,8424702.244702568,0.1329342595612911,0.1054472176838861,0.16079756311103732,-0.009188023282199533
choque_20pct_permanente,permanente,0.8,0.19999999999999996,True,71,112,11,8348518.753341863,0.14031048219515016,0.09403097941608385,0.17166172521010356,-0.020072738510652235
choque_20pct_permanente,permanente,0.8,0.19999999999999996,True,71,112,12,8302534.642582306,0.14366285075353002,0.07932223634347424,0.1764758732271544,-0.029882174531661004
choque_20pct_permanente,permanente,0.8,0.19999999999999996,True,71,112,13,8407764.636807417,0.13840786364966565,0.06428497659468602,0.17289085775222818,-0.034859579972317166
choque_20pct_permanente,permanente,0.8,0.19999999999999996,True,71,112,14,8663940.256696416,0.12253162133299053,0.05314890350520707,0.16185975694429874,-0.03595419796632093
choque_20pct_permanente,permanente,0.8,0.19999999999999996,True,71,112,15,9063543.642353324,0.09982445291248561,0.04944475435648843,0.1462737508986397,-0.035114614488952256
choque_20pct_permanente,permanente,0.8,0.19999999999999996,True,71,112,16,9485262.176083962,0.0818201920982794,0.057594006412226006,0.1332994374304585,-0.031464642145882994
choque_20pct_permanente,permanente,0.8,0.19999999999999996,True,71,112,17,9774969.57231056,0.06364422557783454,0.07788747865665879,0.12675196301878022,-0.02726210599666963
choque_20pct_permanente,permanente,0.8,0.19999999999999996,True,71,112,18,10079752.606946757,0.058382343237778224,0.11755850880280727,0.12128532800401616,-0.016087829215107003
choque_20pct_permanente,permanente,0.8,0.19999999999999996,True,71,112,19,10190872.642029379,0.06488852394239807,0.16067241687848832,0.13490696851726044,-0.012704561637468465
choque_20pct_permanente,permanente,0.8,0.19999999999999996,True,71,112,20,10223033.828730807,0.07700974701776526,0.1937445333162271,0.1565595112167268,-0.010582609068388973
choque_20pct_permanente,permanente,0.8,0.19999999999999996,True,71,112,21,10177204.251868585,0.08524474824743529,0.20727824402314976,0.1749152018484807,-0.018747705093134764
choque_20pct_permanente,permanente,0.8,0.19999999999999996,True,71,112,22,9991453.525358427,0.09269581334775602,0.20663174426573705,0.18726981126715445,-0.027391738543381394
choque_20pct_permanente,permanente,0.8,0.19999999999999996,True,71,112,23,9874498.980322259,0.09943668711622856,0.19481962132925745,0.1963427829858851,-0.038725951930294045
choque_20pct_permanente,permanente,0.8,0.19999999999999996,True,71,112,24,9804095.483577922,0.10015087437572086,0.17637917179354434,0.2013207136894957,-0.05066082594269776
choque_20pct_permanente,permanente,0.8,0.19999999999999996,True,71,112,25,9950667.174479239,0.09072564579107152,0.15813019675144968,0.19562019736347477,-0.0633495341575679
choque_20pct_permanente,permanente,0.8,0.19999999999999996,True,72,113,0,7609597.0,0.138,0.03,0.12063832026847152,0.010583740505574736
choque_20pct_permanente,permanente,0.8,0.19999999999999996,True,72,113,1,7652724.38733265,0.14039181650999813,0.030000000000000027,0.11859183719691781,0.007984885903803248
choque_20pct_permanente,permanente,0.8,0.19999999999999996,True,72,113,2,7794028.0849892935,0.13522708141572493,0.024178506740961447,0.12052591699044952,0.0034360613904552326
choque_20pct_permanente,permanente,0.8,0.19999999999999996,True,72,113,3,8057296.142543379,0.124924758241077,0.026850035628960045,0.1110388691167739,0.0042623634323819826
choque_20pct_permanente,permanente,0.8,0.19999999999999996,True,72,113,4,8431196.382067263,0.10579124766058694,0.030229701823787147,0.10201324763371468,0.007982660159781696
choque_20pct_permanente,permanente,0.8,0.19999999999999996,True,72,113,5,8630308.830402132,0.09358327131942291,0.0502559990865179,0.09436475213511236,0.013849521652798536
choque_20pct_permanente,permanente,0.8,0.19999999999999996,True,72,113,6,8777767.943038343,0.08770712623839595,0.07308713587220983,0.09792639377844162,0.01212539057987104
choque_20pct_permanente,permanente,0.8,0.19999999999999996,True,72,113,7,8764961.96169546,0.09703514304963176,0.10220204472775873,0.1079985195862242,0.01128221499596157
choque_20pct_permanente,permanente,0.8,0.19999999999999996,True,72,113,8,8706589.346418094,0.11163191780949204,0.1176743827343536,0.1300123209601128,0.008455331595514926
choque_20pct_permanente,permanente,0.8,0.19999999999999996,True,72,113,9,8521249.90168478,0.12723682779419637,0.12352262194126196,0.14899654285144037,0.0028856283066228602
choque_20pct_permanente,permanente,0.8,0.19999999999999996,True,72,113,10,8397728.403143868,0.13762212735712487,0.11378234016264588,0.16503520936583596,-0.0054320206475345426
choque_20pct_permanente,permanente,0.8,0.19999999999999996,True,72,113,11,8176742.023224581,0.14829650973833736,0.09862815925375479,0.17813527347789504,-0.021317256612578894
choque_20pct_permanente,permanente,0.8,0.19999999999999996,True,72,113,12,8185943.735840904,0.15002106132954754,0.0762254933988793,0.18358482619385627,-0.03270482540257882
choque_20pct_permanente,permanente,0.8,0.19999999999999996,True,72,113,13,8264188.710103077,0.1447417634701616,0.05578164271968711,0.1798592181262805,-0.04261458481651563
choque_20pct_permanente,permanente,0.8,0.19999999999999996,True,72,113,14,8680677.939873964,0.12559824619956217,0.03951143174884564,0.1634132857129611,-0.040668596382588865
choque_20pct_permanente,permanente,0.8,0.19999999999999996,True,72,113,15,9070904.850271128,0.10089687402032035,0.03557417405924701,0.14579005167733547,-0.038069777009983166
choque_20pct_permanente,permanente,0.8,0.19999999999999996,True,72,113,16,9478481.260052526,0.07709649350852328,0.044865174987707146,0.1308911747759447,-0.03278699217693721
choque_20pct_permanente,permanente,0.8,0.19999999999999996,True,72,113,17,9801372.180581458,0.06458646434521695,0.07322062284419228,0.12188709380165529,-0.024726918740125357
choque_20pct_permanente,permanente,0.8,0.19999999999999996,True,72,113,18,9979418.177906927,0.06194960514649551,0.11298654391614305,0.12580167965766015,-0.020945536743973942
choque_20pct_permanente,permanente,0.8,0.19999999999999996,True,72,113,19,10205630.131810077,0.065531020025342,0.15714564640960282,0.13476800378507692,-0.01436152223004365
choque_20pct_permanente,permanente,0.8,0.19999999999999996,True,72,113,20,10315856.34957105,0.06818021827853554,0.19138005446955075,0.14872200462649235,-0.008577081487464167
choque_20pct_permanente,permanente,0.8,0.19999999999999996,True,72,113,21,10349972.506553184,0.07109066440596816,0.21497682447907307,0.16009484257192477,-0.010923162931061279
choque_20pct_permanente,permanente,0.8,0.19999999999999996,True,72,113,22,10197388.549838146,0.08416107747074322,0.22428859811804336,0.17791937540128097,-0.018653166730440908
choque_20pct_permanente,permanente,0.8,0.19999999999999996,True,72,113,23,10034235.238304188,0.09872655677091845,0.2154170242953004,0.19911304161148308,-0.03419238521360159
choque_20pct_permanente,permanente,0.8,0.19999999999999996,True,72,113,24,9776253.535448315,0.10903854165713306,0.19524247342515832,0.2120050969079779,-0.047380763385409516
choque_20pct_permanente,permanente,0.8,0.19999999999999996,True,72,113,25,9808258.22263676,0.10176392081752243,0.16765408414048255,0.2097422229143702,-0.05992203647427998
choque_20pct_permanente,permanente,0.8,0.19999999999999996,True,73,114,0,7609597.0,0.138,0.03,0.12063832026847152,0.010583740505574736
choque_20pct_permanente,permanente,0.8,0.19999999999999996,True,73,114,1,7652724.38733265,0.14039181650999813,0.030000000000000027,0.11859183719691781,0.007984885903803248
choque_20pct_permanente,permanente,0.8,0.19999999999999996,True,73,114,2,7803938.248452482,0.13522708141572493,0.024171205035228738,0.1204696728912532,0.0017659017151863054
choque_20pct_permanente,permanente,0.8,0.19999999999999996,True,73,114,3,8070055.354512611,0.12383237140664796,0.0268923827646963,0.11082135458963349,0.006516168638564196
choque_20pct_permanente,permanente,0.8,0.19999999999999996,True,73,114,4,8409588.05069833,0.10686605374964518,0.030661257405107945,0.10296330418664272,0.009073684120354806
choque_20pct_permanente,permanente,0.8,0.19999999999999996,True,73,114,5,8618371.64168116,0.09588112283710967,0.04984781774943636,0.09662776423941129,0.010673761810070076
choque_20pct_permanente,permanente,0.8,0.19999999999999996,True,73,114,6,8735420.435486643,0.09212651852341454,0.07041887962966431,0.10124796273837121,0.01458081565344792
choque_20pct_permanente,permanente,0.8,0.19999999999999996,True,73,114,7,8717867.188483216,0.1038334058644498,0.09594585993205196,0.11309994747672489,0.014358224340316968
choque_20pct_permanente,permanente,0.8,0.19999999999999996,True,73,114,8,8607671.111967618,0.11891370970351602,0.10793871860891024,0.1366857435375851,0.006986617658833064
choque_20pct_permanente,permanente,0.8,0.19999999999999996,True,73,114,9,8432801.327557458,0.13425284485854902,0.1103422026998202,0.15586877376836877,-0.004153418433318646
choque_20pct_permanente,permanente,0.8,0.19999999999999996,True,73,114,10,8253653.4033330325,0.14537571663729953,0.09933006368011554,0.1715839262602376,-0.01435415060149665
choque_20pct_permanente,permanente,0.8,0.19999999999999996,True,73,114,11,8251367.72155318,0.1453453267845872,0.08361462148551424,0.17457630520894088,-0.024498351953184925
choque_20pct_permanente,permanente,0.8,0.19999999999999996,True,73,114,12,8326443.552403725,0.13939307968085335,0.06669045942706653,0.17077692064752162,-0.03204287941523285
choque_20pct_permanente,permanente,0.8,0.19999999999999996,True,73,114,13,8609587.336943375,0.12338217776132358,0.054762845046344655,0.15901335526701174,-0.033117851319929933
choque_20pct_permanente,permanente,0.8,0.19999999999999996,True,73,114,14,8937926.18741665,0.10506192044727096,0.04941159551566465,0.1466477765431984,-0.034652381075612415
choque_20pct_permanente,permanente,0.8,0.19999999999999996,True,73,114,15,9296969.920821497,0.08711323545956794,0.055444509918071594,0.13509678345435483,-0.02611795902244663
choque_20pct_permanente,permanente,0.8,0.19999999999999996,True,73,114,16,9593477.683059992,0.0752394341732032,0.07304694071827722,0.12967979380277098,-0.025687402236273943
choque_20pct_permanente,permanente,0.8,0.19999999999999996,True,73,114,17,9653621.70055495,0.07455094006627258,0.1020225312609555,0.13285449370227964,-0.0244050458553882
choque_20pct_permanente,permanente,0.8,0.19999999999999996,True,73,114,18,9821182.356445843,0.07565796493530387,0.13195900149067707,0.14120453611771341,-0.02140240414982555
choque_20pct_permanente,permanente,0.8,0.19999999999999996,True,73,114,19,9973020.201827105,0.07633510956315816,0.15748117565066844,0.14850898975937873,-0.020769287955259275
choque_20pct_permanente,permanente,0.8,0.19999999999999996,True,73,114,20,10004056.991560329,0.07723403380563036,0.17552691696839773,0.15766319328559214,-0.020148223837497085
choque_20pct_permanente,permanente,0.8,0.19999999999999996,True,73,114,21,10052873.293062367,0.07773650589124925,0.18658637105277887,0.16505817059841532,-0.02435859073479284
choque_20pct_permanente,permanente,0.8,0.19999999999999996,True,73,114,22,10043513.70481733,0.08287700326481948,0.19285654579994138,0.1732481200939851,-0.02807084376203296
choque_20pct_permanente,permanente,0.8,0.19999999999999996,True,73,114,23,9967546.374259844,0.08955762221609341,0.18855799549728425,0.18666983660562575,-0.036368169202599845
choque_20pct_permanente,permanente,0.8,0.19999999999999996,True,73,114,24,9935788.478501715,0.0912614218514866,0.17873664201165496,0.19370697968774528,-0.047095283759082306
choque_20pct_permanente,permanente,0.8,0.19999999999999996,True,73,114,25,10060362.266914336,0.08388213211711365,0.16537746793493224,0.19152419500382678,-0.0542672917103901
choque_20pct_permanente,permanente,0.8,0.19999999999999996,True,74,115,0,7609597.0,0.138,0.03,0.12063832026847152,0.010583740505574736
choque_20pct_permanente,permanente,0.8,0.19999999999999996,True,74,115,1,7652724.38733265,0.14039181650999813,0.030000000000000027,0.11859183719691781,0.007984885903803248
choque_20pct_permanente,permanente,0.8,0.19999999999999996,True,74,115,2,7797854.872602894,0.13522708141572493,0.024176415315312783,0.120507620870698,0.0031333612775650693
choque_20pct_permanente,permanente,0.8,0.19999999999999996,True,74,115,3,8061191.37312812,0.1241742778079178,0.026871773875818405,0.11103835258707462,0.0055315949819529815
choque_20pct_permanente,permanente,0.8,0.19999999999999996,True,74,115,4,8442460.281722438,0.10644855078835286,0.030210368559190792,0.1020538858139113,0.00654447535495347
choque_20pct_permanente,permanente,0.8,0.19999999999999996,True,74,115,5,8637482.5823419,0.09322405333298052,0.049800090516468165,0.09583474786196676,0.009662745079193671
choque_20pct_permanente,permanente,0.8,0.19999999999999996,True,74,115,6,8764919.03190892,0.08943139720687991,0.07241440519998621,0.09872880152534648,0.00994653850097315
choque_20pct_permanente,permanente,0.8,0.19999999999999996,True,74,115,7,8827905.98859932,0.09524930359575426,0.10019141392753395,0.10784823376516532,0.015908948846427694
choque_20pct_permanente,permanente,0.8,0.19999999999999996,True,74,115,8,8729488.102483468,0.1090879038163871,0.11730611171787153,0.12792884126340007,0.011696115339954143
choque_20pct_permanente,permanente,0.8,0.19999999999999996,True,74,115,9,8565356.163865622,0.12226568354692749,0.12366255749918409,0.14875362535096956,0.004752771115528466
choque_20pct_permanente,permanente,0.8,0.19999999999999996,True,74,115,10,8339974.554140811,0.14052754888151583,0.11700732022337901,0.16830813371239534,-0.009389829265007695
choque_20pct_permanente,permanente,0.8,0.19999999999999996,True,74,115,11,8161494.378485229,0.15241329315203306,0.09986667746058742,0.18314753108156684,-0.018843602404873077
choque_20pct_permanente,permanente,0.8,0.19999999999999996,True,74,115,12,8164356.215881468,0.15309362771724597,0.0776967448275061,0.1855426692619207,-0.0326507309047459
choque_20pct_permanente,permanente,0.8,0.19999999999999996,True,74,115,13,8258028.877922621,0.14710344812180134,0.05593052665645759,0.18129055566187216,-0.04217826317717301
choque_20pct_permanente,permanente,0.8,0.19999999999999996,True,74,115,14,8590581.926847685,0.12877372269580958,0.03933328152779225,0.16590805270920553,-0.045845361399204275
choque_20pct_permanente,permanente,0.8,0.19999999999999996,True,74,115,15,9184483.391056936,0.09752156198916796,0.035091112525014845,0.14165062818316942,-0.0397993417912591
choque_20pct_permanente,permanente,0.8,0.19999999999999996,True,74,115,16,9544830.21659054,0.07433484682570986,0.04764990766112187,0.12551749213954747,-0.03308405977547442
choque_20pct_permanente,permanente,0.8,0.19999999999999996,True,74,115,17,9819696.305170773,0.06328278673397897,0.0777032794561745,0.11967898528290337,-0.02705308545607568
choque_20pct_permanente,permanente,0.8,0.19999999999999996,True,74,115,18,10007326.00185589,0.06567050747440635,0.11869116047049899,0.1251864088486766,-0.018293644284235314
choque_20pct_permanente,permanente,0.8,0.19999999999999996,True,74,115,19,10128499.472189916,0.06798033123651606,0.15633894025803152,0.14085856655641266,-0.01731879166708685
choque_20pct_permanente,permanente,0.8,0.19999999999999996,True,74,115,20,10282680.377144665,0.06821456543572282,0.18626781786629443,0.1500629602253508,-0.011622073222973548
choque_20pct_permanente,permanente,0.8,0.19999999999999996,True,74,115,21,10250764.303301444,0.07593446222345338,0.20776366400104496,0.16199439149261724,-0.01291234385325452
choque_20pct_permanente,permanente,0.8,0.19999999999999996,True,74,115,22,10109643.864648197,0.08731971414332722,0.21431380883839735,0.18153292768011262,-0.022946682134800844
choque_20pct_permanente,permanente,0.8,0.19999999999999996,True,74,115,23,9980294.072066683,0.09727862364123879,0.20687708459000254,0.19510581805438212,-0.03415192842511228
choque_20pct_permanente,permanente,0.8,0.19999999999999996,True,74,115,24,9840639.413905187,0.09977322073018599,0.1892930849344765,0.2030465238077426,-0.048536692590783526
choque_20pct_permanente,permanente,0.8,0.19999999999999996,True,74,115,25,9871092.679494986,0.094330833922717,0.16961411434333762,0.20018371972771482,-0.06163702458433117
choque_20pct_permanente,permanente,0.8,0.19999999999999996,True,75,116,0,7609597.0,0.138,0.03,0.12063832026847152,0.010583740505574736
choque_20pct_permanente,permanente,0.8,0.19999999999999996,True,75,116,1,7652724.579038038,0.14039189608182145,0.030000000000000027,0.11859185275440487,0.007984881356440793
choque_20pct_permanente,permanente,0.8,0.19999999999999996,True,75,116,2,7809324.871989589,0.1352271750006601,0.024175229326598213,0.12054642987694983,0.0028991851980060416
choque_20pct_permanente,permanente,0.8,0.19999999999999996,True,75,116,3,8045676.713770765,0.12456320144846394,0.026917137836538263,0.11166952037492268,0.006524233783878088
choque_20pct_permanente,permanente,0.8,0.19999999999999996,True,75,116,4,8367882.365678304,0.10899340955611103,0.030356887595798687,0.10424698838332234,0.006556670900162653
choque_20pct_permanente,permanente,0.8,0.19999999999999996,True,75,116,5,8603274.903090062,0.096206508937365,0.048165893541018745,0.09726555772743868,0.010272327744597777
choque_20pct_permanente,permanente,0.8,0.19999999999999996,True,75,116,6,8779544.360525368,0.08968452167968563,0.0692034321254491,0.09793876875715979,0.011877618273562728
choque_20pct_permanente,permanente,0.8,0.19999999999999996,True,75,116,7,8842802.039454171,0.09245055283031028,0.09697887264240745,0.10465392053793593,0.015273271936808188
choque_20pct_permanente,permanente,0.8,0.19999999999999996,True,75,116,8,8775509.429113893,0.10237647600692999,0.11720488886055169,0.12243375764521658,0.010205050583675473
choque_20pct_permanente,permanente,0.8,0.19999999999999996,True,75,116,9,8635272.039678356,0.11844508576277894,0.12754436246115564,0.14198255769245274,0.008655431925411778
choque_20pct_permanente,permanente,0.8,0.19999999999999996,True,75,116,10,8447953.482855365,0.13370278087878076,0.1221344394979893,0.16344791075649093,-0.00537887217794719
choque_20pct_permanente,permanente,0.8,0.19999999999999996,True,75,116,11,8265781.330253023,0.14560673366023535,0.10744661130505873,0.17798123513014388,-0.017082046243577745
choque_20pct_permanente,permanente,0.8,0.19999999999999996,True,75,116,12,8190631.1757498095,0.1476707408047455,0.08625736868952139,0.18415574463125542,-0.029573061080210076
choque_20pct_permanente,permanente,0.8,0.19999999999999996,True,75,116,13,8274844.749966476,0.14276772466010185,0.06655333506455441,0.179916263334038,-0.038887849599070566
choque_20pct_permanente,permanente,0.8,0.19999999999999996,True,75,116,14,8536348.367708066,0.1295061181946101,0.04988000580352092,0.1687395881254629,-0.043822003820743374
choque_20pct_permanente,permanente,0.8,0.19999999999999996,True,75,116,15,8991473.573246792,0.10660447692653498,0.04252235541780669,0.1506965604015519,-0.03696257104597395
choque_20pct_permanente,permanente,0.8,0.19999999999999996,True,75,116,16,9379523.772339772,0.08091264220332184,0.0472196178238351,0.13513482292849524,-0.031258940008775514
choque_20pct_permanente,permanente,0.8,0.19999999999999996,True,75,116,17,9743630.109067133,0.0668870927340853,0.06996667870052731,0.12504292129811911,-0.02563727189638828
choque_20pct_permanente,permanente,0.8,0.19999999999999996,True,75,116,18,9812765.492365494,0.06775966196406717,0.1063078803914721,0.12953097121623686,-0.021355426745802913
choque_20pct_permanente,permanente,0.8,0.19999999999999996,True,75,116,19,9975307.709148187,0.0716835353004939,0.14253037298005133,0.14266072989289588,-0.020717117810034946
choque_20pct_permanente,permanente,0.8,0.19999999999999996,True,75,116,20,10141438.170597339,0.07180655258116489,0.17129763291783906,0.15169759419937642,-0.016326892869529538
choque_20pct_permanente,permanente,0.8,0.19999999999999996,True,75,116,21,10272066.939949295,0.06910684929196748,0.19097422169467793,0.15758064199453484,-0.016806482158817533
choque_20pct_permanente,permanente,0.8,0.19999999999999996,True,75,116,22,10284181.730961818,0.07256777243688102,0.20489853142897618,0.16582682049413508,-0.017096525893114462
choque_20pct_permanente,permanente,0.8,0.19999999999999996,True,75,116,23,10298355.78750263,0.07613151279314856,0.20925110265099067,0.17786726239742412,-0.02711204205301371
choque_20pct_permanente,permanente,0.8,0.19999999999999996,True,75,116,24,10285909.138928909,0.07760794172551551,0.2083095999648048,0.18473021519814217,-0.030717200815751324
choque_20pct_permanente,permanente,0.8,0.19999999999999996,True,75,116,25,10245993.785270065,0.07988118419968437,0.20341332903546605,0.19108359169560568,-0.04141065691637271
choque_20pct_permanente,permanente,0.8,0.19999999999999996,True,76,117,0,7609597.0,0.138,0.03,0.12063832026847152,0.010583740505574736
choque_20pct_permanente,permanente,0.8,0.19999999999999996,True,76,117,1,7652724.38733265,0.14039181650999813,0.030000000000000027,0.11859183719691781,0.007984885903803248
choque_20pct_permanente,permanente,0.8,0.19999999999999996,True,76,117,2,7805488.027980565,0.13522708141572493,0.02419449839717136,0.12056463140978832,0.007207996900182124
choque_20pct_permanente,permanente,0.8,0.19999999999999996,True,76,117,3,8009778.56014661,0.12590529462287176,0.02682565191731734,0.11343135952449074,0.006287645245984479
choque_20pct_permanente,permanente,0.8,0.19999999999999996,True,76,117,4,8329320.709956502,0.11228174128418944,0.029758649407786386,0.10680573339598308,0.0067387783354811185
choque_20pct_permanente,permanente,0.8,0.19999999999999996,True,76,117,5,8639601.26082063,0.09908412976564343,0.045234735839493556,0.1006643476331725,0.00871554139522305
choque_20pct_permanente,permanente,0.8,0.19999999999999996,True,76,117,6,8679023.501297668,0.09520270183857553,0.06533934165327016,0.10427284951964144,0.010014077876147814
choque_20pct_permanente,permanente,0.8,0.19999999999999996,True,76,117,7,8656576.745492036,0.10581423082869597,0.0885528670179978,0.11573324063532447,0.008547798478246956
choque_20pct_permanente,permanente,0.8,0.19999999999999996,True,76,117,8,8580678.293994525,0.11877869747806738,0.10099316458642127,0.13558339975464034,0.0049545327129327035
choque_20pct_permanente,permanente,0.8,0.19999999999999996,True,76,117,9,8509940.627956154,0.12532160489734726,0.10501891242020611,0.1483487905732947,0.0006989667524558833
choque_20pct_permanente,permanente,0.8,0.19999999999999996,True,76,117,10,8391254.019772407,0.13248666030977005,0.09923949133475318,0.16072720548631736,-0.010362816515199944
choque_20pct_permanente,permanente,0.8,0.19999999999999996,True,76,117,11,8310801.381985011,0.13899470797520996,0.08843596461246839,0.16988562705596455,-0.021354394326218416
choque_20pct_permanente,permanente,0.8,0.19999999999999996,True,76,117,12,8395852.651385898,0.1340709782860131,0.07478546903029959,0.16917718430198142,-0.028429011351424237
choque_20pct_permanente,permanente,0.8,0.19999999999999996,True,76,117,13,8588999.281549253,0.12411131475240661,0.06435251179399026,0.16048565443508642,-0.03126166173534884
choque_20pct_permanente,permanente,0.8,0.19999999999999996,True,76,117,14,8915666.73050188,0.10634833579902182,0.05835117544129731,0.1495928777055247,-0.02914645614929207
choque_20pct_permanente,permanente,0.8,0.19999999999999996,True,76,117,15,9244144.547165342,0.0842976017472935,0.06198085551649135,0.13683032451634367,-0.026968135900771798
choque_20pct_permanente,permanente,0.8,0.19999999999999996,True,76,117,16,9617450.979330618,0.06765860023402978,0.0816784646130595,0.12473788371286151,-0.020394098963284323
choque_20pct_permanente,permanente,0.8,0.19999999999999996,True,76,117,17,9816547.811520567,0.06233673807857921,0.1153806445770098,0.12305343846667738,-0.015254479866307052
choque_20pct_permanente,permanente,0.8,0.19999999999999996,True,76,117,18,9975930.668934548,0.06729148065361984,0.15461456589821854,0.13236363642743829,-0.009930954474641403
choque_20pct_permanente,permanente,0.8,0.19999999999999996,True,76,117,19,10017907.477380775,0.07458565093927191,0.18518033163264525,0.1504664210215013,-0.012586452945993
choque_20pct_permanente,permanente,0.8,0.19999999999999996,True,76,117,20,10016543.736464536,0.08218227853463035,0.20108519471679176,0.16537259031321272,-0.015891912334921057
choque_20pct_permanente,permanente,0.8,0.19999999999999996,True,76,117,21,9896224.54345343,0.08921399166247312,0.2015096523213853,0.17982909026687105,-0.02175351717016404
choque_20pct_permanente,permanente,0.8,0.19999999999999996,True,76,117,22,9770748.12277367,0.09600959412994806,0.1931169362306786,0.19060027952608893,-0.034388036211502465
choque_20pct_permanente,permanente,0.8,0.19999999999999996,True,76,117,23,9676561.083402984,0.1018432970415064,0.17740493664024237,0.19800578180878062,-0.04643632326076424
choque_20pct_permanente,permanente,0.8,0.19999999999999996,True,76,117,24,9726740.94656603,0.09589090454011745,0.15898516300561116,0.19730835793720666,-0.05571018665555432
choque_20pct_permanente,permanente,0.8,0.19999999999999996,True,76,117,25,9963806.078559374,0.0818966538768466,0.14571054124196947,0.18561412054813273,-0.06214708385413031
choque_20pct_permanente,permanente,0.8,0.19999999999999996,True,77,118,0,7609597.0,0.138,0.03,0.12063832026847152,0.010583740505574736
choque_20pct_permanente,permanente,0.8,0.19999999999999996,True,77,118,1,7652724.38733265,0.14039181650999813,0.030000000000000027,0.11859183719691781,0.007984885903803248
choque_20pct_permanente,permanente,0.8,0.19999999999999996,True,77,118,2,7807863.249785816,0.13522708141572493,0.024176460803517985,0.12037272580961207,0.003178472297050573
choque_20pct_permanente,permanente,0.8,0.19999999999999996,True,77,118,3,8091459.477274288,0.12487881669289998,0.026871460126831614,0.11220438366202046,0.0025244830363842447
choque_20pct_permanente,permanente,0.8,0.19999999999999996,True,77,118,4,8350556.120635731,0.10942480308503862,0.03024228073029267,0.10534389169296642,0.00687273447880183
choque_20pct_permanente,permanente,0.8,0.19999999999999996,True,77,118,5,8564761.681701632,0.09875941786069835,0.04801168083503593,0.09934743790406281,0.008499482378835172
choque_20pct_permanente,permanente,0.8,0.19999999999999996,True,77,118,6,8724104.831809187,0.0959392137655575,0.06706515273071512,0.10229852315298732,0.010989993454300146
choque_20pct_permanente,permanente,0.8,0.19999999999999996,True,77,118,7,8740020.074362235,0.0980403526368659,0.09116925384630625,0.11118453726060963,0.01160814183255779
choque_20pct_permanente,permanente,0.8,0.19999999999999996,True,77,118,8,8692836.812069628,0.108688057247948,0.10724722301349154,0.12692548859576613,0.00859989600951544
choque_20pct_permanente,permanente,0.8,0.19999999999999996,True,77,118,9,8546904.623320086,0.12217192538836524,0.11546001938245132,0.14574743803402254,-6.546048007288581e-05
choque_20pct_permanente,permanente,0.8,0.19999999999999996,True,77,118,10,8406790.913477138,0.13553802581890215,0.11068743091872646,0.16230755368033306,-0.009172213046491576
choque_20pct_permanente,permanente,0.8,0.19999999999999996,True,77,118,11,8298897.158810074,0.14247054300892759,0.0977313790508123,0.17313275529578698,-0.020353026476084165
choque_20pct_permanente,permanente,0.8,0.19999999999999996,True,77,118,12,8289193.921110931,0.14120729394024117,0.08044677199722572,0.17524789510299013,-0.028366356692941606
choque_20pct_permanente,permanente,0.8,0.19999999999999996,True,77,118,13,8474944.110833397,0.12960224102843165,0.06449242612272554,0.167014316223574,-0.0352542913863581
choque_20pct_permanente,permanente,0.8,0.19999999999999996,True,77,118,14,8848085.636195898,0.11039851931198862,0.05398296763369892,0.15268876596360328,-0.032634802203389435
choque_20pct_permanente,permanente,0.8,0.19999999999999996,True,77,118,15,9184119.195823899,0.08942749723023818,0.05430037921779496,0.13923616417064946,-0.031230986054960892
choque_20pct_permanente,permanente,0.8,0.19999999999999996,True,77,118,16,9548458.193309594,0.07237006723418427,0.06933621220081698,0.12831239536571815,-0.025609847788802428
choque_20pct_permanente,permanente,0.8,0.19999999999999996,True,77,118,17,9766617.625410054,0.06489470164537053,0.09754343103045304,0.12632159323448944,-0.021970517921212507
choque_20pct_permanente,permanente,0.8,0.19999999999999996,True,77,118,18,9951203.641060615,0.06939124871995718,0.13431013264806424,0.1331873047507529,-0.018496528289639397
choque_20pct_permanente,permanente,0.8,0.19999999999999996,True,77,118,19,10018374.158807488,0.0741110760952805,0.16264956877804226,0.15053402089441703,-0.016670195360083778
choque_20pct_permanente,permanente,0.8,0.19999999999999996,True,77,118,20,10145937.113099573,0.07478197922127901,0.18389024742584303,0.1584161864431584,-0.015692845211775386
choque_20pct_permanente,permanente,0.8,0.19999999999999996,True,77,118,21,10068766.299370283,0.08015296483981832,0.1958602539896317,0.16928962601405445,-0.022944395149710632
choque_20pct_permanente,permanente,0.8,0.19999999999999996,True,77,118,22,10030179.00275508,0.08750685917427523,0.19907138787170342,0.17997179768158544,-0.026180576833734683
choque_20pct_permanente,permanente,0.8,0.19999999999999996,True,77,118,23,9991484.869195322,0.08688827889446352,0.19235939926710177,0.18797743917312026,-0.03830803739263567
choque_20pct_permanente,permanente,0.8,0.19999999999999996,True,77,118,24,10061310.4287318,0.08294623014518496,0.18440207843305423,0.18544462638478207,-0.04599268764322797
choque_20pct_permanente,permanente,0.8,0.19999999999999996,True,77,118,25,10189805.467691565,0.07515225653760485,0.1765706087882586,0.18199845593815037,-0.050973119635416855
choque_20pct_permanente,permanente,0.8,0.19999999999999996,True,78,119,0,7609597.0,0.138,0.03,0.12063832026847152,0.010583740505574736
choque_20pct_permanente,permanente,0.8,0.19999999999999996,True,78,119,1,7652724.38733265,0.14039181650999813,0.030000000000000027,0.11859183719691781,0.007984885903803248
choque_20pct_permanente,permanente,0.8,0.19999999999999996,True,78,119,2,7818223.5783487465,0.13522708141572493,0.02418105325900255,0.12030128955621903,0.004142972174128414
choque_20pct_permanente,permanente,0.8,0.19999999999999996,True,78,119,3,8006043.922971146,0.12757971749307523,0.02684099709088561,0.11337615789790098,0.00517831539825302
choque_20pct_permanente,permanente,0.8,0.19999999999999996,True,78,119,4,8343293.412392825,0.11064024740679089,0.029006504054563065,0.10570734694368063,0.005516497424441709
choque_20pct_permanente,permanente,0.8,0.19999999999999996,True,78,119,5,8634634.1692103,0.09407646436902183,0.04588946199278343,0.09610415003399778,0.010169194690016783
choque_20pct_permanente,permanente,0.8,0.19999999999999996,True,78,119,6,8845388.327288326,0.08473140231967854,0.0692594397345021,0.09401966312428314,0.012110393750942682
choque_20pct_permanente,permanente,0.8,0.19999999999999996,True,78,119,7,8866500.958167152,0.09077122326132585,0.09914513236732181,0.10284300642999505,0.016482433112919522
choque_20pct_permanente,permanente,0.8,0.19999999999999996,True,78,119,8,8780829.573201999,0.10568723368987125,0.11979828076490273,0.12596303192345307,0.011542069010418054
choque_20pct_permanente,permanente,0.8,0.19999999999999996,True,78,119,9,8550227.766887095,0.12804425374695538,0.1288457047700302,0.1507965585865943,0.004717219252588086
choque_20pct_permanente,permanente,0.8,0.19999999999999996,True,78,119,10,8321426.181760184,0.14469292887089705,0.11979474126636158,0.1728964439866105,-0.008970910920277622
choque_20pct_permanente,permanente,0.8,0.19999999999999996,True,78,119,11,8149519.308246586,0.15586107960590403,0.10220501901679047,0.18445094340572088,-0.021225283433755637
choque_20pct_permanente,permanente,0.8,0.19999999999999996,True,78,119,12,8070984.3095951155,0.15795401550891483,0.07789120692427787,0.19013691082079964,-0.03288113117535987
choque_20pct_permanente,permanente,0.8,0.19999999999999996,True,78,119,13,8204703.724979028,0.15088001636169152,0.055228678294183986,0.18335894824462584,-0.04180369244389825
choque_20pct_permanente,permanente,0.8,0.19999999999999996,True,78,119,14,8512856.258183422,0.13320988896355795,0.037501562221813556,0.16868755889391351,-0.04548787534395739
choque_20pct_permanente,permanente,0.8,0.19999999999999996,True,78,119,15,9100041.339543499,0.10569445531237472,0.03014407318609602,0.14614842405852863,-0.039145843403570114
choque_20pct_permanente,permanente,0.8,0.19999999999999996,True,78,119,16,9473444.82470207,0.08012225770582398,0.03829502369422588,0.13071225824008714,-0.035276470133782385
choque_20pct_permanente,permanente,0.8,0.19999999999999996,True,78,119,17,9676795.807977563,0.07035340862062515,0.06445161123926857,0.12444601846294202,-0.03191980873360891
choque_20pct_permanente,permanente,0.8,0.19999999999999996,True,78,119,18,9896995.901487362,0.06837467613860582,0.09807480717168815,0.13037941579337065,-0.024439685488816115
choque_20pct_permanente,permanente,0.8,0.19999999999999996,True,78,119,19,10038956.973659214,0.06846791296035477,0.13468252775751566,0.13980429624913537,-0.01954280086013442
choque_20pct_permanente,permanente,0.8,0.19999999999999996,True,78,119,20,10203880.453590544,0.06917563854357517,0.16628800812175126,0.1489683257277139,-0.016315015113676445
choque_20pct_permanente,permanente,0.8,0.19999999999999996,True,78,119,21,10313159.756769879,0.06971404221298955,0.19173059009413707,0.15704852814564316,-0.016551866893455263
choque_20pct_permanente,permanente,0.8,0.19999999999999996,True,78,119,22,10309173.066577327,0.07501093937960703,0.20969271336109152,0.1670497677039256,-0.018196644786913307
choque_20pct_permanente,permanente,0.8,0.19999999999999996,True,78,119,23,10256614.912383381,0.08059269929136341,0.21479981007812277,0.18064083106910558,-0.02553843086012757
choque_20pct_permanente,permanente,0.8,0.19999999999999996,True,78,119,24,10200775.103496768,0.08396979285381845,0.21116416982611508,0.18940608179609306,-0.03393487322420637
choque_20pct_permanente,permanente,0.8,0.19999999999999996,True,78,119,25,10129100.84683447,0.08825939005378046,0.20045490332810711,0.1965004357883664,-0.044613866218458795
choque_20pct_permanente,permanente,0.8,0.19999999999999996,True,79,120,0,7609597.0,0.138,0.03,0.12063832026847152,0.010583740505574736
choque_20pct_permanente,permanente,0.8,0.19999999999999996,True,79,120,1,7652724.38733265,0.14039181650999813,0.030000000000000027,0.11859183719691781,0.007984885903803248
choque_20pct_permanente,permanente,0.8,0.19999999999999996,True,79,120,2,7796702.1299916925,0.13522708141572493,0.02417585326340732,0.12047117973595105,0.0025925013762329633
choque_20pct_permanente,permanente,0.8,0.19999999999999996,True,79,120,3,8100742.079409424,0.12461043311555883,0.026877128720985466,0.11109881516745244,0.0035559244002142183
choque_20pct_permanente,permanente,0.8,0.19999999999999996,True,79,120,4,8392772.191530926,0.10841617084417787,0.03035165877891166,0.10336816384288341,0.006367091397048251
choque_20pct_permanente,permanente,0.8,0.19999999999999996,True,79,120,5,8630155.63712542,0.09523623295448833,0.0491520092250084,0.09565828602823984,0.009245634782676877
choque_20pct_permanente,permanente,0.8,0.19999999999999996,True,79,120,6,8779494.63264476,0.09101596066809628,0.07028712678131144,0.0986379431963985,0.01172999993296492
choque_20pct_permanente,permanente,0.8,0.19999999999999996,True,79,120,7,8812893.100181408,0.09703760266405756,0.09646523303266963,0.10799044654018378,0.01504978324391628
choque_20pct_permanente,permanente,0.8,0.19999999999999996,True,79,120,8,8741763.005641896,0.10720280693460525,0.11318015113998503,0.12724404849044327,0.01028002228584394
choque_20pct_permanente,permanente,0.8,0.19999999999999996,True,79,120,9,8534194.517497392,0.12674435344153895,0.12108827419808743,0.1489921198570021,-0.00026234782609948197
choque_20pct_permanente,permanente,0.8,0.19999999999999996,True,79,120,10,8304050.787990418,0.14588578026874613,0.11201351330530596,0.17252894293570536,-0.011728341908210408
choque_20pct_permanente,permanente,0.8,0.19999999999999996,True,79,120,11,8138713.735456898,0.15691336525864116,0.09447608610079006,0.18568814431900088,-0.022624295117699242
choque_20pct_permanente,permanente,0.8,0.19999999999999996,True,79,120,12,8097885.568804858,0.1596290950679586,0.07134611201774299,0.18898999906244413,-0.03572503329653139
choque_20pct_permanente,permanente,0.8,0.19999999999999996,True,79,120,13,8251064.151023999,0.1461345085037161,0.050223822985033584,0.1797839144670567,-0.043346962895930985
choque_20pct_permanente,permanente,0.8,0.19999999999999996,True,79,120,14,8755565.153734116,0.12189537318963323,0.035402854287933216,0.15879586935544113,-0.0444099682702486
choque_20pct_permanente,permanente,0.8,0.19999999999999996,True,79,120,15,9147669.265303502,0.09540737103804559,0.03429172447933282,0.13973640226977285,-0.03602069943668776
choque_20pct_permanente,permanente,0.8,0.19999999999999996,True,79,120,16,9598383.858350458,0.07404996034868787,0.047893884165117084,0.12579079123337886,-0.0316809619766916
choque_20pct_permanente,permanente,0.8,0.19999999999999996,True,79,120,17,9799156.292454029,0.06384322566284815,0.07842489970123268,0.12142320021138532,-0.026611888298139878
choque_20pct_permanente,permanente,0.8,0.19999999999999996,True,79,120,18,10032603.225038417,0.06092036771006048,0.11997017491962159,0.12515484765452012,-0.01995450952879242
choque_20pct_permanente,permanente,0.8,0.19999999999999996,True,79,120,19,10219953.202181652,0.06563503241068992,0.16364604439397512,0.13568641306735013,-0.01126134621468361
choque_20pct_permanente,permanente,0.8,0.19999999999999996,True,79,120,20,10307785.568046195,0.07115906529141963,0.19538280642345263,0.15288573867472294,-0.009625811430408727
choque_20pct_permanente,permanente,0.8,0.19999999999999996,True,79,120,21,10246281.870852392,0.08092747121544926,0.2135944395185383,0.1687345058609997,-0.013603354611515408
choque_20pct_permanente,permanente,0.8,0.19999999999999996,True,79,120,22,10063369.205550417,0.0905749812993154,0.2139986907135525,0.1868277081045345,-0.02529701710040952
choque_20pct_permanente,permanente,0.8,0.19999999999999996,True,79,120,23,9964653.061893048,0.09730486051399666,0.20356414422926639,0.19617277540116362,-0.03512445755312377
choque_20pct_permanente,permanente,0.8,0.19999999999999996,True,79,120,24,9796297.368313916,0.10494970538339689,0.1847815712820573,0.20553934873973123,-0.05242816872556611
choque_20pct_permanente,permanente,0.8,0.19999999999999996,True,79,120,25,9759945.85052929,0.10297659556400922,0.1619890139898399,0.20770647648897947,-0.06222533009257807
choque_20pct_permanente,permanente,0.8,0.19999999999999996,True,80,121,0,7609597.0,0.138,0.03,0.12063832026847152,0.010583740505574736
choque_20pct_permanente,permanente,0.8,0.19999999999999996,True,80,121,1,7652573.991429995,0.14039305416049105,0.030000000000000027,0.11859902041763505,0.00798271910238141
choque_20pct_permanente,permanente,0.8,0.19999999999999996,True,80,121,2,7804486.276482563,0.13523901142061226,0.02417850367126717,0.12052519454051844,0.003581230186057112
choque_20pct_permanente,permanente,0.8,0.19999999999999996,True,80,121,3,8047401.449201927,0.124111171294953,0.026885999758877288,0.11180929191007453,0.0076211013655126895
choque_20pct_permanente,permanente,0.8,0.19999999999999996,True,80,121,4,8325500.899528214,0.11035559337624637,0.030537710877676094,0.10549358135259178,0.007457463940241571
choque_20pct_permanente,permanente,0.8,0.19999999999999996,True,80,121,5,8567565.424922053,0.09805098183492039,0.04829549980499115,0.09854517783855732,0.009350967611276559
choque_20pct_permanente,permanente,0.8,0.19999999999999996,True,80,121,6,8746772.15851582,0.09029665625224165,0.06896960763127336,0.09845773966387149,0.009743859934076591
choque_20pct_permanente,permanente,0.8,0.19999999999999996,True,80,121,7,8852103.60954256,0.0893817976032718,0.0954008564921085,0.10319074229433846,0.014441437103108499
choque_20pct_permanente,permanente,0.8,0.19999999999999996,True,80,121,8,8842837.906811241,0.09958381608213596,0.11718439126851643,0.11854198300464819,0.011058003739611973
choque_20pct_permanente,permanente,0.8,0.19999999999999996,True,80,121,9,8646294.024796803,0.1175585409564152,0.12870763570616672,0.1421138945760466,0.006051189602730164
choque_20pct_permanente,permanente,0.8,0.19999999999999996,True,80,121,10,8483780.744439097,0.13280196406630754,0.12441458598392297,0.16296478152613778,-0.004333460437286125
choque_20pct_permanente,permanente,0.8,0.19999999999999996,True,80,121,11,8252446.221179276,0.14613093151502632,0.10953716800527835,0.17956161997369677,-0.016770750898398704
choque_20pct_permanente,permanente,0.8,0.19999999999999996,True,80,121,12,8194048.7543446915,0.15067332390970578,0.08653934750656678,0.18767083352271208,-0.03205315741491559
choque_20pct_permanente,permanente,0.8,0.19999999999999996,True,80,121,13,8260998.567280233,0.1472737603674499,0.06423710176162811,0.18478139319232173,-0.04130463317805855
choque_20pct_permanente,permanente,0.8,0.19999999999999996,True,80,121,14,8485448.476913141,0.1354703896858105,0.04500668570147037,0.17432350052698803,-0.04563924579397319
choque_20pct_permanente,permanente,0.8,0.19999999999999996,True,80,121,15,8989965.932704443,0.10768513958305825,0.03510877735996387,0.15369807702220423,-0.04167228737419652
choque_20pct_permanente,permanente,0.8,0.19999999999999996,True,80,121,16,9466313.953296112,0.08122064119115871,0.04053748502251797,0.13380920206994154,-0.03545483239431017
choque_20pct_permanente,permanente,0.8,0.19999999999999996,True,80,121,17,9804081.891321233,0.06180386532711618,0.06467233011643314,0.12230540637559943,-0.02917153116667965
choque_20pct_permanente,permanente,0.8,0.19999999999999996,True,80,121,18,10050305.231551673,0.05825482220367953,0.10844300188451572,0.11904738623999762,-0.018799026630995662
choque_20pct_permanente,permanente,0.8,0.19999999999999996,True,80,121,19,10182496.787439331,0.0633408832766674,0.15905759580030443,0.1306873663059069,-0.010553379113789025
choque_20pct_permanente,permanente,0.8,0.19999999999999996,True,80,121,20,10330235.444811907,0.06685292531688013,0.19748551407405546,0.14786319929610225,-0.009093789082256118
choque_20pct_permanente,permanente,0.8,0.19999999999999996,True,80,121,21,10374600.643925745,0.0705324565228995,0.22147963263031567,0.15973263298132756,-0.009774587910472391
choque_20pct_permanente,permanente,0.8,0.19999999999999996,True,80,121,22,10286740.645021178,0.08119610087294568,0.23069939247057425,0.1752888753314846,-0.015445121829090493
choque_20pct_permanente,permanente,0.8,0.19999999999999996,True,80,121,23,10032765.868725149,0.09525451844097374,0.22221350238024806,0.19729077499905753,-0.029168892393484903
choque_20pct_permanente,permanente,0.8,0.19999999999999996,True,80,121,24,9839496.422598591,0.10459213219598708,0.20337490103123068,0.20950132395450533,-0.046439258724583585
choque_20pct_permanente,permanente,0.8,0.19999999999999996,True,80,121,25,9750402.913565392,0.10662434764226898,0.17700854947583688,0.21228596489999293,-0.061753747993310154
choque_20pct_permanente,permanente,0.8,0.19999999999999996,True,81,122,0,7609597.0,0.138,0.03,0.12063832026847152,0.010583740505574736
choque_20pct_permanente,permanente,0.8,0.19999999999999996,True,81,122,1,7652724.38733265,0.14039181650999813,0.030000000000000027,0.11859183719691781,0.007984885903803248
choque_20pct_permanente,permanente,0.8,0.19999999999999996,True,81,122,2,7795379.849416762,0.13522708141572493,0.0241842277719575,0.1205845456106104,0.004510733785755456
choque_20pct_permanente,permanente,0.8,0.19999999999999996,True,81,122,3,8056509.159232635,0.12497344504408324,0.026820851116044375,0.11186970008014051,0.0029754842669861238
choque_20pct_permanente,permanente,0.8,0.19999999999999996,True,81,122,4,8420474.897092907,0.11076271379297056,0.030214536598981656,0.10429357309469969,0.0026372846618984013
choque_20pct_permanente,permanente,0.8,0.19999999999999996,True,81,122,5,8612374.923038568,0.09583044499328919,0.047172646916727956,0.09800821195474578,0.008968074646748776
choque_20pct_permanente,permanente,0.8,0.19999999999999996,True,81,122,6,8738565.857085295,0.09091113067417422,0.06884207473295345,0.09939521445738732,0.010209072076372411
choque_20pct_permanente,permanente,0.8,0.19999999999999996,True,81,122,7,8747213.462979844,0.10086750208239624,0.09469529477718908,0.1103684128921746,0.01110248790259558
choque_20pct_permanente,permanente,0.8,0.19999999999999996,True,81,122,8,8692195.883999538,0.11111096506097248,0.10901699744713222,0.13043313050383107,0.009745858174293057
choque_20pct_permanente,permanente,0.8,0.19999999999999996,True,81,122,9,8569847.14432288,0.1224837214276915,0.11523050439269689,0.14714153498847,0.002570588314957136
choque_20pct_permanente,permanente,0.8,0.19999999999999996,True,81,122,10,8335934.060549861,0.13920256653582927,0.10884709980013452,0.1675547778494852,-0.009858622573536825
choque_20pct_permanente,permanente,0.8,0.19999999999999996,True,81,122,11,8197167.482271953,0.14940464954446925,0.09447263109193949,0.18024233017309418,-0.022027626357639486
choque_20pct_permanente,permanente,0.8,0.19999999999999996,True,81,122,12,8228548.837808368,0.1471894030578762,0.07538512205136305,0.18068720748042005,-0.03302151128602968
choque_20pct_permanente,permanente,0.8,0.19999999999999996,True,81,122,13,8377478.756033976,0.13854012990613765,0.05846440442341372,0.1725025624394393,-0.037256611547301505
choque_20pct_permanente,permanente,0.8,0.19999999999999996,True,81,122,14,8769412.093745744,0.11321738959167704,0.04676634291769277,0.1554548764750565,-0.03455932520540852
choque_20pct_permanente,permanente,0.8,0.19999999999999996,True,81,122,15,9237929.62019295,0.08905687282075381,0.0481383368055357,0.1362474256379156,-0.031735027783357454
choque_20pct_permanente,permanente,0.8,0.19999999999999996,True,81,122,16,9579450.239734482,0.07028935285690241,0.0640981697081402,0.1257689488633373,-0.02799447678090581
choque_20pct_permanente,permanente,0.8,0.19999999999999996,True,81,122,17,9816245.88345017,0.0615065002280621,0.09587352953995665,0.12197460863324729,-0.02124524705391859
choque_20pct_permanente,permanente,0.8,0.19999999999999996,True,81,122,18,10001806.704686213,0.06491723299269349,0.13639226699547558,0.12872276637228355,-0.014295669869761145
choque_20pct_permanente,permanente,0.8,0.19999999999999996,True,81,122,19,10136014.980097536,0.06800069207131677,0.17099303729494242,0.14456330243239582,-0.010176671238984464
choque_20pct_permanente,permanente,0.8,0.19999999999999996,True,81,122,20,10235569.868646633,0.07081929095545621,0.19787207764180925,0.1549522726930348,-0.010625866158264066
choque_20pct_permanente,permanente,0.8,0.19999999999999996,True,81,122,21,10103525.444031162,0.08231275533013915,0.21318953239536365,0.17081743942462793,-0.017245097303312973
choque_20pct_permanente,permanente,0.8,0.19999999999999996,True,81,122,22,10037667.666755721,0.09110150288388778,0.21112029917361652,0.1865859185828675,-0.02573399712174655
choque_20pct_permanente,permanente,0.8,0.19999999999999996,True,81,122,23,9935858.870134097,0.09295783134798452,0.2003731628682217,0.1935933381297838,-0.03962502199783296
choque_20pct_permanente,permanente,0.8,0.19999999999999996,True,81,122,24,9862743.566013768,0.09547619004009224,0.18383231023089652,0.1961480399423644,-0.04905342433164432
choque_20pct_permanente,permanente,0.8,0.19999999999999996,True,81,122,25,10014217.420186097,0.0837820950938331,0.16602520997693437,0.19237007149815868,-0.05370769400977156
choque_20pct_permanente,permanente,0.8,0.19999999999999996,True,82,123,0,7609597.0,0.138,0.03,0.12063832026847152,0.010583740505574736
choque_20pct_permanente,permanente,0.8,0.19999999999999996,True,82,123,1,7652724.38733265,0.14039181650999813,0.030000000000000027,0.11859183719691781,0.007984885903803248
choque_20pct_permanente,permanente,0.8,0.19999999999999996,True,82,123,2,7806433.00710526,0.13522708141572493,0.024178944487317944,0.120353731246704,0.003649076713633944
choque_20pct_permanente,permanente,0.8,0.19999999999999996,True,82,123,3,8032410.8051144425,0.12487928273260135,0.026875867130523368,0.1118198239033449,0.00458695006557052
choque_20pct_permanente,permanente,0.8,0.19999999999999996,True,82,123,4,8414461.464442732,0.10616415904473137,0.030242462656994817,0.10202646385824518,0.006773814412007024
choque_20pct_permanente,permanente,0.8,0.19999999999999996,True,82,123,5,8692119.106366873,0.09036180504616567,0.04986403968230735,0.09244237728482359,0.012782979861663418
choque_20pct_permanente,permanente,0.8,0.19999999999999996,True,82,123,6,8839412.264929464,0.08281808399098843,0.07487639650577993,0.09347928229740872,0.014626236294301796
choque_20pct_permanente,permanente,0.8,0.19999999999999996,True,82,123,7,8856404.188583927,0.09273439380854541,0.10697555125670921,0.10417541257736274,0.01651091759314988
choque_20pct_permanente,permanente,0.8,0.19999999999999996,True,82,123,8,8714525.209523069,0.11163852905388796,0.12564951511442124,0.13025341757712183,0.01235611562133631
choque_20pct_permanente,permanente,0.8,0.19999999999999996,True,82,123,9,8522921.673785932,0.12910005357124585,0.12980619127996396,0.15377031231952254,0.003885720092156534
choque_20pct_permanente,permanente,0.8,0.19999999999999996,True,82,123,10,8274213.001119099,0.14643646135719424,0.11813434296871872,0.17451913497050528,-0.006823911831443187
choque_20pct_permanente,permanente,0.8,0.19999999999999996,True,82,123,11,8049698.857599574,0.16064743013340863,0.09793575308101032,0.19005268965321565,-0.024677389176686118
choque_20pct_permanente,permanente,0.8,0.19999999999999996,True,82,123,12,7994947.8145851875,0.16344031363557285,0.07270297207092047,0.19384913527549574,-0.03984367369316435
choque_20pct_permanente,permanente,0.8,0.19999999999999996,True,82,123,13,8189865.821103417,0.1519898314201754,0.050502027481265754,0.18118452796038237,-0.043261983863281124
choque_20pct_permanente,permanente,0.8,0.19999999999999996,True,82,123,14,8670795.94449825,0.1256042522861281,0.03309237339955029,0.16116538690222312,-0.044128681568874034
choque_20pct_permanente,permanente,0.8,0.19999999999999996,True,82,123,15,9184910.112412183,0.09434008402802789,0.029774196917409235,0.13856614516870838,-0.03680079301907276
choque_20pct_permanente,permanente,0.8,0.19999999999999996,True,82,123,16,9512385.202904819,0.07301950181287982,0.042502248532933606,0.1258007410013245,-0.03342856565329288
choque_20pct_permanente,permanente,0.8,0.19999999999999996,True,82,123,17,9786614.6311485,0.06274304580428068,0.07357895389405411,0.12042055926015477,-0.02729980930469882
choque_20pct_permanente,permanente,0.8,0.19999999999999996,True,82,123,18,10057423.376909744,0.06055069258700109,0.1158473195658456,0.12416260432818695,-0.019792009900807574
choque_20pct_permanente,permanente,0.8,0.19999999999999996,True,82,123,19,10271201.828884862,0.06335113391917485,0.16065944171623725,0.13427197566066354,-0.012142123712597878
choque_20pct_permanente,permanente,0.8,0.19999999999999996,True,82,123,20,10354581.717429401,0.07226867970553537,0.19578014433631297,0.15218622894485376,-0.013783554109432123
choque_20pct_permanente,permanente,0.8,0.19999999999999996,True,82,123,21,10250707.126647696,0.08053711618047996,0.2141067618632022,0.17047782466337488,-0.013878016391973185
choque_20pct_permanente,permanente,0.8,0.19999999999999996,True,82,123,22,10125063.808090368,0.08768637712703357,0.21528864858442898,0.18385349429515008,-0.023170554999200108
choque_20pct_permanente,permanente,0.8,0.19999999999999996,True,82,123,23,10035623.656507364,0.08969842391731148,0.2066531303638326,0.191532239799606,-0.035797656621197826
choque_20pct_permanente,permanente,0.8,0.19999999999999996,True,82,123,24,9953688.885065181,0.09160584718193955,0.19208872640178654,0.195638764239859,-0.045755543379675155
choque_20pct_permanente,permanente,0.8,0.19999999999999996,True,82,123,25,10047353.85383236,0.0860527249214088,0.17604810503622126,0.19383469069106266,-0.054337389206835326
choque_20pct_permanente,permanente,0.8,0.19999999999999996,True,83,124,0,7609597.0,0.138,0.03,0.12063832026847152,0.010583740505574736
choque_20pct_permanente,permanente,0.8,0.19999999999999996,True,83,124,1,7652724.38733265,0.14039181650999813,0.030000000000000027,0.11859183719691781,0.007984885903803248
choque_20pct_permanente,permanente,0.8,0.19999999999999996,True,83,124,2,7801793.704639675,0.13522708141572493,0.024181009460047642,0.12050544446928059,0.004164884073127168
choque_20pct_permanente,permanente,0.8,0.19999999999999996,True,83,124,3,8044972.28389028,0.12460078112289083,0.026850990735577174,0.11197679002817187,0.0061413704915950764
choque_20pct_permanente,permanente,0.8,0.19999999999999996,True,83,124,4,8362112.177517751,0.10861772897194737,0.030331040422638234,0.10416154567940726,0.006517364219078112
choque_20pct_permanente,permanente,0.8,0.19999999999999996,True,83,124,5,8605779.721988613,0.09572259037431045,0.049681015476711554,0.09616067325287425,0.01301810811549267
choque_20pct_permanente,permanente,0.8,0.19999999999999996,True,83,124,6,8772607.340217872,0.08799116515216222,0.07093045117627472,0.09744098070331246,0.010970644968681496
choque_20pct_permanente,permanente,0.8,0.19999999999999996,True,83,124,7,8819894.215305539,0.09394029983629221,0.09956197510985021,0.10496567808699132,0.01612036531704372
choque_20pct_permanente,permanente,0.8,0.19999999999999996,True,83,124,8,8767603.738000834,0.10986693223564063,0.1160782706607324,0.12711565738667782,0.009054919146212407
choque_20pct_permanente,permanente,0.8,0.19999999999999996,True,83,124,9,8541427.959088895,0.125566006183384,0.12248864473213228,0.1504664519060953,-0.0004923753511921407
choque_20pct_permanente,permanente,0.8,0.19999999999999996,True,83,124,10,8366115.8800397795,0.14027439490634513,0.1133542535189056,0.16793194921568408,-0.007739468917458321
choque_20pct_permanente,permanente,0.8,0.19999999999999996,True,83,124,11,8251524.179496112,0.14736911371806274,0.09695053841996026,0.17845080374591504,-0.023239276576605385
choque_20pct_permanente,permanente,0.8,0.19999999999999996,True,83,124,12,8186912.509720904,0.14844258711729388,0.07681507979024893,0.181931602008115,-0.03586103228397102
choque_20pct_permanente,permanente,0.8,0.19999999999999996,True,83,124,13,8400860.386181496,0.13748008778784615,0.05816349010109678,0.17237810767694772,-0.03743236614854124
choque_20pct_permanente,permanente,0.8,0.19999999999999996,True,83,124,14,8762518.736578826,0.11548104935028554,0.045280909563787164,0.15670595164144077,-0.03868299801870611
choque_20pct_permanente,permanente,0.8,0.19999999999999996,True,83,124,15,9227144.513747906,0.09053389792976277,0.044790396546138034,0.1386501741815837,-0.03570034529719196
choque_20pct_permanente,permanente,0.8,0.19999999999999996,True,83,124,16,9524706.45854162,0.07434464360600206,0.05943102101352937,0.1274653193972432,-0.028823390637257598
choque_20pct_permanente,permanente,0.8,0.19999999999999996,True,83,124,17,9838714.563530745,0.06152845030377374,0.08809929312742137,0.12322231101443422,-0.02447394298650882
choque_20pct_permanente,permanente,0.8,0.19999999999999996,True,83,124,18,10067732.033075225,0.0594103968305419,0.1317775174320519,0.12360156201923435,-0.015293871577598513
choque_20pct_permanente,permanente,0.8,0.19999999999999996,True,83,124,19,10168127.404447833,0.06781628102789433,0.1740450371825435,0.1384039226182716,-0.010588115902716367
choque_20pct_permanente,permanente,0.8,0.19999999999999996,True,83,124,20,10268826.516605837,0.07267061482454573,0.2022876177847026,0.15672892940208766,-0.007211549257662822
choque_20pct_permanente,permanente,0.8,0.19999999999999996,True,83,124,21,10164732.980743768,0.0809216087805355,0.21611626609875767,0.17152380938601092,-0.013961201533541839
choque_20pct_permanente,permanente,0.8,0.19999999999999996,True,83,124,22,9996437.292690432,0.0964519788936467,0.21352188708628628,0.19003350887642934,-0.027117428854411776
choque_20pct_permanente,permanente,0.8,0.19999999999999996,True,83,124,23,9758802.714437068,0.10742777497726835,0.19656042936448093,0.20648162363775527,-0.038997835118437234
choque_20pct_permanente,permanente,0.8,0.19999999999999996,True,83,124,24,9687511.530117854,0.10285063012332372,0.17330284424579467,0.20786841093557748,-0.057266060744162045
choque_20pct_permanente,permanente,0.8,0.19999999999999996,True,83,124,25,9844174.31744343,0.09181284325253788,0.15232737334414148,0.1960737391351859,-0.06319056730362646
choque_20pct_permanente,permanente,0.8,0.19999999999999996,True,84,125,0,7609597.0,0.138,0.03,0.12063832026847152,0.010583740505574736
choque_20pct_permanente,permanente,0.8,0.19999999999999996,True,84,125,1,7652724.38733265,0.14039181650999813,0.030000000000000027,0.11859183719691781,0.007984885903803248
choque_20pct_permanente,permanente,0.8,0.19999999999999996,True,84,125,2,7812520.143181676,0.135227137041172,0.024170779470006565,0.12031541546280497,0.0018868192985360191
choque_20pct_permanente,permanente,0.8,0.19999999999999996,True,84,125,3,8052047.131993262,0.1249071485739216,0.026888059745781456,0.11186830547398513,0.00509071657013345
choque_20pct_permanente,permanente,0.8,0.19999999999999996,True,84,125,4,8380278.68250678,0.10978591018042659,0.030223051918467858,0.10420220551095581,0.010086270974714965
choque_20pct_permanente,permanente,0.8,0.19999999999999996,True,84,125,5,8561919.272454353,0.09848224212457249,0.047901477005455995,0.09930559035944571,0.00987326449439209
choque_20pct_permanente,permanente,0.8,0.19999999999999996,True,84,125,6,8682071.380598798,0.09540488587148992,0.06806241832682636,0.10243635757347525,0.007294584178612698
choque_20pct_permanente,permanente,0.8,0.19999999999999996,True,84,125,7,8785282.091265276,0.0959119386552389,0.09126694751891917,0.10834575802260753,0.011969095270311743
choque_20pct_permanente,permanente,0.8,0.19999999999999996,True,84,125,8,8827268.554829383,0.10016169264312333,0.10957050034696048,0.12023803825288343,0.01087517263964059
choque_20pct_permanente,permanente,0.8,0.19999999999999996,True,84,125,9,8642291.890645007,0.11657268826095625,0.12150891064456126,0.13880991351095207,0.0048020996846012826
choque_20pct_permanente,permanente,0.8,0.19999999999999996,True,84,125,10,8498990.822757646,0.12919228434486357,0.11737854321975716,0.16123498630020625,-0.0057333472041317035
choque_20pct_permanente,permanente,0.8,0.19999999999999996,True,84,125,11,8272339.658714913,0.1444864850446851,0.10644923312427679,0.17686058050617373,-0.01902352371450189
choque_20pct_permanente,permanente,0.8,0.19999999999999996,True,84,125,12,8212822.584391516,0.1492618620872177,0.08603430866924655,0.18531289532792333,-0.031911804273750434
choque_20pct_permanente,permanente,0.8,0.19999999999999996,True,84,125,13,8291137.01603382,0.14464031682568168,0.06658301126509736,0.18057156097417354,-0.037586965250955055
choque_20pct_permanente,permanente,0.8,0.19999999999999996,True,84,125,14,8573022.171741191,0.12606116160187178,0.05072926413770107,0.1666787672590672,-0.04023384143473842
choque_20pct_permanente,permanente,0.8,0.19999999999999996,True,84,125,15,9015818.969716325,0.10322068725687417,0.04567317363640955,0.14754396542437367,-0.037422481766900675
choque_20pct_permanente,permanente,0.8,0.19999999999999996,True,84,125,16,9470547.050980747,0.08001009099889261,0.05083064278595706,0.13342583806348152,-0.034038788355130925
choque_20pct_permanente,permanente,0.8,0.19999999999999996,True,84,125,17,9792663.54162966,0.06341058182665368,0.07419245196898494,0.12311884121530345,-0.024577667512870396
choque_20pct_permanente,permanente,0.8,0.19999999999999996,True,84,125,18,10002479.575530732,0.06052301146286948,0.11394908547274296,0.12258389462884646,-0.020253725227861497
choque_20pct_permanente,permanente,0.8,0.19999999999999996,True,84,125,19,10116403.159090275,0.06530515680775051,0.15730326092880786,0.13575336954723508,-0.013577081171949706
choque_20pct_permanente,permanente,0.8,0.19999999999999996,True,84,125,20,10217228.441288643,0.07183559277419514,0.19196863801441233,0.15152669300854102,-0.011424184736914174
choque_20pct_permanente,permanente,0.8,0.19999999999999996,True,84,125,21,10197578.399823075,0.07966017528851109,0.21118672342437228,0.16655449399542893,-0.013048455259377163
choque_20pct_permanente,permanente,0.8,0.19999999999999996,True,84,125,22,10066099.982621996,0.08828631531485137,0.21612308699139415,0.18088269751412317,-0.021146216262836408
choque_20pct_permanente,permanente,0.8,0.19999999999999996,True,84,125,23,9918868.301022932,0.09642208511723557,0.2060298094753048,0.19433067281654104,-0.03422016030672133
choque_20pct_permanente,permanente,0.8,0.19999999999999996,True,84,125,24,9738302.589269128,0.10375692603629458,0.1888703350523906,0.20445383717828428,-0.052559075367157725
choque_20pct_permanente,permanente,0.8,0.19999999999999996,True,84,125,25,9771985.523111625,0.1012466461157381,0.1654653618894395,0.2042738921397546,-0.06110448247930379
choque_20pct_permanente,permanente,0.8,0.19999999999999996,True,85,126,0,7609597.0,0.138,0.03,0.12063832026847152,0.010583740505574736
choque_20pct_permanente,permanente,0.8,0.19999999999999996,True,85,126,1,7652724.38733265,0.14039181650999813,0.030000000000000027,0.11859183719691781,0.007984885903803248
choque_20pct_permanente,permanente,0.8,0.19999999999999996,True,85,126,2,7805447.292951422,0.13522708141572493,0.024177560936350373,0.12041051553029103,0.003442631022190316
choque_20pct_permanente,permanente,0.8,0.19999999999999996,True,85,126,3,8047102.756847766,0.12540575991661,0.0268617181089843,0.11207736339959044,0.00782253732451517
choque_20pct_permanente,permanente,0.8,0.19999999999999996,True,85,126,4,8338889.719430038,0.11015036409885649,0.029952288573705355,0.10518033393075292,0.005962536053419879
choque_20pct_permanente,permanente,0.8,0.19999999999999996,True,85,126,5,8611760.636283971,0.09887209019005737,0.04722435680757742,0.09788836263465822,0.009138177293773989
choque_20pct_permanente,permanente,0.8,0.19999999999999996,True,85,126,6,8759751.235440882,0.0913634988580773,0.06690650924233221,0.09975990663103126,0.011001787135088578
choque_20pct_permanente,permanente,0.8,0.19999999999999996,True,85,126,7,8815730.423124509,0.09448407393102351,0.09436583303661772,0.10522090166455024,0.014472850063075736
choque_20pct_permanente,permanente,0.8,0.19999999999999996,True,85,126,8,8746580.067405403,0.10564342310162013,0.11250065565369582,0.12408791706367435,0.009893795888685046
choque_20pct_permanente,permanente,0.8,0.19999999999999996,True,85,126,9,8579722.259135824,0.12142556666486222,0.12213259607348137,0.14549993991757937,0.002453286182426741
choque_20pct_permanente,permanente,0.8,0.19999999999999996,True,85,126,10,8350081.35176378,0.14102578920278816,0.11632975930887346,0.1681500725325186,-0.008906392425135527
choque_20pct_permanente,permanente,0.8,0.19999999999999996,True,85,126,11,8163988.329356253,0.15627598679815463,0.10035608784168559,0.18451116245167284,-0.021993582471682708
choque_20pct_permanente,permanente,0.8,0.19999999999999996,True,85,126,12,8053079.831121595,0.15966280099501573,0.07756757078646648,0.1911219769145363,-0.03484435233733596
choque_20pct_permanente,permanente,0.8,0.19999999999999996,True,85,126,13,8249072.58405828,0.14780785391044476,0.05567170923943632,0.18089848803758118,-0.04399345246601201
choque_20pct_permanente,permanente,0.8,0.19999999999999996,True,85,126,14,8572223.414293671,0.1273949558451768,0.039191549798999636,0.1647686539249721,-0.04532365793907003
choque_20pct_permanente,permanente,0.8,0.19999999999999996,True,85,126,15,9159029.661291508,0.09697984959624227,0.03259623861204908,0.14329885136169646,-0.03848332132838116
choque_20pct_permanente,permanente,0.8,0.19999999999999996,True,85,126,16,9480320.924977597,0.07517400466431466,0.043763287739310375,0.12827849925987894,-0.030861229657380383
choque_20pct_permanente,permanente,0.8,0.19999999999999996,True,85,126,17,9794056.803571325,0.06245991650680223,0.07208861177705739,0.1219418218273451,-0.025677539780963293
choque_20pct_permanente,permanente,0.8,0.19999999999999996,True,85,126,18,9977847.365185363,0.06271839328791654,0.1156707508339021,0.1245561677322639,-0.01830945256871042
choque_20pct_permanente,permanente,0.8,0.19999999999999996,True,85,126,19,10169387.705236884,0.0667004432026333,0.15880425106130946,0.13800043894202368,-0.01237682451811301
choque_20pct_permanente,permanente,0.8,0.19999999999999996,True,85,126,20,10261328.078671029,0.07171472449205893,0.19207601249568307,0.15210583756575952,-0.008371638577698987
choque_20pct_permanente,permanente,0.8,0.19999999999999996,True,85,126,21,10216852.361822873,0.07749862850289238,0.21064832021495694,0.16738247088721037,-0.016809826874373362
choque_20pct_permanente,permanente,0.8,0.19999999999999996,True,85,126,22,10151825.168745242,0.08559508816587695,0.21489961017167558,0.17971772510947195,-0.022888603883590698
choque_20pct_permanente,permanente,0.8,0.19999999999999996,True,85,126,23,10069810.816166556,0.0875688177520196,0.20514324426019082,0.19076912085472478,-0.03343084634099871
choque_20pct_permanente,permanente,0.8,0.19999999999999996,True,85,126,24,10031576.568859102,0.0879196395320586,0.1931868260480487,0.19299546597492578,-0.04058890307001696
choque_20pct_permanente,permanente,0.8,0.19999999999999996,True,85,126,25,10018231.632365715,0.08889266443743003,0.17884985130001607,0.19609844763438478,-0.05168516040655981
choque_20pct_permanente,permanente,0.8,0.19999999999999996,True,86,127,0,7609597.0,0.138,0.03,0.12063832026847152,0.010583740505574736
choque_20pct_permanente,permanente,0.8,0.19999999999999996,True,86,127,1,7652724.38733265,0.14039181650999813,0.030000000000000027,0.11859183719691781,0.007984885903803248
choque_20pct_permanente,permanente,0.8,0.19999999999999996,True,86,127,2,7797535.540496843,0.13522792692462418,0.0241780864483494,0.12055006007782303,0.0037504461675591247
choque_20pct_permanente,permanente,0.8,0.19999999999999996,True,86,127,3,8049301.5324522955,0.12439918088385989,0.02687613792222887,0.11153603568962524,0.006701927754935272
choque_20pct_permanente,permanente,0.8,0.19999999999999996,True,86,127,4,8409254.830489524,0.1075790112323599,0.030423671999403323,0.10343575734547547,0.0068154161687141255
choque_20pct_permanente,permanente,0.8,0.19999999999999996,True,86,127,5,8617074.1523879,0.0945418529248064,0.048772630809041484,0.09705060105572781,0.010897593283886692
choque_20pct_permanente,permanente,0.8,0.19999999999999996,True,86,127,6,8720574.615665926,0.09194196273003802,0.07106481934065423,0.10040796557154812,0.012494586136576807
choque_20pct_permanente,permanente,0.8,0.19999999999999996,True,86,127,7,8788956.32381882,0.09870642800070235,0.09600387746945915,0.1115106123796237,0.011985310092463163
choque_20pct_permanente,permanente,0.8,0.19999999999999996,True,86,127,8,8667848.98653402,0.11322050124060372,0.11201515347682478,0.13070837001091654,0.010668504817515963
choque_20pct_permanente,permanente,0.8,0.19999999999999996,True,86,127,9,8542368.334415505,0.1225278333806099,0.11710770635142742,0.14808726643996617,0.0036040267180417144
choque_20pct_permanente,permanente,0.8,0.19999999999999996,True,86,127,10,8361666.517481188,0.1352447051948677,0.1128423635789162,0.16248991260759174,-0.009142235625140783
choque_20pct_permanente,permanente,0.8,0.19999999999999996,True,86,127,11,8199190.151108881,0.15032641821549303,0.09898287192147359,0.1775418619162847,-0.020233983871212405
choque_20pct_permanente,permanente,0.8,0.19999999999999996,True,86,127,12,8185813.025092073,0.1520895006652353,0.0777745927280169,0.1838034356540995,-0.03337977138514396
choque_20pct_permanente,permanente,0.8,0.19999999999999996,True,86,127,13,8351589.936675205,0.14225529648495708,0.05767380154126367,0.1758210444921998,-0.04151709978139602
choque_20pct_permanente,permanente,0.8,0.19999999999999996,True,86,127,14,8695459.443276657,0.1200644507914253,0.04347256074636818,0.15871975913207442,-0.04021040668965925
choque_20pct_permanente,permanente,0.8,0.19999999999999996,True,86,127,15,9253518.035244517,0.09212564525272068,0.04115245754454144,0.13810832559681932,-0.03153835375021635
choque_20pct_permanente,permanente,0.8,0.19999999999999996,True,86,127,16,9502984.154125005,0.0741529026170002,0.05532472182565318,0.12748329998327715,-0.028578206143543644
choque_20pct_permanente,permanente,0.8,0.19999999999999996,True,86,127,17,9718387.423352499,0.07052776355377809,0.08470827729461106,0.12700720905651938,-0.02704409585620864
choque_20pct_permanente,permanente,0.8,0.19999999999999996,True,86,127,18,9870141.551074777,0.07136953642932758,0.11745900725812852,0.1365780289502362,-0.022565619432309638
choque_20pct_permanente,permanente,0.8,0.19999999999999996,True,86,127,19,10025729.014194675,0.07367417761957622,0.1484865881846651,0.145793985482795,-0.018385334121309417
choque_20pct_permanente,permanente,0.8,0.19999999999999996,True,86,127,20,10072197.148751447,0.0751038085443182,0.1729274767874902,0.1560485869595811,-0.018890955255081866
choque_20pct_permanente,permanente,0.8,0.19999999999999996,True,86,127,21,10221983.2094504,0.07576322448939918,0.18808277170597476,0.1625159413741963,-0.01787725734494051
choque_20pct_permanente,permanente,0.8,0.19999999999999996,True,86,127,22,10097273.682073543,0.08239557944800482,0.19691984020914877,0.17495835513994082,-0.0264629883142208
choque_20pct_permanente,permanente,0.8,0.19999999999999996,True,86,127,23,10051589.880905602,0.08857195433375509,0.19486512714279258,0.1866404676033797,-0.03617897327804633
choque_20pct_permanente,permanente,0.8,0.19999999999999996,True,86,127,24,10125743.782562852,0.08488829599609193,0.1870848869817725,0.18799149376466423,-0.04262275021873732
choque_20pct_permanente,permanente,0.8,0.19999999999999996,True,86,127,25,10184697.02781719,0.07942470708234116,0.17917760601534272,0.1855479202112474,-0.04950792572610353
choque_20pct_permanente,permanente,0.8,0.19999999999999996,True,87,128,0,7609597.0,0.138,0.03,0.12063832026847152,0.010583740505574736
choque_20pct_permanente,permanente,0.8,0.19999999999999996,True,87,128,1,7652720.659059336,0.14039204578760067,0.029999999999999805,0.11859203669881745,0.007984787537176637
choque_20pct_permanente,permanente,0.8,0.19999999999999996,True,87,128,2,7804124.837337487,0.1352273782580663,0.024168849806441184,0.12052584486839978,0.0010953879704119623
choque_20pct_permanente,permanente,0.8,0.19999999999999996,True,87,128,3,8072253.135584136,0.1240199349331775,0.0269042900410168,0.11062706680294176,0.00585107735170701
choque_20pct_permanente,permanente,0.8,0.19999999999999996,True,87,128,4,8434950.959153848,0.10542390156394663,0.030613616160076962,0.10187731707976172,0.0070381854335560285
choque_20pct_permanente,permanente,0.8,0.19999999999999996,True,87,128,5,8672421.768709358,0.09232058494524542,0.04984864904320929,0.09480990456005754,0.009829597961659038
choque_20pct_permanente,permanente,0.8,0.19999999999999996,True,87,128,6,8764321.99630152,0.09013495676081976,0.07384532952624778,0.09837203215159117,0.011935754933814576
choque_20pct_permanente,permanente,0.8,0.19999999999999996,True,87,128,7,8805042.141146062,0.09622607710328596,0.10080149527396465,0.1089750342094414,0.012640506375132312
choque_20pct_permanente,permanente,0.8,0.19999999999999996,True,87,128,8,8753443.078351434,0.1088366831642508,0.11805177009569667,0.1277025594205664,0.009376402574947165
choque_20pct_permanente,permanente,0.8,0.19999999999999996,True,87,128,9,8488387.509777373,0.12870350614443035,0.12411969499834008,0.15103674782091978,0.002517524534095289
choque_20pct_permanente,permanente,0.8,0.19999999999999996,True,87,128,10,8371029.6730094915,0.13925422611179827,0.11386669263918847,0.1685461040071851,-0.009145144460012885
choque_20pct_permanente,permanente,0.8,0.19999999999999996,True,87,128,11,8223229.405115386,0.14896128800879846,0.09739152844037369,0.179731777838735,-0.022534254199574666
choque_20pct_permanente,permanente,0.8,0.19999999999999996,True,87,128,12,8089666.391374103,0.15846234036240092,0.07535323104108249,0.1894966708170226,-0.036953099433185047
choque_20pct_permanente,permanente,0.8,0.19999999999999996,True,87,128,13,8241174.397926418,0.15122726356095523,0.053957094943617,0.1830430039215278,-0.04320584356769728
choque_20pct_permanente,permanente,0.8,0.19999999999999996,True,87,128,14,8577574.645277271,0.12826513630160255,0.037077611161950186,0.16595096273416957,-0.04363673059868181
choque_20pct_permanente,permanente,0.8,0.19999999999999996,True,87,128,15,9138681.454650028,0.09984369884655823,0.03191955553276782,0.143153874660188,-0.03851704165705412
choque_20pct_permanente,permanente,0.8,0.19999999999999996,True,87,128,16,9561654.926821515,0.0763732444957916,0.04167932581336409,0.12852097645147267,-0.03403457098797831
choque_20pct_permanente,permanente,0.8,0.19999999999999996,True,87,128,17,9828862.820527364,0.062255597930682596,0.06966901041500617,0.12147853622913887,-0.027542123588793207
choque_20pct_permanente,permanente,0.8,0.19999999999999996,True,87,128,18,10045945.7619172,0.06154643552399264,0.11327799231759417,0.1231001447341504,-0.021022645123069523
choque_20pct_permanente,permanente,0.8,0.19999999999999996,True,87,128,19,10216274.227296742,0.06682911026019825,0.15775097447382458,0.1365336735054089,-0.009011946070396784
choque_20pct_permanente,permanente,0.8,0.19999999999999996,True,87,128,20,10291353.97070148,0.0714422211311758,0.19193897746008148,0.15218985587587983,-0.0073085740551139715
choque_20pct_permanente,permanente,0.8,0.19999999999999996,True,87,128,21,10215427.276336875,0.08039838463622621,0.2111982181286629,0.16831969178158365,-0.01315084120754445
choque_20pct_permanente,permanente,0.8,0.19999999999999996,True,87,128,22,10022544.672382679,0.09334353050158,0.21494338611713504,0.1875172899179885,-0.02564491565563143
choque_20pct_permanente,permanente,0.8,0.19999999999999996,True,87,128,23,9822698.475880332,0.1048108929279883,0.2026657174921258,0.20277574949331717,-0.041388919980037506
choque_20pct_permanente,permanente,0.8,0.19999999999999996,True,87,128,24,9765701.56892271,0.10477661255843469,0.180794649491949,0.20554695067278322,-0.05182289542019594
choque_20pct_permanente,permanente,0.8,0.19999999999999996,True,87,128,25,9933596.947442787,0.087909660360061,0.15855760011586306,0.19491751782478134,-0.059382825807863596
choque_20pct_permanente,permanente,0.8,0.19999999999999996,True,88,129,0,7609597.0,0.138,0.03,0.12063832026847152,0.010583740505574736
choque_20pct_permanente,permanente,0.8,0.19999999999999996,True,88,129,1,7652724.38733265,0.14039181650999813,0.030000000000000027,0.11859183719691781,0.007984885903803248
choque_20pct_permanente,permanente,0.8,0.19999999999999996,True,88,129,2,7808289.09623282,0.13522708141572493,0.024187119658762857,0.12051502462550072,0.005397028494644425
choque_20pct_permanente,permanente,0.8,0.19999999999999996,True,88,129,3,8049485.526277566,0.12525597693612542,0.026888565255428487,0.11219644139580276,0.01017827549538741
choque_20pct_permanente,permanente,0.8,0.19999999999999996,True,88,129,4,8330359.607230663,0.11067790504381587,0.030020543546724454,0.1067251057535951,0.0068774589943856115
choque_20pct_permanente,permanente,0.8,0.19999999999999996,True,88,129,5,8486847.723599983,0.1039594791599092,0.04784206535179747,0.10190870301685674,0.010301300934194218
choque_20pct_permanente,permanente,0.8,0.19999999999999996,True,88,129,6,8637527.685011487,0.10004878792307528,0.06305358879112832,0.10664763612523967,0.008132433003581767
choque_20pct_permanente,permanente,0.8,0.19999999999999996,True,88,129,7,8749012.163312446,0.10058246433006757,0.08463057572731802,0.1112936632503086,0.009425796089334483
choque_20pct_permanente,permanente,0.8,0.19999999999999996,True,88,129,8,8727172.966636075,0.10537941464960979,0.09926360721345362,0.12426487164151125,0.009099509015756941
choque_20pct_permanente,permanente,0.8,0.19999999999999996,True,88,129,9,8679313.350183789,0.11464646306325843,0.10984036518845897,0.13772453781385693,0.001991703140748995
choque_20pct_permanente,permanente,0.8,0.19999999999999996,True,88,129,10,8506840.655427163,0.12895287304215286,0.10922875802315901,0.1558781666266874,-0.005008392820491566
choque_20pct_permanente,permanente,0.8,0.19999999999999996,True,88,129,11,8408196.66378488,0.13547189347706204,0.10079575164825649,0.1680252482691394,-0.015288340071203858
choque_20pct_permanente,permanente,0.8,0.19999999999999996,True,88,129,12,8348499.316833384,0.14035795295022743,0.08718364685869395,0.17452085033772294,-0.028965714688891375
choque_20pct_permanente,permanente,0.8,0.19999999999999996,True,88,129,13,8447073.269450387,0.13820700009539647,0.07149615222293382,0.17425340157637031,-0.036398598447391455
choque_20pct_permanente,permanente,0.8,0.19999999999999996,True,88,129,14,8650809.748503476,0.12481519649898766,0.05798730584965073,0.16516685275521034,-0.03826357297612026
choque_20pct_permanente,permanente,0.8,0.19999999999999996,True,88,129,15,9009609.195480533,0.10364086633397496,0.052485989083201456,0.14999793414416376,-0.035520577367249465
choque_20pct_permanente,permanente,0.8,0.19999999999999996,True,88,129,16,9395579.67943522,0.08008542827042887,0.05926868715655664,0.13504720495104108,-0.03131105869272236
choque_20pct_permanente,permanente,0.8,0.19999999999999996,True,88,129,17,9740478.582666015,0.066450568717353,0.07984712101307134,0.12640583552397983,-0.02633806585421901
choque_20pct_permanente,permanente,0.8,0.19999999999999996,True,88,129,18,9991413.655351602,0.059554012461310486,0.11464180628656773,0.12581249378444478,-0.018145040143282765
choque_20pct_permanente,permanente,0.8,0.19999999999999996,True,88,129,19,10201324.101722773,0.06384962484553042,0.15611949203051512,0.13402877642038716,-0.015263038838289592
choque_20pct_permanente,permanente,0.8,0.19999999999999996,True,88,129,20,10269452.665977754,0.07092815722902092,0.18809264903226186,0.1525139328890835,-0.010100214646360515
choque_20pct_permanente,permanente,0.8,0.19999999999999996,True,88,129,21,10240034.311579932,0.07796038454190259,0.20747103495563057,0.1683590974914936,-0.013754314843394826
choque_20pct_permanente,permanente,0.8,0.19999999999999996,True,88,129,22,10113438.221137403,0.08641718356758778,0.21191438324939127,0.18289675238598657,-0.023697532079013116
choque_20pct_permanente,permanente,0.8,0.19999999999999996,True,88,129,23,9959563.89085692,0.09587229771475174,0.20553209054872124,0.1951678691471393,-0.03389104573183747
choque_20pct_permanente,permanente,0.8,0.19999999999999996,True,88,129,24,9863217.04039831,0.09968151690961562,0.18830524979773045,0.20314895361334076,-0.0465208239291084
choque_20pct_permanente,permanente,0.8,0.19999999999999996,True,88,129,25,9914170.592436265,0.09252950950456579,0.1694887370477285,0.20029156816879987,-0.05819938887400868
choque_20pct_permanente,permanente,0.8,0.19999999999999996,True,89,130,0,7609597.0,0.138,0.03,0.12063832026847152,0.010583740505574736
choque_20pct_permanente,permanente,0.8,0.19999999999999996,True,89,130,1,7652724.38733265,0.14039181650999813,0.030000000000000027,0.11859183719691781,0.007984885903803248
choque_20pct_permanente,permanente,0.8,0.19999999999999996,True,89,130,2,7801131.533210283,0.13522708141572493,0.024176097254847484,0.12044669281179464,0.0030417857503093047
choque_20pct_permanente,permanente,0.8,0.19999999999999996,True,89,130,3,8059153.92921016,0.12417412939401595,0.02687761941643685,0.11154847411721842,0.007084643781682758
choque_20pct_permanente,permanente,0.8,0.19999999999999996,True,89,130,4,8390863.432128724,0.10872350158653497,0.03050180757062515,0.10396384789263141,0.008765905085723733
choque_20pct_permanente,permanente,0.8,0.19999999999999996,True,89,130,5,8586911.573936177,0.09745859950156706,0.04855598238579817,0.09895309546546416,0.010923887438846685
choque_20pct_permanente,permanente,0.8,0.19999999999999996,True,89,130,6,8678222.862429673,0.09652751253005579,0.06857573161903252,0.10345309682113182,0.01208863031063141
choque_20pct_permanente,permanente,0.8,0.19999999999999996,True,89,130,7,8747166.106027186,0.10222754044600761,0.09124657297982508,0.11479095074340348,0.00932160021428383
choque_20pct_permanente,permanente,0.8,0.19999999999999996,True,89,130,8,8588558.12568568,0.11587294059204035,0.10559335335758102,0.13324967568107052,0.007159260313713864
choque_20pct_permanente,permanente,0.8,0.19999999999999996,True,89,130,9,8440118.045090389,0.12853359699016959,0.10979055815114491,0.15172176079476832,-0.002825129348121293
choque_20pct_permanente,permanente,0.8,0.19999999999999996,True,89,130,10,8329546.959939233,0.13794496624075797,0.10297149121569094,0.16452933208931397,-0.012789963316658463
choque_20pct_permanente,permanente,0.8,0.19999999999999996,True,89,130,11,8270774.989906055,0.14189994483942922,0.09018674825367956,0.17064104194003607,-0.022987589905107752
choque_20pct_permanente,permanente,0.8,0.19999999999999996,True,89,130,12,8397083.13879023,0.13317913810548754,0.07436929494623179,0.1672601750994796,-0.02753961125059504
choque_20pct_permanente,permanente,0.8,0.19999999999999996,True,89,130,13,8621732.082384799,0.1206788226358409,0.06209391834784017,0.15806048621722119,-0.028649897426814612
choque_20pct_permanente,permanente,0.8,0.19999999999999996,True,89,130,14,8913115.240000894,0.10475488038605352,0.05679589846250899,0.14742864454409757,-0.030169160339727413
choque_20pct_permanente,permanente,0.8,0.19999999999999996,True,89,130,15,9253607.446291028,0.08841022321466968,0.06162962304019093,0.13712840294433043,-0.02808691412917736
choque_20pct_permanente,permanente,0.8,0.19999999999999996,True,89,130,16,9555548.052318966,0.07362890449109577,0.07765963077536875,0.13114637624572015,-0.027848030624026597
choque_20pct_permanente,permanente,0.8,0.19999999999999996,True,89,130,17,9698914.738898924,0.0735858931001111,0.10513779013091407,0.13123435037996775,-0.02238397421653381
choque_20pct_permanente,permanente,0.8,0.19999999999999996,True,89,130,18,9854529.006923364,0.07135855032453224,0.13218793699169362,0.14067403087071334,-0.01898571041770093
choque_20pct_permanente,permanente,0.8,0.19999999999999996,True,89,130,19,10034524.054021992,0.07009757117334758,0.16066408903110707,0.14495756703830828,-0.0162424487240817
choque_20pct_permanente,permanente,0.8,0.19999999999999996,True,89,130,20,10060238.211816056,0.0783980828282797,0.18099701193028905,0.15788377763090206,-0.01706528056182515
choque_20pct_permanente,permanente,0.8,0.19999999999999996,True,89,130,21,9980242.665495174,0.08835531837755278,0.190149967519057,0.17688670029123832,-0.023947107922926307
choque_20pct_permanente,permanente,0.8,0.19999999999999996,True,89,130,22,9883675.624424245,0.09688846089902811,0.18566988902721548,0.1895565905438393,-0.03322821933558425
choque_20pct_permanente,permanente,0.8,0.19999999999999996,True,89,130,23,9827924.286946503,0.09509177293802364,0.17515352310299148,0.19387952575765463,-0.04321889360563629
choque_20pct_permanente,permanente,0.8,0.19999999999999996,True,89,130,24,9898474.65082237,0.08904730899441696,0.16277961943882824,0.189980045036384,-0.05125416687729798
choque_20pct_permanente,permanente,0.8,0.19999999999999996,True,89,130,25,10183805.055999564,0.07381043936181102,0.1529159282310384,0.18064123772994103,-0.05413782485479938
choque_20pct_permanente,permanente,0.8,0.19999999999999996,True,90,131,0,7609597.0,0.138,0.03,0.12063832026847152,0.010583740505574736
choque_20pct_permanente,permanente,0.8,0.19999999999999996,True,90,131,1,7652724.38733265,0.14039181650999813,0.030000000000000027,0.11859183719691781,0.007984885903803248
choque_20pct_permanente,permanente,0.8,0.19999999999999996,True,90,131,2,7796327.271840712,0.13522708141572493,0.02417908667902502,0.12053614894020194,0.0036874241421439445
choque_20pct_permanente,permanente,0.8,0.19999999999999996,True,90,131,3,8073772.352932212,0.12445445098908703,0.02685216709778704,0.11139253261013682,0.008022676142664413
choque_20pct_permanente,permanente,0.8,0.19999999999999996,True,90,131,4,8358422.61210144,0.10933433741714887,0.030366269773322463,0.10495242619812452,0.006489299326391141
choque_20pct_permanente,permanente,0.8,0.19999999999999996,True,90,131,5,8595955.381584767,0.09800365511457725,0.04700836819996934,0.09988185857272597,0.008619593100043036
choque_20pct_permanente,permanente,0.8,0.19999999999999996,True,90,131,6,8700369.66541827,0.09446488879440447,0.06763181365381699,0.10288536753011343,0.0102155081103669
choque_20pct_permanente,permanente,0.8,0.19999999999999996,True,90,131,7,8735335.867985709,0.1018870566402376,0.09234753606691748,0.11184192111630692,0.010830971373214881
choque_20pct_permanente,permanente,0.8,0.19999999999999996,True,90,131,8,8672182.918794552,0.11079462354848123,0.10638342133050771,0.12919880129723155,0.006810031514365216
choque_20pct_permanente,permanente,0.8,0.19999999999999996,True,90,131,9,8601118.970724484,0.11959830627723689,0.11405547533826277,0.14233397968380415,0.002758634459590659
choque_20pct_permanente,permanente,0.8,0.19999999999999996,True,90,131,10,8475594.820630567,0.13055454628472563,0.11024128577305015,0.15694298229777015,-0.008239235159192133
choque_20pct_permanente,permanente,0.8,0.19999999999999996,True,90,131,11,8379553.7131924,0.13623598740556153,0.0993798213136543,0.16814263934373763,-0.015997725973516102
choque_20pct_permanente,permanente,0.8,0.19999999999999996,True,90,131,12,8364899.993920643,0.1424357110468597,0.08455522458013487,0.17358785010223393,-0.029584296543294596
choque_20pct_permanente,permanente,0.8,0.19999999999999996,True,90,131,13,8355690.038793647,0.14130608840805675,0.06785786964934792,0.17677937381380693,-0.03685473096527892
choque_20pct_permanente,permanente,0.8,0.19999999999999996,True,90,131,14,8576383.69575489,0.12660256998401134,0.053229398199547084,0.16676422525430687,-0.04304536996959855
choque_20pct_permanente,permanente,0.8,0.19999999999999996,True,90,131,15,9068550.424425734,0.10141078179730618,0.04740500995512065,0.14673892447004136,-0.036387048131218014
choque_20pct_permanente,permanente,0.8,0.19999999999999996,True,90,131,16,9524452.878756171,0.07663807682846716,0.05443044922555185,0.13085276581926508,-0.0319560272439571
choque_20pct_permanente,permanente,0.8,0.19999999999999996,True,90,131,17,9740676.661499135,0.06638923933623563,0.08071490057708619,0.12460505640331594,-0.02237569062413251
choque_20pct_permanente,permanente,0.8,0.19999999999999996,True,90,131,18,9854040.27392228,0.06875755216042492,0.11467278763612199,0.1323863639865441,-0.020463473372651367
choque_20pct_permanente,permanente,0.8,0.19999999999999996,True,90,131,19,10026387.367776657,0.07467911121728804,0.1481660254459165,0.14650164415617403,-0.019489676833474072
choque_20pct_permanente,permanente,0.8,0.19999999999999996,True,90,131,20,10058372.762678806,0.08040637402873162,0.17061411803462367,0.1601656925548603,-0.01868952755251683
choque_20pct_permanente,permanente,0.8,0.19999999999999996,True,90,131,21,10133139.330288514,0.07769725315357433,0.18256956212690745,0.16836777615546228,-0.024197234041736487
choque_20pct_permanente,permanente,0.8,0.19999999999999996,True,90,131,22,10113065.970002722,0.08236916895458214,0.1898732139405097,0.17380763604521335,-0.028752147126769555
choque_20pct_permanente,permanente,0.8,0.19999999999999996,True,90,131,23,10056306.881229086,0.0878304598250728,0.18731863945090854,0.18567764425214442,-0.037050500830688594
choque_20pct_permanente,permanente,0.8,0.19999999999999996,True,90,131,24,10175706.016324611,0.0787615838984398,0.18175345354263506,0.18487926132352792,-0.04367952790653195
choque_20pct_permanente,permanente,0.8,0.19999999999999996,True,90,131,25,10325416.571253655,0.06905508804145244,0.17976667658335765,0.17671553924962916,-0.04855111495286273
choque_20pct_permanente,permanente,0.8,0.19999999999999996,True,91,132,0,7609597.0,0.138,0.03,0.12063832026847152,0.010583740505574736
choque_20pct_permanente,permanente,0.8,0.19999999999999996,True,91,132,1,7652724.38733265,0.14039181650999813,0.030000000000000027,0.11859183719691781,0.007984885903803248
choque_20pct_permanente,permanente,0.8,0.19999999999999996,True,91,132,2,7801363.801246859,0.13522775574117843,0.024178310632268163,0.12045568678891584,0.0037154610565848633
choque_20pct_permanente,permanente,0.8,0.19999999999999996,True,91,132,3,8059334.64543444,0.12592379526682104,0.02682999834979438,0.11198446921286653,0.006524334105458648
choque_20pct_permanente,permanente,0.8,0.19999999999999996,True,91,132,4,8352743.551038203,0.10882169687550454,0.029664268414322237,0.10493080772983111,0.006315199390668331
choque_20pct_permanente,permanente,0.8,0.19999999999999996,True,91,132,5,8623553.378601518,0.09874274750818253,0.04737052842284961,0.09747056776369818,0.011603893107175328
choque_20pct_permanente,permanente,0.8,0.19999999999999996,True,91,132,6,8731689.013211077,0.0918926472913959,0.065887645014447,0.10194473348900555,0.011399414335824086
choque_20pct_permanente,permanente,0.8,0.19999999999999996,True,91,132,7,8776296.755747374,0.09759495167068437,0.0928879975053043,0.10887650971258381,0.012832411083160907
choque_20pct_permanente,permanente,0.8,0.19999999999999996,True,91,132,8,8719333.894519342,0.10833280497975835,0.10933739512761775,0.12784742516203046,0.009789915413597602
choque_20pct_permanente,permanente,0.8,0.19999999999999996,True,91,132,9,8553391.553826502,0.12330514276052366,0.11842481510228464,0.14713811016794318,0.000841451149260125
choque_20pct_permanente,permanente,0.8,0.19999999999999996,True,91,132,10,8342819.498594271,0.14048833406470695,0.11179154868883678,0.16820510959330162,-0.011661993094840745
choque_20pct_permanente,permanente,0.8,0.19999999999999996,True,91,132,11,8234462.684567575,0.14810822157799833,0.09705908442040645,0.17836734791602357,-0.021206046644027324
choque_20pct_permanente,permanente,0.8,0.19999999999999996,True,91,132,12,8252525.626383553,0.14216951581481402,0.07798416270999509,0.1773874670699689,-0.03279779035453051
choque_20pct_permanente,permanente,0.8,0.19999999999999996,True,91,132,13,8462998.203453869,0.12974650415317904,0.06303491338836698,0.1652132191963636,-0.03660465791554955
choque_20pct_permanente,permanente,0.8,0.19999999999999996,True,91,132,14,8896314.011350352,0.10976007887774583,0.053803845978116716,0.14959030225139294,-0.03291374472064078
choque_20pct_permanente,permanente,0.8,0.19999999999999996,True,91,132,15,9242244.864737744,0.08748633509029692,0.055515623785119095,0.13647569648575472,-0.029516028991804777
choque_20pct_permanente,permanente,0.8,0.19999999999999996,True,91,132,16,9477638.790167363,0.07422721434205895,0.06979574091755203,0.13011617206683287,-0.027357855162468633
choque_20pct_permanente,permanente,0.8,0.19999999999999996,True,91,132,17,9721375.623542875,0.07055219227374841,0.09542799745642672,0.1307719029408215,-0.02515526720178255
choque_20pct_permanente,permanente,0.8,0.19999999999999996,True,91,132,18,9910543.384297227,0.06852218937985118,0.12497546614489141,0.13777685168960974,-0.02019424924332572
choque_20pct_permanente,permanente,0.8,0.19999999999999996,True,91,132,19,10036111.46243674,0.07171669323609214,0.1564027347233199,0.14548381481509506,-0.01732731550826194
choque_20pct_permanente,permanente,0.8,0.19999999999999996,True,91,132,20,10043338.862488683,0.07864169418013457,0.1805349680807804,0.15919540584604586,-0.018580635937659937
choque_20pct_permanente,permanente,0.8,0.19999999999999996,True,91,132,21,10086960.777669309,0.08157599118846383,0.19265309867193126,0.1694624418971853,-0.021396469144879224
choque_20pct_permanente,permanente,0.8,0.19999999999999996,True,91,132,22,10056771.171783298,0.08226240827915358,0.19652080009418693,0.17603031245616008,-0.027577145221441123
choque_20pct_permanente,permanente,0.8,0.19999999999999996,True,91,132,23,10037289.5980273,0.08531203966982029,0.19333765108829093,0.18246654974315293,-0.035914104700590595
choque_20pct_permanente,permanente,0.8,0.19999999999999996,True,91,132,24,10051531.520581156,0.08534812439437778,0.18600107275192035,0.1872356918782655,-0.04345246327313385
choque_20pct_permanente,permanente,0.8,0.19999999999999996,True,91,132,25,10168947.563749608,0.07717290185920063,0.17725382255125122,0.18491036972762415,-0.04960394176698443
choque_20pct_permanente,permanente,0.8,0.19999999999999996,True,92,133,0,7609597.0,0.138,0.03,0.12063832026847152,0.010583740505574736
choque_20pct_permanente,permanente,0.8,0.19999999999999996,True,92,133,1,7652724.38733265,0.14039181650999813,0.030000000000000027,0.11859183719691781,0.007984885903803248
choque_20pct_permanente,permanente,0.8,0.19999999999999996,True,92,133,2,7801479.359865671,0.13522708141572493,0.024178922557531957,0.12044770636349743,0.00402440506770513
choque_20pct_permanente,permanente,0.8,0.19999999999999996,True,92,133,3,8050993.841168452,0.12459715352845571,0.02687422926141636,0.11180636352009912,0.007969732121799262
choque_20pct_permanente,permanente,0.8,0.19999999999999996,True,92,133,4,8410107.79912457,0.10957150747133619,0.030290844516926763,0.10526271395701767,0.005509297045593013
choque_20pct_permanente,permanente,0.8,0.19999999999999996,True,92,133,5,8530566.50149683,0.10215553364003933,0.0482485772712451,0.10091712959259937,0.011692829731406727
choque_20pct_permanente,permanente,0.8,0.19999999999999996,True,92,133,6,8618421.01743932,0.09905860982002412,0.06513854200541602,0.10677031906953044,0.008346311794270277
choque_20pct_permanente,permanente,0.8,0.19999999999999996,True,92,133,7,8707677.639244776,0.10157095877274624,0.08689486091608134,0.11282922940318935,0.008936980361075693
choque_20pct_permanente,permanente,0.8,0.19999999999999996,True,92,133,8,8701890.083422923,0.10722452158354372,0.10122751383028072,0.12592291816558662,0.003918010657326027
choque_20pct_permanente,permanente,0.8,0.19999999999999996,True,92,133,9,8662375.400673976,0.11455524853832016,0.10986342492537537,0.1386344708188751,0.003499465081322274
choque_20pct_permanente,permanente,0.8,0.19999999999999996,True,92,133,10,8522056.337262575,0.12586018951250905,0.10848752856072874,0.15447191348781508,-0.0038334633064597383
choque_20pct_permanente,permanente,0.8,0.19999999999999996,True,92,133,11,8462808.520778727,0.13034850637872447,0.10059635554014945,0.16466914396104143,-0.012560879305697121
choque_20pct_permanente,permanente,0.8,0.19999999999999996,True,92,133,12,8419663.188234435,0.13548433760945386,0.08931552923105368,0.17023854569108113,-0.02256099340794266
choque_20pct_permanente,permanente,0.8,0.19999999999999996,True,92,133,13,8398082.08991967,0.1367063008705494,0.07617922381297904,0.17473982815611053,-0.034078817417067774
choque_20pct_permanente,permanente,0.8,0.19999999999999996,True,92,133,14,8570828.346610451,0.1271911723292938,0.06373166449122625,0.1686716228200987,-0.03691428466774178
choque_20pct_permanente,permanente,0.8,0.19999999999999996,True,92,133,15,8967238.103331817,0.10654214995402701,0.055433461697586894,0.1546950268329191,-0.03640510801986007
choque_20pct_permanente,permanente,0.8,0.19999999999999996,True,92,133,16,9398420.495047076,0.08307229416186308,0.05707946669348485,0.14004700120100433,-0.035317104486999366
choque_20pct_permanente,permanente,0.8,0.19999999999999996,True,92,133,17,9687615.192243543,0.06711371575493172,0.07601780764605937,0.1285690245467831,-0.026740884861061482
choque_20pct_permanente,permanente,0.8,0.19999999999999996,True,92,133,18,9982921.21487749,0.059381611193748324,0.10947014887974382,0.12550758817129684,-0.019027728233221654
choque_20pct_permanente,permanente,0.8,0.19999999999999996,True,92,133,19,10238840.67910959,0.05709856923413816,0.15271090065537485,0.12938933429144436,-0.011647472424712967
choque_20pct_permanente,permanente,0.8,0.19999999999999996,True,92,133,20,10385903.96086603,0.06115411840609552,0.19575550657187168,0.14053983479845408,-0.005561547362883866
choque_20pct_permanente,permanente,0.8,0.19999999999999996,True,92,133,21,10365851.743729107,0.07332872162281298,0.2272825058190635,0.16031095979066365,-0.006280894295193118
choque_20pct_permanente,permanente,0.8,0.19999999999999996,True,92,133,22,10202973.571922077,0.08801756874498615,0.2358366352449499,0.18412416303610032,-0.013058022518555826
choque_20pct_permanente,permanente,0.8,0.19999999999999996,True,92,133,23,9927344.205940597,0.10098674137954944,0.22602649787093876,0.20242105854456724,-0.030276068404649664
choque_20pct_permanente,permanente,0.8,0.19999999999999996,True,92,133,24,9709729.718088305,0.1094081796396604,0.2018796433758021,0.2130036394115226,-0.048121000310435605
choque_20pct_permanente,permanente,0.8,0.19999999999999996,True,92,133,25,9651547.096051183,0.10696248455831318,0.1733653709545453,0.213407380064559,-0.06563529821533143
choque_20pct_permanente,permanente,0.8,0.19999999999999996,True,93,134,0,7609597.0,0.138,0.03,0.12063832026847152,0.010583740505574736
choque_20pct_permanente,permanente,0.8,0.19999999999999996,True,93,134,1,7652724.38733265,0.14039181650999813,0.030000000000000027,0.11859183719691781,0.007984885903803248
choque_20pct_permanente,permanente,0.8,0.19999999999999996,True,93,134,2,7798098.989714469,0.13522810176033073,0.0241804149381053,0.12052631703445287,0.0040433509135451556
choque_20pct_permanente,permanente,0.8,0.19999999999999996,True,93,134,3,8048611.260242105,0.1255889199486209,0.02682862022488619,0.11183314389958024,0.004645982787195535
choque_20pct_permanente,permanente,0.8,0.19999999999999996,True,93,134,4,8387757.11730165,0.1095433858285508,0.029893537236607592,0.10429907243203539,0.003134140866338429
choque_20pct_permanente,permanente,0.8,0.19999999999999996,True,93,134,5,8648869.12168299,0.09458474275761114,0.048831775214592144,0.09441223209154956,0.010169868974603714
choque_20pct_permanente,permanente,0.8,0.19999999999999996,True,93,134,6,8797227.882146819,0.08766076446813183,0.06998173172387179,0.09547131794920921,0.011498138883905246
choque_20pct_permanente,permanente,0.8,0.19999999999999996,True,93,134,7,8938736.57745711,0.08890603331074663,0.0991750630162429,0.10212295489055337,0.012097755880892114
choque_20pct_permanente,permanente,0.8,0.19999999999999996,True,93,134,8,8820363.34829528,0.10406825016807572,0.1197596946579833,0.12213304404686465,0.01078333047774304
choque_20pct_permanente,permanente,0.8,0.19999999999999996,True,93,134,9,8645830.801416945,0.12309271260753,0.12823777176390228,0.14770572221468573,0.0018163791898564297
choque_20pct_permanente,permanente,0.8,0.19999999999999996,True,93,134,10,8365948.484368262,0.14413081441641118,0.12040883584583462,0.17151442838217984,-0.006974133196532107
choque_20pct_permanente,permanente,0.8,0.19999999999999996,True,93,134,11,8171778.544877357,0.15451019579552167,0.10227491912369202,0.18547792873828683,-0.021706155479782382
choque_20pct_permanente,permanente,0.8,0.19999999999999996,True,93,134,12,8138159.84768767,0.1560767591750899,0.07933973889590873,0.18799018553672237,-0.03184310616982121
choque_20pct_permanente,permanente,0.8,0.19999999999999996,True,93,134,13,8181287.78471108,0.1509464099818021,0.05616345505215503,0.18549868849534804,-0.040930904019951496
choque_20pct_permanente,permanente,0.8,0.19999999999999996,True,93,134,14,8547570.804097882,0.13061968516881722,0.03735547873828682,0.1700778059540991,-0.04576774751361276
choque_20pct_permanente,permanente,0.8,0.19999999999999996,True,93,134,15,9007196.571078764,0.10878363436839625,0.030264329826420244,0.15065070188960933,-0.04032122851261529
choque_20pct_permanente,permanente,0.8,0.19999999999999996,True,93,134,16,9397553.92711951,0.08449774481051907,0.03556517084996691,0.13600624526254557,-0.034427745428306046
choque_20pct_permanente,permanente,0.8,0.19999999999999996,True,93,134,17,9745483.899019679,0.06619139827746899,0.060160027989657916,0.12458124476001774,-0.02995303188838748
choque_20pct_permanente,permanente,0.8,0.19999999999999996,True,93,134,18,10010004.483426996,0.06101750581610951,0.09922523187348808,0.12301218354103988,-0.024114348879105078
choque_20pct_permanente,permanente,0.8,0.19999999999999996,True,93,134,19,10229338.24784344,0.061992312393365265,0.1450080587449576,0.1313462036080168,-0.014156732437378652
choque_20pct_permanente,permanente,0.8,0.19999999999999996,True,93,134,20,10347608.515784675,0.06418146009799666,0.18664519329216,0.14395627313349996,-0.011548226333382539
choque_20pct_permanente,permanente,0.8,0.19999999999999996,True,93,134,21,10418150.599338008,0.07087634315993795,0.21713943905856303,0.15619232186682624,-0.009074991725957828
choque_20pct_permanente,permanente,0.8,0.19999999999999996,True,93,134,22,10322972.33612835,0.07752684790774508,0.23103618414994687,0.1737930970719039,-0.015774923053626592
choque_20pct_permanente,permanente,0.8,0.19999999999999996,True,93,134,23,10162386.3387246,0.0894059478501722,0.23057860096312233,0.18832518866415168,-0.02638558446441724
choque_20pct_permanente,permanente,0.8,0.19999999999999996,True,93,134,24,9981224.697623203,0.0996086940079886,0.21405179454869971,0.20299327036690326,-0.03910502488922964
choque_20pct_permanente,permanente,0.8,0.19999999999999996,True,93,134,25,9898560.082276851,0.09764610682889181,0.19051877093759417,0.20669388064693603,-0.05462093976800451
choque_20pct_permanente,permanente,0.8,0.19999999999999996,True,94,135,0,7609597.0,0.138,0.03,0.12063832026847152,0.010583740505574736
choque_20pct_permanente,permanente,0.8,0.19999999999999996,True,94,135,1,7652724.38733265,0.14039181650999813,0.030000000000000027,0.11859183719691781,0.007984885903803248
choque_20pct_permanente,permanente,0.8,0.19999999999999996,True,94,135,2,7814558.009882068,0.13522708141572493,0.02416989095586297,0.12054108862533205,0.0012728111507551688
choque_20pct_permanente,permanente,0.8,0.19999999999999996,True,94,135,3,8076496.256585935,0.1242160764431626,0.026895033381705735,0.11156298160437003,0.003305740956036101
choque_20pct_permanente,permanente,0.8,0.19999999999999996,True,94,135,4,8386552.982165404,0.10785965708358848,0.030525618130137655,0.10333090132562817,0.007313327755591004
choque_20pct_permanente,permanente,0.8,0.19999999999999996,True,94,135,5,8674700.400532698,0.09512115355507032,0.04882645328233437,0.09694307821315784,0.011416426209863608
choque_20pct_permanente,permanente,0.8,0.19999999999999996,True,94,135,6,8719008.680679793,0.09290739537487243,0.07042787301820397,0.10186758315131898,0.011619805964906844
choque_20pct_permanente,permanente,0.8,0.19999999999999996,True,94,135,7,8682846.488639832,0.10455222072960449,0.09545590182655395,0.11467506050129803,0.01263462664541785
choque_20pct_permanente,permanente,0.8,0.19999999999999996,True,94,135,8,8613067.35787798,0.11518605651352759,0.10742667340252843,0.13546808054900317,0.008970406023968031
choque_20pct_permanente,permanente,0.8,0.19999999999999996,True,94,135,9,8440109.527662942,0.12895905229342533,0.11167384081812815,0.15223231992969577,0.0015281409434902496
choque_20pct_permanente,permanente,0.8,0.19999999999999996,True,94,135,10,8295429.21081535,0.1406977814171953,0.1032489862768553,0.16793395970004815,-0.00960621813167186
choque_20pct_permanente,permanente,0.8,0.19999999999999996,True,94,135,11,8187100.716811857,0.14675366139125953,0.08992412736136068,0.17645429487916006,-0.022283854885689104
choque_20pct_permanente,permanente,0.8,0.19999999999999996,True,94,135,12,8232343.001463708,0.14720236364663336,0.07117624850035309,0.17793061551469805,-0.031431219699533865
choque_20pct_permanente,permanente,0.8,0.19999999999999996,True,94,135,13,8493169.714547355,0.13040841428822836,0.05391835901281872,0.1680289198609546,-0.0390257259342698
choque_20pct_permanente,permanente,0.8,0.19999999999999996,True,94,135,14,8908635.66948186,0.10730005328558652,0.0448674436356129,0.14915830659155846,-0.03666448439668524
choque_20pct_permanente,permanente,0.8,0.19999999999999996,True,94,135,15,9405597.290510057,0.0827826283514339,0.04931246475713458,0.1314784625901922,-0.02765313277619746
choque_20pct_permanente,permanente,0.8,0.19999999999999996,True,94,135,16,9615062.75660596,0.06899479175757021,0.07061838340964988,0.12407769889470355,-0.024541515304506472
choque_20pct_permanente,permanente,0.8,0.19999999999999996,True,94,135,17,9789564.731365297,0.06958038406465492,0.10387658309184511,0.12729929497043943,-0.022166597303309093
choque_20pct_permanente,permanente,0.8,0.19999999999999996,True,94,135,18,9948920.498930514,0.07098289131307217,0.13655990402065576,0.13948022768797455,-0.01950808721830078
choque_20pct_permanente,permanente,0.8,0.19999999999999996,True,94,135,19,10109369.853820205,0.07063604162761826,0.1662063490008252,0.14628840149218517,-0.013228894856872135
choque_20pct_permanente,permanente,0.8,0.19999999999999996,True,94,135,20,10153830.51318563,0.07161948169628762,0.18895623462280797,0.15565534713440507,-0.013301647433931243
choque_20pct_permanente,permanente,0.8,0.19999999999999996,True,94,135,21,10090325.915768942,0.0821379038250368,0.20504634833366442,0.16863615217536493,-0.017811406193262727
choque_20pct_permanente,permanente,0.8,0.19999999999999996,True,94,135,22,9957974.430899896,0.09197296731285384,0.20506780368069144,0.18695792720342655,-0.027646783443800678
choque_20pct_permanente,permanente,0.8,0.19999999999999996,True,94,135,23,9906041.302138979,0.09382413213905157,0.19530258890754282,0.19325585993676916,-0.0390126558233866
choque_20pct_permanente,permanente,0.8,0.19999999999999996,True,94,135,24,9907045.947523922,0.09150028151636981,0.18004748992361508,0.1934151132086549,-0.046649217450543214
choque_20pct_permanente,permanente,0.8,0.19999999999999996,True,94,135,25,9988054.554564992,0.08350703230155737,0.16651042994793075,0.18995731199449445,-0.05519531459260657
choque_20pct_permanente,permanente,0.8,0.19999999999999996,True,95,136,0,7609597.0,0.138,0.03,0.12063832026847152,0.010583740505574736
choque_20pct_permanente,permanente,0.8,0.19999999999999996,True,95,136,1,7652724.38733265,0.14039181650999813,0.030000000000000027,0.11859183719691781,0.007984885903803248
choque_20pct_permanente,permanente,0.8,0.19999999999999996,True,95,136,2,7791841.006889455,0.13522708141572493,0.02416993713401272,0.12054171548594818,0.0015157794382182946
choque_20pct_permanente,permanente,0.8,0.19999999999999996,True,95,136,3,8081011.821040164,0.12322916479603245,0.026898449786931566,0.11010989397625592,0.006030762642024128
choque_20pct_permanente,permanente,0.8,0.19999999999999996,True,95,136,4,8434833.621726869,0.1048644735683798,0.030979533433947326,0.10127758298797512,0.006380445045708283
choque_20pct_permanente,permanente,0.8,0.19999999999999996,True,95,136,5,8666491.375721699,0.09222161768151871,0.05125446220444352,0.09348288128841666,0.012369895390328711
choque_20pct_permanente,permanente,0.8,0.19999999999999996,True,95,136,6,8815568.914589882,0.08811785340968596,0.07451794959972746,0.09679816065996782,0.013294589798422777
choque_20pct_permanente,permanente,0.8,0.19999999999999996,True,95,136,7,8810287.180320835,0.09631678870348297,0.10272571093858618,0.10830763374953217,0.014297465595798454
choque_20pct_permanente,permanente,0.8,0.19999999999999996,True,95,136,8,8694972.59438797,0.11323420444509125,0.11896128334385092,0.13098171737559008,0.010659308133391665
choque_20pct_permanente,permanente,0.8,0.19999999999999996,True,95,136,9,8520537.09241097,0.12776599223994156,0.12250401509044839,0.15245485215968063,0.002254415545944626
choque_20pct_permanente,permanente,0.8,0.19999999999999996,True,95,136,10,8316833.624967358,0.1423765803297501,0.11293377901081625,0.16993718044656192,-0.009132488865099313
choque_20pct_permanente,permanente,0.8,0.19999999999999996,True,95,136,11,8155272.094436931,0.15314114633548143,0.09503292887899573,0.18283109155988406,-0.023308329942363076
choque_20pct_permanente,permanente,0.8,0.19999999999999996,True,95,136,12,8123216.560267055,0.15426753491665157,0.07224149980197803,0.18677640495288142,-0.03564390899655355
choque_20pct_permanente,permanente,0.8,0.19999999999999996,True,95,136,13,8300298.183415164,0.14201505748651366,0.05163008387317736,0.17672617688545536,-0.04239894745480158
choque_20pct_permanente,permanente,0.8,0.19999999999999996,True,95,136,14,8806890.737769425,0.11584717879493306,0.038432067436098505,0.15518427721019298,-0.03787469582637902
choque_20pct_permanente,permanente,0.8,0.19999999999999996,True,95,136,15,9231568.484578691,0.09160588265891227,0.039096448811710705,0.1373683272026478,-0.031075439821558207
choque_20pct_permanente,permanente,0.8,0.19999999999999996,True,95,136,16,9462649.910246091,0.07470056835759623,0.05491316542945701,0.12913301028634958,-0.029797421282309458
choque_20pct_permanente,permanente,0.8,0.19999999999999996,True,95,136,17,9724371.004632276,0.07192195059110984,0.08486169737664673,0.12789339503932703,-0.02624115505395915
choque_20pct_permanente,permanente,0.8,0.19999999999999996,True,95,136,18,9875846.806612194,0.07309116921695485,0.11818054314553339,0.13741264511330512,-0.02372540391605606
choque_20pct_permanente,permanente,0.8,0.19999999999999996,True,95,136,19,10012134.534838244,0.07415256013138566,0.14806369981908984,0.146771786015537,-0.019067175102422906
choque_20pct_permanente,permanente,0.8,0.19999999999999996,True,95,136,20,10129816.567708036,0.07101791429865721,0.17034028073445762,0.15391678803631068,-0.016116572674756514
choque_20pct_permanente,permanente,0.8,0.19999999999999996,True,95,136,21,10208334.80224326,0.07160930409498972,0.19038656416287036,0.15853427458407462,-0.02007574258938007
choque_20pct_permanente,permanente,0.8,0.19999999999999996,True,95,136,22,10264556.757828496,0.07579553906010282,0.20262191941981067,0.16774864205871415,-0.021595431345418248
choque_20pct_permanente,permanente,0.8,0.19999999999999996,True,95,136,23,10225033.81164023,0.07878377324486673,0.20713785567292797,0.1786164821607794,-0.025219206545289013
choque_20pct_permanente,permanente,0.8,0.19999999999999996,True,95,136,24,10148173.051047329,0.08315257941705229,0.204609210312235,0.18771670556453582,-0.03596336008849603
choque_20pct_permanente,permanente,0.8,0.19999999999999996,True,95,136,25,10163256.767094195,0.08407121899976026,0.19577166168631233,0.1928765416019021,-0.04347293880422486
choque_20pct_permanente,permanente,0.8,0.19999999999999996,True,96,137,0,7609597.0,0.138,0.03,0.12063832026847152,0.010583740505574736
choque_20pct_permanente,permanente,0.8,0.19999999999999996,True,96,137,1,7652724.38733265,0.14039181650999813,0.030000000000000027,0.11859183719691781,0.007984885903803248
choque_20pct_permanente,permanente,0.8,0.19999999999999996,True,96,137,2,7813027.885430509,0.13522708432242495,0.024179061925142076,0.12049817557678394,0.0031318405278757608
choque_20pct_permanente,permanente,0.8,0.19999999999999996,True,96,137,3,8040872.652646854,0.12468852058595005,0.026848908663881232,0.11206414546989411,0.005599839883894634
choque_20pct_permanente,permanente,0.8,0.19999999999999996,True,96,137,4,8406439.841158686,0.10919936659850601,0.030339077686677873,0.1046511731072642,0.006451696617850414
choque_20pct_permanente,permanente,0.8,0.19999999999999996,True,96,137,5,8566777.541354844,0.0992353806665865,0.048152142152547484,0.09942971271786008,0.009664825574300144
choque_20pct_permanente,permanente,0.8,0.19999999999999996,True,96,137,6,8690336.113834076,0.09732819484129537,0.06655953417363736,0.1039468321890689,0.009745742595129175
choque_20pct_permanente,permanente,0.8,0.19999999999999996,True,96,137,7,8767391.715316528,0.09879487788643437,0.08903161518417346,0.1118226231791417,0.00927467663560097
choque_20pct_permanente,permanente,0.8,0.19999999999999996,True,96,137,8,8729508.972426029,0.10807638553348928,0.10542627030617191,0.1260338052927872,0.006505150066650433
choque_20pct_permanente,permanente,0.8,0.19999999999999996,True,96,137,9,8605804.786066102,0.12247115269086313,0.11319521646323594,0.14419149996703717,-0.0011398541663437947
choque_20pct_permanente,permanente,0.8,0.19999999999999996,True,96,137,10,8459587.322064709,0.13280500620754493,0.10836775658018216,0.16116033782519038,-0.007603420860925339
choque_20pct_permanente,permanente,0.8,0.19999999999999996,True,96,137,11,8365806.365707986,0.14012021441854952,0.09654100537964427,0.17114756014336732,-0.015579656479359563
choque_20pct_permanente,permanente,0.8,0.19999999999999996,True,96,137,12,8318100.062098335,0.14259365670213395,0.07952987414495216,0.17722225455047358,-0.027679726660850612
choque_20pct_permanente,permanente,0.8,0.19999999999999996,True,96,137,13,8407146.51875875,0.13488211839164524,0.0641321931308596,0.17317872935883305,-0.03721698113333907
choque_20pct_permanente,permanente,0.8,0.19999999999999996,True,96,137,14,8702022.6837055,0.11854387195823186,0.053670339513985255,0.15984918586312477,-0.03823036973589476
choque_20pct_permanente,permanente,0.8,0.19999999999999996,True,96,137,15,9130917.157717228,0.09683232156313447,0.05108519877868756,0.14418362947660937,-0.03336889481132506
choque_20pct_permanente,permanente,0.8,0.19999999999999996,True,96,137,16,9550492.31372582,0.07621971110032073,0.062358033337067464,0.13041945626210374,-0.02938227992029023
choque_20pct_permanente,permanente,0.8,0.19999999999999996,True,96,137,17,9751326.909359695,0.06486711077903677,0.08948711186558755,0.12495454269366886,-0.022612687022438033
choque_20pct_permanente,permanente,0.8,0.19999999999999996,True,96,137,18,9952343.434742391,0.06387436331848698,0.1279360433238934,0.12798246727900484,-0.016140965583821037
choque_20pct_permanente,permanente,0.8,0.19999999999999996,True,96,137,19,10063918.373573514,0.07173037324575042,0.16469115355223773,0.14289924719901095,-0.013125325252438463
choque_20pct_permanente,permanente,0.8,0.19999999999999996,True,96,137,20,10059259.308996424,0.080597533331138,0.1884549991125719,0.16222854964996086,-0.016075574234638405
choque_20pct_permanente,permanente,0.8,0.19999999999999996,True,96,137,21,10006594.006408432,0.08654032934156863,0.19738832626176017,0.17515896243143786,-0.021043272301122677
choque_20pct_permanente,permanente,0.8,0.19999999999999996,True,96,137,22,9929267.022097088,0.09032625805955048,0.19569893741105826,0.1838886447610507,-0.02950227812476483
choque_20pct_permanente,permanente,0.8,0.19999999999999996,True,96,137,23,9854755.376101045,0.0961335566733007,0.18601482941444436,0.19175238427040206,-0.04022442054816113
choque_20pct_permanente,permanente,0.8,0.19999999999999996,True,96,137,24,9799055.834250314,0.09685769757548686,0.1712284330225582,0.19763085347004145,-0.05133780069663247
choque_20pct_permanente,permanente,0.8,0.19999999999999996,True,96,137,25,9939154.76027293,0.08874441579099866,0.15640415390503137,0.19252054355892698,-0.058435193407740116
choque_20pct_permanente,permanente,0.8,0.19999999999999996,True,97,138,0,7609597.0,0.138,0.03,0.12063832026847152,0.010583740505574736
choque_20pct_permanente,permanente,0.8,0.19999999999999996,True,97,138,1,7652724.38733265,0.14039181650999813,0.030000000000000027,0.11859183719691781,0.007984885903803248
choque_20pct_permanente,permanente,0.8,0.19999999999999996,True,97,138,2,7792516.673478031,0.13522708141572493,0.02417133521630066,0.12050939138616175,0.0021572772662048624
choque_20pct_permanente,permanente,0.8,0.19999999999999996,True,97,138,3,8087776.762550788,0.12326248517856582,0.02690406073487961,0.11054110655687731,0.004331462366566635
choque_20pct_permanente,permanente,0.8,0.19999999999999996,True,97,138,4,8417668.149880655,0.10671053746039795,0.030957958271249364,0.10219570201673295,0.008306399212989061
choque_20pct_permanente,permanente,0.8,0.19999999999999996,True,97,138,5,8616188.471782226,0.09243547131519092,0.05010018052306808,0.09528736890382848,0.009695750988171893
choque_20pct_permanente,permanente,0.8,0.19999999999999996,True,97,138,6,8814467.187965373,0.08787383580203263,0.07365688942930992,0.09554891794360813,0.010567640158841174
choque_20pct_permanente,permanente,0.8,0.19999999999999996,True,97,138,7,8915076.222648555,0.08900317254639081,0.1022674379596551,0.10345575427038732,0.009494211326752405
choque_20pct_permanente,permanente,0.8,0.19999999999999996,True,97,138,8,8894421.450984303,0.09900316300050274,0.12405906110407505,0.11853626367464479,0.012874446878635832
choque_20pct_permanente,permanente,0.8,0.19999999999999996,True,97,138,9,8702145.254643375,0.11587726679622576,0.13461354637242806,0.14132642235196552,0.007522244015817413
choque_20pct_permanente,permanente,0.8,0.19999999999999996,True,97,138,10,8458438.178285051,0.13321555265895973,0.12973155345104237,0.16443219213731983,-0.0031510084492867648
choque_20pct_permanente,permanente,0.8,0.19999999999999996,True,97,138,11,8272443.452211471,0.1485385901341221,0.11344787099052622,0.1810844611183142,-0.015202734686776307
choque_20pct_permanente,permanente,0.8,0.19999999999999996,True,97,138,12,8065936.035157664,0.1605195128030757,0.0892922825520106,0.19497085114119886,-0.0341003718106459
choque_20pct_permanente,permanente,0.8,0.19999999999999996,True,97,138,13,8126203.861534443,0.1556021448600436,0.06380019651574953,0.19225155598527777,-0.04571804773386478
choque_20pct_permanente,permanente,0.8,0.19999999999999996,True,97,138,14,8381358.632123645,0.14197026115604944,0.04223497438432333,0.17911974529769575,-0.04871408393507785
choque_20pct_permanente,permanente,0.8,0.19999999999999996,True,97,138,15,8853211.086506957,0.11788253497853861,0.02738148862452694,0.1600656183687194,-0.04641743802487402
choque_20pct_permanente,permanente,0.8,0.19999999999999996,True,97,138,16,9397431.78296023,0.08692944038156496,0.02766794428749697,0.13973524370010745,-0.040829799708352384
choque_20pct_permanente,permanente,0.8,0.19999999999999996,True,97,138,17,9711936.737452066,0.06999756671548894,0.046652753548741765,0.12744898371536953,-0.03501301300729409
choque_20pct_permanente,permanente,0.8,0.19999999999999996,True,97,138,18,9943254.312567767,0.06356022018501932,0.08307430750344302,0.12597672505648141,-0.02736078326228787
choque_20pct_permanente,permanente,0.8,0.19999999999999996,True,97,138,19,10097626.39452251,0.06570873243591609,0.12840017943382787,0.1335607264484074,-0.0222197164081736
choque_20pct_permanente,permanente,0.8,0.19999999999999996,True,97,138,20,10314117.943402467,0.06748653438295285,0.16774510007578436,0.14504347242850885,-0.014049114466431506
choque_20pct_permanente,permanente,0.8,0.19999999999999996,True,97,138,21,10443739.55023633,0.06356072274945346,0.2004096935754156,0.15215521049786598,-0.013050132864986503
choque_20pct_permanente,permanente,0.8,0.19999999999999996,True,97,138,22,10475669.004829094,0.06833332592875913,0.2260892327454056,0.1579387421225185,-0.011055926206630507
choque_20pct_permanente,permanente,0.8,0.19999999999999996,True,97,138,23,10472957.08037823,0.0717442512907016,0.23647445141404444,0.17378621758067414,-0.01611994513228993
choque_20pct_permanente,permanente,0.8,0.19999999999999996,True,97,138,24,10333192.45954042,0.08167509009751606,0.23782775043176363,0.18632442932969664,-0.026549493417850532
choque_20pct_permanente,permanente,0.8,0.19999999999999996,True,97,138,25,10176636.644291904,0.09391995168281783,0.22324666482964206,0.20341948622475117,-0.03999509856831174
choque_20pct_permanente,permanente,0.8,0.19999999999999996,True,98,139,0,7609597.0,0.138,0.03,0.12063832026847152,0.010583740505574736
choque_20pct_permanente,permanente,0.8,0.19999999999999996,True,98,139,1,7652724.38733265,0.14039181650999813,0.030000000000000027,0.11859183719691781,0.007984885903803248
choque_20pct_permanente,permanente,0.8,0.19999999999999996,True,98,139,2,7791176.984601235,0.13522708141572493,0.024176573067919094,0.12056388131881558,0.0029782509548097824
choque_20pct_permanente,permanente,0.8,0.19999999999999996,True,98,139,3,8077587.527142993,0.12298341873572093,0.026879518518780676,0.11085046237074993,0.006609840584271137
choque_20pct_permanente,permanente,0.8,0.19999999999999996,True,98,139,4,8396773.557631504,0.1074262511673506,0.031023745620961884,0.10331439728094882,0.005231938978961271
choque_20pct_permanente,permanente,0.8,0.19999999999999996,True,98,139,5,8598374.049864193,0.09570924069417863,0.050234120362122825,0.09663785689092694,0.012011504155948293
choque_20pct_permanente,permanente,0.8,0.19999999999999996,True,98,139,6,8796439.794348931,0.08950352694954178,0.07078585262782933,0.09892108853593157,0.011528647057110288
choque_20pct_permanente,permanente,0.8,0.19999999999999996,True,98,139,7,8799402.065250808,0.09497696807401822,0.09890202349540145,0.1077929134000357,0.013996228071101971
choque_20pct_permanente,permanente,0.8,0.19999999999999996,True,98,139,8,8687215.187934587,0.11000909017204649,0.11599988425153662,0.1292276093130056,0.009851630249847003
choque_20pct_permanente,permanente,0.8,0.19999999999999996,True,98,139,9,8498109.710620644,0.12719801951632403,0.12222947134567042,0.1512888437220936,0.0025810013923870923
choque_20pct_permanente,permanente,0.8,0.19999999999999996,True,98,139,10,8326148.20020082,0.14022473755422998,0.11331792527798301,0.16888934771579875,-0.00954128339817969
choque_20pct_permanente,permanente,0.8,0.19999999999999996,True,98,139,11,8241685.261684052,0.14473426294930702,0.09757501157164428,0.17710292169801284,-0.02146544671281176
choque_20pct_permanente,permanente,0.8,0.19999999999999996,True,98,139,12,8164344.727202711,0.1487738611900139,0.07843349630372032,0.18128110360708594,-0.03216080674335656
choque_20pct_permanente,permanente,0.8,0.19999999999999996,True,98,139,13,8322288.084305663,0.13751946253825975,0.06019820218480687,0.173482464114473,-0.038108299358739106
choque_20pct_permanente,permanente,0.8,0.19999999999999996,True,98,139,14,8792360.73080329,0.11426858850077314,0.0483498366070243,0.15367474023788757,-0.034845576098232765
choque_20pct_permanente,permanente,0.8,0.19999999999999996,True,98,139,15,9147124.139424667,0.0917977009026689,0.04745152023639676,0.13814973254741453,-0.031139560553007026
choque_20pct_permanente,permanente,0.8,0.19999999999999996,True,98,139,16,9568573.659118736,0.07060278411076203,0.0625226365964422,0.12522897718318307,-0.028780479535741046
choque_20pct_permanente,permanente,0.8,0.19999999999999996,True,98,139,17,9790537.016144088,0.06311640983611093,0.0930498344200128,0.12222325901206446,-0.025091382218307194
choque_20pct_permanente,permanente,0.8,0.19999999999999996,True,98,139,18,9989503.949854301,0.06418426132932363,0.13017772099000213,0.13093316135636604,-0.019751676818274017
choque_20pct_permanente,permanente,0.8,0.19999999999999996,True,98,139,19,10052731.59303955,0.07259821879960202,0.16622900268660024,0.14537895478207047,-0.014736955207440592
choque_20pct_permanente,permanente,0.8,0.19999999999999996,True,98,139,20,10099276.964682292,0.07759632354688928,0.187518409804744,0.1619319222381812,-0.016344386450930483
choque_20pct_permanente,permanente,0.8,0.19999999999999996,True,98,139,21,10114883.180139968,0.08033534374311382,0.19993303884277291,0.16962396890154854,-0.020063540675430713
choque_20pct_permanente,permanente,0.8,0.19999999999999996,True,98,139,22,10010673.981720576,0.08680999473538573,0.19947923585587302,0.18117348088926402,-0.027773979398952094
choque_20pct_permanente,permanente,0.8,0.19999999999999996,True,98,139,23,10028716.212337686,0.08576042733500988,0.19077112002014274,0.18750957526962014,-0.037285280438879576
choque_20pct_permanente,permanente,0.8,0.19999999999999996,True,98,139,24,10089872.795372982,0.08134560355738123,0.18268810647704425,0.18517921861100758,-0.04423076843847455
choque_20pct_permanente,permanente,0.8,0.19999999999999996,True,98,139,25,10199191.830071673,0.07564251310726816,0.17573514343064067,0.18269363917888123,-0.047515470521456715
choque_20pct_permanente,permanente,0.8,0.19999999999999996,True,99,140,0,7609597.0,0.138,0.03,0.12063832026847152,0.010583740505574736
choque_20pct_permanente,permanente,0.8,0.19999999999999996,True,99,140,1,7652724.38733265,0.14039181650999813,0.030000000000000027,0.11859183719691781,0.007984885903803248
choque_20pct_permanente,permanente,0.8,0.19999999999999996,True,99,140,2,7795327.83536456,0.13522708141572493,0.024174051391479878,0.12047902239624562,0.0026796102647845804
choque_20pct_permanente,permanente,0.8,0.19999999999999996,True,99,140,3,8075055.299517041,0.12307489409115986,0.026902124736925215,0.11074995544754243,0.007937866252290222
choque_20pct_permanente,permanente,0.8,0.19999999999999996,True,99,140,4,8390549.284744043,0.10692613401726477,0.031011507185691123,0.10355406861179088,0.008436292792070154
choque_20pct_permanente,permanente,0.8,0.19999999999999996,True,99,140,5,8586774.653304355,0.09704830856215833,0.04893646058175105,0.09909086502313028,0.011377427930576257
choque_20pct_permanente,permanente,0.8,0.19999999999999996,True,99,140,6,8687306.75847146,0.09617376837725845,0.06976313507733178,0.10383392221096638,0.009800963582131419
choque_20pct_permanente,permanente,0.8,0.19999999999999996,True,99,140,7,8728004.243669935,0.10365610797466991,0.09214549624518686,0.11412693620476558,0.009573464053272682
choque_20pct_permanente,permanente,0.8,0.19999999999999996,True,99,140,8,8746731.180194652,0.10961904732794892,0.105552498768263,0.12749031974835384,0.009133954616645006
choque_20pct_permanente,permanente,0.8,0.19999999999999996,True,99,140,9,8648188.737919915,0.11428106117642803,0.11186106170297982,0.14106775423274662,0.002311256000096269
choque_20pct_permanente,permanente,0.8,0.19999999999999996,True,99,140,10,8511831.63029137,0.12785182448426796,0.11010365394352073,0.15675325633072232,-0.007951275014689395
choque_20pct_permanente,permanente,0.8,0.19999999999999996,True,99,140,11,8336849.676758931,0.1411497140013192,0.09997188903694942,0.17316552180307446,-0.017699741973863436
choque_20pct_permanente,permanente,0.8,0.19999999999999996,True,99,140,12,8278623.209221899,0.1437814840331461,0.08463325697447877,0.1793652047878975,-0.02898113918132923
choque_20pct_permanente,permanente,0.8,0.19999999999999996,True,99,140,13,8364904.8534622295,0.14129643201768152,0.06942069171926879,0.17583528871672569,-0.03687370624160359
choque_20pct_permanente,permanente,0.8,0.19999999999999996,True,99,140,14,8573623.34088678,0.12868759688284384,0.054642871415916616,0.16770453296728505,-0.039491342712442826
choque_20pct_permanente,permanente,0.8,0.19999999999999996,True,99,140,15,9121311.133206647,0.09880759378407461,0.04736050100609002,0.14738705661952212,-0.03763149651695388
choque_20pct_permanente,permanente,0.8,0.19999999999999996,True,99,140,16,9531851.09249245,0.07439175431732561,0.055242477845441895,0.1296828700799424,-0.02937564249355056
choque_20pct_permanente,permanente,0.8,0.19999999999999996,True,99,140,17,9813002.893375574,0.06178804985844393,0.08339064168809895,0.12182567173530505,-0.023446580035130993
choque_20pct_permanente,permanente,0.8,0.19999999999999996,True,99,140,18,9919310.89616106,0.06560655057047493,0.12376861285022844,0.12860733282093698,-0.01750235369200661
choque_20pct_permanente,permanente,0.8,0.19999999999999996,True,99,140,19,9980610.661441253,0.07717186964425551,0.16019400285805951,0.1480330850169376,-0.017231434378537885
choque_20pct_permanente,permanente,0.8,0.19999999999999996,True,99,140,20,10116068.893864725,0.07777584585502981,0.18173925620443288,0.1603406878503795,-0.016475210014150206
choque_20pct_permanente,permanente,0.8,0.19999999999999996,True,99,140,21,10123934.640257958,0.07340580197229572,0.19615041183227744,0.16331626605991056,-0.018898309556702016
choque_20pct_permanente,permanente,0.8,0.19999999999999996,True,99,140,22,10099819.170084652,0.07945003980204579,0.20367323288721773,0.1711077292901584,-0.023369765208860444
choque_20pct_permanente,permanente,0.8,0.19999999999999996,True,99,140,23,10026119.176394545,0.08720950011629978,0.20065859082139137,0.1871521818944308,-0.03473973602164339
choque_20pct_permanente,permanente,0.8,0.19999999999999996,True,99,140,24,9977617.909974435,0.09227490727349162,0.19151658635648694,0.1938386690386547,-0.04288715533767911
choque_20pct_permanente,permanente,0.8,0.19999999999999996,True,99,140,25,10121014.542871995,0.08092923991267477,0.17673470093870391,0.1905296596108754,-0.049053177175272265
choque_20pct_permanente,permanente,0.8,0.19999999999999996,True,100,141,0,7609597.0,0.138,0.03,0.12063832026847152,0.010583740505574736
choque_20pct_permanente,permanente,0.8,0.19999999999999996,True,100,141,1,7652724.38733265,0.14039181650999813,0.030000000000000027,0.11859183719691781,0.007984885903803248
choque_20pct_permanente,permanente,0.8,0.19999999999999996,True,100,141,2,7822240.22552026,0.13522711927864675,0.02419579929599891,0.12044990292903582,0.0077188554837203625
choque_20pct_permanente,permanente,0.8,0.19999999999999996,True,100,141,3,7988013.693750611,0.1261973454419161,0.02679736935593513,0.11425573544146683,0.004003712692359937
choque_20pct_permanente,permanente,0.8,0.19999999999999996,True,100,141,4,8321407.764512992,0.11294184618736966,0.02967880280855928,0.106573375233791,0.004700691061358224
choque_20pct_permanente,permanente,0.8,0.19999999999999996,True,100,141,5,8617094.441646433,0.09618894573439686,0.04543799551739425,0.0979859451342186,0.010244622588814926
choque_20pct_permanente,permanente,0.8,0.19999999999999996,True,100,141,6,8791921.989513626,0.086934463260824,0.0676100618680946,0.09651658569084737,0.009916696375042503
choque_20pct_permanente,permanente,0.8,0.19999999999999996,True,100,141,7,8838350.999650126,0.0902358586464028,0.0973875841989762,0.10247601893624184,0.017186706019077142
choque_20pct_permanente,permanente,0.8,0.19999999999999996,True,100,141,8,8750961.104346279,0.10320155656463731,0.11878692129702628,0.12308306591247199,0.012146757814691305
choque_20pct_permanente,permanente,0.8,0.19999999999999996,True,100,141,9,8573154.932450606,0.12259856411115233,0.1284587874287786,0.14677907358702963,0.006766907245526388
choque_20pct_permanente,permanente,0.8,0.19999999999999996,True,100,141,10,8368019.104343099,0.1377557871755802,0.12134296401934419,0.16879242598366995,-0.00797728762030623
choque_20pct_permanente,permanente,0.8,0.19999999999999996,True,100,141,11,8218202.954040457,0.14895810560501013,0.10468445783297398,0.1814447963490632,-0.021005152461429342
choque_20pct_permanente,permanente,0.8,0.19999999999999996,True,100,141,12,8194524.562112412,0.15265789460631013,0.08149449385651386,0.1856428168293184,-0.033577911121101034
choque_20pct_permanente,permanente,0.8,0.19999999999999996,True,100,141,13,8373669.573020732,0.1404459356891729,0.05988104269537664,0.17759565465256144,-0.0409541523375583
choque_20pct_permanente,permanente,0.8,0.19999999999999996,True,100,141,14,8683566.428169347,0.1197408064341741,0.04409506238668426,0.16169303418959138,-0.03970256932575774
choque_20pct_permanente,permanente,0.8,0.19999999999999996,True,100,141,15,9203306.274840299,0.09331143276089175,0.04015866583360128,0.14314805727145052,-0.03896000979875173
choque_20pct_permanente,permanente,0.8,0.19999999999999996,True,100,141,16,9495910.243012777,0.07582065483106414,0.05268214895896928,0.1305015203836706,-0.03286077955942459
choque_20pct_permanente,permanente,0.8,0.19999999999999996,True,100,141,17,9756695.071613219,0.06604661190483145,0.08213697448391444,0.1248495968448181,-0.026894680586166366
choque_20pct_permanente,permanente,0.8,0.19999999999999996,True,100,141,18,10024410.097464804,0.062132869569344,0.12263846607877471,0.12679584865716093,-0.01599555225477261
choque_20pct_permanente,permanente,0.8,0.19999999999999996,True,100,141,19,10157823.955791565,0.06569237235680975,0.162681952013205,0.1369927798423026,-0.011996712372010759
choque_20pct_permanente,permanente,0.8,0.19999999999999996,True,100,141,20,10243073.927494107,0.07065107025796923,0.1964896435646062,0.15160786065608048,-0.011108375430904293
choque_20pct_permanente,permanente,0.8,0.19999999999999996,True,100,141,21,10227700.63176922,0.07726369333836376,0.2131489472344219,0.1662289270700634,-0.015434920671227266
choque_20pct_permanente,permanente,0.8,0.19999999999999996,True,100,141,22,10140124.072219342,0.08301439954893622,0.21865359194707956,0.17867503119079792,-0.021830881608304056
choque_20pct_permanente,permanente,0.8,0.19999999999999996,True,100,141,23,9965842.984966865,0.09337031857690717,0.21079619201875066,0.1924542970255984,-0.032973674264178396
choque_20pct_permanente,permanente,0.8,0.19999999999999996,True,100,141,24,9877515.334423592,0.09752672610737802,0.19356663767446425,0.20196808273551045,-0.04689568833887263
choque_20pct_permanente,permanente,0.8,0.19999999999999996,True,100,141,25,9876229.663616734,0.09366190512358166,0.17398345617223265,0.20080039174415265,-0.05957011756514513
