cenario,tipo_choque,multiplicador_produtividade,perda_produtividade,choque_permanente,periodo,variavel,media,mediana,desvio_padrao,p5,p95
benchmark,benchmark,1.0,0.0,False,0,deficit_externo,0.010583740505574736,0.010583740505574736,0.0,0.010583740505574736,0.010583740505574736
benchmark,benchmark,1.0,0.0,False,0,deficit_governo,0.12063832026847152,0.12063832026847152,0.0,0.12063832026847152,0.12063832026847152
benchmark,benchmark,1.0,0.0,False,0,inflacao,0.03,0.03,0.0,0.03,0.03
benchmark,benchmark,1.0,0.0,False,0,pib_real,7609597.0,7609597.0,0.0,7609597.0,7609597.0
benchmark,benchmark,1.0,0.0,False,0,taxa_desemprego,0.138,0.138,0.0,0.138,0.138
benchmark,benchmark,1.0,0.0,False,1,deficit_externo,0.007984462372586081,0.007984885903803248,3.926196770118726e-06,0.007984789509826234,0.007984885903803248
benchmark,benchmark,1.0,0.0,False,1,deficit_governo,0.11859323999532138,0.11859183719691781,1.301595028183166e-05,0.11859183719691781,0.11859204268442422
benchmark,benchmark,1.0,0.0,False,1,inflacao,0.030000000000000027,0.030000000000000027,2.2176955098475445e-17,0.030000000000000027,0.030000000000000027
benchmark,benchmark,1.0,0.0,False,1,pib_real,7652695.035586558,7652724.38733265,272.4260577675231,7652720.511295713,7652724.38733265
benchmark,benchmark,1.0,0.0,False,1,taxa_desemprego,0.1403920608512945,0.14039181650999813,2.241695576433764e-06,0.14039181650999813,0.14039188596331856
benchmark,benchmark,1.0,0.0,False,2,deficit_externo,0.003750554589595176,0.0037350567384015704,0.0016062757211644525,0.0012639399917380085,0.0064097518044404795
benchmark,benchmark,1.0,0.0,False,2,deficit_governo,0.12048060047939364,0.12049697829678668,6.805356220435828e-05,0.12035087318142733,0.12056834786677496
benchmark,benchmark,1.0,0.0,False,2,inflacao,0.0241790974363568,0.024178903792151374,6.352236575683177e-06,0.024168803029150497,0.024189329108142775
benchmark,benchmark,1.0,0.0,False,2,pib_real,7802944.495067831,7801636.532252673,7209.9131308595925,7793839.30654957,7814570.75365547
benchmark,benchmark,1.0,0.0,False,2,taxa_desemprego,0.13522962058815893,0.13522708141572493,2.1605326851770385e-05,0.13522708141572493,0.13522848442316332
benchmark,benchmark,1.0,0.0,False,3,deficit_externo,0.005747096504157826,0.005743644046670199,0.0015545355430605363,0.0035434152280053124,0.007982075671837357
benchmark,benchmark,1.0,0.0,False,3,deficit_governo,0.11184773284071642,0.11185072468678268,0.0008446542854071099,0.11054861292060025,0.11337891797923047
benchmark,benchmark,1.0,0.0,False,3,inflacao,0.026860137300484296,0.02686369906445485,3.627102333315835e-05,0.02681065147278915,0.02691262388561052
benchmark,benchmark,1.0,0.0,False,3,pib_real,8053418.840898419,8052453.326104144,22860.68877838277,8015425.902262519,8088025.718333901
benchmark,benchmark,1.0,0.0,False,3,taxa_desemprego,0.12475496402664281,0.12465420863232873,0.0008896642521635596,0.12326081915943915,0.12620645537562453
benchmark,benchmark,1.0,0.0,False,4,deficit_externo,0.00708078762998537,0.006938860115528333,0.0016459210316347754,0.004696605395465656,0.010087054088963179
benchmark,benchmark,1.0,0.0,False,4,deficit_governo,0.10432981919155379,0.10424876552638039,0.0015669958518124117,0.101873196088259,0.10681325879284824
benchmark,benchmark,1.0,0.0,False,4,inflacao,0.030262741853643558,0.030294405279839287,0.0003937899769649422,0.02966043531771566,0.03095903702938426
benchmark,benchmark,1.0,0.0,False,4,pib_real,8377935.379555072,8376895.75896104,37785.39992784701,8321375.753632962,8435326.425282277
benchmark,benchmark,1.0,0.0,False,4,taxa_desemprego,0.10902857243934669,0.10895973774110385,0.0021729610014057706,0.10541393387532699,0.11228768150238537
benchmark,benchmark,1.0,0.0,False,5,deficit_externo,0.010868201966439194,0.010667870790971689,0.0017746073782461834,0.008312487008012733,0.014037632875582969
benchmark,benchmark,1.0,0.0,False,5,deficit_governo,0.0960918439420372,0.09579066839599404,0.0023898364145642755,0.09264610008549708,0.100496111337903
benchmark,benchmark,1.0,0.0,False,5,inflacao,0.044716605694918934,0.044846715518834346,0.0014125051811041186,0.04226812241236093,0.04697498348904675
benchmark,benchmark,1.0,0.0,False,5,pib_real,8646837.337065423,8647328.970058728,48295.8346591793,8562526.83540309,8719277.49846319
benchmark,benchmark,1.0,0.0,False,5,taxa_desemprego,0.09437819078388669,0.09408655902161528,0.0029887738851059925,0.08995459229796665,0.09969775295142115
benchmark,benchmark,1.0,0.0,False,6,deficit_externo,0.012046451669863713,0.011964950668575395,0.002118732317768845,0.00876659943218869,0.0155291378732727
benchmark,benchmark,1.0,0.0,False,6,deficit_governo,0.09616080382703278,0.09638180975997657,0.002943955292141908,0.09131664559681148,0.1013783505892651
benchmark,benchmark,1.0,0.0,False,6,inflacao,0.06457785898483538,0.0644963978751848,0.0029246131429294946,0.059662561095566904,0.0691307773043709
benchmark,benchmark,1.0,0.0,False,6,pib_real,8824739.564344821,8819814.131836897,52571.192411311175,8740979.499702828,8916554.931608077
benchmark,benchmark,1.0,0.0,False,6,taxa_desemprego,0.0890005686260159,0.08901455491296023,0.003665454877715551,0.08309969052740361,0.09571262907740333
benchmark,benchmark,1.0,0.0,False,7,deficit_externo,0.013846609622341268,0.0139775923579789,0.002439508576420723,0.010165664953586659,0.017700485381955833
benchmark,benchmark,1.0,0.0,False,7,deficit_governo,0.10416258233053619,0.10425181846383653,0.0035558922524715625,0.09872375461471189,0.10953368311573684
benchmark,benchmark,1.0,0.0,False,7,inflacao,0.08826352150147301,0.08828786141882916,0.004827913969310689,0.07947886891508021,0.09563726611136056
benchmark,benchmark,1.0,0.0,False,7,pib_real,8922491.252550554,8921532.686070137,61661.060325783066,8830171.502074217,9012081.617892968
benchmark,benchmark,1.0,0.0,False,7,taxa_desemprego,0.09345474464925622,0.09339039164146322,0.004197917597360121,0.08676480730052959,0.09914622154821139
benchmark,benchmark,1.0,0.0,False,8,deficit_externo,0.011729703730847123,0.012054156802551199,0.0025326064790208627,0.007220881772984158,0.01575518694617272
benchmark,benchmark,1.0,0.0,False,8,deficit_governo,0.12077504957244525,0.1207646132572762,0.004582346179555744,0.11369078305666938,0.12815668395034627
benchmark,benchmark,1.0,0.0,False,8,inflacao,0.10446615636725307,0.10426409381503798,0.006042420854512628,0.09408525381207697,0.11546314087147924
benchmark,benchmark,1.0,0.0,False,8,pib_real,8925595.374527758,8924076.352772254,69946.28328455836,8811737.93665744,9048751.303519817
benchmark,benchmark,1.0,0.0,False,8,taxa_desemprego,0.10382829355463956,0.10399882689105194,0.005041676171426277,0.09503352287119142,0.1116980284586063
benchmark,benchmark,1.0,0.0,False,9,deficit_externo,0.006227986582285857,0.006208102922909341,0.0028407485685754868,0.0015403508133544606,0.011246788547880261
benchmark,benchmark,1.0,0.0,False,9,deficit_governo,0.1388084235752913,0.13874737529934705,0.00516983697381223,0.13118348408876723,0.14738331206891983
benchmark,benchmark,1.0,0.0,False,9,inflacao,0.11094203798646195,0.11127306488498023,0.006674623531480385,0.1010786742499339,0.12101447586299702
benchmark,benchmark,1.0,0.0,False,9,pib_real,8848004.477186562,8847557.462797461,79468.31933942558,8713753.795164643,8963563.92365209
benchmark,benchmark,1.0,0.0,False,9,taxa_desemprego,0.11637001726081088,0.1161900665569506,0.005646290996354299,0.10763286704317937,0.12631187460605295
benchmark,benchmark,1.0,0.0,False,10,deficit_externo,-0.003363534817812212,-0.0033827138326674444,0.0029640256790093773,-0.008245970548588135,0.0013622677143242813
benchmark,benchmark,1.0,0.0,False,10,deficit_governo,0.15597767181110464,0.15577785696483845,0.0056836470897922405,0.1475206852420428,0.16516333035777775
benchmark,benchmark,1.0,0.0,False,10,inflacao,0.10481554776062536,0.10453688061930066,0.0068219489644276606,0.0933507734127182,0.1160530946452503
benchmark,benchmark,1.0,0.0,False,10,pib_real,8731618.432452327,8738136.594670456,83717.11716257964,8594327.606941195,8855557.69853876
benchmark,benchmark,1.0,0.0,False,10,taxa_desemprego,0.1283759399419664,0.12783020840573284,0.006013460585062153,0.12028116398208484,0.13805710095603857
benchmark,benchmark,1.0,0.0,False,11,deficit_externo,-0.014047004681140347,-0.014314318930197006,0.003236624696219531,-0.01946270932538077,-0.008950062557331275
benchmark,benchmark,1.0,0.0,False,11,deficit_governo,0.1677178356658167,0.1684269075052541,0.006399126094026447,0.15597108289824052,0.17692908416690853
benchmark,benchmark,1.0,0.0,False,11,inflacao,0.09053432752537838,0.09056080939209954,0.006642110554921279,0.07944940858279488,0.10093147012443665
benchmark,benchmark,1.0,0.0,False,11,pib_real,8646445.925576665,8642574.079207117,99335.2817231681,8484413.776061548,8815943.993983144
benchmark,benchmark,1.0,0.0,False,11,taxa_desemprego,0.13625896407835886,0.13674305826269834,0.006915647691939328,0.12479647575463598,0.146221298199153
benchmark,benchmark,1.0,0.0,False,12,deficit_externo,-0.024275839366957822,-0.02428578218596545,0.003552899532787543,-0.030214055939599006,-0.019004705355716488
benchmark,benchmark,1.0,0.0,False,12,deficit_governo,0.17168190468441183,0.1719148719818838,0.007197281872105119,0.1582320983706888,0.18163061418847956
benchmark,benchmark,1.0,0.0,False,12,inflacao,0.07137778339656249,0.07171077206082377,0.006926023361555105,0.059803037548797455,0.08177471842282003
benchmark,benchmark,1.0,0.0,False,12,pib_real,8669481.30550371,8658944.87188146,115122.68519994126,8491996.39740114,8874324.959152207
benchmark,benchmark,1.0,0.0,False,12,taxa_desemprego,0.1364512043580021,0.1366690137842772,0.007811193775444529,0.12231214817987725,0.14847657612157378
benchmark,benchmark,1.0,0.0,False,13,deficit_externo,-0.029710006805704188,-0.029708544189432626,0.004250022168007044,-0.037020753327565124,-0.022268954371451943
benchmark,benchmark,1.0,0.0,False,13,deficit_governo,0.1650481535319025,0.165025399084385,0.00776347180027844,0.14967371879481203,0.17675563954997073
benchmark,benchmark,1.0,0.0,False,13,inflacao,0.0537252849953207,0.05386408493903749,0.007808803061299522,0.041212511835562585,0.06742110782966373
benchmark,benchmark,1.0,0.0,False,13,pib_real,8873431.703455994,8879569.643738827,134149.0011766647,8663219.618811762,9132978.900683269
benchmark,benchmark,1.0,0.0,False,13,taxa_desemprego,0.12659431235342963,0.1267543216424133,0.00861057316098276,0.1091541652350384,0.14057975497129288
benchmark,benchmark,1.0,0.0,False,14,deficit_externo,-0.02888412771397687,-0.02847725665455014,0.004627201246058556,-0.035773057253608014,-0.021940809261558603
benchmark,benchmark,1.0,0.0,False,14,deficit_governo,0.14950019876895262,0.15059379434999648,0.007829241647798689,0.13625174969389173,0.16185021373312786
benchmark,benchmark,1.0,0.0,False,14,inflacao,0.042466977476025666,0.04240068088333293,0.009060089961618696,0.028706513888789996,0.058015095176598384
benchmark,benchmark,1.0,0.0,False,14,pib_real,9310947.013654524,9287643.036523497,152396.3897345848,9079486.694424445,9590845.897882704
benchmark,benchmark,1.0,0.0,False,14,taxa_desemprego,0.10617999182579294,0.10692368742578187,0.008994404897767806,0.0904724580747345,0.12071247237508652
benchmark,benchmark,1.0,0.0,False,15,deficit_externo,-0.02203948953064183,-0.021856296763456358,0.004716266849931038,-0.029350340652899858,-0.013025716288404017
benchmark,benchmark,1.0,0.0,False,15,deficit_governo,0.13056237756511102,0.1312012690792518,0.006198762909514902,0.12062892152877289,0.14168565654991952
benchmark,benchmark,1.0,0.0,False,15,inflacao,0.04454385568630318,0.044965629147351915,0.01158550203867465,0.027140716170821456,0.06553770871497643
benchmark,benchmark,1.0,0.0,False,15,pib_real,9868501.7975627,9881591.945276598,112124.33438605811,9685587.868189637,10039218.66538117
benchmark,benchmark,1.0,0.0,False,15,taxa_desemprego,0.08021777040562152,0.08048404518232558,0.0070986426790064,0.06944959671948558,0.0914197837951569
benchmark,benchmark,1.0,0.0,False,16,deficit_externo,-0.013356252182810406,-0.013443832577124618,0.004612686045574874,-0.019786893289159092,-0.005576033967238881
benchmark,benchmark,1.0,0.0,False,16,deficit_governo,0.11571817312059973,0.11550693973863142,0.004247515786380622,0.1092163918682759,0.12256046403277521
benchmark,benchmark,1.0,0.0,False,16,inflacao,0.06696940936856821,0.06775975790344435,0.01515420099023373,0.04357668753703129,0.09209580497097407
benchmark,benchmark,1.0,0.0,False,16,pib_real,10327350.93422552,10329066.38052509,80907.93669718009,10186813.24822911,10459354.100315724
benchmark,benchmark,1.0,0.0,False,16,taxa_desemprego,0.06038776932989321,0.05993138240976005,0.004096054075525686,0.054423603940088515,0.06781057850757384
benchmark,benchmark,1.0,0.0,False,17,deficit_externo,-0.0020091920097500184,-0.001816687140483725,0.004765948878824626,-0.009669887737514515,0.004955299264000943
benchmark,benchmark,1.0,0.0,False,17,deficit_governo,0.10987261842252145,0.1094353281591343,0.004010648523585998,0.10465461690037128,0.11722821610396236
benchmark,benchmark,1.0,0.0,False,17,inflacao,0.11158548497874231,0.11088823103994916,0.01790338367220719,0.08354818803277966,0.13813802887462928
benchmark,benchmark,1.0,0.0,False,17,pib_real,10692308.00965793,10698282.030807594,64677.56456830017,10584689.348187486,10782955.827417186
benchmark,benchmark,1.0,0.0,False,17,taxa_desemprego,0.053366254620983794,0.05280969502433132,0.003629088147020109,0.04830496028302033,0.06022834019282851
benchmark,benchmark,1.0,0.0,False,18,deficit_externo,0.009577889641977049,0.00969874377453553,0.004105034522318102,0.0016379626876781813,0.016187687962248933
benchmark,benchmark,1.0,0.0,False,18,deficit_governo,0.11938002256270053,0.11853343590495238,0.00709197661632018,0.11046696174614261,0.13123750838672912
benchmark,benchmark,1.0,0.0,False,18,inflacao,0.16639593907036349,0.16824785741314785,0.015994335583016935,0.13977704198908122,0.19022565220261883
benchmark,benchmark,1.0,0.0,False,18,pib_real,10956177.057236291,10959849.764337683,79049.45403520965,10814879.077797802,11067105.613308363
benchmark,benchmark,1.0,0.0,False,18,taxa_desemprego,0.058295385067113764,0.057747089276951186,0.005095809200368256,0.05084939095111006,0.06733618629186774
benchmark,benchmark,1.0,0.0,False,19,deficit_externo,0.01444430455102854,0.01494454824270608,0.0038215125202832965,0.008543190453069872,0.020135500231362586
benchmark,benchmark,1.0,0.0,False,19,deficit_governo,0.14154307780557962,0.14176487650143066,0.007638721677312316,0.1303815687700543,0.153333242919703
benchmark,benchmark,1.0,0.0,False,19,inflacao,0.2090102663116791,0.21212121697135322,0.011979651093301007,0.18867439319327833,0.22673538584162742
benchmark,benchmark,1.0,0.0,False,19,pib_real,11090939.422480088,11093813.90691403,93417.49207601904,10932968.306103988,11214848.896494888
benchmark,benchmark,1.0,0.0,False,19,taxa_desemprego,0.06886601249922025,0.06914826599161547,0.00527515630488423,0.06070434819424099,0.07691692514191524
benchmark,benchmark,1.0,0.0,False,20,deficit_externo,0.01105025679743769,0.01146410866036854,0.004373251396157092,0.003615498750467574,0.016841888797665898
benchmark,benchmark,1.0,0.0,False,20,deficit_governo,0.16251369885844935,0.16287344561319483,0.008046345329154254,0.14914497017340866,0.17434925290351927
benchmark,benchmark,1.0,0.0,False,20,inflacao,0.22838368130918515,0.22889022662201997,0.009614239395087102,0.2141167691394381,0.24219535612508822
benchmark,benchmark,1.0,0.0,False,20,pib_real,11070373.182825409,11093073.976698732,147271.623343123,10808615.066235175,11280185.747592775
benchmark,benchmark,1.0,0.0,False,20,taxa_desemprego,0.0785015399209492,0.07896353573215009,0.006783866897780511,0.06784851751821096,0.08830223172196923
benchmark,benchmark,1.0,0.0,False,21,deficit_externo,-0.00026093153641320856,8.798467393067912e-05,0.006519757938732554,-0.010766354925484665,0.010273520657818176
benchmark,benchmark,1.0,0.0,False,21,deficit_governo,0.17975418351191785,0.18121006744744594,0.009262020561133275,0.16412014026238878,0.19460871599573118
benchmark,benchmark,1.0,0.0,False,21,inflacao,0.2262673140525534,0.22616283524083036,0.01182558452726186,0.20470975435776279,0.24404611781222127
benchmark,benchmark,1.0,0.0,False,21,pib_real,10880162.35756921,10880616.602088474,195361.8953543916,10594194.445039902,11233665.040674917
benchmark,benchmark,1.0,0.0,False,21,taxa_desemprego,0.08902296258720954,0.09001987446024932,0.008778370142426883,0.0740406385508617,0.10323390885749972
benchmark,benchmark,1.0,0.0,False,22,deficit_externo,-0.01664845243818069,-0.016748251820238966,0.007966317937258684,-0.028208855561696087,-0.003537556641285331
benchmark,benchmark,1.0,0.0,False,22,deficit_governo,0.19703564502779944,0.19796609533782958,0.008894393809943705,0.18135608276296863,0.20992118422765474
benchmark,benchmark,1.0,0.0,False,22,inflacao,0.20626663692104727,0.20542794508311013,0.01627139462914434,0.18091371552297322,0.23406369368558538
benchmark,benchmark,1.0,0.0,False,22,pib_real,10636323.419937951,10634919.598601943,205061.7120945102,10362475.776442396,10987940.133610733
benchmark,benchmark,1.0,0.0,False,22,taxa_desemprego,0.10050256532030204,0.10145791880580093,0.008796691018777374,0.08525268651141318,0.1135862396673066
benchmark,benchmark,1.0,0.0,False,23,deficit_externo,-0.033738338779908436,-0.034535484937051726,0.007992177744119523,-0.04540093871686903,-0.020481112732896514
benchmark,benchmark,1.0,0.0,False,23,deficit_governo,0.20739231199112254,0.20822123858976405,0.00709894037442501,0.19550572086192558,0.21850773525332937
benchmark,benchmark,1.0,0.0,False,23,inflacao,0.17549024373752764,0.17517245971950157,0.01913912927467402,0.14878586789930787,0.21000586060052645
benchmark,benchmark,1.0,0.0,False,23,pib_real,10495602.630092507,10486338.617464524,172896.17783443676,10240398.374280542,10841303.382470002
benchmark,benchmark,1.0,0.0,False,23,taxa_desemprego,0.10516005501010785,0.10581581148290078,0.0075224643097663866,0.09304127299491277,0.1166548049100164
benchmark,benchmark,1.0,0.0,False,24,deficit_externo,-0.046688155000914576,-0.04774674010136084,0.00650574800726565,-0.057266880090440495,-0.034845169229182696
benchmark,benchmark,1.0,0.0,False,24,deficit_governo,0.20448397092985512,0.20564676856741512,0.008561266092879834,0.18971486024402817,0.21831641749403044
benchmark,benchmark,1.0,0.0,False,24,inflacao,0.14297116960451203,0.14208730447682816,0.019097884563564083,0.1170350450885483,0.1776906576440505
benchmark,benchmark,1.0,0.0,False,24,pib_real,10568087.389290232,10555632.414004784,147655.01581026043,10359381.607778333,10810255.526400864
benchmark,benchmark,1.0,0.0,False,24,taxa_desemprego,0.09790716286363965,0.09872274512136939,0.008469774724746047,0.08249246298473997,0.1098835638486908
benchmark,benchmark,1.0,0.0,False,25,deficit_externo,-0.04951214560586537,-0.04948294239761003,0.005862828751835126,-0.05775691671424145,-0.03942823127117829
benchmark,benchmark,1.0,0.0,False,25,deficit_governo,0.18765878644725656,0.18829313216591814,0.012128656576062463,0.16788757020011477,0.20646660057692742
benchmark,benchmark,1.0,0.0,False,25,inflacao,0.11915163488700102,0.11792282565543033,0.016630323237369543,0.09312928656171725,0.14795118711716437
benchmark,benchmark,1.0,0.0,False,25,pib_real,10998826.36487278,10981153.392500084,227376.95280923476,10666353.728717787,11398711.788022839
benchmark,benchmark,1.0,0.0,False,25,taxa_desemprego,0.07706273877065134,0.07837388298862098,0.011782240338133788,0.057240689139003556,0.09398827642677345
choque_05pct_permanente,permanente,0.95,0.050000000000000044,True,0,deficit_externo,0.010583740505574736,0.010583740505574736,0.0,0.010583740505574736,0.010583740505574736
choque_05pct_permanente,permanente,0.95,0.050000000000000044,True,0,deficit_governo,0.12063832026847152,0.12063832026847152,0.0,0.12063832026847152,0.12063832026847152
choque_05pct_permanente,permanente,0.95,0.050000000000000044,True,0,inflacao,0.03,0.03,0.0,0.03,0.03
choque_05pct_permanente,permanente,0.95,0.050000000000000044,True,0,pib_real,7609597.0,7609597.0,0.0,7609597.0,7609597.0
choque_05pct_permanente,permanente,0.95,0.050000000000000044,True,0,taxa_desemprego,0.138,0.138,0.0,0.138,0.138
choque_05pct_permanente,permanente,0.95,0.050000000000000044,True,1,deficit_externo,0.007984462372586081,0.007984885903803248,3.926196770118726e-06,0.007984789509826234,0.007984885903803248
choque_05pct_permanente,permanente,0.95,0.050000000000000044,True,1,deficit_governo,0.11859323999532138,0.11859183719691781,1.301595028183166e-05,0.11859183719691781,0.11859204268442422
choque_05pct_permanente,permanente,0.95,0.050000000000000044,True,1,inflacao,0.030000000000000027,0.030000000000000027,2.2176955098475445e-17,0.030000000000000027,0.030000000000000027
choque_05pct_permanente,permanente,0.95,0.050000000000000044,True,1,pib_real,7652695.035586558,7652724.38733265,272.4260577675231,7652720.511295713,7652724.38733265
choque_05pct_permanente,permanente,0.95,0.050000000000000044,True,1,taxa_desemprego,0.1403920608512945,0.14039181650999813,2.241695576433764e-06,0.14039181650999813,0.14039188596331856
choque_05pct_permanente,permanente,0.95,0.050000000000000044,True,2,deficit_externo,0.003750554589595176,0.0037350567384015704,0.0016062757211644525,0.0012639399917380085,0.0064097518044404795
choque_05pct_permanente,permanente,0.95,0.050000000000000044,True,2,deficit_governo,0.12048060047939364,0.12049697829678668,6.805356220435828e-05,0.12035087318142733,0.12056834786677496
choque_05pct_permanente,permanente,0.95,0.050000000000000044,True,2,inflacao,0.0241790974363568,0.024178903792151374,6.352236575683177e-06,0.024168803029150497,0.024189329108142775
choque_05pct_permanente,permanente,0.95,0.050000000000000044,True,2,pib_real,7802944.495067831,7801636.532252673,7209.9131308595925,7793839.30654957,7814570.75365547
choque_05pct_permanente,permanente,0.95,0.050000000000000044,True,2,taxa_desemprego,0.13522962058815893,0.13522708141572493,2.1605326851770385e-05,0.13522708141572493,0.13522848442316332
choque_05pct_permanente,permanente,0.95,0.050000000000000044,True,3,deficit_externo,0.005747096504157826,0.005743644046670199,0.0015545355430605363,0.0035434152280053124,0.007982075671837357
choque_05pct_permanente,permanente,0.95,0.050000000000000044,True,3,deficit_governo,0.11184773284071642,0.11185072468678268,0.0008446542854071099,0.11054861292060025,0.11337891797923047
choque_05pct_permanente,permanente,0.95,0.050000000000000044,True,3,inflacao,0.026860137300484296,0.02686369906445485,3.627102333315835e-05,0.02681065147278915,0.02691262388561052
choque_05pct_permanente,permanente,0.95,0.050000000000000044,True,3,pib_real,8053418.840898419,8052453.326104144,22860.68877838277,8015425.902262519,8088025.718333901
choque_05pct_permanente,permanente,0.95,0.050000000000000044,True,3,taxa_desemprego,0.12475496402664281,0.12465420863232873,0.0008896642521635596,0.12326081915943915,0.12620645537562453
choque_05pct_permanente,permanente,0.95,0.050000000000000044,True,4,deficit_externo,0.00708078762998537,0.006938860115528333,0.0016459210316347754,0.004696605395465656,0.010087054088963179
choque_05pct_permanente,permanente,0.95,0.050000000000000044,True,4,deficit_governo,0.10432981919155379,0.10424876552638039,0.0015669958518124117,0.101873196088259,0.10681325879284824
choque_05pct_permanente,permanente,0.95,0.050000000000000044,True,4,inflacao,0.030262741853643558,0.030294405279839287,0.0003937899769649422,0.02966043531771566,0.03095903702938426
choque_05pct_permanente,permanente,0.95,0.050000000000000044,True,4,pib_real,8377935.379555072,8376895.75896104,37785.39992784701,8321375.753632962,8435326.425282277
choque_05pct_permanente,permanente,0.95,0.050000000000000044,True,4,taxa_desemprego,0.10902857243934669,0.10895973774110385,0.0021729610014057706,0.10541393387532699,0.11228768150238537
choque_05pct_permanente,permanente,0.95,0.050000000000000044,True,5,deficit_externo,0.010876647920404586,0.010701586652517431,0.001780187374299708,0.008292486146670016,0.01405964193290186
choque_05pct_permanente,permanente,0.95,0.050000000000000044,True,5,deficit_governo,0.09616602360242585,0.0957792775968844,0.0024561642344515327,0.0925392816062419,0.1003696107206117
choque_05pct_permanente,permanente,0.95,0.050000000000000044,True,5,inflacao,0.04607228685430333,0.046131133479796804,0.0016027288426448468,0.04324063765234325,0.04831971650792427
choque_05pct_permanente,permanente,0.95,0.050000000000000044,True,5,pib_real,8633693.095830608,8635914.518875642,47536.7609791083,8547732.526195524,8712009.096011199
choque_05pct_permanente,permanente,0.95,0.050000000000000044,True,5,taxa_desemprego,0.09443415964160241,0.09413229689212013,0.0029903167811449164,0.09000448531055556,0.09975816377578023
choque_05pct_permanente,permanente,0.95,0.050000000000000044,True,6,deficit_externo,0.011994149485126289,0.011877328115332394,0.002119079550698749,0.008665271074317478,0.015519403021512144
choque_05pct_permanente,permanente,0.95,0.050000000000000044,True,6,deficit_governo,0.09680385928141662,0.09703191023870945,0.0029765837140723218,0.09205188050105251,0.10187636388133271
choque_05pct_permanente,permanente,0.95,0.050000000000000044,True,6,inflacao,0.0661530360068161,0.06596398781937263,0.002939079497681181,0.06110136177689892,0.07072781377804666
choque_05pct_permanente,permanente,0.95,0.050000000000000044,True,6,pib_real,8804045.944424786,8799138.728255382,52417.30512343481,8717564.888048772,8895136.377845094
choque_05pct_permanente,permanente,0.95,0.050000000000000044,True,6,taxa_desemprego,0.08919925685912299,0.08917371395464602,0.003687554653736436,0.08309857793688245,0.09585879661896944
choque_05pct_permanente,permanente,0.95,0.050000000000000044,True,7,deficit_externo,0.013753273519954843,0.013804965592225955,0.002450957197548976,0.009992402882171406,0.017595935911979783
choque_05pct_permanente,permanente,0.95,0.050000000000000044,True,7,deficit_governo,0.10525051088896845,0.1053798645783699,0.003604508836793335,0.09976899070839343,0.1105283058524226
choque_05pct_permanente,permanente,0.95,0.050000000000000044,True,7,inflacao,0.09073896941153677,0.09074231122149146,0.004860070161649341,0.08194486412200888,0.09810646167680223
choque_05pct_permanente,permanente,0.95,0.050000000000000044,True,7,pib_real,8888955.41344576,8889751.619884457,61610.25278265416,8798251.541068953,8976706.730147755
choque_05pct_permanente,permanente,0.95,0.050000000000000044,True,7,taxa_desemprego,0.09389727144329818,0.09381890648183178,0.004234766359663826,0.08725357231891621,0.09961203989658778
choque_05pct_permanente,permanente,0.95,0.050000000000000044,True,8,deficit_externo,0.01116857457632439,0.011514678074485758,0.0025235767029183954,0.006639812950663987,0.015158791178844647
choque_05pct_permanente,permanente,0.95,0.050000000000000044,True,8,deficit_governo,0.12274953275541173,0.12280680017693743,0.004612812916083205,0.11571409468451563,0.13016453898858493
choque_05pct_permanente,permanente,0.95,0.050000000000000044,True,8,inflacao,0.10710632557026678,0.10693718185238388,0.006020033136899232,0.09674871090301605,0.11803511571929612
choque_05pct_permanente,permanente,0.95,0.050000000000000044,True,8,pib_real,8874208.681519354,8870690.626225334,69706.90053071328,8761095.110290572,8995387.125971507
choque_05pct_permanente,permanente,0.95,0.050000000000000044,True,8,taxa_desemprego,0.10462292103287375,0.10484074298201379,0.005074343896382572,0.09574001532738251,0.11193771490666028
choque_05pct_permanente,permanente,0.95,0.050000000000000044,True,9,deficit_externo,0.005374839569202721,0.005340674289741332,0.0028150323195446506,0.0007371322902268808,0.010275261881146566
choque_05pct_permanente,permanente,0.95,0.050000000000000044,True,9,deficit_governo,0.1413242678115902,0.14131023679645643,0.005147302384797241,0.1337984058762547,0.15002888302018372
choque_05pct_permanente,permanente,0.95,0.050000000000000044,True,9,inflacao,0.11396629793794799,0.11435204572737956,0.0066606573977268935,0.10420710604220987,0.12406049054597384
choque_05pct_permanente,permanente,0.95,0.050000000000000044,True,9,pib_real,8776096.537055384,8774545.349734176,78364.87881648073,8640438.311062954,8890322.23914763
choque_05pct_permanente,permanente,0.95,0.050000000000000044,True,9,taxa_desemprego,0.11752001915224794,0.11725541710510086,0.005644087536125267,0.10890908960219306,0.12752148394385943
choque_05pct_permanente,permanente,0.95,0.050000000000000044,True,10,deficit_externo,-0.004764026310398322,-0.004787369747427012,0.002941917908336902,-0.009667488898028636,-4.799015982048976e-05
choque_05pct_permanente,permanente,0.95,0.050000000000000044,True,10,deficit_governo,0.15922250134674323,0.15895903399614963,0.0056624117435379725,0.1509660490424066,0.16835789543890167
choque_05pct_permanente,permanente,0.95,0.050000000000000044,True,10,inflacao,0.10772917779666143,0.10740268226070104,0.006795218004498505,0.09628591658990461,0.11920718029757671
choque_05pct_permanente,permanente,0.95,0.050000000000000044,True,10,pib_real,8638721.522605103,8647341.724434571,82024.95162131968,8504566.87202043,8758383.051192164
choque_05pct_permanente,permanente,0.95,0.050000000000000044,True,10,taxa_desemprego,0.12997661607006789,0.1293827154843989,0.005999207747320635,0.1220811410434003,0.1396752240218832
choque_05pct_permanente,permanente,0.95,0.050000000000000044,True,11,deficit_externo,-0.01586303907474584,-0.016119043979852046,0.0031828176905873925,-0.021072130550206358,-0.010645568264239442
choque_05pct_permanente,permanente,0.95,0.050000000000000044,True,11,deficit_governo,0.1713753052613889,0.17182609682485633,0.006356089081699813,0.15991829049540374,0.18057802499651895
choque_05pct_permanente,permanente,0.95,0.050000000000000044,True,11,inflacao,0.09336330462603495,0.09319500177606976,0.006587630458465581,0.08247048911811528,0.10398941981423113
choque_05pct_permanente,permanente,0.95,0.050000000000000044,True,11,pib_real,8534902.089608599,8533374.794241045,96942.68684769182,8372435.915538277,8697677.17716484
choque_05pct_permanente,permanente,0.95,0.050000000000000044,True,11,taxa_desemprego,0.13814621633341245,0.13850154615181529,0.006876657678822802,0.12674178701551878,0.1481507252654312
choque_05pct_permanente,permanente,0.95,0.050000000000000044,True,12,deficit_externo,-0.026571875055120396,-0.026624637517984433,0.0034961935927190317,-0.03238716991813185,-0.021346399274414986
choque_05pct_permanente,permanente,0.95,0.050000000000000044,True,12,deficit_governo,0.17560924698108576,0.17610438126980885,0.007167465938446887,0.16218890561453772,0.18540960206795873
choque_05pct_permanente,permanente,0.95,0.050000000000000044,True,12,inflacao,0.07386108684795946,0.0743266523902455,0.006827005123989503,0.06260367662992108,0.08463138870252748
choque_05pct_permanente,permanente,0.95,0.050000000000000044,True,12,pib_real,8541243.489923373,8532374.004899174,112297.58200895165,8369798.559900339,8738687.81463595
choque_05pct_permanente,permanente,0.95,0.050000000000000044,True,12,taxa_desemprego,0.13844255167943093,0.13859555613115204,0.007768423052097752,0.12432733571013842,0.15041778888103585
choque_05pct_permanente,permanente,0.95,0.050000000000000044,True,13,deficit_externo,-0.03234564211023725,-0.03251394988711296,0.004173174245803719,-0.039549025353310834,-0.02516976430418442
choque_05pct_permanente,permanente,0.95,0.050000000000000044,True,13,deficit_governo,0.1689346060169437,0.16890892546486452,0.007734474193131197,0.15393423785177784,0.1807936854232533
choque_05pct_permanente,permanente,0.95,0.050000000000000044,True,13,inflacao,0.05586586245442912,0.056268925189354224,0.00761111593620973,0.043710715642463496,0.06903641086269975
choque_05pct_permanente,permanente,0.95,0.050000000000000044,True,13,pib_real,8729461.038830511,8733034.354476675,131119.57525068644,8519492.562893137,8983482.01203537
choque_05pct_permanente,permanente,0.95,0.050000000000000044,True,13,taxa_desemprego,0.12848135590402074,0.12851825110082477,0.00856440865317015,0.11129118262764869,0.1422437577488577
choque_05pct_permanente,permanente,0.95,0.050000000000000044,True,14,deficit_externo,-0.03184599463457408,-0.03154948182630568,0.004540116011677824,-0.038897500345929786,-0.024918219009665482
choque_05pct_permanente,permanente,0.95,0.050000000000000044,True,14,deficit_governo,0.15323664935579645,0.15425277866366038,0.007756022984029075,0.13995655086148384,0.16576685064966287
choque_05pct_permanente,permanente,0.95,0.050000000000000044,True,14,inflacao,0.0440171702615017,0.04355926391438236,0.008812732504801222,0.030757301467719635,0.058710912655388775
choque_05pct_permanente,permanente,0.95,0.050000000000000044,True,14,pib_real,9152187.75748715,9128364.527952755,149081.78954964847,8922651.090546453,9425693.053128341
choque_05pct_permanente,permanente,0.95,0.050000000000000044,True,14,taxa_desemprego,0.10775349427107331,0.10833533764319137,0.00893827048401039,0.09196712729735297,0.12271868118332749
choque_05pct_permanente,permanente,0.95,0.050000000000000044,True,15,deficit_externo,-0.02540184313651241,-0.025165575937121716,0.004572520142561951,-0.03272671863588224,-0.016865872361963675
choque_05pct_permanente,permanente,0.95,0.050000000000000044,True,15,deficit_governo,0.1342335242005897,0.13467870490910755,0.006077875416616339,0.12480537978696217,0.14501356541277707
choque_05pct_permanente,permanente,0.95,0.050000000000000044,True,15,inflacao,0.04534622357562456,0.04563550937814109,0.011194008210118067,0.028450065820215798,0.06574929788684442
choque_05pct_permanente,permanente,0.95,0.050000000000000044,True,15,pib_real,9690021.067631353,9701732.22138229,107746.7836509527,9511649.00938624,9849041.58546587
choque_05pct_permanente,permanente,0.95,0.050000000000000044,True,15,taxa_desemprego,0.08139321763921613,0.08154920540048832,0.007060497400515574,0.07046624464167231,0.09294235645595714
choque_05pct_permanente,permanente,0.95,0.050000000000000044,True,16,deficit_externo,-0.017528684495964068,-0.01753562594720833,0.004449483046103982,-0.02394038244087482,-0.010177091294538108
choque_05pct_permanente,permanente,0.95,0.050000000000000044,True,16,deficit_governo,0.11968784945292114,0.11940109688713574,0.004117132954381377,0.11352956858197118,0.1262545754131824
choque_05pct_permanente,permanente,0.95,0.050000000000000044,True,16,inflacao,0.06654199452943889,0.06735840169384333,0.01470225708150734,0.04337685399223886,0.09083726851041804
choque_05pct_permanente,permanente,0.95,0.050000000000000044,True,16,pib_real,10119630.470412845,10118185.726039402,77341.58138602105,9991797.648491723,10237968.014472209
choque_05pct_permanente,permanente,0.95,0.050000000000000044,True,16,taxa_desemprego,0.06129415008929042,0.06065118439120158,0.00411859134132213,0.05561053565125173,0.06891627250161922
choque_05pct_permanente,permanente,0.95,0.050000000000000044,True,17,deficit_externo,-0.007154321394360703,-0.0070358631393228534,0.0047055581963163775,-0.014848143947065936,-0.0001219650302125916
choque_05pct_permanente,permanente,0.95,0.050000000000000044,True,17,deficit_governo,0.11396651169376187,0.11367744601881363,0.0037511481851579174,0.10890543787219253,0.12138258892844292
choque_05pct_permanente,permanente,0.95,0.050000000000000044,True,17,inflacao,0.10966222082081799,0.10919390429302511,0.017590435304153794,0.08131941555425956,0.1353392615856519
choque_05pct_permanente,permanente,0.95,0.050000000000000044,True,17,pib_real,10455348.900172792,10460829.576383252,62096.425455104414,10349508.264713349,10536111.130408747
choque_05pct_permanente,permanente,0.95,0.050000000000000044,True,17,taxa_desemprego,0.05383366040401158,0.053187906414433495,0.003496993008310334,0.049077345972529135,0.06035246394491801
choque_05pct_permanente,permanente,0.95,0.050000000000000044,True,18,deficit_externo,0.00382501782874788,0.0043898284417304735,0.004171982031417434,-0.004262387911768286,0.010297756624206351
choque_05pct_permanente,permanente,0.95,0.050000000000000044,True,18,deficit_governo,0.1226506775338979,0.12177326012154813,0.006454078067666433,0.11447271939350959,0.13347321991371844
choque_05pct_permanente,permanente,0.95,0.050000000000000044,True,18,inflacao,0.16358287629884993,0.1655066825682896,0.01629429639565922,0.13594951073323325,0.18789593083372996
choque_05pct_permanente,permanente,0.95,0.050000000000000044,True,18,pib_real,10703962.502325322,10704067.066398833,74028.27063613191,10572535.20849225,10815896.597479245
choque_05pct_permanente,permanente,0.95,0.050000000000000044,True,18,taxa_desemprego,0.0577070370176232,0.05732629455062018,0.004671213906277575,0.05068886454509212,0.0664586070109001
choque_05pct_permanente,permanente,0.95,0.050000000000000044,True,19,deficit_externo,0.009194350445556488,0.009608339761359976,0.0036958705407618,0.002483352545330641,0.015065990645584374
choque_05pct_permanente,permanente,0.95,0.050000000000000044,True,19,deficit_governo,0.14284908124009918,0.14278848664766156,0.007086246977305918,0.13243520843040132,0.15424086971440587
choque_05pct_permanente,permanente,0.95,0.050000000000000044,True,19,inflacao,0.20784523973329158,0.21076544261294294,0.012689851568614942,0.18545155490036752,0.2275493776534811
choque_05pct_permanente,permanente,0.95,0.050000000000000044,True,19,pib_real,10845060.040315736,10849396.235122379,83415.45399614207,10704293.915773036,10961191.49710794
choque_05pct_permanente,permanente,0.95,0.050000000000000044,True,19,taxa_desemprego,0.0661537299442566,0.06613435176008567,0.004855690776642342,0.0588352169050579,0.07412764394283243
choque_05pct_permanente,permanente,0.95,0.050000000000000044,True,20,deficit_externo,0.007406323001849223,0.007934330062447394,0.003928566377716479,0.0009904290521222912,0.012550901503825814
choque_05pct_permanente,permanente,0.95,0.050000000000000044,True,20,deficit_governo,0.1618032626326089,0.16206801577509566,0.007813449561784544,0.14893022497665734,0.17377069836617948
choque_05pct_permanente,permanente,0.95,0.050000000000000044,True,20,inflacao,0.2319061754932127,0.23301703419891318,0.009682189618340343,0.21644774810176662,0.24630830524774805
choque_05pct_permanente,permanente,0.95,0.050000000000000044,True,20,pib_real,10851593.510248965,10862657.86530003,133290.90947375578,10610850.371109933,11035034.054149264
choque_05pct_permanente,permanente,0.95,0.050000000000000044,True,20,taxa_desemprego,0.07396724447462928,0.0743282740050415,0.006482618677392799,0.06394122334474456,0.08372621248095256
choque_05pct_permanente,permanente,0.95,0.050000000000000044,True,21,deficit_externo,-0.0020309617019178285,-0.0018853368524162863,0.006127514984695862,-0.012141524772452707,0.0072786527837780945
choque_05pct_permanente,permanente,0.95,0.050000000000000044,True,21,deficit_governo,0.1784558199374071,0.17934733646588213,0.009310419981484736,0.1630438351075661,0.19256229556396504
choque_05pct_permanente,permanente,0.95,0.050000000000000044,True,21,inflacao,0.23582526908591953,0.23657453530539474,0.011113906500440161,0.21737144790764407,0.2527765196289161
choque_05pct_permanente,permanente,0.95,0.050000000000000044,True,21,pib_real,10695263.703651516,10702913.142267268,184086.41709837245,10419587.59850869,11019052.850153912
choque_05pct_permanente,permanente,0.95,0.050000000000000044,True,21,taxa_desemprego,0.08321188168722025,0.08384605094163364,0.008509149599451721,0.06936553612990744,0.09646331337241208
choque_05pct_permanente,permanente,0.95,0.050000000000000044,True,22,deficit_externo,-0.01684227167162711,-0.01730319804198234,0.007878349444682275,-0.02826242005963311,-0.003991539448123783
choque_05pct_permanente,permanente,0.95,0.050000000000000044,True,22,deficit_governo,0.19607592045144423,0.19755660233950983,0.009235962367670618,0.17942251632145476,0.20964980898088942
choque_05pct_permanente,permanente,0.95,0.050000000000000044,True,22,inflacao,0.22174863233234166,0.22139327159295996,0.015996251663225197,0.19755333863735117,0.24963879444458406
choque_05pct_permanente,permanente,0.95,0.050000000000000044,True,22,pib_real,10462801.515759103,10460806.829825398,203094.12336563834,10185861.705929216,10809182.253010165
choque_05pct_permanente,permanente,0.95,0.050000000000000044,True,22,taxa_desemprego,0.0944101840628042,0.09545239796054814,0.00886773358529535,0.07999383268053692,0.10793398264363954
choque_05pct_permanente,permanente,0.95,0.050000000000000044,True,23,deficit_externo,-0.033487940791519295,-0.033972134004645965,0.00828188342261914,-0.04562044462761466,-0.01969957005762813
choque_05pct_permanente,permanente,0.95,0.050000000000000044,True,23,deficit_governo,0.20824011731440994,0.20893306170342513,0.007415178991709535,0.19517698381799262,0.22031044721398152
choque_05pct_permanente,permanente,0.95,0.050000000000000044,True,23,inflacao,0.1950817726958876,0.19484192450692894,0.019751238737051428,0.1670648881766863,0.22940757163461745
choque_05pct_permanente,permanente,0.95,0.050000000000000044,True,23,pib_real,10295819.114003053,10297251.199698322,181099.24554142597,10033007.22778359,10664400.804001346
choque_05pct_permanente,permanente,0.95,0.050000000000000044,True,23,taxa_desemprego,0.1002776638610314,0.1007420350028903,0.007767037385405135,0.08711113096666574,0.11184221327921741
choque_05pct_permanente,permanente,0.95,0.050000000000000044,True,24,deficit_externo,-0.047378360616811624,-0.0479394988393078,0.0070067381703274294,-0.05746766908340932,-0.03448768347270548
choque_05pct_permanente,permanente,0.95,0.050000000000000044,True,24,deficit_governo,0.2081522679064909,0.20941291084400537,0.008086483071839939,0.19460016832940763,0.2210891572513131
choque_05pct_permanente,permanente,0.95,0.050000000000000044,True,24,inflacao,0.16440408652992228,0.1627867822386878,0.020532081652742513,0.13556060040631734,0.20057703044593528
choque_05pct_permanente,permanente,0.95,0.050000000000000044,True,24,pib_real,10297955.43174439,10273690.033724494,148450.09277976953,10070638.248404056,10536764.800649323
choque_05pct_permanente,permanente,0.95,0.050000000000000044,True,24,taxa_desemprego,0.09557070628554609,0.09622562859622982,0.00805900493763736,0.08185054891016405,0.10789039282980414
choque_05pct_permanente,permanente,0.95,0.050000000000000044,True,25,deficit_externo,-0.05275110579506121,-0.05317896325518577,0.005736686412415964,-0.060307363231167394,-0.04227522944364401
choque_05pct_permanente,permanente,0.95,0.050000000000000044,True,25,deficit_governo,0.19468353245353215,0.1953109450706874,0.011560807196043688,0.17510523977068276,0.21232885300204335
choque_05pct_permanente,permanente,0.95,0.050000000000000044,True,25,inflacao,0.1395519265053748,0.13750157574409871,0.018435844984461994,0.11243620272954126,0.17128459190971024
choque_05pct_permanente,permanente,0.95,0.050000000000000044,True,25,pib_real,10607627.39846331,10606055.58463305,200067.5251875026,10289264.855365431,10959914.894903788
choque_05pct_permanente,permanente,0.95,0.050000000000000044,True,25,taxa_desemprego,0.07797600487588674,0.0787987609349696,0.011111596258878578,0.059138667663451626,0.09441939071661153
choque_05pct_temporario,temporario,0.95,0.050000000000000044,False,0,deficit_externo,0.010583740505574736,0.010583740505574736,0.0,0.010583740505574736,0.010583740505574736
choque_05pct_temporario,temporario,0.95,0.050000000000000044,False,0,deficit_governo,0.12063832026847152,0.12063832026847152,0.0,0.12063832026847152,0.12063832026847152
choque_05pct_temporario,temporario,0.95,0.050000000000000044,False,0,inflacao,0.03,0.03,0.0,0.03,0.03
choque_05pct_temporario,temporario,0.95,0.050000000000000044,False,0,pib_real,7609597.0,7609597.0,0.0,7609597.0,7609597.0
choque_05pct_temporario,temporario,0.95,0.050000000000000044,False,0,taxa_desemprego,0.138,0.138,0.0,0.138,0.138
choque_05pct_temporario,temporario,0.95,0.050000000000000044,False,1,deficit_externo,0.007984462372586081,0.007984885903803248,3.926196770118726e-06,0.007984789509826234,0.007984885903803248
choque_05pct_temporario,temporario,0.95,0.050000000000000044,False,1,deficit_governo,0.11859323999532138,0.11859183719691781,1.301595028183166e-05,0.11859183719691781,0.11859204268442422
choque_05pct_temporario,temporario,0.95,0.050000000000000044,False,1,inflacao,0.030000000000000027,0.030000000000000027,2.2176955098475445e-17,0.030000000000000027,0.030000000000000027
choque_05pct_temporario,temporario,0.95,0.050000000000000044,False,1,pib_real,7652695.035586558,7652724.38733265,272.4260577675231,7652720.511295713,7652724.38733265
choque_05pct_temporario,temporario,0.95,0.050000000000000044,False,1,taxa_desemprego,0.1403920608512945,0.14039181650999813,2.241695576433764e-06,0.14039181650999813,0.14039188596331856
choque_05pct_temporario,temporario,0.95,0.050000000000000044,False,2,deficit_externo,0.003750554589595176,0.0037350567384015704,0.0016062757211644525,0.0012639399917380085,0.0064097518044404795
choque_05pct_temporario,temporario,0.95,0.050000000000000044,False,2,deficit_governo,0.12048060047939364,0.12049697829678668,6.805356220435828e-05,0.12035087318142733,0.12056834786677496
choque_05pct_temporario,temporario,0.95,0.050000000000000044,False,2,inflacao,0.0241790974363568,0.024178903792151374,6.352236575683177e-06,0.024168803029150497,0.024189329108142775
choque_05pct_temporario,temporario,0.95,0.050000000000000044,False,2,pib_real,7802944.495067831,7801636.532252673,7209.9131308595925,7793839.30654957,7814570.75365547
choque_05pct_temporario,temporario,0.95,0.050000000000000044,False,2,taxa_desemprego,0.13522962058815893,0.13522708141572493,2.1605326851770385e-05,0.13522708141572493,0.13522848442316332
choque_05pct_temporario,temporario,0.95,0.050000000000000044,False,3,deficit_externo,0.005747096504157826,0.005743644046670199,0.0015545355430605363,0.0035434152280053124,0.007982075671837357
choque_05pct_temporario,temporario,0.95,0.050000000000000044,False,3,deficit_governo,0.11184773284071642,0.11185072468678268,0.0008446542854071099,0.11054861292060025,0.11337891797923047
choque_05pct_temporario,temporario,0.95,0.050000000000000044,False,3,inflacao,0.026860137300484296,0.02686369906445485,3.627102333315835e-05,0.02681065147278915,0.02691262388561052
choque_05pct_temporario,temporario,0.95,0.050000000000000044,False,3,pib_real,8053418.840898419,8052453.326104144,22860.68877838277,8015425.902262519,8088025.718333901
choque_05pct_temporario,temporario,0.95,0.050000000000000044,False,3,taxa_desemprego,0.12475496402664281,0.12465420863232873,0.0008896642521635596,0.12326081915943915,0.12620645537562453
choque_05pct_temporario,temporario,0.95,0.050000000000000044,False,4,deficit_externo,0.00708078762998537,0.006938860115528333,0.0016459210316347754,0.004696605395465656,0.010087054088963179
choque_05pct_temporario,temporario,0.95,0.050000000000000044,False,4,deficit_governo,0.10432981919155379,0.10424876552638039,0.0015669958518124117,0.101873196088259,0.10681325879284824
choque_05pct_temporario,temporario,0.95,0.050000000000000044,False,4,inflacao,0.030262741853643558,0.030294405279839287,0.0003937899769649422,0.02966043531771566,0.03095903702938426
choque_05pct_temporario,temporario,0.95,0.050000000000000044,False,4,pib_real,8377935.379555072,8376895.75896104,37785.39992784701,8321375.753632962,8435326.425282277
choque_05pct_temporario,temporario,0.95,0.050000000000000044,False,4,taxa_desemprego,0.10902857243934669,0.10895973774110385,0.0021729610014057706,0.10541393387532699,0.11228768150238537
choque_05pct_temporario,temporario,0.95,0.050000000000000044,False,5,deficit_externo,0.010876647920404586,0.010701586652517431,0.001780187374299708,0.008292486146670016,0.01405964193290186
choque_05pct_temporario,temporario,0.95,0.050000000000000044,False,5,deficit_governo,0.09616602360242585,0.0957792775968844,0.0024561642344515327,0.0925392816062419,0.1003696107206117
choque_05pct_temporario,temporario,0.95,0.050000000000000044,False,5,inflacao,0.04607228685430333,0.046131133479796804,0.0016027288426448468,0.04324063765234325,0.04831971650792427
choque_05pct_temporario,temporario,0.95,0.050000000000000044,False,5,pib_real,8633693.095830608,8635914.518875642,47536.7609791083,8547732.526195524,8712009.096011199
choque_05pct_temporario,temporario,0.95,0.050000000000000044,False,5,taxa_desemprego,0.09443415964160241,0.09413229689212013,0.0029903167811449164,0.09000448531055556,0.09975816377578023
choque_05pct_temporario,temporario,0.95,0.050000000000000044,False,6,deficit_externo,0.012005715130835459,0.011908341095123811,0.002122292278873513,0.00869887350086534,0.015514013045731335
choque_05pct_temporario,temporario,0.95,0.050000000000000044,False,6,deficit_governo,0.09662499112228114,0.09686991009140117,0.0029556781415290387,0.09168931342958637,0.10181515966073683
choque_05pct_temporario,temporario,0.95,0.050000000000000044,False,6,inflacao,0.06503034814559089,0.06508754856256327,0.0029041386942983607,0.06003703810027502,0.06966217263567802
choque_05pct_temporario,temporario,0.95,0.050000000000000044,False,6,pib_real,8814634.56503483,8810729.758028436,52657.45030486532,8728648.740431113,8904586.069497796
choque_05pct_temporario,temporario,0.95,0.050000000000000044,False,6,taxa_desemprego,0.08914079861692947,0.08910969891979986,0.0036866086582939095,0.08304064338950154,0.09579334403949905
choque_05pct_temporario,temporario,0.95,0.050000000000000044,False,7,deficit_externo,0.013836123776850872,0.013920388583948371,0.0024512139602658857,0.0100765306511556,0.017664644418078888
choque_05pct_temporario,temporario,0.95,0.050000000000000044,False,7,deficit_governo,0.10452547010736883,0.10471529629453727,0.0035803169108279964,0.0990402851452862,0.10979363008439588
choque_05pct_temporario,temporario,0.95,0.050000000000000044,False,7,inflacao,0.08919424678178306,0.08924310545782,0.0048540642121533036,0.08057035115697972,0.09670215870927797
choque_05pct_temporario,temporario,0.95,0.050000000000000044,False,7,pib_real,8908676.81641879,8909169.752552355,61851.434316018764,8817000.791781045,8997888.11919981
choque_05pct_temporario,temporario,0.95,0.050000000000000044,False,7,taxa_desemprego,0.09364391429458442,0.09361582141969078,0.004220052315129576,0.08705473080146686,0.09936686318116532
choque_05pct_temporario,temporario,0.95,0.050000000000000044,False,8,deficit_externo,0.011326304548932525,0.011658564648901273,0.0025252019804820115,0.00680723828441664,0.015418876505467822
choque_05pct_temporario,temporario,0.95,0.050000000000000044,False,8,deficit_governo,0.12151469916147832,0.1214165693937507,0.00457768238252846,0.11443359932134213,0.12894057665451533
choque_05pct_temporario,temporario,0.95,0.050000000000000044,False,8,inflacao,0.10461764384161118,0.10428652565972607,0.006000634268574101,0.09432069445131994,0.1154841609527342
choque_05pct_temporario,temporario,0.95,0.050000000000000044,False,8,pib_real,8908667.097564267,8904889.285844928,70039.87193533179,8794936.339253804,9029332.403131638
choque_05pct_temporario,temporario,0.95,0.050000000000000044,False,8,taxa_desemprego,0.10405323336894894,0.1043842808919892,0.005042146183666816,0.09538563225428075,0.11154210957520812
choque_05pct_temporario,temporario,0.95,0.050000000000000044,False,9,deficit_externo,0.005940676055045193,0.005930875944596417,0.002828850866988961,0.0012144836385046525,0.010879771622462276
choque_05pct_temporario,temporario,0.95,0.050000000000000044,False,9,deficit_governo,0.13925119685904222,0.13912235559755368,0.005146413007960555,0.13162892871383278,0.14797545065802178
choque_05pct_temporario,temporario,0.95,0.050000000000000044,False,9,inflacao,0.11117211939347768,0.11148042958040993,0.006668394428264355,0.10136663470963905,0.12121405249447807
choque_05pct_temporario,temporario,0.95,0.050000000000000044,False,9,pib_real,8829493.399658937,8824895.143306352,79227.00644105933,8694310.972903932,8946282.198621053
choque_05pct_temporario,temporario,0.95,0.050000000000000044,False,9,taxa_desemprego,0.11655574876122561,0.11625517333606789,0.005633883583411182,0.10777133566058159,0.1264033716098161
choque_05pct_temporario,temporario,0.95,0.050000000000000044,False,10,deficit_externo,-0.003906656717177568,-0.0038967917618090925,0.002959264758061128,-0.008826955492605471,0.0008176779807855789
choque_05pct_temporario,temporario,0.95,0.050000000000000044,False,10,deficit_governo,0.15660463927696772,0.1564484978233599,0.005676115409820409,0.1482183506618734,0.16582103115166072
choque_05pct_temporario,temporario,0.95,0.050000000000000044,False,10,inflacao,0.10451760433121572,0.1042176456455215,0.00680226928914422,0.0931894709449341,0.11595414129442595
choque_05pct_temporario,temporario,0.95,0.050000000000000044,False,10,pib_real,8712443.117798781,8719925.791788448,83187.28201064549,8575205.810684474,8837309.799941376
choque_05pct_temporario,temporario,0.95,0.050000000000000044,False,10,taxa_desemprego,0.12861941060557647,0.12808310417442534,0.006011782562071894,0.12053374710161002,0.13841380992888405
choque_05pct_temporario,temporario,0.95,0.050000000000000044,False,11,deficit_externo,-0.014484579787734873,-0.014749159020209021,0.003223670843622713,-0.01984775481032102,-0.009467883355040691
choque_05pct_temporario,temporario,0.95,0.050000000000000044,False,11,deficit_governo,0.16809771663422335,0.1687776574988326,0.006385670206763339,0.156420536123271,0.17735295131365889
choque_05pct_temporario,temporario,0.95,0.050000000000000044,False,11,inflacao,0.09025625000975435,0.0902048690871945,0.006625620285906299,0.0791603697496702,0.10076249276597588
choque_05pct_temporario,temporario,0.95,0.050000000000000044,False,11,pib_real,8628827.105929108,8625808.368520271,98776.77136638998,8467875.987032045,8798008.474131273
choque_05pct_temporario,temporario,0.95,0.050000000000000044,False,11,taxa_desemprego,0.13639432831295012,0.13683749572824538,0.006916588743434781,0.12494867984211161,0.14636907644468206
choque_05pct_temporario,temporario,0.95,0.050000000000000044,False,12,deficit_externo,-0.024775820329151096,-0.024782869857782337,0.003546772454554027,-0.03068906482466968,-0.01951036731243726
choque_05pct_temporario,temporario,0.95,0.050000000000000044,False,12,deficit_governo,0.17198830255527642,0.17235801057342282,0.007192092012345936,0.15845924364450742,0.1818267575267613
choque_05pct_temporario,temporario,0.95,0.050000000000000044,False,12,inflacao,0.07086615516650721,0.07127742313921503,0.006907167626402241,0.059393177092387964,0.08126792521918783
choque_05pct_temporario,temporario,0.95,0.050000000000000044,False,12,pib_real,8654571.500444535,8645160.911977755,114610.19890505417,8478506.707393935,8858740.452196095
choque_05pct_temporario,temporario,0.95,0.050000000000000044,False,12,taxa_desemprego,0.13644523120023916,0.13660041144763263,0.00781311078387109,0.12217027404699488,0.14847999642113913
choque_05pct_temporario,temporario,0.95,0.050000000000000044,False,13,deficit_externo,-0.03002689414796057,-0.030086858818634835,0.004237343612814143,-0.03734087452044589,-0.022680310775464754
choque_05pct_temporario,temporario,0.95,0.050000000000000044,False,13,deficit_governo,0.16504424511649432,0.1650251309415669,0.007745577618798407,0.14978922985811796,0.17680705324326637
choque_05pct_temporario,temporario,0.95,0.050000000000000044,False,13,inflacao,0.05334412567807486,0.05354532232381903,0.007787247205174535,0.04088225432092381,0.06701271452341379
choque_05pct_temporario,temporario,0.95,0.050000000000000044,False,13,pib_real,8862786.830554603,8867548.735038595,133752.27232398975,8651936.209801935,9122480.137053337
choque_05pct_temporario,temporario,0.95,0.050000000000000044,False,13,taxa_desemprego,0.1263546459924702,0.1264531875748434,0.008595272973096566,0.10898337615711168,0.1403949215059045
choque_05pct_temporario,temporario,0.95,0.050000000000000044,False,14,deficit_externo,-0.029129439666695404,-0.02878622242745543,0.0046124803593036575,-0.03622101248202275,-0.02223312716027257
choque_05pct_temporario,temporario,0.95,0.050000000000000044,False,14,deficit_governo,0.14938558127083437,0.15053683624960573,0.0077902340802806485,0.13599630113394526,0.16180706938828454
choque_05pct_temporario,temporario,0.95,0.050000000000000044,False,14,inflacao,0.04213186370904239,0.041925765067199694,0.009056386950177788,0.028395857670173406,0.057613821798057595
choque_05pct_temporario,temporario,0.95,0.050000000000000044,False,14,pib_real,9304793.240600903,9280970.993519813,151694.24673028768,9071594.27026875,9582534.129375618
choque_05pct_temporario,temporario,0.95,0.050000000000000044,False,14,taxa_desemprego,0.10574450955546108,0.10635719854261592,0.008960595380771125,0.08992417381188354,0.1204171076580227
choque_05pct_temporario,temporario,0.95,0.050000000000000044,False,15,deficit_externo,-0.022167710293214866,-0.021907351357387656,0.0046931560160747956,-0.029474723070559615,-0.01328242975887601
choque_05pct_temporario,temporario,0.95,0.050000000000000044,False,15,deficit_governo,0.13039139488519688,0.1310228683662658,0.0061420248110448175,0.1207127145504475,0.14133323586249238
choque_05pct_temporario,temporario,0.95,0.050000000000000044,False,15,inflacao,0.044534445744091086,0.04503608252655622,0.011588850544442638,0.026755145477562758,0.06505368464287598
choque_05pct_temporario,temporario,0.95,0.050000000000000044,False,15,pib_real,9862013.01261506,9873173.056446519,110409.60996521953,9684231.21366586,10029484.061243873
choque_05pct_temporario,temporario,0.95,0.050000000000000044,False,15,taxa_desemprego,0.07974274755214697,0.07984239033851007,0.007036355479072396,0.06906284970835713,0.09098723302372717
choque_05pct_temporario,temporario,0.95,0.050000000000000044,False,16,deficit_externo,-0.013485938105595402,-0.013499338076777886,0.004601510513516744,-0.019970433980239413,-0.005800162200001747
choque_05pct_temporario,temporario,0.95,0.050000000000000044,False,16,deficit_governo,0.11567392354011485,0.11537817747562891,0.004198024082852446,0.10933290583422689,0.12244323226806109
choque_05pct_temporario,temporario,0.95,0.050000000000000044,False,16,inflacao,0.06729906264178438,0.06795717796111411,0.015177044520546674,0.04354930138678811,0.09223566561097626
choque_05pct_temporario,temporario,0.95,0.050000000000000044,False,16,pib_real,10318328.130444894,10320765.786315009,80090.68294799533,10182328.263194988,10447312.546551393
choque_05pct_temporario,temporario,0.95,0.050000000000000044,False,16,taxa_desemprego,0.060094405640954446,0.05947961302909011,0.004052790376378769,0.0542284776866615,0.06747956480003667
choque_05pct_temporario,temporario,0.95,0.050000000000000044,False,17,deficit_externo,-0.0020799696807578126,-0.0018323044901940276,0.004763729161386751,-0.00983038993514535,0.004813387962495532
choque_05pct_temporario,temporario,0.95,0.050000000000000044,False,17,deficit_governo,0.11000835594949217,0.10955720432293872,0.004014333200234913,0.10471302652263877,0.11738292362059717
choque_05pct_temporario,temporario,0.95,0.050000000000000044,False,17,inflacao,0.1122954262743712,0.11180402467932338,0.01789885000148349,0.08410705015069368,0.13851562427665118
choque_05pct_temporario,temporario,0.95,0.050000000000000044,False,17,pib_real,10681724.73709589,10686646.747529063,64506.356946804226,10573443.926145798,10769891.030812291
choque_05pct_temporario,temporario,0.95,0.050000000000000044,False,17,taxa_desemprego,0.05330803564141189,0.05273083037483524,0.0036392204846395697,0.04824846201757829,0.06031626670913057
choque_05pct_temporario,temporario,0.95,0.050000000000000044,False,18,deficit_externo,0.00945873039939629,0.009599817668789905,0.004096572486588417,0.0015201765995565637,0.016017727220173857
choque_05pct_temporario,temporario,0.95,0.050000000000000044,False,18,deficit_governo,0.11980570968229698,0.11894567766837374,0.007097294554547186,0.11088162680221367,0.13168733155999202
choque_05pct_temporario,temporario,0.95,0.050000000000000044,False,18,inflacao,0.16711084995190498,0.16924599093144388,0.015967042527443364,0.14045163299850016,0.19101637006089364
choque_05pct_temporario,temporario,0.95,0.050000000000000044,False,18,pib_real,10944044.102460232,10949522.287047599,79213.71728524203,10801660.24525456,11055620.784071432
choque_05pct_temporario,temporario,0.95,0.050000000000000044,False,18,taxa_desemprego,0.05839387933705975,0.057793733851133594,0.005087510244766753,0.05087748537184872,0.06739482647566278
choque_05pct_temporario,temporario,0.95,0.050000000000000044,False,19,deficit_externo,0.014243002052889774,0.014670836388699034,0.003821108622667819,0.008452493350551808,0.019962923870384838
choque_05pct_temporario,temporario,0.95,0.050000000000000044,False,19,deficit_governo,0.14200559348821273,0.14234975962195678,0.00763485705772027,0.13074406368514133,0.15384281336005323
choque_05pct_temporario,temporario,0.95,0.050000000000000044,False,19,inflacao,0.20949214972645092,0.21257094500810503,0.01195202983215533,0.1894010167862925,0.22718456018409286
choque_05pct_temporario,temporario,0.95,0.050000000000000044,False,19,pib_real,11077990.63795072,11083081.128932836,93681.66661903214,10921463.425193474,11203590.201615475
choque_05pct_temporario,temporario,0.95,0.050000000000000044,False,19,taxa_desemprego,0.06896581295631175,0.06916501024966062,0.005279093553501174,0.0607943683724055,0.07727800532094957
choque_05pct_temporario,temporario,0.95,0.050000000000000044,False,20,deficit_externo,0.010760524704064073,0.01120160130944552,0.0043896956551338325,0.003391240613488998,0.016577214249655955
choque_05pct_temporario,temporario,0.95,0.050000000000000044,False,20,deficit_governo,0.16284238883388918,0.16320142519920566,0.008067173221877057,0.14944679126727514,0.17488280476689136
choque_05pct_temporario,temporario,0.95,0.050000000000000044,False,20,inflacao,0.22858014462771728,0.22926491205017707,0.009590817711141966,0.2144027069533876,0.24256758920307472
choque_05pct_temporario,temporario,0.95,0.050000000000000044,False,20,pib_real,11056320.310400113,11074585.76421653,147866.66719210788,10790493.978493154,11268271.857693562
choque_05pct_temporario,temporario,0.95,0.050000000000000044,False,20,taxa_desemprego,0.07850830551090456,0.07912672021465589,0.006805024169584475,0.06785607685666643,0.08830536658951768
choque_05pct_temporario,temporario,0.95,0.050000000000000044,False,21,deficit_externo,-0.000580245953993046,-0.00022383468417308918,0.006541666663936021,-0.011104298690843348,0.00984533790219136
choque_05pct_temporario,temporario,0.95,0.050000000000000044,False,21,deficit_governo,0.1799993712204244,0.18142267844912308,0.009261334409394601,0.16447253881672227,0.1946504885633673
choque_05pct_temporario,temporario,0.95,0.050000000000000044,False,21,inflacao,0.22630963258392608,0.2258812873207704,0.011848344643721182,0.20428802302232216,0.2443272144524661
choque_05pct_temporario,temporario,0.95,0.050000000000000044,False,21,pib_real,10865945.371584332,10868348.760162719,195560.06709913604,10583551.416686315,11218306.709660895
choque_05pct_temporario,temporario,0.95,0.050000000000000044,False,21,taxa_desemprego,0.0890176575994085,0.09002192416078358,0.008770446033311768,0.07419676590627994,0.1032323283130737
choque_05pct_temporario,temporario,0.95,0.050000000000000044,False,22,deficit_externo,-0.01698279250936478,-0.01721199224481345,0.007967900913497354,-0.028478389719879937,-0.0036608777184348952
choque_05pct_temporario,temporario,0.95,0.050000000000000044,False,22,deficit_governo,0.19729393320537697,0.19830990574961074,0.008874141180728119,0.1817510891347056,0.2101805231746663
choque_05pct_temporario,temporario,0.95,0.050000000000000044,False,22,inflacao,0.20619394081317016,0.20506564165141428,0.01629337519937821,0.180707595542715,0.23413158531387546
choque_05pct_temporario,temporario,0.95,0.050000000000000044,False,22,pib_real,10623288.319864139,10616921.829979142,204809.50837427075,10348983.086654836,10986974.996802552
choque_05pct_temporario,temporario,0.95,0.050000000000000044,False,22,taxa_desemprego,0.10049023589865276,0.10163060074783585,0.008785255093230797,0.08513632797797137,0.11358618673291399
choque_05pct_temporario,temporario,0.95,0.050000000000000044,False,23,deficit_externo,-0.03403694391714737,-0.0348217818672326,0.007986470596101008,-0.04580785420622627,-0.021231661355143656
choque_05pct_temporario,temporario,0.95,0.050000000000000044,False,23,deficit_governo,0.20757095267773637,0.20841696311909785,0.007101074963997379,0.19575217189227612,0.21878071409102343
choque_05pct_temporario,temporario,0.95,0.050000000000000044,False,23,inflacao,0.17539124069142764,0.17528916903735803,0.019154835003290842,0.14863644198281356,0.20985920680918083
choque_05pct_temporario,temporario,0.95,0.050000000000000044,False,23,pib_real,10484364.246398961,10477480.7630801,172553.12890141815,10231826.028837323,10826439.73886458
choque_05pct_temporario,temporario,0.95,0.050000000000000044,False,23,taxa_desemprego,0.10507915128265859,0.10566232302472908,0.00752785850452782,0.09299338333130666,0.11664845845230813
choque_05pct_temporario,temporario,0.95,0.050000000000000044,False,24,deficit_externo,-0.04693335354205742,-0.0478844455715622,0.006499973081589119,-0.0573302588563677,-0.03503315361069428
choque_05pct_temporario,temporario,0.95,0.050000000000000044,False,24,deficit_governo,0.20456745265687928,0.20583536991306553,0.00857014455120423,0.18990378355812434,0.21845670128570716
choque_05pct_temporario,temporario,0.95,0.050000000000000044,False,24,inflacao,0.14289071813190818,0.14203113694617142,0.01909645150815389,0.11647700731865701,0.1766241721644557
choque_05pct_temporario,temporario,0.95,0.050000000000000044,False,24,pib_real,10558884.3817851,10548567.83348697,147291.999752754,10347817.845096974,10798509.340609703
choque_05pct_temporario,temporario,0.95,0.050000000000000044,False,24,taxa_desemprego,0.09774989999252098,0.0985740857080595,0.008480723644754096,0.08229826165798208,0.10968972067388173
choque_05pct_temporario,temporario,0.95,0.050000000000000044,False,25,deficit_externo,-0.04967884159088584,-0.049594994169672356,0.005857829254457311,-0.05793412500384165,-0.03953225287640846
choque_05pct_temporario,temporario,0.95,0.050000000000000044,False,25,deficit_governo,0.18767150652177522,0.18801145562004534,0.012132286818148152,0.16804863369985065,0.20687758870042602
choque_05pct_temporario,temporario,0.95,0.050000000000000044,False,25,inflacao,0.11916039311057457,0.11774845860134087,0.0166272072361481,0.09301372710811776,0.1479638267200601
choque_05pct_temporario,temporario,0.95,0.050000000000000044,False,25,pib_real,10991478.465556348,10973647.336617135,227227.59111784905,10657257.75047798,11386869.425191658
choque_05pct_temporario,temporario,0.95,0.050000000000000044,False,25,taxa_desemprego,0.07684731650437493,0.07789043126767188,0.011793603781378252,0.05707085247069155,0.09405164889883864
choque_10pct_permanente,permanente,0.9,0.09999999999999998,True,0,deficit_externo,0.010583740505574736,0.010583740505574736,0.0,0.010583740505574736,0.010583740505574736
choque_10pct_permanente,permanente,0.9,0.09999999999999998,True,0,deficit_governo,0.12063832026847152,0.12063832026847152,0.0,0.12063832026847152,0.12063832026847152
choque_10pct_permanente,permanente,0.9,0.09999999999999998,True,0,inflacao,0.03,0.03,0.0,0.03,0.03
choque_10pct_permanente,permanente,0.9,0.09999999999999998,True,0,pib_real,7609597.0,7609597.0,0.0,7609597.0,7609597.0
choque_10pct_permanente,permanente,0.9,0.09999999999999998,True,0,taxa_desemprego,0.138,0.138,0.0,0.138,0.138
choque_10pct_permanente,permanente,0.9,0.09999999999999998,True,1,deficit_externo,0.007984462372586081,0.007984885903803248,3.926196770118726e-06,0.007984789509826234,0.007984885903803248
choque_10pct_permanente,permanente,0.9,0.09999999999999998,True,1,deficit_governo,0.11859323999532138,0.11859183719691781,1.301595028183166e-05,0.11859183719691781,0.11859204268442422
choque_10pct_permanente,permanente,0.9,0.09999999999999998,True,1,inflacao,0.030000000000000027,0.030000000000000027,2.2176955098475445e-17,0.030000000000000027,0.030000000000000027
choque_10pct_permanente,permanente,0.9,0.09999999999999998,True,1,pib_real,7652695.035586558,7652724.38733265,272.4260577675231,7652720.511295713,7652724.38733265
choque_10pct_permanente,permanente,0.9,0.09999999999999998,True,1,taxa_desemprego,0.1403920608512945,0.14039181650999813,2.241695576433764e-06,0.14039181650999813,0.14039188596331856
choque_10pct_permanente,permanente,0.9,0.09999999999999998,True,2,deficit_externo,0.003750554589595176,0.0037350567384015704,0.0016062757211644525,0.0012639399917380085,0.0064097518044404795
choque_10pct_permanente,permanente,0.9,0.09999999999999998,True,2,deficit_governo,0.12048060047939364,0.12049697829678668,6.805356220435828e-05,0.12035087318142733,0.12056834786677496
choque_10pct_permanente,permanente,0.9,0.09999999999999998,True,2,inflacao,0.0241790974363568,0.024178903792151374,6.352236575683177e-06,0.024168803029150497,0.024189329108142775
choque_10pct_permanente,permanente,0.9,0.09999999999999998,True,2,pib_real,7802944.495067831,7801636.532252673,7209.9131308595925,7793839.30654957,7814570.75365547
choque_10pct_permanente,permanente,0.9,0.09999999999999998,True,2,taxa_desemprego,0.13522962058815893,0.13522708141572493,2.1605326851770385e-05,0.13522708141572493,0.13522848442316332
choque_10pct_permanente,permanente,0.9,0.09999999999999998,True,3,deficit_externo,0.005747096504157826,0.005743644046670199,0.0015545355430605363,0.0035434152280053124,0.007982075671837357
choque_10pct_permanente,permanente,0.9,0.09999999999999998,True,3,deficit_governo,0.11184773284071642,0.11185072468678268,0.0008446542854071099,0.11054861292060025,0.11337891797923047
choque_10pct_permanente,permanente,0.9,0.09999999999999998,True,3,inflacao,0.026860137300484296,0.02686369906445485,3.627102333315835e-05,0.02681065147278915,0.02691262388561052
choque_10pct_permanente,permanente,0.9,0.09999999999999998,True,3,pib_real,8053418.840898419,8052453.326104144,22860.68877838277,8015425.902262519,8088025.718333901
choque_10pct_permanente,permanente,0.9,0.09999999999999998,True,3,taxa_desemprego,0.12475496402664281,0.12465420863232873,0.0008896642521635596,0.12326081915943915,0.12620645537562453
choque_10pct_permanente,permanente,0.9,0.09999999999999998,True,4,deficit_externo,0.00708078762998537,0.006938860115528333,0.0016459210316347754,0.004696605395465656,0.010087054088963179
choque_10pct_permanente,permanente,0.9,0.09999999999999998,True,4,deficit_governo,0.10432981919155379,0.10424876552638039,0.0015669958518124117,0.101873196088259,0.10681325879284824
choque_10pct_permanente,permanente,0.9,0.09999999999999998,True,4,inflacao,0.030262741853643558,0.030294405279839287,0.0003937899769649422,0.02966043531771566,0.03095903702938426
choque_10pct_permanente,permanente,0.9,0.09999999999999998,True,4,pib_real,8377935.379555072,8376895.75896104,37785.39992784701,8321375.753632962,8435326.425282277
choque_10pct_permanente,permanente,0.9,0.09999999999999998,True,4,taxa_desemprego,0.10902857243934669,0.10895973774110385,0.0021729610014057706,0.10541393387532699,0.11228768150238537
choque_10pct_permanente,permanente,0.9,0.09999999999999998,True,5,deficit_externo,0.010835901484729873,0.010661755279894327,0.0017800035739670716,0.008251479732339655,0.014019420596512336
choque_10pct_permanente,permanente,0.9,0.09999999999999998,True,5,deficit_governo,0.09652931514540204,0.09614202989831143,0.0024600784927328156,0.09289619940226901,0.10073378047572339
choque_10pct_permanente,permanente,0.9,0.09999999999999998,True,5,inflacao,0.04676824665984837,0.04682832420041416,0.0016028256439196485,0.04393551956038949,0.04901748935034713
choque_10pct_permanente,permanente,0.9,0.09999999999999998,True,5,pib_real,8627526.828086667,8629689.575340636,47542.48184370502,8541736.595401261,8705723.004721953
choque_10pct_permanente,permanente,0.9,0.09999999999999998,True,5,taxa_desemprego,0.09452504215547725,0.09421911311954845,0.0030019307176795845,0.09015049462590348,0.09983417191275122
choque_10pct_permanente,permanente,0.9,0.09999999999999998,True,6,deficit_externo,0.011884303563476997,0.011748779989782182,0.0021195119317512644,0.008564272786165667,0.015417235987829257
choque_10pct_permanente,permanente,0.9,0.09999999999999998,True,6,deficit_governo,0.09755979622051494,0.09776516557086426,0.0029894976396701166,0.09280948610616356,0.10264965243932465
choque_10pct_permanente,permanente,0.9,0.09999999999999998,True,6,inflacao,0.06750167092736663,0.06732740526779712,0.002945809259725826,0.062440273654576064,0.07208213589795175
choque_10pct_permanente,permanente,0.9,0.09999999999999998,True,6,pib_real,8786646.766851772,8781860.590183798,52335.713583505196,8700599.78911303,8877647.829455199
choque_10pct_permanente,permanente,0.9,0.09999999999999998,True,6,taxa_desemprego,0.08951753715432734,0.08948992341544393,0.0036960490955142357,0.08337537205139252,0.09594378639475581
choque_10pct_permanente,permanente,0.9,0.09999999999999998,True,7,deficit_externo,0.0135609583450753,0.013610723111716919,0.0024454363464743597,0.009803587042599492,0.01739777646350925
choque_10pct_permanente,permanente,0.9,0.09999999999999998,True,7,deficit_governo,0.10642071621685548,0.10662969053883256,0.0036112540534079794,0.1009480092310195,0.11172111992259759
choque_10pct_permanente,permanente,0.9,0.09999999999999998,True,7,inflacao,0.09280684288364112,0.09282043893926883,0.004859565332176572,0.08402290426824968,0.10015954887939298
choque_10pct_permanente,permanente,0.9,0.09999999999999998,True,7,pib_real,8856441.909913355,8857014.184559427,61423.956498320964,8765982.122606527,8944252.87720696
choque_10pct_permanente,permanente,0.9,0.09999999999999998,True,7,taxa_desemprego,0.0945612584266647,0.09445193855412626,0.004264481086740559,0.08794434650992067,0.1008908476193824
choque_10pct_permanente,permanente,0.9,0.09999999999999998,True,8,deficit_externo,0.010711225432716217,0.010970233169530056,0.0025133706202403357,0.006216699289358203,0.014718517242300616
choque_10pct_permanente,permanente,0.9,0.09999999999999998,True,8,deficit_governo,0.12443619978548114,0.12440024110618635,0.004629671997016053,0.11736947849496393,0.13184258469010526
choque_10pct_permanente,permanente,0.9,0.09999999999999998,True,8,inflacao,0.10943862438420862,0.10924456160046303,0.006002580063133524,0.09907984273749933,0.12042653164080146
choque_10pct_permanente,permanente,0.9,0.09999999999999998,True,8,pib_real,8825154.125102326,8821745.997968264,69357.76938578703,8712714.537858186,8945023.235198759
choque_10pct_permanente,permanente,0.9,0.09999999999999998,True,8,taxa_desemprego,0.10560718121624918,0.10574729550839072,0.005095794641472054,0.09674079370210342,0.1132799006642029
choque_10pct_permanente,permanente,0.9,0.09999999999999998,True,9,deficit_externo,0.004651283472840075,0.004567730650121457,0.0028048774561728836,3.240314756077098e-05,0.009507350507202646
choque_10pct_permanente,permanente,0.9,0.09999999999999998,True,9,deficit_governo,0.14327465150653387,0.14326232257357102,0.005121503880620151,0.13588274007747775,0.1518946452871042
choque_10pct_permanente,permanente,0.9,0.09999999999999998,True,9,inflacao,0.116340494728623,0.11669803322367622,0.006628911199562787,0.1066496390458401,0.12633549475300643
choque_10pct_permanente,permanente,0.9,0.09999999999999998,True,9,pib_real,8711689.658785606,8710109.220468393,77524.00026060131,8576770.815962425,8825750.798512906
choque_10pct_permanente,permanente,0.9,0.09999999999999998,True,9,taxa_desemprego,0.1186459831884473,0.11849215049283807,0.005616226270516182,0.11002446874208699,0.12869100463297287
choque_10pct_permanente,permanente,0.9,0.09999999999999998,True,10,deficit_externo,-0.005795141626790737,-0.005789546229369044,0.0029168309634097227,-0.010595005485442444,-0.0011101437765709298
choque_10pct_permanente,permanente,0.9,0.09999999999999998,True,10,deficit_governo,0.16132403524370711,0.16103633568005513,0.005634588781083203,0.1531741188506841,0.1704579853880452
choque_10pct_permanente,permanente,0.9,0.09999999999999998,True,10,inflacao,0.10994274557295892,0.10956427195925644,0.006731649495218111,0.09865617898004149,0.12138703040615367
choque_10pct_permanente,permanente,0.9,0.09999999999999998,True,10,pib_real,8561292.928460239,8570460.813925171,80968.7178230241,8428221.143604118,8678076.16147144
choque_10pct_permanente,permanente,0.9,0.09999999999999998,True,10,taxa_desemprego,0.13128991719679084,0.13081007377435896,0.006014168711706131,0.12342642326674202,0.1409963798872481
choque_10pct_permanente,permanente,0.9,0.09999999999999998,True,11,deficit_externo,-0.017151748295524703,-0.017381747378327844,0.0031557298285806246,-0.022240554512022295,-0.011966661286367017
choque_10pct_permanente,permanente,0.9,0.09999999999999998,True,11,deficit_governo,0.17351753907387107,0.17388045804412453,0.006320016404422573,0.16222059896088387,0.18253574113003287
choque_10pct_permanente,permanente,0.9,0.09999999999999998,True,11,inflacao,0.09535757037078327,0.09536135045830585,0.0064897375065566575,0.08473134402541152,0.10591148552149098
choque_10pct_permanente,permanente,0.9,0.09999999999999998,True,11,pib_real,8447522.652590776,8446209.907804523,95258.39444811147,8287522.159301298,8607800.669456458
choque_10pct_permanente,permanente,0.9,0.09999999999999998,True,11,taxa_desemprego,0.13954891292733163,0.1398452257605844,0.006849530624702735,0.12822742675728935,0.14957420024299953
choque_10pct_permanente,permanente,0.9,0.09999999999999998,True,12,deficit_externo,-0.028083729044777433,-0.02813539404040414,0.0034467834954778377,-0.03372555617509878,-0.022981524312845704
choque_10pct_permanente,permanente,0.9,0.09999999999999998,True,12,deficit_governo,0.17767135825623742,0.1780115057921546,0.007096922758528699,0.16437957524954175,0.1875703046361394
choque_10pct_permanente,permanente,0.9,0.09999999999999998,True,12,inflacao,0.0756437752051867,0.07616823377485316,0.00669717412432368,0.06447441721492032,0.0866208202708544
choque_10pct_permanente,permanente,0.9,0.09999999999999998,True,12,pib_real,8445074.008891208,8438186.45805239,109779.35669419082,8277293.524571398,8640203.290863317
choque_10pct_permanente,permanente,0.9,0.09999999999999998,True,12,taxa_desemprego,0.13990398675490887,0.14000370072595797,0.007701416887791217,0.12598299649589273,0.15179791318452482
choque_10pct_permanente,permanente,0.9,0.09999999999999998,True,13,deficit_externo,-0.03406744824219252,-0.03428925075670099,0.004102963410222191,-0.04106336639339247,-0.026740426088437904
choque_10pct_permanente,permanente,0.9,0.09999999999999998,True,13,deficit_governo,0.17090035973856182,0.17089859281354103,0.007651819057350622,0.15606529918927062,0.18301796068403775
choque_10pct_permanente,permanente,0.9,0.09999999999999998,True,13,inflacao,0.05739160438464278,0.0580153165201196,0.00742529151141181,0.04562324027710672,0.07023169028123877
choque_10pct_permanente,permanente,0.9,0.09999999999999998,True,13,pib_real,8623453.312707184,8630218.007689489,127987.47734651758,8417751.826539047,8871032.125621954
choque_10pct_permanente,permanente,0.9,0.09999999999999998,True,13,taxa_desemprego,0.12997561235566626,0.12978771151563373,0.008491554185904965,0.11271295988108895,0.14362831173445142
choque_10pct_permanente,permanente,0.9,0.09999999999999998,True,14,deficit_externo,-0.03379989472441272,-0.03338995796951612,0.0044609897716418176,-0.04069870297080376,-0.02699316929176288
choque_10pct_permanente,permanente,0.9,0.09999999999999998,True,14,deficit_governo,0.15513250915043053,0.15579290767617732,0.007644094476435453,0.1419950157254227,0.1678483334372658
choque_10pct_permanente,permanente,0.9,0.09999999999999998,True,14,inflacao,0.04511290515534365,0.044577597088015675,0.008574996004947797,0.03209270428559411,0.05971130775317695
choque_10pct_permanente,permanente,0.9,0.09999999999999998,True,14,pib_real,9033665.751817757,9019077.935897818,145180.4730869893,8811315.870049983,9299528.78714277
choque_10pct_permanente,permanente,0.9,0.09999999999999998,True,14,taxa_desemprego,0.10925866870731386,0.11020873569416875,0.008860779838549942,0.09375058160477176,0.12377065340804867
choque_10pct_permanente,permanente,0.9,0.09999999999999998,True,15,deficit_externo,-0.027709083057833133,-0.02749712211426243,0.004432988558683618,-0.034749936806749274,-0.019553300039244808
choque_10pct_permanente,permanente,0.9,0.09999999999999998,True,15,deficit_governo,0.13617899918675952,0.1365971573201618,0.005968153418136158,0.1269564413288374,0.14686396859044848
choque_10pct_permanente,permanente,0.9,0.09999999999999998,True,15,inflacao,0.04564386106770766,0.04593986397743066,0.010779831525899378,0.029534372274708075,0.06578335201155357
choque_10pct_permanente,permanente,0.9,0.09999999999999998,True,15,pib_real,9556772.88891899,9568810.488012645,104893.38730981745,9387654.579441272,9705984.504550828
choque_10pct_permanente,permanente,0.9,0.09999999999999998,True,15,taxa_desemprego,0.08284982056352734,0.08296584375866603,0.007026406043233263,0.07211577052601201,0.09420105418912551
choque_10pct_permanente,permanente,0.9,0.09999999999999998,True,16,deficit_externo,-0.020486617738702032,-0.020513699734169888,0.004284830496087611,-0.026492324349247903,-0.013731725778756863
choque_10pct_permanente,permanente,0.9,0.09999999999999998,True,16,deficit_governo,0.12186850332020752,0.12156641887696343,0.004026076103920372,0.11594560033837374,0.12832792283348204
choque_10pct_permanente,permanente,0.9,0.09999999999999998,True,16,inflacao,0.06529269171664209,0.066123858001503,0.014148487388156158,0.04244206814994631,0.08852776636293072
choque_10pct_permanente,permanente,0.9,0.09999999999999998,True,16,pib_real,9969634.484776773,9969064.881806694,75070.61231677337,9845517.698126942,10086050.559469908
choque_10pct_permanente,permanente,0.9,0.09999999999999998,True,16,taxa_desemprego,0.06257894621885705,0.062050340454875494,0.004160673595464067,0.0567781581528875,0.07045842200641494
choque_10pct_permanente,permanente,0.9,0.09999999999999998,True,17,deficit_externo,-0.010958630104455747,-0.01078642359943451,0.004574266937865309,-0.018642551855393586,-0.004272582697454851
choque_10pct_permanente,permanente,0.9,0.09999999999999998,True,17,deficit_governo,0.11614412262420334,0.11587500537388858,0.0036159458161544376,0.11105020695298315,0.12356457402543758
choque_10pct_permanente,permanente,0.9,0.09999999999999998,True,17,inflacao,0.1061856970404532,0.10556459373474725,0.017026123619590553,0.07857528652130716,0.13144221057422764
choque_10pct_permanente,permanente,0.9,0.09999999999999998,True,17,pib_real,10289798.169934403,10298321.79793074,60880.2294540931,10180403.721987601,10371693.406389667
choque_10pct_permanente,permanente,0.9,0.09999999999999998,True,17,taxa_desemprego,0.05463512718474143,0.05386497000199336,0.003437205278739462,0.05005884322501535,0.06107386391656902
choque_10pct_permanente,permanente,0.9,0.09999999999999998,True,18,deficit_externo,-0.0005286101063153217,4.7883224528995116e-05,0.004183844222171539,-0.008700397334885266,0.006027064901698534
choque_10pct_permanente,permanente,0.9,0.09999999999999998,True,18,deficit_governo,0.12386206420062816,0.12324750171769375,0.006014303454615543,0.11635986721001426,0.1341955390733267
choque_10pct_permanente,permanente,0.9,0.09999999999999998,True,18,inflacao,0.15815347368291868,0.160252692674002,0.016156550550332115,0.13029830859811078,0.18130465636624918
choque_10pct_permanente,permanente,0.9,0.09999999999999998,True,18,pib_real,10534956.792048806,10538874.625043157,71928.87283512333,10399535.832508868,10651726.76931268
choque_10pct_permanente,permanente,0.9,0.09999999999999998,True,18,taxa_desemprego,0.05758933221984622,0.05718761088241837,0.004460504484566555,0.05090833295722573,0.06568213416215561
choque_10pct_permanente,permanente,0.9,0.09999999999999998,True,19,deficit_externo,0.005240658483240067,0.005537806625772282,0.003674878268836967,-0.0018793419790629911,0.011023725689688896
choque_10pct_permanente,permanente,0.9,0.09999999999999998,True,19,deficit_governo,0.14226191445398795,0.14204608991355355,0.006676563039358584,0.13236546263006102,0.15325691893608615
choque_10pct_permanente,permanente,0.9,0.09999999999999998,True,19,inflacao,0.20257550336213176,0.20557740661121648,0.013002824452385256,0.17945923612765785,0.22316542926099456
choque_10pct_permanente,permanente,0.9,0.09999999999999998,True,19,pib_real,10690514.103112958,10694228.011945441,77139.60735414612,10556098.241299553,10801460.909129921
choque_10pct_permanente,permanente,0.9,0.09999999999999998,True,19,taxa_desemprego,0.06455498753188514,0.06455527840229078,0.004481162489900926,0.05819100491122649,0.07147322656224107
choque_10pct_permanente,permanente,0.9,0.09999999999999998,True,20,deficit_externo,0.004785554835175667,0.00510888858206985,0.0036303960601578055,-0.0012993968566977388,0.009816770812567356
choque_10pct_permanente,permanente,0.9,0.09999999999999998,True,20,deficit_governo,0.1595897024945672,0.15978892577932816,0.007389689971392514,0.14803354280441602,0.170809491068171
choque_10pct_permanente,permanente,0.9,0.09999999999999998,True,20,inflacao,0.22945681622376837,0.23034311366787297,0.009992053964747527,0.2124902567688671,0.2446815393283538
choque_10pct_permanente,permanente,0.9,0.09999999999999998,True,20,pib_real,10727897.592567464,10742184.011283401,121605.75556969727,10503579.168604393,10897172.334635124
choque_10pct_permanente,permanente,0.9,0.09999999999999998,True,20,taxa_desemprego,0.07108246910338316,0.07143630744043156,0.006143031786843411,0.061530421663629924,0.08010565527684244
choque_10pct_permanente,permanente,0.9,0.09999999999999998,True,21,deficit_externo,-0.0028892162719102044,-0.0027665413154028644,0.005742050193101925,-0.012169613605754304,0.005480171226692957
choque_10pct_permanente,permanente,0.9,0.09999999999999998,True,21,deficit_governo,0.17534562695198697,0.17618761535131952,0.009208048401146748,0.1603687763839427,0.18899777865242648
choque_10pct_permanente,permanente,0.9,0.09999999999999998,True,21,inflacao,0.23776637552396512,0.23876671296951113,0.01059663261445455,0.22093151332172606,0.2537670465319776
choque_10pct_permanente,permanente,0.9,0.09999999999999998,True,21,pib_real,10611442.950984506,10611496.318846619,172991.82566929862,10350638.438830668,10920044.222895663
choque_10pct_permanente,permanente,0.9,0.09999999999999998,True,21,taxa_desemprego,0.07936292764747455,0.07998751547019389,0.008224057390884316,0.065937627455094,0.09180256590601127
choque_10pct_permanente,permanente,0.9,0.09999999999999998,True,22,deficit_externo,-0.016006954381472246,-0.016410173875664257,0.007618780979553594,-0.027284992971354526,-0.0037362906787879683
choque_10pct_permanente,permanente,0.9,0.09999999999999998,True,22,deficit_governo,0.19264360304300301,0.1943628829751587,0.00935536292278785,0.1762050817209135,0.20650269751843817
choque_10pct_permanente,permanente,0.9,0.09999999999999998,True,22,inflacao,0.22854303438950263,0.22735697706532598,0.015321854922119795,0.2045412663432293,0.25545309028151836
choque_10pct_permanente,permanente,0.9,0.09999999999999998,True,22,pib_real,10405726.665028907,10404480.540302217,198406.20102772684,10129952.303308308,10742001.746920796
choque_10pct_permanente,permanente,0.9,0.09999999999999998,True,22,taxa_desemprego,0.09009340797663108,0.0912139433409135,0.008793829251276468,0.07583590907311187,0.10305125050960229
choque_10pct_permanente,permanente,0.9,0.09999999999999998,True,23,deficit_externo,-0.03169426273961776,-0.032241997223008086,0.008288136876803876,-0.043730326790904564,-0.018122517682449664
choque_10pct_permanente,permanente,0.9,0.09999999999999998,True,23,deficit_governo,0.20559120503915115,0.20658678485447243,0.00764034850891679,0.19219608719622894,0.21743802273160798
choque_10pct_permanente,permanente,0.9,0.09999999999999998,True,23,inflacao,0.20590623447870787,0.20539026340878652,0.019488268466057945,0.17937572172643043,0.24008564357201212
choque_10pct_permanente,permanente,0.9,0.09999999999999998,True,23,pib_real,10238091.696572335,10229007.416091587,185610.52403847573,9971452.650598565,10609651.210229369
choque_10pct_permanente,permanente,0.9,0.09999999999999998,True,23,taxa_desemprego,0.0966542929715947,0.09738791105376043,0.007938296852172877,0.08321003096342203,0.10824666218263297
choque_10pct_permanente,permanente,0.9,0.09999999999999998,True,24,deficit_externo,-0.04571745295023029,-0.04643842079366986,0.007284521873986065,-0.055537384741579716,-0.03201956109372782
choque_10pct_permanente,permanente,0.9,0.09999999999999998,True,24,deficit_governo,0.2074474999876994,0.20859942719277955,0.00783355355334721,0.19453850746502252,0.2198363514678398
choque_10pct_permanente,permanente,0.9,0.09999999999999998,True,24,inflacao,0.17786271991868755,0.1764538250835087,0.02080690896192601,0.14820482721959796,0.21424823542628682
choque_10pct_permanente,permanente,0.9,0.09999999999999998,True,24,pib_real,10203557.33200832,10179505.374902349,152976.69329398472,9964157.171234746,10450403.052869603
choque_10pct_permanente,permanente,0.9,0.09999999999999998,True,24,taxa_desemprego,0.09395480515186709,0.094766828232631,0.007905707521889448,0.08058570050095488,0.1064613943067405
choque_10pct_permanente,permanente,0.9,0.09999999999999998,True,25,deficit_externo,-0.05267559371670441,-0.052770339316047105,0.005787936613100433,-0.06032666487464479,-0.04176919738064657
choque_10pct_permanente,permanente,0.9,0.09999999999999998,True,25,deficit_governo,0.19687230906151584,0.19637936519793459,0.010916510332909185,0.1787287631113989,0.21431837571486553
choque_10pct_permanente,permanente,0.9,0.09999999999999998,True,25,inflacao,0.15341628020498668,0.15181149968746943,0.019184454891858188,0.1253076326299504,0.18698118142890466
choque_10pct_permanente,permanente,0.9,0.09999999999999998,True,25,pib_real,10432426.00009431,10412307.472257305,178691.92233887935,10156476.123225119,10711505.95064661
choque_10pct_permanente,permanente,0.9,0.09999999999999998,True,25,taxa_desemprego,0.07933222416041769,0.0794720270836763,0.010542053327952427,0.06192179656545689,0.09512216713669727
choque_10pct_temporario,temporario,0.9,0.09999999999999998,False,0,deficit_externo,0.010583740505574736,0.010583740505574736,0.0,0.010583740505574736,0.010583740505574736
choque_10pct_temporario,temporario,0.9,0.09999999999999998,False,0,deficit_governo,0.12063832026847152,0.12063832026847152,0.0,0.12063832026847152,0.12063832026847152
choque_10pct_temporario,temporario,0.9,0.09999999999999998,False,0,inflacao,0.03,0.03,0.0,0.03,0.03
choque_10pct_temporario,temporario,0.9,0.09999999999999998,False,0,pib_real,7609597.0,7609597.0,0.0,7609597.0,7609597.0
choque_10pct_temporario,temporario,0.9,0.09999999999999998,False,0,taxa_desemprego,0.138,0.138,0.0,0.138,0.138
choque_10pct_temporario,temporario,0.9,0.09999999999999998,False,1,deficit_externo,0.007984462372586081,0.007984885903803248,3.926196770118726e-06,0.007984789509826234,0.007984885903803248
choque_10pct_temporario,temporario,0.9,0.09999999999999998,False,1,deficit_governo,0.11859323999532138,0.11859183719691781,1.301595028183166e-05,0.11859183719691781,0.11859204268442422
choque_10pct_temporario,temporario,0.9,0.09999999999999998,False,1,inflacao,0.030000000000000027,0.030000000000000027,2.2176955098475445e-17,0.030000000000000027,0.030000000000000027
choque_10pct_temporario,temporario,0.9,0.09999999999999998,False,1,pib_real,7652695.035586558,7652724.38733265,272.4260577675231,7652720.511295713,7652724.38733265
choque_10pct_temporario,temporario,0.9,0.09999999999999998,False,1,taxa_desemprego,0.1403920608512945,0.14039181650999813,2.241695576433764e-06,0.14039181650999813,0.14039188596331856
choque_10pct_temporario,temporario,0.9,0.09999999999999998,False,2,deficit_externo,0.003750554589595176,0.0037350567384015704,0.0016062757211644525,0.0012639399917380085,0.0064097518044404795
choque_10pct_temporario,temporario,0.9,0.09999999999999998,False,2,deficit_governo,0.12048060047939364,0.12049697829678668,6.805356220435828e-05,0.12035087318142733,0.12056834786677496
choque_10pct_temporario,temporario,0.9,0.09999999999999998,False,2,inflacao,0.0241790974363568,0.024178903792151374,6.352236575683177e-06,0.024168803029150497,0.024189329108142775
choque_10pct_temporario,temporario,0.9,0.09999999999999998,False,2,pib_real,7802944.495067831,7801636.532252673,7209.9131308595925,7793839.30654957,7814570.75365547
choque_10pct_temporario,temporario,0.9,0.09999999999999998,False,2,taxa_desemprego,0.13522962058815893,0.13522708141572493,2.1605326851770385e-05,0.13522708141572493,0.13522848442316332
choque_10pct_temporario,temporario,0.9,0.09999999999999998,False,3,deficit_externo,0.005747096504157826,0.005743644046670199,0.0015545355430605363,0.0035434152280053124,0.007982075671837357
choque_10pct_temporario,temporario,0.9,0.09999999999999998,False,3,deficit_governo,0.11184773284071642,0.11185072468678268,0.0008446542854071099,0.11054861292060025,0.11337891797923047
choque_10pct_temporario,temporario,0.9,0.09999999999999998,False,3,inflacao,0.026860137300484296,0.02686369906445485,3.627102333315835e-05,0.02681065147278915,0.02691262388561052
choque_10pct_temporario,temporario,0.9,0.09999999999999998,False,3,pib_real,8053418.840898419,8052453.326104144,22860.68877838277,8015425.902262519,8088025.718333901
choque_10pct_temporario,temporario,0.9,0.09999999999999998,False,3,taxa_desemprego,0.12475496402664281,0.12465420863232873,0.0008896642521635596,0.12326081915943915,0.12620645537562453
choque_10pct_temporario,temporario,0.9,0.09999999999999998,False,4,deficit_externo,0.00708078762998537,0.006938860115528333,0.0016459210316347754,0.004696605395465656,0.010087054088963179
choque_10pct_temporario,temporario,0.9,0.09999999999999998,False,4,deficit_governo,0.10432981919155379,0.10424876552638039,0.0015669958518124117,0.101873196088259,0.10681325879284824
choque_10pct_temporario,temporario,0.9,0.09999999999999998,False,4,inflacao,0.030262741853643558,0.030294405279839287,0.0003937899769649422,0.02966043531771566,0.03095903702938426
choque_10pct_temporario,temporario,0.9,0.09999999999999998,False,4,pib_real,8377935.379555072,8376895.75896104,37785.39992784701,8321375.753632962,8435326.425282277
choque_10pct_temporario,temporario,0.9,0.09999999999999998,False,4,taxa_desemprego,0.10902857243934669,0.10895973774110385,0.0021729610014057706,0.10541393387532699,0.11228768150238537
choque_10pct_temporario,temporario,0.9,0.09999999999999998,False,5,deficit_externo,0.010835901484729873,0.010661755279894327,0.0017800035739670716,0.008251479732339655,0.014019420596512336
choque_10pct_temporario,temporario,0.9,0.09999999999999998,False,5,deficit_governo,0.09652931514540204,0.09614202989831143,0.0024600784927328156,0.09289619940226901,0.10073378047572339
choque_10pct_temporario,temporario,0.9,0.09999999999999998,False,5,inflacao,0.04676824665984837,0.04682832420041416,0.0016028256439196485,0.04393551956038949,0.04901748935034713
choque_10pct_temporario,temporario,0.9,0.09999999999999998,False,5,pib_real,8627526.828086667,8629689.575340636,47542.48184370502,8541736.595401261,8705723.004721953
choque_10pct_temporario,temporario,0.9,0.09999999999999998,False,5,taxa_desemprego,0.09452504215547725,0.09421911311954845,0.0030019307176795845,0.09015049462590348,0.09983417191275122
choque_10pct_temporario,temporario,0.9,0.09999999999999998,False,6,deficit_externo,0.011898525930575004,0.01179424496022597,0.002122875349369712,0.00862035123206902,0.015409531628457367
choque_10pct_temporario,temporario,0.9,0.09999999999999998,False,6,deficit_governo,0.09724558405281215,0.09744105625347274,0.0029625392976493727,0.09221633295772177,0.10246416745660386
choque_10pct_temporario,temporario,0.9,0.09999999999999998,False,6,inflacao,0.06523314416357073,0.06540321267197058,0.0028982340157977337,0.060366826168757694,0.06975376997940005
choque_10pct_temporario,temporario,0.9,0.09999999999999998,False,6,pib_real,8808316.067256082,8804237.248286916,52642.231868102346,8718419.318390712,8894769.35245063
choque_10pct_temporario,temporario,0.9,0.09999999999999998,False,6,taxa_desemprego,0.08938702105193377,0.08936936995298966,0.0036868313327774243,0.08326882351108988,0.09581248182411614
choque_10pct_temporario,temporario,0.9,0.09999999999999998,False,7,deficit_externo,0.013666944759715067,0.013756285868489808,0.002448385150833457,0.009916842644716817,0.017486529133934725
choque_10pct_temporario,temporario,0.9,0.09999999999999998,False,7,deficit_governo,0.10519361238296575,0.10532733516215997,0.003570971024846836,0.09980050675324073,0.11047406680573996
choque_10pct_temporario,temporario,0.9,0.09999999999999998,False,7,inflacao,0.08965316664439632,0.08972233749413161,0.004832337495309247,0.08071624209109182,0.09689760325959317
choque_10pct_temporario,temporario,0.9,0.09999999999999998,False,7,pib_real,8896783.89456173,8895005.847848814,61786.0777444609,8803959.20783887,8983684.654658109
choque_10pct_temporario,temporario,0.9,0.09999999999999998,False,7,taxa_desemprego,0.09406951070719596,0.09403831427312659,0.004217706819306938,0.0875159205746669,0.09979539753860706
choque_10pct_temporario,temporario,0.9,0.09999999999999998,False,8,deficit_externo,0.0109019819598058,0.01125603396877381,0.0025229850964171236,0.006413295353743553,0.015081238271671297
choque_10pct_temporario,temporario,0.9,0.09999999999999998,False,8,deficit_governo,0.12240128288450312,0.12229757139137734,0.004576079159986581,0.11537326454823334,0.1298067977990062
choque_10pct_temporario,temporario,0.9,0.09999999999999998,False,8,inflacao,0.10473085850047084,0.10444417821267993,0.005980014182200674,0.09469184115450906,0.11553154648183717
choque_10pct_temporario,temporario,0.9,0.09999999999999998,False,8,pib_real,8890464.67957479,8886924.556332938,69681.97811960138,8777571.830106255,9010251.500182621
choque_10pct_temporario,temporario,0.9,0.09999999999999998,False,8,taxa_desemprego,0.10457680107193161,0.10486064253935004,0.005042121450996954,0.09597662072246844,0.11213195161514826
choque_10pct_temporario,temporario,0.9,0.09999999999999998,False,9,deficit_externo,0.005534676025892294,0.00548920687052734,0.00282450289379787,0.00077353593673838,0.010452161416010082
choque_10pct_temporario,temporario,0.9,0.09999999999999998,False,9,deficit_governo,0.13993848519495486,0.13985989874408544,0.005143404844987373,0.1322972994074546,0.1486097852102787
choque_10pct_temporario,temporario,0.9,0.09999999999999998,False,9,inflacao,0.11123092027735548,0.11144311085294267,0.006623927907506732,0.10153056290343335,0.1213566508344088
choque_10pct_temporario,temporario,0.9,0.09999999999999998,False,9,pib_real,8807981.902408028,8803538.623285197,79061.1652452857,8672454.673366591,8924629.327621486
choque_10pct_temporario,temporario,0.9,0.09999999999999998,False,9,taxa_desemprego,0.11701944199913206,0.11678035312062535,0.0056428492355898125,0.1082525481814391,0.1267490921653017
choque_10pct_temporario,temporario,0.9,0.09999999999999998,False,10,deficit_externo,-0.0044499376100898946,-0.004445038989499101,0.0029525383453018277,-0.009345923601545625,0.00026693243352470767
choque_10pct_temporario,temporario,0.9,0.09999999999999998,False,10,deficit_governo,0.15724511280395395,0.15704591326816392,0.005666869652503369,0.14891658254455553,0.1664887720806548
choque_10pct_temporario,temporario,0.9,0.09999999999999998,False,10,inflacao,0.10423642469326488,0.10393721026868197,0.006766020489759087,0.09290042972436124,0.11561996836558626
choque_10pct_temporario,temporario,0.9,0.09999999999999998,False,10,pib_real,8690712.69865759,8699221.912278544,82988.42947456292,8553261.552620558,8815009.657886535
choque_10pct_temporario,temporario,0.9,0.09999999999999998,False,10,taxa_desemprego,0.12897614349164113,0.12844394217393595,0.006009527084756591,0.12090100841896866,0.13891139152418702
choque_10pct_temporario,temporario,0.9,0.09999999999999998,False,11,deficit_externo,-0.014962580583675727,-0.015242037141125441,0.0032205606304731484,-0.020304956571267883,-0.009903974341090204
choque_10pct_temporario,temporario,0.9,0.09999999999999998,False,11,deficit_governo,0.16845357092096452,0.1690771210344324,0.006374737465592017,0.15685331533653696,0.17769522488387915
choque_10pct_temporario,temporario,0.9,0.09999999999999998,False,11,inflacao,0.08990616795450528,0.08985471461600292,0.006592705154820636,0.07876611091369311,0.1003025751100812
choque_10pct_temporario,temporario,0.9,0.09999999999999998,False,11,pib_real,8609884.428567408,8606559.697632208,98527.90541034986,8450088.385883538,8778557.537967384
choque_10pct_temporario,temporario,0.9,0.09999999999999998,False,11,taxa_desemprego,0.13649652868843934,0.1368861987033025,0.006906488583436285,0.12494172451160199,0.14654554038640755
choque_10pct_temporario,temporario,0.9,0.09999999999999998,False,12,deficit_externo,-0.025205050398733483,-0.025246116865056747,0.003542778164796188,-0.031132259603013683,-0.019985472489631766
choque_10pct_temporario,temporario,0.9,0.09999999999999998,False,12,deficit_governo,0.1721012841171037,0.17244141126064028,0.007186211555688397,0.1585802598792068,0.18200414132291806
choque_10pct_temporario,temporario,0.9,0.09999999999999998,False,12,inflacao,0.07041911256964277,0.07090794671628098,0.006884128267633312,0.05901251562929011,0.0808850231512702
choque_10pct_temporario,temporario,0.9,0.09999999999999998,False,12,pib_real,8640162.350593483,8630830.862022404,114401.94070867685,8463810.646833848,8846148.230039526
choque_10pct_temporario,temporario,0.9,0.09999999999999998,False,12,taxa_desemprego,0.13624865405958267,0.13634112161486867,0.007810895899482257,0.12194962810065643,0.14826051967718032
choque_10pct_temporario,temporario,0.9,0.09999999999999998,False,13,deficit_externo,-0.030267208143009216,-0.030328905736657398,0.0042352454643433375,-0.03760161347870262,-0.022901444403078147
choque_10pct_temporario,temporario,0.9,0.09999999999999998,False,13,deficit_governo,0.1648379290205318,0.16493073488160637,0.00774193216219792,0.14952466347605334,0.17683891570877264
choque_10pct_temporario,temporario,0.9,0.09999999999999998,False,13,inflacao,0.05304229727494386,0.05330127538929441,0.007774019151576129,0.04059109508139845,0.0666272123705893
choque_10pct_temporario,temporario,0.9,0.09999999999999998,False,13,pib_real,8854270.628804795,8859581.622229688,133780.914255423,8644165.870050266,9113012.853995122
choque_10pct_temporario,temporario,0.9,0.09999999999999998,False,13,taxa_desemprego,0.12583291634788418,0.12591021095943578,0.008594342183187397,0.10838438999870917,0.1400362421089248
choque_10pct_temporario,temporario,0.9,0.09999999999999998,False,14,deficit_externo,-0.02924766475655589,-0.02885822326712318,0.0046011206161287194,-0.036272073973004984,-0.022324593245262744
choque_10pct_temporario,temporario,0.9,0.09999999999999998,False,14,deficit_governo,0.14905981353427264,0.15018319206717445,0.007754258663821247,0.13563246840517645,0.16139416934104175
choque_10pct_temporario,temporario,0.9,0.09999999999999998,False,14,inflacao,0.042035999846719546,0.04171287109155186,0.009062188487276905,0.0282106355337551,0.057518659233818645
choque_10pct_temporario,temporario,0.9,0.09999999999999998,False,14,pib_real,9300624.267151738,9276605.18093549,150890.52957158288,9067794.939416962,9574838.71325576
choque_10pct_temporario,temporario,0.9,0.09999999999999998,False,14,taxa_desemprego,0.1050131811243879,0.10554611801354927,0.008939251263681232,0.08936280801349272,0.1195108560788105
choque_10pct_temporario,temporario,0.9,0.09999999999999998,False,15,deficit_externo,-0.02222299600254229,-0.021937270976136188,0.0046751474964039546,-0.029400339198473343,-0.013505375375358694
choque_10pct_temporario,temporario,0.9,0.09999999999999998,False,15,deficit_governo,0.13013894783917487,0.13058296534596614,0.006080218645433545,0.12069803497825263,0.14090337994116095
choque_10pct_temporario,temporario,0.9,0.09999999999999998,False,15,inflacao,0.0448658684168353,0.04531692116871855,0.011630176112613666,0.027038698302805652,0.06540587971482494
choque_10pct_temporario,temporario,0.9,0.09999999999999998,False,15,pib_real,9854781.035293214,9865080.728199685,108356.02724082112,9678684.965854038,10017705.818473551
choque_10pct_temporario,temporario,0.9,0.09999999999999998,False,15,taxa_desemprego,0.0790917519608121,0.07925956886887114,0.006949410144652527,0.06847240887860438,0.09025015245905055
choque_10pct_temporario,temporario,0.9,0.09999999999999998,False,16,deficit_externo,-0.013551921986063248,-0.013509439056848021,0.004593154056657914,-0.019977238931044375,-0.006001644837402834
choque_10pct_temporario,temporario,0.9,0.09999999999999998,False,16,deficit_governo,0.11564154421799235,0.11531365437956256,0.004137890946619315,0.10947861442987505,0.1223422601637259
choque_10pct_temporario,temporario,0.9,0.09999999999999998,False,16,inflacao,0.06809959257280718,0.06867466407651801,0.015236228266677102,0.04424458089899933,0.09291764750034666
choque_10pct_temporario,temporario,0.9,0.09999999999999998,False,16,pib_real,10306876.76844039,10308485.966622978,79274.48118686724,10172649.925753301,10433914.237391714
choque_10pct_temporario,temporario,0.9,0.09999999999999998,False,16,taxa_desemprego,0.05976617343195942,0.05918220302307586,0.003986436891418672,0.054070471630959814,0.06701079459347738
choque_10pct_temporario,temporario,0.9,0.09999999999999998,False,17,deficit_externo,-0.0021269414992550824,-0.0018798885124050382,0.004745369272230559,-0.009999310388125909,0.004685891427209102
choque_10pct_temporario,temporario,0.9,0.09999999999999998,False,17,deficit_governo,0.11028366141516345,0.109825962240019,0.004062649790726841,0.1049432791133965,0.11780196287674712
choque_10pct_temporario,temporario,0.9,0.09999999999999998,False,17,inflacao,0.11343639637704162,0.11316500940615193,0.017875226983124888,0.08518124801305885,0.13915267091888556
choque_10pct_temporario,temporario,0.9,0.09999999999999998,False,17,pib_real,10667907.345654335,10674072.475937687,64291.09865056993,10557159.724478327,10756119.87845896
choque_10pct_temporario,temporario,0.9,0.09999999999999998,False,17,taxa_desemprego,0.05331161514847721,0.0526800359528868,0.0036723611709153876,0.04818923884829987,0.060389053425902714
choque_10pct_temporario,temporario,0.9,0.09999999999999998,False,18,deficit_externo,0.009306296400153222,0.00947540101468538,0.004064677023780258,0.0013740134192850603,0.015775513584058688
choque_10pct_temporario,temporario,0.9,0.09999999999999998,False,18,deficit_governo,0.12043234089583656,0.11969428771015075,0.007143243869461797,0.11143306522756824,0.13226542310284084
choque_10pct_temporario,temporario,0.9,0.09999999999999998,False,18,inflacao,0.16808176646580442,0.17019806240126,0.015851154973987605,0.14164916910049755,0.19208020554968747
choque_10pct_temporario,temporario,0.9,0.09999999999999998,False,18,pib_real,10927851.823834328,10935317.920539659,79569.87939748801,10786072.217797557,11039626.162616093
choque_10pct_temporario,temporario,0.9,0.09999999999999998,False,18,taxa_desemprego,0.0585667024548055,0.057976806902427104,0.005102274518091169,0.05096051414622137,0.06749164445125891
choque_10pct_temporario,temporario,0.9,0.09999999999999998,False,19,deficit_externo,0.013936462548983128,0.014405345308464535,0.0038277255915198705,0.008243061463259602,0.01954981424085539
choque_10pct_temporario,temporario,0.9,0.09999999999999998,False,19,deficit_governo,0.14261730497679145,0.14304457985760644,0.007637879932347572,0.13112985754352405,0.15440847957698384
choque_10pct_temporario,temporario,0.9,0.09999999999999998,False,19,inflacao,0.21000709497248582,0.21302580018300865,0.011856351578422051,0.19036386441919037,0.2275541920158904
choque_10pct_temporario,temporario,0.9,0.09999999999999998,False,19,pib_real,11060162.254021242,11067078.15079247,94614.37497397003,10899632.210283196,11186960.721670397
choque_10pct_temporario,temporario,0.9,0.09999999999999998,False,19,taxa_desemprego,0.06909604804122921,0.06917406855274805,0.005296999503172078,0.06087885313597963,0.0776274046605353
choque_10pct_temporario,temporario,0.9,0.09999999999999998,False,20,deficit_externo,0.010333997199196407,0.010861895344434085,0.00443370926863767,0.0030343115209039307,0.016159880755591667
choque_10pct_temporario,temporario,0.9,0.09999999999999998,False,20,deficit_governo,0.1632707016890767,0.16386400020427655,0.008079448449810274,0.14973915053291684,0.17542399698853278
choque_10pct_temporario,temporario,0.9,0.09999999999999998,False,20,inflacao,0.22868255019891678,0.22919509282772366,0.009603124412423366,0.21484620471139815,0.24305614006367993
choque_10pct_temporario,temporario,0.9,0.09999999999999998,False,20,pib_real,11036589.844053475,11052180.355277158,148862.264040935,10769925.154268112,11252438.351565424
choque_10pct_temporario,temporario,0.9,0.09999999999999998,False,20,taxa_desemprego,0.07855916917612477,0.07920388486043056,0.006830653157431034,0.06769603266358228,0.08873717185740684
choque_10pct_temporario,temporario,0.9,0.09999999999999998,False,21,deficit_externo,-0.0010632233468049577,-0.0006508561596719488,0.006571267901584867,-0.0117852423751716,0.009338327633861195
choque_10pct_temporario,temporario,0.9,0.09999999999999998,False,21,deficit_governo,0.18037797113550297,0.18174961658406474,0.009241486618375159,0.1648461176947159,0.19493006020786022
choque_10pct_temporario,temporario,0.9,0.09999999999999998,False,21,inflacao,0.22615087277821722,0.22592573102055313,0.011955972538592827,0.2038114034756009,0.24438921335304764
choque_10pct_temporario,temporario,0.9,0.09999999999999998,False,21,pib_real,10846193.813922456,10846065.965608783,195358.43504592235,10561757.229022594,11199652.724820975
choque_10pct_temporario,temporario,0.9,0.09999999999999998,False,21,taxa_desemprego,0.08908160509420003,0.09010925414887669,0.008749602783400543,0.07445210590086025,0.10310532206274514
choque_10pct_temporario,temporario,0.9,0.09999999999999998,False,22,deficit_externo,-0.01746819437660928,-0.017825156182976414,0.007953384686473502,-0.029033679557012994,-0.004103426728706952
choque_10pct_temporario,temporario,0.9,0.09999999999999998,False,22,deficit_governo,0.19763396171248707,0.198583631179973,0.008810925595630894,0.18218338117251498,0.21038080034943865
choque_10pct_temporario,temporario,0.9,0.09999999999999998,False,22,inflacao,0.20587386925949835,0.20469299225269322,0.016356649604680248,0.17996252337055788,0.23426117784473677
choque_10pct_temporario,temporario,0.9,0.09999999999999998,False,22,pib_real,10605780.627012234,10594177.239279248,203572.69545316068,10325545.771782506,10969563.16630005
choque_10pct_temporario,temporario,0.9,0.09999999999999998,False,22,taxa_desemprego,0.10049532758936303,0.10182672524676262,0.008733220308457697,0.08495411128470785,0.11352969560459387
choque_10pct_temporario,temporario,0.9,0.09999999999999998,False,23,deficit_externo,-0.03444568939400924,-0.03508913411229292,0.007942725637325567,-0.04609238610223024,-0.021543211564595505
choque_10pct_temporario,temporario,0.9,0.09999999999999998,False,23,deficit_governo,0.20772053371414712,0.20844106526175157,0.0071006318406080645,0.1959515934232248,0.21905179515200798
choque_10pct_temporario,temporario,0.9,0.09999999999999998,False,23,inflacao,0.17505716625024362,0.1745100013878078,0.01914383972088445,0.14759667488870354,0.20942631220009328
choque_10pct_temporario,temporario,0.9,0.09999999999999998,False,23,pib_real,10470427.170321848,10465285.469816053,171141.28764110737,10215451.77220646,10803644.813026292
choque_10pct_temporario,temporario,0.9,0.09999999999999998,False,23,taxa_desemprego,0.10491742847658113,0.10542872724276992,0.007524142648699861,0.0928606474632871,0.11658366247030029
choque_10pct_temporario,temporario,0.9,0.09999999999999998,False,24,deficit_externo,-0.04721287103696743,-0.04814427614957782,0.006465355317897183,-0.057474614461521134,-0.03530446583635875
choque_10pct_temporario,temporario,0.9,0.09999999999999998,False,24,deficit_governo,0.20452200104248897,0.20589940446147992,0.008639550916114421,0.18961775070625253,0.21867466204874816
choque_10pct_temporario,temporario,0.9,0.09999999999999998,False,24,inflacao,0.14266382856783,0.14188881832234612,0.019019644864781523,0.11706796996383009,0.17605377210715142
choque_10pct_temporario,temporario,0.9,0.09999999999999998,False,24,pib_real,10549271.486870445,10539393.302618317,147648.0015652104,10337076.87666284,10795375.609823791
choque_10pct_temporario,temporario,0.9,0.09999999999999998,False,24,taxa_desemprego,0.09742057644643283,0.09832108499589319,0.00854524933784231,0.08178546400361437,0.10950720047189473
choque_10pct_temporario,temporario,0.9,0.09999999999999998,False,25,deficit_externo,-0.04979421987162592,-0.049656590550091376,0.005891961771632666,-0.0580823904666066,-0.039642278653116494
choque_10pct_temporario,temporario,0.9,0.09999999999999998,False,25,deficit_governo,0.18749983294186873,0.187692539665547,0.012171954376812776,0.16799241580099902,0.206935694081619
choque_10pct_temporario,temporario,0.9,0.09999999999999998,False,25,inflacao,0.11917463024271982,0.11750654324294829,0.01655517429358014,0.09305390855624959,0.14796661360351873
choque_10pct_temporario,temporario,0.9,0.09999999999999998,False,25,pib_real,10985886.076848695,10966489.668291282,228478.61517117432,10647893.34178476,11390540.535349527
choque_10pct_temporario,temporario,0.9,0.09999999999999998,False,25,taxa_desemprego,0.07639904471225031,0.07698378736222557,0.011844326118109096,0.056289303325428544,0.0938884663541606
choque_20pct_permanente,permanente,0.8,0.19999999999999996,True,0,deficit_externo,0.010583740505574736,0.010583740505574736,0.0,0.010583740505574736,0.010583740505574736
choque_20pct_permanente,permanente,0.8,0.19999999999999996,True,0,deficit_governo,0.12063832026847152,0.12063832026847152,0.0,0.12063832026847152,0.12063832026847152
choque_20pct_permanente,permanente,0.8,0.19999999999999996,True,0,inflacao,0.03,0.03,0.0,0.03,0.03
choque_20pct_permanente,permanente,0.8,0.19999999999999996,True,0,pib_real,7609597.0,7609597.0,0.0,7609597.0,7609597.0
choque_20pct_permanente,permanente,0.8,0.19999999999999996,True,0,taxa_desemprego,0.138,0.138,0.0,0.138,0.138
choque_20pct_permanente,permanente,0.8,0.19999999999999996,True,1,deficit_externo,0.007984462372586081,0.007984885903803248,3.926196770118726e-06,0.007984789509826234,0.007984885903803248
choque_20pct_permanente,permanente,0.8,0.19999999999999996,True,1,deficit_governo,0.11859323999532138,0.11859183719691781,1.301595028183166e-05,0.11859183719691781,0.11859204268442422
choque_20pct_permanente,permanente,0.8,0.19999999999999996,True,1,inflacao,0.030000000000000027,0.030000000000000027,2.2176955098475445e-17,0.030000000000000027,0.030000000000000027
choque_20pct_permanente,permanente,0.8,0.19999999999999996,True,1,pib_real,7652695.035586558,7652724.38733265,272.4260577675231,7652720.511295713,7652724.38733265
choque_20pct_permanente,permanente,0.8,0.19999999999999996,True,1,taxa_desemprego,0.1403920608512945,0.14039181650999813,2.241695576433764e-06,0.14039181650999813,0.14039188596331856
choque_20pct_permanente,permanente,0.8,0.19999999999999996,True,2,deficit_externo,0.003750554589595176,0.0037350567384015704,0.0016062757211644525,0.0012639399917380085,0.0064097518044404795
choque_20pct_permanente,permanente,0.8,0.19999999999999996,True,2,deficit_governo,0.12048060047939364,0.12049697829678668,6.805356220435828e-05,0.12035087318142733,0.12056834786677496
choque_20pct_permanente,permanente,0.8,0.19999999999999996,True,2,inflacao,0.0241790974363568,0.024178903792151374,6.352236575683177e-06,0.024168803029150497,0.024189329108142775
choque_20pct_permanente,permanente,0.8,0.19999999999999996,True,2,pib_real,7802944.495067831,7801636.532252673,7209.9131308595925,7793839.30654957,7814570.75365547
choque_20pct_permanente,permanente,0.8,0.19999999999999996,True,2,taxa_desemprego,0.13522962058815893,0.13522708141572493,2.1605326851770385e-05,0.13522708141572493,0.13522848442316332
choque_20pct_permanente,permanente,0.8,0.19999999999999996,True,3,deficit_externo,0.005747096504157826,0.005743644046670199,0.0015545355430605363,0.0035434152280053124,0.007982075671837357
choque_20pct_permanente,permanente,0.8,0.19999999999999996,True,3,deficit_governo,0.11184773284071642,0.11185072468678268,0.0008446542854071099,0.11054861292060025,0.11337891797923047
choque_20pct_permanente,permanente,0.8,0.19999999999999996,True,3,inflacao,0.026860137300484296,0.02686369906445485,3.627102333315835e-05,0.02681065147278915,0.02691262388561052
choque_20pct_permanente,permanente,0.8,0.19999999999999996,True,3,pib_real,8053418.840898419,8052453.326104144,22860.68877838277,8015425.902262519,8088025.718333901
choque_20pct_permanente,permanente,0.8,0.19999999999999996,True,3,taxa_desemprego,0.12475496402664281,0.12465420863232873,0.0008896642521635596,0.12326081915943915,0.12620645537562453
choque_20pct_permanente,permanente,0.8,0.19999999999999996,True,4,deficit_externo,0.00708078762998537,0.006938860115528333,0.0016459210316347754,0.004696605395465656,0.010087054088963179
choque_20pct_permanente,permanente,0.8,0.19999999999999996,True,4,deficit_governo,0.10432981919155379,0.10424876552638039,0.0015669958518124117,0.101873196088259,0.10681325879284824
choque_20pct_permanente,permanente,0.8,0.19999999999999996,True,4,inflacao,0.030262741853643558,0.030294405279839287,0.0003937899769649422,0.02966043531771566,0.03095903702938426
choque_20pct_permanente,permanente,0.8,0.19999999999999996,True,4,pib_real,8377935.379555072,8376895.75896104,37785.39992784701,8321375.753632962,8435326.425282277
choque_20pct_permanente,permanente,0.8,0.19999999999999996,True,4,taxa_desemprego,0.10902857243934669,0.10895973774110385,0.0021729610014057706,0.10541393387532699,0.11228768150238537
choque_20pct_permanente,permanente,0.8,0.19999999999999996,True,5,deficit_externo,0.010698182479248121,0.01055400259554947,0.0017799394808292383,0.008120852739703576,0.013857879620779454
choque_20pct_permanente,permanente,0.8,0.19999999999999996,True,5,deficit_governo,0.0976050660023477,0.097274435369618,0.002453188135032137,0.09411382855175354,0.10192115423540357
choque_20pct_permanente,permanente,0.8,0.19999999999999996,True,5,inflacao,0.04827071176372426,0.048334827147585635,0.0016016062039690589,0.04543699651393113,0.05052351210205056
choque_20pct_permanente,permanente,0.8,0.19999999999999996,True,5,pib_real,8605489.884805579,8604733.082251873,47434.04538589268,8522433.861275487,8687431.077926688
choque_20pct_permanente,permanente,0.8,0.19999999999999996,True,5,taxa_desemprego,0.09645372543467974,0.09619772733588093,0.0030916411210835043,0.09210268663702886,0.101970436980838
choque_20pct_permanente,permanente,0.8,0.19999999999999996,True,6,deficit_externo,0.011228059488091977,0.01111651493996187,0.002121915458092593,0.007952426505527665,0.014801478241924263
choque_20pct_permanente,permanente,0.8,0.19999999999999996,True,6,deficit_governo,0.1001099404999357,0.10020324321240809,0.0029904647417210452,0.09554503794388819,0.10473370942499906
choque_20pct_permanente,permanente,0.8,0.19999999999999996,True,6,inflacao,0.06919687593703727,0.06934201056139444,0.0029335665051160482,0.06433433489593399,0.073848224980686
choque_20pct_permanente,permanente,0.8,0.19999999999999996,True,6,pib_real,8739744.584700547,8733876.746619284,51408.44790017569,8657360.506212968,8831981.46564734
choque_20pct_permanente,permanente,0.8,0.19999999999999996,True,6,taxa_desemprego,0.09181928861965405,0.09177272011073503,0.003785608215137202,0.08625907087974789,0.09836439783396542
choque_20pct_permanente,permanente,0.8,0.19999999999999996,True,7,deficit_externo,0.012601466401222798,0.01264812372419849,0.0024265421876108867,0.008976362285346762,0.01648385733693104
choque_20pct_permanente,permanente,0.8,0.19999999999999996,True,7,deficit_governo,0.10894655622522521,0.10881021567447444,0.003693693333718625,0.10317335550112129,0.11457551219793098
choque_20pct_permanente,permanente,0.8,0.19999999999999996,True,7,inflacao,0.09516829058574995,0.09526348893904424,0.004739674841467028,0.08675702607420012,0.10229035160860164
choque_20pct_permanente,permanente,0.8,0.19999999999999996,True,7,pib_real,8782241.354831818,8783175.841318117,60795.0795080609,8685205.166098068,8869160.638638075
choque_20pct_permanente,permanente,0.8,0.19999999999999996,True,7,taxa_desemprego,0.09707555579315269,0.09703552832794485,0.004551981113176235,0.08937821925228437,0.10420196204516713
choque_20pct_permanente,permanente,0.8,0.19999999999999996,True,8,deficit_externo,0.00911803370428775,0.009116731816200974,0.002505573079519968,0.004951877197343486,0.013137405416986249
choque_20pct_permanente,permanente,0.8,0.19999999999999996,True,8,deficit_governo,0.12747908151783577,0.12738094110023476,0.004650702480735055,0.1202224559052642,0.13497449889874566
choque_20pct_permanente,permanente,0.8,0.19999999999999996,True,8,inflacao,0.11183323571068439,0.11185772851579401,0.005934963990015661,0.10173096619137753,0.12173703099726091
choque_20pct_permanente,permanente,0.8,0.19999999999999996,True,8,pib_real,8718797.46857281,8718240.007819964,67597.51461022825,8607485.03016074,8834381.741977736
choque_20pct_permanente,permanente,0.8,0.19999999999999996,True,8,taxa_desemprego,0.10894889992796716,0.10899331708649296,0.005196656643196665,0.09957629756814398,0.11751801224988194
choque_20pct_permanente,permanente,0.8,0.19999999999999996,True,9,deficit_externo,0.0026516622967274837,0.0024372496334687382,0.002837734057043068,-0.0017461912635375627,0.007587225581285319
choque_20pct_permanente,permanente,0.8,0.19999999999999996,True,9,deficit_governo,0.14665531969310674,0.14652481334095308,0.005038468908723473,0.13912950611017727,0.15525409539273108
choque_20pct_permanente,permanente,0.8,0.19999999999999996,True,9,inflacao,0.11898331838255484,0.11906279998891933,0.006562271740558592,0.10882683599899559,0.12888023176693944
choque_20pct_permanente,permanente,0.8,0.19999999999999996,True,9,pib_real,8574230.073477484,8573901.799207948,75395.74946569807,8443179.57893667,8686462.914843678
choque_20pct_permanente,permanente,0.8,0.19999999999999996,True,9,taxa_desemprego,0.12290566631336836,0.12249589077275198,0.005717871538600418,0.1142779950663181,0.1326034921519233
choque_20pct_permanente,permanente,0.8,0.19999999999999996,True,10,deficit_externo,-0.008300490357691807,-0.008282438285681724,0.0029258615547971107,-0.0128592759624759,-0.0032847842894861796
choque_20pct_permanente,permanente,0.8,0.19999999999999996,True,10,deficit_governo,0.16492720400982708,0.1645826384811765,0.005519692759505995,0.15668502952459726,0.1738595522775598
choque_20pct_permanente,permanente,0.8,0.19999999999999996,True,10,inflacao,0.11270629035045772,0.11312585214439963,0.006644098402686011,0.10123915618958146,0.12224415418332406
choque_20pct_permanente,permanente,0.8,0.19999999999999996,True,10,pib_real,8395868.106555259,8401967.449715687,78310.7514266934,8267380.742108726,8506920.227108838
choque_20pct_permanente,permanente,0.8,0.19999999999999996,True,10,taxa_desemprego,0.13667620398983935,0.1366511379193992,0.0059511104568511905,0.12796071439536272,0.14643877042966733
choque_20pct_permanente,permanente,0.8,0.19999999999999996,True,11,deficit_externo,-0.020053919415642496,-0.02065726062050659,0.0030739531222344547,-0.02469899664575187,-0.015284059801982481
choque_20pct_permanente,permanente,0.8,0.19999999999999996,True,11,deficit_governo,0.17722592925542272,0.17805825430401945,0.0060399802004025656,0.1671698320691938,0.18553024020072384
choque_20pct_permanente,permanente,0.8,0.19999999999999996,True,11,inflacao,0.09850458787557265,0.09888299063512318,0.0063455604037726855,0.0877470872958185,0.10955524466042581
choque_20pct_permanente,permanente,0.8,0.19999999999999996,True,11,pib_real,8253806.877091177,8251445.950524647,89920.2194934371,8099121.766163669,8406312.257611912
choque_20pct_permanente,permanente,0.8,0.19999999999999996,True,11,taxa_desemprego,0.14628326479230183,0.14671722259376713,0.0067697477210426965,0.13500209318246303,0.15695165342210732
choque_20pct_permanente,permanente,0.8,0.19999999999999996,True,12,deficit_externo,-0.03158211628851269,-0.031877455221785825,0.0033124066006219918,-0.03702772941174596,-0.026897756870557954
choque_20pct_permanente,permanente,0.8,0.19999999999999996,True,12,deficit_governo,0.18176908772692368,0.18192765094287727,0.006779083040566088,0.16964636252106777,0.19177067874360523
choque_20pct_permanente,permanente,0.8,0.19999999999999996,True,12,inflacao,0.07915662292503656,0.07914243592949877,0.006382062483196675,0.06733087725005064,0.08929344488596276
choque_20pct_permanente,permanente,0.8,0.19999999999999996,True,12,pib_real,8216595.683788474,8214911.649100982,101226.43044686966,8063154.006039035,8395914.175756114
choque_20pct_permanente,permanente,0.8,0.19999999999999996,True,12,taxa_desemprego,0.14828598450938174,0.14797720411605098,0.007519372090865511,0.13541366964328183,0.15985708956075492
choque_20pct_permanente,permanente,0.8,0.19999999999999996,True,13,deficit_externo,-0.038503746110822606,-0.03819329587902211,0.003870526208256712,-0.04492575358058785,-0.032234247469804224
choque_20pct_permanente,permanente,0.8,0.19999999999999996,True,13,deficit_governo,0.17588045428860916,0.17581421238409267,0.007272749183631955,0.16238615967584502,0.18837895120353831
choque_20pct_permanente,permanente,0.8,0.19999999999999996,True,13,inflacao,0.060965034608939615,0.060575149308707,0.0068197586758890144,0.05020546338477076,0.07200676354248453
choque_20pct_permanente,permanente,0.8,0.19999999999999996,True,13,pib_real,8341924.879473537,8348799.388443885,115484.09365580589,8153410.8707839865,8573076.010201083
choque_20pct_permanente,permanente,0.8,0.19999999999999996,True,13,taxa_desemprego,0.14053027210116403,0.1407314324950871,0.008255484683311625,0.12526916277787759,0.15385258130074314
choque_20pct_permanente,permanente,0.8,0.19999999999999996,True,14,deficit_externo,-0.039730181238238516,-0.039318558989437924,0.004250012355570438,-0.045881522111263465,-0.03290181133583755
choque_20pct_permanente,permanente,0.8,0.19999999999999996,True,14,deficit_governo,0.1615005641899884,0.1618380013072496,0.00735406263481382,0.14956870246840123,0.17437170441444
choque_20pct_permanente,permanente,0.8,0.19999999999999996,True,14,inflacao,0.047422875784060466,0.04654028315007874,0.007696931933383574,0.03610955838509818,0.06100164478647743
choque_20pct_permanente,permanente,0.8,0.19999999999999996,True,14,pib_real,8672920.91189301,8660863.68123205,133657.9445995172,8469911.826655751,8913194.295514675
choque_20pct_permanente,permanente,0.8,0.19999999999999996,True,14,taxa_desemprego,0.1222544097475583,0.12292445049882414,0.008802020084171054,0.10728213924783915,0.13647105817838243
choque_20pct_permanente,permanente,0.8,0.19999999999999996,True,15,deficit_externo,-0.03534322532456713,-0.035838763588360856,0.0040968277931537345,-0.04188081652052982,-0.02806522506152837
choque_20pct_permanente,permanente,0.8,0.19999999999999996,True,15,deficit_governo,0.14345936086012884,0.14361457401211772,0.006034978243112953,0.13390392714846833,0.15374433307114707
choque_20pct_permanente,permanente,0.8,0.19999999999999996,True,15,inflacao,0.044063830904699064,0.044372480532493874,0.009027678582765706,0.030128170588169745,0.06032265903724806
choque_20pct_permanente,permanente,0.8,0.19999999999999996,True,15,pib_real,9133649.865401084,9141873.104317714,108914.17813327326,8972623.779139977,9297202.276399015
choque_20pct_permanente,permanente,0.8,0.19999999999999996,True,15,taxa_desemprego,0.09735752851362023,0.09748991537233548,0.007569268433550252,0.08507197518773404,0.1094756516358293
choque_20pct_permanente,permanente,0.8,0.19999999999999996,True,16,deficit_externo,-0.030830681259279232,-0.03106008483307795,0.0036124902584097683,-0.035609410809688095,-0.025540628454661474
choque_20pct_permanente,permanente,0.8,0.19999999999999996,True,16,deficit_governo,0.1301406721215499,0.12991256584645466,0.0041228697530990045,0.12360039586113791,0.1374434400332387
choque_20pct_permanente,permanente,0.8,0.19999999999999996,True,16,inflacao,0.054817771375394383,0.05537083405320198,0.01148060843933275,0.03625058313758929,0.07312678358033561
choque_20pct_permanente,permanente,0.8,0.19999999999999996,True,16,pib_real,9503973.835224073,9500909.693450917,73440.62762473627,9392661.257794786,9616076.063646005
choque_20pct_permanente,permanente,0.8,0.19999999999999996,True,16,taxa_desemprego,0.0761351982493428,0.0753769637653361,0.004901651311538138,0.06772871720099007,0.08506379795164254
choque_20pct_permanente,permanente,0.8,0.19999999999999996,True,17,deficit_externo,-0.025587462291008754,-0.02569672810609529,0.0038638272773146975,-0.03199969920199846,-0.020193426499824634
choque_20pct_permanente,permanente,0.8,0.19999999999999996,True,17,deficit_governo,0.12437380561941057,0.1237772557618245,0.0032833359316872543,0.11967102424091743,0.13123921771170205
choque_20pct_permanente,permanente,0.8,0.19999999999999996,True,17,inflacao,0.08191249736053009,0.08220653935938294,0.013964504516422074,0.059340271932243706,0.10211523385249999
choque_20pct_permanente,permanente,0.8,0.19999999999999996,True,17,pib_real,9767639.677402921,9775234.823012233,59163.98945913622,9653418.028414067,9849350.402981801
choque_20pct_permanente,permanente,0.8,0.19999999999999996,True,17,taxa_desemprego,0.06525613435215263,0.06444760668246534,0.0035267935492473506,0.060487060727473445,0.07212434628508076
choque_20pct_permanente,permanente,0.8,0.19999999999999996,True,18,deficit_externo,-0.01934432060626678,-0.01909456739113668,0.003951966937872837,-0.026528196167852278,-0.013679768540559703
choque_20pct_permanente,permanente,0.8,0.19999999999999996,True,18,deficit_governo,0.12834179693234524,0.12746276208947838,0.004731198816799455,0.1216181234068812,0.1368664359163095
choque_20pct_permanente,permanente,0.8,0.19999999999999996,True,18,inflacao,0.11973528761144583,0.12089447010489518,0.01431382793122521,0.09394879579276169,0.13927829875410164
choque_20pct_permanente,permanente,0.8,0.19999999999999996,True,18,pib_real,9968686.193441613,9977983.509053767,67583.65569820115,9852566.916647246,10066407.115913644
choque_20pct_permanente,permanente,0.8,0.19999999999999996,True,18,taxa_desemprego,0.0643889827352152,0.06395282641067243,0.0043108252713729475,0.05824424756383834,0.07257249425063862
choque_20pct_permanente,permanente,0.8,0.19999999999999996,True,19,deficit_externo,-0.014615632971271665,-0.013926547463741702,0.0036584552380001397,-0.020719726317296162,-0.009709567071298572
choque_20pct_permanente,permanente,0.8,0.19999999999999996,True,19,deficit_governo,0.14036407348830893,0.13994015011070893,0.0054154088104472675,0.1314280304263227,0.15032982202082443
choque_20pct_permanente,permanente,0.8,0.19999999999999996,True,19,inflacao,0.1579211153562646,0.15959710844242392,0.012920771638691696,0.13445085950156838,0.17645664107953626
choque_20pct_permanente,permanente,0.8,0.19999999999999996,True,19,pib_real,10119211.934477832,10130743.589398064,66842.23142980317,10012175.141726375,10225817.978298461
choque_20pct_permanente,permanente,0.8,0.19999999999999996,True,19,taxa_desemprego,0.06831843711004934,0.06781058162757445,0.004132496158807604,0.06290132166421404,0.07459032395317272
choque_20pct_permanente,permanente,0.8,0.19999999999999996,True,20,deficit_externo,-0.01313478805149054,-0.013427547560478514,0.0032008099805190733,-0.01889430747263546,-0.007521048999200965
choque_20pct_permanente,permanente,0.8,0.19999999999999996,True,20,deficit_governo,0.1542021151766834,0.15426448859530273,0.005934131523286194,0.1446406865799499,0.16266746949914784
choque_20pct_permanente,permanente,0.8,0.19999999999999996,True,20,inflacao,0.1871348714055014,0.18860736024166547,0.01087532831035215,0.16859659334812727,0.20155955880398652
choque_20pct_permanente,permanente,0.8,0.19999999999999996,True,20,pib_real,10202026.689644922,10206225.791002888,92438.77618682677,10058147.853830153,10344667.578300241
choque_20pct_permanente,permanente,0.8,0.19999999999999996,True,20,taxa_desemprego,0.0728899441158193,0.07215465177912476,0.005271427244837578,0.06438140576374986,0.08090229194140611
choque_20pct_permanente,permanente,0.8,0.19999999999999996,True,21,deficit_externo,-0.016486392299162184,-0.01657393244683498,0.004520046647934016,-0.024022905840272578,-0.00907244385639914
choque_20pct_permanente,permanente,0.8,0.19999999999999996,True,21,deficit_governo,0.16695306266326168,0.1673274616450891,0.0076979528581737145,0.15439643886815596,0.1794938019048348
choque_20pct_permanente,permanente,0.8,0.19999999999999996,True,21,inflacao,0.2045320741831149,0.20473492207570554,0.009807309058294052,0.18816988685136007,0.21838793191336162
choque_20pct_permanente,permanente,0.8,0.19999999999999996,True,21,pib_real,10188024.177136185,10182334.973238878,134552.78219098435,9979864.32709012,10407753.520820307
choque_20pct_permanente,permanente,0.8,0.19999999999999996,True,21,taxa_desemprego,0.07862785556795032,0.07794774854732131,0.007315138440184863,0.06725007135800701,0.0892942895834368
choque_20pct_permanente,permanente,0.8,0.19999999999999996,True,22,deficit_externo,-0.024015897149675353,-0.023819946781157446,0.006087553171520655,-0.03441815344428257,-0.01366165835214337
choque_20pct_permanente,permanente,0.8,0.19999999999999996,True,22,deficit_governo,0.18020401049497273,0.18065491342298617,0.008552458801474445,0.16518850810324706,0.19274350261326847
choque_20pct_permanente,permanente,0.8,0.19999999999999996,True,22,inflacao,0.209194423657366,0.2095359516433528,0.012047539989898092,0.19204598570779427,0.2304118402141982
choque_20pct_permanente,permanente,0.8,0.19999999999999996,True,22,pib_real,10095040.571346663,10099041.833332198,166018.8144523635,9828971.066105003,10374920.064361427
choque_20pct_permanente,permanente,0.8,0.19999999999999996,True,22,taxa_desemprego,0.08614079976180955,0.08675775006542497,0.008377211836462459,0.0715678534165912,0.09878397394291727
choque_20pct_permanente,permanente,0.8,0.19999999999999996,True,23,deficit_externo,-0.03455188851827582,-0.034699025448310036,0.007134637478464798,-0.04543609467391302,-0.023808960602100613
choque_20pct_permanente,permanente,0.8,0.19999999999999996,True,23,deficit_governo,0.19147861059385707,0.19264330967538518,0.00780386691698939,0.1775348683118888,0.20243879309200474
choque_20pct_permanente,permanente,0.8,0.19999999999999996,True,23,inflacao,0.20251601380231968,0.202484379085752,0.015665156196802723,0.1805469532406922,0.23063223217602166
choque_20pct_permanente,permanente,0.8,0.19999999999999996,True,23,pib_real,9993113.63006904,9993347.992075056,178613.87341399494,9703167.622396702,10303235.946981099
choque_20pct_permanente,permanente,0.8,0.19999999999999996,True,23,taxa_desemprego,0.09227097571469482,0.09310521688132002,0.0084389193079091,0.07643408919625917,0.10469039374394574
choque_20pct_permanente,permanente,0.8,0.19999999999999996,True,24,deficit_externo,-0.04604533235887483,-0.04653793709472667,0.0071107552597353485,-0.05621144992682802,-0.031820115945083424
choque_20pct_permanente,permanente,0.8,0.19999999999999996,True,24,deficit_governo,0.19718850291217582,0.19776600540369738,0.007579174101041586,0.18487180901725864,0.20795005658652388
choque_20pct_permanente,permanente,0.8,0.19999999999999996,True,24,inflacao,0.18872601227918012,0.18858779242506052,0.017994807310671157,0.1626874020012408,0.2168069515650653
choque_20pct_permanente,permanente,0.8,0.19999999999999996,True,24,pib_real,9930391.08278821,9904160.712665487,168341.2940721221,9708987.513669448,10257085.507878792
choque_20pct_permanente,permanente,0.8,0.19999999999999996,True,24,taxa_desemprego,0.0940891505102594,0.09568354729010484,0.008284580092202155,0.07870390178979358,0.10555338349490577
choque_20pct_permanente,permanente,0.8,0.19999999999999996,True,25,deficit_externo,-0.05487048014981543,-0.055594699190901785,0.006222431325156218,-0.06305717812239972,-0.04244047129465619
choque_20pct_permanente,permanente,0.8,0.19999999999999996,True,25,deficit_governo,0.1953845764157581,0.19552984652710403,0.008733573572524463,0.18085465470198825,0.2098352093826177
choque_20pct_permanente,permanente,0.8,0.19999999999999996,True,25,inflacao,0.17272269045112426,0.1718069606663396,0.018278039916856077,0.14550696262563995,0.2056425752052422
choque_20pct_permanente,permanente,0.8,0.19999999999999996,True,25,pib_real,9996252.782622105,9964048.541536987,155384.22126913024,9771956.174348518,10255122.402023537
choque_20pct_permanente,permanente,0.8,0.19999999999999996,True,25,taxa_desemprego,0.0885071769120147,0.08919335922295077,0.008862402054312456,0.0748119027741065,0.10298051690024254
choque_20pct_temporario,temporario,0.8,0.19999999999999996,False,0,deficit_externo,0.010583740505574736,0.010583740505574736,0.0,0.010583740505574736,0.010583740505574736
choque_20pct_temporario,temporario,0.8,0.19999999999999996,False,0,deficit_governo,0.12063832026847152,0.12063832026847152,0.0,0.12063832026847152,0.12063832026847152
choque_20pct_temporario,temporario,0.8,0.19999999999999996,False,0,inflacao,0.03,0.03,0.0,0.03,0.03
choque_20pct_temporario,temporario,0.8,0.19999999999999996,False,0,pib_real,7609597.0,7609597.0,0.0,7609597.0,7609597.0
choque_20pct_temporario,temporario,0.8,0.19999999999999996,False,0,taxa_desemprego,0.138,0.138,0.0,0.138,0.138
choque_20pct_temporario,temporario,0.8,0.19999999999999996,False,1,deficit_externo,0.007984462372586081,0.007984885903803248,3.926196770118726e-06,0.007984789509826234,0.007984885903803248
choque_20pct_temporario,temporario,0.8,0.19999999999999996,False,1,deficit_governo,0.11859323999532138,0.11859183719691781,1.301595028183166e-05,0.11859183719691781,0.11859204268442422
choque_20pct_temporario,temporario,0.8,0.19999999999999996,False,1,inflacao,0.030000000000000027,0.030000000000000027,2.2176955098475445e-17,0.030000000000000027,0.030000000000000027
choque_20pct_temporario,temporario,0.8,0.19999999999999996,False,1,pib_real,7652695.035586558,7652724.38733265,272.4260577675231,7652720.511295713,7652724.38733265
choque_20pct_temporario,temporario,0.8,0.19999999999999996,False,1,taxa_desemprego,0.1403920608512945,0.14039181650999813,2.241695576433764e-06,0.14039181650999813,0.14039188596331856
choque_20pct_temporario,temporario,0.8,0.19999999999999996,False,2,deficit_externo,0.003750554589595176,0.0037350567384015704,0.0016062757211644525,0.0012639399917380085,0.0064097518044404795
choque_20pct_temporario,temporario,0.8,0.19999999999999996,False,2,deficit_governo,0.12048060047939364,0.12049697829678668,6.805356220435828e-05,0.12035087318142733,0.12056834786677496
choque_20pct_temporario,temporario,0.8,0.19999999999999996,False,2,inflacao,0.0241790974363568,0.024178903792151374,6.352236575683177e-06,0.024168803029150497,0.024189329108142775
choque_20pct_temporario,temporario,0.8,0.19999999999999996,False,2,pib_real,7802944.495067831,7801636.532252673,7209.9131308595925,7793839.30654957,7814570.75365547
choque_20pct_temporario,temporario,0.8,0.19999999999999996,False,2,taxa_desemprego,0.13522962058815893,0.13522708141572493,2.1605326851770385e-05,0.13522708141572493,0.13522848442316332
choque_20pct_temporario,temporario,0.8,0.19999999999999996,False,3,deficit_externo,0.005747096504157826,0.005743644046670199,0.0015545355430605363,0.0035434152280053124,0.007982075671837357
choque_20pct_temporario,temporario,0.8,0.19999999999999996,False,3,deficit_governo,0.11184773284071642,0.11185072468678268,0.0008446542854071099,0.11054861292060025,0.11337891797923047
choque_20pct_temporario,temporario,0.8,0.19999999999999996,False,3,inflacao,0.026860137300484296,0.02686369906445485,3.627102333315835e-05,0.02681065147278915,0.02691262388561052
choque_20pct_temporario,temporario,0.8,0.19999999999999996,False,3,pib_real,8053418.840898419,8052453.326104144,22860.68877838277,8015425.902262519,8088025.718333901
choque_20pct_temporario,temporario,0.8,0.19999999999999996,False,3,taxa_desemprego,0.12475496402664281,0.12465420863232873,0.0008896642521635596,0.12326081915943915,0.12620645537562453
choque_20pct_temporario,temporario,0.8,0.19999999999999996,False,4,deficit_externo,0.00708078762998537,0.006938860115528333,0.0016459210316347754,0.004696605395465656,0.010087054088963179
choque_20pct_temporario,temporario,0.8,0.19999999999999996,False,4,deficit_governo,0.10432981919155379,0.10424876552638039,0.0015669958518124117,0.101873196088259,0.10681325879284824
choque_20pct_temporario,temporario,0.8,0.19999999999999996,False,4,inflacao,0.030262741853643558,0.030294405279839287,0.0003937899769649422,0.02966043531771566,0.03095903702938426
choque_20pct_temporario,temporario,0.8,0.19999999999999996,False,4,pib_real,8377935.379555072,8376895.75896104,37785.39992784701,8321375.753632962,8435326.425282277
choque_20pct_temporario,temporario,0.8,0.19999999999999996,False,4,taxa_desemprego,0.10902857243934669,0.10895973774110385,0.0021729610014057706,0.10541393387532699,0.11228768150238537
choque_20pct_temporario,temporario,0.8,0.19999999999999996,False,5,deficit_externo,0.010698182479248121,0.01055400259554947,0.0017799394808292383,0.008120852739703576,0.013857879620779454
choque_20pct_temporario,temporario,0.8,0.19999999999999996,False,5,deficit_governo,0.0976050660023477,0.097274435369618,0.002453188135032137,0.09411382855175354,0.10192115423540357
choque_20pct_temporario,temporario,0.8,0.19999999999999996,False,5,inflacao,0.04827071176372426,0.048334827147585635,0.0016016062039690589,0.04543699651393113,0.05052351210205056
choque_20pct_temporario,temporario,0.8,0.19999999999999996,False,5,pib_real,8605489.884805579,8604733.082251873,47434.04538589268,8522433.861275487,8687431.077926688
choque_20pct_temporario,temporario,0.8,0.19999999999999996,False,5,taxa_desemprego,0.09645372543467974,0.09619772733588093,0.0030916411210835043,0.09210268663702886,0.101970436980838
choque_20pct_temporario,temporario,0.8,0.19999999999999996,False,6,deficit_externo,0.011293365545637521,0.011202913218849956,0.002125678376992576,0.007917525522295217,0.014865023460865906
choque_20pct_temporario,temporario,0.8,0.19999999999999996,False,6,deficit_governo,0.09924960572366588,0.0994046640353495,0.002954154257755245,0.09457924722464908,0.10421180259169145
choque_20pct_temporario,temporario,0.8,0.19999999999999996,False,6,inflacao,0.06435377979150456,0.06458153269097866,0.002878119597236426,0.059506210230925685,0.06894309291797791
choque_20pct_temporario,temporario,0.8,0.19999999999999996,False,6,pib_real,8794907.082425721,8791338.23790123,52191.254095231554,8705803.334742136,8882085.63700417
choque_20pct_temporario,temporario,0.8,0.19999999999999996,False,6,taxa_desemprego,0.08938012196203235,0.08936822558464813,0.00375269862278044,0.0833184901809548,0.09580451076514221
choque_20pct_temporario,temporario,0.8,0.19999999999999996,False,7,deficit_externo,0.013193636502753452,0.01323006208999326,0.00244624545103391,0.009469756502063598,0.017025831754235794
choque_20pct_temporario,temporario,0.8,0.19999999999999996,False,7,deficit_governo,0.10573689180195331,0.10554160063519914,0.0037068730382644396,0.10019352793505364,0.11139691332745592
choque_20pct_temporario,temporario,0.8,0.19999999999999996,False,7,inflacao,0.08923652089461051,0.08922660628922174,0.004798847513410721,0.08021696035394699,0.09655649965754401
choque_20pct_temporario,temporario,0.8,0.19999999999999996,False,7,pib_real,8885935.553829936,8884051.292128107,62373.96685253135,8792080.032006232,8970331.803610008
choque_20pct_temporario,temporario,0.8,0.19999999999999996,False,7,taxa_desemprego,0.09404621929538125,0.09409233256482086,0.0043444418903225614,0.08748661223154237,0.1001541876245801
choque_20pct_temporario,temporario,0.8,0.19999999999999996,False,8,deficit_externo,0.0098942332689945,0.01027292416074748,0.0025346927185284467,0.00543835566361421,0.014164313102156652
choque_20pct_temporario,temporario,0.8,0.19999999999999996,False,8,deficit_governo,0.12409704377532504,0.12400958491142791,0.004610413868208882,0.11710346029900909,0.13159263761085122
choque_20pct_temporario,temporario,0.8,0.19999999999999996,False,8,inflacao,0.10393725431354973,0.10367083142939915,0.006041837239223888,0.0931520001043026,0.11469092089245844
choque_20pct_temporario,temporario,0.8,0.19999999999999996,False,8,pib_real,8864644.758172266,8863041.758970665,69089.85626811085,8751230.7803216,8982996.089141987
choque_20pct_temporario,temporario,0.8,0.19999999999999996,False,8,taxa_desemprego,0.10559968608639876,0.10581566997049915,0.005049257634725703,0.09716058270318788,0.11322660966916981
choque_20pct_temporario,temporario,0.8,0.19999999999999996,False,9,deficit_externo,0.004759148778544346,0.004622351023066769,0.002822529746410713,-1.1145697983331332e-05,0.009593949428756781
choque_20pct_temporario,temporario,0.8,0.19999999999999996,False,9,deficit_governo,0.1414967844142011,0.14150040400289815,0.005137101969060397,0.1339994152608179,0.1501068079264196
choque_20pct_temporario,temporario,0.8,0.19999999999999996,False,9,inflacao,0.11102670222686167,0.11139096177707197,0.006713509179157553,0.10077461724037476,0.12146648366101256
choque_20pct_temporario,temporario,0.8,0.19999999999999996,False,9,pib_real,8774092.108106352,8772352.054673607,78221.07895902626,8637993.359727673,8890779.750017324
choque_20pct_temporario,temporario,0.8,0.19999999999999996,False,9,taxa_desemprego,0.11817108043790096,0.11796301006836901,0.005643627039145032,0.10944416510348685,0.12771587642854668
choque_20pct_temporario,temporario,0.8,0.19999999999999996,False,10,deficit_externo,-0.0053772340033013755,-0.0052886521952094645,0.002937361280417399,-0.010258846695044989,-0.0007787751239224196
choque_20pct_temporario,temporario,0.8,0.19999999999999996,False,10,deficit_governo,0.15848442801431095,0.15809735532531016,0.0056287395790562125,0.14994626703282718,0.1678458262903373
choque_20pct_temporario,temporario,0.8,0.19999999999999996,False,10,inflacao,0.10383042932608742,0.1034337751717046,0.006800043611472084,0.09243839516164584,0.11489212100901341
choque_20pct_temporario,temporario,0.8,0.19999999999999996,False,10,pib_real,8654152.645383568,8666759.867190633,82303.29640759817,8517149.92524934,8772183.12324786
choque_20pct_temporario,temporario,0.8,0.19999999999999996,False,10,taxa_desemprego,0.129819025834267,0.1293113882727448,0.005988168555061718,0.12164284552090153,0.13966636765438878
choque_20pct_temporario,temporario,0.8,0.19999999999999996,False,11,deficit_externo,-0.015636088063986812,-0.016024361339732604,0.0031929271113346454,-0.020734031805774402,-0.010461171737781725
choque_20pct_temporario,temporario,0.8,0.19999999999999996,False,11,deficit_governo,0.1689913299520197,0.1696382091430832,0.006320133061334638,0.1570841359743142,0.1778098572330021
choque_20pct_temporario,temporario,0.8,0.19999999999999996,False,11,inflacao,0.08980444855920135,0.08984883630624907,0.006601263734732634,0.07872261142927237,0.09980748444253917
choque_20pct_temporario,temporario,0.8,0.19999999999999996,False,11,pib_real,8576369.567470396,8573606.73196264,97607.86840943231,8415677.693413252,8742711.897073768
choque_20pct_temporario,temporario,0.8,0.19999999999999996,False,11,taxa_desemprego,0.13677638176132614,0.13729246171607695,0.006847656165458349,0.12506348155511912,0.14695080285074624
choque_20pct_temporario,temporario,0.8,0.19999999999999996,False,12,deficit_externo,-0.025788340284193766,-0.02595142010052681,0.0035012821947907158,-0.031584294453894365,-0.020495098497330024
choque_20pct_temporario,temporario,0.8,0.19999999999999996,False,12,deficit_governo,0.1722497811272506,0.17259193237990741,0.007168898273980052,0.15869078661663527,0.18211090685942666
choque_20pct_temporario,temporario,0.8,0.19999999999999996,False,12,inflacao,0.07026141757807162,0.07070653503584157,0.006816285298485679,0.058997146277024806,0.08043509061954522
choque_20pct_temporario,temporario,0.8,0.19999999999999996,False,12,pib_real,8613781.792336715,8604321.764719767,113897.83805722416,8436901.915190827,8819681.897875132
choque_20pct_temporario,temporario,0.8,0.19999999999999996,False,12,taxa_desemprego,0.13591188851019484,0.13594387559243062,0.007789186058567975,0.12163805731471854,0.1477580141139348
choque_20pct_temporario,temporario,0.8,0.19999999999999996,False,13,deficit_externo,-0.030497768572567804,-0.03053411487672271,0.004217764643581598,-0.03775641179035846,-0.02313697211898632
choque_20pct_temporario,temporario,0.8,0.19999999999999996,False,13,deficit_governo,0.16441066976403218,0.1643825988539809,0.00773879199071639,0.14905625990614788,0.1767961146489116
choque_20pct_temporario,temporario,0.8,0.19999999999999996,False,13,inflacao,0.053226869202898916,0.053593357494654215,0.007700920047519581,0.04106863342732414,0.06630306160797572
choque_20pct_temporario,temporario,0.8,0.19999999999999996,False,13,pib_real,8837495.154552283,8842234.252421536,134088.53327043992,8628041.741955036,9093736.856727088
choque_20pct_temporario,temporario,0.8,0.19999999999999996,False,13,taxa_desemprego,0.12483365108422793,0.12509693669162894,0.00859822061771818,0.10729070015765868,0.1390612100974577
choque_20pct_temporario,temporario,0.8,0.19999999999999996,False,14,deficit_externo,-0.029372383939425126,-0.028991038041461747,0.0045928878508284246,-0.03644227753485111,-0.022335983582286868
choque_20pct_temporario,temporario,0.8,0.19999999999999996,False,14,deficit_governo,0.1485464807482813,0.14923643762022257,0.007698121901280476,0.13507561648375477,0.1603240369529958
choque_20pct_temporario,temporario,0.8,0.19999999999999996,False,14,inflacao,0.042504048995303606,0.04207077856467056,0.009042889006161762,0.028871584508215788,0.05758015312403777
choque_20pct_temporario,temporario,0.8,0.19999999999999996,False,14,pib_real,9288312.566614611,9269702.93745793,149453.31158799535,9057187.112734359,9553748.52711554
choque_20pct_temporario,temporario,0.8,0.19999999999999996,False,14,taxa_desemprego,0.10367733731287684,0.10391055164074886,0.008916823608999062,0.0881976082998548,0.1175427367927678
choque_20pct_temporario,temporario,0.8,0.19999999999999996,False,15,deficit_externo,-0.02236124322031783,-0.02210679024177859,0.004658269875246465,-0.02914451031319334,-0.013816955082504023
choque_20pct_temporario,temporario,0.8,0.19999999999999996,False,15,deficit_governo,0.12988458697820515,0.13022737148117436,0.0059759015053797646,0.12092713921881336,0.14001890405927808
choque_20pct_temporario,temporario,0.8,0.19999999999999996,False,15,inflacao,0.045985125368695805,0.04624754264808084,0.01171664210597084,0.027948372482148744,0.0665424227763399
choque_20pct_temporario,temporario,0.8,0.19999999999999996,False,15,pib_real,9832194.287289154,9839847.032294605,105211.25391229357,9660937.09471103,9988296.242673758
choque_20pct_temporario,temporario,0.8,0.19999999999999996,False,15,taxa_desemprego,0.07803795206993445,0.0781824226850042,0.006820364147664478,0.06743768501173493,0.08961472047737135
choque_20pct_temporario,temporario,0.8,0.19999999999999996,False,16,deficit_externo,-0.013856494938185812,-0.013774853288063766,0.004582080543600818,-0.020260687840297484,-0.006430520692288558
choque_20pct_temporario,temporario,0.8,0.19999999999999996,False,16,deficit_governo,0.11590606471441697,0.11572955178599105,0.004039806943559963,0.1100182500489514,0.12289690545649136
choque_20pct_temporario,temporario,0.8,0.19999999999999996,False,16,inflacao,0.06975237805289287,0.06984925064843372,0.015381674337872766,0.045683377105632125,0.09462572827110917
choque_20pct_temporario,temporario,0.8,0.19999999999999996,False,16,pib_real,10274645.256301634,10275390.923787827,77935.83297250653,10142030.069589015,10399678.168113045
choque_20pct_temporario,temporario,0.8,0.19999999999999996,False,16,taxa_desemprego,0.059382718346267765,0.05889428730429737,0.0039093502999865935,0.05384190466041785,0.066915787680706
choque_20pct_temporario,temporario,0.8,0.19999999999999996,False,17,deficit_externo,-0.0025194209641270504,-0.0022051644833957426,0.004710545489489063,-0.0104120778835835,0.004420426852628258
choque_20pct_temporario,temporario,0.8,0.19999999999999996,False,17,deficit_governo,0.11112911787181538,0.11065900800985183,0.004176617926862058,0.10579285382930537,0.11907864124659867
choque_20pct_temporario,temporario,0.8,0.19999999999999996,False,17,inflacao,0.11524354372950786,0.1161967972976512,0.017866035284557984,0.08606631737339375,0.14002662940240887
choque_20pct_temporario,temporario,0.8,0.19999999999999996,False,17,pib_real,10630669.536311328,10638901.87799687,63895.96989303104,10516643.36802929,10717619.233669957
choque_20pct_temporario,temporario,0.8,0.19999999999999996,False,17,taxa_desemprego,0.053479975333144913,0.05283715561762737,0.0037474557303260737,0.04825978594220745,0.0605669915769028
choque_20pct_temporario,temporario,0.8,0.19999999999999996,False,18,deficit_externo,0.008623895340540288,0.008972576023580281,0.0040126292808630335,0.0008038371153548856,0.014977976192187265
choque_20pct_temporario,temporario,0.8,0.19999999999999996,False,18,deficit_governo,0.12173177631643131,0.12090763125796308,0.007244797014148757,0.11250469299871928,0.13391663253987604
choque_20pct_temporario,temporario,0.8,0.19999999999999996,False,18,inflacao,0.16914166905186628,0.17113560006325834,0.015678313447543436,0.14207001783451004,0.19290359792970677
choque_20pct_temporario,temporario,0.8,0.19999999999999996,False,18,pib_real,10887070.47292986,10895179.643639974,80576.08952847825,10747314.12740835,10998074.398490328
choque_20pct_temporario,temporario,0.8,0.19999999999999996,False,18,taxa_desemprego,0.0588638955264619,0.058260923654425194,0.0051315391889807495,0.051180720071615685,0.06779967531795117
choque_20pct_temporario,temporario,0.8,0.19999999999999996,False,19,deficit_externo,0.013031489581188865,0.013453850783016768,0.003846214658812724,0.007464836734252027,0.018554615845764576
choque_20pct_temporario,temporario,0.8,0.19999999999999996,False,19,deficit_governo,0.1435697919186877,0.14356052048453194,0.007640018781494286,0.13242438003571994,0.1554896225477603
choque_20pct_temporario,temporario,0.8,0.19999999999999996,False,19,inflacao,0.21021211410728965,0.2129599545454517,0.011726328869908563,0.1914246901362844,0.2275898766812267
choque_20pct_temporario,temporario,0.8,0.19999999999999996,False,19,pib_real,11018657.984184971,11024093.324259913,96520.69183378374,10846438.008953279,11148304.32175774
choque_20pct_temporario,temporario,0.8,0.19999999999999996,False,19,taxa_desemprego,0.06909815068257355,0.06890666668836773,0.00530189371143446,0.06124935605598113,0.07788869195136665
choque_20pct_temporario,temporario,0.8,0.19999999999999996,False,20,deficit_externo,0.009363803005108319,0.010123587786069511,0.004506500906807662,0.0015355814979713543,0.01540065267418544
choque_20pct_temporario,temporario,0.8,0.19999999999999996,False,20,deficit_governo,0.1637803065252191,0.1643357698514139,0.008069351362090995,0.14978884824904817,0.1755981857070007
choque_20pct_temporario,temporario,0.8,0.19999999999999996,False,20,inflacao,0.2284397229096543,0.22876006616337097,0.009667527963861196,0.21537791374959694,0.24308745221083805
choque_20pct_temporario,temporario,0.8,0.19999999999999996,False,20,pib_real,10995321.974797092,11002517.896054713,150349.77276829234,10728333.91014419,11212467.617472988
choque_20pct_temporario,temporario,0.8,0.19999999999999996,False,20,taxa_desemprego,0.0783918996152448,0.07898567734658377,0.006836769783823952,0.06764927396040986,0.08861177941525974
choque_20pct_temporario,temporario,0.8,0.19999999999999996,False,21,deficit_externo,-0.001973030267553991,-0.0017922720076213351,0.006602695593785244,-0.013063780248803064,0.008258220714193243
choque_20pct_temporario,temporario,0.8,0.19999999999999996,False,21,deficit_governo,0.18084075882514572,0.18248367039827051,0.00919738590620094,0.16465795808420708,0.1943726881284953
choque_20pct_temporario,temporario,0.8,0.19999999999999996,False,21,inflacao,0.22579924940178916,0.22578494226857238,0.012133806739002615,0.20322427843399812,0.24353101359619414
choque_20pct_temporario,temporario,0.8,0.19999999999999996,False,21,pib_real,10809498.761487722,10800488.90864519,194532.98636374142,10514798.195354493,11163169.34434545
choque_20pct_temporario,temporario,0.8,0.19999999999999996,False,21,taxa_desemprego,0.08889202466146946,0.09000145543703625,0.00868565697316438,0.07395896499570329,0.10215973142267482
choque_20pct_temporario,temporario,0.8,0.19999999999999996,False,22,deficit_externo,-0.018224652463850535,-0.01845549944121418,0.007905451815268564,-0.030123872490541152,-0.0049321617119199
choque_20pct_temporario,temporario,0.8,0.19999999999999996,False,22,deficit_governo,0.1979541977504793,0.19871519162643753,0.008717038167946401,0.18254194838502585,0.21035696192660802
choque_20pct_temporario,temporario,0.8,0.19999999999999996,False,22,inflacao,0.2056090501224558,0.20492594447074863,0.016438828030527416,0.17832150934255483,0.2332292253079843
choque_20pct_temporario,temporario,0.8,0.19999999999999996,False,22,pib_real,10576314.021424737,10565630.786025379,201301.05798753636,10310593.366644002,10942339.642493138
choque_20pct_temporario,temporario,0.8,0.19999999999999996,False,22,taxa_desemprego,0.10010636000197122,0.10119222213465609,0.008646552310976207,0.08456075818951307,0.11299975821583574
choque_20pct_temporario,temporario,0.8,0.19999999999999996,False,23,deficit_externo,-0.03497173632720193,-0.03584644077284156,0.0078687008921864,-0.04640507007683861,-0.021629494111426808
choque_20pct_temporario,temporario,0.8,0.19999999999999996,False,23,deficit_governo,0.20772222667388276,0.20784384668815176,0.007145063480296094,0.1959755203378024,0.2194836619357433
choque_20pct_temporario,temporario,0.8,0.19999999999999996,False,23,inflacao,0.1750769130986725,0.174313939690797,0.019111147118426795,0.14726475934237387,0.20925323012476693
choque_20pct_temporario,temporario,0.8,0.19999999999999996,False,23,pib_real,10448026.865829887,10442830.580175404,169165.80564962656,10189117.014222048,10767452.063079214
choque_20pct_temporario,temporario,0.8,0.19999999999999996,False,23,taxa_desemprego,0.10424729981249743,0.10450349227810796,0.0075652005137333235,0.09214221726530042,0.11611773363800923
choque_20pct_temporario,temporario,0.8,0.19999999999999996,False,24,deficit_externo,-0.047496052473970124,-0.04841578692901258,0.006424957473107631,-0.05739724818602378,-0.03559074582677887
choque_20pct_temporario,temporario,0.8,0.19999999999999996,False,24,deficit_governo,0.20433648749832695,0.20567977312582342,0.008813068092698636,0.1892520130666635,0.21908153395579025
choque_20pct_temporario,temporario,0.8,0.19999999999999996,False,24,inflacao,0.14308210903682606,0.14161178181454936,0.01889384684907833,0.11739674399336165,0.17660580759969857
choque_20pct_temporario,temporario,0.8,0.19999999999999996,False,24,pib_real,10532639.50860963,10522192.446706302,149300.93825435042,10317936.604634289,10788583.211663468
choque_20pct_temporario,temporario,0.8,0.19999999999999996,False,24,taxa_desemprego,0.09658965942026658,0.09767683676248473,0.008728567231661034,0.08096011145186463,0.1091617543239579
choque_20pct_temporario,temporario,0.8,0.19999999999999996,False,25,deficit_externo,-0.04987059699979384,-0.049773818821304064,0.005997203947103653,-0.05838103383895189,-0.04012316142060879
choque_20pct_temporario,temporario,0.8,0.19999999999999996,False,25,deficit_governo,0.187298178941733,0.18742609616043454,0.012286521604603988,0.1673597558157219,0.20677475953923777
choque_20pct_temporario,temporario,0.8,0.19999999999999996,False,25,inflacao,0.1200976342245248,0.11817143536932295,0.016489035247602254,0.0949600264661143,0.14899816360917764
choque_20pct_temporario,temporario,0.8,0.19999999999999996,False,25,pib_real,10971401.02463057,10951869.63648501,230757.5487385203,10629431.300520243,11381428.366639258
choque_20pct_temporario,temporario,0.8,0.19999999999999996,False,25,taxa_desemprego,0.07555278399803882,0.07554524014437204,0.011986419329134981,0.055669389293490766,0.09377466606586071
