cenario,tipo_choque,multiplicador_produtividade,perda_produtividade,choque_permanente,periodo,variavel,unidade,media,mediana,desvio_padrao,p5,p95
choque_05pct_permanente,permanente,0.95,0.050000000000000044,True,0,deficit_externo,p.p. do PIB em relação ao benchmark,0.0,0.0,0.0,0.0,0.0
choque_05pct_permanente,permanente,0.95,0.050000000000000044,True,0,deficit_governo,p.p. do PIB em relação ao benchmark,0.0,0.0,0.0,0.0,0.0
choque_05pct_permanente,permanente,0.95,0.050000000000000044,True,0,inflacao,p.p. em relação ao benchmark,0.0,0.0,0.0,0.0,0.0
choque_05pct_permanente,permanente,0.95,0.050000000000000044,True,0,pib_real,% em relação ao benchmark,0.0,0.0,0.0,0.0,0.0
choque_05pct_permanente,permanente,0.95,0.050000000000000044,True,0,taxa_desemprego,p.p. em relação ao benchmark,0.0,0.0,0.0,0.0,0.0
choque_05pct_permanente,permanente,0.95,0.050000000000000044,True,1,deficit_externo,p.p. do PIB em relação ao benchmark,0.0,0.0,0.0,0.0,0.0
choque_05pct_permanente,permanente,0.95,0.050000000000000044,True,1,deficit_governo,p.p. do PIB em relação ao benchmark,0.0,0.0,0.0,0.0,0.0
choque_05pct_permanente,permanente,0.95,0.050000000000000044,True,1,inflacao,p.p. em relação ao benchmark,0.0,0.0,0.0,0.0,0.0
choque_05pct_permanente,permanente,0.95,0.050000000000000044,True,1,pib_real,% em relação ao benchmark,0.0,0.0,0.0,0.0,0.0
choque_05pct_permanente,permanente,0.95,0.050000000000000044,True,1,taxa_desemprego,p.p. em relação ao benchmark,0.0,0.0,0.0,0.0,0.0
choque_05pct_permanente,permanente,0.95,0.050000000000000044,True,2,deficit_externo,p.p. do PIB em relação ao benchmark,0.0,0.0,0.0,0.0,0.0
choque_05pct_permanente,permanente,0.95,0.050000000000000044,True,2,deficit_governo,p.p. do PIB em relação ao benchmark,0.0,0.0,0.0,0.0,0.0
choque_05pct_permanente,permanente,0.95,0.050000000000000044,True,2,inflacao,p.p. em relação ao benchmark,0.0,0.0,0.0,0.0,0.0
choque_05pct_permanente,permanente,0.95,0.050000000000000044,True,2,pib_real,% em relação ao benchmark,0.0,0.0,0.0,0.0,0.0
choque_05pct_permanente,permanente,0.95,0.050000000000000044,True,2,taxa_desemprego,p.p. em relação ao benchmark,0.0,0.0,0.0,0.0,0.0
choque_05pct_permanente,permanente,0.95,0.050000000000000044,True,3,deficit_externo,p.p. do PIB em relação ao benchmark,0.0,0.0,0.0,0.0,0.0
choque_05pct_permanente,permanente,0.95,0.050000000000000044,True,3,deficit_governo,p.p. do PIB em relação ao benchmark,0.0,0.0,0.0,0.0,0.0
choque_05pct_permanente,permanente,0.95,0.050000000000000044,True,3,inflacao,p.p. em relação ao benchmark,0.0,0.0,0.0,0.0,0.0
choque_05pct_permanente,permanente,0.95,0.050000000000000044,True,3,pib_real,% em relação ao benchmark,0.0,0.0,0.0,0.0,0.0
choque_05pct_permanente,permanente,0.95,0.050000000000000044,True,3,taxa_desemprego,p.p. em relação ao benchmark,0.0,0.0,0.0,0.0,0.0
choque_05pct_permanente,permanente,0.95,0.050000000000000044,True,4,deficit_externo,p.p. do PIB em relação ao benchmark,0.0,0.0,0.0,0.0,0.0
choque_05pct_permanente,permanente,0.95,0.050000000000000044,True,4,deficit_governo,p.p. do PIB em relação ao benchmark,0.0,0.0,0.0,0.0,0.0
choque_05pct_permanente,permanente,0.95,0.050000000000000044,True,4,inflacao,p.p. em relação ao benchmark,0.0,0.0,0.0,0.0,0.0
choque_05pct_permanente,permanente,0.95,0.050000000000000044,True,4,pib_real,% em relação ao benchmark,0.0,0.0,0.0,0.0,0.0
choque_05pct_permanente,permanente,0.95,0.050000000000000044,True,4,taxa_desemprego,p.p. em relação ao benchmark,0.0,0.0,0.0,0.0,0.0
choque_05pct_permanente,permanente,0.95,0.050000000000000044,True,5,deficit_externo,p.p. do PIB em relação ao benchmark,0.0008445953965391368,0.0004109585417640116,0.003979651828355176,-0.0040450765681607475,0.008268836065792914
choque_05pct_permanente,permanente,0.95,0.050000000000000044,True,5,deficit_governo,p.p. do PIB em relação ao benchmark,0.00741796603886534,0.009734210440542207,0.022570553628989357,-0.03450382617015586,0.03609681081482838
choque_05pct_permanente,permanente,0.95,0.050000000000000044,True,5,inflacao,p.p. em relação ao benchmark,0.13556811593843965,0.12801338109972304,0.048981512154345694,0.08070411950161671,0.22782873432100167
choque_05pct_permanente,permanente,0.95,0.050000000000000044,True,5,pib_real,% em relação ao benchmark,-0.15194993485135477,-0.1426046282362481,0.06122434852623113,-0.26768069431299,-0.08312745909915209
choque_05pct_permanente,permanente,0.95,0.050000000000000044,True,5,taxa_desemprego,p.p. em relação ao benchmark,0.005596885771572315,0.00559130710885633,0.0008039232806382822,0.004184734492946665,0.006732733745411432
choque_05pct_permanente,permanente,0.95,0.050000000000000044,True,6,deficit_externo,p.p. do PIB em relação ao benchmark,-0.005230218473742408,-0.00610946567253948,0.005763517241895196,-0.012101061684495571,0.005814150862617338
choque_05pct_permanente,permanente,0.95,0.050000000000000044,True,6,deficit_governo,p.p. do PIB em relação ao benchmark,0.06430554543838589,0.06834990673278071,0.017139184287143595,0.035104359520870335,0.08574191675556522
choque_05pct_permanente,permanente,0.95,0.050000000000000044,True,6,inflacao,p.p. em relação ao benchmark,0.15751770219807226,0.15057848394286477,0.022484641105007974,0.1380669191292594,0.20408001746586518
choque_05pct_permanente,permanente,0.95,0.050000000000000044,True,6,pib_real,% em relação ao benchmark,-0.23448804857774175,-0.2229198837038704,0.03303565248282499,-0.30025566342281207,-0.20259319710899448
choque_05pct_permanente,permanente,0.95,0.050000000000000044,True,6,taxa_desemprego,p.p. em relação ao benchmark,0.019868823310708147,0.020285145343897082,0.00976354705254793,0.002186644384233952,0.03320941145380736
choque_05pct_permanente,permanente,0.95,0.050000000000000044,True,7,deficit_externo,p.p. do PIB em relação ao benchmark,-0.009333610238642695,-0.010669747597131293,0.011436738233918763,-0.02401368884197879,0.01105095743095536
choque_05pct_permanente,permanente,0.95,0.050000000000000044,True,7,deficit_governo,p.p. do PIB em relação ao benchmark,0.1087928558432281,0.11132280623046276,0.025019165911209576,0.06419638005935806,0.14042317684248642
choque_05pct_permanente,permanente,0.95,0.050000000000000044,True,7,inflacao,p.p. em relação ao benchmark,0.24754479100637616,0.24417474114942772,0.018679499300904213,0.22303872328572671,0.27894919132989693
choque_05pct_permanente,permanente,0.95,0.050000000000000044,True,7,pib_real,% em relação ao benchmark,-0.37586983279318614,-0.3730650373892086,0.016516789418445765,-0.4066799208893246,-0.35240665297786633
choque_05pct_permanente,permanente,0.95,0.050000000000000044,True,7,taxa_desemprego,p.p. em relação ao benchmark,0.044252679404194584,0.04666042773470991,0.019693602084521446,0.007884870432619956,0.06821611761568425
choque_05pct_permanente,permanente,0.95,0.050000000000000044,True,8,deficit_externo,p.p. do PIB em relação ao benchmark,-0.05611291545227313,-0.05711072574630916,0.0062586020862797865,-0.06378542174449897,-0.04325863594423578
choque_05pct_permanente,permanente,0.95,0.050000000000000044,True,8,deficit_governo,p.p. do PIB em relação ao benchmark,0.19744831829664733,0.201985795974495,0.019744973599691705,0.1595986907768888,0.22427608634071622
choque_05pct_permanente,permanente,0.95,0.050000000000000044,True,8,inflacao,p.p. em relação ao benchmark,0.2640169203013709,0.26264743581055905,0.01144602473236464,0.24785437304857716,0.2842604502200641
choque_05pct_permanente,permanente,0.95,0.050000000000000044,True,8,pib_real,% em relação ao benchmark,-0.5757308125790512,-0.5758989305269302,0.03515559055787676,-0.63018902746388,-0.5116866949730592
choque_05pct_permanente,permanente,0.95,0.050000000000000044,True,8,taxa_desemprego,p.p. em relação ao benchmark,0.07946274782341708,0.08300529570830287,0.023298472306499136,0.03799136478746676,0.10687364319420078
choque_05pct_permanente,permanente,0.95,0.050000000000000044,True,9,deficit_externo,p.p. do PIB em relação ao benchmark,-0.0853147013083137,-0.0865841073202772,0.009670493042648142,-0.09894806421960038,-0.07026840001949987
choque_05pct_permanente,permanente,0.95,0.050000000000000044,True,9,deficit_governo,p.p. do PIB em relação ao benchmark,0.2515844236298881,0.254060887787802,0.020523820366919496,0.21802831311266022,0.2823521784960113
choque_05pct_permanente,permanente,0.95,0.050000000000000044,True,9,inflacao,p.p. em relação ao benchmark,0.30242599514860435,0.3022121816362189,0.017648234764495282,0.27541019584017223,0.331221454325209
choque_05pct_permanente,permanente,0.95,0.050000000000000044,True,9,pib_real,% em relação ao benchmark,-0.812645717286142,-0.8170980063653632,0.04542418683036337,-0.8845022169195144,-0.7346720435888932
choque_05pct_permanente,permanente,0.95,0.050000000000000044,True,9,taxa_desemprego,p.p. em relação ao benchmark,0.11500018914370463,0.11635323778878062,0.019520057183369164,0.07991338014174058,0.14190594693512637
choque_05pct_permanente,permanente,0.95,0.050000000000000044,True,10,deficit_externo,p.p. do PIB em relação ao benchmark,-0.140049149258611,-0.13932861441144595,0.009320391337101249,-0.15525551027521783,-0.12594555367766955
choque_05pct_permanente,permanente,0.95,0.050000000000000044,True,10,deficit_governo,p.p. do PIB em relação ao benchmark,0.32448295356386,0.32370618319218086,0.020234229003027376,0.29237912697995044,0.35507499349144184
choque_05pct_permanente,permanente,0.95,0.050000000000000044,True,10,inflacao,p.p. em relação ao benchmark,0.2913630036036059,0.29041654948975815,0.015780178553477832,0.2673072446716185,0.3157687575433643
choque_05pct_permanente,permanente,0.95,0.050000000000000044,True,10,pib_real,% em relação ao benchmark,-1.063817013359713,-1.0605205433464493,0.04597515961842078,-1.1399065325504565,-0.9920735431779115
choque_05pct_permanente,permanente,0.95,0.050000000000000044,True,10,taxa_desemprego,p.p. em relação ao benchmark,0.16006761281015003,0.1607417501933328,0.013051686864498577,0.14151426364414174,0.180414107577673
choque_05pct_permanente,permanente,0.95,0.050000000000000044,True,11,deficit_externo,p.p. do PIB em relação ao benchmark,-0.1816034393605492,-0.1799192245806651,0.010294625475576349,-0.19960215603959114,-0.16740127225963328
choque_05pct_permanente,permanente,0.95,0.050000000000000044,True,11,deficit_governo,p.p. do PIB em relação ao benchmark,0.365746959557222,0.366569297679363,0.020586300844773094,0.3332502342669884,0.39631285536273136
choque_05pct_permanente,permanente,0.95,0.050000000000000044,True,11,inflacao,p.p. em relação ao benchmark,0.28289771006565867,0.2831856603309979,0.02050371111037363,0.25393980536770666,0.3158249299860161
choque_05pct_permanente,permanente,0.95,0.050000000000000044,True,11,pib_real,% em relação ao benchmark,-1.289899951652415,-1.2863822276172665,0.04398288729237255,-1.3688468562484368,-1.2124170499861153
choque_05pct_permanente,permanente,0.95,0.050000000000000044,True,11,taxa_desemprego,p.p. em relação ao benchmark,0.18872522550536097,0.18865316221128442,0.016935174176458116,0.16491840195065388,0.2171936267594643
choque_05pct_permanente,permanente,0.95,0.050000000000000044,True,12,deficit_externo,p.p. do PIB em relação ao benchmark,-0.22960356881625776,-0.228470316203205,0.012167483007873719,-0.2528055181766039,-0.21231845344174585
choque_05pct_permanente,permanente,0.95,0.050000000000000044,True,12,deficit_governo,p.p. do PIB em relação ao benchmark,0.39273422966739313,0.38600727616397573,0.025968589852837603,0.35865081690292067,0.4411847415027957
choque_05pct_permanente,permanente,0.95,0.050000000000000044,True,12,inflacao,p.p. em relação ao benchmark,0.24833034513969654,0.2506614545913277,0.025723673089860538,0.20820113476386792,0.29092230001215635
choque_05pct_permanente,permanente,0.95,0.050000000000000044,True,12,pib_real,% em relação ao benchmark,-1.4790073335215796,-1.4798005491402533,0.04336088477693571,-1.5505359947850728,-1.4087389552203684
choque_05pct_permanente,permanente,0.95,0.050000000000000044,True,12,taxa_desemprego,p.p. em relação ao benchmark,0.19913473214288388,0.19488273888387114,0.02466978967629537,0.1683404469931403,0.24750835227084628
choque_05pct_permanente,permanente,0.95,0.050000000000000044,True,13,deficit_externo,p.p. do PIB em relação ao benchmark,-0.2635635304533062,-0.2628726325119086,0.014830537211929456,-0.2895140521758008,-0.23935576273857578
choque_05pct_permanente,permanente,0.95,0.050000000000000044,True,13,deficit_governo,p.p. do PIB em relação ao benchmark,0.38864524850412174,0.384512185402526,0.030623662684498565,0.346050024104306,0.4503530817641109
choque_05pct_permanente,permanente,0.95,0.050000000000000044,True,13,inflacao,p.p. em relação ao benchmark,0.2140577459108424,0.213976273918981,0.034146990415914805,0.1576170050988257,0.2596791052274805
choque_05pct_permanente,permanente,0.95,0.050000000000000044,True,13,pib_real,% em relação ao benchmark,-1.6223383591727363,-1.619952843700856,0.04546945810147309,-1.7066329613170228,-1.5504077583225617
choque_05pct_permanente,permanente,0.95,0.050000000000000044,True,13,taxa_desemprego,p.p. em relação ao benchmark,0.18870435505911015,0.18396243609449942,0.03215876595434907,0.1483655352626339,0.2487300162127509
choque_05pct_permanente,permanente,0.95,0.050000000000000044,True,14,deficit_externo,p.p. do PIB em relação ao benchmark,-0.2961866920597217,-0.2953861236727228,0.01680628002393677,-0.32689130730734794,-0.2727577581341832
choque_05pct_permanente,permanente,0.95,0.050000000000000044,True,14,deficit_governo,p.p. do PIB em relação ao benchmark,0.3736450586843811,0.3726660808331783,0.03127238906838679,0.3205106763848752,0.430462389712275
choque_05pct_permanente,permanente,0.95,0.050000000000000044,True,14,inflacao,p.p. em relação ao benchmark,0.15501927854760278,0.1565744756396259,0.04427359369604758,0.09040927360796536,0.22976383296479885
choque_05pct_permanente,permanente,0.95,0.050000000000000044,True,14,pib_real,% em relação ao benchmark,-1.7049505994264589,-1.7054761526130002,0.04386818588076393,-1.7767930158307654,-1.6406480161622894
choque_05pct_permanente,permanente,0.95,0.050000000000000044,True,14,taxa_desemprego,p.p. em relação ao benchmark,0.15735024452803648,0.15849520117212426,0.035642132871203006,0.09950651713370715,0.22239469306454365
choque_05pct_permanente,permanente,0.95,0.050000000000000044,True,15,deficit_externo,p.p. do PIB em relação ao benchmark,-0.33623536058705783,-0.3327102156597008,0.021239362298783166,-0.37625698828522725,-0.30982419062786354
choque_05pct_permanente,permanente,0.95,0.050000000000000044,True,15,deficit_governo,p.p. do PIB em relação ao benchmark,0.3671146635478681,0.37013188053748175,0.02962465910531236,0.317525333178048,0.40829308910137535
choque_05pct_permanente,permanente,0.95,0.050000000000000044,True,15,inflacao,p.p. em relação ao benchmark,0.0802367889321378,0.09316779589350066,0.06212952762282854,-0.026610658847433518,0.16322331342969232
choque_05pct_permanente,permanente,0.95,0.050000000000000044,True,15,pib_real,% em relação ao benchmark,-1.808311909172336,-1.8065330244224076,0.05248723003713205,-1.8951291778298334,-1.7292440190480085
choque_05pct_permanente,permanente,0.95,0.050000000000000044,True,15,taxa_desemprego,p.p. em relação ao benchmark,0.11754472335946206,0.12347303247470173,0.03550023211877771,0.06023350892680725,0.1697312023680198
choque_05pct_permanente,permanente,0.95,0.050000000000000044,True,16,deficit_externo,p.p. do PIB em relação ao benchmark,-0.41724323131536617,-0.41527543252115157,0.030100029674642394,-0.46608920068663906,-0.3684667267538079
choque_05pct_permanente,permanente,0.95,0.050000000000000044,True,16,deficit_governo,p.p. do PIB em relação ao benchmark,0.39696763323213907,0.4030143997634884,0.0369240346716711,0.3282981077359212,0.44902459174565595
choque_05pct_permanente,permanente,0.95,0.050000000000000044,True,16,inflacao,p.p. em relação ao benchmark,-0.042741483912931866,-0.03520796429903328,0.08468347776939075,-0.17682943338024115,0.08905021588834106
choque_05pct_permanente,permanente,0.95,0.050000000000000044,True,16,pib_real,% em relação ao benchmark,-2.011195991181967,-2.0074875476525866,0.06728950672488708,-2.120403572188165,-1.9025098807387304
choque_05pct_permanente,permanente,0.95,0.050000000000000044,True,16,taxa_desemprego,p.p. em relação ao benchmark,0.0906380759397218,0.09982534958365118,0.03781041595842297,0.01816536671696043,0.14085678335958382
choque_05pct_permanente,permanente,0.95,0.050000000000000044,True,17,deficit_externo,p.p. do PIB em relação ao benchmark,-0.5145129384610684,-0.5157856758928787,0.03599089057685771,-0.5666574376873358,-0.4580000056744917
choque_05pct_permanente,permanente,0.95,0.050000000000000044,True,17,deficit_governo,p.p. do PIB em relação ao benchmark,0.40938932712404097,0.4221301439368629,0.050984856598879344,0.3256882008838551,0.4694153760615706
choque_05pct_permanente,permanente,0.95,0.050000000000000044,True,17,inflacao,p.p. em relação ao benchmark,-0.19232641579243115,-0.19066893929426953,0.11110723664479584,-0.38117048937058806,-0.030178238094910066
choque_05pct_permanente,permanente,0.95,0.050000000000000044,True,17,pib_real,% em relação ao benchmark,-2.216072303949281,-2.2242925340108464,0.07527792022985558,-2.3202206828416156,-2.077589909261938
choque_05pct_permanente,permanente,0.95,0.050000000000000044,True,17,taxa_desemprego,p.p. em relação ao benchmark,0.04674057830277779,0.05177007668067217,0.042639365801861846,-0.029089136636644315,0.09862563595793697
choque_05pct_permanente,permanente,0.95,0.050000000000000044,True,18,deficit_externo,p.p. do PIB em relação ao benchmark,-0.5752871813229169,-0.5827027804773715,0.04479497279342019,-0.6326400126355006,-0.4818372138243923
choque_05pct_permanente,permanente,0.95,0.050000000000000044,True,18,deficit_governo,p.p. do PIB em relação ao benchmark,0.3270654971197369,0.33900824272821567,0.07754374711406946,0.1777881163420568,0.42901776329500013
choque_05pct_permanente,permanente,0.95,0.050000000000000044,True,18,inflacao,p.p. em relação ao benchmark,-0.28130627715135703,-0.2916662943542758,0.13268263434800856,-0.47169769292234154,-0.039731481181584115
choque_05pct_permanente,permanente,0.95,0.050000000000000044,True,18,pib_real,% em relação ao benchmark,-2.3017727086214244,-2.3234892096313575,0.1015849945212833,-2.4351464513801844,-2.1371319829505544
choque_05pct_permanente,permanente,0.95,0.050000000000000044,True,18,taxa_desemprego,p.p. em relação ao benchmark,-0.05883480494905716,-0.04717514302905075,0.06114331657742291,-0.16960781474079914,0.017114584100344356
choque_05pct_permanente,permanente,0.95,0.050000000000000044,True,19,deficit_externo,p.p. do PIB em relação ao benchmark,-0.5249954105472051,-0.5375592885083058,0.06492127214635124,-0.6091473465976396,-0.3927446447953139
choque_05pct_permanente,permanente,0.95,0.050000000000000044,True,19,deficit_governo,p.p. do PIB em relação ao benchmark,0.13060034345195343,0.1232232513297793,0.08753549189431246,-0.008222612274969565,0.26106200211842756
choque_05pct_permanente,permanente,0.95,0.050000000000000044,True,19,inflacao,p.p. em relação ao benchmark,-0.1165026578387527,-0.1402914738088068,0.16814666226753708,-0.3327396227947188,0.19091958939243514
choque_05pct_permanente,permanente,0.95,0.050000000000000044,True,19,pib_real,% em relação ao benchmark,-2.2162787483173614,-2.223912931939387,0.13177465165174795,-2.40390277370069,-2.0030688709579825
choque_05pct_permanente,permanente,0.95,0.050000000000000044,True,19,taxa_desemprego,p.p. em relação ao benchmark,-0.27122825549636587,-0.2719952077035584,0.07244637223635275,-0.38183890669262777,-0.15195783317492595
choque_05pct_permanente,permanente,0.95,0.050000000000000044,True,20,deficit_externo,p.p. do PIB em relação ao benchmark,-0.36439337955884665,-0.3736123904931814,0.07827791808055085,-0.49248054381692724,-0.24332121285994487
choque_05pct_permanente,permanente,0.95,0.050000000000000044,True,20,deficit_governo,p.p. do PIB em relação ao benchmark,-0.07104362258404245,-0.06633654343256995,0.08238644937594797,-0.2084179141802299,0.06972021290883063
choque_05pct_permanente,permanente,0.95,0.050000000000000044,True,20,inflacao,p.p. em relação ao benchmark,0.35224941840275537,0.337824526395325,0.20092864495825566,0.029179391294676952,0.6838003592108797
choque_05pct_permanente,permanente,0.95,0.050000000000000044,True,20,pib_real,% em relação ao benchmark,-1.9748323857289305,-1.977416819068567,0.17769339947280754,-2.2461072816304446,-1.674532685612048
choque_05pct_permanente,permanente,0.95,0.050000000000000044,True,20,taxa_desemprego,p.p. em relação ao benchmark,-0.45342954463199253,-0.451197920676754,0.07725107496561687,-0.5742737941919213,-0.3274301339994337
choque_05pct_permanente,permanente,0.95,0.050000000000000044,True,21,deficit_externo,p.p. do PIB em relação ao benchmark,-0.177003016550462,-0.18565167369139035,0.07953156263875832,-0.3022291003985289,-0.03811865296609087
choque_05pct_permanente,permanente,0.95,0.050000000000000044,True,21,deficit_governo,p.p. do PIB em relação ao benchmark,-0.12983635745107175,-0.13081574829243298,0.0886882170580254,-0.2567250720379938,0.0065643677652163284
choque_05pct_permanente,permanente,0.95,0.050000000000000044,True,21,inflacao,p.p. em relação ao benchmark,0.9557955033366103,0.9141785950729675,0.2024880765393446,0.5957479923893283,1.275768026898746
choque_05pct_permanente,permanente,0.95,0.050000000000000044,True,21,pib_real,% em relação ao benchmark,-1.6979782847430314,-1.6840582787846003,0.18188881392355763,-1.9905601756020175,-1.4294282775313967
choque_05pct_permanente,permanente,0.95,0.050000000000000044,True,21,taxa_desemprego,p.p. em relação ao benchmark,-0.5811080899989292,-0.5853465203325844,0.09121755365953756,-0.7136349271209613,-0.4186216529668137
choque_05pct_permanente,permanente,0.95,0.050000000000000044,True,22,deficit_externo,p.p. do PIB em relação ao benchmark,-0.01938192334464212,-0.027538962917840644,0.07330206023440376,-0.13024440238758636,0.10034351393578585
choque_05pct_permanente,permanente,0.95,0.050000000000000044,True,22,deficit_governo,p.p. do PIB em relação ao benchmark,-0.09597245763552037,-0.08725687122728698,0.11435369559040846,-0.2679957626102286,0.08599060353876056
choque_05pct_permanente,permanente,0.95,0.050000000000000044,True,22,inflacao,p.p. em relação ao benchmark,1.5481995411294371,1.5249661294811312,0.1884789084911136,1.2999206404428065,1.8952343304696806
choque_05pct_permanente,permanente,0.95,0.050000000000000044,True,22,pib_real,% em relação ao benchmark,-1.6314964412468649,-1.6468721260966213,0.18002267722485196,-1.8943416319260131,-1.3605382044496561
choque_05pct_permanente,permanente,0.95,0.050000000000000044,True,22,taxa_desemprego,p.p. em relação ao benchmark,-0.6092381257497839,-0.603702823671167,0.1050444326099262,-0.7712608814424057,-0.4430903869269118
choque_05pct_permanente,permanente,0.95,0.050000000000000044,True,23,deficit_externo,p.p. do PIB em relação ao benchmark,0.025039798838914492,0.011930358932247045,0.07778373433034717,-0.0983556645874848,0.17070475522657716
choque_05pct_permanente,permanente,0.95,0.050000000000000044,True,23,deficit_governo,p.p. do PIB em relação ao benchmark,0.08478053232874135,0.07930682006608708,0.13504913043672068,-0.11849145134905648,0.317202549005626
choque_05pct_permanente,permanente,0.95,0.050000000000000044,True,23,inflacao,p.p. em relação ao benchmark,1.9591528958359965,1.9517486503811132,0.19516302848220463,1.6766746857461434,2.302899255149565
choque_05pct_permanente,permanente,0.95,0.050000000000000044,True,23,pib_real,% em relação ao benchmark,-1.9050704815160446,-1.9095172073335498,0.22562339686667904,-2.2129070179462396,-1.5611283722050717
choque_05pct_permanente,permanente,0.95,0.050000000000000044,True,23,taxa_desemprego,p.p. em relação ao benchmark,-0.48823911490764493,-0.49586305820423504,0.128566390875715,-0.6884274369013204,-0.2789980160059579
choque_05pct_permanente,permanente,0.95,0.050000000000000044,True,24,deficit_externo,p.p. do PIB em relação ao benchmark,-0.06902056158970417,-0.06831451211681758,0.10809806893307757,-0.2535310768436308,0.11137556371538462
choque_05pct_permanente,permanente,0.95,0.050000000000000044,True,24,deficit_governo,p.p. do PIB em relação ao benchmark,0.36682969766358015,0.3618634943033619,0.15210293901623487,0.13567514102882303,0.6184571614947073
choque_05pct_permanente,permanente,0.95,0.050000000000000044,True,24,inflacao,p.p. em relação ao benchmark,2.143291692541026,2.1332875738080848,0.2354268236645939,1.7920906420256666,2.5607586529237656
choque_05pct_permanente,permanente,0.95,0.050000000000000044,True,24,pib_real,% em relação ao benchmark,-2.5562365460188157,-2.560986162188211,0.305613043565394,-3.128372836985718,-2.070373039960073
choque_05pct_permanente,permanente,0.95,0.050000000000000044,True,24,taxa_desemprego,p.p. em relação ao benchmark,-0.2336456578093566,-0.240813432982704,0.15057156461969112,-0.46890266098856503,0.032458727276808735
choque_05pct_permanente,permanente,0.95,0.050000000000000044,True,25,deficit_externo,p.p. do PIB em relação ao benchmark,-0.3238960189195835,-0.31122374320920987,0.13478879973334063,-0.5779551110777382,-0.1038038866724522
choque_05pct_permanente,permanente,0.95,0.050000000000000044,True,25,deficit_governo,p.p. do PIB em relação ao benchmark,0.7024746006275574,0.6873753930601856,0.1515969658769091,0.47620485352210556,0.9327166048272076
choque_05pct_permanente,permanente,0.95,0.050000000000000044,True,25,inflacao,p.p. em relação ao benchmark,2.040029161837378,2.0314524086102126,0.2907620776251727,1.5720589002017171,2.5427993968220086
choque_05pct_permanente,permanente,0.95,0.050000000000000044,True,25,pib_real,% em relação ao benchmark,-3.5526107880339515,-3.519050780097893,0.3758343591016479,-4.102815581892856,-2.9477933350483294
choque_05pct_permanente,permanente,0.95,0.050000000000000044,True,25,taxa_desemprego,p.p. em relação ao benchmark,0.09132661052353967,0.07971471088319276,0.15343417902484702,-0.14039259253070827,0.3510570461933451
choque_05pct_temporario,temporario,0.95,0.050000000000000044,False,0,deficit_externo,p.p. do PIB em relação ao benchmark,0.0,0.0,0.0,0.0,0.0
choque_05pct_temporario,temporario,0.95,0.050000000000000044,False,0,deficit_governo,p.p. do PIB em relação ao benchmark,0.0,0.0,0.0,0.0,0.0
choque_05pct_temporario,temporario,0.95,0.050000000000000044,False,0,inflacao,p.p. em relação ao benchmark,0.0,0.0,0.0,0.0,0.0
choque_05pct_temporario,temporario,0.95,0.050000000000000044,False,0,pib_real,% em relação ao benchmark,0.0,0.0,0.0,0.0,0.0
choque_05pct_temporario,temporario,0.95,0.050000000000000044,False,0,taxa_desemprego,p.p. em relação ao benchmark,0.0,0.0,0.0,0.0,0.0
choque_05pct_temporario,temporario,0.95,0.050000000000000044,False,1,deficit_externo,p.p. do PIB em relação ao benchmark,0.0,0.0,0.0,0.0,0.0
choque_05pct_temporario,temporario,0.95,0.050000000000000044,False,1,deficit_governo,p.p. do PIB em relação ao benchmark,0.0,0.0,0.0,0.0,0.0
choque_05pct_temporario,temporario,0.95,0.050000000000000044,False,1,inflacao,p.p. em relação ao benchmark,0.0,0.0,0.0,0.0,0.0
choque_05pct_temporario,temporario,0.95,0.050000000000000044,False,1,pib_real,% em relação ao benchmark,0.0,0.0,0.0,0.0,0.0
choque_05pct_temporario,temporario,0.95,0.050000000000000044,False,1,taxa_desemprego,p.p. em relação ao benchmark,0.0,0.0,0.0,0.0,0.0
choque_05pct_temporario,temporario,0.95,0.050000000000000044,False,2,deficit_externo,p.p. do PIB em relação ao benchmark,0.0,0.0,0.0,0.0,0.0
choque_05pct_temporario,temporario,0.95,0.050000000000000044,False,2,deficit_governo,p.p. do PIB em relação ao benchmark,0.0,0.0,0.0,0.0,0.0
choque_05pct_temporario,temporario,0.95,0.050000000000000044,False,2,inflacao,p.p. em relação ao benchmark,0.0,0.0,0.0,0.0,0.0
choque_05pct_temporario,temporario,0.95,0.050000000000000044,False,2,pib_real,% em relação ao benchmark,0.0,0.0,0.0,0.0,0.0
choque_05pct_temporario,temporario,0.95,0.050000000000000044,False,2,taxa_desemprego,p.p. em relação ao benchmark,0.0,0.0,0.0,0.0,0.0
choque_05pct_temporario,temporario,0.95,0.050000000000000044,False,3,deficit_externo,p.p. do PIB em relação ao benchmark,0.0,0.0,0.0,0.0,0.0
choque_05pct_temporario,temporario,0.95,0.050000000000000044,False,3,deficit_governo,p.p. do PIB em relação ao benchmark,0.0,0.0,0.0,0.0,0.0
choque_05pct_temporario,temporario,0.95,0.050000000000000044,False,3,inflacao,p.p. em relação ao benchmark,0.0,0.0,0.0,0.0,0.0
choque_05pct_temporario,temporario,0.95,0.050000000000000044,False,3,pib_real,% em relação ao benchmark,0.0,0.0,0.0,0.0,0.0
choque_05pct_temporario,temporario,0.95,0.050000000000000044,False,3,taxa_desemprego,p.p. em relação ao benchmark,0.0,0.0,0.0,0.0,0.0
choque_05pct_temporario,temporario,0.95,0.050000000000000044,False,4,deficit_externo,p.p. do PIB em relação ao benchmark,0.0,0.0,0.0,0.0,0.0
choque_05pct_temporario,temporario,0.95,0.050000000000000044,False,4,deficit_governo,p.p. do PIB em relação ao benchmark,0.0,0.0,0.0,0.0,0.0
choque_05pct_temporario,temporario,0.95,0.050000000000000044,False,4,inflacao,p.p. em relação ao benchmark,0.0,0.0,0.0,0.0,0.0
choque_05pct_temporario,temporario,0.95,0.050000000000000044,False,4,pib_real,% em relação ao benchmark,0.0,0.0,0.0,0.0,0.0
choque_05pct_temporario,temporario,0.95,0.050000000000000044,False,4,taxa_desemprego,p.p. em relação ao benchmark,0.0,0.0,0.0,0.0,0.0
choque_05pct_temporario,temporario,0.95,0.050000000000000044,False,5,deficit_externo,p.p. do PIB em relação ao benchmark,0.0008445953965391368,0.0004109585417640116,0.003979651828355176,-0.0040450765681607475,0.008268836065792914
choque_05pct_temporario,temporario,0.95,0.050000000000000044,False,5,deficit_governo,p.p. do PIB em relação ao benchmark,0.00741796603886534,0.009734210440542207,0.022570553628989357,-0.03450382617015586,0.03609681081482838
choque_05pct_temporario,temporario,0.95,0.050000000000000044,False,5,inflacao,p.p. em relação ao benchmark,0.13556811593843965,0.12801338109972304,0.048981512154345694,0.08070411950161671,0.22782873432100167
choque_05pct_temporario,temporario,0.95,0.050000000000000044,False,5,pib_real,% em relação ao benchmark,-0.15194993485135477,-0.1426046282362481,0.06122434852623113,-0.26768069431299,-0.08312745909915209
choque_05pct_temporario,temporario,0.95,0.050000000000000044,False,5,taxa_desemprego,p.p. em relação ao benchmark,0.005596885771572315,0.00559130710885633,0.0008039232806382822,0.004184734492946665,0.006732733745411432
choque_05pct_temporario,temporario,0.95,0.050000000000000044,False,6,deficit_externo,p.p. do PIB em relação ao benchmark,-0.0040736539028253475,-0.00489572551329847,0.004810816399989687,-0.010631746899482878,0.004922310444187463
choque_05pct_temporario,temporario,0.95,0.050000000000000044,False,6,deficit_governo,p.p. do PIB em relação ao benchmark,0.046418729524836,0.047508408091211096,0.01056207740643056,0.030003942419724455,0.06234713956093575
choque_05pct_temporario,temporario,0.95,0.050000000000000044,False,6,inflacao,p.p. em relação ao benchmark,0.04524891607555115,0.04499353323784705,0.020152416687986358,0.014481303363728104,0.07386597510092185
choque_05pct_temporario,temporario,0.95,0.050000000000000044,False,6,pib_real,% em relação ao benchmark,-0.11451426043511403,-0.11902655970229548,0.025651856940586484,-0.14937259498050914,-0.07260694541349312
choque_05pct_temporario,temporario,0.95,0.050000000000000044,False,6,taxa_desemprego,p.p. em relação ao benchmark,0.014022999091356736,0.0148979437754021,0.009443544195178715,-0.0033880376150929865,0.027017944622493434
choque_05pct_temporario,temporario,0.95,0.050000000000000044,False,7,deficit_externo,p.p. do PIB em relação ao benchmark,-0.0010485845490395274,-0.002555972055513084,0.009583527157923034,-0.012883183824693731,0.017696648055402237
choque_05pct_temporario,temporario,0.95,0.050000000000000044,False,7,deficit_governo,p.p. do PIB em relação ao benchmark,0.03628877768326455,0.03860097939963822,0.020578942779119074,-0.004276163645865194,0.06280149270406897
choque_05pct_temporario,temporario,0.95,0.050000000000000044,False,7,inflacao,p.p. em relação ao benchmark,0.0930725280310063,0.09181662035860905,0.021910714513753406,0.05927383251197016,0.12905604143437444
choque_05pct_temporario,temporario,0.95,0.050000000000000044,False,7,pib_real,% em relação ao benchmark,-0.15484545747539502,-0.15965935072478343,0.027213631670708043,-0.18891504893124023,-0.091554804640705
choque_05pct_temporario,temporario,0.95,0.050000000000000044,False,7,taxa_desemprego,p.p. em relação ao benchmark,0.01891696453281802,0.02146419876350239,0.017365541132041196,-0.015040549217956792,0.04121359480608579
choque_05pct_temporario,temporario,0.95,0.050000000000000044,False,8,deficit_externo,p.p. do PIB em relação ao benchmark,-0.04033991819145992,-0.04005877005620641,0.0036923436453256023,-0.046044963798446616,-0.0346624193408472
choque_05pct_temporario,temporario,0.95,0.050000000000000044,False,8,deficit_governo,p.p. do PIB em relação ao benchmark,0.07396495890330637,0.07402394344331945,0.01105028768484823,0.05526190849093879,0.09130263987446582
choque_05pct_temporario,temporario,0.95,0.050000000000000044,False,8,inflacao,p.p. em relação ao benchmark,0.01514874743580985,0.013238724353403786,0.012477590571538915,-0.0009788135675381504,0.03498841222931315
choque_05pct_temporario,temporario,0.95,0.050000000000000044,False,8,pib_real,% em relação ao benchmark,-0.1896758524189557,-0.1917197771294843,0.02791244958985958,-0.23022690637300613,-0.1354558906115011
choque_05pct_temporario,temporario,0.95,0.050000000000000044,False,8,taxa_desemprego,p.p. em relação ao benchmark,0.02249398143093681,0.02583082595057143,0.018850803464503643,-0.016662488524488636,0.049313186798307165
choque_05pct_temporario,temporario,0.95,0.050000000000000044,False,9,deficit_externo,p.p. do PIB em relação ao benchmark,-0.028731052724066414,-0.02950540028804011,0.009262063763929698,-0.0404069833623143,-0.013276999250998924
choque_05pct_temporario,temporario,0.95,0.050000000000000044,False,9,deficit_governo,p.p. do PIB em relação ao benchmark,0.04427732837509005,0.04645717065348137,0.016580667036653507,0.012062277989818432,0.06439356358638472
choque_05pct_temporario,temporario,0.95,0.050000000000000044,False,9,inflacao,p.p. em relação ao benchmark,0.02300814070157431,0.0225051594477943,0.012122464716209435,0.00679782675931051,0.04501609277551499
choque_05pct_temporario,temporario,0.95,0.050000000000000044,False,9,pib_real,% em relação ao benchmark,-0.20919916850604903,-0.21149595386281694,0.030827694009812785,-0.25122396846880335,-0.14872854596716722
choque_05pct_temporario,temporario,0.95,0.050000000000000044,False,9,taxa_desemprego,p.p. em relação ao benchmark,0.018573150041472086,0.01908308425772401,0.015538164739799019,-0.005386281729275951,0.039554251582544005
choque_05pct_temporario,temporario,0.95,0.050000000000000044,False,10,deficit_externo,p.p. do PIB em relação ao benchmark,-0.054312189936535554,-0.0538596671187474,0.0037664972520192407,-0.06060690845157711,-0.048796996713121016
choque_05pct_temporario,temporario,0.95,0.050000000000000044,False,10,deficit_governo,p.p. do PIB em relação ao benchmark,0.06269674658630675,0.06319116578161893,0.006506014158981299,0.050945682463196806,0.07221254328134974
choque_05pct_temporario,temporario,0.95,0.050000000000000044,False,10,inflacao,p.p. em relação ao benchmark,-0.02979434294096328,-0.028861639614075063,0.007984443694832359,-0.04200113063862254,-0.016892688190649485
choque_05pct_temporario,temporario,0.95,0.050000000000000044,False,10,pib_real,% em relação ao benchmark,-0.21956730588585682,-0.2211632408169295,0.023050951862474887,-0.25732618722820455,-0.18206753933501907
choque_05pct_temporario,temporario,0.95,0.050000000000000044,False,10,taxa_desemprego,p.p. em relação ao benchmark,0.024347066361007405,0.024247035249930216,0.008796854045688881,0.011571294528724824,0.038701980814783356
choque_05pct_temporario,temporario,0.95,0.050000000000000044,False,11,deficit_externo,p.p. do PIB em relação ao benchmark,-0.043757510659452555,-0.04358258938115377,0.005175024792150102,-0.052002008434539365,-0.03672534767274574
choque_05pct_temporario,temporario,0.95,0.050000000000000044,False,11,deficit_governo,p.p. do PIB em relação ao benchmark,0.03798809684067034,0.03851809461292294,0.006873429777707647,0.028649413518217065,0.049362293511793214
choque_05pct_temporario,temporario,0.95,0.050000000000000044,False,11,inflacao,p.p. em relação ao benchmark,-0.027807751562403782,-0.02860411120969575,0.010630895668300461,-0.04213204971951767,-0.012356653044464098
choque_05pct_temporario,temporario,0.95,0.050000000000000044,False,11,pib_real,% em relação ao benchmark,-0.203721552968407,-0.20233993756542112,0.014705506811026997,-0.23291958740805752,-0.18513871790842518
choque_05pct_temporario,temporario,0.95,0.050000000000000044,False,11,taxa_desemprego,p.p. em relação ao benchmark,0.013536423459128089,0.01187684004026468,0.01065281006641449,-0.0010622890688001538,0.030336060092744362
choque_05pct_temporario,temporario,0.95,0.050000000000000044,False,12,deficit_externo,p.p. do PIB em relação ao benchmark,-0.04999809621932756,-0.04932308118511201,0.004255674945753106,-0.05845166103073611,-0.04360627957649275
choque_05pct_temporario,temporario,0.95,0.050000000000000044,False,12,deficit_governo,p.p. do PIB em relação ao benchmark,0.030639787086458564,0.02858870399531227,0.013485254579865885,0.012408485595148955,0.060228273205588795
choque_05pct_temporario,temporario,0.95,0.050000000000000044,False,12,inflacao,p.p. em relação ao benchmark,-0.05116282300552788,-0.05249940578558876,0.008412358443044419,-0.06473936474831077,-0.03745509442752426
choque_05pct_temporario,temporario,0.95,0.050000000000000044,False,12,pib_real,% em relação ao benchmark,-0.1719317351050553,-0.17051946623328207,0.012302434922897782,-0.19264490787788302,-0.15504302980998863
choque_05pct_temporario,temporario,0.95,0.050000000000000044,False,12,taxa_desemprego,p.p. em relação ao benchmark,-0.0005973157762925174,-0.0038494957467362367,0.016680286440906064,-0.02401175401730203,0.036607372972796974
choque_05pct_temporario,temporario,0.95,0.050000000000000044,False,13,deficit_externo,p.p. do PIB em relação ao benchmark,-0.03168873422563803,-0.03194754875954879,0.005832211308473707,-0.04166484161317365,-0.02134222720909969
choque_05pct_temporario,temporario,0.95,0.050000000000000044,False,13,deficit_governo,p.p. do PIB em relação ao benchmark,-0.00039084154081589495,-0.001438603623191148,0.014845638884218346,-0.023668500521321773,0.025737920600103627
choque_05pct_temporario,temporario,0.95,0.050000000000000044,False,13,inflacao,p.p. em relação ao benchmark,-0.03811593172458405,-0.037682077042022755,0.008914095477997198,-0.05251813055002219,-0.023731453344282286
choque_05pct_temporario,temporario,0.95,0.050000000000000044,False,13,pib_real,% em relação ao benchmark,-0.11992138050596635,-0.12044132049797707,0.022361814609337796,-0.15158657938056652,-0.07889973693006148
choque_05pct_temporario,temporario,0.95,0.050000000000000044,False,13,taxa_desemprego,p.p. em relação ao benchmark,-0.02396663609594513,-0.028071959725858853,0.021010420996321853,-0.05121691513954127,0.019535881290002194
choque_05pct_temporario,temporario,0.95,0.050000000000000044,False,14,deficit_externo,p.p. do PIB em relação ao benchmark,-0.024531195271853358,-0.023377383485155036,0.00893959265221606,-0.039938754960994416,-0.01179954814448589
choque_05pct_temporario,temporario,0.95,0.050000000000000044,False,14,deficit_governo,p.p. do PIB em relação ao benchmark,-0.011461749811825517,-0.012899173531963348,0.01646275407282079,-0.030872308468830878,0.014125546827509076
choque_05pct_temporario,temporario,0.95,0.050000000000000044,False,14,inflacao,p.p. em relação ao benchmark,-0.03351137669832793,-0.029210541563740033,0.016617023854696832,-0.0677522747472381,-0.012357101777631389
choque_05pct_temporario,temporario,0.95,0.050000000000000044,False,14,pib_real,% em relação ao benchmark,-0.06598541374701095,-0.06917527253590405,0.026798185217553585,-0.10400368273308425,-0.028042244061387004
choque_05pct_temporario,temporario,0.95,0.050000000000000044,False,14,taxa_desemprego,p.p. em relação ao benchmark,-0.04354822703318528,-0.04572288603997346,0.022804907759208178,-0.07384249659464451,-0.002480094430279067
choque_05pct_temporario,temporario,0.95,0.050000000000000044,False,15,deficit_externo,p.p. do PIB em relação ao benchmark,-0.012822076257303399,-0.01252278381230626,0.008711874279421793,-0.025370290458639293,0.0010768674773109644
choque_05pct_temporario,temporario,0.95,0.050000000000000044,False,15,deficit_governo,p.p. do PIB em relação ao benchmark,-0.017098267991414007,-0.017201554246014383,0.01296663132453735,-0.03955923695412186,0.0033893118415942425
choque_05pct_temporario,temporario,0.95,0.050000000000000044,False,15,inflacao,p.p. em relação ao benchmark,-0.0009409942212090794,0.0008116255851842169,0.02480146468951935,-0.051655825583668546,0.03325639178383243
choque_05pct_temporario,temporario,0.95,0.050000000000000044,False,15,pib_real,% em relação ao benchmark,-0.06556299343752914,-0.06586278461972461,0.028986745010283956,-0.1088011385155424,-0.014685711499178303
choque_05pct_temporario,temporario,0.95,0.050000000000000044,False,15,taxa_desemprego,p.p. em relação ao benchmark,-0.0475022853474555,-0.0471070335914113,0.01881127160400102,-0.07501714886912113,-0.0221450071827957
choque_05pct_temporario,temporario,0.95,0.050000000000000044,False,16,deficit_externo,p.p. do PIB em relação ao benchmark,-0.012968592278499304,-0.013866432216811525,0.010034588234743345,-0.026562078913149746,0.0034686627994536907
choque_05pct_temporario,temporario,0.95,0.050000000000000044,False,16,deficit_governo,p.p. do PIB em relação ao benchmark,-0.0044249580484894,-0.0035591018225922255,0.011450788360532914,-0.02519071274926704,0.012256079911100308
choque_05pct_temporario,temporario,0.95,0.050000000000000044,False,16,inflacao,p.p. em relação ao benchmark,0.03296532732161772,0.0343082299316011,0.037279060720222294,-0.03575030386257949,0.08135878625739278
choque_05pct_temporario,temporario,0.95,0.050000000000000044,False,16,pib_real,% em relação ao benchmark,-0.08730953943580122,-0.09007594671160968,0.02386510551970424,-0.12237643082746219,-0.04214640018564975
choque_05pct_temporario,temporario,0.95,0.050000000000000044,False,16,taxa_desemprego,p.p. em relação ao benchmark,-0.02933636889387603,-0.02828857872406998,0.01340910058057752,-0.05132101777061526,-0.00965444461811755
choque_05pct_temporario,temporario,0.95,0.050000000000000044,False,17,deficit_externo,p.p. do PIB em relação ao benchmark,-0.007077767100779426,-0.007500459267030784,0.010451705871585311,-0.022861042219259543,0.011154942432867536
choque_05pct_temporario,temporario,0.95,0.050000000000000044,False,17,deficit_governo,p.p. do PIB em relação ao benchmark,0.013573752697071603,0.013783189193571077,0.012790339080843264,-0.007660763382413906,0.037462439491202856
choque_05pct_temporario,temporario,0.95,0.050000000000000044,False,17,inflacao,p.p. em relação ao benchmark,0.07099412956288975,0.06976486786042235,0.04531616481676681,0.0015731727204315595,0.13395141301736466
choque_05pct_temporario,temporario,0.95,0.050000000000000044,False,17,pib_real,% em relação ao benchmark,-0.09897171011915773,-0.10096410444502268,0.022801465846423997,-0.13320821624260293,-0.06454941178497045
choque_05pct_temporario,temporario,0.95,0.050000000000000044,False,17,taxa_desemprego,p.p. em relação ao benchmark,-0.005821897957190299,-0.006250390297476288,0.008700400542878154,-0.019026678020479526,0.008367880531337177
choque_05pct_temporario,temporario,0.95,0.050000000000000044,False,18,deficit_externo,p.p. do PIB em relação ao benchmark,-0.01191592425807578,-0.011972445350677974,0.009697587868053584,-0.0253331484942985,0.005158082013330896
choque_05pct_temporario,temporario,0.95,0.050000000000000044,False,18,deficit_governo,p.p. do PIB em relação ao benchmark,0.042568711959643915,0.04077394624602895,0.019097695925150423,0.013813856540112607,0.076124959959116
choque_05pct_temporario,temporario,0.95,0.050000000000000044,False,18,inflacao,p.p. em relação ao benchmark,0.07149108815414751,0.07030790112256824,0.042749702592011385,0.005863418999657588,0.14473999692734552
choque_05pct_temporario,temporario,0.95,0.050000000000000044,False,18,pib_real,% em relação ao benchmark,-0.11075407668456527,-0.11039035896482363,0.025240373337999607,-0.1508291391786526,-0.07393269787817684
choque_05pct_temporario,temporario,0.95,0.050000000000000044,False,18,taxa_desemprego,p.p. em relação ao benchmark,0.00984942699459862,0.009065356551198403,0.011352361461940299,-0.0038371812791842402,0.028054378179452777
choque_05pct_temporario,temporario,0.95,0.050000000000000044,False,19,deficit_externo,p.p. do PIB em relação ao benchmark,-0.020130249813876688,-0.018883574479778165,0.008718047352778516,-0.03463232724401006,-0.00657198458712936
choque_05pct_temporario,temporario,0.95,0.050000000000000044,False,19,deficit_governo,p.p. do PIB em relação ao benchmark,0.046251568263308424,0.04326999416838645,0.024355134746774306,0.012268047871945714,0.08890600607570756
choque_05pct_temporario,temporario,0.95,0.050000000000000044,False,19,inflacao,p.p. em relação ao benchmark,0.048188341477183316,0.04637503988580427,0.02768001972158488,0.008125766492760311,0.09387021563147412
choque_05pct_temporario,temporario,0.95,0.050000000000000044,False,19,pib_real,% em relação ao benchmark,-0.11677409545871065,-0.11513301122398345,0.032200748735653435,-0.16938287536458818,-0.07068636724506695
choque_05pct_temporario,temporario,0.95,0.050000000000000044,False,19,taxa_desemprego,p.p. em relação ao benchmark,0.009980045709150114,0.0068641679297369584,0.01642363857258275,-0.014766909348102042,0.037274670796645995
choque_05pct_temporario,temporario,0.95,0.050000000000000044,False,20,deficit_externo,p.p. do PIB em relação ao benchmark,-0.028973209337361562,-0.02703111184313824,0.013582492838965477,-0.05224326286143995,-0.011327576311383921
choque_05pct_temporario,temporario,0.95,0.050000000000000044,False,20,deficit_governo,p.p. do PIB em relação ao benchmark,0.0328689975439862,0.031988331492145694,0.023541873579743956,-0.005188304471036714,0.07656925550315108
choque_05pct_temporario,temporario,0.95,0.050000000000000044,False,20,inflacao,p.p. em relação ao benchmark,0.019646331853212295,0.020161860570244716,0.019470418430003217,-0.010556406752229018,0.04933131680620816
choque_05pct_temporario,temporario,0.95,0.050000000000000044,False,20,pib_real,% em relação ao benchmark,-0.12702304757725846,-0.12394928782388237,0.04711308129842498,-0.20768806313919919,-0.04610545075355966
choque_05pct_temporario,temporario,0.95,0.050000000000000044,False,20,taxa_desemprego,p.p. em relação ao benchmark,0.0006765589955348844,-0.0006354764079209707,0.017400296953450863,-0.023881358203338976,0.03345092521911528
choque_05pct_temporario,temporario,0.95,0.050000000000000044,False,21,deficit_externo,p.p. do PIB em relação ao benchmark,-0.03193144175798375,-0.02985693226463424,0.019303666632882424,-0.06296008693905845,-0.0019396548029493798
choque_05pct_temporario,temporario,0.95,0.050000000000000044,False,21,deficit_governo,p.p. do PIB em relação ao benchmark,0.024518770850653075,0.021685374647341382,0.022510873001752522,-0.012673696340224916,0.06297270736363242
choque_05pct_temporario,temporario,0.95,0.050000000000000044,False,21,inflacao,p.p. em relação ao benchmark,0.004231853137267594,0.008839169454222251,0.03043044432397173,-0.05289162037293349,0.039119597884138525
choque_05pct_temporario,temporario,0.95,0.050000000000000044,False,21,pib_real,% em relação ao benchmark,-0.13072440188130252,-0.12564556241584368,0.057425503081130425,-0.22138309799550004,-0.04348296162574267
choque_05pct_temporario,temporario,0.95,0.050000000000000044,False,21,taxa_desemprego,p.p. em relação ao benchmark,-0.0005304987801061367,-0.0014318129112879385,0.019361992188852463,-0.029080966840311986,0.03568473448924553
choque_05pct_temporario,temporario,0.95,0.050000000000000044,False,22,deficit_externo,p.p. do PIB em relação ao benchmark,-0.03343400711840893,-0.031009585032527834,0.02190494223343946,-0.0682633743893163,-0.003176526122110018
choque_05pct_temporario,temporario,0.95,0.050000000000000044,False,22,deficit_governo,p.p. do PIB em relação ao benchmark,0.02582881775775209,0.02459300181128915,0.01858309323310252,6.480671395498136e-06,0.05312908135687202
choque_05pct_temporario,temporario,0.95,0.050000000000000044,False,22,inflacao,p.p. em relação ao benchmark,-0.0072696107877139315,-0.005894739659939585,0.043069402178403694,-0.08017284160057758,0.051616270502752276
choque_05pct_temporario,temporario,0.95,0.050000000000000044,False,22,pib_real,% em relação ao benchmark,-0.12253508801896384,-0.12066411183327408,0.054173118200277676,-0.20948388621355063,-0.04450424500140497
choque_05pct_temporario,temporario,0.95,0.050000000000000044,False,22,taxa_desemprego,p.p. em relação ao benchmark,-0.001232942164928058,-0.0017796891827688566,0.016493294358997358,-0.02224263587094287,0.025759698869887576
choque_05pct_temporario,temporario,0.95,0.050000000000000044,False,23,deficit_externo,p.p. do PIB em relação ao benchmark,-0.02986051372389325,-0.028632537080291662,0.019375334107668764,-0.0597535046053874,-0.0008388244778342632
choque_05pct_temporario,temporario,0.95,0.050000000000000044,False,23,deficit_governo,p.p. do PIB em relação ao benchmark,0.017864068661382237,0.018342239833324392,0.012254704761191554,-0.004096804181413226,0.03537757382370013
choque_05pct_temporario,temporario,0.95,0.050000000000000044,False,23,inflacao,p.p. em relação ao benchmark,-0.009900304609998356,-0.006684103079190873,0.04775380975968653,-0.09559845922788246,0.053727020222985526
choque_05pct_temporario,temporario,0.95,0.050000000000000044,False,23,pib_real,% em relação ao benchmark,-0.10704452547119449,-0.10759095367355309,0.03929282785670284,-0.16628004679046182,-0.051058395136496806
choque_05pct_temporario,temporario,0.95,0.050000000000000044,False,23,taxa_desemprego,p.p. em relação ao benchmark,-0.008090372744925953,-0.006595860000307985,0.01249880416542736,-0.030052650126776576,0.011015805183728486
choque_05pct_temporario,temporario,0.95,0.050000000000000044,False,24,deficit_externo,p.p. do PIB em relação ao benchmark,-0.02451985411428407,-0.024028079187202178,0.01308620107858721,-0.04631463832929877,-0.006032430239658331
choque_05pct_temporario,temporario,0.95,0.050000000000000044,False,24,deficit_governo,p.p. do PIB em relação ao benchmark,0.008348172702418555,0.010109806357187778,0.018100363919590783,-0.028318143769441445,0.029242181974261643
choque_05pct_temporario,temporario,0.95,0.050000000000000044,False,24,inflacao,p.p. em relação ao benchmark,-0.0080451472603853,-0.00424237777685299,0.043631753976242284,-0.07278354892804928,0.05789893933292764
choque_05pct_temporario,temporario,0.95,0.050000000000000044,False,24,pib_real,% em relação ao benchmark,-0.08704983686929157,-0.08844525200153996,0.025965237011813448,-0.12394725822914066,-0.029052866482282003
choque_05pct_temporario,temporario,0.95,0.050000000000000044,False,24,taxa_desemprego,p.p. em relação ao benchmark,-0.01572628711186888,-0.012498774272043378,0.018505967686681023,-0.051829801758230196,0.006814814287665821
choque_05pct_temporario,temporario,0.95,0.050000000000000044,False,25,deficit_externo,p.p. do PIB em relação ao benchmark,-0.016669598502046246,-0.017382853738549114,0.011610037176302912,-0.032495187736992295,0.004106760057702332
choque_05pct_temporario,temporario,0.95,0.050000000000000044,False,25,deficit_governo,p.p. do PIB em relação ao benchmark,0.0012720074518649815,0.002546853183954534,0.02831118533573107,-0.05186172732937769,0.04073345507123113
choque_05pct_temporario,temporario,0.95,0.050000000000000044,False,25,inflacao,p.p. em relação ao benchmark,0.0008758223573539503,0.0033203706436446545,0.0326818069901252,-0.05257243951344637,0.04946118272488697
choque_05pct_temporario,temporario,0.95,0.050000000000000044,False,25,pib_real,% em relação ao benchmark,-0.06679584559281915,-0.07302454678418946,0.045101489339751145,-0.12760907793883558,0.022042685306493667
choque_05pct_temporario,temporario,0.95,0.050000000000000044,False,25,taxa_desemprego,p.p. em relação ao benchmark,-0.021542226627640965,-0.019333782718112397,0.02894993220293494,-0.07489320325016487,0.017324463002118387
choque_10pct_permanente,permanente,0.9,0.09999999999999998,True,0,deficit_externo,p.p. do PIB em relação ao benchmark,0.0,0.0,0.0,0.0,0.0
choque_10pct_permanente,permanente,0.9,0.09999999999999998,True,0,deficit_governo,p.p. do PIB em relação ao benchmark,0.0,0.0,0.0,0.0,0.0
choque_10pct_permanente,permanente,0.9,0.09999999999999998,True,0,inflacao,p.p. em relação ao benchmark,0.0,0.0,0.0,0.0,0.0
choque_10pct_permanente,permanente,0.9,0.09999999999999998,True,0,pib_real,% em relação ao benchmark,0.0,0.0,0.0,0.0,0.0
choque_10pct_permanente,permanente,0.9,0.09999999999999998,True,0,taxa_desemprego,p.p. em relação ao benchmark,0.0,0.0,0.0,0.0,0.0
choque_10pct_permanente,permanente,0.9,0.09999999999999998,True,1,deficit_externo,p.p. do PIB em relação ao benchmark,0.0,0.0,0.0,0.0,0.0
choque_10pct_permanente,permanente,0.9,0.09999999999999998,True,1,deficit_governo,p.p. do PIB em relação ao benchmark,0.0,0.0,0.0,0.0,0.0
choque_10pct_permanente,permanente,0.9,0.09999999999999998,True,1,inflacao,p.p. em relação ao benchmark,0.0,0.0,0.0,0.0,0.0
choque_10pct_permanente,permanente,0.9,0.09999999999999998,True,1,pib_real,% em relação ao benchmark,0.0,0.0,0.0,0.0,0.0
choque_10pct_permanente,permanente,0.9,0.09999999999999998,True,1,taxa_desemprego,p.p. em relação ao benchmark,0.0,0.0,0.0,0.0,0.0
choque_10pct_permanente,permanente,0.9,0.09999999999999998,True,2,deficit_externo,p.p. do PIB em relação ao benchmark,0.0,0.0,0.0,0.0,0.0
choque_10pct_permanente,permanente,0.9,0.09999999999999998,True,2,deficit_governo,p.p. do PIB em relação ao benchmark,0.0,0.0,0.0,0.0,0.0
choque_10pct_permanente,permanente,0.9,0.09999999999999998,True,2,inflacao,p.p. em relação ao benchmark,0.0,0.0,0.0,0.0,0.0
choque_10pct_permanente,permanente,0.9,0.09999999999999998,True,2,pib_real,% em relação ao benchmark,0.0,0.0,0.0,0.0,0.0
choque_10pct_permanente,permanente,0.9,0.09999999999999998,True,2,taxa_desemprego,p.p. em relação ao benchmark,0.0,0.0,0.0,0.0,0.0
choque_10pct_permanente,permanente,0.9,0.09999999999999998,True,3,deficit_externo,p.p. do PIB em relação ao benchmark,0.0,0.0,0.0,0.0,0.0
choque_10pct_permanente,permanente,0.9,0.09999999999999998,True,3,deficit_governo,p.p. do PIB em relação ao benchmark,0.0,0.0,0.0,0.0,0.0
choque_10pct_permanente,permanente,0.9,0.09999999999999998,True,3,inflacao,p.p. em relação ao benchmark,0.0,0.0,0.0,0.0,0.0
choque_10pct_permanente,permanente,0.9,0.09999999999999998,True,3,pib_real,% em relação ao benchmark,0.0,0.0,0.0,0.0,0.0
choque_10pct_permanente,permanente,0.9,0.09999999999999998,True,3,taxa_desemprego,p.p. em relação ao benchmark,0.0,0.0,0.0,0.0,0.0
choque_10pct_permanente,permanente,0.9,0.09999999999999998,True,4,deficit_externo,p.p. do PIB em relação ao benchmark,0.0,0.0,0.0,0.0,0.0
choque_10pct_permanente,permanente,0.9,0.09999999999999998,True,4,deficit_governo,p.p. do PIB em relação ao benchmark,0.0,0.0,0.0,0.0,0.0
choque_10pct_permanente,permanente,0.9,0.09999999999999998,True,4,inflacao,p.p. em relação ao benchmark,0.0,0.0,0.0,0.0,0.0
choque_10pct_permanente,permanente,0.9,0.09999999999999998,True,4,pib_real,% em relação ao benchmark,0.0,0.0,0.0,0.0,0.0
choque_10pct_permanente,permanente,0.9,0.09999999999999998,True,4,taxa_desemprego,p.p. em relação ao benchmark,0.0,0.0,0.0,0.0,0.0
choque_10pct_permanente,permanente,0.9,0.09999999999999998,True,5,deficit_externo,p.p. do PIB em relação ao benchmark,-0.003230048170932042,-0.003838323116776149,0.004048902434603808,-0.008195564236790414,0.004387686363495874
choque_10pct_permanente,permanente,0.9,0.09999999999999998,True,5,deficit_governo,p.p. do PIB em relação ao benchmark,0.0437471203364858,0.04698593571336798,0.022575944327336343,0.0012205686376185608,0.07219031333875393
choque_10pct_permanente,permanente,0.9,0.09999999999999998,True,5,inflacao,p.p. em relação ao benchmark,0.20516409649294354,0.1975211234461538,0.048795178770617634,0.15067098231069442,0.297052604998711
choque_10pct_permanente,permanente,0.9,0.09999999999999998,True,5,pib_real,% em relação ao benchmark,-0.22326464187087847,-0.2133502800854059,0.061611736944130004,-0.3368876109661889,-0.15390297341065284
choque_10pct_permanente,permanente,0.9,0.09999999999999998,True,5,taxa_desemprego,p.p. em relação ao benchmark,0.014685137159054784,0.012838268598275998,0.008939768936763251,0.010778849803236498,0.022306855105311343
choque_10pct_permanente,permanente,0.9,0.09999999999999998,True,6,deficit_externo,p.p. do PIB em relação ao benchmark,-0.016214810638671622,-0.017189627087399982,0.0063632970338345415,-0.023737447794201123,-0.004694521625014363
choque_10pct_permanente,permanente,0.9,0.09999999999999998,True,6,deficit_governo,p.p. do PIB em relação ao benchmark,0.13989923934821674,0.1437360137914477,0.01800544311536984,0.1083265869178416,0.1615853063429843
choque_10pct_permanente,permanente,0.9,0.09999999999999998,True,6,inflacao,p.p. em relação ao benchmark,0.2923811942531249,0.2862508885398185,0.022804727553692887,0.2726257780164687,0.33907926040700254
choque_10pct_permanente,permanente,0.9,0.09999999999999998,True,6,pib_real,% em relação ao benchmark,-0.43165289750140123,-0.4205481433054048,0.03384095583764949,-0.49335844338810275,-0.39699627688043804
choque_10pct_permanente,permanente,0.9,0.09999999999999998,True,6,taxa_desemprego,p.p. em relação ao benchmark,0.05169685283114292,0.052982219959843424,0.012397508628254774,0.030363839167834167,0.06531452183318916
choque_10pct_permanente,permanente,0.9,0.09999999999999998,True,7,deficit_externo,p.p. do PIB em relação ao benchmark,-0.02856512772659685,-0.03066144751826018,0.011656425429009083,-0.043787606932796166,-0.00658151301335226
choque_10pct_permanente,permanente,0.9,0.09999999999999998,True,7,deficit_governo,p.p. do PIB em relação ao benchmark,0.22581338863193032,0.2287506068490458,0.02658974610317231,0.17685693925875393,0.26100940564843544
choque_10pct_permanente,permanente,0.9,0.09999999999999998,True,7,inflacao,p.p. em relação ao benchmark,0.4543321382168115,0.453013982492112,0.01954469425035103,0.42897048590947007,0.48734048445803646
choque_10pct_permanente,permanente,0.9,0.09999999999999998,True,7,pib_real,% em relação ao benchmark,-0.7402715194064743,-0.7391691303372527,0.020147657677176557,-0.7731561062432007,-0.7135436177748478
choque_10pct_permanente,permanente,0.9,0.09999999999999998,True,7,taxa_desemprego,p.p. em relação ao benchmark,0.11065137774084705,0.11246811787319552,0.026864296702592917,0.07206783135365782,0.13629755491610912
choque_10pct_permanente,permanente,0.9,0.09999999999999998,True,8,deficit_externo,p.p. do PIB em relação ao benchmark,-0.10184782981309062,-0.10323053219245078,0.008243403023307358,-0.11407506426376353,-0.08734434227207956
choque_10pct_permanente,permanente,0.9,0.09999999999999998,True,8,deficit_governo,p.p. do PIB em relação ao benchmark,0.366115021303589,0.3680103094984996,0.024862970791528445,0.32324686999658625,0.40100537293324495
choque_10pct_permanente,permanente,0.9,0.09999999999999998,True,8,inflacao,p.p. em relação ao benchmark,0.49724680169555446,0.4980880097099183,0.015731425587945373,0.4739169823248568,0.5158996039145347
choque_10pct_permanente,permanente,0.9,0.09999999999999998,True,8,pib_real,% em relação ao benchmark,-1.1253268855070844,-1.124498903688248,0.038560597148870994,-1.1816557791301168,-1.0655113479087708
choque_10pct_permanente,permanente,0.9,0.09999999999999998,True,8,taxa_desemprego,p.p. em relação ao benchmark,0.17788876616096008,0.17724242639682378,0.03291932639690893,0.1376404638191662,0.2071959158869526
choque_10pct_permanente,permanente,0.9,0.09999999999999998,True,9,deficit_externo,p.p. do PIB em relação ao benchmark,-0.15767031094457817,-0.157116546469323,0.012346658770879978,-0.17538474316510164,-0.14069264157331873
choque_10pct_permanente,permanente,0.9,0.09999999999999998,True,9,deficit_governo,p.p. do PIB em relação ao benchmark,0.446622793124256,0.4470466338251572,0.024939097431640207,0.4085905074578172,0.4824115442907696
choque_10pct_permanente,permanente,0.9,0.09999999999999998,True,9,inflacao,p.p. em relação ao benchmark,0.5398456742161044,0.5434143352029519,0.028129929046017656,0.5047146702854455,0.5733303662255174
choque_10pct_permanente,permanente,0.9,0.09999999999999998,True,9,pib_real,% em relação ao benchmark,-1.540545102573531,-1.5438132022503825,0.04510455175201461,-1.6141591979873338,-1.4633805999601701
choque_10pct_permanente,permanente,0.9,0.09999999999999998,True,9,taxa_desemprego,p.p. em relação ao benchmark,0.22759659276364022,0.22843400213740025,0.028930077312565902,0.18956682238822492,0.2599913581988908
choque_10pct_permanente,permanente,0.9,0.09999999999999998,True,10,deficit_externo,p.p. do PIB em relação ao benchmark,-0.24316068089785245,-0.24274218995642943,0.013991783933693361,-0.26485299597636003,-0.22342531060075116
choque_10pct_permanente,permanente,0.9,0.09999999999999998,True,10,deficit_governo,p.p. do PIB em relação ao benchmark,0.5346363432602482,0.5378740048403594,0.031183433040065885,0.4926096535879661,0.5768336196945658
choque_10pct_permanente,permanente,0.9,0.09999999999999998,True,10,inflacao,p.p. em relação ao benchmark,0.5127197812333546,0.5159011980725992,0.026743994491500615,0.46385145030804376,0.5452568948046732
choque_10pct_permanente,permanente,0.9,0.09999999999999998,True,10,pib_real,% em relação ao benchmark,-1.9505439338827828,-1.9459037591174733,0.04655123455940299,-2.0254542032922247,-1.8928656898193614
choque_10pct_permanente,permanente,0.9,0.09999999999999998,True,10,taxa_desemprego,p.p. em relação ao benchmark,0.29139772548244314,0.29009585739487587,0.026805783922779942,0.25084185981322915,0.32778934232331053
choque_10pct_permanente,permanente,0.9,0.09999999999999998,True,11,deficit_externo,p.p. do PIB em relação ao benchmark,-0.3104743614384356,-0.30858474339514796,0.01685070685825587,-0.3425877045776287,-0.28453612484124874
choque_10pct_permanente,permanente,0.9,0.09999999999999998,True,11,deficit_governo,p.p. do PIB em relação ao benchmark,0.5799703408054387,0.5795284549877224,0.031001438165146607,0.5242991399901618,0.6335874408299701
choque_10pct_permanente,permanente,0.9,0.09999999999999998,True,11,inflacao,p.p. em relação ao benchmark,0.4823242845404898,0.48149774252944644,0.03682550983132756,0.41144441219898353,0.5402859476703681
choque_10pct_permanente,permanente,0.9,0.09999999999999998,True,11,pib_real,% em relação ao benchmark,-2.3003922651932656,-2.297009442139819,0.04683432323591577,-2.3776317351475855,-2.218966950707619
choque_10pct_permanente,permanente,0.9,0.09999999999999998,True,11,taxa_desemprego,p.p. em relação ao benchmark,0.32899488489727724,0.33119319725074814,0.029337279891343594,0.2774737794846563,0.367615048317097
choque_10pct_permanente,permanente,0.9,0.09999999999999998,True,12,deficit_externo,p.p. do PIB em relação ao benchmark,-0.3807889677819611,-0.3776424215760538,0.020857854189034464,-0.4201661749678103,-0.34986819892171567
choque_10pct_permanente,permanente,0.9,0.09999999999999998,True,12,deficit_governo,p.p. do PIB em relação ao benchmark,0.5989453571825614,0.5906087141744343,0.038152798724391424,0.5466043726074931,0.6561545496910958
choque_10pct_permanente,permanente,0.9,0.09999999999999998,True,12,inflacao,p.p. em relação ao benchmark,0.426599180862421,0.43237896346576266,0.04828647046542527,0.3515049266361858,0.5047551015894569
choque_10pct_permanente,permanente,0.9,0.09999999999999998,True,12,pib_real,% em relação ao benchmark,-2.588107074290717,-2.587363027688755,0.04952711179308235,-2.678285615252459,-2.5145901482836597
choque_10pct_permanente,permanente,0.9,0.09999999999999998,True,12,taxa_desemprego,p.p. em relação ao benchmark,0.3452782396906791,0.34684350530429925,0.03715458004162197,0.28770504171540745,0.4137477974477631
choque_10pct_permanente,permanente,0.9,0.09999999999999998,True,13,deficit_externo,p.p. do PIB em relação ao benchmark,-0.4357441436488335,-0.43385961261590766,0.026457022899595124,-0.47837136445531414,-0.3945697624935178
choque_10pct_permanente,permanente,0.9,0.09999999999999998,True,13,deficit_governo,p.p. do PIB em relação ao benchmark,0.5852206206659313,0.5870934135170702,0.04683044648207637,0.5121782587343511,0.6649831077948821
choque_10pct_permanente,permanente,0.9,0.09999999999999998,True,13,inflacao,p.p. em relação ao benchmark,0.366631938932209,0.37221745952311647,0.06826418991768834,0.2452194527807927,0.45983822963118315
choque_10pct_permanente,permanente,0.9,0.09999999999999998,True,13,pib_real,% em relação ao benchmark,-2.816743179608521,-2.8154256514275833,0.05722756402666745,-2.9025364695347626,-2.721981628223438
choque_10pct_permanente,permanente,0.9,0.09999999999999998,True,13,taxa_desemprego,p.p. em relação ao benchmark,0.33813000022366085,0.34113485595131526,0.04636408049237531,0.2706188862276259,0.42296449006296266
choque_10pct_permanente,permanente,0.9,0.09999999999999998,True,14,deficit_externo,p.p. do PIB em relação ao benchmark,-0.4915767010435851,-0.49136643374527567,0.030332342102798136,-0.5357275425489489,-0.4411144438798092
choque_10pct_permanente,permanente,0.9,0.09999999999999998,True,14,deficit_governo,p.p. do PIB em relação ao benchmark,0.5632310381477886,0.5741816107669926,0.05128052851821449,0.47531458039905955,0.6401028298220148
choque_10pct_permanente,permanente,0.9,0.09999999999999998,True,14,inflacao,p.p. em relação ao benchmark,0.2645927679317983,0.2677502495801787,0.08516681821016663,0.1409151631436445,0.3934327708461182
choque_10pct_permanente,permanente,0.9,0.09999999999999998,True,14,pib_real,% em relação ao benchmark,-2.9775352239349684,-2.9802299403458523,0.06457600389583407,-3.0816799471443623,-2.8752867479661486
choque_10pct_permanente,permanente,0.9,0.09999999999999998,True,14,taxa_desemprego,p.p. em relação ao benchmark,0.3078676881520925,0.307257412606006,0.05400887550957441,0.22174273364237074,0.38603733921706385
choque_10pct_permanente,permanente,0.9,0.09999999999999998,True,15,deficit_externo,p.p. do PIB em relação ao benchmark,-0.5669593527191301,-0.5594570040323025,0.039729881302464416,-0.6361963060074068,-0.5167922473730334
choque_10pct_permanente,permanente,0.9,0.09999999999999998,True,15,deficit_governo,p.p. do PIB em relação ao benchmark,0.5616621621648507,0.5678486913111097,0.05083972359746256,0.47194958552421357,0.631344638413197
choque_10pct_permanente,permanente,0.9,0.09999999999999998,True,15,inflacao,p.p. em relação ao benchmark,0.11000053814044829,0.1184606469057381,0.1187138521503419,-0.09721549926034023,0.2610979555404247
choque_10pct_permanente,permanente,0.9,0.09999999999999998,True,15,pib_real,% em relação ao benchmark,-3.1583758820331123,-3.1689297499100375,0.08689040903840888,-3.27597479857962,-2.996658532896555
choque_10pct_permanente,permanente,0.9,0.09999999999999998,True,15,taxa_desemprego,p.p. em relação ao benchmark,0.26320501579058253,0.2719692225823044,0.05559053332567162,0.16483905354164602,0.3412038179556386
choque_10pct_permanente,permanente,0.9,0.09999999999999998,True,16,deficit_externo,p.p. do PIB em relação ao benchmark,-0.7130365555891626,-0.719030918795405,0.053853224148933655,-0.8032162863797597,-0.6327072539529932
choque_10pct_permanente,permanente,0.9,0.09999999999999998,True,16,deficit_governo,p.p. do PIB em relação ao benchmark,0.6150330199607769,0.6301869156701806,0.0594957005168656,0.5085130899216063,0.6921038621283863
choque_10pct_permanente,permanente,0.9,0.09999999999999998,True,16,inflacao,p.p. em relação ao benchmark,-0.16767176519261118,-0.17026471819703293,0.15547513717181924,-0.4179454259604565,0.06603469238811717
choque_10pct_permanente,permanente,0.9,0.09999999999999998,True,16,pib_real,% em relação ao benchmark,-3.463504062382878,-3.4720263811211574,0.0991467791998102,-3.619637903220363,-3.2857084986297043
choque_10pct_permanente,permanente,0.9,0.09999999999999998,True,16,taxa_desemprego,p.p. em relação ao benchmark,0.21911768889638514,0.23430649441189244,0.0563284646360042,0.10614041865748239,0.28973817490508424
choque_10pct_permanente,permanente,0.9,0.09999999999999998,True,17,deficit_externo,p.p. do PIB em relação ao benchmark,-0.8949438094705728,-0.8969696292807647,0.06125450889254929,-0.9886286245272492,-0.7871179364829157
choque_10pct_permanente,permanente,0.9,0.09999999999999998,True,17,deficit_governo,p.p. do PIB em relação ao benchmark,0.6271504201681872,0.6478648713053925,0.07872497779882598,0.480791738298111,0.7242706238620884
choque_10pct_permanente,permanente,0.9,0.09999999999999998,True,17,inflacao,p.p. em relação ao benchmark,-0.5399787938289098,-0.5254775433109593,0.1913826564141878,-0.824251479220397,-0.23617315559188892
choque_10pct_permanente,permanente,0.9,0.09999999999999998,True,17,pib_real,% em relação ao benchmark,-3.764346771510747,-3.7779065776325393,0.10701388326077696,-3.9067029700842433,-3.5588052454423913
choque_10pct_permanente,permanente,0.9,0.09999999999999998,True,17,taxa_desemprego,p.p. em relação ao benchmark,0.12688725637576354,0.13325280459696998,0.06535143670363734,0.005885044436053855,0.20814275622693268
choque_10pct_permanente,permanente,0.9,0.09999999999999998,True,18,deficit_externo,p.p. do PIB em relação ao benchmark,-1.010649974829237,-1.0207955590334628,0.06771074286369007,-1.093006150872361,-0.863414749644246
choque_10pct_permanente,permanente,0.9,0.09999999999999998,True,18,deficit_governo,p.p. do PIB em relação ao benchmark,0.4482041637927625,0.46402462684138196,0.1305626761696149,0.22124383654823027,0.6159840904989405
choque_10pct_permanente,permanente,0.9,0.09999999999999998,True,18,inflacao,p.p. em relação ao benchmark,-0.8242465387444827,-0.8348672751625319,0.19747356649824854,-1.1221589375027885,-0.48437980358054694
choque_10pct_permanente,permanente,0.9,0.09999999999999998,True,18,pib_real,% em relação ao benchmark,-3.8442125610792797,-3.883371628694948,0.15157270138487958,-4.021248873256106,-3.5972330308880403
choque_10pct_permanente,permanente,0.9,0.09999999999999998,True,18,taxa_desemprego,p.p. em relação ao benchmark,-0.0706052847267546,-0.06112838515703531,0.09563222967078126,-0.2370863989284648,0.05576600690894342
choque_10pct_permanente,permanente,0.9,0.09999999999999998,True,19,deficit_externo,p.p. do PIB em relação ao benchmark,-0.9203646067788472,-0.9380086476751801,0.10284246369149465,-1.0487950204753413,-0.7063111460796446
choque_10pct_permanente,permanente,0.9,0.09999999999999998,True,19,deficit_governo,p.p. do PIB em relação ao benchmark,0.07188366484083086,0.059495265117241736,0.14014028020083175,-0.1372294537159971,0.29077890951643437
choque_10pct_permanente,permanente,0.9,0.09999999999999998,True,19,inflacao,p.p. em relação ao benchmark,-0.643476294954735,-0.6617458410034471,0.24832702102738805,-0.9666519037152832,-0.15757581140889568
choque_10pct_permanente,permanente,0.9,0.09999999999999998,True,19,pib_real,% em relação ao benchmark,-3.609245107126615,-3.6446920357740664,0.21287226162491635,-3.89001884828804,-3.235899884215493
choque_10pct_permanente,permanente,0.9,0.09999999999999998,True,19,taxa_desemprego,p.p. em relação ao benchmark,-0.4311024967335117,-0.4339194012173395,0.12431577913651909,-0.6128669946005912,-0.2281904043136972
choque_10pct_permanente,permanente,0.9,0.09999999999999998,True,20,deficit_externo,p.p. do PIB em relação ao benchmark,-0.6264701962262023,-0.6389474088933784,0.13656314603696967,-0.8578712781725484,-0.4061848111088668
choque_10pct_permanente,permanente,0.9,0.09999999999999998,True,20,deficit_governo,p.p. do PIB em relação ao benchmark,-0.292399636388216,-0.3004294410108868,0.13904966799105328,-0.5108943276846661,-0.061830050807564346
choque_10pct_permanente,permanente,0.9,0.09999999999999998,True,20,inflacao,p.p. em relação ao benchmark,0.10731349145832336,0.0873037232655971,0.3360970488574247,-0.41868255695783674,0.6393939449239634
choque_10pct_permanente,permanente,0.9,0.09999999999999998,True,20,pib_real,% em relação ao benchmark,-3.090810449291212,-3.119662053699923,0.30549911588382145,-3.5641235146420285,-2.6066122597469894
choque_10pct_permanente,permanente,0.9,0.09999999999999998,True,20,taxa_desemprego,p.p. em relação ao benchmark,-0.7419070817566048,-0.7377676996609767,0.1275181216568723,-0.9576974724406128,-0.5303167531616608
choque_10pct_permanente,permanente,0.9,0.09999999999999998,True,21,deficit_externo,p.p. do PIB em relação ao benchmark,-0.26282847354969957,-0.26724303646540193,0.13887468838886838,-0.4845442590359926,-0.045201696147363156
choque_10pct_permanente,permanente,0.9,0.09999999999999998,True,21,deficit_governo,p.p. do PIB em relação ao benchmark,-0.4408556559930858,-0.44834700305019654,0.13724953247712665,-0.6302993744806115,-0.22453830818634574
choque_10pct_permanente,permanente,0.9,0.09999999999999998,True,21,inflacao,p.p. em relação ao benchmark,1.1499061471411713,1.1102718805179768,0.3532017996263016,0.5720607360285335,1.670379026007974
choque_10pct_permanente,permanente,0.9,0.09999999999999998,True,21,pib_real,% em relação ao benchmark,-2.4666094036358714,-2.481006549971659,0.30724497316694044,-2.9845046684605596,-1.9943273898277025
choque_10pct_permanente,permanente,0.9,0.09999999999999998,True,21,taxa_desemprego,p.p. em relação ao benchmark,-0.9660034939735003,-0.9784772594068756,0.14607231360713002,-1.1818805395048138,-0.727343117164029
choque_10pct_permanente,permanente,0.9,0.09999999999999998,True,22,deficit_externo,p.p. do PIB em relação ao benchmark,0.06414980567084454,0.06378576027880846,0.12358286054280027,-0.11854282805211172,0.26831654424016016
choque_10pct_permanente,permanente,0.9,0.09999999999999998,True,22,deficit_governo,p.p. do PIB em relação ao benchmark,-0.43920419847964226,-0.4401863456711827,0.17295333123072804,-0.7314375752043286,-0.18985258221283502
choque_10pct_permanente,permanente,0.9,0.09999999999999998,True,22,inflacao,p.p. em relação ao benchmark,2.2276397468455365,2.2371471728353853,0.3300221678946748,1.7493917033921313,2.7554821053212417
choque_10pct_permanente,permanente,0.9,0.09999999999999998,True,22,pib_real,% em relação ao benchmark,-2.1672377755547636,-2.180178723272647,0.27991356441513976,-2.6135430460570963,-1.72945370996329
choque_10pct_permanente,permanente,0.9,0.09999999999999998,True,22,taxa_desemprego,p.p. em relação ao benchmark,-1.0409157343670947,-1.041589898650374,0.16519864201606602,-1.2927169739158253,-0.7742573456926914
choque_10pct_permanente,permanente,0.9,0.09999999999999998,True,23,deficit_externo,p.p. do PIB em relação ao benchmark,0.204407604029068,0.19441346280053945,0.11805174318735616,0.041216687057860815,0.40873635061873853
choque_10pct_permanente,permanente,0.9,0.09999999999999998,True,23,deficit_governo,p.p. do PIB em relação ao benchmark,-0.1801106951971401,-0.20124520252489952,0.2154027816410558,-0.48660537292299466,0.2157863229678264
choque_10pct_permanente,permanente,0.9,0.09999999999999998,True,23,inflacao,p.p. em relação ao benchmark,3.041599074118024,3.034839919558774,0.3060571809416172,2.575593345000644,3.5047294633292525
choque_10pct_permanente,permanente,0.9,0.09999999999999998,True,23,pib_real,% em relação ao benchmark,-2.455633230890037,-2.4296510993958242,0.3514176421176826,-2.9588395706048853,-1.950026049703333
choque_10pct_permanente,permanente,0.9,0.09999999999999998,True,23,taxa_desemprego,p.p. em relação ao benchmark,-0.8505762038513146,-0.8574356182485824,0.20686756089311228,-1.133772392764218,-0.5064251601854026
choque_10pct_permanente,permanente,0.9,0.09999999999999998,True,24,deficit_externo,p.p. do PIB em relação ao benchmark,0.09707020506842885,0.10424899910716767,0.16855878436678534,-0.1687244787248228,0.36700338802473925
choque_10pct_permanente,permanente,0.9,0.09999999999999998,True,24,deficit_governo,p.p. do PIB em relação ao benchmark,0.2963529057844292,0.28779748275341577,0.25621159309494,-0.10188161823149439,0.7532863646512311
choque_10pct_permanente,permanente,0.9,0.09999999999999998,True,24,inflacao,p.p. em relação ao benchmark,3.4891550314175546,3.450776937001565,0.34362975824859204,2.9652100235177983,4.0001164007840115
choque_10pct_permanente,permanente,0.9,0.09999999999999998,True,24,pib_real,% em relação ao benchmark,-3.4493977068343797,-3.4207639381188537,0.5114910211429955,-4.292773701120399,-2.639531211752399
choque_10pct_permanente,permanente,0.9,0.09999999999999998,True,24,taxa_desemprego,p.p. em relação ao benchmark,-0.39523577117725783,-0.40875756258977947,0.25357831020711724,-0.7982734731805387,0.07942553785981012
choque_10pct_permanente,permanente,0.9,0.09999999999999998,True,25,deficit_externo,p.p. do PIB em relação ao benchmark,-0.31634481108390405,-0.29481651625668515,0.2286198159270066,-0.7317472373503416,0.07569480318328993
choque_10pct_permanente,permanente,0.9,0.09999999999999998,True,25,deficit_governo,p.p. do PIB em relação ao benchmark,0.921352261425925,0.8923558818220961,0.2651555679534602,0.5219990736998147,1.3434841254659777
choque_10pct_permanente,permanente,0.9,0.09999999999999998,True,25,inflacao,p.p. em relação ao benchmark,3.426464531798567,3.4193254066792855,0.42910838749607827,2.6751621723293697,4.187686256393013
choque_10pct_permanente,permanente,0.9,0.09999999999999998,True,25,pib_real,% em relação ao benchmark,-5.140975665188119,-5.139620570059328,0.6813328833162142,-6.211425492491031,-3.9932854627135823
choque_10pct_permanente,permanente,0.9,0.09999999999999998,True,25,taxa_desemprego,p.p. em relação ao benchmark,0.22694853897663467,0.19645464662131004,0.26545779951661064,-0.17080830217449472,0.6951276129537693
choque_10pct_temporario,temporario,0.9,0.09999999999999998,False,0,deficit_externo,p.p. do PIB em relação ao benchmark,0.0,0.0,0.0,0.0,0.0
choque_10pct_temporario,temporario,0.9,0.09999999999999998,False,0,deficit_governo,p.p. do PIB em relação ao benchmark,0.0,0.0,0.0,0.0,0.0
choque_10pct_temporario,temporario,0.9,0.09999999999999998,False,0,inflacao,p.p. em relação ao benchmark,0.0,0.0,0.0,0.0,0.0
choque_10pct_temporario,temporario,0.9,0.09999999999999998,False,0,pib_real,% em relação ao benchmark,0.0,0.0,0.0,0.0,0.0
choque_10pct_temporario,temporario,0.9,0.09999999999999998,False,0,taxa_desemprego,p.p. em relação ao benchmark,0.0,0.0,0.0,0.0,0.0
choque_10pct_temporario,temporario,0.9,0.09999999999999998,False,1,deficit_externo,p.p. do PIB em relação ao benchmark,0.0,0.0,0.0,0.0,0.0
choque_10pct_temporario,temporario,0.9,0.09999999999999998,False,1,deficit_governo,p.p. do PIB em relação ao benchmark,0.0,0.0,0.0,0.0,0.0
choque_10pct_temporario,temporario,0.9,0.09999999999999998,False,1,inflacao,p.p. em relação ao benchmark,0.0,0.0,0.0,0.0,0.0
choque_10pct_temporario,temporario,0.9,0.09999999999999998,False,1,pib_real,% em relação ao benchmark,0.0,0.0,0.0,0.0,0.0
choque_10pct_temporario,temporario,0.9,0.09999999999999998,False,1,taxa_desemprego,p.p. em relação ao benchmark,0.0,0.0,0.0,0.0,0.0
choque_10pct_temporario,temporario,0.9,0.09999999999999998,False,2,deficit_externo,p.p. do PIB em relação ao benchmark,0.0,0.0,0.0,0.0,0.0
choque_10pct_temporario,temporario,0.9,0.09999999999999998,False,2,deficit_governo,p.p. do PIB em relação ao benchmark,0.0,0.0,0.0,0.0,0.0
choque_10pct_temporario,temporario,0.9,0.09999999999999998,False,2,inflacao,p.p. em relação ao benchmark,0.0,0.0,0.0,0.0,0.0
choque_10pct_temporario,temporario,0.9,0.09999999999999998,False,2,pib_real,% em relação ao benchmark,0.0,0.0,0.0,0.0,0.0
choque_10pct_temporario,temporario,0.9,0.09999999999999998,False,2,taxa_desemprego,p.p. em relação ao benchmark,0.0,0.0,0.0,0.0,0.0
choque_10pct_temporario,temporario,0.9,0.09999999999999998,False,3,deficit_externo,p.p. do PIB em relação ao benchmark,0.0,0.0,0.0,0.0,0.0
choque_10pct_temporario,temporario,0.9,0.09999999999999998,False,3,deficit_governo,p.p. do PIB em relação ao benchmark,0.0,0.0,0.0,0.0,0.0
choque_10pct_temporario,temporario,0.9,0.09999999999999998,False,3,inflacao,p.p. em relação ao benchmark,0.0,0.0,0.0,0.0,0.0
choque_10pct_temporario,temporario,0.9,0.09999999999999998,False,3,pib_real,% em relação ao benchmark,0.0,0.0,0.0,0.0,0.0
choque_10pct_temporario,temporario,0.9,0.09999999999999998,False,3,taxa_desemprego,p.p. em relação ao benchmark,0.0,0.0,0.0,0.0,0.0
choque_10pct_temporario,temporario,0.9,0.09999999999999998,False,4,deficit_externo,p.p. do PIB em relação ao benchmark,0.0,0.0,0.0,0.0,0.0
choque_10pct_temporario,temporario,0.9,0.09999999999999998,False,4,deficit_governo,p.p. do PIB em relação ao benchmark,0.0,0.0,0.0,0.0,0.0
choque_10pct_temporario,temporario,0.9,0.09999999999999998,False,4,inflacao,p.p. em relação ao benchmark,0.0,0.0,0.0,0.0,0.0
choque_10pct_temporario,temporario,0.9,0.09999999999999998,False,4,pib_real,% em relação ao benchmark,0.0,0.0,0.0,0.0,0.0
choque_10pct_temporario,temporario,0.9,0.09999999999999998,False,4,taxa_desemprego,p.p. em relação ao benchmark,0.0,0.0,0.0,0.0,0.0
choque_10pct_temporario,temporario,0.9,0.09999999999999998,False,5,deficit_externo,p.p. do PIB em relação ao benchmark,-0.003230048170932042,-0.003838323116776149,0.004048902434603808,-0.008195564236790414,0.004387686363495874
choque_10pct_temporario,temporario,0.9,0.09999999999999998,False,5,deficit_governo,p.p. do PIB em relação ao benchmark,0.0437471203364858,0.04698593571336798,0.022575944327336343,0.0012205686376185608,0.07219031333875393
choque_10pct_temporario,temporario,0.9,0.09999999999999998,False,5,inflacao,p.p. em relação ao benchmark,0.20516409649294354,0.1975211234461538,0.048795178770617634,0.15067098231069442,0.297052604998711
choque_10pct_temporario,temporario,0.9,0.09999999999999998,False,5,pib_real,% em relação ao benchmark,-0.22326464187087847,-0.2133502800854059,0.061611736944130004,-0.3368876109661889,-0.15390297341065284
choque_10pct_temporario,temporario,0.9,0.09999999999999998,False,5,taxa_desemprego,p.p. em relação ao benchmark,0.014685137159054784,0.012838268598275998,0.008939768936763251,0.010778849803236498,0.022306855105311343
choque_10pct_temporario,temporario,0.9,0.09999999999999998,False,6,deficit_externo,p.p. do PIB em relação ao benchmark,-0.014792573928870898,-0.01547623710887484,0.005557853639421264,-0.02257657508134561,-0.005021228370384378
choque_10pct_temporario,temporario,0.9,0.09999999999999998,False,6,deficit_governo,p.p. do PIB em relação ao benchmark,0.10847802257793701,0.10995654247057188,0.013629393561845813,0.08768498203199353,0.12846028626129788
choque_10pct_temporario,temporario,0.9,0.09999999999999998,False,6,inflacao,p.p. em relação ao benchmark,0.06552851787353542,0.05929736127423535,0.034956262086025175,0.022249848140981632,0.1337111763646004
choque_10pct_temporario,temporario,0.9,0.09999999999999998,False,6,pib_real,% em relação ao benchmark,-0.18611036286001192,-0.18194495449680437,0.041520826373655326,-0.2633189454701934,-0.12855020716133092
choque_10pct_temporario,temporario,0.9,0.09999999999999998,False,6,taxa_desemprego,p.p. em relação ao benchmark,0.03864524259178759,0.0401061103186634,0.010248620652816042,0.0197399789361645,0.05220502290877206
choque_10pct_temporario,temporario,0.9,0.09999999999999998,False,7,deficit_externo,p.p. do PIB em relação ao benchmark,-0.017966486262620044,-0.019559565777638524,0.009080573889629644,-0.02935539143819263,-3.5977382486516083e-05
choque_10pct_temporario,temporario,0.9,0.09999999999999998,False,7,deficit_governo,p.p. do PIB em relação ao benchmark,0.10310300524295805,0.10499076282541875,0.02201858372999634,0.06598661732323735,0.1339961189222351
choque_10pct_temporario,temporario,0.9,0.09999999999999998,False,7,inflacao,p.p. em relação ao benchmark,0.1389645142923317,0.14970038232550165,0.039979854354465424,0.06357862540856907,0.18942116162909972
choque_10pct_temporario,temporario,0.9,0.09999999999999998,False,7,pib_real,% em relação ao benchmark,-0.28812749944594884,-0.29320745841400764,0.0535877938081047,-0.360245082081323,-0.1690262875530957
choque_10pct_temporario,temporario,0.9,0.09999999999999998,False,7,taxa_desemprego,p.p. em relação ao benchmark,0.06147660579397357,0.06436597905666933,0.01834029000825166,0.026774840852073004,0.08664789761340885
choque_10pct_temporario,temporario,0.9,0.09999999999999998,False,8,deficit_externo,p.p. do PIB em relação ao benchmark,-0.08277217710413233,-0.08306562004425766,0.006267028137971158,-0.09159466078745138,-0.07248056447798881
choque_10pct_temporario,temporario,0.9,0.09999999999999998,False,8,deficit_governo,p.p. do PIB em relação ao benchmark,0.16262333120578767,0.16298896790899117,0.014655619052657687,0.14108954218213546,0.18601423245023813
choque_10pct_temporario,temporario,0.9,0.09999999999999998,False,8,inflacao,p.p. em relação ao benchmark,0.02647021332177646,0.023737045484317765,0.023388882937848163,-0.0017877782130470974,0.06298051422323536
choque_10pct_temporario,temporario,0.9,0.09999999999999998,False,8,pib_real,% em relação ao benchmark,-0.39358836098140687,-0.39974923322383393,0.03894828386848143,-0.44677543999816105,-0.32547947247652365
choque_10pct_temporario,temporario,0.9,0.09999999999999998,False,8,taxa_desemprego,p.p. em relação ao benchmark,0.07485075172920369,0.07786578930116667,0.020999568399710837,0.03976204860372236,0.10695851041491997
choque_10pct_temporario,temporario,0.9,0.09999999999999998,False,9,deficit_externo,p.p. do PIB em relação ao benchmark,-0.06933105563935632,-0.06954326876108133,0.010750858821099094,-0.08644482384634672,-0.05367384831777675
choque_10pct_temporario,temporario,0.9,0.09999999999999998,False,9,deficit_governo,p.p. do PIB em relação ao benchmark,0.1130061619663561,0.11198727928452418,0.019630013186681287,0.0813977878339478,0.14458357533181032
choque_10pct_temporario,temporario,0.9,0.09999999999999998,False,9,inflacao,p.p. em relação ao benchmark,0.028888229089354178,0.03084397632766578,0.018937759103966174,-0.0034673004271434933,0.054293649646720565
choque_10pct_temporario,temporario,0.9,0.09999999999999998,False,9,pib_real,% em relação ao benchmark,-0.4523235120864071,-0.45743727562334024,0.03377704119347641,-0.49969054921842837,-0.3941051405288998
choque_10pct_temporario,temporario,0.9,0.09999999999999998,False,9,taxa_desemprego,p.p. em relação ao benchmark,0.06494247383211633,0.06471711787160925,0.02154757600499712,0.029896786867196837,0.0979724106370284
choque_10pct_temporario,temporario,0.9,0.09999999999999998,False,10,deficit_externo,p.p. do PIB em relação ao benchmark,-0.10864027922776827,-0.10879947478239638,0.0068825814126593525,-0.11801169946377019,-0.09740991326702803
choque_10pct_temporario,temporario,0.9,0.09999999999999998,False,10,deficit_governo,p.p. do PIB em relação ao benchmark,0.12674409928493272,0.127940846158571,0.012256389547220583,0.10466063830807851,0.14581238616279052
choque_10pct_temporario,temporario,0.9,0.09999999999999998,False,10,inflacao,p.p. em relação ao benchmark,-0.057912306736047636,-0.05670009098427409,0.015042929505918356,-0.08252676322329178,-0.03488367876057886
choque_10pct_temporario,temporario,0.9,0.09999999999999998,False,10,pib_real,% em relação ao benchmark,-0.4684376623552541,-0.47371648863204774,0.027350433574597106,-0.5111865827545159,-0.42924354508233176
choque_10pct_temporario,temporario,0.9,0.09999999999999998,False,10,taxa_desemprego,p.p. em relação ao benchmark,0.060020354967473405,0.059026815600227156,0.018145413333308984,0.03325094171307594,0.09419069575948755
choque_10pct_temporario,temporario,0.9,0.09999999999999998,False,11,deficit_externo,p.p. do PIB em relação ao benchmark,-0.09155759025353785,-0.09162105669130563,0.007385869845702041,-0.10416356372946844,-0.08074449224740324
choque_10pct_temporario,temporario,0.9,0.09999999999999998,False,11,deficit_governo,p.p. do PIB em relação ao benchmark,0.0735735255147876,0.07377567718239025,0.01289912162470337,0.05488436191040613,0.09594915571753612
choque_10pct_temporario,temporario,0.9,0.09999999999999998,False,11,inflacao,p.p. em relação ao benchmark,-0.06281595708730969,-0.061982899670742775,0.015350944444599347,-0.08513289747073438,-0.03946686272349066
choque_10pct_temporario,temporario,0.9,0.09999999999999998,False,11,pib_real,% em relação ao benchmark,-0.4227964488789048,-0.42093192039410754,0.022235579475035072,-0.4592263700257737,-0.39144861951713683
choque_10pct_temporario,temporario,0.9,0.09999999999999998,False,11,taxa_desemprego,p.p. em relação ao benchmark,0.023756461008051274,0.021089982599649393,0.017718333052887458,-0.0029197980791373364,0.05759003027495935
choque_10pct_temporario,temporario,0.9,0.09999999999999998,False,12,deficit_externo,p.p. do PIB em relação ao benchmark,-0.09292110317756613,-0.09216119147949474,0.006172910241612519,-0.10373620515648867,-0.0830402818077617
choque_10pct_temporario,temporario,0.9,0.09999999999999998,False,12,deficit_governo,p.p. do PIB em relação ao benchmark,0.04193794326919037,0.04089920300752725,0.015259089369077163,0.020890567452021974,0.07302983095563403
choque_10pct_temporario,temporario,0.9,0.09999999999999998,False,12,inflacao,p.p. em relação ao benchmark,-0.09586708269197232,-0.0967049053267055,0.015529289442936087,-0.11883193810363957,-0.06749649959098991
choque_10pct_temporario,temporario,0.9,0.09999999999999998,False,12,pib_real,% em relação ao benchmark,-0.33813337856184644,-0.3349348184759682,0.019473581741987663,-0.37269988360278117,-0.3101877457420721
choque_10pct_temporario,temporario,0.9,0.09999999999999998,False,12,taxa_desemprego,p.p. em relação ao benchmark,-0.020255029841940275,-0.02162104468248216,0.019117331297335893,-0.049402633324675815,0.015692551430629417
choque_10pct_temporario,temporario,0.9,0.09999999999999998,False,13,deficit_externo,p.p. do PIB em relação ao benchmark,-0.055720133730502795,-0.05641303262615971,0.008969027005165109,-0.06844991243027307,-0.04111482777592251
choque_10pct_temporario,temporario,0.9,0.09999999999999998,False,13,deficit_governo,p.p. do PIB em relação ao benchmark,-0.02102245113707127,-0.01986443038875796,0.02046696783754022,-0.053371696618788045,0.009756420734649829
choque_10pct_temporario,temporario,0.9,0.09999999999999998,False,13,inflacao,p.p. em relação ao benchmark,-0.06829877203768331,-0.06688413176405561,0.0161518878294711,-0.09209989428884624,-0.0443510054077756
choque_10pct_temporario,temporario,0.9,0.09999999999999998,False,13,pib_real,% em relação ao benchmark,-0.21591883253899524,-0.21729980592719023,0.03436314579481023,-0.2643736888435233,-0.1541350804141739
choque_10pct_temporario,temporario,0.9,0.09999999999999998,False,13,taxa_desemprego,p.p. em relação ao benchmark,-0.07613960055454662,-0.07902495964902945,0.025384985051941332,-0.11269535962913711,-0.032710114566874976
choque_10pct_temporario,temporario,0.9,0.09999999999999998,False,14,deficit_externo,p.p. do PIB em relação ao benchmark,-0.03635370425790238,-0.03709300570321726,0.012703483274044157,-0.05558554941629991,-0.018039328070777447
choque_10pct_temporario,temporario,0.9,0.09999999999999998,False,14,deficit_governo,p.p. do PIB em relação ao benchmark,-0.04403852346799922,-0.04664586947661642,0.02594707330338637,-0.07865756004992064,-0.0030125984514087225
choque_10pct_temporario,temporario,0.9,0.09999999999999998,False,14,inflacao,p.p. em relação ao benchmark,-0.04309776293061218,-0.04096680675245157,0.019974654444618094,-0.07995238191210063,-0.017956452418125286
choque_10pct_temporario,temporario,0.9,0.09999999999999998,False,14,pib_real,% em relação ao benchmark,-0.11062700520024048,-0.1076039529696926,0.04830337814062292,-0.18965677192423258,-0.04716632170496061
choque_10pct_temporario,temporario,0.9,0.09999999999999998,False,14,taxa_desemprego,p.p. em relação ao benchmark,-0.11668107014050427,-0.12135557777139816,0.03190069206400466,-0.16159137973488133,-0.07437750997580207
choque_10pct_temporario,temporario,0.9,0.09999999999999998,False,15,deficit_externo,p.p. do PIB em relação ao benchmark,-0.01835064719004582,-0.01756081796299193,0.016299366789310897,-0.04215135416679637,0.00666945985742671
choque_10pct_temporario,temporario,0.9,0.09999999999999998,False,15,deficit_governo,p.p. do PIB em relação ao benchmark,-0.04234297259361457,-0.04231900834432145,0.02608284896621378,-0.0836831536730008,-0.00524533061607679
choque_10pct_temporario,temporario,0.9,0.09999999999999998,False,15,inflacao,p.p. em relação ao benchmark,0.03220127305321174,0.030981983777178534,0.03120013309604422,-0.022604367790266533,0.08580206310907834
choque_10pct_temporario,temporario,0.9,0.09999999999999998,False,15,pib_real,% em relação ao benchmark,-0.13861162790091153,-0.13569067418564562,0.06339043431525779,-0.2381511538455039,-0.0374067370117559
choque_10pct_temporario,temporario,0.9,0.09999999999999998,False,15,taxa_desemprego,p.p. em relação ao benchmark,-0.11260184448094153,-0.1109711584963903,0.033869652783883986,-0.1635349348165759,-0.059291315501526984
choque_10pct_temporario,temporario,0.9,0.09999999999999998,False,16,deficit_externo,p.p. do PIB em relação ao benchmark,-0.01956698032528414,-0.022115736384639186,0.019214483256828497,-0.0488994248850518,0.010761126759808646
choque_10pct_temporario,temporario,0.9,0.09999999999999998,False,16,deficit_governo,p.p. do PIB em relação ao benchmark,-0.007662890260741227,-0.006673813811386431,0.023979352463043054,-0.043721863534503524,0.02584736288675053
choque_10pct_temporario,temporario,0.9,0.09999999999999998,False,16,inflacao,p.p. em relação ao benchmark,0.11301832042389703,0.10983510534183782,0.052767298004115865,0.03999706431273897,0.1978297535859841
choque_10pct_temporario,temporario,0.9,0.09999999999999998,False,16,pib_real,% em relação ao benchmark,-0.19813359634546812,-0.20066211720388138,0.04285869948537279,-0.2593231978710614,-0.12190631870580892
choque_10pct_temporario,temporario,0.9,0.09999999999999998,False,16,taxa_desemprego,p.p. em relação ao benchmark,-0.06215958979337837,-0.05992938909671862,0.02776943120162951,-0.10729389220812541,-0.02170323900792755
choque_10pct_temporario,temporario,0.9,0.09999999999999998,False,17,deficit_externo,p.p. do PIB em relação ao benchmark,-0.011774948950506393,-0.013669810434868961,0.020662097078263685,-0.042038250787874036,0.019717398613125246
choque_10pct_temporario,temporario,0.9,0.09999999999999998,False,17,deficit_governo,p.p. do PIB em relação ao benchmark,0.041104299264199555,0.044089253158876435,0.023531259283185495,0.005571474736875345,0.08247060551190566
choque_10pct_temporario,temporario,0.9,0.09999999999999998,False,17,inflacao,p.p. em relação ao benchmark,0.1850911398299313,0.17411146934409594,0.07621982816412119,0.0707734855601061,0.3086994551931488
choque_10pct_temporario,temporario,0.9,0.09999999999999998,False,17,pib_real,% em relação ao benchmark,-0.22818794591748248,-0.22752252995483224,0.03625409454693598,-0.28522273812966903,-0.17482449626104846
choque_10pct_temporario,temporario,0.9,0.09999999999999998,False,17,taxa_desemprego,p.p. em relação ao benchmark,-0.005463947250658796,-0.005536226738752509,0.01845715023825236,-0.033065040418158755,0.024843356105320662
choque_10pct_temporario,temporario,0.9,0.09999999999999998,False,18,deficit_externo,p.p. do PIB em relação ao benchmark,-0.027159324182382608,-0.027648985346835284,0.020005599142759133,-0.05507236301610857,0.0043625266133450425
choque_10pct_temporario,temporario,0.9,0.09999999999999998,False,18,deficit_governo,p.p. do PIB em relação ao benchmark,0.10523183331360325,0.09959658578886019,0.036036003540801435,0.05738608501865236,0.16561019009015415
choque_10pct_temporario,temporario,0.9,0.09999999999999998,False,18,inflacao,p.p. em relação ao benchmark,0.16858273954408998,0.16171642434509303,0.07802495016246425,0.05977853445347847,0.2940472976600228
choque_10pct_temporario,temporario,0.9,0.09999999999999998,False,18,pib_real,% em relação ao benchmark,-0.258572654565293,-0.2557617498282705,0.03751387476494383,-0.32296300451726434,-0.2023003804440554
choque_10pct_temporario,temporario,0.9,0.09999999999999998,False,18,taxa_desemprego,p.p. em relação ao benchmark,0.02713173876917351,0.023057791462739036,0.025825950331037913,-0.006861672948921191,0.07527175562922729
choque_10pct_temporario,temporario,0.9,0.09999999999999998,False,19,deficit_externo,p.p. do PIB em relação ao benchmark,-0.05078420020454114,-0.0496990706001621,0.01768824301952777,-0.07977563654791112,-0.02206852480989927
choque_10pct_temporario,temporario,0.9,0.09999999999999998,False,19,deficit_governo,p.p. do PIB em relação ao benchmark,0.10742271712118315,0.1023848211412215,0.047250737167506225,0.04014281114553417,0.1904044278257605
choque_10pct_temporario,temporario,0.9,0.09999999999999998,False,19,inflacao,p.p. em relação ao benchmark,0.09968286608067235,0.0916350175733216,0.055920188809518684,0.0232250185092997,0.184138114038187
choque_10pct_temporario,temporario,0.9,0.09999999999999998,False,19,pib_real,% em relação ao benchmark,-0.27759591977352904,-0.2653904988134892,0.05123819848106557,-0.38381151923428336,-0.212114032174735
choque_10pct_temporario,temporario,0.9,0.09999999999999998,False,19,taxa_desemprego,p.p. em relação ao benchmark,0.023003554200894193,0.016986487421171217,0.033197006923950854,-0.02580377982126382,0.0838708461725686
choque_10pct_temporario,temporario,0.9,0.09999999999999998,False,20,deficit_externo,p.p. do PIB em relação ao benchmark,-0.0716259598241284,-0.06613361151259797,0.02518629865133135,-0.12341644400896969,-0.043070769957410104
choque_10pct_temporario,temporario,0.9,0.09999999999999998,False,20,deficit_governo,p.p. do PIB em relação ao benchmark,0.07570028306273663,0.07567279923857001,0.043249370069724714,0.012092206220396529,0.15401458459689973
choque_10pct_temporario,temporario,0.9,0.09999999999999998,False,20,inflacao,p.p. em relação ao benchmark,0.02988688897316094,0.033763237410200375,0.04600691201819242,-0.04268864379808668,0.1004547122978061
choque_10pct_temporario,temporario,0.9,0.09999999999999998,False,20,pib_real,% em relação ao benchmark,-0.3053814107470184,-0.2961850376666242,0.0787849970884548,-0.45839460729174,-0.2117395781571535
choque_10pct_temporario,temporario,0.9,0.09999999999999998,False,20,taxa_desemprego,p.p. em relação ao benchmark,0.005762925517556985,0.0026566192254870447,0.03459555262383626,-0.040681760245618453,0.07232374430452429
choque_10pct_temporario,temporario,0.9,0.09999999999999998,False,21,deficit_externo,p.p. do PIB em relação ao benchmark,-0.08022918103917491,-0.07587334884343219,0.03463957357214064,-0.14013502705566944,-0.03536572809636774
choque_10pct_temporario,temporario,0.9,0.09999999999999998,False,21,deficit_governo,p.p. do PIB em relação ao benchmark,0.0623787623585112,0.0593029627726796,0.04073997693142812,0.0048792918052258105,0.13741256925624737
choque_10pct_temporario,temporario,0.9,0.09999999999999998,False,21,inflacao,p.p. em relação ao benchmark,-0.011644127433620532,-0.002491103027590924,0.06391376280973973,-0.14349795435000368,0.06833350594701691
choque_10pct_temporario,temporario,0.9,0.09999999999999998,False,21,pib_real,% em relação ao benchmark,-0.31225337520348606,-0.3022285490008991,0.09812609034135306,-0.47712205102339145,-0.18363945501332252
choque_10pct_temporario,temporario,0.9,0.09999999999999998,False,21,taxa_desemprego,p.p. em relação ao benchmark,0.005864250699049445,0.0039094343277971955,0.03801981335149218,-0.044277538682913134,0.07590592137801236
choque_10pct_temporario,temporario,0.9,0.09999999999999998,False,22,deficit_externo,p.p. do PIB em relação ao benchmark,-0.08197419384285906,-0.07670313735125747,0.03907586855256882,-0.1504870531960694,-0.032237791901186634
choque_10pct_temporario,temporario,0.9,0.09999999999999998,False,22,deficit_governo,p.p. do PIB em relação ao benchmark,0.05983166846876506,0.05604654177017443,0.034994732700393834,0.014525282434826314,0.11752281512285462
choque_10pct_temporario,temporario,0.9,0.09999999999999998,False,22,inflacao,p.p. em relação ao benchmark,-0.03927676615489384,-0.024959009745539884,0.08443810321382056,-0.1753388843236836,0.07270268830069425
choque_10pct_temporario,temporario,0.9,0.09999999999999998,False,22,pib_real,% em relação ao benchmark,-0.2869497765713086,-0.28162637957180325,0.09184544278643737,-0.45918738112295354,-0.15805127894305554
choque_10pct_temporario,temporario,0.9,0.09999999999999998,False,22,taxa_desemprego,p.p. em relação ao benchmark,-0.0007237730939005649,-0.003952125624057806,0.03298053609170514,-0.045337361627703215,0.055795770050702784
choque_10pct_temporario,temporario,0.9,0.09999999999999998,False,23,deficit_externo,p.p. do PIB em relação ao benchmark,-0.07073506141008006,-0.07055144260426326,0.034457357337880384,-0.12796092547800375,-0.020864252947302712
choque_10pct_temporario,temporario,0.9,0.09999999999999998,False,23,deficit_governo,p.p. do PIB em relação ao benchmark,0.03282217230245474,0.03497682788495965,0.027387598506689495,-0.012520200213586989,0.07329647513419175
choque_10pct_temporario,temporario,0.9,0.09999999999999998,False,23,inflacao,p.p. em relação ao benchmark,-0.04330774872840193,-0.038724813014190396,0.09140285900755347,-0.19997057683121433,0.0794700737266496
choque_10pct_temporario,temporario,0.9,0.09999999999999998,False,23,pib_real,% em relação ao benchmark,-0.23963832532182594,-0.23601623758748302,0.06815437200830511,-0.3569500680033061,-0.13903216498601212
choque_10pct_temporario,temporario,0.9,0.09999999999999998,False,23,taxa_desemprego,p.p. em relação ao benchmark,-0.02426265335267179,-0.02178966073963645,0.0277865519236809,-0.07329419281008498,0.019905359648080816
choque_10pct_temporario,temporario,0.9,0.09999999999999998,False,24,deficit_externo,p.p. do PIB em relação ao benchmark,-0.052471603605284925,-0.048910569773277096,0.02544536559415519,-0.09892176311876791,-0.014853047384902758
choque_10pct_temporario,temporario,0.9,0.09999999999999998,False,24,deficit_governo,p.p. do PIB em relação ao benchmark,0.0038030112633822832,0.009903829104075668,0.03976712299072507,-0.08609524510206884,0.05158342628282199
choque_10pct_temporario,temporario,0.9,0.09999999999999998,False,24,inflacao,p.p. em relação ao benchmark,-0.030734103668201618,-0.029103999349699983,0.08321493634066832,-0.17678344995371464,0.07754499710443286
choque_10pct_temporario,temporario,0.9,0.09999999999999998,False,24,pib_real,% em relação ao benchmark,-0.1780630107312663,-0.1866180659021499,0.058312005182702714,-0.2542281782904765,-0.08471170539621715
choque_10pct_temporario,temporario,0.9,0.09999999999999998,False,24,taxa_desemprego,p.p. em relação ao benchmark,-0.04865864172068321,-0.042033763157764414,0.03856183561746972,-0.141957234593377,-0.0044598962365926436
choque_10pct_temporario,temporario,0.9,0.09999999999999998,False,25,deficit_externo,p.p. do PIB em relação ao benchmark,-0.028207426576054094,-0.03353782073704792,0.026665563732325766,-0.062119646603868636,0.028928342647717948
choque_10pct_temporario,temporario,0.9,0.09999999999999998,False,25,deficit_governo,p.p. do PIB em relação ao benchmark,-0.015895350538786407,-0.007249843584247739,0.05689599824400235,-0.12404652563380289,0.05599885048228683
choque_10pct_temporario,temporario,0.9,0.09999999999999998,False,25,inflacao,p.p. em relação ao benchmark,0.002299535571879341,0.01606497353097147,0.0646966007488701,-0.10170752628936741,0.09503520955488898
choque_10pct_temporario,temporario,0.9,0.09999999999999998,False,25,pib_real,% em relação ao benchmark,-0.11785846511785236,-0.13599508390824133,0.09771856192670647,-0.24929107919516247,0.0724582058387268
choque_10pct_temporario,temporario,0.9,0.09999999999999998,False,25,taxa_desemprego,p.p. em relação ao benchmark,-0.06636940584010212,-0.05816361153872032,0.05630852924501226,-0.17617371063366769,0.005999629020401463
choque_20pct_permanente,permanente,0.8,0.19999999999999996,True,0,deficit_externo,p.p. do PIB em relação ao benchmark,0.0,0.0,0.0,0.0,0.0
choque_20pct_permanente,permanente,0.8,0.19999999999999996,True,0,deficit_governo,p.p. do PIB em relação ao benchmark,0.0,0.0,0.0,0.0,0.0
choque_20pct_permanente,permanente,0.8,0.19999999999999996,True,0,inflacao,p.p. em relação ao benchmark,0.0,0.0,0.0,0.0,0.0
choque_20pct_permanente,permanente,0.8,0.19999999999999996,True,0,pib_real,% em relação ao benchmark,0.0,0.0,0.0,0.0,0.0
choque_20pct_permanente,permanente,0.8,0.19999999999999996,True,0,taxa_desemprego,p.p. em relação ao benchmark,0.0,0.0,0.0,0.0,0.0
choque_20pct_permanente,permanente,0.8,0.19999999999999996,True,1,deficit_externo,p.p. do PIB em relação ao benchmark,0.0,0.0,0.0,0.0,0.0
choque_20pct_permanente,permanente,0.8,0.19999999999999996,True,1,deficit_governo,p.p. do PIB em relação ao benchmark,0.0,0.0,0.0,0.0,0.0
choque_20pct_permanente,permanente,0.8,0.19999999999999996,True,1,inflacao,p.p. em relação ao benchmark,0.0,0.0,0.0,0.0,0.0
choque_20pct_permanente,permanente,0.8,0.19999999999999996,True,1,pib_real,% em relação ao benchmark,0.0,0.0,0.0,0.0,0.0
choque_20pct_permanente,permanente,0.8,0.19999999999999996,True,1,taxa_desemprego,p.p. em relação ao benchmark,0.0,0.0,0.0,0.0,0.0
choque_20pct_permanente,permanente,0.8,0.19999999999999996,True,2,deficit_externo,p.p. do PIB em relação ao benchmark,0.0,0.0,0.0,0.0,0.0
choque_20pct_permanente,permanente,0.8,0.19999999999999996,True,2,deficit_governo,p.p. do PIB em relação ao benchmark,0.0,0.0,0.0,0.0,0.0
choque_20pct_permanente,permanente,0.8,0.19999999999999996,True,2,inflacao,p.p. em relação ao benchmark,0.0,0.0,0.0,0.0,0.0
choque_20pct_permanente,permanente,0.8,0.19999999999999996,True,2,pib_real,% em relação ao benchmark,0.0,0.0,0.0,0.0,0.0
choque_20pct_permanente,permanente,0.8,0.19999999999999996,True,2,taxa_desemprego,p.p. em relação ao benchmark,0.0,0.0,0.0,0.0,0.0
choque_20pct_permanente,permanente,0.8,0.19999999999999996,True,3,deficit_externo,p.p. do PIB em relação ao benchmark,0.0,0.0,0.0,0.0,0.0
choque_20pct_permanente,permanente,0.8,0.19999999999999996,True,3,deficit_governo,p.p. do PIB em relação ao benchmark,0.0,0.0,0.0,0.0,0.0
choque_20pct_permanente,permanente,0.8,0.19999999999999996,True,3,inflacao,p.p. em relação ao benchmark,0.0,0.0,0.0,0.0,0.0
choque_20pct_permanente,permanente,0.8,0.19999999999999996,True,3,pib_real,% em relação ao benchmark,0.0,0.0,0.0,0.0,0.0
choque_20pct_permanente,permanente,0.8,0.19999999999999996,True,3,taxa_desemprego,p.p. em relação ao benchmark,0.0,0.0,0.0,0.0,0.0
choque_20pct_permanente,permanente,0.8,0.19999999999999996,True,4,deficit_externo,p.p. do PIB em relação ao benchmark,0.0,0.0,0.0,0.0,0.0
choque_20pct_permanente,permanente,0.8,0.19999999999999996,True,4,deficit_governo,p.p. do PIB em relação ao benchmark,0.0,0.0,0.0,0.0,0.0
choque_20pct_permanente,permanente,0.8,0.19999999999999996,True,4,inflacao,p.p. em relação ao benchmark,0.0,0.0,0.0,0.0,0.0
choque_20pct_permanente,permanente,0.8,0.19999999999999996,True,4,pib_real,% em relação ao benchmark,0.0,0.0,0.0,0.0,0.0
choque_20pct_permanente,permanente,0.8,0.19999999999999996,True,4,taxa_desemprego,p.p. em relação ao benchmark,0.0,0.0,0.0,0.0,0.0
choque_20pct_permanente,permanente,0.8,0.19999999999999996,True,5,deficit_externo,p.p. do PIB em relação ao benchmark,-0.017001948719107204,-0.017598589677122155,0.00503739778892944,-0.02683074463654074,-0.0074095547477847235
choque_20pct_permanente,permanente,0.8,0.19999999999999996,True,5,deficit_governo,p.p. do PIB em relação ao benchmark,0.15132220603104993,0.15490159539694667,0.027112244691155897,0.10008835383526017,0.19654277479670526
choque_20pct_permanente,permanente,0.8,0.19999999999999996,True,5,inflacao,p.p. em relação ao benchmark,0.35541060688053294,0.34755928450711515,0.04812026407202027,0.30161808651998245,0.4460230062544479
choque_20pct_permanente,permanente,0.8,0.19999999999999996,True,5,pib_real,% em relação ao benchmark,-0.47810014117627486,-0.45605529256396715,0.08913081230001053,-0.6111465140105193,-0.36639137040387626
choque_20pct_permanente,permanente,0.8,0.19999999999999996,True,5,taxa_desemprego,p.p. em relação ao benchmark,0.20755346507930497,0.17015455789231027,0.09841326179981655,0.10909841611000275,0.446134717984829
choque_20pct_permanente,permanente,0.8,0.19999999999999996,True,6,deficit_externo,p.p. do PIB em relação ao benchmark,-0.08183921817717364,-0.07431261918531534,0.024607402104675935,-0.13163205259590324,-0.05293866041175067
choque_20pct_permanente,permanente,0.8,0.19999999999999996,True,6,deficit_governo,p.p. do PIB em relação ao benchmark,0.3949136672902929,0.37979156637963296,0.05482545845457416,0.3195912810513299,0.4970491325037573
choque_20pct_permanente,permanente,0.8,0.19999999999999996,True,6,inflacao,p.p. em relação ao benchmark,0.46190169522018953,0.47710684072447274,0.06573988116602773,0.30810625718955653,0.5331609063838426
choque_20pct_permanente,permanente,0.8,0.19999999999999996,True,6,pib_real,% em relação ao benchmark,-0.9630840021089306,-0.9550884436580143,0.05836661886498163,-1.0664176435348394,-0.8873968639268248
choque_20pct_permanente,permanente,0.8,0.19999999999999996,True,6,taxa_desemprego,p.p. em relação ao benchmark,0.2818719993638146,0.2547358126869015,0.09296076588742479,0.1766228815736505,0.4664081439371079
choque_20pct_permanente,permanente,0.8,0.19999999999999996,True,7,deficit_externo,p.p. do PIB em relação ao benchmark,-0.12451432211184692,-0.11749427574735631,0.0353230769596754,-0.19645916892459672,-0.08023947950202703
choque_20pct_permanente,permanente,0.8,0.19999999999999996,True,7,deficit_governo,p.p. do PIB em relação ao benchmark,0.4783973894689033,0.4777093742244068,0.06360696645317389,0.3705782189984686,0.5822277863882429
choque_20pct_permanente,permanente,0.8,0.19999999999999996,True,7,inflacao,p.p. em relação ao benchmark,0.6904769084276938,0.7220612482144451,0.09614346421922591,0.49121092861090343,0.8043102040807648
choque_20pct_permanente,permanente,0.8,0.19999999999999996,True,7,pib_real,% em relação ao benchmark,-1.5718631831826733,-1.566055781168696,0.05256397436546558,-1.6549162034379894,-1.5000593732200713
choque_20pct_permanente,permanente,0.8,0.19999999999999996,True,7,taxa_desemprego,p.p. em relação ao benchmark,0.36208111438964535,0.33173018250024083,0.11383266992012674,0.20987236113544508,0.5832314936404287
choque_20pct_permanente,permanente,0.8,0.19999999999999996,True,8,deficit_externo,p.p. do PIB em relação ao benchmark,-0.2611670026559372,-0.24947451818414784,0.04699049076896596,-0.3498646156294779,-0.1978792307563509
choque_20pct_permanente,permanente,0.8,0.19999999999999996,True,8,deficit_governo,p.p. do PIB em relação ao benchmark,0.6704031945390517,0.6625314096138063,0.07307008776898632,0.5611788286251427,0.8118759210016787
choque_20pct_permanente,permanente,0.8,0.19999999999999996,True,8,inflacao,p.p. em relação ao benchmark,0.7367079343431316,0.758823352889415,0.12494093560006561,0.5148230854328406,0.886465160778872
choque_20pct_permanente,permanente,0.8,0.19999999999999996,True,8,pib_real,% em relação ao benchmark,-2.316825169894824,-2.312268495361164,0.06484405461132908,-2.4298367889996992,-2.2143107475318473
choque_20pct_permanente,permanente,0.8,0.19999999999999996,True,8,taxa_desemprego,p.p. em relação ao benchmark,0.5120606373327601,0.4806150917995536,0.12172693569041973,0.3555127980813747,0.7566576282203201
choque_20pct_permanente,permanente,0.8,0.19999999999999996,True,9,deficit_externo,p.p. do PIB em relação ao benchmark,-0.3576324285558373,-0.3486233569449848,0.05725093516607521,-0.4563444914968109,-0.2834846690277011
choque_20pct_permanente,permanente,0.8,0.19999999999999996,True,9,deficit_governo,p.p. do PIB em relação ao benchmark,0.7846896117815448,0.7693057382256424,0.06649523073335713,0.691643012503325,0.8796277449080736
choque_20pct_permanente,permanente,0.8,0.19999999999999996,True,9,inflacao,p.p. em relação ao benchmark,0.8041280396092882,0.8142925572774851,0.14883549675089175,0.5437185007618284,0.9977927854822544
choque_20pct_permanente,permanente,0.8,0.19999999999999996,True,9,pib_real,% em relação ao benchmark,-3.094004318226652,-3.094229002940241,0.0747724454254153,-3.220167203447851,-2.978911730202191
choque_20pct_permanente,permanente,0.8,0.19999999999999996,True,9,taxa_desemprego,p.p. em relação ao benchmark,0.6535649052557456,0.6359288194134873,0.10641093648083165,0.4986930027408041,0.8408826674734295
choque_20pct_permanente,permanente,0.8,0.19999999999999996,True,10,deficit_externo,p.p. do PIB em relação ao benchmark,-0.4936955539879596,-0.4756267707082088,0.06905254657196812,-0.6229665734311427,-0.4072007850689099
choque_20pct_permanente,permanente,0.8,0.19999999999999996,True,10,deficit_governo,p.p. do PIB em relação ao benchmark,0.8949532198722437,0.8922961116056921,0.07467585278781114,0.7727174845004392,1.018925288384797
choque_20pct_permanente,permanente,0.8,0.19999999999999996,True,10,inflacao,p.p. em relação ao benchmark,0.7890742589832351,0.8127912728123299,0.17251821125453526,0.4612539367720536,1.0118414535321263
choque_20pct_permanente,permanente,0.8,0.19999999999999996,True,10,pib_real,% em relação ao benchmark,-3.8449361976911023,-3.8380073152338765,0.10166360755016184,-4.009150946030593,-3.688552557386925
choque_20pct_permanente,permanente,0.8,0.19999999999999996,True,10,taxa_desemprego,p.p. em relação ao benchmark,0.830026404787294,0.8023540203788329,0.127143689271269,0.6408450804596436,1.067041291381874
choque_20pct_permanente,permanente,0.8,0.19999999999999996,True,11,deficit_externo,p.p. do PIB em relação ao benchmark,-0.6006914734502148,-0.5875748384126858,0.07749309191084189,-0.7549382148748203,-0.5012098347429251
choque_20pct_permanente,permanente,0.8,0.19999999999999996,True,11,deficit_governo,p.p. do PIB em relação ao benchmark,0.9508093589606061,0.9406174323275368,0.08562815250609518,0.8248276022891086,1.104895517011603
choque_20pct_permanente,permanente,0.8,0.19999999999999996,True,11,inflacao,p.p. em relação ao benchmark,0.797026035019428,0.8359239049752887,0.19379427019507883,0.41862646804120884,1.051830764724928
choque_20pct_permanente,permanente,0.8,0.19999999999999996,True,11,pib_real,% em relação ao benchmark,-4.540333724266571,-4.531446081626056,0.1273821386502833,-4.770725577178786,-4.343265180914375
choque_20pct_permanente,permanente,0.8,0.19999999999999996,True,11,taxa_desemprego,p.p. em relação ao benchmark,1.0024300713942984,0.9852220998743243,0.1446607348068021,0.8015490738858572,1.2424419955906292
choque_20pct_permanente,permanente,0.8,0.19999999999999996,True,12,deficit_externo,p.p. do PIB em relação ao benchmark,-0.7306276921554874,-0.7190097439697891,0.08861638007315757,-0.8682621874616177,-0.606903635674814
choque_20pct_permanente,permanente,0.8,0.19999999999999996,True,12,deficit_governo,p.p. do PIB em relação ao benchmark,1.0087183042511836,1.0069384767098108,0.10713340639069467,0.8577387274228636,1.2036579258953837
choque_20pct_permanente,permanente,0.8,0.19999999999999996,True,12,inflacao,p.p. em relação ao benchmark,0.7778839528474066,0.8224046267389817,0.21746168796693355,0.40806370534566483,1.0591576411163184
choque_20pct_permanente,permanente,0.8,0.19999999999999996,True,12,pib_real,% em relação ao benchmark,-5.222617016525096,-5.214433985547295,0.1624393410579125,-5.483684586724266,-4.988747424678258
choque_20pct_permanente,permanente,0.8,0.19999999999999996,True,12,taxa_desemprego,p.p. em relação ao benchmark,1.1834780151379654,1.1580327057983786,0.16512369326056803,0.9361608471792382,1.4410366148122669
choque_20pct_permanente,permanente,0.8,0.19999999999999996,True,13,deficit_externo,p.p. do PIB em relação ao benchmark,-0.879373930511842,-0.8643367521853449,0.09923398846535077,-1.0414221242370905,-0.7305314879724916
choque_20pct_permanente,permanente,0.8,0.19999999999999996,True,13,deficit_governo,p.p. do PIB em relação ao benchmark,1.0832300756706688,1.0707481965260834,0.12748980757945416,0.9078704635962321,1.2838662475791278
choque_20pct_permanente,permanente,0.8,0.19999999999999996,True,13,inflacao,p.p. em relação ao benchmark,0.7239749613618922,0.745490377816127,0.2515678597946619,0.2734190563155203,1.0873322761397697
choque_20pct_permanente,permanente,0.8,0.19999999999999996,True,13,pib_real,% em relação ao benchmark,-5.987920189244083,-5.9878757129403155,0.21136645157202,-6.334865997278388,-5.680350014530401
choque_20pct_permanente,permanente,0.8,0.19999999999999996,True,13,taxa_desemprego,p.p. em relação ao benchmark,1.393595974773439,1.3686648733333404,0.17882747192102383,1.1016955962260468,1.7269831720515285
choque_20pct_permanente,permanente,0.8,0.19999999999999996,True,14,deficit_externo,p.p. do PIB em relação ao benchmark,-1.0846053524261647,-1.066131886234329,0.11219505419882428,-1.2482832416894472,-0.9213353898798112
choque_20pct_permanente,permanente,0.8,0.19999999999999996,True,14,deficit_governo,p.p. do PIB em relação ao benchmark,1.2000365421035784,1.2203854273283326,0.13439196562227032,1.0153161159938267,1.426080077193998
choque_20pct_permanente,permanente,0.8,0.19999999999999996,True,14,inflacao,p.p. em relação ao benchmark,0.49558983080348007,0.5033874679689965,0.30785866588316935,0.022316487181972548,0.9363420442904602
choque_20pct_permanente,permanente,0.8,0.19999999999999996,True,14,pib_real,% em relação ao benchmark,-6.850737189814868,-6.869734476068773,0.23454911318345392,-7.22466052836484,-6.507641729958977
choque_20pct_permanente,permanente,0.8,0.19999999999999996,True,14,taxa_desemprego,p.p. em relação ao benchmark,1.6074417921765372,1.5950043838405294,0.18364710670452072,1.3189886377644393,1.9556162470346201
choque_20pct_permanente,permanente,0.8,0.19999999999999996,True,15,deficit_externo,p.p. do PIB em relação ao benchmark,-1.3303735793925295,-1.3163614642095427,0.12480126571285857,-1.5440280402223856,-1.159382556312614
choque_20pct_permanente,permanente,0.8,0.19999999999999996,True,15,deficit_governo,p.p. do PIB em relação ao benchmark,1.289698329501781,1.287655765161687,0.1143625937563958,1.1346044604250476,1.4866655967114422
choque_20pct_permanente,permanente,0.8,0.19999999999999996,True,15,inflacao,p.p. em relação ao benchmark,-0.04800247816041203,-0.051040418559589185,0.40498191699886243,-0.7076796917727113,0.5596564875934251
choque_20pct_permanente,permanente,0.8,0.19999999999999996,True,15,pib_real,% em relação ao benchmark,-7.446764194305371,-7.432965899073546,0.22522423909491265,-7.845553522332188,-7.11024277643607
choque_20pct_permanente,permanente,0.8,0.19999999999999996,True,15,taxa_desemprego,p.p. em relação ao benchmark,1.7139758107998704,1.682024758749484,0.1818540372847853,1.4230855054613774,1.9811734828870564
choque_20pct_permanente,permanente,0.8,0.19999999999999996,True,16,deficit_externo,p.p. do PIB em relação ao benchmark,-1.7474429076468825,-1.730374691462882,0.15653625089131074,-2.0146704720465367,-1.5531352479030314
choque_20pct_permanente,permanente,0.8,0.19999999999999996,True,16,deficit_governo,p.p. do PIB em relação ao benchmark,1.4422499000950149,1.440712648279332,0.12522592937616808,1.2397721408197366,1.644698289017734
choque_20pct_permanente,permanente,0.8,0.19999999999999996,True,16,inflacao,p.p. em relação ao benchmark,-1.2151637993173827,-1.108335719543807,0.517642152486677,-2.0565756899820875,-0.49876069415155655
choque_20pct_permanente,permanente,0.8,0.19999999999999996,True,16,pib_real,% em relação ao benchmark,-7.972487276190675,-7.967810825074883,0.2017886740281505,-8.277938767868458,-7.682343432369514
choque_20pct_permanente,permanente,0.8,0.19999999999999996,True,16,taxa_desemprego,p.p. em relação ao benchmark,1.5747428919449595,1.5725806021584008,0.1972523065700057,1.2913396194700457,1.8641113599505887
choque_20pct_permanente,permanente,0.8,0.19999999999999996,True,17,deficit_externo,p.p. do PIB em relação ao benchmark,-2.3578270281258735,-2.3651807797632936,0.1845504193561344,-2.68453460634232,-2.064278895956252
choque_20pct_permanente,permanente,0.8,0.19999999999999996,True,17,deficit_governo,p.p. do PIB em relação ao benchmark,1.4501187196889098,1.4642149816186243,0.1793501505798909,1.06349252604223,1.6779614800374687
choque_20pct_permanente,permanente,0.8,0.19999999999999996,True,17,inflacao,p.p. em relação ao benchmark,-2.96729876182122,-3.011599529101394,0.6020468665408822,-3.9508069295860335,-2.119964417684196
choque_20pct_permanente,permanente,0.8,0.19999999999999996,True,17,pib_real,% em relação ao benchmark,-8.647722568677938,-8.616024610520256,0.21922557587430383,-8.96373951622141,-8.312263541017614
choque_20pct_permanente,permanente,0.8,0.19999999999999996,True,17,taxa_desemprego,p.p. em relação ao benchmark,1.1889879731168833,1.1950295470837955,0.19357194041304107,0.8792731753914054,1.4567917945774538
choque_20pct_permanente,permanente,0.8,0.19999999999999996,True,18,deficit_externo,p.p. do PIB em relação ao benchmark,-2.8922210248243836,-2.880895699104176,0.17825203010932147,-3.190474367633567,-2.60858222746748
choque_20pct_permanente,permanente,0.8,0.19999999999999996,True,18,deficit_governo,p.p. do PIB em relação ao benchmark,0.8961774369644712,0.8918151172902498,0.3056084286584,0.3135401351438831,1.316039862455887
choque_20pct_permanente,permanente,0.8,0.19999999999999996,True,18,inflacao,p.p. em relação ao benchmark,-4.666065145891767,-4.586513749021936,0.5762339207167666,-5.726516465280058,-4.0048135292904545
choque_20pct_permanente,permanente,0.8,0.19999999999999996,True,18,pib_real,% em relação ao benchmark,-9.01240275663873,-9.066518702031384,0.27737491470053155,-9.363580932888164,-8.44911759023293
choque_20pct_permanente,permanente,0.8,0.19999999999999996,True,18,taxa_desemprego,p.p. em relação ao benchmark,0.609359766810144,0.6321687878985411,0.213033165863479,0.23554406213654136,0.8903771153862106
choque_20pct_permanente,permanente,0.8,0.19999999999999996,True,19,deficit_externo,p.p. do PIB em relação ao benchmark,-2.90599375223002,-2.9395113895504643,0.23343850958364204,-3.2299600596359257,-2.513568194108968
choque_20pct_permanente,permanente,0.8,0.19999999999999996,True,19,deficit_governo,p.p. do PIB em relação ao benchmark,-0.11790043172707229,-0.10103773979244779,0.3304565835547059,-0.5691916488723602,0.37930133417860346
choque_20pct_permanente,permanente,0.8,0.19999999999999996,True,19,inflacao,p.p. em relação ao benchmark,-5.10891509554145,-5.0944913212503495,0.6110125078399635,-6.121363562446653,-4.178844913756223
choque_20pct_permanente,permanente,0.8,0.19999999999999996,True,19,pib_real,% em relação ao benchmark,-8.759206426545521,-8.815812203819878,0.43132996319704137,-9.35429679781756,-8.000268571883796
choque_20pct_permanente,permanente,0.8,0.19999999999999996,True,19,taxa_desemprego,p.p. em relação ao benchmark,-0.054757538917091626,-0.040544471535271936,0.26411937621237064,-0.48813452041835803,0.3594893207840058
choque_20pct_permanente,permanente,0.8,0.19999999999999996,True,20,deficit_externo,p.p. do PIB em relação ao benchmark,-2.418504484892823,-2.427928807916146,0.31491799838739204,-2.8753086936723546,-1.9372264502975938
choque_20pct_permanente,permanente,0.8,0.19999999999999996,True,20,deficit_governo,p.p. do PIB em relação ao benchmark,-0.8311583681765944,-0.8369139266650921,0.33792440725541883,-1.3743463244848453,-0.3254613859947934
choque_20pct_permanente,permanente,0.8,0.19999999999999996,True,20,inflacao,p.p. em relação ao benchmark,-4.124880990368377,-4.191129205303012,0.7981474659790925,-5.399119046800641,-2.8578278999475484
choque_20pct_permanente,permanente,0.8,0.19999999999999996,True,20,pib_real,% em relação ao benchmark,-7.837383482723157,-7.895662602913761,0.6324635842238974,-8.746703011644207,-6.839359897790555
choque_20pct_permanente,permanente,0.8,0.19999999999999996,True,20,taxa_desemprego,p.p. em relação ao benchmark,-0.5611595805129896,-0.5821302572288751,0.2921152520901688,-1.0411625216801625,-0.12445747720575705
choque_20pct_permanente,permanente,0.8,0.19999999999999996,True,21,deficit_externo,p.p. do PIB em relação ao benchmark,-1.6225460762748976,-1.6378054921868554,0.35364427143363314,-2.162676366381717,-1.0552383124288363
choque_20pct_permanente,permanente,0.8,0.19999999999999996,True,21,deficit_governo,p.p. do PIB em relação ao benchmark,-1.280112084865617,-1.2675513477037714,0.32735537160838163,-1.8135644802653605,-0.7137502054852871
choque_20pct_permanente,permanente,0.8,0.19999999999999996,True,21,inflacao,p.p. em relação ao benchmark,-2.1735239869438523,-2.1346184203976826,0.9128296476443868,-3.4913629797844745,-0.8105279003900513
choque_20pct_permanente,permanente,0.8,0.19999999999999996,True,21,pib_real,% em relação ao benchmark,-6.351777088048793,-6.383588896298331,0.7358458768185498,-7.547897533648222,-5.2669201830281205
choque_20pct_permanente,permanente,0.8,0.19999999999999996,True,21,taxa_desemprego,p.p. em relação ao benchmark,-1.0395107019259222,-1.0389255467467078,0.32691053244954915,-1.608431608180501,-0.49333779538579153
choque_20pct_permanente,permanente,0.8,0.19999999999999996,True,22,deficit_externo,p.p. do PIB em relação ao benchmark,-0.7367444711494664,-0.7316811159471224,0.3436051929378512,-1.342003838916983,-0.22150214070888308
choque_20pct_permanente,permanente,0.8,0.19999999999999996,True,22,deficit_governo,p.p. do PIB em relação ao benchmark,-1.6831634532826678,-1.6812450090969933,0.3167476880230459,-2.194131198760924,-1.107011488880671
choque_20pct_permanente,permanente,0.8,0.19999999999999996,True,22,inflacao,p.p. em relação ao benchmark,0.29277867363187204,0.3574588273639767,0.9472942055397933,-1.2826597309287935,1.8066818258478479
choque_20pct_permanente,permanente,0.8,0.19999999999999996,True,22,pib_real,% em relação ao benchmark,-5.08172056327033,-4.981096788367478,0.7061133259588264,-6.176571255729334,-3.836657095792961
choque_20pct_permanente,permanente,0.8,0.19999999999999996,True,22,taxa_desemprego,p.p. em relação ao benchmark,-1.4361765558492496,-1.4393894471917807,0.3508275235455652,-2.040312921974624,-0.8313529140704587
choque_20pct_permanente,permanente,0.8,0.19999999999999996,True,23,deficit_externo,p.p. do PIB em relação ao benchmark,-0.08135497383673851,-0.04253972849140551,0.29576090837821806,-0.5649943701919218,0.4081469651423226
choque_20pct_permanente,permanente,0.8,0.19999999999999996,True,23,deficit_governo,p.p. do PIB em relação ao benchmark,-1.5913701397265447,-1.6042911419856436,0.41170174659001957,-2.2401688967877798,-0.8804916473968181
choque_20pct_permanente,permanente,0.8,0.19999999999999996,True,23,inflacao,p.p. em relação ao benchmark,2.702577006479204,2.7752913100418386,0.8612658844697392,1.0033367702889184,4.005270120837735
choque_20pct_permanente,permanente,0.8,0.19999999999999996,True,23,pib_real,% em relação ao benchmark,-4.786876719680116,-4.829686695731844,0.75931711748151,-6.189963717344324,-3.6821683399671463
choque_20pct_permanente,permanente,0.8,0.19999999999999996,True,23,taxa_desemprego,p.p. em relação ao benchmark,-1.2889079295413028,-1.282638981617295,0.4538541242570218,-2.033087995703472,-0.4015169429012931
choque_20pct_permanente,permanente,0.8,0.19999999999999996,True,24,deficit_externo,p.p. do PIB em relação ao benchmark,0.06428226420397463,0.08483504011655205,0.3311066611075231,-0.5334017678492381,0.5028723490257689
choque_20pct_permanente,permanente,0.8,0.19999999999999996,True,24,deficit_governo,p.p. do PIB em relação ao benchmark,-0.7295468017679299,-0.740962971360723,0.5595308335340177,-1.666258064153805,0.19544010882124427
choque_20pct_permanente,permanente,0.8,0.19999999999999996,True,24,inflacao,p.p. em relação ao benchmark,4.575484267466811,4.521547359333122,0.7411462219340521,3.3203052386756196,5.770585720342677
choque_20pct_permanente,permanente,0.8,0.19999999999999996,True,24,pib_real,% em relação ao benchmark,-6.032211918140101,-5.928889182509561,1.079336042409869,-8.016317688476052,-4.402981863569737
choque_20pct_permanente,permanente,0.8,0.19999999999999996,True,24,taxa_desemprego,p.p. em relação ao benchmark,-0.3818012353380269,-0.3934158729530915,0.6093036657992523,-1.3787520413134573,0.6728510674321563
choque_20pct_permanente,permanente,0.8,0.19999999999999996,True,25,deficit_externo,p.p. do PIB em relação ao benchmark,-0.5358334543950056,-0.4764670483248374,0.5012257989332503,-1.336120760255725,0.2143680867451317
choque_20pct_permanente,permanente,0.8,0.19999999999999996,True,25,deficit_governo,p.p. do PIB em relação ao benchmark,0.7725789968501542,0.7389634760525038,0.6720849742629039,-0.2434060268044094,1.8573836534397576
choque_20pct_permanente,permanente,0.8,0.19999999999999996,True,25,inflacao,p.p. em relação ao benchmark,5.357105556412324,5.365852261633586,0.7937936537654106,4.0161275740147975,6.444639653604882
choque_20pct_permanente,permanente,0.8,0.19999999999999996,True,25,pib_real,% em relação ao benchmark,-9.093562743656786,-9.13621346219507,1.5673554835433399,-11.46565686032831,-6.289260970155878
choque_20pct_permanente,permanente,0.8,0.19999999999999996,True,25,taxa_desemprego,p.p. em relação ao benchmark,1.1444438141363378,1.1651131527282255,0.714235431462095,-0.017302359862626918,2.2968103535457765
choque_20pct_temporario,temporario,0.8,0.19999999999999996,False,0,deficit_externo,p.p. do PIB em relação ao benchmark,0.0,0.0,0.0,0.0,0.0
choque_20pct_temporario,temporario,0.8,0.19999999999999996,False,0,deficit_governo,p.p. do PIB em relação ao benchmark,0.0,0.0,0.0,0.0,0.0
choque_20pct_temporario,temporario,0.8,0.19999999999999996,False,0,inflacao,p.p. em relação ao benchmark,0.0,0.0,0.0,0.0,0.0
choque_20pct_temporario,temporario,0.8,0.19999999999999996,False,0,pib_real,% em relação ao benchmark,0.0,0.0,0.0,0.0,0.0
choque_20pct_temporario,temporario,0.8,0.19999999999999996,False,0,taxa_desemprego,p.p. em relação ao benchmark,0.0,0.0,0.0,0.0,0.0
choque_20pct_temporario,temporario,0.8,0.19999999999999996,False,1,deficit_externo,p.p. do PIB em relação ao benchmark,0.0,0.0,0.0,0.0,0.0
choque_20pct_temporario,temporario,0.8,0.19999999999999996,False,1,deficit_governo,p.p. do PIB em relação ao benchmark,0.0,0.0,0.0,0.0,0.0
choque_20pct_temporario,temporario,0.8,0.19999999999999996,False,1,inflacao,p.p. em relação ao benchmark,0.0,0.0,0.0,0.0,0.0
choque_20pct_temporario,temporario,0.8,0.19999999999999996,False,1,pib_real,% em relação ao benchmark,0.0,0.0,0.0,0.0,0.0
choque_20pct_temporario,temporario,0.8,0.19999999999999996,False,1,taxa_desemprego,p.p. em relação ao benchmark,0.0,0.0,0.0,0.0,0.0
choque_20pct_temporario,temporario,0.8,0.19999999999999996,False,2,deficit_externo,p.p. do PIB em relação ao benchmark,0.0,0.0,0.0,0.0,0.0
choque_20pct_temporario,temporario,0.8,0.19999999999999996,False,2,deficit_governo,p.p. do PIB em relação ao benchmark,0.0,0.0,0.0,0.0,0.0
choque_20pct_temporario,temporario,0.8,0.19999999999999996,False,2,inflacao,p.p. em relação ao benchmark,0.0,0.0,0.0,0.0,0.0
choque_20pct_temporario,temporario,0.8,0.19999999999999996,False,2,pib_real,% em relação ao benchmark,0.0,0.0,0.0,0.0,0.0
choque_20pct_temporario,temporario,0.8,0.19999999999999996,False,2,taxa_desemprego,p.p. em relação ao benchmark,0.0,0.0,0.0,0.0,0.0
choque_20pct_temporario,temporario,0.8,0.19999999999999996,False,3,deficit_externo,p.p. do PIB em relação ao benchmark,0.0,0.0,0.0,0.0,0.0
choque_20pct_temporario,temporario,0.8,0.19999999999999996,False,3,deficit_governo,p.p. do PIB em relação ao benchmark,0.0,0.0,0.0,0.0,0.0
choque_20pct_temporario,temporario,0.8,0.19999999999999996,False,3,inflacao,p.p. em relação ao benchmark,0.0,0.0,0.0,0.0,0.0
choque_20pct_temporario,temporario,0.8,0.19999999999999996,False,3,pib_real,% em relação ao benchmark,0.0,0.0,0.0,0.0,0.0
choque_20pct_temporario,temporario,0.8,0.19999999999999996,False,3,taxa_desemprego,p.p. em relação ao benchmark,0.0,0.0,0.0,0.0,0.0
choque_20pct_temporario,temporario,0.8,0.19999999999999996,False,4,deficit_externo,p.p. do PIB em relação ao benchmark,0.0,0.0,0.0,0.0,0.0
choque_20pct_temporario,temporario,0.8,0.19999999999999996,False,4,deficit_governo,p.p. do PIB em relação ao benchmark,0.0,0.0,0.0,0.0,0.0
choque_20pct_temporario,temporario,0.8,0.19999999999999996,False,4,inflacao,p.p. em relação ao benchmark,0.0,0.0,0.0,0.0,0.0
choque_20pct_temporario,temporario,0.8,0.19999999999999996,False,4,pib_real,% em relação ao benchmark,0.0,0.0,0.0,0.0,0.0
choque_20pct_temporario,temporario,0.8,0.19999999999999996,False,4,taxa_desemprego,p.p. em relação ao benchmark,0.0,0.0,0.0,0.0,0.0
choque_20pct_temporario,temporario,0.8,0.19999999999999996,False,5,deficit_externo,p.p. do PIB em relação ao benchmark,-0.017001948719107204,-0.017598589677122155,0.00503739778892944,-0.02683074463654074,-0.0074095547477847235
choque_20pct_temporario,temporario,0.8,0.19999999999999996,False,5,deficit_governo,p.p. do PIB em relação ao benchmark,0.15132220603104993,0.15490159539694667,0.027112244691155897,0.10008835383526017,0.19654277479670526
choque_20pct_temporario,temporario,0.8,0.19999999999999996,False,5,inflacao,p.p. em relação ao benchmark,0.35541060688053294,0.34755928450711515,0.04812026407202027,0.30161808651998245,0.4460230062544479
choque_20pct_temporario,temporario,0.8,0.19999999999999996,False,5,pib_real,% em relação ao benchmark,-0.47810014117627486,-0.45605529256396715,0.08913081230001053,-0.6111465140105193,-0.36639137040387626
choque_20pct_temporario,temporario,0.8,0.19999999999999996,False,5,taxa_desemprego,p.p. em relação ao benchmark,0.20755346507930497,0.17015455789231027,0.09841326179981655,0.10909841611000275,0.446134717984829
choque_20pct_temporario,temporario,0.8,0.19999999999999996,False,6,deficit_externo,p.p. do PIB em relação ao benchmark,-0.07530861242261905,-0.07026987061394098,0.021580049526692676,-0.12324737381732798,-0.049583825684424036
choque_20pct_temporario,temporario,0.8,0.19999999999999996,False,6,deficit_governo,p.p. do PIB em relação ao benchmark,0.30888018966331054,0.29941751946031336,0.03935485871513014,0.26452754852371574,0.3833362713239135
choque_20pct_temporario,temporario,0.8,0.19999999999999996,False,6,inflacao,p.p. em relação ao benchmark,-0.022407919333081505,-0.008040861312741399,0.06907968404905741,-0.16687906738005132,0.07323223543746367
choque_20pct_temporario,temporario,0.8,0.19999999999999996,False,6,pib_real,% em relação ao benchmark,-0.3380287996345148,-0.33171573944241195,0.0511535256453137,-0.44296505956808563,-0.27256362662694267
choque_20pct_temporario,temporario,0.8,0.19999999999999996,False,6,taxa_desemprego,p.p. em relação ao benchmark,0.03795533360164548,0.04591589729901965,0.0327779889590395,-0.03610775235194069,0.07670561156165288
choque_20pct_temporario,temporario,0.8,0.19999999999999996,False,7,deficit_externo,p.p. do PIB em relação ao benchmark,-0.06529731195878179,-0.06568320765914862,0.010552123828769626,-0.07899218851497829,-0.05005603690460194
choque_20pct_temporario,temporario,0.8,0.19999999999999996,False,7,deficit_governo,p.p. do PIB em relação ao benchmark,0.15743094714171302,0.17859694405674142,0.06616981021631747,0.022787377178497898,0.24137124014081904
choque_20pct_temporario,temporario,0.8,0.19999999999999996,False,7,inflacao,p.p. em relação ao benchmark,0.09729993931374947,0.10336390403030693,0.06285970382026285,-0.014652069619375263,0.1881392693652406
choque_20pct_temporario,temporario,0.8,0.19999999999999996,False,7,pib_real,% em relação ao benchmark,-0.4097453427359231,-0.4142522120904657,0.07979215539897588,-0.5485987650020285,-0.2798159644670195
choque_20pct_temporario,temporario,0.8,0.19999999999999996,False,7,taxa_desemprego,p.p. em relação ao benchmark,0.05914746461250156,0.07196310578635248,0.057942576198124665,-0.06291920209651386,0.12588329802748474
choque_20pct_temporario,temporario,0.8,0.19999999999999996,False,8,deficit_externo,p.p. do PIB em relação ao benchmark,-0.18354704618526227,-0.18154550910686656,0.01329927267244369,-0.19885243994640364,-0.1670765138159482
choque_20pct_temporario,temporario,0.8,0.19999999999999996,False,8,deficit_governo,p.p. do PIB em relação ao benchmark,0.332199420287979,0.3354252482484853,0.031162517274261465,0.27423224898134085,0.3802353152484683
choque_20pct_temporario,temporario,0.8,0.19999999999999996,False,8,inflacao,p.p. em relação ao benchmark,-0.052890205370335286,-0.03777813248001527,0.06382426912180551,-0.16347539023341406,0.019938797366313418
choque_20pct_temporario,temporario,0.8,0.19999999999999996,False,8,pib_real,% em relação ao benchmark,-0.6828066139250568,-0.6930425827366637,0.08375928377298437,-0.8095572339814189,-0.5478287937506843
choque_20pct_temporario,temporario,0.8,0.19999999999999996,False,8,taxa_desemprego,p.p. em relação ao benchmark,0.17713925317591836,0.1773427212486911,0.03100752428255873,0.12275451009956986,0.22300223101292238
choque_20pct_temporario,temporario,0.8,0.19999999999999996,False,9,deficit_externo,p.p. do PIB em relação ao benchmark,-0.14688378037415117,-0.14552642134721136,0.02110894421270399,-0.17908118479689844,-0.11062301511327943
choque_20pct_temporario,temporario,0.8,0.19999999999999996,False,9,deficit_governo,p.p. do PIB em relação ao benchmark,0.26883608389097996,0.26606132579174296,0.02931379899934728,0.2265128050556904,0.3154298071154991
choque_20pct_temporario,temporario,0.8,0.19999999999999996,False,9,inflacao,p.p. em relação ao benchmark,0.008466424039972775,0.019205991494009034,0.05563077021821377,-0.09093300950252292,0.07695423247588207
choque_20pct_temporario,temporario,0.8,0.19999999999999996,False,9,pib_real,% em relação ao benchmark,-0.8352697966604465,-0.8438083520400819,0.07494669715059249,-0.9420193582683445,-0.7055882990969315
choque_20pct_temporario,temporario,0.8,0.19999999999999996,False,9,taxa_desemprego,p.p. em relação ao benchmark,0.1801063177090066,0.18002234108439388,0.03611640165931611,0.12733240277740804,0.23558190080457236
choque_20pct_temporario,temporario,0.8,0.19999999999999996,False,10,deficit_externo,p.p. do PIB em relação ao benchmark,-0.20136991854891637,-0.20177745326152485,0.02097062207551066,-0.23076868264859332,-0.16903687419139976
choque_20pct_temporario,temporario,0.8,0.19999999999999996,False,10,deficit_governo,p.p. do PIB em relação ao benchmark,0.25067562032063223,0.25079926823563525,0.030981472861777333,0.20652813044695337,0.30283570676739896
choque_20pct_temporario,temporario,0.8,0.19999999999999996,False,10,inflacao,p.p. em relação ao benchmark,-0.09851184345379371,-0.0941043644043793,0.05577446967165807,-0.17621099900910764,-0.023505074615516323
choque_20pct_temporario,temporario,0.8,0.19999999999999996,False,10,pib_real,% em relação ao benchmark,-0.8870924603409595,-0.8878770844382045,0.0671273536841472,-0.9799647229392394,-0.7558487596842961
choque_20pct_temporario,temporario,0.8,0.19999999999999996,False,10,taxa_desemprego,p.p. em relação ao benchmark,0.1443085892300593,0.1395920175940979,0.04059132220798987,0.07530539170248846,0.2195602460313743
choque_20pct_temporario,temporario,0.8,0.19999999999999996,False,11,deficit_externo,p.p. do PIB em relação ao benchmark,-0.15890833828464657,-0.16048732971608634,0.023035857337575266,-0.19029481203984214,-0.11845668174247458
choque_20pct_temporario,temporario,0.8,0.19999999999999996,False,11,deficit_governo,p.p. do PIB em relação ao benchmark,0.12734942862030502,0.12429190834596648,0.03133869372998994,0.08401996642049478,0.18010112127915812
choque_20pct_temporario,temporario,0.8,0.19999999999999996,False,11,inflacao,p.p. em relação ao benchmark,-0.07298789661770178,-0.07031164533307654,0.053607084702580625,-0.1467175143001953,0.01612889122162619
choque_20pct_temporario,temporario,0.8,0.19999999999999996,False,11,pib_real,% em relação ao benchmark,-0.810327530947641,-0.8085993772710465,0.056099388465572386,-0.8909659051156171,-0.7234547040113359
choque_20pct_temporario,temporario,0.8,0.19999999999999996,False,11,taxa_desemprego,p.p. em relação ao benchmark,0.05174176829672927,0.048296323014096476,0.03940372118147149,-0.003034039679667976,0.1267420627429177
choque_20pct_temporario,temporario,0.8,0.19999999999999996,False,12,deficit_externo,p.p. do PIB em relação ao benchmark,-0.15125009172359452,-0.15128645103164395,0.019229259019837713,-0.18013352674866961,-0.12403111515430369
choque_20pct_temporario,temporario,0.8,0.19999999999999996,False,12,deficit_governo,p.p. do PIB em relação ao benchmark,0.05678764428387395,0.05688884570495267,0.02764061291413305,0.008186971581631288,0.10194063525799697
choque_20pct_temporario,temporario,0.8,0.19999999999999996,False,12,inflacao,p.p. em relação ao benchmark,-0.1116365818490863,-0.11290824480665318,0.0551800276918152,-0.19449731270369752,-0.03211407959911708
choque_20pct_temporario,temporario,0.8,0.19999999999999996,False,12,pib_real,% em relação ao benchmark,-0.6423924853406201,-0.6436292629553808,0.04765187747325632,-0.7114253524464825,-0.5643159130431491
choque_20pct_temporario,temporario,0.8,0.19999999999999996,False,12,taxa_desemprego,p.p. em relação ao benchmark,-0.053931584780724906,-0.05335517902447379,0.03319939310572446,-0.10593637860192379,-0.0016682068253177967
choque_20pct_temporario,temporario,0.8,0.19999999999999996,False,13,deficit_externo,p.p. do PIB em relação ao benchmark,-0.07877617668636148,-0.08079308394345099,0.017662770027442983,-0.10526320263043952,-0.04732088029342873
choque_20pct_temporario,temporario,0.8,0.19999999999999996,False,13,deficit_governo,p.p. do PIB em relação ao benchmark,-0.06374837678703116,-0.060120710452531145,0.03917459808023411,-0.13570227875661964,-0.008750490462410856
choque_20pct_temporario,temporario,0.8,0.19999999999999996,False,13,inflacao,p.p. em relação ao benchmark,-0.04984157924217869,-0.05284016487393517,0.04874295595544427,-0.12139193137037596,0.026509134131578183
choque_20pct_temporario,temporario,0.8,0.19999999999999996,False,13,pib_real,% em relação ao benchmark,-0.40505030500095685,-0.41414677848216064,0.06684422381796169,-0.504041243021609,-0.2919877453225461
choque_20pct_temporario,temporario,0.8,0.19999999999999996,False,13,taxa_desemprego,p.p. em relação ao benchmark,-0.1760661269201721,-0.17601555897574783,0.04094041163914616,-0.24995818017042543,-0.11862341491349336
choque_20pct_temporario,temporario,0.8,0.19999999999999996,False,14,deficit_externo,p.p. do PIB em relação ao benchmark,-0.04882562254482597,-0.05028746414629994,0.022675184983381155,-0.08515291301628661,-0.012632622557427862
choque_20pct_temporario,temporario,0.8,0.19999999999999996,False,14,deficit_governo,p.p. do PIB em relação ao benchmark,-0.09537180206713325,-0.09610850747694688,0.05478166727817065,-0.17517171253650335,-0.0048932606180728
choque_20pct_temporario,temporario,0.8,0.19999999999999996,False,14,inflacao,p.p. em relação ao benchmark,0.003707151927794472,0.006527230525510408,0.03930771813069273,-0.0748233962486411,0.05845529936561178
choque_20pct_temporario,temporario,0.8,0.19999999999999996,False,14,pib_real,% em relação ao benchmark,-0.24260214719020934,-0.22905623017296928,0.10708037147342207,-0.4085964708667372,-0.08078181194353441
choque_20pct_temporario,temporario,0.8,0.19999999999999996,False,14,taxa_desemprego,p.p. em relação ao benchmark,-0.25026545129161004,-0.24626898714307302,0.05992166642052558,-0.35034698685056215,-0.1532304003940078
choque_20pct_temporario,temporario,0.8,0.19999999999999996,False,15,deficit_externo,p.p. do PIB em relação ao benchmark,-0.032175368967599864,-0.03167386527542209,0.03380985784811745,-0.0799580265525181,0.025423150805107635
choque_20pct_temporario,temporario,0.8,0.19999999999999996,False,15,deficit_governo,p.p. do PIB em relação ao benchmark,-0.06777905869058796,-0.060385180508368275,0.0587651946465234,-0.169107156553827,0.016447519857625614
choque_20pct_temporario,temporario,0.8,0.19999999999999996,False,15,inflacao,p.p. em relação ao benchmark,0.1441269682392623,0.13743759428689328,0.05084743516550733,0.06361839982561013,0.22782517859521456
choque_20pct_temporario,temporario,0.8,0.19999999999999996,False,15,pib_real,% em relação ao benchmark,-0.3671007957248476,-0.3818314429267833,0.13769928570149448,-0.5538012045654489,-0.11249257288228853
choque_20pct_temporario,temporario,0.8,0.19999999999999996,False,15,taxa_desemprego,p.p. em relação ao benchmark,-0.21798183356870582,-0.21342933930930744,0.07140576394628337,-0.3373282062260702,-0.11815439191895732
choque_20pct_temporario,temporario,0.8,0.19999999999999996,False,16,deficit_externo,p.p. do PIB em relação ao benchmark,-0.05002427553754063,-0.056832494586709324,0.03978491180674417,-0.1036622054415198,0.01406430003103526
choque_20pct_temporario,temporario,0.8,0.19999999999999996,False,16,deficit_governo,p.p. do PIB em relação ao benchmark,0.018789159381723056,0.02881602734386632,0.05219215004781601,-0.0734110385768439,0.0931837368156614
choque_20pct_temporario,temporario,0.8,0.19999999999999996,False,16,inflacao,p.p. em relação ao benchmark,0.27829686843246715,0.2751023108556905,0.0982154107753489,0.12610992305007396,0.44897275637652223
choque_20pct_temporario,temporario,0.8,0.19999999999999996,False,16,pib_real,% em relação ao benchmark,-0.5101274010825705,-0.5270137103534356,0.08363710846400214,-0.629031457605545,-0.35761683395822086
choque_20pct_temporario,temporario,0.8,0.19999999999999996,False,16,taxa_desemprego,p.p. em relação ao benchmark,-0.10050509836254375,-0.0910100633842132,0.056949893843964816,-0.20639555351508795,-0.020829362627129283
choque_20pct_temporario,temporario,0.8,0.19999999999999996,False,17,deficit_externo,p.p. do PIB em relação ao benchmark,-0.05102289543770321,-0.058362918659448426,0.04374677068469194,-0.11097812021735902,0.025311943687771645
choque_20pct_temporario,temporario,0.8,0.19999999999999996,False,17,deficit_governo,p.p. do PIB em relação ao benchmark,0.12564994492939235,0.1238594612522674,0.04901841089035157,0.049193658012743266,0.2007953726753219
choque_20pct_temporario,temporario,0.8,0.19999999999999996,False,17,inflacao,p.p. em relação ao benchmark,0.36580587507655404,0.3616226618936791,0.15359200151075056,0.14660322382729518,0.6134658949021032
choque_20pct_temporario,temporario,0.8,0.19999999999999996,False,17,pib_real,% em relação ao benchmark,-0.5764272426382696,-0.5725530209782281,0.07091671375750525,-0.6775020820689059,-0.45821967957558996
choque_20pct_temporario,temporario,0.8,0.19999999999999996,False,17,taxa_desemprego,p.p. em relação ao benchmark,0.01137207121611207,0.007984371417770267,0.03933909143575515,-0.05464942474068868,0.07223588657903578
choque_20pct_temporario,temporario,0.8,0.19999999999999996,False,18,deficit_externo,p.p. do PIB em relação ao benchmark,-0.095399430143676,-0.1050865041722065,0.0422941680425742,-0.15177740537185638,-0.018008081086816657
choque_20pct_temporario,temporario,0.8,0.19999999999999996,False,18,deficit_governo,p.p. do PIB em relação ao benchmark,0.23517537537307864,0.22785083519710342,0.07669078656969296,0.1249738089603189,0.3698534405202562
choque_20pct_temporario,temporario,0.8,0.19999999999999996,False,18,inflacao,p.p. em relação ao benchmark,0.2745729981502778,0.2496487165274175,0.15742457311207683,0.026390509271404516,0.5555596733974455
choque_20pct_temporario,temporario,0.8,0.19999999999999996,False,18,pib_real,% em relação ao benchmark,-0.6308616548852871,-0.6339175650008633,0.07346926607609386,-0.7649445555804629,-0.5180936419092885
choque_20pct_temporario,temporario,0.8,0.19999999999999996,False,18,taxa_desemprego,p.p. em relação ao benchmark,0.056851045934813674,0.050512905728804236,0.05654996665667408,-0.02279063045428152,0.15582003346441076
choque_20pct_temporario,temporario,0.8,0.19999999999999996,False,19,deficit_externo,p.p. do PIB em relação ao benchmark,-0.1412814969839675,-0.13925168805488214,0.038308890892072504,-0.20455128349600782,-0.08276620912574734
choque_20pct_temporario,temporario,0.8,0.19999999999999996,False,19,deficit_governo,p.p. do PIB em relação ao benchmark,0.2026714113108083,0.19039413104529612,0.09460537680382149,0.08735233329001516,0.37086984679536056
choque_20pct_temporario,temporario,0.8,0.19999999999999996,False,19,inflacao,p.p. em relação ao benchmark,0.12018477956105622,0.1122811854706196,0.117558924942315,-0.047415376950954435,0.34319297262227483
choque_20pct_temporario,temporario,0.8,0.19999999999999996,False,19,pib_real,% em relação ao benchmark,-0.6519505972583495,-0.6308929705673483,0.10121724768294313,-0.8751388398527588,-0.5253985042695686
choque_20pct_temporario,temporario,0.8,0.19999999999999996,False,19,taxa_desemprego,p.p. em relação ao benchmark,0.023213818335328942,0.01268268982645357,0.06728076870942022,-0.07009898075555236,0.14931422209612955
choque_20pct_temporario,temporario,0.8,0.19999999999999996,False,20,deficit_externo,p.p. do PIB em relação ao benchmark,-0.16864537923293718,-0.15590668414682735,0.052950513826344074,-0.28467742578224753,-0.10899797848695493
choque_20pct_temporario,temporario,0.8,0.19999999999999996,False,20,deficit_governo,p.p. do PIB em relação ao benchmark,0.1266607666769776,0.12602615092343755,0.08463204740352101,0.00486308310906139,0.2709811169352843
choque_20pct_temporario,temporario,0.8,0.19999999999999996,False,20,inflacao,p.p. em relação ao benchmark,0.005604160046918327,0.02398454809025008,0.10943731238982365,-0.21353624671175186,0.1553432314280523
choque_20pct_temporario,temporario,0.8,0.19999999999999996,False,20,pib_real,% em relação ao benchmark,-0.678321328864184,-0.6573321059147819,0.15215455217724566,-0.963706395376544,-0.4918227350010213
choque_20pct_temporario,temporario,0.8,0.19999999999999996,False,20,taxa_desemprego,p.p. em relação ao benchmark,-0.010964030570440179,-0.014718767740412586,0.07026844807511608,-0.10852928967755034,0.09739056715286665
choque_20pct_temporario,temporario,0.8,0.19999999999999996,False,21,deficit_externo,p.p. do PIB em relação ao benchmark,-0.1712098731140782,-0.16252485868714764,0.06987779557203137,-0.30012223218548745,-0.09067666409565416
choque_20pct_temporario,temporario,0.8,0.19999999999999996,False,21,deficit_governo,p.p. do PIB em relação ao benchmark,0.1086575313227866,0.09751539574500007,0.08221837379701073,-0.008904536654621568,0.2695873462839704
choque_20pct_temporario,temporario,0.8,0.19999999999999996,False,21,inflacao,p.p. em relação ao benchmark,-0.046806465076424164,-0.016478516276163813,0.14218947432268095,-0.3676384620253259,0.1388201427209623
choque_20pct_temporario,temporario,0.8,0.19999999999999996,False,21,pib_real,% em relação ao benchmark,-0.64935586042113,-0.6303337626889449,0.19044000089357285,-0.9989304245081715,-0.405811427892629
choque_20pct_temporario,temporario,0.8,0.19999999999999996,False,21,taxa_desemprego,p.p. em relação ao benchmark,-0.013093792574008598,-0.020829563975220677,0.07957148763858268,-0.12816237732349703,0.13849886527241428
choque_20pct_temporario,temporario,0.8,0.19999999999999996,False,22,deficit_externo,p.p. do PIB em relação ao benchmark,-0.15762000256698475,-0.15530770015942763,0.07848671591163543,-0.2982250864241676,-0.05273923888435359
choque_20pct_temporario,temporario,0.8,0.19999999999999996,False,22,deficit_governo,p.p. do PIB em relação ao benchmark,0.09185527226798568,0.07894469223389128,0.07585399668754497,-0.020821539083811236,0.22739053729986677
choque_20pct_temporario,temporario,0.8,0.19999999999999996,False,22,inflacao,p.p. em relação ao benchmark,-0.06575867985914985,-0.042392958723558305,0.1782771732825757,-0.3928823906333534,0.14778793333655718
choque_20pct_temporario,temporario,0.8,0.19999999999999996,False,22,pib_real,% em relação ao benchmark,-0.5635683104602699,-0.5455246250431756,0.17947727014350529,-0.8946795414613751,-0.3018733229011922
choque_20pct_temporario,temporario,0.8,0.19999999999999996,False,22,taxa_desemprego,p.p. em relação ao benchmark,-0.03962053183308198,-0.0522803892880154,0.07336609746102801,-0.15268437694099737,0.08475278347728953
choque_20pct_temporario,temporario,0.8,0.19999999999999996,False,23,deficit_externo,p.p. do PIB em relação ao benchmark,-0.12333975472934888,-0.11106066803000074,0.07050889952915255,-0.2511074298092406,-0.011032235160245712
choque_20pct_temporario,temporario,0.8,0.19999999999999996,False,23,deficit_governo,p.p. do PIB em relação ao benchmark,0.03299146827602359,0.04086919749450857,0.06366027682314264,-0.08814240057628056,0.11744321136603134
choque_20pct_temporario,temporario,0.8,0.19999999999999996,False,23,inflacao,p.p. em relação ao benchmark,-0.04133306388551694,-0.0342611229334322,0.18922578838604234,-0.3850545264132932,0.19772270399028616
choque_20pct_temporario,temporario,0.8,0.19999999999999996,False,23,pib_real,% em relação ao benchmark,-0.452748540358779,-0.4335433657953247,0.14061444566330292,-0.6933189584060462,-0.2691098230303374
choque_20pct_temporario,temporario,0.8,0.19999999999999996,False,23,taxa_desemprego,p.p. em relação ao benchmark,-0.09127551976104221,-0.08694279161298932,0.06541494574552194,-0.20546542282783797,-0.0024841093271765935
choque_20pct_temporario,temporario,0.8,0.19999999999999996,False,24,deficit_externo,p.p. do PIB em relação ao benchmark,-0.08078974730555448,-0.07473812658472592,0.05695865075585491,-0.17436150029347938,0.0030772958763303124
choque_20pct_temporario,temporario,0.8,0.19999999999999996,False,24,deficit_governo,p.p. do PIB em relação ao benchmark,-0.01474834315281598,0.005476315372798801,0.08706147927827664,-0.20895298139793392,0.09824335393087066
choque_20pct_temporario,temporario,0.8,0.19999999999999996,False,24,inflacao,p.p. em relação ao benchmark,0.011093943231405223,0.025005708269654203,0.1740847025639561,-0.30779695999398116,0.2584269338195232
choque_20pct_temporario,temporario,0.8,0.19999999999999996,False,24,pib_real,% em relação ao benchmark,-0.335617933846161,-0.34671171854220306,0.13525575493365194,-0.5107272954693415,-0.04100365783001383
choque_20pct_temporario,temporario,0.8,0.19999999999999996,False,24,taxa_desemprego,p.p. em relação ao benchmark,-0.13175034433730856,-0.10579545505071952,0.08522387715180194,-0.3193820507502724,-0.027611066011000034
choque_20pct_temporario,temporario,0.8,0.19999999999999996,False,25,deficit_externo,p.p. do PIB em relação ao benchmark,-0.03584513939284654,-0.04643340219817153,0.06178905331103063,-0.11212439352466709,0.09225139141255347
choque_20pct_temporario,temporario,0.8,0.19999999999999996,False,25,deficit_governo,p.p. do PIB em relação ao benchmark,-0.03606075055235497,-0.016128306398346948,0.11822815998016027,-0.25692101186513144,0.11490680658733401
choque_20pct_temporario,temporario,0.8,0.19999999999999996,False,25,inflacao,p.p. em relação ao benchmark,0.09459993375237774,0.11170801698370258,0.14587981918331638,-0.17390034931249132,0.31184942678142535
choque_20pct_temporario,temporario,0.8,0.19999999999999996,False,25,pib_real,% em relação ao benchmark,-0.24986998060630639,-0.29409682409123894,0.20622049201003556,-0.5094490147086383,0.16253027930633535
choque_20pct_temporario,temporario,0.8,0.19999999999999996,False,25,taxa_desemprego,p.p. em relação ao benchmark,-0.15099547726125265,-0.13192858762023224,0.11588986592131137,-0.381115891335151,-0.005051775733096733
