series_id,date,value,unit,frequency,source,source_url,transformation,model_variable,status
crescimento_consumo_governo_real_anual,1997-12-31,1.2553792875149572,%,annual,IBGE/SIDRA 1621,https://apisidra.ibge.gov.br/values/t/1621/n1/all/v/584/p/all/c11255/93405/d/v584%202,Variação anual do índice médio de volume trimestral.,governo_real,diagnostic
crescimento_consumo_governo_real_anual,1998-12-31,3.231566240820838,%,annual,IBGE/SIDRA 1621,https://apisidra.ibge.gov.br/values/t/1621/n1/all/v/584/p/all/c11255/93405/d/v584%202,Variação anual do índice médio de volume trimestral.,governo_real,diagnostic
crescimento_consumo_governo_real_anual,1999-12-31,1.6882262661697123,%,annual,IBGE/SIDRA 1621,https://apisidra.ibge.gov.br/values/t/1621/n1/all/v/584/p/all/c11255/93405/d/v584%202,Variação anual do índice médio de volume trimestral.,governo_real,diagnostic
crescimento_consumo_governo_real_anual,2000-12-31,-0.16050979828470258,%,annual,IBGE/SIDRA 1621,https://apisidra.ibge.gov.br/values/t/1621/n1/all/v/584/p/all/c11255/93405/d/v584%202,Variação anual do índice médio de volume trimestral.,governo_real,diagnostic
crescimento_consumo_governo_real_anual,2001-12-31,2.6106778644271245,%,annual,IBGE/SIDRA 1621,https://apisidra.ibge.gov.br/values/t/1621/n1/all/v/584/p/all/c11255/93405/d/v584%202,Variação anual do índice médio de volume trimestral.,governo_real,diagnostic
crescimento_consumo_governo_real_anual,2002-12-31,3.8117063816851093,%,annual,IBGE/SIDRA 1621,https://apisidra.ibge.gov.br/values/t/1621/n1/all/v/584/p/all/c11255/93405/d/v584%202,Variação anual do índice médio de volume trimestral.,governo_real,diagnostic
crescimento_consumo_governo_real_anual,2003-12-31,1.574572567747179,%,annual,IBGE/SIDRA 1621,https://apisidra.ibge.gov.br/values/t/1621/n1/all/v/584/p/all/c11255/93405/d/v584%202,Variação anual do índice médio de volume trimestral.,governo_real,diagnostic
crescimento_consumo_governo_real_anual,2004-12-31,3.8787368047547233,%,annual,IBGE/SIDRA 1621,https://apisidra.ibge.gov.br/values/t/1621/n1/all/v/584/p/all/c11255/93405/d/v584%202,Variação anual do índice médio de volume trimestral.,governo_real,diagnostic
crescimento_consumo_governo_real_anual,2005-12-31,2.0110586879016346,%,annual,IBGE/SIDRA 1621,https://apisidra.ibge.gov.br/values/t/1621/n1/all/v/584/p/all/c11255/93405/d/v584%202,Variação anual do índice médio de volume trimestral.,governo_real,diagnostic
crescimento_consumo_governo_real_anual,2006-12-31,3.57240022602181,%,annual,IBGE/SIDRA 1621,https://apisidra.ibge.gov.br/values/t/1621/n1/all/v/584/p/all/c11255/93405/d/v584%202,Variação anual do índice médio de volume trimestral.,governo_real,diagnostic
crescimento_consumo_governo_real_anual,2007-12-31,4.057385330369789,%,annual,IBGE/SIDRA 1621,https://apisidra.ibge.gov.br/values/t/1621/n1/all/v/584/p/all/c11255/93405/d/v584%202,Variação anual do índice médio de volume trimestral.,governo_real,diagnostic
crescimento_consumo_governo_real_anual,2008-12-31,2.056390539438402,%,annual,IBGE/SIDRA 1621,https://apisidra.ibge.gov.br/values/t/1621/n1/all/v/584/p/all/c11255/93405/d/v584%202,Variação anual do índice médio de volume trimestral.,governo_real,diagnostic
crescimento_consumo_governo_real_anual,2009-12-31,2.9358601137812412,%,annual,IBGE/SIDRA 1621,https://apisidra.ibge.gov.br/values/t/1621/n1/all/v/584/p/all/c11255/93405/d/v584%202,Variação anual do índice médio de volume trimestral.,governo_real,diagnostic
crescimento_consumo_governo_real_anual,2010-12-31,3.9094269870610043,%,annual,IBGE/SIDRA 1621,https://apisidra.ibge.gov.br/values/t/1621/n1/all/v/584/p/all/c11255/93405/d/v584%202,Variação anual do índice médio de volume trimestral.,governo_real,diagnostic
crescimento_consumo_governo_real_anual,2011-12-31,2.1898069910166518,%,annual,IBGE/SIDRA 1621,https://apisidra.ibge.gov.br/values/t/1621/n1/all/v/584/p/all/c11255/93405/d/v584%202,Variação anual do índice médio de volume trimestral.,governo_real,diagnostic
crescimento_consumo_governo_real_anual,2012-12-31,2.2908470563659744,%,annual,IBGE/SIDRA 1621,https://apisidra.ibge.gov.br/values/t/1621/n1/all/v/584/p/all/c11255/93405/d/v584%202,Variação anual do índice médio de volume trimestral.,governo_real,diagnostic
crescimento_consumo_governo_real_anual,2013-12-31,1.5145842551308686,%,annual,IBGE/SIDRA 1621,https://apisidra.ibge.gov.br/values/t/1621/n1/all/v/584/p/all/c11255/93405/d/v584%202,Variação anual do índice médio de volume trimestral.,governo_real,diagnostic
crescimento_consumo_governo_real_anual,2014-12-31,0.8180781868168729,%,annual,IBGE/SIDRA 1621,https://apisidra.ibge.gov.br/values/t/1621/n1/all/v/584/p/all/c11255/93405/d/v584%202,Variação anual do índice médio de volume trimestral.,governo_real,diagnostic
crescimento_consumo_governo_real_anual,2015-12-31,-1.429996674426326,%,annual,IBGE/SIDRA 1621,https://apisidra.ibge.gov.br/values/t/1621/n1/all/v/584/p/all/c11255/93405/d/v584%202,Variação anual do índice médio de volume trimestral.,governo_real,diagnostic
crescimento_consumo_governo_real_anual,2016-12-31,0.22435897435895136,%,annual,IBGE/SIDRA 1621,https://apisidra.ibge.gov.br/values/t/1621/n1/all/v/584/p/all/c11255/93405/d/v584%202,Variação anual do índice médio de volume trimestral.,governo_real,diagnostic
crescimento_consumo_governo_real_anual,2017-12-31,-0.6799858616800991,%,annual,IBGE/SIDRA 1621,https://apisidra.ibge.gov.br/values/t/1621/n1/all/v/584/p/all/c11255/93405/d/v584%202,Variação anual do índice médio de volume trimestral.,governo_real,diagnostic
crescimento_consumo_governo_real_anual,2018-12-31,0.7795421037468886,%,annual,IBGE/SIDRA 1621,https://apisidra.ibge.gov.br/values/t/1621/n1/all/v/584/p/all/c11255/93405/d/v584%202,Variação anual do índice médio de volume trimestral.,governo_real,diagnostic
crescimento_consumo_governo_real_anual,2019-12-31,-0.49101212396376326,%,annual,IBGE/SIDRA 1621,https://apisidra.ibge.gov.br/values/t/1621/n1/all/v/584/p/all/c11255/93405/d/v584%202,Variação anual do índice médio de volume trimestral.,governo_real,diagnostic
crescimento_consumo_governo_real_anual,2020-12-31,-3.6923128918329606,%,annual,IBGE/SIDRA 1621,https://apisidra.ibge.gov.br/values/t/1621/n1/all/v/584/p/all/c11255/93405/d/v584%202,Variação anual do índice médio de volume trimestral.,governo_real,diagnostic
crescimento_consumo_governo_real_anual,2021-12-31,4.176024705221781,%,annual,IBGE/SIDRA 1621,https://apisidra.ibge.gov.br/values/t/1621/n1/all/v/584/p/all/c11255/93405/d/v584%202,Variação anual do índice médio de volume trimestral.,governo_real,diagnostic
crescimento_consumo_governo_real_anual,2022-12-31,2.1390554470120726,%,annual,IBGE/SIDRA 1621,https://apisidra.ibge.gov.br/values/t/1621/n1/all/v/584/p/all/c11255/93405/d/v584%202,Variação anual do índice médio de volume trimestral.,governo_real,diagnostic
crescimento_consumo_governo_real_anual,2023-12-31,3.782856765937792,%,annual,IBGE/SIDRA 1621,https://apisidra.ibge.gov.br/values/t/1621/n1/all/v/584/p/all/c11255/93405/d/v584%202,Variação anual do índice médio de volume trimestral.,governo_real,diagnostic
crescimento_consumo_governo_real_anual,2024-12-31,2.003622727850507,%,annual,IBGE/SIDRA 1621,https://apisidra.ibge.gov.br/values/t/1621/n1/all/v/584/p/all/c11255/93405/d/v584%202,Variação anual do índice médio de volume trimestral.,governo_real,diagnostic
crescimento_consumo_governo_real_anual,2025-12-31,2.1106905307101576,%,annual,IBGE/SIDRA 1621,https://apisidra.ibge.gov.br/values/t/1621/n1/all/v/584/p/all/c11255/93405/d/v584%202,Variação anual do índice médio de volume trimestral.,governo_real,diagnostic
crescimento_exportacoes_reais_anual,1997-12-31,12.75508900978215,%,annual,IBGE/SIDRA 1621,https://apisidra.ibge.gov.br/values/t/1621/n1/all/v/584/p/all/c11255/93407/d/v584%202,Variação anual do índice médio de volume trimestral.,exportacoes_real,diagnostic
crescimento_exportacoes_reais_anual,1998-12-31,4.820259587287912,%,annual,IBGE/SIDRA 1621,https://apisidra.ibge.gov.br/values/t/1621/n1/all/v/584/p/all/c11255/93407/d/v584%202,Variação anual do índice médio de volume trimestral.,exportacoes_real,diagnostic
crescimento_exportacoes_reais_anual,1999-12-31,5.609940572663441,%,annual,IBGE/SIDRA 1621,https://apisidra.ibge.gov.br/values/t/1621/n1/all/v/584/p/all/c11255/93407/d/v584%202,Variação anual do índice médio de volume trimestral.,exportacoes_real,diagnostic
crescimento_exportacoes_reais_anual,2000-12-31,13.576558695340779,%,annual,IBGE/SIDRA 1621,https://apisidra.ibge.gov.br/values/t/1621/n1/all/v/584/p/all/c11255/93407/d/v584%202,Variação anual do índice médio de volume trimestral.,exportacoes_real,diagnostic
crescimento_exportacoes_reais_anual,2001-12-31,8.588260728569907,%,annual,IBGE/SIDRA 1621,https://apisidra.ibge.gov.br/values/t/1621/n1/all/v/584/p/all/c11255/93407/d/v584%202,Variação anual do índice médio de volume trimestral.,exportacoes_real,diagnostic
crescimento_exportacoes_reais_anual,2002-12-31,6.551855723126443,%,annual,IBGE/SIDRA 1621,https://apisidra.ibge.gov.br/values/t/1621/n1/all/v/584/p/all/c11255/93407/d/v584%202,Variação anual do índice médio de volume trimestral.,exportacoes_real,diagnostic
crescimento_exportacoes_reais_anual,2003-12-31,11.07097256391889,%,annual,IBGE/SIDRA 1621,https://apisidra.ibge.gov.br/values/t/1621/n1/all/v/584/p/all/c11255/93407/d/v584%202,Variação anual do índice médio de volume trimestral.,exportacoes_real,diagnostic
crescimento_exportacoes_reais_anual,2004-12-31,13.606796388717557,%,annual,IBGE/SIDRA 1621,https://apisidra.ibge.gov.br/values/t/1621/n1/all/v/584/p/all/c11255/93407/d/v584%202,Variação anual do índice médio de volume trimestral.,exportacoes_real,diagnostic
crescimento_exportacoes_reais_anual,2005-12-31,11.146622572126663,%,annual,IBGE/SIDRA 1621,https://apisidra.ibge.gov.br/values/t/1621/n1/all/v/584/p/all/c11255/93407/d/v584%202,Variação anual do índice médio de volume trimestral.,exportacoes_real,diagnostic
crescimento_exportacoes_reais_anual,2006-12-31,4.847287140144996,%,annual,IBGE/SIDRA 1621,https://apisidra.ibge.gov.br/values/t/1621/n1/all/v/584/p/all/c11255/93407/d/v584%202,Variação anual do índice médio de volume trimestral.,exportacoes_real,diagnostic
crescimento_exportacoes_reais_anual,2007-12-31,5.634444126772342,%,annual,IBGE/SIDRA 1621,https://apisidra.ibge.gov.br/values/t/1621/n1/all/v/584/p/all/c11255/93407/d/v584%202,Variação anual do índice médio de volume trimestral.,exportacoes_real,diagnostic
crescimento_exportacoes_reais_anual,2008-12-31,-0.22053369153350877,%,annual,IBGE/SIDRA 1621,https://apisidra.ibge.gov.br/values/t/1621/n1/all/v/584/p/all/c11255/93407/d/v584%202,Variação anual do índice médio de volume trimestral.,exportacoes_real,diagnostic
crescimento_exportacoes_reais_anual,2009-12-31,-8.687134561674936,%,annual,IBGE/SIDRA 1621,https://apisidra.ibge.gov.br/values/t/1621/n1/all/v/584/p/all/c11255/93407/d/v584%202,Variação anual do índice médio de volume trimestral.,exportacoes_real,diagnostic
crescimento_exportacoes_reais_anual,2010-12-31,11.749238098381575,%,annual,IBGE/SIDRA 1621,https://apisidra.ibge.gov.br/values/t/1621/n1/all/v/584/p/all/c11255/93407/d/v584%202,Variação anual do índice médio de volume trimestral.,exportacoes_real,diagnostic
crescimento_exportacoes_reais_anual,2011-12-31,5.350004922713381,%,annual,IBGE/SIDRA 1621,https://apisidra.ibge.gov.br/values/t/1621/n1/all/v/584/p/all/c11255/93407/d/v584%202,Variação anual do índice médio de volume trimestral.,exportacoes_real,diagnostic
crescimento_exportacoes_reais_anual,2012-12-31,0.17008709954766665,%,annual,IBGE/SIDRA 1621,https://apisidra.ibge.gov.br/values/t/1621/n1/all/v/584/p/all/c11255/93407/d/v584%202,Variação anual do índice médio de volume trimestral.,exportacoes_real,diagnostic
crescimento_exportacoes_reais_anual,2013-12-31,2.054372772563595,%,annual,IBGE/SIDRA 1621,https://apisidra.ibge.gov.br/values/t/1621/n1/all/v/584/p/all/c11255/93407/d/v584%202,Variação anual do índice médio de volume trimestral.,exportacoes_real,diagnostic
crescimento_exportacoes_reais_anual,2014-12-31,-1.5074779683329265,%,annual,IBGE/SIDRA 1621,https://apisidra.ibge.gov.br/values/t/1621/n1/all/v/584/p/all/c11255/93407/d/v584%202,Variação anual do índice médio de volume trimestral.,exportacoes_real,diagnostic
crescimento_exportacoes_reais_anual,2015-12-31,6.794197087405696,%,annual,IBGE/SIDRA 1621,https://apisidra.ibge.gov.br/values/t/1621/n1/all/v/584/p/all/c11255/93407/d/v584%202,Variação anual do índice médio de volume trimestral.,exportacoes_real,diagnostic
crescimento_exportacoes_reais_anual,2016-12-31,0.6370644625800503,%,annual,IBGE/SIDRA 1621,https://apisidra.ibge.gov.br/values/t/1621/n1/all/v/584/p/all/c11255/93407/d/v584%202,Variação anual do índice médio de volume trimestral.,exportacoes_real,diagnostic
crescimento_exportacoes_reais_anual,2017-12-31,5.3881097139698575,%,annual,IBGE/SIDRA 1621,https://apisidra.ibge.gov.br/values/t/1621/n1/all/v/584/p/all/c11255/93407/d/v584%202,Variação anual do índice médio de volume trimestral.,exportacoes_real,diagnostic
crescimento_exportacoes_reais_anual,2018-12-31,3.5802378084257347,%,annual,IBGE/SIDRA 1621,https://apisidra.ibge.gov.br/values/t/1621/n1/all/v/584/p/all/c11255/93407/d/v584%202,Variação anual do índice médio de volume trimestral.,exportacoes_real,diagnostic
crescimento_exportacoes_reais_anual,2019-12-31,-2.560126582278488,%,annual,IBGE/SIDRA 1621,https://apisidra.ibge.gov.br/values/t/1621/n1/all/v/584/p/all/c11255/93407/d/v584%202,Variação anual do índice médio de volume trimestral.,exportacoes_real,diagnostic
crescimento_exportacoes_reais_anual,2020-12-31,-2.8060147445682193,%,annual,IBGE/SIDRA 1621,https://apisidra.ibge.gov.br/values/t/1621/n1/all/v/584/p/all/c11255/93407/d/v584%202,Variação anual do índice médio de volume trimestral.,exportacoes_real,diagnostic
crescimento_exportacoes_reais_anual,2021-12-31,4.987135362715955,%,annual,IBGE/SIDRA 1621,https://apisidra.ibge.gov.br/values/t/1621/n1/all/v/584/p/all/c11255/93407/d/v584%202,Variação anual do índice médio de volume trimestral.,exportacoes_real,diagnostic
crescimento_exportacoes_reais_anual,2022-12-31,6.133929566033824,%,annual,IBGE/SIDRA 1621,https://apisidra.ibge.gov.br/values/t/1621/n1/all/v/584/p/all/c11255/93407/d/v584%202,Variação anual do índice médio de volume trimestral.,exportacoes_real,diagnostic
crescimento_exportacoes_reais_anual,2023-12-31,8.868930255572138,%,annual,IBGE/SIDRA 1621,https://apisidra.ibge.gov.br/values/t/1621/n1/all/v/584/p/all/c11255/93407/d/v584%202,Variação anual do índice médio de volume trimestral.,exportacoes_real,diagnostic
crescimento_exportacoes_reais_anual,2024-12-31,1.9529393941480677,%,annual,IBGE/SIDRA 1621,https://apisidra.ibge.gov.br/values/t/1621/n1/all/v/584/p/all/c11255/93407/d/v584%202,Variação anual do índice médio de volume trimestral.,exportacoes_real,diagnostic
crescimento_exportacoes_reais_anual,2025-12-31,6.648294867378568,%,annual,IBGE/SIDRA 1621,https://apisidra.ibge.gov.br/values/t/1621/n1/all/v/584/p/all/c11255/93407/d/v584%202,Variação anual do índice médio de volume trimestral.,exportacoes_real,diagnostic
crescimento_fbcf_real_anual,1997-12-31,8.42269111034244,%,annual,IBGE/SIDRA 1621,https://apisidra.ibge.gov.br/values/t/1621/n1/all/v/584/p/all/c11255/93406/d/v584%202,Variação anual do índice médio de volume trimestral.,fbcf_fixa_real,diagnostic
crescimento_fbcf_real_anual,1998-12-31,-0.13672720643529424,%,annual,IBGE/SIDRA 1621,https://apisidra.ibge.gov.br/values/t/1621/n1/all/v/584/p/all/c11255/93406/d/v584%202,Variação anual do índice médio de volume trimestral.,fbcf_fixa_real,diagnostic
crescimento_fbcf_real_anual,1999-12-31,-8.84695251352029,%,annual,IBGE/SIDRA 1621,https://apisidra.ibge.gov.br/values/t/1621/n1/all/v/584/p/all/c11255/93406/d/v584%202,Variação anual do índice médio de volume trimestral.,fbcf_fixa_real,diagnostic
crescimento_fbcf_real_anual,2000-12-31,4.748911029890346,%,annual,IBGE/SIDRA 1621,https://apisidra.ibge.gov.br/values/t/1621/n1/all/v/584/p/all/c11255/93406/d/v584%202,Variação anual do índice médio de volume trimestral.,fbcf_fixa_real,diagnostic
crescimento_fbcf_real_anual,2001-12-31,1.3072676433333985,%,annual,IBGE/SIDRA 1621,https://apisidra.ibge.gov.br/values/t/1621/n1/all/v/584/p/all/c11255/93406/d/v584%202,Variação anual do índice médio de volume trimestral.,fbcf_fixa_real,diagnostic
crescimento_fbcf_real_anual,2002-12-31,-1.4767633875914066,%,annual,IBGE/SIDRA 1621,https://apisidra.ibge.gov.br/values/t/1621/n1/all/v/584/p/all/c11255/93406/d/v584%202,Variação anual do índice médio de volume trimestral.,fbcf_fixa_real,diagnostic
crescimento_fbcf_real_anual,2003-12-31,-3.945982185614405,%,annual,IBGE/SIDRA 1621,https://apisidra.ibge.gov.br/values/t/1621/n1/all/v/584/p/all/c11255/93406/d/v584%202,Variação anual do índice médio de volume trimestral.,fbcf_fixa_real,diagnostic
crescimento_fbcf_real_anual,2004-12-31,8.398145378402644,%,annual,IBGE/SIDRA 1621,https://apisidra.ibge.gov.br/values/t/1621/n1/all/v/584/p/all/c11255/93406/d/v584%202,Variação anual do índice médio de volume trimestral.,fbcf_fixa_real,diagnostic
crescimento_fbcf_real_anual,2005-12-31,1.938599517074846,%,annual,IBGE/SIDRA 1621,https://apisidra.ibge.gov.br/values/t/1621/n1/all/v/584/p/all/c11255/93406/d/v584%202,Variação anual do índice médio de volume trimestral.,fbcf_fixa_real,diagnostic
crescimento_fbcf_real_anual,2006-12-31,6.672983216026007,%,annual,IBGE/SIDRA 1621,https://apisidra.ibge.gov.br/values/t/1621/n1/all/v/584/p/all/c11255/93406/d/v584%202,Variação anual do índice médio de volume trimestral.,fbcf_fixa_real,diagnostic
crescimento_fbcf_real_anual,2007-12-31,11.887239352028068,%,annual,IBGE/SIDRA 1621,https://apisidra.ibge.gov.br/values/t/1621/n1/all/v/584/p/all/c11255/93406/d/v584%202,Variação anual do índice médio de volume trimestral.,fbcf_fixa_real,diagnostic
crescimento_fbcf_real_anual,2008-12-31,12.257357249513312,%,annual,IBGE/SIDRA 1621,https://apisidra.ibge.gov.br/values/t/1621/n1/all/v/584/p/all/c11255/93406/d/v584%202,Variação anual do índice médio de volume trimestral.,fbcf_fixa_real,diagnostic
crescimento_fbcf_real_anual,2009-12-31,-2.2056842672413812,%,annual,IBGE/SIDRA 1621,https://apisidra.ibge.gov.br/values/t/1621/n1/all/v/584/p/all/c11255/93406/d/v584%202,Variação anual do índice médio de volume trimestral.,fbcf_fixa_real,diagnostic
crescimento_fbcf_real_anual,2010-12-31,18.095106917805893,%,annual,IBGE/SIDRA 1621,https://apisidra.ibge.gov.br/values/t/1621/n1/all/v/584/p/all/c11255/93406/d/v584%202,Variação anual do índice médio de volume trimestral.,fbcf_fixa_real,diagnostic
crescimento_fbcf_real_anual,2011-12-31,6.90751108000931,%,annual,IBGE/SIDRA 1621,https://apisidra.ibge.gov.br/values/t/1621/n1/all/v/584/p/all/c11255/93406/d/v584%202,Variação anual do índice médio de volume trimestral.,fbcf_fixa_real,diagnostic
crescimento_fbcf_real_anual,2012-12-31,0.8304922951043237,%,annual,IBGE/SIDRA 1621,https://apisidra.ibge.gov.br/values/t/1621/n1/all/v/584/p/all/c11255/93406/d/v584%202,Variação anual do índice médio de volume trimestral.,fbcf_fixa_real,diagnostic
crescimento_fbcf_real_anual,2013-12-31,5.7844980321616335,%,annual,IBGE/SIDRA 1621,https://apisidra.ibge.gov.br/values/t/1621/n1/all/v/584/p/all/c11255/93406/d/v584%202,Variação anual do índice médio de volume trimestral.,fbcf_fixa_real,diagnostic
crescimento_fbcf_real_anual,2014-12-31,-4.185844328526134,%,annual,IBGE/SIDRA 1621,https://apisidra.ibge.gov.br/values/t/1621/n1/all/v/584/p/all/c11255/93406/d/v584%202,Variação anual do índice médio de volume trimestral.,fbcf_fixa_real,diagnostic
crescimento_fbcf_real_anual,2015-12-31,-13.933441861706386,%,annual,IBGE/SIDRA 1621,https://apisidra.ibge.gov.br/values/t/1621/n1/all/v/584/p/all/c11255/93406/d/v584%202,Variação anual do índice médio de volume trimestral.,fbcf_fixa_real,diagnostic
crescimento_fbcf_real_anual,2016-12-31,-12.193798449612403,%,annual,IBGE/SIDRA 1621,https://apisidra.ibge.gov.br/values/t/1621/n1/all/v/584/p/all/c11255/93406/d/v584%202,Variação anual do índice médio de volume trimestral.,fbcf_fixa_real,diagnostic
crescimento_fbcf_real_anual,2017-12-31,-2.6149907301138975,%,annual,IBGE/SIDRA 1621,https://apisidra.ibge.gov.br/values/t/1621/n1/all/v/584/p/all/c11255/93406/d/v584%202,Variação anual do índice médio de volume trimestral.,fbcf_fixa_real,diagnostic
crescimento_fbcf_real_anual,2018-12-31,5.189106864416004,%,annual,IBGE/SIDRA 1621,https://apisidra.ibge.gov.br/values/t/1621/n1/all/v/584/p/all/c11255/93406/d/v584%202,Variação anual do índice médio de volume trimestral.,fbcf_fixa_real,diagnostic
crescimento_fbcf_real_anual,2019-12-31,4.040264754550482,%,annual,IBGE/SIDRA 1621,https://apisidra.ibge.gov.br/values/t/1621/n1/all/v/584/p/all/c11255/93406/d/v584%202,Variação anual do índice médio de volume trimestral.,fbcf_fixa_real,diagnostic
crescimento_fbcf_real_anual,2020-12-31,-1.7229953611663351,%,annual,IBGE/SIDRA 1621,https://apisidra.ibge.gov.br/values/t/1621/n1/all/v/584/p/all/c11255/93406/d/v584%202,Variação anual do índice médio de volume trimestral.,fbcf_fixa_real,diagnostic
crescimento_fbcf_real_anual,2021-12-31,13.014160485502346,%,annual,IBGE/SIDRA 1621,https://apisidra.ibge.gov.br/values/t/1621/n1/all/v/584/p/all/c11255/93406/d/v584%202,Variação anual do índice médio de volume trimestral.,fbcf_fixa_real,diagnostic
crescimento_fbcf_real_anual,2022-12-31,1.0158114558472597,%,annual,IBGE/SIDRA 1621,https://apisidra.ibge.gov.br/values/t/1621/n1/all/v/584/p/all/c11255/93406/d/v584%202,Variação anual do índice médio de volume trimestral.,fbcf_fixa_real,diagnostic
crescimento_fbcf_real_anual,2023-12-31,-2.908994255843833,%,annual,IBGE/SIDRA 1621,https://apisidra.ibge.gov.br/values/t/1621/n1/all/v/584/p/all/c11255/93406/d/v584%202,Variação anual do índice médio de volume trimestral.,fbcf_fixa_real,diagnostic
crescimento_fbcf_real_anual,2024-12-31,6.810542805432607,%,annual,IBGE/SIDRA 1621,https://apisidra.ibge.gov.br/values/t/1621/n1/all/v/584/p/all/c11255/93406/d/v584%202,Variação anual do índice médio de volume trimestral.,fbcf_fixa_real,diagnostic
crescimento_fbcf_real_anual,2025-12-31,2.9774024975437685,%,annual,IBGE/SIDRA 1621,https://apisidra.ibge.gov.br/values/t/1621/n1/all/v/584/p/all/c11255/93406/d/v584%202,Variação anual do índice médio de volume trimestral.,fbcf_fixa_real,diagnostic
crescimento_pib_real_anual,1997-12-31,3.7165145716808956,%,annual,IBGE/SIDRA 1621,https://apisidra.ibge.gov.br/values/t/1621/n1/all/v/584/p/all/c11255/90707/d/v584%202,Variação percentual do índice anual contra o ano anterior.,pib_real,ready
crescimento_pib_real_anual,1998-12-31,0.3547860640034095,%,annual,IBGE/SIDRA 1621,https://apisidra.ibge.gov.br/values/t/1621/n1/all/v/584/p/all/c11255/90707/d/v584%202,Variação percentual do índice anual contra o ano anterior.,pib_real,ready
crescimento_pib_real_anual,1999-12-31,0.47608946710975264,%,annual,IBGE/SIDRA 1621,https://apisidra.ibge.gov.br/values/t/1621/n1/all/v/584/p/all/c11255/90707/d/v584%202,Variação percentual do índice anual contra o ano anterior.,pib_real,ready
crescimento_pib_real_anual,2000-12-31,4.276230911777823,%,annual,IBGE/SIDRA 1621,https://apisidra.ibge.gov.br/values/t/1621/n1/all/v/584/p/all/c11255/90707/d/v584%202,Variação percentual do índice anual contra o ano anterior.,pib_real,ready
crescimento_pib_real_anual,2001-12-31,1.5229225716471007,%,annual,IBGE/SIDRA 1621,https://apisidra.ibge.gov.br/values/t/1621/n1/all/v/584/p/all/c11255/90707/d/v584%202,Variação percentual do índice anual contra o ano anterior.,pib_real,ready
crescimento_pib_real_anual,2002-12-31,3.0178812789435128,%,annual,IBGE/SIDRA 1621,https://apisidra.ibge.gov.br/values/t/1621/n1/all/v/584/p/all/c11255/90707/d/v584%202,Variação percentual do índice anual contra o ano anterior.,pib_real,ready
crescimento_pib_real_anual,2003-12-31,1.1636160282193053,%,annual,IBGE/SIDRA 1621,https://apisidra.ibge.gov.br/values/t/1621/n1/all/v/584/p/all/c11255/90707/d/v584%202,Variação percentual do índice anual contra o ano anterior.,pib_real,ready
crescimento_pib_real_anual,2004-12-31,5.421609899221846,%,annual,IBGE/SIDRA 1621,https://apisidra.ibge.gov.br/values/t/1621/n1/all/v/584/p/all/c11255/90707/d/v584%202,Variação percentual do índice anual contra o ano anterior.,pib_real,ready
crescimento_pib_real_anual,2005-12-31,3.626169732171669,%,annual,IBGE/SIDRA 1621,https://apisidra.ibge.gov.br/values/t/1621/n1/all/v/584/p/all/c11255/90707/d/v584%202,Variação percentual do índice anual contra o ano anterior.,pib_real,ready
crescimento_pib_real_anual,2006-12-31,3.958584718383862,%,annual,IBGE/SIDRA 1621,https://apisidra.ibge.gov.br/values/t/1621/n1/all/v/584/p/all/c11255/90707/d/v584%202,Variação percentual do índice anual contra o ano anterior.,pib_real,ready
crescimento_pib_real_anual,2007-12-31,5.955144525984735,%,annual,IBGE/SIDRA 1621,https://apisidra.ibge.gov.br/values/t/1621/n1/all/v/584/p/all/c11255/90707/d/v584%202,Variação percentual do índice anual contra o ano anterior.,pib_real,ready
crescimento_pib_real_anual,2008-12-31,4.77587151262433,%,annual,IBGE/SIDRA 1621,https://apisidra.ibge.gov.br/values/t/1621/n1/all/v/584/p/all/c11255/90707/d/v584%202,Variação percentual do índice anual contra o ano anterior.,pib_real,ready
crescimento_pib_real_anual,2009-12-31,0.1635750421585147,%,annual,IBGE/SIDRA 1621,https://apisidra.ibge.gov.br/values/t/1621/n1/all/v/584/p/all/c11255/90707/d/v584%202,Variação percentual do índice anual contra o ano anterior.,pib_real,ready
crescimento_pib_real_anual,2010-12-31,7.554253581830728,%,annual,IBGE/SIDRA 1621,https://apisidra.ibge.gov.br/values/t/1621/n1/all/v/584/p/all/c11255/90707/d/v584%202,Variação percentual do índice anual contra o ano anterior.,pib_real,ready
crescimento_pib_real_anual,2011-12-31,4.094922046208738,%,annual,IBGE/SIDRA 1621,https://apisidra.ibge.gov.br/values/t/1621/n1/all/v/584/p/all/c11255/90707/d/v584%202,Variação percentual do índice anual contra o ano anterior.,pib_real,ready
crescimento_pib_real_anual,2012-12-31,1.6105263157894845,%,annual,IBGE/SIDRA 1621,https://apisidra.ibge.gov.br/values/t/1621/n1/all/v/584/p/all/c11255/90707/d/v584%202,Variação percentual do índice anual contra o ano anterior.,pib_real,ready
crescimento_pib_real_anual,2013-12-31,3.205517159728277,%,annual,IBGE/SIDRA 1621,https://apisidra.ibge.gov.br/values/t/1621/n1/all/v/584/p/all/c11255/90707/d/v584%202,Variação percentual do índice anual contra o ano anterior.,pib_real,ready
crescimento_pib_real_anual,2014-12-31,0.5248290003871725,%,annual,IBGE/SIDRA 1621,https://apisidra.ibge.gov.br/values/t/1621/n1/all/v/584/p/all/c11255/90707/d/v584%202,Variação percentual do índice anual contra o ano anterior.,pib_real,ready
crescimento_pib_real_anual,2015-12-31,-3.536225268533444,%,annual,IBGE/SIDRA 1621,https://apisidra.ibge.gov.br/values/t/1621/n1/all/v/584/p/all/c11255/90707/d/v584%202,Variação percentual do índice anual contra o ano anterior.,pib_real,ready
crescimento_pib_real_anual,2016-12-31,-3.495800307583108,%,annual,IBGE/SIDRA 1621,https://apisidra.ibge.gov.br/values/t/1621/n1/all/v/584/p/all/c11255/90707/d/v584%202,Variação percentual do índice anual contra o ano anterior.,pib_real,ready
crescimento_pib_real_anual,2017-12-31,1.6242721422004225,%,annual,IBGE/SIDRA 1621,https://apisidra.ibge.gov.br/values/t/1621/n1/all/v/584/p/all/c11255/90707/d/v584%202,Variação percentual do índice anual contra o ano anterior.,pib_real,ready
crescimento_pib_real_anual,2018-12-31,1.6782267792521122,%,annual,IBGE/SIDRA 1621,https://apisidra.ibge.gov.br/values/t/1621/n1/all/v/584/p/all/c11255/90707/d/v584%202,Variação percentual do índice anual contra o ano anterior.,pib_real,ready
crescimento_pib_real_anual,2019-12-31,1.2249195497753051,%,annual,IBGE/SIDRA 1621,https://apisidra.ibge.gov.br/values/t/1621/n1/all/v/584/p/all/c11255/90707/d/v584%202,Variação percentual do índice anual contra o ano anterior.,pib_real,ready
crescimento_pib_real_anual,2020-12-31,-3.570225171772201,%,annual,IBGE/SIDRA 1621,https://apisidra.ibge.gov.br/values/t/1621/n1/all/v/584/p/all/c11255/90707/d/v584%202,Variação percentual do índice anual contra o ano anterior.,pib_real,ready
crescimento_pib_real_anual,2021-12-31,5.100118501412898,%,annual,IBGE/SIDRA 1621,https://apisidra.ibge.gov.br/values/t/1621/n1/all/v/584/p/all/c11255/90707/d/v584%202,Variação percentual do índice anual contra o ano anterior.,pib_real,ready
crescimento_pib_real_anual,2022-12-31,3.113661660330447,%,annual,IBGE/SIDRA 1621,https://apisidra.ibge.gov.br/values/t/1621/n1/all/v/584/p/all/c11255/90707/d/v584%202,Variação percentual do índice anual contra o ano anterior.,pib_real,ready
crescimento_pib_real_anual,2023-12-31,3.2523516465030378,%,annual,IBGE/SIDRA 1621,https://apisidra.ibge.gov.br/values/t/1621/n1/all/v/584/p/all/c11255/90707/d/v584%202,Variação percentual do índice anual contra o ano anterior.,pib_real,ready
crescimento_pib_real_anual,2024-12-31,2.9910526387248337,%,annual,IBGE/SIDRA 1621,https://apisidra.ibge.gov.br/values/t/1621/n1/all/v/584/p/all/c11255/90707/d/v584%202,Variação percentual do índice anual contra o ano anterior.,pib_real,ready
crescimento_pib_real_anual,2025-12-31,2.591752794769042,%,annual,IBGE/SIDRA 1621,https://apisidra.ibge.gov.br/values/t/1621/n1/all/v/584/p/all/c11255/90707/d/v584%202,Variação percentual do índice anual contra o ano anterior.,pib_real,ready
crescimento_pib_real_qoq,1996-06-30,1.1970626697515252,%,quarterly,IBGE/SIDRA 1621,https://apisidra.ibge.gov.br/values/t/1621/n1/all/v/584/p/all/c11255/90707/d/v584%202,Variação percentual trimestre contra trimestre anterior.,pib_real,model_missing
crescimento_pib_real_qoq,1996-09-30,3.6878727634194863,%,quarterly,IBGE/SIDRA 1621,https://apisidra.ibge.gov.br/values/t/1621/n1/all/v/584/p/all/c11255/90707/d/v584%202,Variação percentual trimestre contra trimestre anterior.,pib_real,model_missing
crescimento_pib_real_qoq,1996-12-31,-0.9490940465919029,%,quarterly,IBGE/SIDRA 1621,https://apisidra.ibge.gov.br/values/t/1621/n1/all/v/584/p/all/c11255/90707/d/v584%202,Variação percentual trimestre contra trimestre anterior.,pib_real,model_missing
crescimento_pib_real_qoq,1997-03-31,1.0743321718931664,%,quarterly,IBGE/SIDRA 1621,https://apisidra.ibge.gov.br/values/t/1621/n1/all/v/584/p/all/c11255/90707/d/v584%202,Variação percentual trimestre contra trimestre anterior.,pib_real,model_missing
crescimento_pib_real_qoq,1997-06-30,0.47878961984104684,%,quarterly,IBGE/SIDRA 1621,https://apisidra.ibge.gov.br/values/t/1621/n1/all/v/584/p/all/c11255/90707/d/v584%202,Variação percentual trimestre contra trimestre anterior.,pib_real,model_missing
crescimento_pib_real_qoq,1997-09-30,1.2770418374154158,%,quarterly,IBGE/SIDRA 1621,https://apisidra.ibge.gov.br/values/t/1621/n1/all/v/584/p/all/c11255/90707/d/v584%202,Variação percentual trimestre contra trimestre anterior.,pib_real,model_missing
crescimento_pib_real_qoq,1997-12-31,0.8374894137574085,%,quarterly,IBGE/SIDRA 1621,https://apisidra.ibge.gov.br/values/t/1621/n1/all/v/584/p/all/c11255/90707/d/v584%202,Variação percentual trimestre contra trimestre anterior.,pib_real,model_missing
crescimento_pib_real_qoq,1998-03-31,-1.9783501306457563,%,quarterly,IBGE/SIDRA 1621,https://apisidra.ibge.gov.br/values/t/1621/n1/all/v/584/p/all/c11255/90707/d/v584%202,Variação percentual trimestre contra trimestre anterior.,pib_real,model_missing
crescimento_pib_real_qoq,1998-06-30,1.7231530845392085,%,quarterly,IBGE/SIDRA 1621,https://apisidra.ibge.gov.br/values/t/1621/n1/all/v/584/p/all/c11255/90707/d/v584%202,Variação percentual trimestre contra trimestre anterior.,pib_real,model_missing
crescimento_pib_real_qoq,1998-09-30,-0.03743565746372468,%,quarterly,IBGE/SIDRA 1621,https://apisidra.ibge.gov.br/values/t/1621/n1/all/v/584/p/all/c11255/90707/d/v584%202,Variação percentual trimestre contra trimestre anterior.,pib_real,model_missing
crescimento_pib_real_qoq,1998-12-31,-1.1422151483943432,%,quarterly,IBGE/SIDRA 1621,https://apisidra.ibge.gov.br/values/t/1621/n1/all/v/584/p/all/c11255/90707/d/v584%202,Variação percentual trimestre contra trimestre anterior.,pib_real,model_missing
crescimento_pib_real_qoq,1999-03-31,0.17994128231839657,%,quarterly,IBGE/SIDRA 1621,https://apisidra.ibge.gov.br/values/t/1621/n1/all/v/584/p/all/c11255/90707/d/v584%202,Variação percentual trimestre contra trimestre anterior.,pib_real,model_missing
crescimento_pib_real_qoq,1999-06-30,0.529400642843636,%,quarterly,IBGE/SIDRA 1621,https://apisidra.ibge.gov.br/values/t/1621/n1/all/v/584/p/all/c11255/90707/d/v584%202,Variação percentual trimestre contra trimestre anterior.,pib_real,model_missing
crescimento_pib_real_qoq,1999-09-30,0.0,%,quarterly,IBGE/SIDRA 1621,https://apisidra.ibge.gov.br/values/t/1621/n1/all/v/584/p/all/c11255/90707/d/v584%202,Variação percentual trimestre contra trimestre anterior.,pib_real,model_missing
crescimento_pib_real_qoq,1999-12-31,1.4199736693624176,%,quarterly,IBGE/SIDRA 1621,https://apisidra.ibge.gov.br/values/t/1621/n1/all/v/584/p/all/c11255/90707/d/v584%202,Variação percentual trimestre contra trimestre anterior.,pib_real,model_missing
crescimento_pib_real_qoq,2000-03-31,1.0477515067223164,%,quarterly,IBGE/SIDRA 1621,https://apisidra.ibge.gov.br/values/t/1621/n1/all/v/584/p/all/c11255/90707/d/v584%202,Variação percentual trimestre contra trimestre anterior.,pib_real,model_missing
crescimento_pib_real_qoq,2000-06-30,1.422279317305919,%,quarterly,IBGE/SIDRA 1621,https://apisidra.ibge.gov.br/values/t/1621/n1/all/v/584/p/all/c11255/90707/d/v584%202,Variação percentual trimestre contra trimestre anterior.,pib_real,model_missing
crescimento_pib_real_qoq,2000-09-30,1.176151271148096,%,quarterly,IBGE/SIDRA 1621,https://apisidra.ibge.gov.br/values/t/1621/n1/all/v/584/p/all/c11255/90707/d/v584%202,Variação percentual trimestre contra trimestre anterior.,pib_real,model_missing
crescimento_pib_real_qoq,2000-12-31,1.225073772690699,%,quarterly,IBGE/SIDRA 1621,https://apisidra.ibge.gov.br/values/t/1621/n1/all/v/584/p/all/c11255/90707/d/v584%202,Variação percentual trimestre contra trimestre anterior.,pib_real,model_missing
crescimento_pib_real_qoq,2001-03-31,0.36219081272084175,%,quarterly,IBGE/SIDRA 1621,https://apisidra.ibge.gov.br/values/t/1621/n1/all/v/584/p/all/c11255/90707/d/v584%202,Variação percentual trimestre contra trimestre anterior.,pib_real,model_missing
crescimento_pib_real_qoq,2001-06-30,-0.47531027198310927,%,quarterly,IBGE/SIDRA 1621,https://apisidra.ibge.gov.br/values/t/1621/n1/all/v/584/p/all/c11255/90707/d/v584%202,Variação percentual trimestre contra trimestre anterior.,pib_real,model_missing
crescimento_pib_real_qoq,2001-09-30,-0.5306447333510156,%,quarterly,IBGE/SIDRA 1621,https://apisidra.ibge.gov.br/values/t/1621/n1/all/v/584/p/all/c11255/90707/d/v584%202,Variação percentual trimestre contra trimestre anterior.,pib_real,model_missing
crescimento_pib_real_qoq,2001-12-31,-0.2756290566373276,%,quarterly,IBGE/SIDRA 1621,https://apisidra.ibge.gov.br/values/t/1621/n1/all/v/584/p/all/c11255/90707/d/v584%202,Variação percentual trimestre contra trimestre anterior.,pib_real,model_missing
crescimento_pib_real_qoq,2002-03-31,2.478601997146934,%,quarterly,IBGE/SIDRA 1621,https://apisidra.ibge.gov.br/values/t/1621/n1/all/v/584/p/all/c11255/90707/d/v584%202,Variação percentual trimestre contra trimestre anterior.,pib_real,model_missing
crescimento_pib_real_qoq,2002-06-30,0.21750478510527138,%,quarterly,IBGE/SIDRA 1621,https://apisidra.ibge.gov.br/values/t/1621/n1/all/v/584/p/all/c11255/90707/d/v584%202,Variação percentual trimestre contra trimestre anterior.,pib_real,model_missing
crescimento_pib_real_qoq,2002-09-30,1.3976907717683895,%,quarterly,IBGE/SIDRA 1621,https://apisidra.ibge.gov.br/values/t/1621/n1/all/v/584/p/all/c11255/90707/d/v584%202,Variação percentual trimestre contra trimestre anterior.,pib_real,model_missing
crescimento_pib_real_qoq,2002-12-31,1.0273972602739656,%,quarterly,IBGE/SIDRA 1621,https://apisidra.ibge.gov.br/values/t/1621/n1/all/v/584/p/all/c11255/90707/d/v584%202,Variação percentual trimestre contra trimestre anterior.,pib_real,model_missing
crescimento_pib_real_qoq,2003-03-31,-0.44915254237287705,%,quarterly,IBGE/SIDRA 1621,https://apisidra.ibge.gov.br/values/t/1621/n1/all/v/584/p/all/c11255/90707/d/v584%202,Variação percentual trimestre contra trimestre anterior.,pib_real,model_missing
crescimento_pib_real_qoq,2003-06-30,-0.842768366391411,%,quarterly,IBGE/SIDRA 1621,https://apisidra.ibge.gov.br/values/t/1621/n1/all/v/584/p/all/c11255/90707/d/v584%202,Variação percentual trimestre contra trimestre anterior.,pib_real,model_missing
crescimento_pib_real_qoq,2003-09-30,0.9443681318681341,%,quarterly,IBGE/SIDRA 1621,https://apisidra.ibge.gov.br/values/t/1621/n1/all/v/584/p/all/c11255/90707/d/v584%202,Variação percentual trimestre contra trimestre anterior.,pib_real,model_missing
crescimento_pib_real_qoq,2003-12-31,1.0460962748766844,%,quarterly,IBGE/SIDRA 1621,https://apisidra.ibge.gov.br/values/t/1621/n1/all/v/584/p/all/c11255/90707/d/v584%202,Variação percentual trimestre contra trimestre anterior.,pib_real,model_missing
crescimento_pib_real_qoq,2004-03-31,1.3719383890244963,%,quarterly,IBGE/SIDRA 1621,https://apisidra.ibge.gov.br/values/t/1621/n1/all/v/584/p/all/c11255/90707/d/v584%202,Variação percentual trimestre contra trimestre anterior.,pib_real,model_missing
crescimento_pib_real_qoq,2004-06-30,2.7565592826303664,%,quarterly,IBGE/SIDRA 1621,https://apisidra.ibge.gov.br/values/t/1621/n1/all/v/584/p/all/c11255/90707/d/v584%202,Variação percentual trimestre contra trimestre anterior.,pib_real,model_missing
crescimento_pib_real_qoq,2004-09-30,1.276664511958625,%,quarterly,IBGE/SIDRA 1621,https://apisidra.ibge.gov.br/values/t/1621/n1/all/v/584/p/all/c11255/90707/d/v584%202,Variação percentual trimestre contra trimestre anterior.,pib_real,model_missing
crescimento_pib_real_qoq,2004-12-31,0.7659167065581673,%,quarterly,IBGE/SIDRA 1621,https://apisidra.ibge.gov.br/values/t/1621/n1/all/v/584/p/all/c11255/90707/d/v584%202,Variação percentual trimestre contra trimestre anterior.,pib_real,model_missing
crescimento_pib_real_qoq,2005-03-31,0.8867775138559075,%,quarterly,IBGE/SIDRA 1621,https://apisidra.ibge.gov.br/values/t/1621/n1/all/v/584/p/all/c11255/90707/d/v584%202,Variação percentual trimestre contra trimestre anterior.,pib_real,model_missing
crescimento_pib_real_qoq,2005-06-30,1.0359441218019239,%,quarterly,IBGE/SIDRA 1621,https://apisidra.ibge.gov.br/values/t/1621/n1/all/v/584/p/all/c11255/90707/d/v584%202,Variação percentual trimestre contra trimestre anterior.,pib_real,model_missing
crescimento_pib_real_qoq,2005-09-30,-0.5592667391642103,%,quarterly,IBGE/SIDRA 1621,https://apisidra.ibge.gov.br/values/t/1621/n1/all/v/584/p/all/c11255/90707/d/v584%202,Variação percentual trimestre contra trimestre anterior.,pib_real,model_missing
crescimento_pib_real_qoq,2005-12-31,1.2654272769879515,%,quarterly,IBGE/SIDRA 1621,https://apisidra.ibge.gov.br/values/t/1621/n1/all/v/584/p/all/c11255/90707/d/v584%202,Variação percentual trimestre contra trimestre anterior.,pib_real,model_missing
crescimento_pib_real_qoq,2006-03-31,1.6275840789879759,%,quarterly,IBGE/SIDRA 1621,https://apisidra.ibge.gov.br/values/t/1621/n1/all/v/584/p/all/c11255/90707/d/v584%202,Variação percentual trimestre contra trimestre anterior.,pib_real,model_missing
crescimento_pib_real_qoq,2006-06-30,0.2960151802656519,%,quarterly,IBGE/SIDRA 1621,https://apisidra.ibge.gov.br/values/t/1621/n1/all/v/584/p/all/c11255/90707/d/v584%202,Variação percentual trimestre contra trimestre anterior.,pib_real,model_missing
crescimento_pib_real_qoq,2006-09-30,1.6724685939155437,%,quarterly,IBGE/SIDRA 1621,https://apisidra.ibge.gov.br/values/t/1621/n1/all/v/584/p/all/c11255/90707/d/v584%202,Variação percentual trimestre contra trimestre anterior.,pib_real,model_missing
crescimento_pib_real_qoq,2006-12-31,1.1685895050241868,%,quarterly,IBGE/SIDRA 1621,https://apisidra.ibge.gov.br/values/t/1621/n1/all/v/584/p/all/c11255/90707/d/v584%202,Variação percentual trimestre contra trimestre anterior.,pib_real,model_missing
crescimento_pib_real_qoq,2007-03-31,1.8908181283107783,%,quarterly,IBGE/SIDRA 1621,https://apisidra.ibge.gov.br/values/t/1621/n1/all/v/584/p/all/c11255/90707/d/v584%202,Variação percentual trimestre contra trimestre anterior.,pib_real,model_missing
crescimento_pib_real_qoq,2007-06-30,1.6679904686258906,%,quarterly,IBGE/SIDRA 1621,https://apisidra.ibge.gov.br/values/t/1621/n1/all/v/584/p/all/c11255/90707/d/v584%202,Variação percentual trimestre contra trimestre anterior.,pib_real,model_missing
crescimento_pib_real_qoq,2007-09-30,1.0369318181818077,%,quarterly,IBGE/SIDRA 1621,https://apisidra.ibge.gov.br/values/t/1621/n1/all/v/584/p/all/c11255/90707/d/v584%202,Variação percentual trimestre contra trimestre anterior.,pib_real,model_missing
crescimento_pib_real_qoq,2007-12-31,1.5183466891606878,%,quarterly,IBGE/SIDRA 1621,https://apisidra.ibge.gov.br/values/t/1621/n1/all/v/584/p/all/c11255/90707/d/v584%202,Variação percentual trimestre contra trimestre anterior.,pib_real,model_missing
crescimento_pib_real_qoq,2008-03-31,1.274061764298584,%,quarterly,IBGE/SIDRA 1621,https://apisidra.ibge.gov.br/values/t/1621/n1/all/v/584/p/all/c11255/90707/d/v584%202,Variação percentual trimestre contra trimestre anterior.,pib_real,model_missing
crescimento_pib_real_qoq,2008-06-30,1.9964446875427422,%,quarterly,IBGE/SIDRA 1621,https://apisidra.ibge.gov.br/values/t/1621/n1/all/v/584/p/all/c11255/90707/d/v584%202,Variação percentual trimestre contra trimestre anterior.,pib_real,model_missing
crescimento_pib_real_qoq,2008-09-30,1.6490146132189132,%,quarterly,IBGE/SIDRA 1621,https://apisidra.ibge.gov.br/values/t/1621/n1/all/v/584/p/all/c11255/90707/d/v584%202,Variação percentual trimestre contra trimestre anterior.,pib_real,model_missing
crescimento_pib_real_qoq,2008-12-31,-3.7720917963598,%,quarterly,IBGE/SIDRA 1621,https://apisidra.ibge.gov.br/values/t/1621/n1/all/v/584/p/all/c11255/90707/d/v584%202,Variação percentual trimestre contra trimestre anterior.,pib_real,model_missing
crescimento_pib_real_qoq,2009-03-31,-1.4391447368421018,%,quarterly,IBGE/SIDRA 1621,https://apisidra.ibge.gov.br/values/t/1621/n1/all/v/584/p/all/c11255/90707/d/v584%202,Variação percentual trimestre contra trimestre anterior.,pib_real,model_missing
crescimento_pib_real_qoq,2009-06-30,1.8495341398971021,%,quarterly,IBGE/SIDRA 1621,https://apisidra.ibge.gov.br/values/t/1621/n1/all/v/584/p/all/c11255/90707/d/v584%202,Variação percentual trimestre contra trimestre anterior.,pib_real,model_missing
crescimento_pib_real_qoq,2009-09-30,2.3347897323866773,%,quarterly,IBGE/SIDRA 1621,https://apisidra.ibge.gov.br/values/t/1621/n1/all/v/584/p/all/c11255/90707/d/v584%202,Variação percentual trimestre contra trimestre anterior.,pib_real,model_missing
crescimento_pib_real_qoq,2009-12-31,2.581721147431626,%,quarterly,IBGE/SIDRA 1621,https://apisidra.ibge.gov.br/values/t/1621/n1/all/v/584/p/all/c11255/90707/d/v584%202,Variação percentual trimestre contra trimestre anterior.,pib_real,model_missing
crescimento_pib_real_qoq,2010-03-31,2.055017233530587,%,quarterly,IBGE/SIDRA 1621,https://apisidra.ibge.gov.br/values/t/1621/n1/all/v/584/p/all/c11255/90707/d/v584%202,Variação percentual trimestre contra trimestre anterior.,pib_real,model_missing
crescimento_pib_real_qoq,2010-06-30,1.280825845918554,%,quarterly,IBGE/SIDRA 1621,https://apisidra.ibge.gov.br/values/t/1621/n1/all/v/584/p/all/c11255/90707/d/v584%202,Variação percentual trimestre contra trimestre anterior.,pib_real,model_missing
crescimento_pib_real_qoq,2010-09-30,0.8808355354221753,%,quarterly,IBGE/SIDRA 1621,https://apisidra.ibge.gov.br/values/t/1621/n1/all/v/584/p/all/c11255/90707/d/v584%202,Variação percentual trimestre contra trimestre anterior.,pib_real,model_missing
crescimento_pib_real_qoq,2010-12-31,1.4282150430335427,%,quarterly,IBGE/SIDRA 1621,https://apisidra.ibge.gov.br/values/t/1621/n1/all/v/584/p/all/c11255/90707/d/v584%202,Variação percentual trimestre contra trimestre anterior.,pib_real,model_missing
crescimento_pib_real_qoq,2011-03-31,1.3343171616553073,%,quarterly,IBGE/SIDRA 1621,https://apisidra.ibge.gov.br/values/t/1621/n1/all/v/584/p/all/c11255/90707/d/v584%202,Variação percentual trimestre contra trimestre anterior.,pib_real,model_missing
crescimento_pib_real_qoq,2011-06-30,1.019417475728135,%,quarterly,IBGE/SIDRA 1621,https://apisidra.ibge.gov.br/values/t/1621/n1/all/v/584/p/all/c11255/90707/d/v584%202,Variação percentual trimestre contra trimestre anterior.,pib_real,model_missing
crescimento_pib_real_qoq,2011-09-30,-0.2222489187890253,%,quarterly,IBGE/SIDRA 1621,https://apisidra.ibge.gov.br/values/t/1621/n1/all/v/584/p/all/c11255/90707/d/v584%202,Variação percentual trimestre contra trimestre anterior.,pib_real,model_missing
crescimento_pib_real_qoq,2011-12-31,0.9030160736861026,%,quarterly,IBGE/SIDRA 1621,https://apisidra.ibge.gov.br/values/t/1621/n1/all/v/584/p/all/c11255/90707/d/v584%202,Variação percentual trimestre contra trimestre anterior.,pib_real,model_missing
crescimento_pib_real_qoq,2012-03-31,-1.419963009366998,%,quarterly,IBGE/SIDRA 1621,https://apisidra.ibge.gov.br/values/t/1621/n1/all/v/584/p/all/c11255/90707/d/v584%202,Variação percentual trimestre contra trimestre anterior.,pib_real,model_missing
crescimento_pib_real_qoq,2012-06-30,1.8095987411486991,%,quarterly,IBGE/SIDRA 1621,https://apisidra.ibge.gov.br/values/t/1621/n1/all/v/584/p/all/c11255/90707/d/v584%202,Variação percentual trimestre contra trimestre anterior.,pib_real,model_missing
crescimento_pib_real_qoq,2012-09-30,1.7120437522292198,%,quarterly,IBGE/SIDRA 1621,https://apisidra.ibge.gov.br/values/t/1621/n1/all/v/584/p/all/c11255/90707/d/v584%202,Variação percentual trimestre contra trimestre anterior.,pib_real,model_missing
crescimento_pib_real_qoq,2012-12-31,0.03506721215662534,%,quarterly,IBGE/SIDRA 1621,https://apisidra.ibge.gov.br/values/t/1621/n1/all/v/584/p/all/c11255/90707/d/v584%202,Variação percentual trimestre contra trimestre anterior.,pib_real,model_missing
crescimento_pib_real_qoq,2013-03-31,0.5433512502921234,%,quarterly,IBGE/SIDRA 1621,https://apisidra.ibge.gov.br/values/t/1621/n1/all/v/584/p/all/c11255/90707/d/v584%202,Variação percentual trimestre contra trimestre anterior.,pib_real,model_missing
crescimento_pib_real_qoq,2013-06-30,1.3655645301876795,%,quarterly,IBGE/SIDRA 1621,https://apisidra.ibge.gov.br/values/t/1621/n1/all/v/584/p/all/c11255/90707/d/v584%202,Variação percentual trimestre contra trimestre anterior.,pib_real,model_missing
crescimento_pib_real_qoq,2013-09-30,0.48154093097914075,%,quarterly,IBGE/SIDRA 1621,https://apisidra.ibge.gov.br/values/t/1621/n1/all/v/584/p/all/c11255/90707/d/v584%202,Variação percentual trimestre contra trimestre anterior.,pib_real,model_missing
crescimento_pib_real_qoq,2013-12-31,0.15974440894568342,%,quarterly,IBGE/SIDRA 1621,https://apisidra.ibge.gov.br/values/t/1621/n1/all/v/584/p/all/c11255/90707/d/v584%202,Variação percentual trimestre contra trimestre anterior.,pib_real,model_missing
crescimento_pib_real_qoq,2014-03-31,0.837320574162681,%,quarterly,IBGE/SIDRA 1621,https://apisidra.ibge.gov.br/values/t/1621/n1/all/v/584/p/all/c11255/90707/d/v584%202,Variação percentual trimestre contra trimestre anterior.,pib_real,model_missing
crescimento_pib_real_qoq,2014-06-30,-1.46867762526125,%,quarterly,IBGE/SIDRA 1621,https://apisidra.ibge.gov.br/values/t/1621/n1/all/v/584/p/all/c11255/90707/d/v584%202,Variação percentual trimestre contra trimestre anterior.,pib_real,model_missing
crescimento_pib_real_qoq,2014-09-30,-0.057329587800258874,%,quarterly,IBGE/SIDRA 1621,https://apisidra.ibge.gov.br/values/t/1621/n1/all/v/584/p/all/c11255/90707/d/v584%202,Variação percentual trimestre contra trimestre anterior.,pib_real,model_missing
crescimento_pib_real_qoq,2014-12-31,0.5219985085756829,%,quarterly,IBGE/SIDRA 1621,https://apisidra.ibge.gov.br/values/t/1621/n1/all/v/584/p/all/c11255/90707/d/v584%202,Variação percentual trimestre contra trimestre anterior.,pib_real,model_missing
crescimento_pib_real_qoq,2015-03-31,-0.7989043597352197,%,quarterly,IBGE/SIDRA 1621,https://apisidra.ibge.gov.br/values/t/1621/n1/all/v/584/p/all/c11255/90707/d/v584%202,Variação percentual trimestre contra trimestre anterior.,pib_real,model_missing
crescimento_pib_real_qoq,2015-06-30,-2.346985734008289,%,quarterly,IBGE/SIDRA 1621,https://apisidra.ibge.gov.br/values/t/1621/n1/all/v/584/p/all/c11255/90707/d/v584%202,Variação percentual trimestre contra trimestre anterior.,pib_real,model_missing
crescimento_pib_real_qoq,2015-09-30,-1.6493873704052642,%,quarterly,IBGE/SIDRA 1621,https://apisidra.ibge.gov.br/values/t/1621/n1/all/v/584/p/all/c11255/90707/d/v584%202,Variação percentual trimestre contra trimestre anterior.,pib_real,model_missing
crescimento_pib_real_qoq,2015-12-31,-0.7666506947771934,%,quarterly,IBGE/SIDRA 1621,https://apisidra.ibge.gov.br/values/t/1621/n1/all/v/584/p/all/c11255/90707/d/v584%202,Variação percentual trimestre contra trimestre anterior.,pib_real,model_missing
crescimento_pib_real_qoq,2016-03-31,-1.43046837276678,%,quarterly,IBGE/SIDRA 1621,https://apisidra.ibge.gov.br/values/t/1621/n1/all/v/584/p/all/c11255/90707/d/v584%202,Variação percentual trimestre contra trimestre anterior.,pib_real,model_missing
crescimento_pib_real_qoq,2016-06-30,0.2633029208254367,%,quarterly,IBGE/SIDRA 1621,https://apisidra.ibge.gov.br/values/t/1621/n1/all/v/584/p/all/c11255/90707/d/v584%202,Variação percentual trimestre contra trimestre anterior.,pib_real,model_missing
crescimento_pib_real_qoq,2016-09-30,-0.5313301575668783,%,quarterly,IBGE/SIDRA 1621,https://apisidra.ibge.gov.br/values/t/1621/n1/all/v/584/p/all/c11255/90707/d/v584%202,Variação percentual trimestre contra trimestre anterior.,pib_real,model_missing
crescimento_pib_real_qoq,2016-12-31,-0.11665745686744167,%,quarterly,IBGE/SIDRA 1621,https://apisidra.ibge.gov.br/values/t/1621/n1/all/v/584/p/all/c11255/90707/d/v584%202,Variação percentual trimestre contra trimestre anterior.,pib_real,model_missing
crescimento_pib_real_qoq,2017-03-31,1.0327022375215211,%,quarterly,IBGE/SIDRA 1621,https://apisidra.ibge.gov.br/values/t/1621/n1/all/v/584/p/all/c11255/90707/d/v584%202,Variação percentual trimestre contra trimestre anterior.,pib_real,model_missing
crescimento_pib_real_qoq,2017-06-30,0.8396203455828699,%,quarterly,IBGE/SIDRA 1621,https://apisidra.ibge.gov.br/values/t/1621/n1/all/v/584/p/all/c11255/90707/d/v584%202,Variação percentual trimestre contra trimestre anterior.,pib_real,model_missing
crescimento_pib_real_qoq,2017-09-30,0.21720767467117152,%,quarterly,IBGE/SIDRA 1621,https://apisidra.ibge.gov.br/values/t/1621/n1/all/v/584/p/all/c11255/90707/d/v584%202,Variação percentual trimestre contra trimestre anterior.,pib_real,model_missing
crescimento_pib_real_qoq,2017-12-31,0.5418422636965792,%,quarterly,IBGE/SIDRA 1621,https://apisidra.ibge.gov.br/values/t/1621/n1/all/v/584/p/all/c11255/90707/d/v584%202,Variação percentual trimestre contra trimestre anterior.,pib_real,model_missing
crescimento_pib_real_qoq,2018-03-31,0.6227544910179628,%,quarterly,IBGE/SIDRA 1621,https://apisidra.ibge.gov.br/values/t/1621/n1/all/v/584/p/all/c11255/90707/d/v584%202,Variação percentual trimestre contra trimestre anterior.,pib_real,model_missing
crescimento_pib_real_qoq,2018-06-30,-0.12497024517971189,%,quarterly,IBGE/SIDRA 1621,https://apisidra.ibge.gov.br/values/t/1621/n1/all/v/584/p/all/c11255/90707/d/v584%202,Variação percentual trimestre contra trimestre anterior.,pib_real,model_missing
crescimento_pib_real_qoq,2018-09-30,0.9593040576774126,%,quarterly,IBGE/SIDRA 1621,https://apisidra.ibge.gov.br/values/t/1621/n1/all/v/584/p/all/c11255/90707/d/v584%202,Variação percentual trimestre contra trimestre anterior.,pib_real,model_missing
crescimento_pib_real_qoq,2018-12-31,-0.2478753541076406,%,quarterly,IBGE/SIDRA 1621,https://apisidra.ibge.gov.br/values/t/1621/n1/all/v/584/p/all/c11255/90707/d/v584%202,Variação percentual trimestre contra trimestre anterior.,pib_real,model_missing
crescimento_pib_real_qoq,2019-03-31,0.2899065199384543,%,quarterly,IBGE/SIDRA 1621,https://apisidra.ibge.gov.br/values/t/1621/n1/all/v/584/p/all/c11255/90707/d/v584%202,Variação percentual trimestre contra trimestre anterior.,pib_real,model_missing
crescimento_pib_real_qoq,2019-06-30,0.5840363400389403,%,quarterly,IBGE/SIDRA 1621,https://apisidra.ibge.gov.br/values/t/1621/n1/all/v/584/p/all/c11255/90707/d/v584%202,Variação percentual trimestre contra trimestre anterior.,pib_real,model_missing
crescimento_pib_real_qoq,2019-09-30,0.023460410557185618,%,quarterly,IBGE/SIDRA 1621,https://apisidra.ibge.gov.br/values/t/1621/n1/all/v/584/p/all/c11255/90707/d/v584%202,Variação percentual trimestre contra trimestre anterior.,pib_real,model_missing
crescimento_pib_real_qoq,2019-12-31,0.879559047730738,%,quarterly,IBGE/SIDRA 1621,https://apisidra.ibge.gov.br/values/t/1621/n1/all/v/584/p/all/c11255/90707/d/v584%202,Variação percentual trimestre contra trimestre anterior.,pib_real,model_missing
crescimento_pib_real_qoq,2020-03-31,-2.2959776796093845,%,quarterly,IBGE/SIDRA 1621,https://apisidra.ibge.gov.br/values/t/1621/n1/all/v/584/p/all/c11255/90707/d/v584%202,Variação percentual trimestre contra trimestre anterior.,pib_real,model_missing
crescimento_pib_real_qoq,2020-06-30,-8.876197275269215,%,quarterly,IBGE/SIDRA 1621,https://apisidra.ibge.gov.br/values/t/1621/n1/all/v/584/p/all/c11255/90707/d/v584%202,Variação percentual trimestre contra trimestre anterior.,pib_real,model_missing
crescimento_pib_real_qoq,2020-09-30,7.925834040608493,%,quarterly,IBGE/SIDRA 1621,https://apisidra.ibge.gov.br/values/t/1621/n1/all/v/584/p/all/c11255/90707/d/v584%202,Variação percentual trimestre contra trimestre anterior.,pib_real,model_missing
crescimento_pib_real_qoq,2020-12-31,3.835218680055652,%,quarterly,IBGE/SIDRA 1621,https://apisidra.ibge.gov.br/values/t/1621/n1/all/v/584/p/all/c11255/90707/d/v584%202,Variação percentual trimestre contra trimestre anterior.,pib_real,model_missing
crescimento_pib_real_qoq,2021-03-31,0.8738712496358936,%,quarterly,IBGE/SIDRA 1621,https://apisidra.ibge.gov.br/values/t/1621/n1/all/v/584/p/all/c11255/90707/d/v584%202,Variação percentual trimestre contra trimestre anterior.,pib_real,model_missing
crescimento_pib_real_qoq,2021-06-30,-0.6988160554432632,%,quarterly,IBGE/SIDRA 1621,https://apisidra.ibge.gov.br/values/t/1621/n1/all/v/584/p/all/c11255/90707/d/v584%202,Variação percentual trimestre contra trimestre anterior.,pib_real,model_missing
crescimento_pib_real_qoq,2021-09-30,0.15121554030474993,%,quarterly,IBGE/SIDRA 1621,https://apisidra.ibge.gov.br/values/t/1621/n1/all/v/584/p/all/c11255/90707/d/v584%202,Variação percentual trimestre contra trimestre anterior.,pib_real,model_missing
crescimento_pib_real_qoq,2021-12-31,1.3356562137049943,%,quarterly,IBGE/SIDRA 1621,https://apisidra.ibge.gov.br/values/t/1621/n1/all/v/584/p/all/c11255/90707/d/v584%202,Variação percentual trimestre contra trimestre anterior.,pib_real,model_missing
crescimento_pib_real_qoq,2022-03-31,0.6876790830945501,%,quarterly,IBGE/SIDRA 1621,https://apisidra.ibge.gov.br/values/t/1621/n1/all/v/584/p/all/c11255/90707/d/v584%202,Variação percentual trimestre contra trimestre anterior.,pib_real,model_missing
crescimento_pib_real_qoq,2022-06-30,1.138303927148554,%,quarterly,IBGE/SIDRA 1621,https://apisidra.ibge.gov.br/values/t/1621/n1/all/v/584/p/all/c11255/90707/d/v584%202,Variação percentual trimestre contra trimestre anterior.,pib_real,model_missing
crescimento_pib_real_qoq,2022-09-30,1.0579628587507273,%,quarterly,IBGE/SIDRA 1621,https://apisidra.ibge.gov.br/values/t/1621/n1/all/v/584/p/all/c11255/90707/d/v584%202,Variação percentual trimestre contra trimestre anterior.,pib_real,model_missing
crescimento_pib_real_qoq,2022-12-31,0.42877826038534295,%,quarterly,IBGE/SIDRA 1621,https://apisidra.ibge.gov.br/values/t/1621/n1/all/v/584/p/all/c11255/90707/d/v584%202,Variação percentual trimestre contra trimestre anterior.,pib_real,model_missing
crescimento_pib_real_qoq,2023-03-31,1.3418353202107047,%,quarterly,IBGE/SIDRA 1621,https://apisidra.ibge.gov.br/values/t/1621/n1/all/v/584/p/all/c11255/90707/d/v584%202,Variação percentual trimestre contra trimestre anterior.,pib_real,model_missing
crescimento_pib_real_qoq,2023-06-30,0.7769327570170015,%,quarterly,IBGE/SIDRA 1621,https://apisidra.ibge.gov.br/values/t/1621/n1/all/v/584/p/all/c11255/90707/d/v584%202,Variação percentual trimestre contra trimestre anterior.,pib_real,model_missing
crescimento_pib_real_qoq,2023-09-30,0.1303002334545944,%,quarterly,IBGE/SIDRA 1621,https://apisidra.ibge.gov.br/values/t/1621/n1/all/v/584/p/all/c11255/90707/d/v584%202,Variação percentual trimestre contra trimestre anterior.,pib_real,model_missing
crescimento_pib_real_qoq,2023-12-31,0.3849699072818735,%,quarterly,IBGE/SIDRA 1621,https://apisidra.ibge.gov.br/values/t/1621/n1/all/v/584/p/all/c11255/90707/d/v584%202,Variação percentual trimestre contra trimestre anterior.,pib_real,model_missing
crescimento_pib_real_qoq,2024-03-31,0.6805660581181927,%,quarterly,IBGE/SIDRA 1621,https://apisidra.ibge.gov.br/values/t/1621/n1/all/v/584/p/all/c11255/90707/d/v584%202,Variação percentual trimestre contra trimestre anterior.,pib_real,model_missing
crescimento_pib_real_qoq,2024-06-30,1.6738197424892798,%,quarterly,IBGE/SIDRA 1621,https://apisidra.ibge.gov.br/values/t/1621/n1/all/v/584/p/all/c11255/90707/d/v584%202,Variação percentual trimestre contra trimestre anterior.,pib_real,model_missing
crescimento_pib_real_qoq,2024-09-30,0.9022794428028558,%,quarterly,IBGE/SIDRA 1621,https://apisidra.ibge.gov.br/values/t/1621/n1/all/v/584/p/all/c11255/90707/d/v584%202,Variação percentual trimestre contra trimestre anterior.,pib_real,model_missing
crescimento_pib_real_qoq,2024-12-31,0.09412749045651925,%,quarterly,IBGE/SIDRA 1621,https://apisidra.ibge.gov.br/values/t/1621/n1/all/v/584/p/all/c11255/90707/d/v584%202,Variação percentual trimestre contra trimestre anterior.,pib_real,model_missing
crescimento_pib_real_qoq,2025-03-31,1.2695261480591524,%,quarterly,IBGE/SIDRA 1621,https://apisidra.ibge.gov.br/values/t/1621/n1/all/v/584/p/all/c11255/90707/d/v584%202,Variação percentual trimestre contra trimestre anterior.,pib_real,model_missing
crescimento_pib_real_qoq,2025-06-30,0.3404869995872861,%,quarterly,IBGE/SIDRA 1621,https://apisidra.ibge.gov.br/values/t/1621/n1/all/v/584/p/all/c11255/90707/d/v584%202,Variação percentual trimestre contra trimestre anterior.,pib_real,model_missing
crescimento_pib_real_qoq,2025-09-30,0.0976863753213264,%,quarterly,IBGE/SIDRA 1621,https://apisidra.ibge.gov.br/values/t/1621/n1/all/v/584/p/all/c11255/90707/d/v584%202,Variação percentual trimestre contra trimestre anterior.,pib_real,model_missing
crescimento_pib_real_qoq,2025-12-31,0.2568185320252603,%,quarterly,IBGE/SIDRA 1621,https://apisidra.ibge.gov.br/values/t/1621/n1/all/v/584/p/all/c11255/90707/d/v584%202,Variação percentual trimestre contra trimestre anterior.,pib_real,model_missing
crescimento_pib_real_qoq,2026-03-31,1.101490855064302,%,quarterly,IBGE/SIDRA 1621,https://apisidra.ibge.gov.br/values/t/1621/n1/all/v/584/p/all/c11255/90707/d/v584%202,Variação percentual trimestre contra trimestre anterior.,pib_real,model_missing
crescimento_populacao_anual,2002-12-31,1.3035491676676392,%,annual,IBGE/SIDRA 6579,https://apisidra.ibge.gov.br/values/t/6579/n1/all/v/9324/p/all,Variação percentual anual da população estimada.,indice_populacao,ready
crescimento_populacao_anual,2003-12-31,1.281818163077575,%,annual,IBGE/SIDRA 6579,https://apisidra.ibge.gov.br/values/t/6579/n1/all/v/9324/p/all,Variação percentual anual da população estimada.,indice_populacao,ready
crescimento_populacao_anual,2004-12-31,2.6559511697753724,%,annual,IBGE/SIDRA 6579,https://apisidra.ibge.gov.br/values/t/6579/n1/all/v/9324/p/all,Variação percentual anual da população estimada.,indice_populacao,ready
crescimento_populacao_anual,2005-12-31,1.4403379395220295,%,annual,IBGE/SIDRA 6579,https://apisidra.ibge.gov.br/values/t/6579/n1/all/v/9324/p/all,Variação percentual anual da população estimada.,indice_populacao,ready
crescimento_populacao_anual,2006-12-31,1.404190533888383,%,annual,IBGE/SIDRA 6579,https://apisidra.ibge.gov.br/values/t/6579/n1/all/v/9324/p/all,Variação percentual anual da população estimada.,indice_populacao,ready
crescimento_populacao_anual,2008-12-31,,%,annual,IBGE/SIDRA 6579,https://apisidra.ibge.gov.br/values/t/6579/n1/all/v/9324/p/all,Variação percentual anual da população estimada.,indice_populacao,ready
crescimento_populacao_anual,2009-12-31,0.9892270460411856,%,annual,IBGE/SIDRA 6579,https://apisidra.ibge.gov.br/values/t/6579/n1/all/v/9324/p/all,Variação percentual anual da população estimada.,indice_populacao,ready
crescimento_populacao_anual,2011-12-31,,%,annual,IBGE/SIDRA 6579,https://apisidra.ibge.gov.br/values/t/6579/n1/all/v/9324/p/all,Variação percentual anual da população estimada.,indice_populacao,ready
crescimento_populacao_anual,2012-12-31,0.7925634946344351,%,annual,IBGE/SIDRA 6579,https://apisidra.ibge.gov.br/values/t/6579/n1/all/v/9324/p/all,Variação percentual anual da população estimada.,indice_populacao,ready
crescimento_populacao_anual,2013-12-31,3.676406081637862,%,annual,IBGE/SIDRA 6579,https://apisidra.ibge.gov.br/values/t/6579/n1/all/v/9324/p/all,Variação percentual anual da população estimada.,indice_populacao,ready
crescimento_populacao_anual,2014-12-31,0.8634654357797755,%,annual,IBGE/SIDRA 6579,https://apisidra.ibge.gov.br/values/t/6579/n1/all/v/9324/p/all,Variação percentual anual da população estimada.,indice_populacao,ready
crescimento_populacao_anual,2015-12-31,0.829264153878051,%,annual,IBGE/SIDRA 6579,https://apisidra.ibge.gov.br/values/t/6579/n1/all/v/9324/p/all,Variação percentual anual da população estimada.,indice_populacao,ready
crescimento_populacao_anual,2016-12-31,0.7979372017660857,%,annual,IBGE/SIDRA 6579,https://apisidra.ibge.gov.br/values/t/6579/n1/all/v/9324/p/all,Variação percentual anual da população estimada.,indice_populacao,ready
crescimento_populacao_anual,2017-12-31,0.7664431407871763,%,annual,IBGE/SIDRA 6579,https://apisidra.ibge.gov.br/values/t/6579/n1/all/v/9324/p/all,Variação percentual anual da população estimada.,indice_populacao,ready
crescimento_populacao_anual,2018-12-31,0.4016022677043818,%,annual,IBGE/SIDRA 6579,https://apisidra.ibge.gov.br/values/t/6579/n1/all/v/9324/p/all,Variação percentual anual da população estimada.,indice_populacao,ready
crescimento_populacao_anual,2019-12-31,0.7924534365109093,%,annual,IBGE/SIDRA 6579,https://apisidra.ibge.gov.br/values/t/6579/n1/all/v/9324/p/all,Variação percentual anual da população estimada.,indice_populacao,ready
crescimento_populacao_anual,2020-12-31,0.7654480164789312,%,annual,IBGE/SIDRA 6579,https://apisidra.ibge.gov.br/values/t/6579/n1/all/v/9324/p/all,Variação percentual anual da população estimada.,indice_populacao,ready
crescimento_populacao_anual,2021-12-31,0.7376174804311741,%,annual,IBGE/SIDRA 6579,https://apisidra.ibge.gov.br/values/t/6579/n1/all/v/9324/p/all,Variação percentual anual da população estimada.,indice_populacao,ready
crescimento_populacao_anual,2024-12-31,,%,annual,IBGE/SIDRA 6579,https://apisidra.ibge.gov.br/values/t/6579/n1/all/v/9324/p/all,Variação percentual anual da população estimada.,indice_populacao,ready
crescimento_populacao_anual,2025-12-31,0.3938621837275891,%,annual,IBGE/SIDRA 6579,https://apisidra.ibge.gov.br/values/t/6579/n1/all/v/9324/p/all,Variação percentual anual da população estimada.,indice_populacao,ready
inflacao_anual,1980-12-31,99.27980254486424,%,annual,BCB/SGS 433,https://api.bcb.gov.br/dados/serie/bcdata.sgs.433/dados?formato=json,Composição geométrica das doze taxas mensais.,inflacao,ready
inflacao_anual,1981-12-31,95.6548539437813,%,annual,BCB/SGS 433,https://api.bcb.gov.br/dados/serie/bcdata.sgs.433/dados?formato=json,Composição geométrica das doze taxas mensais.,inflacao,ready
inflacao_anual,1982-12-31,104.80406176346575,%,annual,BCB/SGS 433,https://api.bcb.gov.br/dados/serie/bcdata.sgs.433/dados?formato=json,Composição geométrica das doze taxas mensais.,inflacao,ready
inflacao_anual,1983-12-31,163.99999239483355,%,annual,BCB/SGS 433,https://api.bcb.gov.br/dados/serie/bcdata.sgs.433/dados?formato=json,Composição geométrica das doze taxas mensais.,inflacao,ready
inflacao_anual,1984-12-31,215.27919301290393,%,annual,BCB/SGS 433,https://api.bcb.gov.br/dados/serie/bcdata.sgs.433/dados?formato=json,Composição geométrica das doze taxas mensais.,inflacao,ready
inflacao_anual,1985-12-31,242.24839243605226,%,annual,BCB/SGS 433,https://api.bcb.gov.br/dados/serie/bcdata.sgs.433/dados?formato=json,Composição geométrica das doze taxas mensais.,inflacao,ready
inflacao_anual,1986-12-31,79.65643132395195,%,annual,BCB/SGS 433,https://api.bcb.gov.br/dados/serie/bcdata.sgs.433/dados?formato=json,Composição geométrica das doze taxas mensais.,inflacao,ready
inflacao_anual,1987-12-31,363.41351146043036,%,annual,BCB/SGS 433,https://api.bcb.gov.br/dados/serie/bcdata.sgs.433/dados?formato=json,Composição geométrica das doze taxas mensais.,inflacao,ready
inflacao_anual,1988-12-31,980.2211219272108,%,annual,BCB/SGS 433,https://api.bcb.gov.br/dados/serie/bcdata.sgs.433/dados?formato=json,Composição geométrica das doze taxas mensais.,inflacao,ready
inflacao_anual,1989-12-31,1972.91228059041,%,annual,BCB/SGS 433,https://api.bcb.gov.br/dados/serie/bcdata.sgs.433/dados?formato=json,Composição geométrica das doze taxas mensais.,inflacao,ready
inflacao_anual,1990-12-31,1620.9664711631156,%,annual,BCB/SGS 433,https://api.bcb.gov.br/dados/serie/bcdata.sgs.433/dados?formato=json,Composição geométrica das doze taxas mensais.,inflacao,ready
inflacao_anual,1991-12-31,472.6852241291544,%,annual,BCB/SGS 433,https://api.bcb.gov.br/dados/serie/bcdata.sgs.433/dados?formato=json,Composição geométrica das doze taxas mensais.,inflacao,ready
inflacao_anual,1992-12-31,1119.0924622965636,%,annual,BCB/SGS 433,https://api.bcb.gov.br/dados/serie/bcdata.sgs.433/dados?formato=json,Composição geométrica das doze taxas mensais.,inflacao,ready
inflacao_anual,1993-12-31,2477.1480315791655,%,annual,BCB/SGS 433,https://api.bcb.gov.br/dados/serie/bcdata.sgs.433/dados?formato=json,Composição geométrica das doze taxas mensais.,inflacao,ready
inflacao_anual,1994-12-31,916.4328636176823,%,annual,BCB/SGS 433,https://api.bcb.gov.br/dados/serie/bcdata.sgs.433/dados?formato=json,Composição geométrica das doze taxas mensais.,inflacao,ready
inflacao_anual,1995-12-31,22.408880161162557,%,annual,BCB/SGS 433,https://api.bcb.gov.br/dados/serie/bcdata.sgs.433/dados?formato=json,Composição geométrica das doze taxas mensais.,inflacao,ready
inflacao_anual,1996-12-31,9.563805563282601,%,annual,BCB/SGS 433,https://api.bcb.gov.br/dados/serie/bcdata.sgs.433/dados?formato=json,Composição geométrica das doze taxas mensais.,inflacao,ready
inflacao_anual,1997-12-31,5.224731816448935,%,annual,BCB/SGS 433,https://api.bcb.gov.br/dados/serie/bcdata.sgs.433/dados?formato=json,Composição geométrica das doze taxas mensais.,inflacao,ready
inflacao_anual,1998-12-31,1.655644167020709,%,annual,BCB/SGS 433,https://api.bcb.gov.br/dados/serie/bcdata.sgs.433/dados?formato=json,Composição geométrica das doze taxas mensais.,inflacao,ready
inflacao_anual,1999-12-31,8.939934506010495,%,annual,BCB/SGS 433,https://api.bcb.gov.br/dados/serie/bcdata.sgs.433/dados?formato=json,Composição geométrica das doze taxas mensais.,inflacao,ready
inflacao_anual,2000-12-31,5.974339393259931,%,annual,BCB/SGS 433,https://api.bcb.gov.br/dados/serie/bcdata.sgs.433/dados?formato=json,Composição geométrica das doze taxas mensais.,inflacao,ready
inflacao_anual,2001-12-31,7.673263015152032,%,annual,BCB/SGS 433,https://api.bcb.gov.br/dados/serie/bcdata.sgs.433/dados?formato=json,Composição geométrica das doze taxas mensais.,inflacao,ready
inflacao_anual,2002-12-31,12.530337079575006,%,annual,BCB/SGS 433,https://api.bcb.gov.br/dados/serie/bcdata.sgs.433/dados?formato=json,Composição geométrica das doze taxas mensais.,inflacao,ready
inflacao_anual,2003-12-31,9.299949329235124,%,annual,BCB/SGS 433,https://api.bcb.gov.br/dados/serie/bcdata.sgs.433/dados?formato=json,Composição geométrica das doze taxas mensais.,inflacao,ready
inflacao_anual,2004-12-31,7.600644138060408,%,annual,BCB/SGS 433,https://api.bcb.gov.br/dados/serie/bcdata.sgs.433/dados?formato=json,Composição geométrica das doze taxas mensais.,inflacao,ready
inflacao_anual,2005-12-31,5.68973334585865,%,annual,BCB/SGS 433,https://api.bcb.gov.br/dados/serie/bcdata.sgs.433/dados?formato=json,Composição geométrica das doze taxas mensais.,inflacao,ready
inflacao_anual,2006-12-31,3.1417749683044116,%,annual,BCB/SGS 433,https://api.bcb.gov.br/dados/serie/bcdata.sgs.433/dados?formato=json,Composição geométrica das doze taxas mensais.,inflacao,ready
inflacao_anual,2007-12-31,4.457330433237816,%,annual,BCB/SGS 433,https://api.bcb.gov.br/dados/serie/bcdata.sgs.433/dados?formato=json,Composição geométrica das doze taxas mensais.,inflacao,ready
inflacao_anual,2008-12-31,5.902313417525473,%,annual,BCB/SGS 433,https://api.bcb.gov.br/dados/serie/bcdata.sgs.433/dados?formato=json,Composição geométrica das doze taxas mensais.,inflacao,ready
inflacao_anual,2009-12-31,4.312028329689976,%,annual,BCB/SGS 433,https://api.bcb.gov.br/dados/serie/bcdata.sgs.433/dados?formato=json,Composição geométrica das doze taxas mensais.,inflacao,ready
inflacao_anual,2010-12-31,5.909068347266211,%,annual,BCB/SGS 433,https://api.bcb.gov.br/dados/serie/bcdata.sgs.433/dados?formato=json,Composição geométrica das doze taxas mensais.,inflacao,ready
inflacao_anual,2011-12-31,6.503109040628829,%,annual,BCB/SGS 433,https://api.bcb.gov.br/dados/serie/bcdata.sgs.433/dados?formato=json,Composição geométrica das doze taxas mensais.,inflacao,ready
inflacao_anual,2012-12-31,5.838568997639171,%,annual,BCB/SGS 433,https://api.bcb.gov.br/dados/serie/bcdata.sgs.433/dados?formato=json,Composição geométrica das doze taxas mensais.,inflacao,ready
inflacao_anual,2013-12-31,5.910818080013747,%,annual,BCB/SGS 433,https://api.bcb.gov.br/dados/serie/bcdata.sgs.433/dados?formato=json,Composição geométrica das doze taxas mensais.,inflacao,ready
inflacao_anual,2014-12-31,6.407616596391974,%,annual,BCB/SGS 433,https://api.bcb.gov.br/dados/serie/bcdata.sgs.433/dados?formato=json,Composição geométrica das doze taxas mensais.,inflacao,ready
inflacao_anual,2015-12-31,10.673497995621716,%,annual,BCB/SGS 433,https://api.bcb.gov.br/dados/serie/bcdata.sgs.433/dados?formato=json,Composição geométrica das doze taxas mensais.,inflacao,ready
inflacao_anual,2016-12-31,6.288055054224473,%,annual,BCB/SGS 433,https://api.bcb.gov.br/dados/serie/bcdata.sgs.433/dados?formato=json,Composição geométrica das doze taxas mensais.,inflacao,ready
inflacao_anual,2017-12-31,2.9473499083459087,%,annual,BCB/SGS 433,https://api.bcb.gov.br/dados/serie/bcdata.sgs.433/dados?formato=json,Composição geométrica das doze taxas mensais.,inflacao,ready
inflacao_anual,2018-12-31,3.745482121827348,%,annual,BCB/SGS 433,https://api.bcb.gov.br/dados/serie/bcdata.sgs.433/dados?formato=json,Composição geométrica das doze taxas mensais.,inflacao,ready
inflacao_anual,2019-12-31,4.306039984113186,%,annual,BCB/SGS 433,https://api.bcb.gov.br/dados/serie/bcdata.sgs.433/dados?formato=json,Composição geométrica das doze taxas mensais.,inflacao,ready
inflacao_anual,2020-12-31,4.517341500509886,%,annual,BCB/SGS 433,https://api.bcb.gov.br/dados/serie/bcdata.sgs.433/dados?formato=json,Composição geométrica das doze taxas mensais.,inflacao,ready
inflacao_anual,2021-12-31,10.061054893257904,%,annual,BCB/SGS 433,https://api.bcb.gov.br/dados/serie/bcdata.sgs.433/dados?formato=json,Composição geométrica das doze taxas mensais.,inflacao,ready
inflacao_anual,2022-12-31,5.784841959607756,%,annual,BCB/SGS 433,https://api.bcb.gov.br/dados/serie/bcdata.sgs.433/dados?formato=json,Composição geométrica das doze taxas mensais.,inflacao,ready
inflacao_anual,2023-12-31,4.621113930566789,%,annual,BCB/SGS 433,https://api.bcb.gov.br/dados/serie/bcdata.sgs.433/dados?formato=json,Composição geométrica das doze taxas mensais.,inflacao,ready
inflacao_anual,2024-12-31,4.831295791859591,%,annual,BCB/SGS 433,https://api.bcb.gov.br/dados/serie/bcdata.sgs.433/dados?formato=json,Composição geométrica das doze taxas mensais.,inflacao,ready
inflacao_anual,2025-12-31,4.264384904568952,%,annual,BCB/SGS 433,https://api.bcb.gov.br/dados/serie/bcdata.sgs.433/dados?formato=json,Composição geométrica das doze taxas mensais.,inflacao,ready
inflacao_anualizada_trimestral,1980-03-31,95.7457996986652,%,quarterly,BCB/SGS 433,https://api.bcb.gov.br/dados/serie/bcdata.sgs.433/dados?formato=json,Anualização da inflação trimestral: ((1+i)^4-1)*100.,inflacao,ready
inflacao_anualizada_trimestral,1980-06-30,88.68044986354253,%,quarterly,BCB/SGS 433,https://api.bcb.gov.br/dados/serie/bcdata.sgs.433/dados?formato=json,Anualização da inflação trimestral: ((1+i)^4-1)*100.,inflacao,ready
inflacao_anualizada_trimestral,1980-09-30,77.71892325324792,%,quarterly,BCB/SGS 433,https://api.bcb.gov.br/dados/serie/bcdata.sgs.433/dados?formato=json,Anualização da inflação trimestral: ((1+i)^4-1)*100.,inflacao,ready
inflacao_anualizada_trimestral,1980-12-31,140.27031000047242,%,quarterly,BCB/SGS 433,https://api.bcb.gov.br/dados/serie/bcdata.sgs.433/dados?formato=json,Anualização da inflação trimestral: ((1+i)^4-1)*100.,inflacao,ready
inflacao_anualizada_trimestral,1981-03-31,102.75091276704731,%,quarterly,BCB/SGS 433,https://api.bcb.gov.br/dados/serie/bcdata.sgs.433/dados?formato=json,Anualização da inflação trimestral: ((1+i)^4-1)*100.,inflacao,ready
inflacao_anualizada_trimestral,1981-06-30,97.73452442132276,%,quarterly,BCB/SGS 433,https://api.bcb.gov.br/dados/serie/bcdata.sgs.433/dados?formato=json,Anualização da inflação trimestral: ((1+i)^4-1)*100.,inflacao,ready
inflacao_anualizada_trimestral,1981-09-30,93.88425738244221,%,quarterly,BCB/SGS 433,https://api.bcb.gov.br/dados/serie/bcdata.sgs.433/dados?formato=json,Anualização da inflação trimestral: ((1+i)^4-1)*100.,inflacao,ready
inflacao_anualizada_trimestral,1981-12-31,88.52746909004775,%,quarterly,BCB/SGS 433,https://api.bcb.gov.br/dados/serie/bcdata.sgs.433/dados?formato=json,Anualização da inflação trimestral: ((1+i)^4-1)*100.,inflacao,ready
inflacao_anualizada_trimestral,1982-03-31,111.44276051760032,%,quarterly,BCB/SGS 433,https://api.bcb.gov.br/dados/serie/bcdata.sgs.433/dados?formato=json,Anualização da inflação trimestral: ((1+i)^4-1)*100.,inflacao,ready
inflacao_anualizada_trimestral,1982-06-30,114.08389317979383,%,quarterly,BCB/SGS 433,https://api.bcb.gov.br/dados/serie/bcdata.sgs.433/dados?formato=json,Anualização da inflação trimestral: ((1+i)^4-1)*100.,inflacao,ready
inflacao_anualizada_trimestral,1982-09-30,96.75478744792896,%,quarterly,BCB/SGS 433,https://api.bcb.gov.br/dados/serie/bcdata.sgs.433/dados?formato=json,Anualização da inflação trimestral: ((1+i)^4-1)*100.,inflacao,ready
inflacao_anualizada_trimestral,1982-12-31,97.53867641798747,%,quarterly,BCB/SGS 433,https://api.bcb.gov.br/dados/serie/bcdata.sgs.433/dados?formato=json,Anualização da inflação trimestral: ((1+i)^4-1)*100.,inflacao,ready
inflacao_anualizada_trimestral,1983-03-31,150.2920499889926,%,quarterly,BCB/SGS 433,https://api.bcb.gov.br/dados/serie/bcdata.sgs.433/dados?formato=json,Anualização da inflação trimestral: ((1+i)^4-1)*100.,inflacao,ready
inflacao_anualizada_trimestral,1983-06-30,141.79629194819273,%,quarterly,BCB/SGS 433,https://api.bcb.gov.br/dados/serie/bcdata.sgs.433/dados?formato=json,Anualização da inflação trimestral: ((1+i)^4-1)*100.,inflacao,ready
inflacao_anualizada_trimestral,1983-09-30,208.0306671164895,%,quarterly,BCB/SGS 433,https://api.bcb.gov.br/dados/serie/bcdata.sgs.433/dados?formato=json,Anualização da inflação trimestral: ((1+i)^4-1)*100.,inflacao,ready
inflacao_anualizada_trimestral,1983-12-31,160.57035771226248,%,quarterly,BCB/SGS 433,https://api.bcb.gov.br/dados/serie/bcdata.sgs.433/dados?formato=json,Anualização da inflação trimestral: ((1+i)^4-1)*100.,inflacao,ready
inflacao_anualizada_trimestral,1984-03-31,192.92560416241372,%,quarterly,BCB/SGS 433,https://api.bcb.gov.br/dados/serie/bcdata.sgs.433/dados?formato=json,Anualização da inflação trimestral: ((1+i)^4-1)*100.,inflacao,ready
inflacao_anualizada_trimestral,1984-06-30,198.96979220853584,%,quarterly,BCB/SGS 433,https://api.bcb.gov.br/dados/serie/bcdata.sgs.433/dados?formato=json,Anualização da inflação trimestral: ((1+i)^4-1)*100.,inflacao,ready
inflacao_anualizada_trimestral,1984-09-30,223.15320862576712,%,quarterly,BCB/SGS 433,https://api.bcb.gov.br/dados/serie/bcdata.sgs.433/dados?formato=json,Anualização da inflação trimestral: ((1+i)^4-1)*100.,inflacao,ready
inflacao_anualizada_trimestral,1984-12-31,249.13076867072596,%,quarterly,BCB/SGS 433,https://api.bcb.gov.br/dados/serie/bcdata.sgs.433/dados?formato=json,Anualização da inflação trimestral: ((1+i)^4-1)*100.,inflacao,ready
inflacao_anualizada_trimestral,1985-03-31,247.13425486378244,%,quarterly,BCB/SGS 433,https://api.bcb.gov.br/dados/serie/bcdata.sgs.433/dados?formato=json,Anualização da inflação trimestral: ((1+i)^4-1)*100.,inflacao,ready
inflacao_anualizada_trimestral,1985-06-30,150.75351022936613,%,quarterly,BCB/SGS 433,https://api.bcb.gov.br/dados/serie/bcdata.sgs.433/dados?formato=json,Anualização da inflação trimestral: ((1+i)^4-1)*100.,inflacao,ready
inflacao_anualizada_trimestral,1985-09-30,255.85732741231567,%,quarterly,BCB/SGS 433,https://api.bcb.gov.br/dados/serie/bcdata.sgs.433/dados?formato=json,Anualização da inflação trimestral: ((1+i)^4-1)*100.,inflacao,ready
inflacao_anualizada_trimestral,1985-12-31,342.9403678695604,%,quarterly,BCB/SGS 433,https://api.bcb.gov.br/dados/serie/bcdata.sgs.433/dados?formato=json,Anualização da inflação trimestral: ((1+i)^4-1)*100.,inflacao,ready
inflacao_anualizada_trimestral,1986-03-31,232.81292226838963,%,quarterly,BCB/SGS 433,https://api.bcb.gov.br/dados/serie/bcdata.sgs.433/dados?formato=json,Anualização da inflação trimestral: ((1+i)^4-1)*100.,inflacao,ready
inflacao_anualizada_trimestral,1986-06-30,14.702392324062231,%,quarterly,BCB/SGS 433,https://api.bcb.gov.br/dados/serie/bcdata.sgs.433/dados?formato=json,Anualização da inflação trimestral: ((1+i)^4-1)*100.,inflacao,ready
inflacao_anualizada_trimestral,1986-09-30,31.728709186863725,%,quarterly,BCB/SGS 433,https://api.bcb.gov.br/dados/serie/bcdata.sgs.433/dados?formato=json,Anualização da inflação trimestral: ((1+i)^4-1)*100.,inflacao,ready
inflacao_anualizada_trimestral,1986-12-31,107.16576209752868,%,quarterly,BCB/SGS 433,https://api.bcb.gov.br/dados/serie/bcdata.sgs.433/dados?formato=json,Anualização da inflação trimestral: ((1+i)^4-1)*100.,inflacao,ready
inflacao_anualizada_trimestral,1987-03-31,384.9242089936921,%,quarterly,BCB/SGS 433,https://api.bcb.gov.br/dados/serie/bcdata.sgs.433/dados?formato=json,Anualização da inflação trimestral: ((1+i)^4-1)*100.,inflacao,ready
inflacao_anualizada_trimestral,1987-06-30,798.9982487049651,%,quarterly,BCB/SGS 433,https://api.bcb.gov.br/dados/serie/bcdata.sgs.433/dados?formato=json,Anualização da inflação trimestral: ((1+i)^4-1)*100.,inflacao,ready
inflacao_anualizada_trimestral,1987-09-30,132.17070357500629,%,quarterly,BCB/SGS 433,https://api.bcb.gov.br/dados/serie/bcdata.sgs.433/dados?formato=json,Anualização da inflação trimestral: ((1+i)^4-1)*100.,inflacao,ready
inflacao_anualizada_trimestral,1987-12-31,355.6534250715616,%,quarterly,BCB/SGS 433,https://api.bcb.gov.br/dados/serie/bcdata.sgs.433/dados?formato=json,Anualização da inflação trimestral: ((1+i)^4-1)*100.,inflacao,ready
inflacao_anualizada_trimestral,1988-03-31,584.7689049254135,%,quarterly,BCB/SGS 433,https://api.bcb.gov.br/dados/serie/bcdata.sgs.433/dados?formato=json,Anualização da inflação trimestral: ((1+i)^4-1)*100.,inflacao,ready
inflacao_anualizada_trimestral,1988-06-30,752.7540313722293,%,quarterly,BCB/SGS 433,https://api.bcb.gov.br/dados/serie/bcdata.sgs.433/dados?formato=json,Anualização da inflação trimestral: ((1+i)^4-1)*100.,inflacao,ready
inflacao_anualizada_trimestral,1988-09-30,1173.8201606223997,%,quarterly,BCB/SGS 433,https://api.bcb.gov.br/dados/serie/bcdata.sgs.433/dados?formato=json,Anualização da inflação trimestral: ((1+i)^4-1)*100.,inflacao,ready
inflacao_anualizada_trimestral,1988-12-31,1730.5210585078541,%,quarterly,BCB/SGS 433,https://api.bcb.gov.br/dados/serie/bcdata.sgs.433/dados?formato=json,Anualização da inflação trimestral: ((1+i)^4-1)*100.,inflacao,ready
inflacao_anualizada_trimestral,1989-03-31,765.3038301230181,%,quarterly,BCB/SGS 433,https://api.bcb.gov.br/dados/serie/bcdata.sgs.433/dados?formato=json,Anualização da inflação trimestral: ((1+i)^4-1)*100.,inflacao,ready
inflacao_anualizada_trimestral,1989-06-30,629.4306648112664,%,quarterly,BCB/SGS 433,https://api.bcb.gov.br/dados/serie/bcdata.sgs.433/dados?formato=json,Anualização da inflação trimestral: ((1+i)^4-1)*100.,inflacao,ready
inflacao_anualizada_trimestral,1989-09-30,2947.4168960272373,%,quarterly,BCB/SGS 433,https://api.bcb.gov.br/dados/serie/bcdata.sgs.433/dados?formato=json,Anualização da inflação trimestral: ((1+i)^4-1)*100.,inflacao,ready
inflacao_anualizada_trimestral,1989-12-31,9499.291583454582,%,quarterly,BCB/SGS 433,https://api.bcb.gov.br/dados/serie/bcdata.sgs.433/dados?formato=json,Anualização da inflação trimestral: ((1+i)^4-1)*100.,inflacao,ready
inflacao_anualizada_trimestral,1990-03-31,83069.76189562454,%,quarterly,BCB/SGS 433,https://api.bcb.gov.br/dados/serie/bcdata.sgs.433/dados?formato=json,Anualização da inflação trimestral: ((1+i)^4-1)*100.,inflacao,ready
inflacao_anualizada_trimestral,1990-06-30,272.14010700795995,%,quarterly,BCB/SGS 433,https://api.bcb.gov.br/dados/serie/bcdata.sgs.433/dados?formato=json,Anualização da inflação trimestral: ((1+i)^4-1)*100.,inflacao,ready
inflacao_anualizada_trimestral,1990-09-30,352.2800414445661,%,quarterly,BCB/SGS 433,https://api.bcb.gov.br/dados/serie/bcdata.sgs.433/dados?formato=json,Anualização da inflação trimestral: ((1+i)^4-1)*100.,inflacao,ready
inflacao_anualizada_trimestral,1990-12-31,526.6286933184272,%,quarterly,BCB/SGS 433,https://api.bcb.gov.br/dados/serie/bcdata.sgs.433/dados?formato=json,Anualização da inflação trimestral: ((1+i)^4-1)*100.,inflacao,ready
inflacao_anualizada_trimestral,1991-03-31,608.4289016237907,%,quarterly,BCB/SGS 433,https://api.bcb.gov.br/dados/serie/bcdata.sgs.433/dados?formato=json,Anualização da inflação trimestral: ((1+i)^4-1)*100.,inflacao,ready
inflacao_anualizada_trimestral,1991-06-30,147.3756604649452,%,quarterly,BCB/SGS 433,https://api.bcb.gov.br/dados/serie/bcdata.sgs.433/dados?formato=json,Anualização da inflação trimestral: ((1+i)^4-1)*100.,inflacao,ready
inflacao_anualizada_trimestral,1991-09-30,410.2511549332144,%,quarterly,BCB/SGS 433,https://api.bcb.gov.br/dados/serie/bcdata.sgs.433/dados?formato=json,Anualização da inflação trimestral: ((1+i)^4-1)*100.,inflacao,ready
inflacao_anualizada_trimestral,1991-12-31,1102.8921153779631,%,quarterly,BCB/SGS 433,https://api.bcb.gov.br/dados/serie/bcdata.sgs.433/dados?formato=json,Anualização da inflação trimestral: ((1+i)^4-1)*100.,inflacao,ready
inflacao_anualizada_trimestral,1992-03-31,1205.249419244362,%,quarterly,BCB/SGS 433,https://api.bcb.gov.br/dados/serie/bcdata.sgs.433/dados?formato=json,Anualização da inflação trimestral: ((1+i)^4-1)*100.,inflacao,ready
inflacao_anualizada_trimestral,1992-06-30,949.9461991190342,%,quarterly,BCB/SGS 433,https://api.bcb.gov.br/dados/serie/bcdata.sgs.433/dados?formato=json,Anualização da inflação trimestral: ((1+i)^4-1)*100.,inflacao,ready
inflacao_anualizada_trimestral,1992-09-30,1082.875453397209,%,quarterly,BCB/SGS 433,https://api.bcb.gov.br/dados/serie/bcdata.sgs.433/dados?formato=json,Anualização da inflação trimestral: ((1+i)^4-1)*100.,inflacao,ready
inflacao_anualizada_trimestral,1992-12-31,1262.5329391866496,%,quarterly,BCB/SGS 433,https://api.bcb.gov.br/dados/serie/bcdata.sgs.433/dados?formato=json,Anualização da inflação trimestral: ((1+i)^4-1)*100.,inflacao,ready
inflacao_anualizada_trimestral,1993-03-31,1747.455128555462,%,quarterly,BCB/SGS 433,https://api.bcb.gov.br/dados/serie/bcdata.sgs.433/dados?formato=json,Anualização da inflação trimestral: ((1+i)^4-1)*100.,inflacao,ready
inflacao_anualizada_trimestral,1993-06-30,1926.6546247012664,%,quarterly,BCB/SGS 433,https://api.bcb.gov.br/dados/serie/bcdata.sgs.433/dados?formato=json,Anualização da inflação trimestral: ((1+i)^4-1)*100.,inflacao,ready
inflacao_anualizada_trimestral,1993-09-30,2993.453216322262,%,quarterly,BCB/SGS 433,https://api.bcb.gov.br/dados/serie/bcdata.sgs.433/dados?formato=json,Anualização da inflação trimestral: ((1+i)^4-1)*100.,inflacao,ready
inflacao_anualizada_trimestral,1993-12-31,3708.555294778305,%,quarterly,BCB/SGS 433,https://api.bcb.gov.br/dados/serie/bcdata.sgs.433/dados?formato=json,Anualização da inflação trimestral: ((1+i)^4-1)*100.,inflacao,ready
inflacao_anualizada_trimestral,1994-03-31,6309.958845789231,%,quarterly,BCB/SGS 433,https://api.bcb.gov.br/dados/serie/bcdata.sgs.433/dados?formato=json,Anualização da inflação trimestral: ((1+i)^4-1)*100.,inflacao,ready
inflacao_anualizada_trimestral,1994-06-30,8325.733286315883,%,quarterly,BCB/SGS 433,https://api.bcb.gov.br/dados/serie/bcdata.sgs.433/dados?formato=json,Anualização da inflação trimestral: ((1+i)^4-1)*100.,inflacao,ready
inflacao_anualizada_trimestral,1994-09-30,49.04854796977038,%,quarterly,BCB/SGS 433,https://api.bcb.gov.br/dados/serie/bcdata.sgs.433/dados?formato=json,Anualização da inflação trimestral: ((1+i)^4-1)*100.,inflacao,ready
inflacao_anualizada_trimestral,1994-12-31,32.59406803341207,%,quarterly,BCB/SGS 433,https://api.bcb.gov.br/dados/serie/bcdata.sgs.433/dados?formato=json,Anualização da inflação trimestral: ((1+i)^4-1)*100.,inflacao,ready
inflacao_anualizada_trimestral,1995-03-31,18.47670827497776,%,quarterly,BCB/SGS 433,https://api.bcb.gov.br/dados/serie/bcdata.sgs.433/dados?formato=json,Anualização da inflação trimestral: ((1+i)^4-1)*100.,inflacao,ready
inflacao_anualizada_trimestral,1995-06-30,33.753788656099324,%,quarterly,BCB/SGS 433,https://api.bcb.gov.br/dados/serie/bcdata.sgs.433/dados?formato=json,Anualização da inflação trimestral: ((1+i)^4-1)*100.,inflacao,ready
inflacao_anualizada_trimestral,1995-09-30,18.78130338215278,%,quarterly,BCB/SGS 433,https://api.bcb.gov.br/dados/serie/bcdata.sgs.433/dados?formato=json,Anualização da inflação trimestral: ((1+i)^4-1)*100.,inflacao,ready
inflacao_anualizada_trimestral,1995-12-31,19.279151526209137,%,quarterly,BCB/SGS 433,https://api.bcb.gov.br/dados/serie/bcdata.sgs.433/dados?formato=json,Anualização da inflação trimestral: ((1+i)^4-1)*100.,inflacao,ready
inflacao_anualizada_trimestral,1996-03-31,11.428047093934946,%,quarterly,BCB/SGS 433,https://api.bcb.gov.br/dados/serie/bcdata.sgs.433/dados?formato=json,Anualização da inflação trimestral: ((1+i)^4-1)*100.,inflacao,ready
inflacao_anualizada_trimestral,1996-06-30,15.709071259749962,%,quarterly,BCB/SGS 433,https://api.bcb.gov.br/dados/serie/bcdata.sgs.433/dados?formato=json,Anualização da inflação trimestral: ((1+i)^4-1)*100.,inflacao,ready
inflacao_anualizada_trimestral,1996-09-30,7.005739386449128,%,quarterly,BCB/SGS 433,https://api.bcb.gov.br/dados/serie/bcdata.sgs.433/dados?formato=json,Anualização da inflação trimestral: ((1+i)^4-1)*100.,inflacao,ready
inflacao_anualizada_trimestral,1996-12-31,4.44783325269269,%,quarterly,BCB/SGS 433,https://api.bcb.gov.br/dados/serie/bcdata.sgs.433/dados?formato=json,Anualização da inflação trimestral: ((1+i)^4-1)*100.,inflacao,ready
inflacao_anualizada_trimestral,1997-03-31,9.11389006585761,%,quarterly,BCB/SGS 433,https://api.bcb.gov.br/dados/serie/bcdata.sgs.433/dados?formato=json,Anualização da inflação trimestral: ((1+i)^4-1)*100.,inflacao,ready
inflacao_anualizada_trimestral,1997-06-30,7.56814668564072,%,quarterly,BCB/SGS 433,https://api.bcb.gov.br/dados/serie/bcdata.sgs.433/dados?formato=json,Anualização da inflação trimestral: ((1+i)^4-1)*100.,inflacao,ready
inflacao_anualizada_trimestral,1997-09-30,1.0443693062625492,%,quarterly,BCB/SGS 433,https://api.bcb.gov.br/dados/serie/bcdata.sgs.433/dados?formato=json,Anualização da inflação trimestral: ((1+i)^4-1)*100.,inflacao,ready
inflacao_anualizada_trimestral,1997-12-31,3.370226361257189,%,quarterly,BCB/SGS 433,https://api.bcb.gov.br/dados/serie/bcdata.sgs.433/dados?formato=json,Anualização da inflação trimestral: ((1+i)^4-1)*100.,inflacao,ready
inflacao_anualizada_trimestral,1998-03-31,6.208546626970457,%,quarterly,BCB/SGS 433,https://api.bcb.gov.br/dados/serie/bcdata.sgs.433/dados?formato=json,Anualização da inflação trimestral: ((1+i)^4-1)*100.,inflacao,ready
inflacao_anualizada_trimestral,1998-06-30,3.080348891099316,%,quarterly,BCB/SGS 433,https://api.bcb.gov.br/dados/serie/bcdata.sgs.433/dados?formato=json,Anualização da inflação trimestral: ((1+i)^4-1)*100.,inflacao,ready
inflacao_anualizada_trimestral,1998-09-30,-3.349110210915418,%,quarterly,BCB/SGS 433,https://api.bcb.gov.br/dados/serie/bcdata.sgs.433/dados?formato=json,Anualização da inflação trimestral: ((1+i)^4-1)*100.,inflacao,ready
inflacao_anualizada_trimestral,1998-12-31,0.9217527652753077,%,quarterly,BCB/SGS 433,https://api.bcb.gov.br/dados/serie/bcdata.sgs.433/dados?formato=json,Anualização da inflação trimestral: ((1+i)^4-1)*100.,inflacao,ready
inflacao_anualizada_trimestral,1999-03-31,12.012831593664819,%,quarterly,BCB/SGS 433,https://api.bcb.gov.br/dados/serie/bcdata.sgs.433/dados?formato=json,Anualização da inflação trimestral: ((1+i)^4-1)*100.,inflacao,ready
inflacao_anualizada_trimestral,1999-06-30,4.280306077881546,%,quarterly,BCB/SGS 433,https://api.bcb.gov.br/dados/serie/bcdata.sgs.433/dados?formato=json,Anualização da inflação trimestral: ((1+i)^4-1)*100.,inflacao,ready
inflacao_anualizada_trimestral,1999-09-30,8.121177443607696,%,quarterly,BCB/SGS 433,https://api.bcb.gov.br/dados/serie/bcdata.sgs.433/dados?formato=json,Anualização da inflação trimestral: ((1+i)^4-1)*100.,inflacao,ready
inflacao_anualizada_trimestral,1999-12-31,11.523810456301508,%,quarterly,BCB/SGS 433,https://api.bcb.gov.br/dados/serie/bcdata.sgs.433/dados?formato=json,Anualização da inflação trimestral: ((1+i)^4-1)*100.,inflacao,ready
inflacao_anualizada_trimestral,2000-03-31,3.9469402855988323,%,quarterly,BCB/SGS 433,https://api.bcb.gov.br/dados/serie/bcdata.sgs.433/dados?formato=json,Anualização da inflação trimestral: ((1+i)^4-1)*100.,inflacao,ready
inflacao_anualizada_trimestral,2000-06-30,2.670457842193441,%,quarterly,BCB/SGS 433,https://api.bcb.gov.br/dados/serie/bcdata.sgs.433/dados?formato=json,Anualização da inflação trimestral: ((1+i)^4-1)*100.,inflacao,ready
inflacao_anualizada_trimestral,2000-09-30,13.330286927754686,%,quarterly,BCB/SGS 433,https://api.bcb.gov.br/dados/serie/bcdata.sgs.433/dados?formato=json,Anualização da inflação trimestral: ((1+i)^4-1)*100.,inflacao,ready
inflacao_anualizada_trimestral,2000-12-31,4.279676398422283,%,quarterly,BCB/SGS 433,https://api.bcb.gov.br/dados/serie/bcdata.sgs.433/dados?formato=json,Anualização da inflação trimestral: ((1+i)^4-1)*100.,inflacao,ready
inflacao_anualizada_trimestral,2001-03-31,5.787721006723068,%,quarterly,BCB/SGS 433,https://api.bcb.gov.br/dados/serie/bcdata.sgs.433/dados?formato=json,Anualização da inflação trimestral: ((1+i)^4-1)*100.,inflacao,ready
inflacao_anualizada_trimestral,2001-06-30,6.209732036731785,%,quarterly,BCB/SGS 433,https://api.bcb.gov.br/dados/serie/bcdata.sgs.433/dados?formato=json,Anualização da inflação trimestral: ((1+i)^4-1)*100.,inflacao,ready
inflacao_anualizada_trimestral,2001-09-30,9.629479954213881,%,quarterly,BCB/SGS 433,https://api.bcb.gov.br/dados/serie/bcdata.sgs.433/dados?formato=json,Anualização da inflação trimestral: ((1+i)^4-1)*100.,inflacao,ready
inflacao_anualizada_trimestral,2001-12-31,9.120053320382993,%,quarterly,BCB/SGS 433,https://api.bcb.gov.br/dados/serie/bcdata.sgs.433/dados?formato=json,Anualização da inflação trimestral: ((1+i)^4-1)*100.,inflacao,ready
inflacao_anualizada_trimestral,2002-03-31,6.082672724621285,%,quarterly,BCB/SGS 433,https://api.bcb.gov.br/dados/serie/bcdata.sgs.433/dados?formato=json,Anualização da inflação trimestral: ((1+i)^4-1)*100.,inflacao,ready
inflacao_anualizada_trimestral,2002-06-30,5.8686183030306704,%,quarterly,BCB/SGS 433,https://api.bcb.gov.br/dados/serie/bcdata.sgs.433/dados?formato=json,Anualização da inflação trimestral: ((1+i)^4-1)*100.,inflacao,ready
inflacao_anualizada_trimestral,2002-09-30,10.730782495712132,%,quarterly,BCB/SGS 433,https://api.bcb.gov.br/dados/serie/bcdata.sgs.433/dados?formato=json,Anualização da inflação trimestral: ((1+i)^4-1)*100.,inflacao,ready
inflacao_anualizada_trimestral,2002-12-31,28.943190497707683,%,quarterly,BCB/SGS 433,https://api.bcb.gov.br/dados/serie/bcdata.sgs.433/dados?formato=json,Anualização da inflação trimestral: ((1+i)^4-1)*100.,inflacao,ready
inflacao_anualizada_trimestral,2003-03-31,22.166469662364374,%,quarterly,BCB/SGS 433,https://api.bcb.gov.br/dados/serie/bcdata.sgs.433/dados?formato=json,Anualização da inflação trimestral: ((1+i)^4-1)*100.,inflacao,ready
inflacao_anualizada_trimestral,2003-06-30,5.858637000850586,%,quarterly,BCB/SGS 433,https://api.bcb.gov.br/dados/serie/bcdata.sgs.433/dados?formato=json,Anualização da inflação trimestral: ((1+i)^4-1)*100.,inflacao,ready
inflacao_anualizada_trimestral,2003-09-30,5.405843734144478,%,quarterly,BCB/SGS 433,https://api.bcb.gov.br/dados/serie/bcdata.sgs.433/dados?formato=json,Anualização da inflação trimestral: ((1+i)^4-1)*100.,inflacao,ready
inflacao_anualizada_trimestral,2003-12-31,4.697625387055804,%,quarterly,BCB/SGS 433,https://api.bcb.gov.br/dados/serie/bcdata.sgs.433/dados?formato=json,Anualização da inflação trimestral: ((1+i)^4-1)*100.,inflacao,ready
inflacao_anualizada_trimestral,2004-03-31,7.61252961467227,%,quarterly,BCB/SGS 433,https://api.bcb.gov.br/dados/serie/bcdata.sgs.433/dados?formato=json,Anualização da inflação trimestral: ((1+i)^4-1)*100.,inflacao,ready
inflacao_anualizada_trimestral,2004-06-30,6.547477530638046,%,quarterly,BCB/SGS 433,https://api.bcb.gov.br/dados/serie/bcdata.sgs.433/dados?formato=json,Anualização da inflação trimestral: ((1+i)^4-1)*100.,inflacao,ready
inflacao_anualizada_trimestral,2004-09-30,7.995444696323339,%,quarterly,BCB/SGS 433,https://api.bcb.gov.br/dados/serie/bcdata.sgs.433/dados?formato=json,Anualização da inflação trimestral: ((1+i)^4-1)*100.,inflacao,ready
inflacao_anualizada_trimestral,2004-12-31,8.255017580677947,%,quarterly,BCB/SGS 433,https://api.bcb.gov.br/dados/serie/bcdata.sgs.433/dados?formato=json,Anualização da inflação trimestral: ((1+i)^4-1)*100.,inflacao,ready
inflacao_anualizada_trimestral,2005-03-31,7.356996719412101,%,quarterly,BCB/SGS 433,https://api.bcb.gov.br/dados/serie/bcdata.sgs.433/dados?formato=json,Anualização da inflação trimestral: ((1+i)^4-1)*100.,inflacao,ready
inflacao_anualizada_trimestral,2005-06-30,5.485313488209731,%,quarterly,BCB/SGS 433,https://api.bcb.gov.br/dados/serie/bcdata.sgs.433/dados?formato=json,Anualização da inflação trimestral: ((1+i)^4-1)*100.,inflacao,ready
inflacao_anualizada_trimestral,2005-09-30,3.123519722090329,%,quarterly,BCB/SGS 433,https://api.bcb.gov.br/dados/serie/bcdata.sgs.433/dados?formato=json,Anualização da inflação trimestral: ((1+i)^4-1)*100.,inflacao,ready
inflacao_anualizada_trimestral,2005-12-31,6.84424377591184,%,quarterly,BCB/SGS 433,https://api.bcb.gov.br/dados/serie/bcdata.sgs.433/dados?formato=json,Anualização da inflação trimestral: ((1+i)^4-1)*100.,inflacao,ready
inflacao_anualizada_trimestral,2006-03-31,5.8719596238834715,%,quarterly,BCB/SGS 433,https://api.bcb.gov.br/dados/serie/bcdata.sgs.433/dados?formato=json,Anualização da inflação trimestral: ((1+i)^4-1)*100.,inflacao,ready
inflacao_anualizada_trimestral,2006-06-30,0.39882934522439406,%,quarterly,BCB/SGS 433,https://api.bcb.gov.br/dados/serie/bcdata.sgs.433/dados?formato=json,Anualização da inflação trimestral: ((1+i)^4-1)*100.,inflacao,ready
inflacao_anualizada_trimestral,2006-09-30,1.8146158133399037,%,quarterly,BCB/SGS 433,https://api.bcb.gov.br/dados/serie/bcdata.sgs.433/dados?formato=json,Anualização da inflação trimestral: ((1+i)^4-1)*100.,inflacao,ready
inflacao_anualizada_trimestral,2006-12-31,4.572785440132576,%,quarterly,BCB/SGS 433,https://api.bcb.gov.br/dados/serie/bcdata.sgs.433/dados?formato=json,Anualização da inflação trimestral: ((1+i)^4-1)*100.,inflacao,ready
inflacao_anualizada_trimestral,2007-03-31,5.116121670470886,%,quarterly,BCB/SGS 433,https://api.bcb.gov.br/dados/serie/bcdata.sgs.433/dados?formato=json,Anualização da inflação trimestral: ((1+i)^4-1)*100.,inflacao,ready
inflacao_anualizada_trimestral,2007-06-30,3.2885373392489425,%,quarterly,BCB/SGS 433,https://api.bcb.gov.br/dados/serie/bcdata.sgs.433/dados?formato=json,Anualização da inflação trimestral: ((1+i)^4-1)*100.,inflacao,ready
inflacao_anualizada_trimestral,2007-09-30,3.6177005640832816,%,quarterly,BCB/SGS 433,https://api.bcb.gov.br/dados/serie/bcdata.sgs.433/dados?formato=json,Anualização da inflação trimestral: ((1+i)^4-1)*100.,inflacao,ready
inflacao_anualizada_trimestral,2007-12-31,5.827925654340516,%,quarterly,BCB/SGS 433,https://api.bcb.gov.br/dados/serie/bcdata.sgs.433/dados?formato=json,Anualização da inflação trimestral: ((1+i)^4-1)*100.,inflacao,ready
inflacao_anualizada_trimestral,2008-03-31,6.210001272213828,%,quarterly,BCB/SGS 433,https://api.bcb.gov.br/dados/serie/bcdata.sgs.433/dados?formato=json,Anualização da inflação trimestral: ((1+i)^4-1)*100.,inflacao,ready
inflacao_anualizada_trimestral,2008-06-30,8.644029959560884,%,quarterly,BCB/SGS 433,https://api.bcb.gov.br/dados/serie/bcdata.sgs.433/dados?formato=json,Anualização da inflação trimestral: ((1+i)^4-1)*100.,inflacao,ready
inflacao_anualizada_trimestral,2008-09-30,4.364027959795669,%,quarterly,BCB/SGS 433,https://api.bcb.gov.br/dados/serie/bcdata.sgs.433/dados?formato=json,Anualização da inflação trimestral: ((1+i)^4-1)*100.,inflacao,ready
inflacao_anualizada_trimestral,2008-12-31,4.447891209781218,%,quarterly,BCB/SGS 433,https://api.bcb.gov.br/dados/serie/bcdata.sgs.433/dados?formato=json,Anualização da inflação trimestral: ((1+i)^4-1)*100.,inflacao,ready
inflacao_anualizada_trimestral,2009-03-31,5.031046193660638,%,quarterly,BCB/SGS 433,https://api.bcb.gov.br/dados/serie/bcdata.sgs.433/dados?formato=json,Anualização da inflação trimestral: ((1+i)^4-1)*100.,inflacao,ready
inflacao_anualizada_trimestral,2009-06-30,5.367511958005111,%,quarterly,BCB/SGS 433,https://api.bcb.gov.br/dados/serie/bcdata.sgs.433/dados?formato=json,Anualização da inflação trimestral: ((1+i)^4-1)*100.,inflacao,ready
inflacao_anualizada_trimestral,2009-09-30,2.549200396403273,%,quarterly,BCB/SGS 433,https://api.bcb.gov.br/dados/serie/bcdata.sgs.433/dados?formato=json,Anualização da inflação trimestral: ((1+i)^4-1)*100.,inflacao,ready
inflacao_anualizada_trimestral,2009-12-31,4.323191821590977,%,quarterly,BCB/SGS 433,https://api.bcb.gov.br/dados/serie/bcdata.sgs.433/dados?formato=json,Anualização da inflação trimestral: ((1+i)^4-1)*100.,inflacao,ready
inflacao_anualizada_trimestral,2010-03-31,8.514445367860501,%,quarterly,BCB/SGS 433,https://api.bcb.gov.br/dados/serie/bcdata.sgs.433/dados?formato=json,Anualização da inflação trimestral: ((1+i)^4-1)*100.,inflacao,ready
inflacao_anualizada_trimestral,2010-06-30,4.070502438698953,%,quarterly,BCB/SGS 433,https://api.bcb.gov.br/dados/serie/bcdata.sgs.433/dados?formato=json,Anualização da inflação trimestral: ((1+i)^4-1)*100.,inflacao,ready
inflacao_anualizada_trimestral,2010-09-30,2.0159799475784057,%,quarterly,BCB/SGS 433,https://api.bcb.gov.br/dados/serie/bcdata.sgs.433/dados?formato=json,Anualização da inflação trimestral: ((1+i)^4-1)*100.,inflacao,ready
inflacao_anualizada_trimestral,2010-12-31,9.206673582861825,%,quarterly,BCB/SGS 433,https://api.bcb.gov.br/dados/serie/bcdata.sgs.433/dados?formato=json,Anualização da inflação trimestral: ((1+i)^4-1)*100.,inflacao,ready
inflacao_anualizada_trimestral,2011-03-31,10.121210830379358,%,quarterly,BCB/SGS 433,https://api.bcb.gov.br/dados/serie/bcdata.sgs.433/dados?formato=json,Anualização da inflação trimestral: ((1+i)^4-1)*100.,inflacao,ready
inflacao_anualizada_trimestral,2011-06-30,5.69987112728243,%,quarterly,BCB/SGS 433,https://api.bcb.gov.br/dados/serie/bcdata.sgs.433/dados?formato=json,Anualização da inflação trimestral: ((1+i)^4-1)*100.,inflacao,ready
inflacao_anualizada_trimestral,2011-09-30,4.321948541787468,%,quarterly,BCB/SGS 433,https://api.bcb.gov.br/dados/serie/bcdata.sgs.433/dados?formato=json,Anualização da inflação trimestral: ((1+i)^4-1)*100.,inflacao,ready
inflacao_anualizada_trimestral,2011-12-31,5.956600862618089,%,quarterly,BCB/SGS 433,https://api.bcb.gov.br/dados/serie/bcdata.sgs.433/dados?formato=json,Anualização da inflação trimestral: ((1+i)^4-1)*100.,inflacao,ready
inflacao_anualizada_trimestral,2012-03-31,4.989307599200488,%,quarterly,BCB/SGS 433,https://api.bcb.gov.br/dados/serie/bcdata.sgs.433/dados?formato=json,Anualização da inflação trimestral: ((1+i)^4-1)*100.,inflacao,ready
inflacao_anualizada_trimestral,2012-06-30,4.403320089561036,%,quarterly,BCB/SGS 433,https://api.bcb.gov.br/dados/serie/bcdata.sgs.433/dados?formato=json,Anualização da inflação trimestral: ((1+i)^4-1)*100.,inflacao,ready
inflacao_anualizada_trimestral,2012-09-30,5.787783949549863,%,quarterly,BCB/SGS 433,https://api.bcb.gov.br/dados/serie/bcdata.sgs.433/dados?formato=json,Anualização da inflação trimestral: ((1+i)^4-1)*100.,inflacao,ready
inflacao_anualizada_trimestral,2012-12-31,8.213373527699797,%,quarterly,BCB/SGS 433,https://api.bcb.gov.br/dados/serie/bcdata.sgs.433/dados?formato=json,Anualização da inflação trimestral: ((1+i)^4-1)*100.,inflacao,ready
inflacao_anualizada_trimestral,2013-03-31,7.997421656115766,%,quarterly,BCB/SGS 433,https://api.bcb.gov.br/dados/serie/bcdata.sgs.433/dados?formato=json,Anualização da inflação trimestral: ((1+i)^4-1)*100.,inflacao,ready
inflacao_anualizada_trimestral,2013-06-30,4.822568569668539,%,quarterly,BCB/SGS 433,https://api.bcb.gov.br/dados/serie/bcdata.sgs.433/dados?formato=json,Anualização da inflação trimestral: ((1+i)^4-1)*100.,inflacao,ready
inflacao_anualizada_trimestral,2013-09-30,2.5073047035807594,%,quarterly,BCB/SGS 433,https://api.bcb.gov.br/dados/serie/bcdata.sgs.433/dados?formato=json,Anualização da inflação trimestral: ((1+i)^4-1)*100.,inflacao,ready
inflacao_anualizada_trimestral,2013-12-31,8.427212151080553,%,quarterly,BCB/SGS 433,https://api.bcb.gov.br/dados/serie/bcdata.sgs.433/dados?formato=json,Anualização da inflação trimestral: ((1+i)^4-1)*100.,inflacao,ready
inflacao_anualizada_trimestral,2014-03-31,8.988990638032446,%,quarterly,BCB/SGS 433,https://api.bcb.gov.br/dados/serie/bcdata.sgs.433/dados?formato=json,Anualização da inflação trimestral: ((1+i)^4-1)*100.,inflacao,ready
inflacao_anualizada_trimestral,2014-06-30,6.2937724976959375,%,quarterly,BCB/SGS 433,https://api.bcb.gov.br/dados/serie/bcdata.sgs.433/dados?formato=json,Anualização da inflação trimestral: ((1+i)^4-1)*100.,inflacao,ready
inflacao_anualizada_trimestral,2014-09-30,3.367743258709699,%,quarterly,BCB/SGS 433,https://api.bcb.gov.br/dados/serie/bcdata.sgs.433/dados?formato=json,Anualização da inflação trimestral: ((1+i)^4-1)*100.,inflacao,ready
inflacao_anualizada_trimestral,2014-12-31,7.0570756691032965,%,quarterly,BCB/SGS 433,https://api.bcb.gov.br/dados/serie/bcdata.sgs.433/dados?formato=json,Anualização da inflação trimestral: ((1+i)^4-1)*100.,inflacao,ready
inflacao_anualizada_trimestral,2015-03-31,16.21297051449173,%,quarterly,BCB/SGS 433,https://api.bcb.gov.br/dados/serie/bcdata.sgs.433/dados?formato=json,Anualização da inflação trimestral: ((1+i)^4-1)*100.,inflacao,ready
inflacao_anualizada_trimestral,2015-06-30,9.337200717693417,%,quarterly,BCB/SGS 433,https://api.bcb.gov.br/dados/serie/bcdata.sgs.433/dados?formato=json,Anualização da inflação trimestral: ((1+i)^4-1)*100.,inflacao,ready
inflacao_anualizada_trimestral,2015-09-30,5.659942291856934,%,quarterly,BCB/SGS 433,https://api.bcb.gov.br/dados/serie/bcdata.sgs.433/dados?formato=json,Anualização da inflação trimestral: ((1+i)^4-1)*100.,inflacao,ready
inflacao_anualizada_trimestral,2015-12-31,11.748479963508917,%,quarterly,BCB/SGS 433,https://api.bcb.gov.br/dados/serie/bcdata.sgs.433/dados?formato=json,Anualização da inflação trimestral: ((1+i)^4-1)*100.,inflacao,ready
inflacao_anualizada_trimestral,2016-03-31,10.902607091209514,%,quarterly,BCB/SGS 433,https://api.bcb.gov.br/dados/serie/bcdata.sgs.433/dados?formato=json,Anualização da inflação trimestral: ((1+i)^4-1)*100.,inflacao,ready
inflacao_anualizada_trimestral,2016-06-30,7.18438474410219,%,quarterly,BCB/SGS 433,https://api.bcb.gov.br/dados/serie/bcdata.sgs.433/dados?formato=json,Anualização da inflação trimestral: ((1+i)^4-1)*100.,inflacao,ready
inflacao_anualizada_trimestral,2016-09-30,4.237964609631328,%,quarterly,BCB/SGS 433,https://api.bcb.gov.br/dados/serie/bcdata.sgs.433/dados?formato=json,Anualização da inflação trimestral: ((1+i)^4-1)*100.,inflacao,ready
inflacao_anualizada_trimestral,2016-12-31,3.000336278268656,%,quarterly,BCB/SGS 433,https://api.bcb.gov.br/dados/serie/bcdata.sgs.433/dados?formato=json,Anualização da inflação trimestral: ((1+i)^4-1)*100.,inflacao,ready
inflacao_anualizada_trimestral,2017-03-31,3.9081325120118082,%,quarterly,BCB/SGS 433,https://api.bcb.gov.br/dados/serie/bcdata.sgs.433/dados?formato=json,Anualização da inflação trimestral: ((1+i)^4-1)*100.,inflacao,ready
inflacao_anualizada_trimestral,2017-06-30,0.8804843628402725,%,quarterly,BCB/SGS 433,https://api.bcb.gov.br/dados/serie/bcdata.sgs.433/dados?formato=json,Anualização da inflação trimestral: ((1+i)^4-1)*100.,inflacao,ready
inflacao_anualizada_trimestral,2017-09-30,2.385628796701611,%,quarterly,BCB/SGS 433,https://api.bcb.gov.br/dados/serie/bcdata.sgs.433/dados?formato=json,Anualização da inflação trimestral: ((1+i)^4-1)*100.,inflacao,ready
inflacao_anualizada_trimestral,2017-12-31,4.65620571792611,%,quarterly,BCB/SGS 433,https://api.bcb.gov.br/dados/serie/bcdata.sgs.433/dados?formato=json,Anualização da inflação trimestral: ((1+i)^4-1)*100.,inflacao,ready
inflacao_anualizada_trimestral,2018-03-31,2.8355739229334986,%,quarterly,BCB/SGS 433,https://api.bcb.gov.br/dados/serie/bcdata.sgs.433/dados?formato=json,Anualização da inflação trimestral: ((1+i)^4-1)*100.,inflacao,ready
inflacao_anualizada_trimestral,2018-06-30,7.771551990363101,%,quarterly,BCB/SGS 433,https://api.bcb.gov.br/dados/serie/bcdata.sgs.433/dados?formato=json,Anualização da inflação trimestral: ((1+i)^4-1)*100.,inflacao,ready
inflacao_anualizada_trimestral,2018-09-30,2.914742190980002,%,quarterly,BCB/SGS 433,https://api.bcb.gov.br/dados/serie/bcdata.sgs.433/dados?formato=json,Anualização da inflação trimestral: ((1+i)^4-1)*100.,inflacao,ready
inflacao_anualizada_trimestral,2018-12-31,1.5667765500176456,%,quarterly,BCB/SGS 433,https://api.bcb.gov.br/dados/serie/bcdata.sgs.433/dados?formato=json,Anualização da inflação trimestral: ((1+i)^4-1)*100.,inflacao,ready
inflacao_anualizada_trimestral,2019-03-31,6.165684444122466,%,quarterly,BCB/SGS 433,https://api.bcb.gov.br/dados/serie/bcdata.sgs.433/dados?formato=json,Anualização da inflação trimestral: ((1+i)^4-1)*100.,inflacao,ready
inflacao_anualizada_trimestral,2019-06-30,2.8737033502594267,%,quarterly,BCB/SGS 433,https://api.bcb.gov.br/dados/serie/bcdata.sgs.433/dados?formato=json,Anualização da inflação trimestral: ((1+i)^4-1)*100.,inflacao,ready
inflacao_anualizada_trimestral,2019-09-30,1.0444214824574916,%,quarterly,BCB/SGS 433,https://api.bcb.gov.br/dados/serie/bcdata.sgs.433/dados?formato=json,Anualização da inflação trimestral: ((1+i)^4-1)*100.,inflacao,ready
inflacao_anualizada_trimestral,2019-12-31,7.259791965412465,%,quarterly,BCB/SGS 433,https://api.bcb.gov.br/dados/serie/bcdata.sgs.433/dados?formato=json,Anualização da inflação trimestral: ((1+i)^4-1)*100.,inflacao,ready
inflacao_anualizada_trimestral,2020-03-31,2.140357321953079,%,quarterly,BCB/SGS 433,https://api.bcb.gov.br/dados/serie/bcdata.sgs.433/dados?formato=json,Anualização da inflação trimestral: ((1+i)^4-1)*100.,inflacao,ready
inflacao_anualizada_trimestral,2020-06-30,-1.7113580033080722,%,quarterly,BCB/SGS 433,https://api.bcb.gov.br/dados/serie/bcdata.sgs.433/dados?formato=json,Anualização da inflação trimestral: ((1+i)^4-1)*100.,inflacao,ready
inflacao_anualizada_trimestral,2020-09-30,5.072569999813048,%,quarterly,BCB/SGS 433,https://api.bcb.gov.br/dados/serie/bcdata.sgs.433/dados?formato=json,Anualização da inflação trimestral: ((1+i)^4-1)*100.,inflacao,ready
inflacao_anualizada_trimestral,2020-12-31,13.12624075936184,%,quarterly,BCB/SGS 433,https://api.bcb.gov.br/dados/serie/bcdata.sgs.433/dados?formato=json,Anualização da inflação trimestral: ((1+i)^4-1)*100.,inflacao,ready
inflacao_anualizada_trimestral,2021-03-31,8.46621201421327,%,quarterly,BCB/SGS 433,https://api.bcb.gov.br/dados/serie/bcdata.sgs.433/dados?formato=json,Anualização da inflação trimestral: ((1+i)^4-1)*100.,inflacao,ready
inflacao_anualizada_trimestral,2021-06-30,6.885482145548938,%,quarterly,BCB/SGS 433,https://api.bcb.gov.br/dados/serie/bcdata.sgs.433/dados?formato=json,Anualização da inflação trimestral: ((1+i)^4-1)*100.,inflacao,ready
inflacao_anualizada_trimestral,2021-09-30,12.636911494871583,%,quarterly,BCB/SGS 433,https://api.bcb.gov.br/dados/serie/bcdata.sgs.433/dados?formato=json,Anualização da inflação trimestral: ((1+i)^4-1)*100.,inflacao,ready
inflacao_anualizada_trimestral,2021-12-31,12.367509797317688,%,quarterly,BCB/SGS 433,https://api.bcb.gov.br/dados/serie/bcdata.sgs.433/dados?formato=json,Anualização da inflação trimestral: ((1+i)^4-1)*100.,inflacao,ready
inflacao_anualizada_trimestral,2022-03-31,13.430480109878884,%,quarterly,BCB/SGS 433,https://api.bcb.gov.br/dados/serie/bcdata.sgs.433/dados?formato=json,Anualização da inflação trimestral: ((1+i)^4-1)*100.,inflacao,ready
inflacao_anualizada_trimestral,2022-06-30,9.159882391966434,%,quarterly,BCB/SGS 433,https://api.bcb.gov.br/dados/serie/bcdata.sgs.433/dados?formato=json,Anualização da inflação trimestral: ((1+i)^4-1)*100.,inflacao,ready
inflacao_anualizada_trimestral,2022-09-30,-5.19383397253792,%,quarterly,BCB/SGS 433,https://api.bcb.gov.br/dados/serie/bcdata.sgs.433/dados?formato=json,Anualização da inflação trimestral: ((1+i)^4-1)*100.,inflacao,ready
inflacao_anualizada_trimestral,2022-12-31,6.675417895862812,%,quarterly,BCB/SGS 433,https://api.bcb.gov.br/dados/serie/bcdata.sgs.433/dados?formato=json,Anualização da inflação trimestral: ((1+i)^4-1)*100.,inflacao,ready
inflacao_anualizada_trimestral,2023-03-31,8.643678602793536,%,quarterly,BCB/SGS 433,https://api.bcb.gov.br/dados/serie/bcdata.sgs.433/dados?formato=json,Anualização da inflação trimestral: ((1+i)^4-1)*100.,inflacao,ready
inflacao_anualizada_trimestral,2023-06-30,3.077818538884314,%,quarterly,BCB/SGS 433,https://api.bcb.gov.br/dados/serie/bcdata.sgs.433/dados?formato=json,Anualização da inflação trimestral: ((1+i)^4-1)*100.,inflacao,ready
inflacao_anualizada_trimestral,2023-09-30,2.4672512854899686,%,quarterly,BCB/SGS 433,https://api.bcb.gov.br/dados/serie/bcdata.sgs.433/dados?formato=json,Anualização da inflação trimestral: ((1+i)^4-1)*100.,inflacao,ready
inflacao_anualizada_trimestral,2023-12-31,4.405311101111842,%,quarterly,BCB/SGS 433,https://api.bcb.gov.br/dados/serie/bcdata.sgs.433/dados?formato=json,Anualização da inflação trimestral: ((1+i)^4-1)*100.,inflacao,ready
inflacao_anualizada_trimestral,2024-03-31,5.7833217501131795,%,quarterly,BCB/SGS 433,https://api.bcb.gov.br/dados/serie/bcdata.sgs.433/dados?formato=json,Anualização da inflação trimestral: ((1+i)^4-1)*100.,inflacao,ready
inflacao_anualizada_trimestral,2024-06-30,4.281125348008108,%,quarterly,BCB/SGS 433,https://api.bcb.gov.br/dados/serie/bcdata.sgs.433/dados?formato=json,Anualização da inflação trimestral: ((1+i)^4-1)*100.,inflacao,ready
inflacao_anualizada_trimestral,2024-09-30,3.2447819074480133,%,quarterly,BCB/SGS 433,https://api.bcb.gov.br/dados/serie/bcdata.sgs.433/dados?formato=json,Anualização da inflação trimestral: ((1+i)^4-1)*100.,inflacao,ready
inflacao_anualizada_trimestral,2024-12-31,6.040751121459631,%,quarterly,BCB/SGS 433,https://api.bcb.gov.br/dados/serie/bcdata.sgs.433/dados?formato=json,Anualização da inflação trimestral: ((1+i)^4-1)*100.,inflacao,ready
inflacao_anualizada_trimestral,2025-03-31,8.414553018049343,%,quarterly,BCB/SGS 433,https://api.bcb.gov.br/dados/serie/bcdata.sgs.433/dados?formato=json,Anualização da inflação trimestral: ((1+i)^4-1)*100.,inflacao,ready
inflacao_anualizada_trimestral,2025-06-30,3.783636463545914,%,quarterly,BCB/SGS 433,https://api.bcb.gov.br/dados/serie/bcdata.sgs.433/dados?formato=json,Anualização da inflação trimestral: ((1+i)^4-1)*100.,inflacao,ready
inflacao_anualizada_trimestral,2025-09-30,2.5456776096021594,%,quarterly,BCB/SGS 433,https://api.bcb.gov.br/dados/serie/bcdata.sgs.433/dados?formato=json,Anualização da inflação trimestral: ((1+i)^4-1)*100.,inflacao,ready
inflacao_anualizada_trimestral,2025-12-31,2.425977045926464,%,quarterly,BCB/SGS 433,https://api.bcb.gov.br/dados/serie/bcdata.sgs.433/dados?formato=json,Anualização da inflação trimestral: ((1+i)^4-1)*100.,inflacao,ready
inflacao_anualizada_trimestral,2026-03-31,7.909933638625022,%,quarterly,BCB/SGS 433,https://api.bcb.gov.br/dados/serie/bcdata.sgs.433/dados?formato=json,Anualização da inflação trimestral: ((1+i)^4-1)*100.,inflacao,ready
inflacao_anualizada_trimestral,2026-06-30,5.784993340143774,%,quarterly,BCB/SGS 433,https://api.bcb.gov.br/dados/serie/bcdata.sgs.433/dados?formato=json,Anualização da inflação trimestral: ((1+i)^4-1)*100.,inflacao,ready
inflacao_trimestral,1980-03-31,18.283212977600005,%,quarterly,BCB/SGS 433,https://api.bcb.gov.br/dados/serie/bcdata.sgs.433/dados?formato=json,Composição de três taxas mensais: (produto(1+i)-1)*100.,inflacao,ready
inflacao_trimestral,1980-06-30,17.201110242999974,%,quarterly,BCB/SGS 433,https://api.bcb.gov.br/dados/serie/bcdata.sgs.433/dados?formato=json,Composição de três taxas mensais: (produto(1+i)-1)*100.,inflacao,ready
inflacao_trimestral,1980-09-30,15.460495867500024,%,quarterly,BCB/SGS 433,https://api.bcb.gov.br/dados/serie/bcdata.sgs.433/dados?formato=json,Composição de três taxas mensais: (produto(1+i)-1)*100.,inflacao,ready
inflacao_trimestral,1980-12-31,24.5016270876,%,quarterly,BCB/SGS 433,https://api.bcb.gov.br/dados/serie/bcdata.sgs.433/dados?formato=json,Composição de três taxas mensais: (produto(1+i)-1)*100.,inflacao,ready
inflacao_trimestral,1981-03-31,19.32754467200002,%,quarterly,BCB/SGS 433,https://api.bcb.gov.br/dados/serie/bcdata.sgs.433/dados?formato=json,Composição de três taxas mensais: (produto(1+i)-1)*100.,inflacao,ready
inflacao_trimestral,1981-06-30,18.58250651519999,%,quarterly,BCB/SGS 433,https://api.bcb.gov.br/dados/serie/bcdata.sgs.433/dados?formato=json,Composição de três taxas mensais: (produto(1+i)-1)*100.,inflacao,ready
inflacao_trimestral,1981-09-30,18.00098617999999,%,quarterly,BCB/SGS 433,https://api.bcb.gov.br/dados/serie/bcdata.sgs.433/dados?formato=json,Composição de três taxas mensais: (produto(1+i)-1)*100.,inflacao,ready
inflacao_trimestral,1981-12-31,17.177346558799968,%,quarterly,BCB/SGS 433,https://api.bcb.gov.br/dados/serie/bcdata.sgs.433/dados?formato=json,Composição de três taxas mensais: (produto(1+i)-1)*100.,inflacao,ready
inflacao_trimestral,1982-03-31,20.586365336800007,%,quarterly,BCB/SGS 433,https://api.bcb.gov.br/dados/serie/bcdata.sgs.433/dados?formato=json,Composição de três taxas mensais: (produto(1+i)-1)*100.,inflacao,ready
inflacao_trimestral,1982-06-30,20.96117545399998,%,quarterly,BCB/SGS 433,https://api.bcb.gov.br/dados/serie/bcdata.sgs.433/dados?formato=json,Composição de três taxas mensais: (produto(1+i)-1)*100.,inflacao,ready
inflacao_trimestral,1982-09-30,18.435344353600016,%,quarterly,BCB/SGS 433,https://api.bcb.gov.br/dados/serie/bcdata.sgs.433/dados?formato=json,Composição de três taxas mensais: (produto(1+i)-1)*100.,inflacao,ready
inflacao_trimestral,1982-12-31,18.553132815600005,%,quarterly,BCB/SGS 433,https://api.bcb.gov.br/dados/serie/bcdata.sgs.433/dados?formato=json,Composição de três taxas mensais: (produto(1+i)-1)*100.,inflacao,ready
inflacao_trimestral,1983-03-31,25.780050233599994,%,quarterly,BCB/SGS 433,https://api.bcb.gov.br/dados/serie/bcdata.sgs.433/dados?formato=json,Composição de três taxas mensais: (produto(1+i)-1)*100.,inflacao,ready
inflacao_trimestral,1983-06-30,24.698838739200003,%,quarterly,BCB/SGS 433,https://api.bcb.gov.br/dados/serie/bcdata.sgs.433/dados?formato=json,Composição de três taxas mensais: (produto(1+i)-1)*100.,inflacao,ready
inflacao_trimestral,1983-09-30,32.479441663999985,%,quarterly,BCB/SGS 433,https://api.bcb.gov.br/dados/serie/bcdata.sgs.433/dados?formato=json,Composição de três taxas mensais: (produto(1+i)-1)*100.,inflacao,ready
inflacao_trimestral,1983-12-31,27.051925800800003,%,quarterly,BCB/SGS 433,https://api.bcb.gov.br/dados/serie/bcdata.sgs.433/dados?formato=json,Composição de três taxas mensais: (produto(1+i)-1)*100.,inflacao,ready
inflacao_trimestral,1984-03-31,30.82457530999998,%,quarterly,BCB/SGS 433,https://api.bcb.gov.br/dados/serie/bcdata.sgs.433/dados?formato=json,Composição de três taxas mensais: (produto(1+i)-1)*100.,inflacao,ready
inflacao_trimestral,1984-06-30,31.494269696,%,quarterly,BCB/SGS 433,https://api.bcb.gov.br/dados/serie/bcdata.sgs.433/dados?formato=json,Composição de três taxas mensais: (produto(1+i)-1)*100.,inflacao,ready
inflacao_trimestral,1984-09-30,34.07633134999997,%,quarterly,BCB/SGS 433,https://api.bcb.gov.br/dados/serie/bcdata.sgs.433/dados?formato=json,Composição de três taxas mensais: (produto(1+i)-1)*100.,inflacao,ready
inflacao_trimestral,1984-12-31,36.6932379736,%,quarterly,BCB/SGS 433,https://api.bcb.gov.br/dados/serie/bcdata.sgs.433/dados?formato=json,Composição de três taxas mensais: (produto(1+i)-1)*100.,inflacao,ready
inflacao_trimestral,1985-03-31,36.497396499199986,%,quarterly,BCB/SGS 433,https://api.bcb.gov.br/dados/serie/bcdata.sgs.433/dados?formato=json,Composição de três taxas mensais: (produto(1+i)-1)*100.,inflacao,ready
inflacao_trimestral,1985-06-30,25.837984960000004,%,quarterly,BCB/SGS 433,https://api.bcb.gov.br/dados/serie/bcdata.sgs.433/dados?formato=json,Composição de três taxas mensais: (produto(1+i)-1)*100.,inflacao,ready
inflacao_trimestral,1985-09-30,37.346936876000015,%,quarterly,BCB/SGS 433,https://api.bcb.gov.br/dados/serie/bcdata.sgs.433/dados?formato=json,Composição de três taxas mensais: (produto(1+i)-1)*100.,inflacao,ready
inflacao_trimestral,1985-12-31,45.07290762980003,%,quarterly,BCB/SGS 433,https://api.bcb.gov.br/dados/serie/bcdata.sgs.433/dados?formato=json,Composição de três taxas mensais: (produto(1+i)-1)*100.,inflacao,ready
inflacao_trimestral,1986-03-31,35.067246112799985,%,quarterly,BCB/SGS 433,https://api.bcb.gov.br/dados/serie/bcdata.sgs.433/dados?formato=json,Composição de três taxas mensais: (produto(1+i)-1)*100.,inflacao,ready
inflacao_trimestral,1986-06-30,3.4887446840000003,%,quarterly,BCB/SGS 433,https://api.bcb.gov.br/dados/serie/bcdata.sgs.433/dados?formato=json,Composição de três taxas mensais: (produto(1+i)-1)*100.,inflacao,ready
inflacao_trimestral,1986-09-30,7.132221126000005,%,quarterly,BCB/SGS 433,https://api.bcb.gov.br/dados/serie/bcdata.sgs.433/dados?formato=json,Composição de três taxas mensais: (produto(1+i)-1)*100.,inflacao,ready
inflacao_trimestral,1986-12-31,19.971888574999987,%,quarterly,BCB/SGS 433,https://api.bcb.gov.br/dados/serie/bcdata.sgs.433/dados?formato=json,Composição de três taxas mensais: (produto(1+i)-1)*100.,inflacao,ready
inflacao_trimestral,1987-03-31,48.39472609279998,%,quarterly,BCB/SGS 433,https://api.bcb.gov.br/dados/serie/bcdata.sgs.433/dados?formato=json,Composição de três taxas mensais: (produto(1+i)-1)*100.,inflacao,ready
inflacao_trimestral,1987-06-30,73.15686384500002,%,quarterly,BCB/SGS 433,https://api.bcb.gov.br/dados/serie/bcdata.sgs.433/dados?formato=json,Composição de três taxas mensais: (produto(1+i)-1)*100.,inflacao,ready
inflacao_trimestral,1987-09-30,23.43884640060001,%,quarterly,BCB/SGS 433,https://api.bcb.gov.br/dados/serie/bcdata.sgs.433/dados?formato=json,Composição de três taxas mensais: (produto(1+i)-1)*100.,inflacao,ready
inflacao_trimestral,1987-12-31,46.10284060400001,%,quarterly,BCB/SGS 433,https://api.bcb.gov.br/dados/serie/bcdata.sgs.433/dados?formato=json,Composição de três taxas mensais: (produto(1+i)-1)*100.,inflacao,ready
inflacao_trimestral,1988-03-31,61.76553847999999,%,quarterly,BCB/SGS 433,https://api.bcb.gov.br/dados/serie/bcdata.sgs.433/dados?formato=json,Composição de três taxas mensais: (produto(1+i)-1)*100.,inflacao,ready
inflacao_trimestral,1988-06-30,70.88578796,%,quarterly,BCB/SGS 433,https://api.bcb.gov.br/dados/serie/bcdata.sgs.433/dados?formato=json,Composição de três taxas mensais: (produto(1+i)-1)*100.,inflacao,ready
inflacao_trimestral,1988-09-30,88.91960529050003,%,quarterly,BCB/SGS 433,https://api.bcb.gov.br/dados/serie/bcdata.sgs.433/dados?formato=json,Composição de três taxas mensais: (produto(1+i)-1)*100.,inflacao,ready
inflacao_trimestral,1988-12-31,106.84435943600002,%,quarterly,BCB/SGS 433,https://api.bcb.gov.br/dados/serie/bcdata.sgs.433/dados?formato=json,Composição de três taxas mensais: (produto(1+i)-1)*100.,inflacao,ready
inflacao_trimestral,1989-03-31,71.5110700604,%,quarterly,BCB/SGS 433,https://api.bcb.gov.br/dados/serie/bcdata.sgs.433/dados?formato=json,Composição de três taxas mensais: (produto(1+i)-1)*100.,inflacao,ready
inflacao_trimestral,1989-06-30,64.34102986399999,%,quarterly,BCB/SGS 433,https://api.bcb.gov.br/dados/serie/bcdata.sgs.433/dados?formato=json,Composição de três taxas mensais: (produto(1+i)-1)*100.,inflacao,ready
inflacao_trimestral,1989-09-30,134.9540674424,%,quarterly,BCB/SGS 433,https://api.bcb.gov.br/dados/serie/bcdata.sgs.433/dados?formato=json,Composição de três taxas mensais: (produto(1+i)-1)*100.,inflacao,ready
inflacao_trimestral,1989-12-31,213.01114121000003,%,quarterly,BCB/SGS 433,https://api.bcb.gov.br/dados/serie/bcdata.sgs.433/dados?formato=json,Composição de três taxas mensais: (produto(1+i)-1)*100.,inflacao,ready
inflacao_trimestral,1990-03-31,437.0211181985,%,quarterly,BCB/SGS 433,https://api.bcb.gov.br/dados/serie/bcdata.sgs.433/dados?formato=json,Composição de três taxas mensais: (produto(1+i)-1)*100.,inflacao,ready
inflacao_trimestral,1990-06-30,38.891804240000006,%,quarterly,BCB/SGS 433,https://api.bcb.gov.br/dados/serie/bcdata.sgs.433/dados?formato=json,Composição de três taxas mensais: (produto(1+i)-1)*100.,inflacao,ready
inflacao_trimestral,1990-09-30,45.83167223359999,%,quarterly,BCB/SGS 433,https://api.bcb.gov.br/dados/serie/bcdata.sgs.433/dados?formato=json,Composição de três taxas mensais: (produto(1+i)-1)*100.,inflacao,ready
inflacao_trimestral,1990-12-31,58.2167901104,%,quarterly,BCB/SGS 433,https://api.bcb.gov.br/dados/serie/bcdata.sgs.433/dados?formato=json,Composição de três taxas mensais: (produto(1+i)-1)*100.,inflacao,ready
inflacao_trimestral,1991-03-31,63.14511248000001,%,quarterly,BCB/SGS 433,https://api.bcb.gov.br/dados/serie/bcdata.sgs.433/dados?formato=json,Composição de três taxas mensais: (produto(1+i)-1)*100.,inflacao,ready
inflacao_trimestral,1991-06-30,25.4120427083,%,quarterly,BCB/SGS 433,https://api.bcb.gov.br/dados/serie/bcdata.sgs.433/dados?formato=json,Composição de três taxas mensais: (produto(1+i)-1)*100.,inflacao,ready
inflacao_trimestral,1991-09-30,50.29550745289999,%,quarterly,BCB/SGS 433,https://api.bcb.gov.br/dados/serie/bcdata.sgs.433/dados?formato=json,Composição de três taxas mensais: (produto(1+i)-1)*100.,inflacao,ready
inflacao_trimestral,1991-12-31,86.23301296930002,%,quarterly,BCB/SGS 433,https://api.bcb.gov.br/dados/serie/bcdata.sgs.433/dados?formato=json,Composição de três taxas mensais: (produto(1+i)-1)*100.,inflacao,ready
inflacao_trimestral,1992-03-31,90.07429011200001,%,quarterly,BCB/SGS 433,https://api.bcb.gov.br/dados/serie/bcdata.sgs.433/dados?formato=json,Composição de três taxas mensais: (produto(1+i)-1)*100.,inflacao,ready
inflacao_trimestral,1992-06-30,80.00798125579998,%,quarterly,BCB/SGS 433,https://api.bcb.gov.br/dados/serie/bcdata.sgs.433/dados?formato=json,Composição de três taxas mensais: (produto(1+i)-1)*100.,inflacao,ready
inflacao_trimestral,1992-09-30,85.45338080059999,%,quarterly,BCB/SGS 433,https://api.bcb.gov.br/dados/serie/bcdata.sgs.433/dados?formato=json,Composição de três taxas mensais: (produto(1+i)-1)*100.,inflacao,ready
inflacao_trimestral,1992-12-31,92.12627054239995,%,quarterly,BCB/SGS 433,https://api.bcb.gov.br/dados/serie/bcdata.sgs.433/dados?formato=json,Composição de três taxas mensais: (produto(1+i)-1)*100.,inflacao,ready
inflacao_trimestral,1993-03-31,107.321085818,%,quarterly,BCB/SGS 433,https://api.bcb.gov.br/dados/serie/bcdata.sgs.433/dados?formato=json,Composição de três taxas mensais: (produto(1+i)-1)*100.,inflacao,ready
inflacao_trimestral,1993-06-30,112.17535428250001,%,quarterly,BCB/SGS 433,https://api.bcb.gov.br/dados/serie/bcdata.sgs.433/dados?formato=json,Composição de três taxas mensais: (produto(1+i)-1)*100.,inflacao,ready
inflacao_trimestral,1993-09-30,135.8364278528,%,quarterly,BCB/SGS 433,https://api.bcb.gov.br/dados/serie/bcdata.sgs.433/dados?formato=json,Composição de três taxas mensais: (produto(1+i)-1)*100.,inflacao,ready
inflacao_trimestral,1993-12-31,148.4220071168,%,quarterly,BCB/SGS 433,https://api.bcb.gov.br/dados/serie/bcdata.sgs.433/dados?formato=json,Composição de três taxas mensais: (produto(1+i)-1)*100.,inflacao,ready
inflacao_trimestral,1994-03-31,182.95267906750001,%,quarterly,BCB/SGS 433,https://api.bcb.gov.br/dados/serie/bcdata.sgs.433/dados?formato=json,Composição de três taxas mensais: (produto(1+i)-1)*100.,inflacao,ready
inflacao_trimestral,1994-06-30,202.97160449720005,%,quarterly,BCB/SGS 433,https://api.bcb.gov.br/dados/serie/bcdata.sgs.433/dados?formato=json,Composição de três taxas mensais: (produto(1+i)-1)*100.,inflacao,ready
inflacao_trimestral,1994-09-30,10.492280527200016,%,quarterly,BCB/SGS 433,https://api.bcb.gov.br/dados/serie/bcdata.sgs.433/dados?formato=json,Composição de três taxas mensais: (produto(1+i)-1)*100.,inflacao,ready
inflacao_trimestral,1994-12-31,7.307733936199989,%,quarterly,BCB/SGS 433,https://api.bcb.gov.br/dados/serie/bcdata.sgs.433/dados?formato=json,Composição de três taxas mensais: (produto(1+i)-1)*100.,inflacao,ready
inflacao_trimestral,1995-03-31,4.329768769999998,%,quarterly,BCB/SGS 433,https://api.bcb.gov.br/dados/serie/bcdata.sgs.433/dados?formato=json,Composição de três taxas mensais: (produto(1+i)-1)*100.,inflacao,ready
inflacao_trimestral,1995-06-30,7.541607310599985,%,quarterly,BCB/SGS 433,https://api.bcb.gov.br/dados/serie/bcdata.sgs.433/dados?formato=json,Composição de três taxas mensais: (produto(1+i)-1)*100.,inflacao,ready
inflacao_trimestral,1995-09-30,4.396760303600011,%,quarterly,BCB/SGS 433,https://api.bcb.gov.br/dados/serie/bcdata.sgs.433/dados?formato=json,Composição de três taxas mensais: (produto(1+i)-1)*100.,inflacao,ready
inflacao_trimestral,1995-12-31,4.50597834119999,%,quarterly,BCB/SGS 433,https://api.bcb.gov.br/dados/serie/bcdata.sgs.433/dados?formato=json,Composição de três taxas mensais: (produto(1+i)-1)*100.,inflacao,ready
inflacao_trimestral,1996-03-31,2.74214530700001,%,quarterly,BCB/SGS 433,https://api.bcb.gov.br/dados/serie/bcdata.sgs.433/dados?formato=json,Composição de três taxas mensais: (produto(1+i)-1)*100.,inflacao,ready
inflacao_trimestral,1996-06-30,3.7150669267999925,%,quarterly,BCB/SGS 433,https://api.bcb.gov.br/dados/serie/bcdata.sgs.433/dados?formato=json,Composição de três taxas mensais: (produto(1+i)-1)*100.,inflacao,ready
inflacao_trimestral,1996-09-30,1.7072163260000162,%,quarterly,BCB/SGS 433,https://api.bcb.gov.br/dados/serie/bcdata.sgs.433/dados?formato=json,Composição de três taxas mensais: (produto(1+i)-1)*100.,inflacao,ready
inflacao_trimestral,1996-12-31,1.0938785120000016,%,quarterly,BCB/SGS 433,https://api.bcb.gov.br/dados/serie/bcdata.sgs.433/dados?formato=json,Composição de três taxas mensais: (produto(1+i)-1)*100.,inflacao,ready
inflacao_trimestral,1997-03-31,2.2044980900000066,%,quarterly,BCB/SGS 433,https://api.bcb.gov.br/dados/serie/bcdata.sgs.433/dados?formato=json,Composição de três taxas mensais: (produto(1+i)-1)*100.,inflacao,ready
inflacao_trimestral,1997-06-30,1.8405934832000037,%,quarterly,BCB/SGS 433,https://api.bcb.gov.br/dados/serie/bcdata.sgs.433/dados?formato=json,Composição de três taxas mensais: (produto(1+i)-1)*100.,inflacao,ready
inflacao_trimestral,1997-09-30,0.2600759736000047,%,quarterly,BCB/SGS 433,https://api.bcb.gov.br/dados/serie/bcdata.sgs.433/dados?formato=json,Composição de três taxas mensais: (produto(1+i)-1)*100.,inflacao,ready
inflacao_trimestral,1997-12-31,0.8321126812999902,%,quarterly,BCB/SGS 433,https://api.bcb.gov.br/dados/serie/bcdata.sgs.433/dados?formato=json,Composição de três taxas mensais: (produto(1+i)-1)*100.,inflacao,ready
inflacao_trimestral,1998-03-31,1.517255104400017,%,quarterly,BCB/SGS 433,https://api.bcb.gov.br/dados/serie/bcdata.sgs.433/dados?formato=json,Composição de três taxas mensais: (produto(1+i)-1)*100.,inflacao,ready
inflacao_trimestral,1998-06-30,0.7613482399999816,%,quarterly,BCB/SGS 433,https://api.bcb.gov.br/dados/serie/bcdata.sgs.433/dados?formato=json,Composição de três taxas mensais: (produto(1+i)-1)*100.,inflacao,ready
inflacao_trimestral,1998-09-30,-0.8480033463999948,%,quarterly,BCB/SGS 433,https://api.bcb.gov.br/dados/serie/bcdata.sgs.433/dados?formato=json,Composição de três taxas mensais: (produto(1+i)-1)*100.,inflacao,ready
inflacao_trimestral,1998-12-31,0.22964592080001456,%,quarterly,BCB/SGS 433,https://api.bcb.gov.br/dados/serie/bcdata.sgs.433/dados?formato=json,Composição de três taxas mensais: (produto(1+i)-1)*100.,inflacao,ready
inflacao_trimestral,1999-03-31,2.8766808499999907,%,quarterly,BCB/SGS 433,https://api.bcb.gov.br/dados/serie/bcdata.sgs.433/dados?formato=json,Composição de três taxas mensais: (produto(1+i)-1)*100.,inflacao,ready
inflacao_trimestral,1999-06-30,1.0533171919999917,%,quarterly,BCB/SGS 433,https://api.bcb.gov.br/dados/serie/bcdata.sgs.433/dados?formato=json,Composição de três taxas mensais: (produto(1+i)-1)*100.,inflacao,ready
inflacao_trimestral,1999-09-30,1.9712379224000154,%,quarterly,BCB/SGS 433,https://api.bcb.gov.br/dados/serie/bcdata.sgs.433/dados?formato=json,Composição de três taxas mensais: (produto(1+i)-1)*100.,inflacao,ready
inflacao_trimestral,1999-12-31,2.7642128300000124,%,quarterly,BCB/SGS 433,https://api.bcb.gov.br/dados/serie/bcdata.sgs.433/dados?formato=json,Composição de três taxas mensais: (produto(1+i)-1)*100.,inflacao,ready
inflacao_trimestral,2000-03-31,0.9724577732000084,%,quarterly,BCB/SGS 433,https://api.bcb.gov.br/dados/serie/bcdata.sgs.433/dados?formato=json,Composição de três taxas mensais: (produto(1+i)-1)*100.,inflacao,ready
inflacao_trimestral,2000-06-30,0.6610310965999844,%,quarterly,BCB/SGS 433,https://api.bcb.gov.br/dados/serie/bcdata.sgs.433/dados?formato=json,Composição de três taxas mensais: (produto(1+i)-1)*100.,inflacao,ready
inflacao_trimestral,2000-09-30,3.1778555093000094,%,quarterly,BCB/SGS 433,https://api.bcb.gov.br/dados/serie/bcdata.sgs.433/dados?formato=json,Composição de três taxas mensais: (produto(1+i)-1)*100.,inflacao,ready
inflacao_trimestral,2000-12-31,1.053164643200022,%,quarterly,BCB/SGS 433,https://api.bcb.gov.br/dados/serie/bcdata.sgs.433/dados?formato=json,Composição de três taxas mensais: (produto(1+i)-1)*100.,inflacao,ready
inflacao_trimestral,2001-03-31,1.4165459636000133,%,quarterly,BCB/SGS 433,https://api.bcb.gov.br/dados/serie/bcdata.sgs.433/dados?formato=json,Composição de três taxas mensais: (produto(1+i)-1)*100.,inflacao,ready
inflacao_trimestral,2001-06-30,1.517538365600024,%,quarterly,BCB/SGS 433,https://api.bcb.gov.br/dados/serie/bcdata.sgs.433/dados?formato=json,Composição de três taxas mensais: (produto(1+i)-1)*100.,inflacao,ready
inflacao_trimestral,2001-09-30,2.3250200679999944,%,quarterly,BCB/SGS 433,https://api.bcb.gov.br/dados/serie/bcdata.sgs.433/dados?formato=json,Composição de três taxas mensais: (produto(1+i)-1)*100.,inflacao,ready
inflacao_trimestral,2001-12-31,2.205941304500003,%,quarterly,BCB/SGS 433,https://api.bcb.gov.br/dados/serie/bcdata.sgs.433/dados?formato=json,Composição de três taxas mensais: (produto(1+i)-1)*100.,inflacao,ready
inflacao_trimestral,2002-03-31,1.4871632319999994,%,quarterly,BCB/SGS 433,https://api.bcb.gov.br/dados/serie/bcdata.sgs.433/dados?formato=json,Composição de três taxas mensais: (produto(1+i)-1)*100.,inflacao,ready
inflacao_trimestral,2002-06-30,1.435929056000007,%,quarterly,BCB/SGS 433,https://api.bcb.gov.br/dados/serie/bcdata.sgs.433/dados?formato=json,Composição de três taxas mensais: (produto(1+i)-1)*100.,inflacao,ready
inflacao_trimestral,2002-09-30,2.581038692000015,%,quarterly,BCB/SGS 433,https://api.bcb.gov.br/dados/serie/bcdata.sgs.433/dados?formato=json,Composição de três taxas mensais: (produto(1+i)-1)*100.,inflacao,ready
inflacao_trimestral,2002-12-31,6.561322801999991,%,quarterly,BCB/SGS 433,https://api.bcb.gov.br/dados/serie/bcdata.sgs.433/dados?formato=json,Composição de três taxas mensais: (produto(1+i)-1)*100.,inflacao,ready
inflacao_trimestral,2003-03-31,5.132745497500002,%,quarterly,BCB/SGS 433,https://api.bcb.gov.br/dados/serie/bcdata.sgs.433/dados?formato=json,Composição de três taxas mensais: (produto(1+i)-1)*100.,inflacao,ready
inflacao_trimestral,2003-06-30,1.4335381245000223,%,quarterly,BCB/SGS 433,https://api.bcb.gov.br/dados/serie/bcdata.sgs.433/dados?formato=json,Composição de três taxas mensais: (produto(1+i)-1)*100.,inflacao,ready
inflacao_trimestral,2003-09-30,1.3248973040000056,%,quarterly,BCB/SGS 433,https://api.bcb.gov.br/dados/serie/bcdata.sgs.433/dados?formato=json,Composição de três taxas mensais: (produto(1+i)-1)*100.,inflacao,ready
inflacao_trimestral,2003-12-31,1.154267127200015,%,quarterly,BCB/SGS 433,https://api.bcb.gov.br/dados/serie/bcdata.sgs.433/dados?formato=json,Composição de três taxas mensais: (produto(1+i)-1)*100.,inflacao,ready
inflacao_trimestral,2004-03-31,1.8510967891999908,%,quarterly,BCB/SGS 433,https://api.bcb.gov.br/dados/serie/bcdata.sgs.433/dados?formato=json,Composição de três taxas mensais: (produto(1+i)-1)*100.,inflacao,ready
inflacao_trimestral,2004-06-30,1.5981483977000055,%,quarterly,BCB/SGS 433,https://api.bcb.gov.br/dados/serie/bcdata.sgs.433/dados?formato=json,Composição de três taxas mensais: (produto(1+i)-1)*100.,inflacao,ready
inflacao_trimestral,2004-09-30,1.9415797207000152,%,quarterly,BCB/SGS 433,https://api.bcb.gov.br/dados/serie/bcdata.sgs.433/dados?formato=json,Composição de três taxas mensais: (produto(1+i)-1)*100.,inflacao,ready
inflacao_trimestral,2004-12-31,2.0027801095999775,%,quarterly,BCB/SGS 433,https://api.bcb.gov.br/dados/serie/bcdata.sgs.433/dados?formato=json,Composição de três taxas mensais: (produto(1+i)-1)*100.,inflacao,ready
inflacao_trimestral,2005-03-31,1.7905798742000156,%,quarterly,BCB/SGS 433,https://api.bcb.gov.br/dados/serie/bcdata.sgs.433/dados?formato=json,Composição de três taxas mensais: (produto(1+i)-1)*100.,inflacao,ready
inflacao_trimestral,2005-06-30,1.3439901473999871,%,quarterly,BCB/SGS 433,https://api.bcb.gov.br/dados/serie/bcdata.sgs.433/dados?formato=json,Composição de três taxas mensais: (produto(1+i)-1)*100.,inflacao,ready
inflacao_trimestral,2005-09-30,0.7718964875000012,%,quarterly,BCB/SGS 433,https://api.bcb.gov.br/dados/serie/bcdata.sgs.433/dados?formato=json,Composição de três taxas mensais: (produto(1+i)-1)*100.,inflacao,ready
inflacao_trimestral,2005-12-31,1.668819850000025,%,quarterly,BCB/SGS 433,https://api.bcb.gov.br/dados/serie/bcdata.sgs.433/dados?formato=json,Composição de três taxas mensais: (produto(1+i)-1)*100.,inflacao,ready
inflacao_trimestral,2006-03-31,1.4367294016999876,%,quarterly,BCB/SGS 433,https://api.bcb.gov.br/dados/serie/bcdata.sgs.433/dados?formato=json,Composição de três taxas mensais: (produto(1+i)-1)*100.,inflacao,ready
inflacao_trimestral,2006-06-30,0.09955855899996813,%,quarterly,BCB/SGS 433,https://api.bcb.gov.br/dados/serie/bcdata.sgs.433/dados?formato=json,Composição de três taxas mensais: (produto(1+i)-1)*100.,inflacao,ready
inflacao_trimestral,2006-09-30,0.4505991994999903,%,quarterly,BCB/SGS 433,https://api.bcb.gov.br/dados/serie/bcdata.sgs.433/dados?formato=json,Composição de três taxas mensais: (produto(1+i)-1)*100.,inflacao,ready
inflacao_trimestral,2006-12-31,1.1240999104000116,%,quarterly,BCB/SGS 433,https://api.bcb.gov.br/dados/serie/bcdata.sgs.433/dados?formato=json,Composição de três taxas mensais: (produto(1+i)-1)*100.,inflacao,ready
inflacao_trimestral,2007-03-31,1.2551991632000048,%,quarterly,BCB/SGS 433,https://api.bcb.gov.br/dados/serie/bcdata.sgs.433/dados?formato=json,Composição de três taxas mensais: (produto(1+i)-1)*100.,inflacao,ready
inflacao_trimestral,2007-06-30,0.8121859599999892,%,quarterly,BCB/SGS 433,https://api.bcb.gov.br/dados/serie/bcdata.sgs.433/dados?formato=json,Composição de três taxas mensais: (produto(1+i)-1)*100.,inflacao,ready
inflacao_trimestral,2007-09-30,0.8924080304000048,%,quarterly,BCB/SGS 433,https://api.bcb.gov.br/dados/serie/bcdata.sgs.433/dados?formato=json,Composição de três taxas mensais: (produto(1+i)-1)*100.,inflacao,ready
inflacao_trimestral,2007-12-31,1.4261804360000019,%,quarterly,BCB/SGS 433,https://api.bcb.gov.br/dados/serie/bcdata.sgs.433/dados?formato=json,Composição de três taxas mensais: (produto(1+i)-1)*100.,inflacao,ready
inflacao_trimestral,2008-03-31,1.5176027007999915,%,quarterly,BCB/SGS 433,https://api.bcb.gov.br/dados/serie/bcdata.sgs.433/dados?formato=json,Composição de três taxas mensais: (produto(1+i)-1)*100.,inflacao,ready
inflacao_trimestral,2008-06-30,2.094293153000004,%,quarterly,BCB/SGS 433,https://api.bcb.gov.br/dados/serie/bcdata.sgs.433/dados?formato=json,Composição de três taxas mensais: (produto(1+i)-1)*100.,inflacao,ready
inflacao_trimestral,2008-09-30,1.0735938583999793,%,quarterly,BCB/SGS 433,https://api.bcb.gov.br/dados/serie/bcdata.sgs.433/dados?formato=json,Composição de três taxas mensais: (produto(1+i)-1)*100.,inflacao,ready
inflacao_trimestral,2008-12-31,1.0938925359999851,%,quarterly,BCB/SGS 433,https://api.bcb.gov.br/dados/serie/bcdata.sgs.433/dados?formato=json,Composição de três taxas mensais: (produto(1+i)-1)*100.,inflacao,ready
inflacao_trimestral,2009-03-31,1.2347052800000036,%,quarterly,BCB/SGS 433,https://api.bcb.gov.br/dados/serie/bcdata.sgs.433/dados?formato=json,Composição de três taxas mensais: (produto(1+i)-1)*100.,inflacao,ready
inflacao_trimestral,2009-06-30,1.3156841215999693,%,quarterly,BCB/SGS 433,https://api.bcb.gov.br/dados/serie/bcdata.sgs.433/dados?formato=json,Composição de três taxas mensais: (produto(1+i)-1)*100.,inflacao,ready
inflacao_trimestral,2009-09-30,0.6312968640000083,%,quarterly,BCB/SGS 433,https://api.bcb.gov.br/dados/serie/bcdata.sgs.433/dados?formato=json,Composição de três taxas mensais: (produto(1+i)-1)*100.,inflacao,ready
inflacao_trimestral,2009-12-31,1.0637052475999997,%,quarterly,BCB/SGS 433,https://api.bcb.gov.br/dados/serie/bcdata.sgs.433/dados?formato=json,Composição de três taxas mensais: (produto(1+i)-1)*100.,inflacao,ready
inflacao_trimestral,2010-03-31,2.063836420000009,%,quarterly,BCB/SGS 433,https://api.bcb.gov.br/dados/serie/bcdata.sgs.433/dados?formato=json,Composição de três taxas mensais: (produto(1+i)-1)*100.,inflacao,ready
inflacao_trimestral,2010-06-30,1.0024510000000042,%,quarterly,BCB/SGS 433,https://api.bcb.gov.br/dados/serie/bcdata.sgs.433/dados?formato=json,Composição de três taxas mensais: (produto(1+i)-1)*100.,inflacao,ready
inflacao_trimestral,2010-09-30,0.500229017999998,%,quarterly,BCB/SGS 433,https://api.bcb.gov.br/dados/serie/bcdata.sgs.433/dados?formato=json,Composição de três taxas mensais: (produto(1+i)-1)*100.,inflacao,ready
inflacao_trimestral,2010-12-31,2.226218217499998,%,quarterly,BCB/SGS 433,https://api.bcb.gov.br/dados/serie/bcdata.sgs.433/dados?formato=json,Composição de três taxas mensais: (produto(1+i)-1)*100.,inflacao,ready
inflacao_trimestral,2011-03-31,2.4395694559999903,%,quarterly,BCB/SGS 433,https://api.bcb.gov.br/dados/serie/bcdata.sgs.433/dados?formato=json,Composição de três taxas mensais: (produto(1+i)-1)*100.,inflacao,ready
inflacao_trimestral,2011-06-30,1.3954844285000156,%,quarterly,BCB/SGS 433,https://api.bcb.gov.br/dados/serie/bcdata.sgs.433/dados?formato=json,Composição de três taxas mensais: (produto(1+i)-1)*100.,inflacao,ready
inflacao_trimestral,2011-09-30,1.0634041376000214,%,quarterly,BCB/SGS 433,https://api.bcb.gov.br/dados/serie/bcdata.sgs.433/dados?formato=json,Composição de três taxas mensais: (produto(1+i)-1)*100.,inflacao,ready
inflacao_trimestral,2011-12-31,1.456997179999986,%,quarterly,BCB/SGS 433,https://api.bcb.gov.br/dados/serie/bcdata.sgs.433/dados?formato=json,Composição de três taxas mensais: (produto(1+i)-1)*100.,inflacao,ready
inflacao_trimestral,2012-03-31,1.224646292000009,%,quarterly,BCB/SGS 433,https://api.bcb.gov.br/dados/serie/bcdata.sgs.433/dados?formato=json,Composição de três taxas mensais: (produto(1+i)-1)*100.,inflacao,ready
inflacao_trimestral,2012-06-30,1.083105843199994,%,quarterly,BCB/SGS 433,https://api.bcb.gov.br/dados/serie/bcdata.sgs.433/dados?formato=json,Composição de três taxas mensais: (produto(1+i)-1)*100.,inflacao,ready
inflacao_trimestral,2012-09-30,1.416561049100018,%,quarterly,BCB/SGS 433,https://api.bcb.gov.br/dados/serie/bcdata.sgs.433/dados?formato=json,Composição de três taxas mensais: (produto(1+i)-1)*100.,inflacao,ready
inflacao_trimestral,2012-12-31,1.9929689660000083,%,quarterly,BCB/SGS 433,https://api.bcb.gov.br/dados/serie/bcdata.sgs.433/dados?formato=json,Composição de três taxas mensais: (produto(1+i)-1)*100.,inflacao,ready
inflacao_trimestral,2013-03-31,1.9420462519999848,%,quarterly,BCB/SGS 433,https://api.bcb.gov.br/dados/serie/bcdata.sgs.433/dados?formato=json,Composição de três taxas mensais: (produto(1+i)-1)*100.,inflacao,ready
inflacao_trimestral,2013-06-30,1.1844322910000038,%,quarterly,BCB/SGS 433,https://api.bcb.gov.br/dados/serie/bcdata.sgs.433/dados?formato=json,Composição de três taxas mensais: (produto(1+i)-1)*100.,inflacao,ready
inflacao_trimestral,2013-09-30,0.6210172520000112,%,quarterly,BCB/SGS 433,https://api.bcb.gov.br/dados/serie/bcdata.sgs.433/dados?formato=json,Composição de três taxas mensais: (produto(1+i)-1)*100.,inflacao,ready
inflacao_trimestral,2013-12-31,2.043318317600007,%,quarterly,BCB/SGS 433,https://api.bcb.gov.br/dados/serie/bcdata.sgs.433/dados?formato=json,Composição de três taxas mensais: (produto(1+i)-1)*100.,inflacao,ready
inflacao_trimestral,2014-03-31,2.1752379140000055,%,quarterly,BCB/SGS 433,https://api.bcb.gov.br/dados/serie/bcdata.sgs.433/dados?formato=json,Composição de três taxas mensais: (produto(1+i)-1)*100.,inflacao,ready
inflacao_trimestral,2014-06-30,1.537614327999992,%,quarterly,BCB/SGS 433,https://api.bcb.gov.br/dados/serie/bcdata.sgs.433/dados?formato=json,Composição de três taxas mensais: (produto(1+i)-1)*100.,inflacao,ready
inflacao_trimestral,2014-09-30,0.8315071424999987,%,quarterly,BCB/SGS 433,https://api.bcb.gov.br/dados/serie/bcdata.sgs.433/dados?formato=json,Composição de três taxas mensais: (produto(1+i)-1)*100.,inflacao,ready
inflacao_trimestral,2014-12-31,1.7194127076000099,%,quarterly,BCB/SGS 433,https://api.bcb.gov.br/dados/serie/bcdata.sgs.433/dados?formato=json,Composição de três taxas mensais: (produto(1+i)-1)*100.,inflacao,ready
inflacao_trimestral,2015-03-31,3.827799689600009,%,quarterly,BCB/SGS 433,https://api.bcb.gov.br/dados/serie/bcdata.sgs.433/dados?formato=json,Composição de três taxas mensais: (produto(1+i)-1)*100.,inflacao,ready
inflacao_trimestral,2015-06-30,2.2567505066000138,%,quarterly,BCB/SGS 433,https://api.bcb.gov.br/dados/serie/bcdata.sgs.433/dados?formato=json,Composição de três taxas mensais: (produto(1+i)-1)*100.,inflacao,ready
inflacao_trimestral,2015-09-30,1.3859073656000032,%,quarterly,BCB/SGS 433,https://api.bcb.gov.br/dados/serie/bcdata.sgs.433/dados?formato=json,Composição de três taxas mensais: (produto(1+i)-1)*100.,inflacao,ready
inflacao_trimestral,2015-12-31,2.815929507199999,%,quarterly,BCB/SGS 433,https://api.bcb.gov.br/dados/serie/bcdata.sgs.433/dados?formato=json,Composição de três taxas mensais: (produto(1+i)-1)*100.,inflacao,ready
inflacao_trimestral,2016-03-31,2.6208101489999747,%,quarterly,BCB/SGS 433,https://api.bcb.gov.br/dados/serie/bcdata.sgs.433/dados?formato=json,Composição de três taxas mensais: (produto(1+i)-1)*100.,inflacao,ready
inflacao_trimestral,2016-06-30,1.7496396530000125,%,quarterly,BCB/SGS 433,https://api.bcb.gov.br/dados/serie/bcdata.sgs.433/dados?formato=json,Composição de três taxas mensais: (produto(1+i)-1)*100.,inflacao,ready
inflacao_trimestral,2016-09-30,1.043057830399996,%,quarterly,BCB/SGS 433,https://api.bcb.gov.br/dados/serie/bcdata.sgs.433/dados?formato=json,Composição de três taxas mensais: (produto(1+i)-1)*100.,inflacao,ready
inflacao_trimestral,2016-12-31,0.7417894039999817,%,quarterly,BCB/SGS 433,https://api.bcb.gov.br/dados/serie/bcdata.sgs.433/dados?formato=json,Composição de três taxas mensais: (produto(1+i)-1)*100.,inflacao,ready
inflacao_trimestral,2017-03-31,0.9630321349999971,%,quarterly,BCB/SGS 433,https://api.bcb.gov.br/dados/serie/bcdata.sgs.433/dados?formato=json,Composição de três taxas mensais: (produto(1+i)-1)*100.,inflacao,ready
inflacao_trimestral,2017-06-30,0.21939800180001967,%,quarterly,BCB/SGS 433,https://api.bcb.gov.br/dados/serie/bcdata.sgs.433/dados?formato=json,Composição de três taxas mensais: (produto(1+i)-1)*100.,inflacao,ready
inflacao_trimestral,2017-09-30,0.5911447296000016,%,quarterly,BCB/SGS 433,https://api.bcb.gov.br/dados/serie/bcdata.sgs.433/dados?formato=json,Composição de três taxas mensais: (produto(1+i)-1)*100.,inflacao,ready
inflacao_trimestral,2017-12-31,1.1442611743999853,%,quarterly,BCB/SGS 433,https://api.bcb.gov.br/dados/serie/bcdata.sgs.433/dados?formato=json,Composição de três taxas mensais: (produto(1+i)-1)*100.,inflacao,ready
inflacao_trimestral,2018-03-31,0.7014778351999817,%,quarterly,BCB/SGS 433,https://api.bcb.gov.br/dados/serie/bcdata.sgs.433/dados?formato=json,Composição de três taxas mensais: (produto(1+i)-1)*100.,inflacao,ready
inflacao_trimestral,2018-06-30,1.8887030879999989,%,quarterly,BCB/SGS 433,https://api.bcb.gov.br/dados/serie/bcdata.sgs.433/dados?formato=json,Composição de três taxas mensais: (produto(1+i)-1)*100.,inflacao,ready
inflacao_trimestral,2018-09-30,0.7208535743999933,%,quarterly,BCB/SGS 433,https://api.bcb.gov.br/dados/serie/bcdata.sgs.433/dados?formato=json,Composição de três taxas mensais: (produto(1+i)-1)*100.,inflacao,ready
inflacao_trimestral,2018-12-31,0.3894135824999978,%,quarterly,BCB/SGS 433,https://api.bcb.gov.br/dados/serie/bcdata.sgs.433/dados?formato=json,Composição de três taxas mensais: (produto(1+i)-1)*100.,inflacao,ready
inflacao_trimestral,2019-03-31,1.507011320000018,%,quarterly,BCB/SGS 433,https://api.bcb.gov.br/dados/serie/bcdata.sgs.433/dados?formato=json,Composição de três taxas mensais: (produto(1+i)-1)*100.,inflacao,ready
inflacao_trimestral,2019-06-30,0.710811074100004,%,quarterly,BCB/SGS 433,https://api.bcb.gov.br/dados/serie/bcdata.sgs.433/dados?formato=json,Composição de três taxas mensais: (produto(1+i)-1)*100.,inflacao,ready
inflacao_trimestral,2019-09-30,0.2600889164000142,%,quarterly,BCB/SGS 433,https://api.bcb.gov.br/dados/serie/bcdata.sgs.433/dados?formato=json,Composição de três taxas mensais: (produto(1+i)-1)*100.,inflacao,ready
inflacao_trimestral,2019-12-31,1.767530865000011,%,quarterly,BCB/SGS 433,https://api.bcb.gov.br/dados/serie/bcdata.sgs.433/dados?formato=json,Composição de três taxas mensais: (produto(1+i)-1)*100.,inflacao,ready
inflacao_trimestral,2020-03-31,0.5308473674999981,%,quarterly,BCB/SGS 433,https://api.bcb.gov.br/dados/serie/bcdata.sgs.433/dados?formato=json,Composição de três taxas mensais: (produto(1+i)-1)*100.,inflacao,ready
inflacao_trimestral,2020-06-30,-0.4306129372000034,%,quarterly,BCB/SGS 433,https://api.bcb.gov.br/dados/serie/bcdata.sgs.433/dados?formato=json,Composição de três taxas mensais: (produto(1+i)-1)*100.,inflacao,ready
inflacao_trimestral,2020-09-30,1.2447095295999855,%,quarterly,BCB/SGS 433,https://api.bcb.gov.br/dados/serie/bcdata.sgs.433/dados?formato=json,Composição de três taxas mensais: (produto(1+i)-1)*100.,inflacao,ready
inflacao_trimestral,2020-12-31,3.1313823289999876,%,quarterly,BCB/SGS 433,https://api.bcb.gov.br/dados/serie/bcdata.sgs.433/dados?formato=json,Composição de três taxas mensais: (produto(1+i)-1)*100.,inflacao,ready
inflacao_trimestral,2021-03-31,2.052492994999988,%,quarterly,BCB/SGS 433,https://api.bcb.gov.br/dados/serie/bcdata.sgs.433/dados?formato=json,Composição de três taxas mensais: (produto(1+i)-1)*100.,inflacao,ready
inflacao_trimestral,2021-06-30,1.6786286369000036,%,quarterly,BCB/SGS 433,https://api.bcb.gov.br/dados/serie/bcdata.sgs.433/dados?formato=json,Composição de três taxas mensais: (produto(1+i)-1)*100.,inflacao,ready
inflacao_trimestral,2021-09-30,3.0196768831999954,%,quarterly,BCB/SGS 433,https://api.bcb.gov.br/dados/serie/bcdata.sgs.433/dados?formato=json,Composição de três taxas mensais: (produto(1+i)-1)*100.,inflacao,ready
inflacao_trimestral,2021-12-31,2.958021687500012,%,quarterly,BCB/SGS 433,https://api.bcb.gov.br/dados/serie/bcdata.sgs.433/dados?formato=json,Composição de três taxas mensais: (produto(1+i)-1)*100.,inflacao,ready
inflacao_trimestral,2022-03-31,3.2006523548000043,%,quarterly,BCB/SGS 433,https://api.bcb.gov.br/dados/serie/bcdata.sgs.433/dados?formato=json,Composição de três taxas mensais: (produto(1+i)-1)*100.,inflacao,ready
inflacao_trimestral,2022-06-30,2.215266379399994,%,quarterly,BCB/SGS 433,https://api.bcb.gov.br/dados/serie/bcdata.sgs.433/dados?formato=json,Composição de três taxas mensais: (produto(1+i)-1)*100.,inflacao,ready
inflacao_trimestral,2022-09-30,-1.3245430992000151,%,quarterly,BCB/SGS 433,https://api.bcb.gov.br/dados/serie/bcdata.sgs.433/dados?formato=json,Composição de três taxas mensais: (produto(1+i)-1)*100.,inflacao,ready
inflacao_trimestral,2022-12-31,1.6286339977999997,%,quarterly,BCB/SGS 433,https://api.bcb.gov.br/dados/serie/bcdata.sgs.433/dados?formato=json,Composição de três taxas mensais: (produto(1+i)-1)*100.,inflacao,ready
inflacao_trimestral,2023-03-31,2.094210609200031,%,quarterly,BCB/SGS 433,https://api.bcb.gov.br/dados/serie/bcdata.sgs.433/dados?formato=json,Composição de três taxas mensais: (produto(1+i)-1)*100.,inflacao,ready
inflacao_trimestral,2023-06-30,0.760729877599986,%,quarterly,BCB/SGS 433,https://api.bcb.gov.br/dados/serie/bcdata.sgs.433/dados?formato=json,Composição de três taxas mensais: (produto(1+i)-1)*100.,inflacao,ready
inflacao_trimestral,2023-09-30,0.6111867176000096,%,quarterly,BCB/SGS 433,https://api.bcb.gov.br/dados/serie/bcdata.sgs.433/dados?formato=json,Composição de três taxas mensais: (produto(1+i)-1)*100.,inflacao,ready
inflacao_trimestral,2023-12-31,1.083587763199989,%,quarterly,BCB/SGS 433,https://api.bcb.gov.br/dados/serie/bcdata.sgs.433/dados?formato=json,Composição de três taxas mensais: (produto(1+i)-1)*100.,inflacao,ready
inflacao_trimestral,2024-03-31,1.4154915775999921,%,quarterly,BCB/SGS 433,https://api.bcb.gov.br/dados/serie/bcdata.sgs.433/dados?formato=json,Composição de três taxas mensais: (produto(1+i)-1)*100.,inflacao,ready
inflacao_trimestral,2024-06-30,1.053515670799987,%,quarterly,BCB/SGS 433,https://api.bcb.gov.br/dados/serie/bcdata.sgs.433/dados?formato=json,Composição de três taxas mensais: (produto(1+i)-1)*100.,inflacao,ready
inflacao_trimestral,2024-09-30,0.8015076655999875,%,quarterly,BCB/SGS 433,https://api.bcb.gov.br/dados/serie/bcdata.sgs.433/dados?formato=json,Composição de três taxas mensais: (produto(1+i)-1)*100.,inflacao,ready
inflacao_trimestral,2024-12-31,1.47713535680003,%,quarterly,BCB/SGS 433,https://api.bcb.gov.br/dados/serie/bcdata.sgs.433/dados?formato=json,Composição de três taxas mensais: (produto(1+i)-1)*100.,inflacao,ready
inflacao_trimestral,2025-03-31,2.0403397376000276,%,quarterly,BCB/SGS 433,https://api.bcb.gov.br/dados/serie/bcdata.sgs.433/dados?formato=json,Composição de três taxas mensais: (produto(1+i)-1)*100.,inflacao,ready
inflacao_trimestral,2025-06-30,0.9327766831999762,%,quarterly,BCB/SGS 433,https://api.bcb.gov.br/dados/serie/bcdata.sgs.433/dados?formato=json,Composição de três taxas mensais: (produto(1+i)-1)*100.,inflacao,ready
inflacao_trimestral,2025-09-30,0.6304326271999727,%,quarterly,BCB/SGS 433,https://api.bcb.gov.br/dados/serie/bcdata.sgs.433/dados?formato=json,Composição de três taxas mensais: (produto(1+i)-1)*100.,inflacao,ready
inflacao_trimestral,2025-12-31,0.6010535345999823,%,quarterly,BCB/SGS 433,https://api.bcb.gov.br/dados/serie/bcdata.sgs.433/dados?formato=json,Composição de três taxas mensais: (produto(1+i)-1)*100.,inflacao,ready
inflacao_trimestral,2026-03-31,1.9213943279999812,%,quarterly,BCB/SGS 433,https://api.bcb.gov.br/dados/serie/bcdata.sgs.433/dados?formato=json,Composição de três taxas mensais: (produto(1+i)-1)*100.,inflacao,ready
inflacao_trimestral,2026-06-30,1.4158922176000122,%,quarterly,BCB/SGS 433,https://api.bcb.gov.br/dados/serie/bcdata.sgs.433/dados?formato=json,Composição de três taxas mensais: (produto(1+i)-1)*100.,inflacao,ready
ipca_mensal,1980-01-01,6.62,%,monthly,BCB/SGS 433,https://api.bcb.gov.br/dados/serie/bcdata.sgs.433/dados?formato=json,Variação mensal publicada.,inflacao,ready
ipca_mensal,1980-02-01,4.62,%,monthly,BCB/SGS 433,https://api.bcb.gov.br/dados/serie/bcdata.sgs.433/dados?formato=json,Variação mensal publicada.,inflacao,ready
ipca_mensal,1980-03-01,6.04,%,monthly,BCB/SGS 433,https://api.bcb.gov.br/dados/serie/bcdata.sgs.433/dados?formato=json,Variação mensal publicada.,inflacao,ready
ipca_mensal,1980-04-01,5.29,%,monthly,BCB/SGS 433,https://api.bcb.gov.br/dados/serie/bcdata.sgs.433/dados?formato=json,Variação mensal publicada.,inflacao,ready
ipca_mensal,1980-05-01,5.7,%,monthly,BCB/SGS 433,https://api.bcb.gov.br/dados/serie/bcdata.sgs.433/dados?formato=json,Variação mensal publicada.,inflacao,ready
ipca_mensal,1980-06-01,5.31,%,monthly,BCB/SGS 433,https://api.bcb.gov.br/dados/serie/bcdata.sgs.433/dados?formato=json,Variação mensal publicada.,inflacao,ready
ipca_mensal,1980-07-01,5.55,%,monthly,BCB/SGS 433,https://api.bcb.gov.br/dados/serie/bcdata.sgs.433/dados?formato=json,Variação mensal publicada.,inflacao,ready
ipca_mensal,1980-08-01,4.95,%,monthly,BCB/SGS 433,https://api.bcb.gov.br/dados/serie/bcdata.sgs.433/dados?formato=json,Variação mensal publicada.,inflacao,ready
ipca_mensal,1980-09-01,4.23,%,monthly,BCB/SGS 433,https://api.bcb.gov.br/dados/serie/bcdata.sgs.433/dados?formato=json,Variação mensal publicada.,inflacao,ready
ipca_mensal,1980-10-01,9.48,%,monthly,BCB/SGS 433,https://api.bcb.gov.br/dados/serie/bcdata.sgs.433/dados?formato=json,Variação mensal publicada.,inflacao,ready
ipca_mensal,1980-11-01,6.67,%,monthly,BCB/SGS 433,https://api.bcb.gov.br/dados/serie/bcdata.sgs.433/dados?formato=json,Variação mensal publicada.,inflacao,ready
ipca_mensal,1980-12-01,6.61,%,monthly,BCB/SGS 433,https://api.bcb.gov.br/dados/serie/bcdata.sgs.433/dados?formato=json,Variação mensal publicada.,inflacao,ready
ipca_mensal,1981-01-01,6.84,%,monthly,BCB/SGS 433,https://api.bcb.gov.br/dados/serie/bcdata.sgs.433/dados?formato=json,Variação mensal publicada.,inflacao,ready
ipca_mensal,1981-02-01,6.4,%,monthly,BCB/SGS 433,https://api.bcb.gov.br/dados/serie/bcdata.sgs.433/dados?formato=json,Variação mensal publicada.,inflacao,ready
ipca_mensal,1981-03-01,4.97,%,monthly,BCB/SGS 433,https://api.bcb.gov.br/dados/serie/bcdata.sgs.433/dados?formato=json,Variação mensal publicada.,inflacao,ready
ipca_mensal,1981-04-01,6.46,%,monthly,BCB/SGS 433,https://api.bcb.gov.br/dados/serie/bcdata.sgs.433/dados?formato=json,Variação mensal publicada.,inflacao,ready
ipca_mensal,1981-05-01,5.56,%,monthly,BCB/SGS 433,https://api.bcb.gov.br/dados/serie/bcdata.sgs.433/dados?formato=json,Variação mensal publicada.,inflacao,ready
ipca_mensal,1981-06-01,5.52,%,monthly,BCB/SGS 433,https://api.bcb.gov.br/dados/serie/bcdata.sgs.433/dados?formato=json,Variação mensal publicada.,inflacao,ready
ipca_mensal,1981-07-01,6.26,%,monthly,BCB/SGS 433,https://api.bcb.gov.br/dados/serie/bcdata.sgs.433/dados?formato=json,Variação mensal publicada.,inflacao,ready
ipca_mensal,1981-08-01,5.5,%,monthly,BCB/SGS 433,https://api.bcb.gov.br/dados/serie/bcdata.sgs.433/dados?formato=json,Variação mensal publicada.,inflacao,ready
ipca_mensal,1981-09-01,5.26,%,monthly,BCB/SGS 433,https://api.bcb.gov.br/dados/serie/bcdata.sgs.433/dados?formato=json,Variação mensal publicada.,inflacao,ready
ipca_mensal,1981-10-01,5.08,%,monthly,BCB/SGS 433,https://api.bcb.gov.br/dados/serie/bcdata.sgs.433/dados?formato=json,Variação mensal publicada.,inflacao,ready
ipca_mensal,1981-11-01,5.27,%,monthly,BCB/SGS 433,https://api.bcb.gov.br/dados/serie/bcdata.sgs.433/dados?formato=json,Variação mensal publicada.,inflacao,ready
ipca_mensal,1981-12-01,5.93,%,monthly,BCB/SGS 433,https://api.bcb.gov.br/dados/serie/bcdata.sgs.433/dados?formato=json,Variação mensal publicada.,inflacao,ready
ipca_mensal,1982-01-01,6.97,%,monthly,BCB/SGS 433,https://api.bcb.gov.br/dados/serie/bcdata.sgs.433/dados?formato=json,Variação mensal publicada.,inflacao,ready
ipca_mensal,1982-02-01,6.64,%,monthly,BCB/SGS 433,https://api.bcb.gov.br/dados/serie/bcdata.sgs.433/dados?formato=json,Variação mensal publicada.,inflacao,ready
ipca_mensal,1982-03-01,5.71,%,monthly,BCB/SGS 433,https://api.bcb.gov.br/dados/serie/bcdata.sgs.433/dados?formato=json,Variação mensal publicada.,inflacao,ready
ipca_mensal,1982-04-01,5.89,%,monthly,BCB/SGS 433,https://api.bcb.gov.br/dados/serie/bcdata.sgs.433/dados?formato=json,Variação mensal publicada.,inflacao,ready
ipca_mensal,1982-05-01,6.66,%,monthly,BCB/SGS 433,https://api.bcb.gov.br/dados/serie/bcdata.sgs.433/dados?formato=json,Variação mensal publicada.,inflacao,ready
ipca_mensal,1982-06-01,7.1,%,monthly,BCB/SGS 433,https://api.bcb.gov.br/dados/serie/bcdata.sgs.433/dados?formato=json,Variação mensal publicada.,inflacao,ready
ipca_mensal,1982-07-01,6.36,%,monthly,BCB/SGS 433,https://api.bcb.gov.br/dados/serie/bcdata.sgs.433/dados?formato=json,Variação mensal publicada.,inflacao,ready
ipca_mensal,1982-08-01,5.97,%,monthly,BCB/SGS 433,https://api.bcb.gov.br/dados/serie/bcdata.sgs.433/dados?formato=json,Variação mensal publicada.,inflacao,ready
ipca_mensal,1982-09-01,5.08,%,monthly,BCB/SGS 433,https://api.bcb.gov.br/dados/serie/bcdata.sgs.433/dados?formato=json,Variação mensal publicada.,inflacao,ready
ipca_mensal,1982-10-01,4.44,%,monthly,BCB/SGS 433,https://api.bcb.gov.br/dados/serie/bcdata.sgs.433/dados?formato=json,Variação mensal publicada.,inflacao,ready
ipca_mensal,1982-11-01,5.29,%,monthly,BCB/SGS 433,https://api.bcb.gov.br/dados/serie/bcdata.sgs.433/dados?formato=json,Variação mensal publicada.,inflacao,ready
ipca_mensal,1982-12-01,7.81,%,monthly,BCB/SGS 433,https://api.bcb.gov.br/dados/serie/bcdata.sgs.433/dados?formato=json,Variação mensal publicada.,inflacao,ready
ipca_mensal,1983-01-01,8.64,%,monthly,BCB/SGS 433,https://api.bcb.gov.br/dados/serie/bcdata.sgs.433/dados?formato=json,Variação mensal publicada.,inflacao,ready
ipca_mensal,1983-02-01,7.86,%,monthly,BCB/SGS 433,https://api.bcb.gov.br/dados/serie/bcdata.sgs.433/dados?formato=json,Variação mensal publicada.,inflacao,ready
ipca_mensal,1983-03-01,7.34,%,monthly,BCB/SGS 433,https://api.bcb.gov.br/dados/serie/bcdata.sgs.433/dados?formato=json,Variação mensal publicada.,inflacao,ready
ipca_mensal,1983-04-01,6.58,%,monthly,BCB/SGS 433,https://api.bcb.gov.br/dados/serie/bcdata.sgs.433/dados?formato=json,Variação mensal publicada.,inflacao,ready
ipca_mensal,1983-05-01,6.48,%,monthly,BCB/SGS 433,https://api.bcb.gov.br/dados/serie/bcdata.sgs.433/dados?formato=json,Variação mensal publicada.,inflacao,ready
ipca_mensal,1983-06-01,9.88,%,monthly,BCB/SGS 433,https://api.bcb.gov.br/dados/serie/bcdata.sgs.433/dados?formato=json,Variação mensal publicada.,inflacao,ready
ipca_mensal,1983-07-01,10.08,%,monthly,BCB/SGS 433,https://api.bcb.gov.br/dados/serie/bcdata.sgs.433/dados?formato=json,Variação mensal publicada.,inflacao,ready
ipca_mensal,1983-08-01,9.11,%,monthly,BCB/SGS 433,https://api.bcb.gov.br/dados/serie/bcdata.sgs.433/dados?formato=json,Variação mensal publicada.,inflacao,ready
ipca_mensal,1983-09-01,10.3,%,monthly,BCB/SGS 433,https://api.bcb.gov.br/dados/serie/bcdata.sgs.433/dados?formato=json,Variação mensal publicada.,inflacao,ready
ipca_mensal,1983-10-01,8.87,%,monthly,BCB/SGS 433,https://api.bcb.gov.br/dados/serie/bcdata.sgs.433/dados?formato=json,Variação mensal publicada.,inflacao,ready
ipca_mensal,1983-11-01,7.38,%,monthly,BCB/SGS 433,https://api.bcb.gov.br/dados/serie/bcdata.sgs.433/dados?formato=json,Variação mensal publicada.,inflacao,ready
ipca_mensal,1983-12-01,8.68,%,monthly,BCB/SGS 433,https://api.bcb.gov.br/dados/serie/bcdata.sgs.433/dados?formato=json,Variação mensal publicada.,inflacao,ready
ipca_mensal,1984-01-01,9.67,%,monthly,BCB/SGS 433,https://api.bcb.gov.br/dados/serie/bcdata.sgs.433/dados?formato=json,Variação mensal publicada.,inflacao,ready
ipca_mensal,1984-02-01,9.5,%,monthly,BCB/SGS 433,https://api.bcb.gov.br/dados/serie/bcdata.sgs.433/dados?formato=json,Variação mensal publicada.,inflacao,ready
ipca_mensal,1984-03-01,8.94,%,monthly,BCB/SGS 433,https://api.bcb.gov.br/dados/serie/bcdata.sgs.433/dados?formato=json,Variação mensal publicada.,inflacao,ready
ipca_mensal,1984-04-01,9.54,%,monthly,BCB/SGS 433,https://api.bcb.gov.br/dados/serie/bcdata.sgs.433/dados?formato=json,Variação mensal publicada.,inflacao,ready
ipca_mensal,1984-05-01,9.05,%,monthly,BCB/SGS 433,https://api.bcb.gov.br/dados/serie/bcdata.sgs.433/dados?formato=json,Variação mensal publicada.,inflacao,ready
ipca_mensal,1984-06-01,10.08,%,monthly,BCB/SGS 433,https://api.bcb.gov.br/dados/serie/bcdata.sgs.433/dados?formato=json,Variação mensal publicada.,inflacao,ready
ipca_mensal,1984-07-01,9.72,%,monthly,BCB/SGS 433,https://api.bcb.gov.br/dados/serie/bcdata.sgs.433/dados?formato=json,Variação mensal publicada.,inflacao,ready
ipca_mensal,1984-08-01,9.35,%,monthly,BCB/SGS 433,https://api.bcb.gov.br/dados/serie/bcdata.sgs.433/dados?formato=json,Variação mensal publicada.,inflacao,ready
ipca_mensal,1984-09-01,11.75,%,monthly,BCB/SGS 433,https://api.bcb.gov.br/dados/serie/bcdata.sgs.433/dados?formato=json,Variação mensal publicada.,inflacao,ready
ipca_mensal,1984-10-01,10.44,%,monthly,BCB/SGS 433,https://api.bcb.gov.br/dados/serie/bcdata.sgs.433/dados?formato=json,Variação mensal publicada.,inflacao,ready
ipca_mensal,1984-11-01,10.53,%,monthly,BCB/SGS 433,https://api.bcb.gov.br/dados/serie/bcdata.sgs.433/dados?formato=json,Variação mensal publicada.,inflacao,ready
ipca_mensal,1984-12-01,11.98,%,monthly,BCB/SGS 433,https://api.bcb.gov.br/dados/serie/bcdata.sgs.433/dados?formato=json,Variação mensal publicada.,inflacao,ready
ipca_mensal,1985-01-01,11.76,%,monthly,BCB/SGS 433,https://api.bcb.gov.br/dados/serie/bcdata.sgs.433/dados?formato=json,Variação mensal publicada.,inflacao,ready
ipca_mensal,1985-02-01,10.87,%,monthly,BCB/SGS 433,https://api.bcb.gov.br/dados/serie/bcdata.sgs.433/dados?formato=json,Variação mensal publicada.,inflacao,ready
ipca_mensal,1985-03-01,10.16,%,monthly,BCB/SGS 433,https://api.bcb.gov.br/dados/serie/bcdata.sgs.433/dados?formato=json,Variação mensal publicada.,inflacao,ready
ipca_mensal,1985-04-01,8.2,%,monthly,BCB/SGS 433,https://api.bcb.gov.br/dados/serie/bcdata.sgs.433/dados?formato=json,Variação mensal publicada.,inflacao,ready
ipca_mensal,1985-05-01,7.2,%,monthly,BCB/SGS 433,https://api.bcb.gov.br/dados/serie/bcdata.sgs.433/dados?formato=json,Variação mensal publicada.,inflacao,ready
ipca_mensal,1985-06-01,8.49,%,monthly,BCB/SGS 433,https://api.bcb.gov.br/dados/serie/bcdata.sgs.433/dados?formato=json,Variação mensal publicada.,inflacao,ready
ipca_mensal,1985-07-01,10.31,%,monthly,BCB/SGS 433,https://api.bcb.gov.br/dados/serie/bcdata.sgs.433/dados?formato=json,Variação mensal publicada.,inflacao,ready
ipca_mensal,1985-08-01,12.05,%,monthly,BCB/SGS 433,https://api.bcb.gov.br/dados/serie/bcdata.sgs.433/dados?formato=json,Variação mensal publicada.,inflacao,ready
ipca_mensal,1985-09-01,11.12,%,monthly,BCB/SGS 433,https://api.bcb.gov.br/dados/serie/bcdata.sgs.433/dados?formato=json,Variação mensal publicada.,inflacao,ready
ipca_mensal,1985-10-01,10.62,%,monthly,BCB/SGS 433,https://api.bcb.gov.br/dados/serie/bcdata.sgs.433/dados?formato=json,Variação mensal publicada.,inflacao,ready
ipca_mensal,1985-11-01,13.97,%,monthly,BCB/SGS 433,https://api.bcb.gov.br/dados/serie/bcdata.sgs.433/dados?formato=json,Variação mensal publicada.,inflacao,ready
ipca_mensal,1985-12-01,15.07,%,monthly,BCB/SGS 433,https://api.bcb.gov.br/dados/serie/bcdata.sgs.433/dados?formato=json,Variação mensal publicada.,inflacao,ready
ipca_mensal,1986-01-01,14.37,%,monthly,BCB/SGS 433,https://api.bcb.gov.br/dados/serie/bcdata.sgs.433/dados?formato=json,Variação mensal publicada.,inflacao,ready
ipca_mensal,1986-02-01,12.72,%,monthly,BCB/SGS 433,https://api.bcb.gov.br/dados/serie/bcdata.sgs.433/dados?formato=json,Variação mensal publicada.,inflacao,ready
ipca_mensal,1986-03-01,4.77,%,monthly,BCB/SGS 433,https://api.bcb.gov.br/dados/serie/bcdata.sgs.433/dados?formato=json,Variação mensal publicada.,inflacao,ready
ipca_mensal,1986-04-01,0.78,%,monthly,BCB/SGS 433,https://api.bcb.gov.br/dados/serie/bcdata.sgs.433/dados?formato=json,Variação mensal publicada.,inflacao,ready
ipca_mensal,1986-05-01,1.4,%,monthly,BCB/SGS 433,https://api.bcb.gov.br/dados/serie/bcdata.sgs.433/dados?formato=json,Variação mensal publicada.,inflacao,ready
ipca_mensal,1986-06-01,1.27,%,monthly,BCB/SGS 433,https://api.bcb.gov.br/dados/serie/bcdata.sgs.433/dados?formato=json,Variação mensal publicada.,inflacao,ready
ipca_mensal,1986-07-01,1.71,%,monthly,BCB/SGS 433,https://api.bcb.gov.br/dados/serie/bcdata.sgs.433/dados?formato=json,Variação mensal publicada.,inflacao,ready
ipca_mensal,1986-08-01,3.55,%,monthly,BCB/SGS 433,https://api.bcb.gov.br/dados/serie/bcdata.sgs.433/dados?formato=json,Variação mensal publicada.,inflacao,ready
ipca_mensal,1986-09-01,1.72,%,monthly,BCB/SGS 433,https://api.bcb.gov.br/dados/serie/bcdata.sgs.433/dados?formato=json,Variação mensal publicada.,inflacao,ready
ipca_mensal,1986-10-01,1.9,%,monthly,BCB/SGS 433,https://api.bcb.gov.br/dados/serie/bcdata.sgs.433/dados?formato=json,Variação mensal publicada.,inflacao,ready
ipca_mensal,1986-11-01,5.45,%,monthly,BCB/SGS 433,https://api.bcb.gov.br/dados/serie/bcdata.sgs.433/dados?formato=json,Variação mensal publicada.,inflacao,ready
ipca_mensal,1986-12-01,11.65,%,monthly,BCB/SGS 433,https://api.bcb.gov.br/dados/serie/bcdata.sgs.433/dados?formato=json,Variação mensal publicada.,inflacao,ready
ipca_mensal,1987-01-01,13.21,%,monthly,BCB/SGS 433,https://api.bcb.gov.br/dados/serie/bcdata.sgs.433/dados?formato=json,Variação mensal publicada.,inflacao,ready
ipca_mensal,1987-02-01,12.64,%,monthly,BCB/SGS 433,https://api.bcb.gov.br/dados/serie/bcdata.sgs.433/dados?formato=json,Variação mensal publicada.,inflacao,ready
ipca_mensal,1987-03-01,16.37,%,monthly,BCB/SGS 433,https://api.bcb.gov.br/dados/serie/bcdata.sgs.433/dados?formato=json,Variação mensal publicada.,inflacao,ready
ipca_mensal,1987-04-01,19.1,%,monthly,BCB/SGS 433,https://api.bcb.gov.br/dados/serie/bcdata.sgs.433/dados?formato=json,Variação mensal publicada.,inflacao,ready
ipca_mensal,1987-05-01,21.45,%,monthly,BCB/SGS 433,https://api.bcb.gov.br/dados/serie/bcdata.sgs.433/dados?formato=json,Variação mensal publicada.,inflacao,ready
ipca_mensal,1987-06-01,19.71,%,monthly,BCB/SGS 433,https://api.bcb.gov.br/dados/serie/bcdata.sgs.433/dados?formato=json,Variação mensal publicada.,inflacao,ready
ipca_mensal,1987-07-01,9.21,%,monthly,BCB/SGS 433,https://api.bcb.gov.br/dados/serie/bcdata.sgs.433/dados?formato=json,Variação mensal publicada.,inflacao,ready
ipca_mensal,1987-08-01,4.87,%,monthly,BCB/SGS 433,https://api.bcb.gov.br/dados/serie/bcdata.sgs.433/dados?formato=json,Variação mensal publicada.,inflacao,ready
ipca_mensal,1987-09-01,7.78,%,monthly,BCB/SGS 433,https://api.bcb.gov.br/dados/serie/bcdata.sgs.433/dados?formato=json,Variação mensal publicada.,inflacao,ready
ipca_mensal,1987-10-01,11.22,%,monthly,BCB/SGS 433,https://api.bcb.gov.br/dados/serie/bcdata.sgs.433/dados?formato=json,Variação mensal publicada.,inflacao,ready
ipca_mensal,1987-11-01,15.08,%,monthly,BCB/SGS 433,https://api.bcb.gov.br/dados/serie/bcdata.sgs.433/dados?formato=json,Variação mensal publicada.,inflacao,ready
ipca_mensal,1987-12-01,14.15,%,monthly,BCB/SGS 433,https://api.bcb.gov.br/dados/serie/bcdata.sgs.433/dados?formato=json,Variação mensal publicada.,inflacao,ready
ipca_mensal,1988-01-01,18.89,%,monthly,BCB/SGS 433,https://api.bcb.gov.br/dados/serie/bcdata.sgs.433/dados?formato=json,Variação mensal publicada.,inflacao,ready
ipca_mensal,1988-02-01,15.7,%,monthly,BCB/SGS 433,https://api.bcb.gov.br/dados/serie/bcdata.sgs.433/dados?formato=json,Variação mensal publicada.,inflacao,ready
ipca_mensal,1988-03-01,17.6,%,monthly,BCB/SGS 433,https://api.bcb.gov.br/dados/serie/bcdata.sgs.433/dados?formato=json,Variação mensal publicada.,inflacao,ready
ipca_mensal,1988-04-01,19.29,%,monthly,BCB/SGS 433,https://api.bcb.gov.br/dados/serie/bcdata.sgs.433/dados?formato=json,Variação mensal publicada.,inflacao,ready
ipca_mensal,1988-05-01,17.42,%,monthly,BCB/SGS 433,https://api.bcb.gov.br/dados/serie/bcdata.sgs.433/dados?formato=json,Variação mensal publicada.,inflacao,ready
ipca_mensal,1988-06-01,22.0,%,monthly,BCB/SGS 433,https://api.bcb.gov.br/dados/serie/bcdata.sgs.433/dados?formato=json,Variação mensal publicada.,inflacao,ready
ipca_mensal,1988-07-01,21.91,%,monthly,BCB/SGS 433,https://api.bcb.gov.br/dados/serie/bcdata.sgs.433/dados?formato=json,Variação mensal publicada.,inflacao,ready
ipca_mensal,1988-08-01,21.59,%,monthly,BCB/SGS 433,https://api.bcb.gov.br/dados/serie/bcdata.sgs.433/dados?formato=json,Variação mensal publicada.,inflacao,ready
ipca_mensal,1988-09-01,27.45,%,monthly,BCB/SGS 433,https://api.bcb.gov.br/dados/serie/bcdata.sgs.433/dados?formato=json,Variação mensal publicada.,inflacao,ready
ipca_mensal,1988-10-01,25.62,%,monthly,BCB/SGS 433,https://api.bcb.gov.br/dados/serie/bcdata.sgs.433/dados?formato=json,Variação mensal publicada.,inflacao,ready
ipca_mensal,1988-11-01,27.94,%,monthly,BCB/SGS 433,https://api.bcb.gov.br/dados/serie/bcdata.sgs.433/dados?formato=json,Variação mensal publicada.,inflacao,ready
ipca_mensal,1988-12-01,28.7,%,monthly,BCB/SGS 433,https://api.bcb.gov.br/dados/serie/bcdata.sgs.433/dados?formato=json,Variação mensal publicada.,inflacao,ready
ipca_mensal,1989-01-01,37.49,%,monthly,BCB/SGS 433,https://api.bcb.gov.br/dados/serie/bcdata.sgs.433/dados?formato=json,Variação mensal publicada.,inflacao,ready
ipca_mensal,1989-02-01,16.78,%,monthly,BCB/SGS 433,https://api.bcb.gov.br/dados/serie/bcdata.sgs.433/dados?formato=json,Variação mensal publicada.,inflacao,ready
ipca_mensal,1989-03-01,6.82,%,monthly,BCB/SGS 433,https://api.bcb.gov.br/dados/serie/bcdata.sgs.433/dados?formato=json,Variação mensal publicada.,inflacao,ready
ipca_mensal,1989-04-01,8.33,%,monthly,BCB/SGS 433,https://api.bcb.gov.br/dados/serie/bcdata.sgs.433/dados?formato=json,Variação mensal publicada.,inflacao,ready
ipca_mensal,1989-05-01,17.92,%,monthly,BCB/SGS 433,https://api.bcb.gov.br/dados/serie/bcdata.sgs.433/dados?formato=json,Variação mensal publicada.,inflacao,ready
ipca_mensal,1989-06-01,28.65,%,monthly,BCB/SGS 433,https://api.bcb.gov.br/dados/serie/bcdata.sgs.433/dados?formato=json,Variação mensal publicada.,inflacao,ready
ipca_mensal,1989-07-01,27.74,%,monthly,BCB/SGS 433,https://api.bcb.gov.br/dados/serie/bcdata.sgs.433/dados?formato=json,Variação mensal publicada.,inflacao,ready
ipca_mensal,1989-08-01,33.71,%,monthly,BCB/SGS 433,https://api.bcb.gov.br/dados/serie/bcdata.sgs.433/dados?formato=json,Variação mensal publicada.,inflacao,ready
ipca_mensal,1989-09-01,37.56,%,monthly,BCB/SGS 433,https://api.bcb.gov.br/dados/serie/bcdata.sgs.433/dados?formato=json,Variação mensal publicada.,inflacao,ready
ipca_mensal,1989-10-01,39.77,%,monthly,BCB/SGS 433,https://api.bcb.gov.br/dados/serie/bcdata.sgs.433/dados?formato=json,Variação mensal publicada.,inflacao,ready
ipca_mensal,1989-11-01,47.82,%,monthly,BCB/SGS 433,https://api.bcb.gov.br/dados/serie/bcdata.sgs.433/dados?formato=json,Variação mensal publicada.,inflacao,ready
ipca_mensal,1989-12-01,51.5,%,monthly,BCB/SGS 433,https://api.bcb.gov.br/dados/serie/bcdata.sgs.433/dados?formato=json,Variação mensal publicada.,inflacao,ready
ipca_mensal,1990-01-01,67.55,%,monthly,BCB/SGS 433,https://api.bcb.gov.br/dados/serie/bcdata.sgs.433/dados?formato=json,Variação mensal publicada.,inflacao,ready
ipca_mensal,1990-02-01,75.73,%,monthly,BCB/SGS 433,https://api.bcb.gov.br/dados/serie/bcdata.sgs.433/dados?formato=json,Variação mensal publicada.,inflacao,ready
ipca_mensal,1990-03-01,82.39,%,monthly,BCB/SGS 433,https://api.bcb.gov.br/dados/serie/bcdata.sgs.433/dados?formato=json,Variação mensal publicada.,inflacao,ready
ipca_mensal,1990-04-01,15.52,%,monthly,BCB/SGS 433,https://api.bcb.gov.br/dados/serie/bcdata.sgs.433/dados?formato=json,Variação mensal publicada.,inflacao,ready
ipca_mensal,1990-05-01,7.59,%,monthly,BCB/SGS 433,https://api.bcb.gov.br/dados/serie/bcdata.sgs.433/dados?formato=json,Variação mensal publicada.,inflacao,ready
ipca_mensal,1990-06-01,11.75,%,monthly,BCB/SGS 433,https://api.bcb.gov.br/dados/serie/bcdata.sgs.433/dados?formato=json,Variação mensal publicada.,inflacao,ready
ipca_mensal,1990-07-01,12.92,%,monthly,BCB/SGS 433,https://api.bcb.gov.br/dados/serie/bcdata.sgs.433/dados?formato=json,Variação mensal publicada.,inflacao,ready
ipca_mensal,1990-08-01,12.88,%,monthly,BCB/SGS 433,https://api.bcb.gov.br/dados/serie/bcdata.sgs.433/dados?formato=json,Variação mensal publicada.,inflacao,ready
ipca_mensal,1990-09-01,14.41,%,monthly,BCB/SGS 433,https://api.bcb.gov.br/dados/serie/bcdata.sgs.433/dados?formato=json,Variação mensal publicada.,inflacao,ready
ipca_mensal,1990-10-01,14.36,%,monthly,BCB/SGS 433,https://api.bcb.gov.br/dados/serie/bcdata.sgs.433/dados?formato=json,Variação mensal publicada.,inflacao,ready
ipca_mensal,1990-11-01,16.81,%,monthly,BCB/SGS 433,https://api.bcb.gov.br/dados/serie/bcdata.sgs.433/dados?formato=json,Variação mensal publicada.,inflacao,ready
ipca_mensal,1990-12-01,18.44,%,monthly,BCB/SGS 433,https://api.bcb.gov.br/dados/serie/bcdata.sgs.433/dados?formato=json,Variação mensal publicada.,inflacao,ready
ipca_mensal,1991-01-01,20.75,%,monthly,BCB/SGS 433,https://api.bcb.gov.br/dados/serie/bcdata.sgs.433/dados?formato=json,Variação mensal publicada.,inflacao,ready
ipca_mensal,1991-02-01,20.72,%,monthly,BCB/SGS 433,https://api.bcb.gov.br/dados/serie/bcdata.sgs.433/dados?formato=json,Variação mensal publicada.,inflacao,ready
ipca_mensal,1991-03-01,11.92,%,monthly,BCB/SGS 433,https://api.bcb.gov.br/dados/serie/bcdata.sgs.433/dados?formato=json,Variação mensal publicada.,inflacao,ready
ipca_mensal,1991-04-01,4.99,%,monthly,BCB/SGS 433,https://api.bcb.gov.br/dados/serie/bcdata.sgs.433/dados?formato=json,Variação mensal publicada.,inflacao,ready
ipca_mensal,1991-05-01,7.43,%,monthly,BCB/SGS 433,https://api.bcb.gov.br/dados/serie/bcdata.sgs.433/dados?formato=json,Variação mensal publicada.,inflacao,ready
ipca_mensal,1991-06-01,11.19,%,monthly,BCB/SGS 433,https://api.bcb.gov.br/dados/serie/bcdata.sgs.433/dados?formato=json,Variação mensal publicada.,inflacao,ready
ipca_mensal,1991-07-01,12.41,%,monthly,BCB/SGS 433,https://api.bcb.gov.br/dados/serie/bcdata.sgs.433/dados?formato=json,Variação mensal publicada.,inflacao,ready
ipca_mensal,1991-08-01,15.63,%,monthly,BCB/SGS 433,https://api.bcb.gov.br/dados/serie/bcdata.sgs.433/dados?formato=json,Variação mensal publicada.,inflacao,ready
ipca_mensal,1991-09-01,15.63,%,monthly,BCB/SGS 433,https://api.bcb.gov.br/dados/serie/bcdata.sgs.433/dados?formato=json,Variação mensal publicada.,inflacao,ready
ipca_mensal,1991-10-01,20.23,%,monthly,BCB/SGS 433,https://api.bcb.gov.br/dados/serie/bcdata.sgs.433/dados?formato=json,Variação mensal publicada.,inflacao,ready
ipca_mensal,1991-11-01,25.21,%,monthly,BCB/SGS 433,https://api.bcb.gov.br/dados/serie/bcdata.sgs.433/dados?formato=json,Variação mensal publicada.,inflacao,ready
ipca_mensal,1991-12-01,23.71,%,monthly,BCB/SGS 433,https://api.bcb.gov.br/dados/serie/bcdata.sgs.433/dados?formato=json,Variação mensal publicada.,inflacao,ready
ipca_mensal,1992-01-01,25.94,%,monthly,BCB/SGS 433,https://api.bcb.gov.br/dados/serie/bcdata.sgs.433/dados?formato=json,Variação mensal publicada.,inflacao,ready
ipca_mensal,1992-02-01,24.32,%,monthly,BCB/SGS 433,https://api.bcb.gov.br/dados/serie/bcdata.sgs.433/dados?formato=json,Variação mensal publicada.,inflacao,ready
ipca_mensal,1992-03-01,21.4,%,monthly,BCB/SGS 433,https://api.bcb.gov.br/dados/serie/bcdata.sgs.433/dados?formato=json,Variação mensal publicada.,inflacao,ready
ipca_mensal,1992-04-01,19.93,%,monthly,BCB/SGS 433,https://api.bcb.gov.br/dados/serie/bcdata.sgs.433/dados?formato=json,Variação mensal publicada.,inflacao,ready
ipca_mensal,1992-05-01,24.86,%,monthly,BCB/SGS 433,https://api.bcb.gov.br/dados/serie/bcdata.sgs.433/dados?formato=json,Variação mensal publicada.,inflacao,ready
ipca_mensal,1992-06-01,20.21,%,monthly,BCB/SGS 433,https://api.bcb.gov.br/dados/serie/bcdata.sgs.433/dados?formato=json,Variação mensal publicada.,inflacao,ready
ipca_mensal,1992-07-01,21.83,%,monthly,BCB/SGS 433,https://api.bcb.gov.br/dados/serie/bcdata.sgs.433/dados?formato=json,Variação mensal publicada.,inflacao,ready
ipca_mensal,1992-08-01,22.14,%,monthly,BCB/SGS 433,https://api.bcb.gov.br/dados/serie/bcdata.sgs.433/dados?formato=json,Variação mensal publicada.,inflacao,ready
ipca_mensal,1992-09-01,24.63,%,monthly,BCB/SGS 433,https://api.bcb.gov.br/dados/serie/bcdata.sgs.433/dados?formato=json,Variação mensal publicada.,inflacao,ready
ipca_mensal,1992-10-01,25.24,%,monthly,BCB/SGS 433,https://api.bcb.gov.br/dados/serie/bcdata.sgs.433/dados?formato=json,Variação mensal publicada.,inflacao,ready
ipca_mensal,1992-11-01,22.49,%,monthly,BCB/SGS 433,https://api.bcb.gov.br/dados/serie/bcdata.sgs.433/dados?formato=json,Variação mensal publicada.,inflacao,ready
ipca_mensal,1992-12-01,25.24,%,monthly,BCB/SGS 433,https://api.bcb.gov.br/dados/serie/bcdata.sgs.433/dados?formato=json,Variação mensal publicada.,inflacao,ready
ipca_mensal,1993-01-01,30.35,%,monthly,BCB/SGS 433,https://api.bcb.gov.br/dados/serie/bcdata.sgs.433/dados?formato=json,Variação mensal publicada.,inflacao,ready
ipca_mensal,1993-02-01,24.98,%,monthly,BCB/SGS 433,https://api.bcb.gov.br/dados/serie/bcdata.sgs.433/dados?formato=json,Variação mensal publicada.,inflacao,ready
ipca_mensal,1993-03-01,27.26,%,monthly,BCB/SGS 433,https://api.bcb.gov.br/dados/serie/bcdata.sgs.433/dados?formato=json,Variação mensal publicada.,inflacao,ready
ipca_mensal,1993-04-01,27.75,%,monthly,BCB/SGS 433,https://api.bcb.gov.br/dados/serie/bcdata.sgs.433/dados?formato=json,Variação mensal publicada.,inflacao,ready
ipca_mensal,1993-05-01,27.69,%,monthly,BCB/SGS 433,https://api.bcb.gov.br/dados/serie/bcdata.sgs.433/dados?formato=json,Variação mensal publicada.,inflacao,ready
ipca_mensal,1993-06-01,30.07,%,monthly,BCB/SGS 433,https://api.bcb.gov.br/dados/serie/bcdata.sgs.433/dados?formato=json,Variação mensal publicada.,inflacao,ready
ipca_mensal,1993-07-01,30.72,%,monthly,BCB/SGS 433,https://api.bcb.gov.br/dados/serie/bcdata.sgs.433/dados?formato=json,Variação mensal publicada.,inflacao,ready
ipca_mensal,1993-08-01,32.96,%,monthly,BCB/SGS 433,https://api.bcb.gov.br/dados/serie/bcdata.sgs.433/dados?formato=json,Variação mensal publicada.,inflacao,ready
ipca_mensal,1993-09-01,35.69,%,monthly,BCB/SGS 433,https://api.bcb.gov.br/dados/serie/bcdata.sgs.433/dados?formato=json,Variação mensal publicada.,inflacao,ready
ipca_mensal,1993-10-01,33.92,%,monthly,BCB/SGS 433,https://api.bcb.gov.br/dados/serie/bcdata.sgs.433/dados?formato=json,Variação mensal publicada.,inflacao,ready
ipca_mensal,1993-11-01,35.56,%,monthly,BCB/SGS 433,https://api.bcb.gov.br/dados/serie/bcdata.sgs.433/dados?formato=json,Variação mensal publicada.,inflacao,ready
ipca_mensal,1993-12-01,36.84,%,monthly,BCB/SGS 433,https://api.bcb.gov.br/dados/serie/bcdata.sgs.433/dados?formato=json,Variação mensal publicada.,inflacao,ready
ipca_mensal,1994-01-01,41.31,%,monthly,BCB/SGS 433,https://api.bcb.gov.br/dados/serie/bcdata.sgs.433/dados?formato=json,Variação mensal publicada.,inflacao,ready
ipca_mensal,1994-02-01,40.27,%,monthly,BCB/SGS 433,https://api.bcb.gov.br/dados/serie/bcdata.sgs.433/dados?formato=json,Variação mensal publicada.,inflacao,ready
ipca_mensal,1994-03-01,42.75,%,monthly,BCB/SGS 433,https://api.bcb.gov.br/dados/serie/bcdata.sgs.433/dados?formato=json,Variação mensal publicada.,inflacao,ready
ipca_mensal,1994-04-01,42.68,%,monthly,BCB/SGS 433,https://api.bcb.gov.br/dados/serie/bcdata.sgs.433/dados?formato=json,Variação mensal publicada.,inflacao,ready
ipca_mensal,1994-05-01,44.03,%,monthly,BCB/SGS 433,https://api.bcb.gov.br/dados/serie/bcdata.sgs.433/dados?formato=json,Variação mensal publicada.,inflacao,ready
ipca_mensal,1994-06-01,47.43,%,monthly,BCB/SGS 433,https://api.bcb.gov.br/dados/serie/bcdata.sgs.433/dados?formato=json,Variação mensal publicada.,inflacao,ready
ipca_mensal,1994-07-01,6.84,%,monthly,BCB/SGS 433,https://api.bcb.gov.br/dados/serie/bcdata.sgs.433/dados?formato=json,Variação mensal publicada.,inflacao,ready
ipca_mensal,1994-08-01,1.86,%,monthly,BCB/SGS 433,https://api.bcb.gov.br/dados/serie/bcdata.sgs.433/dados?formato=json,Variação mensal publicada.,inflacao,ready
ipca_mensal,1994-09-01,1.53,%,monthly,BCB/SGS 433,https://api.bcb.gov.br/dados/serie/bcdata.sgs.433/dados?formato=json,Variação mensal publicada.,inflacao,ready
ipca_mensal,1994-10-01,2.62,%,monthly,BCB/SGS 433,https://api.bcb.gov.br/dados/serie/bcdata.sgs.433/dados?formato=json,Variação mensal publicada.,inflacao,ready
ipca_mensal,1994-11-01,2.81,%,monthly,BCB/SGS 433,https://api.bcb.gov.br/dados/serie/bcdata.sgs.433/dados?formato=json,Variação mensal publicada.,inflacao,ready
ipca_mensal,1994-12-01,1.71,%,monthly,BCB/SGS 433,https://api.bcb.gov.br/dados/serie/bcdata.sgs.433/dados?formato=json,Variação mensal publicada.,inflacao,ready
ipca_mensal,1995-01-01,1.7,%,monthly,BCB/SGS 433,https://api.bcb.gov.br/dados/serie/bcdata.sgs.433/dados?formato=json,Variação mensal publicada.,inflacao,ready
ipca_mensal,1995-02-01,1.02,%,monthly,BCB/SGS 433,https://api.bcb.gov.br/dados/serie/bcdata.sgs.433/dados?formato=json,Variação mensal publicada.,inflacao,ready
ipca_mensal,1995-03-01,1.55,%,monthly,BCB/SGS 433,https://api.bcb.gov.br/dados/serie/bcdata.sgs.433/dados?formato=json,Variação mensal publicada.,inflacao,ready
ipca_mensal,1995-04-01,2.43,%,monthly,BCB/SGS 433,https://api.bcb.gov.br/dados/serie/bcdata.sgs.433/dados?formato=json,Variação mensal publicada.,inflacao,ready
ipca_mensal,1995-05-01,2.67,%,monthly,BCB/SGS 433,https://api.bcb.gov.br/dados/serie/bcdata.sgs.433/dados?formato=json,Variação mensal publicada.,inflacao,ready
ipca_mensal,1995-06-01,2.26,%,monthly,BCB/SGS 433,https://api.bcb.gov.br/dados/serie/bcdata.sgs.433/dados?formato=json,Variação mensal publicada.,inflacao,ready
ipca_mensal,1995-07-01,2.36,%,monthly,BCB/SGS 433,https://api.bcb.gov.br/dados/serie/bcdata.sgs.433/dados?formato=json,Variação mensal publicada.,inflacao,ready
ipca_mensal,1995-08-01,0.99,%,monthly,BCB/SGS 433,https://api.bcb.gov.br/dados/serie/bcdata.sgs.433/dados?formato=json,Variação mensal publicada.,inflacao,ready
ipca_mensal,1995-09-01,0.99,%,monthly,BCB/SGS 433,https://api.bcb.gov.br/dados/serie/bcdata.sgs.433/dados?formato=json,Variação mensal publicada.,inflacao,ready
ipca_mensal,1995-10-01,1.41,%,monthly,BCB/SGS 433,https://api.bcb.gov.br/dados/serie/bcdata.sgs.433/dados?formato=json,Variação mensal publicada.,inflacao,ready
ipca_mensal,1995-11-01,1.47,%,monthly,BCB/SGS 433,https://api.bcb.gov.br/dados/serie/bcdata.sgs.433/dados?formato=json,Variação mensal publicada.,inflacao,ready
ipca_mensal,1995-12-01,1.56,%,monthly,BCB/SGS 433,https://api.bcb.gov.br/dados/serie/bcdata.sgs.433/dados?formato=json,Variação mensal publicada.,inflacao,ready
ipca_mensal,1996-01-01,1.34,%,monthly,BCB/SGS 433,https://api.bcb.gov.br/dados/serie/bcdata.sgs.433/dados?formato=json,Variação mensal publicada.,inflacao,ready
ipca_mensal,1996-02-01,1.03,%,monthly,BCB/SGS 433,https://api.bcb.gov.br/dados/serie/bcdata.sgs.433/dados?formato=json,Variação mensal publicada.,inflacao,ready
ipca_mensal,1996-03-01,0.35,%,monthly,BCB/SGS 433,https://api.bcb.gov.br/dados/serie/bcdata.sgs.433/dados?formato=json,Variação mensal publicada.,inflacao,ready
ipca_mensal,1996-04-01,1.26,%,monthly,BCB/SGS 433,https://api.bcb.gov.br/dados/serie/bcdata.sgs.433/dados?formato=json,Variação mensal publicada.,inflacao,ready
ipca_mensal,1996-05-01,1.22,%,monthly,BCB/SGS 433,https://api.bcb.gov.br/dados/serie/bcdata.sgs.433/dados?formato=json,Variação mensal publicada.,inflacao,ready
ipca_mensal,1996-06-01,1.19,%,monthly,BCB/SGS 433,https://api.bcb.gov.br/dados/serie/bcdata.sgs.433/dados?formato=json,Variação mensal publicada.,inflacao,ready
ipca_mensal,1996-07-01,1.11,%,monthly,BCB/SGS 433,https://api.bcb.gov.br/dados/serie/bcdata.sgs.433/dados?formato=json,Variação mensal publicada.,inflacao,ready
ipca_mensal,1996-08-01,0.44,%,monthly,BCB/SGS 433,https://api.bcb.gov.br/dados/serie/bcdata.sgs.433/dados?formato=json,Variação mensal publicada.,inflacao,ready
ipca_mensal,1996-09-01,0.15,%,monthly,BCB/SGS 433,https://api.bcb.gov.br/dados/serie/bcdata.sgs.433/dados?formato=json,Variação mensal publicada.,inflacao,ready
ipca_mensal,1996-10-01,0.3,%,monthly,BCB/SGS 433,https://api.bcb.gov.br/dados/serie/bcdata.sgs.433/dados?formato=json,Variação mensal publicada.,inflacao,ready
ipca_mensal,1996-11-01,0.32,%,monthly,BCB/SGS 433,https://api.bcb.gov.br/dados/serie/bcdata.sgs.433/dados?formato=json,Variação mensal publicada.,inflacao,ready
ipca_mensal,1996-12-01,0.47,%,monthly,BCB/SGS 433,https://api.bcb.gov.br/dados/serie/bcdata.sgs.433/dados?formato=json,Variação mensal publicada.,inflacao,ready
ipca_mensal,1997-01-01,1.18,%,monthly,BCB/SGS 433,https://api.bcb.gov.br/dados/serie/bcdata.sgs.433/dados?formato=json,Variação mensal publicada.,inflacao,ready
ipca_mensal,1997-02-01,0.5,%,monthly,BCB/SGS 433,https://api.bcb.gov.br/dados/serie/bcdata.sgs.433/dados?formato=json,Variação mensal publicada.,inflacao,ready
ipca_mensal,1997-03-01,0.51,%,monthly,BCB/SGS 433,https://api.bcb.gov.br/dados/serie/bcdata.sgs.433/dados?formato=json,Variação mensal publicada.,inflacao,ready
ipca_mensal,1997-04-01,0.88,%,monthly,BCB/SGS 433,https://api.bcb.gov.br/dados/serie/bcdata.sgs.433/dados?formato=json,Variação mensal publicada.,inflacao,ready
ipca_mensal,1997-05-01,0.41,%,monthly,BCB/SGS 433,https://api.bcb.gov.br/dados/serie/bcdata.sgs.433/dados?formato=json,Variação mensal publicada.,inflacao,ready
ipca_mensal,1997-06-01,0.54,%,monthly,BCB/SGS 433,https://api.bcb.gov.br/dados/serie/bcdata.sgs.433/dados?formato=json,Variação mensal publicada.,inflacao,ready
ipca_mensal,1997-07-01,0.22,%,monthly,BCB/SGS 433,https://api.bcb.gov.br/dados/serie/bcdata.sgs.433/dados?formato=json,Variação mensal publicada.,inflacao,ready
ipca_mensal,1997-08-01,-0.02,%,monthly,BCB/SGS 433,https://api.bcb.gov.br/dados/serie/bcdata.sgs.433/dados?formato=json,Variação mensal publicada.,inflacao,ready
ipca_mensal,1997-09-01,0.06,%,monthly,BCB/SGS 433,https://api.bcb.gov.br/dados/serie/bcdata.sgs.433/dados?formato=json,Variação mensal publicada.,inflacao,ready
ipca_mensal,1997-10-01,0.23,%,monthly,BCB/SGS 433,https://api.bcb.gov.br/dados/serie/bcdata.sgs.433/dados?formato=json,Variação mensal publicada.,inflacao,ready
ipca_mensal,1997-11-01,0.17,%,monthly,BCB/SGS 433,https://api.bcb.gov.br/dados/serie/bcdata.sgs.433/dados?formato=json,Variação mensal publicada.,inflacao,ready
ipca_mensal,1997-12-01,0.43,%,monthly,BCB/SGS 433,https://api.bcb.gov.br/dados/serie/bcdata.sgs.433/dados?formato=json,Variação mensal publicada.,inflacao,ready
ipca_mensal,1998-01-01,0.71,%,monthly,BCB/SGS 433,https://api.bcb.gov.br/dados/serie/bcdata.sgs.433/dados?formato=json,Variação mensal publicada.,inflacao,ready
ipca_mensal,1998-02-01,0.46,%,monthly,BCB/SGS 433,https://api.bcb.gov.br/dados/serie/bcdata.sgs.433/dados?formato=json,Variação mensal publicada.,inflacao,ready
ipca_mensal,1998-03-01,0.34,%,monthly,BCB/SGS 433,https://api.bcb.gov.br/dados/serie/bcdata.sgs.433/dados?formato=json,Variação mensal publicada.,inflacao,ready
ipca_mensal,1998-04-01,0.24,%,monthly,BCB/SGS 433,https://api.bcb.gov.br/dados/serie/bcdata.sgs.433/dados?formato=json,Variação mensal publicada.,inflacao,ready
ipca_mensal,1998-05-01,0.5,%,monthly,BCB/SGS 433,https://api.bcb.gov.br/dados/serie/bcdata.sgs.433/dados?formato=json,Variação mensal publicada.,inflacao,ready
ipca_mensal,1998-06-01,0.02,%,monthly,BCB/SGS 433,https://api.bcb.gov.br/dados/serie/bcdata.sgs.433/dados?formato=json,Variação mensal publicada.,inflacao,ready
ipca_mensal,1998-07-01,-0.12,%,monthly,BCB/SGS 433,https://api.bcb.gov.br/dados/serie/bcdata.sgs.433/dados?formato=json,Variação mensal publicada.,inflacao,ready
ipca_mensal,1998-08-01,-0.51,%,monthly,BCB/SGS 433,https://api.bcb.gov.br/dados/serie/bcdata.sgs.433/dados?formato=json,Variação mensal publicada.,inflacao,ready
ipca_mensal,1998-09-01,-0.22,%,monthly,BCB/SGS 433,https://api.bcb.gov.br/dados/serie/bcdata.sgs.433/dados?formato=json,Variação mensal publicada.,inflacao,ready
ipca_mensal,1998-10-01,0.02,%,monthly,BCB/SGS 433,https://api.bcb.gov.br/dados/serie/bcdata.sgs.433/dados?formato=json,Variação mensal publicada.,inflacao,ready
ipca_mensal,1998-11-01,-0.12,%,monthly,BCB/SGS 433,https://api.bcb.gov.br/dados/serie/bcdata.sgs.433/dados?formato=json,Variação mensal publicada.,inflacao,ready
ipca_mensal,1998-12-01,0.33,%,monthly,BCB/SGS 433,https://api.bcb.gov.br/dados/serie/bcdata.sgs.433/dados?formato=json,Variação mensal publicada.,inflacao,ready
ipca_mensal,1999-01-01,0.7,%,monthly,BCB/SGS 433,https://api.bcb.gov.br/dados/serie/bcdata.sgs.433/dados?formato=json,Variação mensal publicada.,inflacao,ready
ipca_mensal,1999-02-01,1.05,%,monthly,BCB/SGS 433,https://api.bcb.gov.br/dados/serie/bcdata.sgs.433/dados?formato=json,Variação mensal publicada.,inflacao,ready
ipca_mensal,1999-03-01,1.1,%,monthly,BCB/SGS 433,https://api.bcb.gov.br/dados/serie/bcdata.sgs.433/dados?formato=json,Variação mensal publicada.,inflacao,ready
ipca_mensal,1999-04-01,0.56,%,monthly,BCB/SGS 433,https://api.bcb.gov.br/dados/serie/bcdata.sgs.433/dados?formato=json,Variação mensal publicada.,inflacao,ready
ipca_mensal,1999-05-01,0.3,%,monthly,BCB/SGS 433,https://api.bcb.gov.br/dados/serie/bcdata.sgs.433/dados?formato=json,Variação mensal publicada.,inflacao,ready
ipca_mensal,1999-06-01,0.19,%,monthly,BCB/SGS 433,https://api.bcb.gov.br/dados/serie/bcdata.sgs.433/dados?formato=json,Variação mensal publicada.,inflacao,ready
ipca_mensal,1999-07-01,1.09,%,monthly,BCB/SGS 433,https://api.bcb.gov.br/dados/serie/bcdata.sgs.433/dados?formato=json,Variação mensal publicada.,inflacao,ready
ipca_mensal,1999-08-01,0.56,%,monthly,BCB/SGS 433,https://api.bcb.gov.br/dados/serie/bcdata.sgs.433/dados?formato=json,Variação mensal publicada.,inflacao,ready
ipca_mensal,1999-09-01,0.31,%,monthly,BCB/SGS 433,https://api.bcb.gov.br/dados/serie/bcdata.sgs.433/dados?formato=json,Variação mensal publicada.,inflacao,ready
ipca_mensal,1999-10-01,1.19,%,monthly,BCB/SGS 433,https://api.bcb.gov.br/dados/serie/bcdata.sgs.433/dados?formato=json,Variação mensal publicada.,inflacao,ready
ipca_mensal,1999-11-01,0.95,%,monthly,BCB/SGS 433,https://api.bcb.gov.br/dados/serie/bcdata.sgs.433/dados?formato=json,Variação mensal publicada.,inflacao,ready
ipca_mensal,1999-12-01,0.6,%,monthly,BCB/SGS 433,https://api.bcb.gov.br/dados/serie/bcdata.sgs.433/dados?formato=json,Variação mensal publicada.,inflacao,ready
ipca_mensal,2000-01-01,0.62,%,monthly,BCB/SGS 433,https://api.bcb.gov.br/dados/serie/bcdata.sgs.433/dados?formato=json,Variação mensal publicada.,inflacao,ready
ipca_mensal,2000-02-01,0.13,%,monthly,BCB/SGS 433,https://api.bcb.gov.br/dados/serie/bcdata.sgs.433/dados?formato=json,Variação mensal publicada.,inflacao,ready
ipca_mensal,2000-03-01,0.22,%,monthly,BCB/SGS 433,https://api.bcb.gov.br/dados/serie/bcdata.sgs.433/dados?formato=json,Variação mensal publicada.,inflacao,ready
ipca_mensal,2000-04-01,0.42,%,monthly,BCB/SGS 433,https://api.bcb.gov.br/dados/serie/bcdata.sgs.433/dados?formato=json,Variação mensal publicada.,inflacao,ready
ipca_mensal,2000-05-01,0.01,%,monthly,BCB/SGS 433,https://api.bcb.gov.br/dados/serie/bcdata.sgs.433/dados?formato=json,Variação mensal publicada.,inflacao,ready
ipca_mensal,2000-06-01,0.23,%,monthly,BCB/SGS 433,https://api.bcb.gov.br/dados/serie/bcdata.sgs.433/dados?formato=json,Variação mensal publicada.,inflacao,ready
ipca_mensal,2000-07-01,1.61,%,monthly,BCB/SGS 433,https://api.bcb.gov.br/dados/serie/bcdata.sgs.433/dados?formato=json,Variação mensal publicada.,inflacao,ready
ipca_mensal,2000-08-01,1.31,%,monthly,BCB/SGS 433,https://api.bcb.gov.br/dados/serie/bcdata.sgs.433/dados?formato=json,Variação mensal publicada.,inflacao,ready
ipca_mensal,2000-09-01,0.23,%,monthly,BCB/SGS 433,https://api.bcb.gov.br/dados/serie/bcdata.sgs.433/dados?formato=json,Variação mensal publicada.,inflacao,ready
ipca_mensal,2000-10-01,0.14,%,monthly,BCB/SGS 433,https://api.bcb.gov.br/dados/serie/bcdata.sgs.433/dados?formato=json,Variação mensal publicada.,inflacao,ready
ipca_mensal,2000-11-01,0.32,%,monthly,BCB/SGS 433,https://api.bcb.gov.br/dados/serie/bcdata.sgs.433/dados?formato=json,Variação mensal publicada.,inflacao,ready
ipca_mensal,2000-12-01,0.59,%,monthly,BCB/SGS 433,https://api.bcb.gov.br/dados/serie/bcdata.sgs.433/dados?formato=json,Variação mensal publicada.,inflacao,ready
ipca_mensal,2001-01-01,0.57,%,monthly,BCB/SGS 433,https://api.bcb.gov.br/dados/serie/bcdata.sgs.433/dados?formato=json,Variação mensal publicada.,inflacao,ready
ipca_mensal,2001-02-01,0.46,%,monthly,BCB/SGS 433,https://api.bcb.gov.br/dados/serie/bcdata.sgs.433/dados?formato=json,Variação mensal publicada.,inflacao,ready
ipca_mensal,2001-03-01,0.38,%,monthly,BCB/SGS 433,https://api.bcb.gov.br/dados/serie/bcdata.sgs.433/dados?formato=json,Variação mensal publicada.,inflacao,ready
ipca_mensal,2001-04-01,0.58,%,monthly,BCB/SGS 433,https://api.bcb.gov.br/dados/serie/bcdata.sgs.433/dados?formato=json,Variação mensal publicada.,inflacao,ready
ipca_mensal,2001-05-01,0.41,%,monthly,BCB/SGS 433,https://api.bcb.gov.br/dados/serie/bcdata.sgs.433/dados?formato=json,Variação mensal publicada.,inflacao,ready
ipca_mensal,2001-06-01,0.52,%,monthly,BCB/SGS 433,https://api.bcb.gov.br/dados/serie/bcdata.sgs.433/dados?formato=json,Variação mensal publicada.,inflacao,ready
ipca_mensal,2001-07-01,1.33,%,monthly,BCB/SGS 433,https://api.bcb.gov.br/dados/serie/bcdata.sgs.433/dados?formato=json,Variação mensal publicada.,inflacao,ready
ipca_mensal,2001-08-01,0.7,%,monthly,BCB/SGS 433,https://api.bcb.gov.br/dados/serie/bcdata.sgs.433/dados?formato=json,Variação mensal publicada.,inflacao,ready
ipca_mensal,2001-09-01,0.28,%,monthly,BCB/SGS 433,https://api.bcb.gov.br/dados/serie/bcdata.sgs.433/dados?formato=json,Variação mensal publicada.,inflacao,ready
ipca_mensal,2001-10-01,0.83,%,monthly,BCB/SGS 433,https://api.bcb.gov.br/dados/serie/bcdata.sgs.433/dados?formato=json,Variação mensal publicada.,inflacao,ready
ipca_mensal,2001-11-01,0.71,%,monthly,BCB/SGS 433,https://api.bcb.gov.br/dados/serie/bcdata.sgs.433/dados?formato=json,Variação mensal publicada.,inflacao,ready
ipca_mensal,2001-12-01,0.65,%,monthly,BCB/SGS 433,https://api.bcb.gov.br/dados/serie/bcdata.sgs.433/dados?formato=json,Variação mensal publicada.,inflacao,ready
ipca_mensal,2002-01-01,0.52,%,monthly,BCB/SGS 433,https://api.bcb.gov.br/dados/serie/bcdata.sgs.433/dados?formato=json,Variação mensal publicada.,inflacao,ready
ipca_mensal,2002-02-01,0.36,%,monthly,BCB/SGS 433,https://api.bcb.gov.br/dados/serie/bcdata.sgs.433/dados?formato=json,Variação mensal publicada.,inflacao,ready
ipca_mensal,2002-03-01,0.6,%,monthly,BCB/SGS 433,https://api.bcb.gov.br/dados/serie/bcdata.sgs.433/dados?formato=json,Variação mensal publicada.,inflacao,ready
ipca_mensal,2002-04-01,0.8,%,monthly,BCB/SGS 433,https://api.bcb.gov.br/dados/serie/bcdata.sgs.433/dados?formato=json,Variação mensal publicada.,inflacao,ready
ipca_mensal,2002-05-01,0.21,%,monthly,BCB/SGS 433,https://api.bcb.gov.br/dados/serie/bcdata.sgs.433/dados?formato=json,Variação mensal publicada.,inflacao,ready
ipca_mensal,2002-06-01,0.42,%,monthly,BCB/SGS 433,https://api.bcb.gov.br/dados/serie/bcdata.sgs.433/dados?formato=json,Variação mensal publicada.,inflacao,ready
ipca_mensal,2002-07-01,1.19,%,monthly,BCB/SGS 433,https://api.bcb.gov.br/dados/serie/bcdata.sgs.433/dados?formato=json,Variação mensal publicada.,inflacao,ready
ipca_mensal,2002-08-01,0.65,%,monthly,BCB/SGS 433,https://api.bcb.gov.br/dados/serie/bcdata.sgs.433/dados?formato=json,Variação mensal publicada.,inflacao,ready
ipca_mensal,2002-09-01,0.72,%,monthly,BCB/SGS 433,https://api.bcb.gov.br/dados/serie/bcdata.sgs.433/dados?formato=json,Variação mensal publicada.,inflacao,ready
ipca_mensal,2002-10-01,1.31,%,monthly,BCB/SGS 433,https://api.bcb.gov.br/dados/serie/bcdata.sgs.433/dados?formato=json,Variação mensal publicada.,inflacao,ready
ipca_mensal,2002-11-01,3.02,%,monthly,BCB/SGS 433,https://api.bcb.gov.br/dados/serie/bcdata.sgs.433/dados?formato=json,Variação mensal publicada.,inflacao,ready
ipca_mensal,2002-12-01,2.1,%,monthly,BCB/SGS 433,https://api.bcb.gov.br/dados/serie/bcdata.sgs.433/dados?formato=json,Variação mensal publicada.,inflacao,ready
ipca_mensal,2003-01-01,2.25,%,monthly,BCB/SGS 433,https://api.bcb.gov.br/dados/serie/bcdata.sgs.433/dados?formato=json,Variação mensal publicada.,inflacao,ready
ipca_mensal,2003-02-01,1.57,%,monthly,BCB/SGS 433,https://api.bcb.gov.br/dados/serie/bcdata.sgs.433/dados?formato=json,Variação mensal publicada.,inflacao,ready
ipca_mensal,2003-03-01,1.23,%,monthly,BCB/SGS 433,https://api.bcb.gov.br/dados/serie/bcdata.sgs.433/dados?formato=json,Variação mensal publicada.,inflacao,ready
ipca_mensal,2003-04-01,0.97,%,monthly,BCB/SGS 433,https://api.bcb.gov.br/dados/serie/bcdata.sgs.433/dados?formato=json,Variação mensal publicada.,inflacao,ready
ipca_mensal,2003-05-01,0.61,%,monthly,BCB/SGS 433,https://api.bcb.gov.br/dados/serie/bcdata.sgs.433/dados?formato=json,Variação mensal publicada.,inflacao,ready
ipca_mensal,2003-06-01,-0.15,%,monthly,BCB/SGS 433,https://api.bcb.gov.br/dados/serie/bcdata.sgs.433/dados?formato=json,Variação mensal publicada.,inflacao,ready
ipca_mensal,2003-07-01,0.2,%,monthly,BCB/SGS 433,https://api.bcb.gov.br/dados/serie/bcdata.sgs.433/dados?formato=json,Variação mensal publicada.,inflacao,ready
ipca_mensal,2003-08-01,0.34,%,monthly,BCB/SGS 433,https://api.bcb.gov.br/dados/serie/bcdata.sgs.433/dados?formato=json,Variação mensal publicada.,inflacao,ready
ipca_mensal,2003-09-01,0.78,%,monthly,BCB/SGS 433,https://api.bcb.gov.br/dados/serie/bcdata.sgs.433/dados?formato=json,Variação mensal publicada.,inflacao,ready
ipca_mensal,2003-10-01,0.29,%,monthly,BCB/SGS 433,https://api.bcb.gov.br/dados/serie/bcdata.sgs.433/dados?formato=json,Variação mensal publicada.,inflacao,ready
ipca_mensal,2003-11-01,0.34,%,monthly,BCB/SGS 433,https://api.bcb.gov.br/dados/serie/bcdata.sgs.433/dados?formato=json,Variação mensal publicada.,inflacao,ready
ipca_mensal,2003-12-01,0.52,%,monthly,BCB/SGS 433,https://api.bcb.gov.br/dados/serie/bcdata.sgs.433/dados?formato=json,Variação mensal publicada.,inflacao,ready
ipca_mensal,2004-01-01,0.76,%,monthly,BCB/SGS 433,https://api.bcb.gov.br/dados/serie/bcdata.sgs.433/dados?formato=json,Variação mensal publicada.,inflacao,ready
ipca_mensal,2004-02-01,0.61,%,monthly,BCB/SGS 433,https://api.bcb.gov.br/dados/serie/bcdata.sgs.433/dados?formato=json,Variação mensal publicada.,inflacao,ready
ipca_mensal,2004-03-01,0.47,%,monthly,BCB/SGS 433,https://api.bcb.gov.br/dados/serie/bcdata.sgs.433/dados?formato=json,Variação mensal publicada.,inflacao,ready
ipca_mensal,2004-04-01,0.37,%,monthly,BCB/SGS 433,https://api.bcb.gov.br/dados/serie/bcdata.sgs.433/dados?formato=json,Variação mensal publicada.,inflacao,ready
ipca_mensal,2004-05-01,0.51,%,monthly,BCB/SGS 433,https://api.bcb.gov.br/dados/serie/bcdata.sgs.433/dados?formato=json,Variação mensal publicada.,inflacao,ready
ipca_mensal,2004-06-01,0.71,%,monthly,BCB/SGS 433,https://api.bcb.gov.br/dados/serie/bcdata.sgs.433/dados?formato=json,Variação mensal publicada.,inflacao,ready
ipca_mensal,2004-07-01,0.91,%,monthly,BCB/SGS 433,https://api.bcb.gov.br/dados/serie/bcdata.sgs.433/dados?formato=json,Variação mensal publicada.,inflacao,ready
ipca_mensal,2004-08-01,0.69,%,monthly,BCB/SGS 433,https://api.bcb.gov.br/dados/serie/bcdata.sgs.433/dados?formato=json,Variação mensal publicada.,inflacao,ready
ipca_mensal,2004-09-01,0.33,%,monthly,BCB/SGS 433,https://api.bcb.gov.br/dados/serie/bcdata.sgs.433/dados?formato=json,Variação mensal publicada.,inflacao,ready
ipca_mensal,2004-10-01,0.44,%,monthly,BCB/SGS 433,https://api.bcb.gov.br/dados/serie/bcdata.sgs.433/dados?formato=json,Variação mensal publicada.,inflacao,ready
ipca_mensal,2004-11-01,0.69,%,monthly,BCB/SGS 433,https://api.bcb.gov.br/dados/serie/bcdata.sgs.433/dados?formato=json,Variação mensal publicada.,inflacao,ready
ipca_mensal,2004-12-01,0.86,%,monthly,BCB/SGS 433,https://api.bcb.gov.br/dados/serie/bcdata.sgs.433/dados?formato=json,Variação mensal publicada.,inflacao,ready
ipca_mensal,2005-01-01,0.58,%,monthly,BCB/SGS 433,https://api.bcb.gov.br/dados/serie/bcdata.sgs.433/dados?formato=json,Variação mensal publicada.,inflacao,ready
ipca_mensal,2005-02-01,0.59,%,monthly,BCB/SGS 433,https://api.bcb.gov.br/dados/serie/bcdata.sgs.433/dados?formato=json,Variação mensal publicada.,inflacao,ready
ipca_mensal,2005-03-01,0.61,%,monthly,BCB/SGS 433,https://api.bcb.gov.br/dados/serie/bcdata.sgs.433/dados?formato=json,Variação mensal publicada.,inflacao,ready
ipca_mensal,2005-04-01,0.87,%,monthly,BCB/SGS 433,https://api.bcb.gov.br/dados/serie/bcdata.sgs.433/dados?formato=json,Variação mensal publicada.,inflacao,ready
ipca_mensal,2005-05-01,0.49,%,monthly,BCB/SGS 433,https://api.bcb.gov.br/dados/serie/bcdata.sgs.433/dados?formato=json,Variação mensal publicada.,inflacao,ready
ipca_mensal,2005-06-01,-0.02,%,monthly,BCB/SGS 433,https://api.bcb.gov.br/dados/serie/bcdata.sgs.433/dados?formato=json,Variação mensal publicada.,inflacao,ready
ipca_mensal,2005-07-01,0.25,%,monthly,BCB/SGS 433,https://api.bcb.gov.br/dados/serie/bcdata.sgs.433/dados?formato=json,Variação mensal publicada.,inflacao,ready
ipca_mensal,2005-08-01,0.17,%,monthly,BCB/SGS 433,https://api.bcb.gov.br/dados/serie/bcdata.sgs.433/dados?formato=json,Variação mensal publicada.,inflacao,ready
ipca_mensal,2005-09-01,0.35,%,monthly,BCB/SGS 433,https://api.bcb.gov.br/dados/serie/bcdata.sgs.433/dados?formato=json,Variação mensal publicada.,inflacao,ready
ipca_mensal,2005-10-01,0.75,%,monthly,BCB/SGS 433,https://api.bcb.gov.br/dados/serie/bcdata.sgs.433/dados?formato=json,Variação mensal publicada.,inflacao,ready
ipca_mensal,2005-11-01,0.55,%,monthly,BCB/SGS 433,https://api.bcb.gov.br/dados/serie/bcdata.sgs.433/dados?formato=json,Variação mensal publicada.,inflacao,ready
ipca_mensal,2005-12-01,0.36,%,monthly,BCB/SGS 433,https://api.bcb.gov.br/dados/serie/bcdata.sgs.433/dados?formato=json,Variação mensal publicada.,inflacao,ready
ipca_mensal,2006-01-01,0.59,%,monthly,BCB/SGS 433,https://api.bcb.gov.br/dados/serie/bcdata.sgs.433/dados?formato=json,Variação mensal publicada.,inflacao,ready
ipca_mensal,2006-02-01,0.41,%,monthly,BCB/SGS 433,https://api.bcb.gov.br/dados/serie/bcdata.sgs.433/dados?formato=json,Variação mensal publicada.,inflacao,ready
ipca_mensal,2006-03-01,0.43,%,monthly,BCB/SGS 433,https://api.bcb.gov.br/dados/serie/bcdata.sgs.433/dados?formato=json,Variação mensal publicada.,inflacao,ready
ipca_mensal,2006-04-01,0.21,%,monthly,BCB/SGS 433,https://api.bcb.gov.br/dados/serie/bcdata.sgs.433/dados?formato=json,Variação mensal publicada.,inflacao,ready
ipca_mensal,2006-05-01,0.1,%,monthly,BCB/SGS 433,https://api.bcb.gov.br/dados/serie/bcdata.sgs.433/dados?formato=json,Variação mensal publicada.,inflacao,ready
ipca_mensal,2006-06-01,-0.21,%,monthly,BCB/SGS 433,https://api.bcb.gov.br/dados/serie/bcdata.sgs.433/dados?formato=json,Variação mensal publicada.,inflacao,ready
ipca_mensal,2006-07-01,0.19,%,monthly,BCB/SGS 433,https://api.bcb.gov.br/dados/serie/bcdata.sgs.433/dados?formato=json,Variação mensal publicada.,inflacao,ready
ipca_mensal,2006-08-01,0.05,%,monthly,BCB/SGS 433,https://api.bcb.gov.br/dados/serie/bcdata.sgs.433/dados?formato=json,Variação mensal publicada.,inflacao,ready
ipca_mensal,2006-09-01,0.21,%,monthly,BCB/SGS 433,https://api.bcb.gov.br/dados/serie/bcdata.sgs.433/dados?formato=json,Variação mensal publicada.,inflacao,ready
ipca_mensal,2006-10-01,0.33,%,monthly,BCB/SGS 433,https://api.bcb.gov.br/dados/serie/bcdata.sgs.433/dados?formato=json,Variação mensal publicada.,inflacao,ready
ipca_mensal,2006-11-01,0.31,%,monthly,BCB/SGS 433,https://api.bcb.gov.br/dados/serie/bcdata.sgs.433/dados?formato=json,Variação mensal publicada.,inflacao,ready
ipca_mensal,2006-12-01,0.48,%,monthly,BCB/SGS 433,https://api.bcb.gov.br/dados/serie/bcdata.sgs.433/dados?formato=json,Variação mensal publicada.,inflacao,ready
ipca_mensal,2007-01-01,0.44,%,monthly,BCB/SGS 433,https://api.bcb.gov.br/dados/serie/bcdata.sgs.433/dados?formato=json,Variação mensal publicada.,inflacao,ready
ipca_mensal,2007-02-01,0.44,%,monthly,BCB/SGS 433,https://api.bcb.gov.br/dados/serie/bcdata.sgs.433/dados?formato=json,Variação mensal publicada.,inflacao,ready
ipca_mensal,2007-03-01,0.37,%,monthly,BCB/SGS 433,https://api.bcb.gov.br/dados/serie/bcdata.sgs.433/dados?formato=json,Variação mensal publicada.,inflacao,ready
ipca_mensal,2007-04-01,0.25,%,monthly,BCB/SGS 433,https://api.bcb.gov.br/dados/serie/bcdata.sgs.433/dados?formato=json,Variação mensal publicada.,inflacao,ready
ipca_mensal,2007-05-01,0.28,%,monthly,BCB/SGS 433,https://api.bcb.gov.br/dados/serie/bcdata.sgs.433/dados?formato=json,Variação mensal publicada.,inflacao,ready
ipca_mensal,2007-06-01,0.28,%,monthly,BCB/SGS 433,https://api.bcb.gov.br/dados/serie/bcdata.sgs.433/dados?formato=json,Variação mensal publicada.,inflacao,ready
ipca_mensal,2007-07-01,0.24,%,monthly,BCB/SGS 433,https://api.bcb.gov.br/dados/serie/bcdata.sgs.433/dados?formato=json,Variação mensal publicada.,inflacao,ready
ipca_mensal,2007-08-01,0.47,%,monthly,BCB/SGS 433,https://api.bcb.gov.br/dados/serie/bcdata.sgs.433/dados?formato=json,Variação mensal publicada.,inflacao,ready
ipca_mensal,2007-09-01,0.18,%,monthly,BCB/SGS 433,https://api.bcb.gov.br/dados/serie/bcdata.sgs.433/dados?formato=json,Variação mensal publicada.,inflacao,ready
ipca_mensal,2007-10-01,0.3,%,monthly,BCB/SGS 433,https://api.bcb.gov.br/dados/serie/bcdata.sgs.433/dados?formato=json,Variação mensal publicada.,inflacao,ready
ipca_mensal,2007-11-01,0.38,%,monthly,BCB/SGS 433,https://api.bcb.gov.br/dados/serie/bcdata.sgs.433/dados?formato=json,Variação mensal publicada.,inflacao,ready
ipca_mensal,2007-12-01,0.74,%,monthly,BCB/SGS 433,https://api.bcb.gov.br/dados/serie/bcdata.sgs.433/dados?formato=json,Variação mensal publicada.,inflacao,ready
ipca_mensal,2008-01-01,0.54,%,monthly,BCB/SGS 433,https://api.bcb.gov.br/dados/serie/bcdata.sgs.433/dados?formato=json,Variação mensal publicada.,inflacao,ready
ipca_mensal,2008-02-01,0.49,%,monthly,BCB/SGS 433,https://api.bcb.gov.br/dados/serie/bcdata.sgs.433/dados?formato=json,Variação mensal publicada.,inflacao,ready
ipca_mensal,2008-03-01,0.48,%,monthly,BCB/SGS 433,https://api.bcb.gov.br/dados/serie/bcdata.sgs.433/dados?formato=json,Variação mensal publicada.,inflacao,ready
ipca_mensal,2008-04-01,0.55,%,monthly,BCB/SGS 433,https://api.bcb.gov.br/dados/serie/bcdata.sgs.433/dados?formato=json,Variação mensal publicada.,inflacao,ready
ipca_mensal,2008-05-01,0.79,%,monthly,BCB/SGS 433,https://api.bcb.gov.br/dados/serie/bcdata.sgs.433/dados?formato=json,Variação mensal publicada.,inflacao,ready
ipca_mensal,2008-06-01,0.74,%,monthly,BCB/SGS 433,https://api.bcb.gov.br/dados/serie/bcdata.sgs.433/dados?formato=json,Variação mensal publicada.,inflacao,ready
ipca_mensal,2008-07-01,0.53,%,monthly,BCB/SGS 433,https://api.bcb.gov.br/dados/serie/bcdata.sgs.433/dados?formato=json,Variação mensal publicada.,inflacao,ready
ipca_mensal,2008-08-01,0.28,%,monthly,BCB/SGS 433,https://api.bcb.gov.br/dados/serie/bcdata.sgs.433/dados?formato=json,Variação mensal publicada.,inflacao,ready
ipca_mensal,2008-09-01,0.26,%,monthly,BCB/SGS 433,https://api.bcb.gov.br/dados/serie/bcdata.sgs.433/dados?formato=json,Variação mensal publicada.,inflacao,ready
ipca_mensal,2008-10-01,0.45,%,monthly,BCB/SGS 433,https://api.bcb.gov.br/dados/serie/bcdata.sgs.433/dados?formato=json,Variação mensal publicada.,inflacao,ready
ipca_mensal,2008-11-01,0.36,%,monthly,BCB/SGS 433,https://api.bcb.gov.br/dados/serie/bcdata.sgs.433/dados?formato=json,Variação mensal publicada.,inflacao,ready
ipca_mensal,2008-12-01,0.28,%,monthly,BCB/SGS 433,https://api.bcb.gov.br/dados/serie/bcdata.sgs.433/dados?formato=json,Variação mensal publicada.,inflacao,ready
ipca_mensal,2009-01-01,0.48,%,monthly,BCB/SGS 433,https://api.bcb.gov.br/dados/serie/bcdata.sgs.433/dados?formato=json,Variação mensal publicada.,inflacao,ready
ipca_mensal,2009-02-01,0.55,%,monthly,BCB/SGS 433,https://api.bcb.gov.br/dados/serie/bcdata.sgs.433/dados?formato=json,Variação mensal publicada.,inflacao,ready
ipca_mensal,2009-03-01,0.2,%,monthly,BCB/SGS 433,https://api.bcb.gov.br/dados/serie/bcdata.sgs.433/dados?formato=json,Variação mensal publicada.,inflacao,ready
ipca_mensal,2009-04-01,0.48,%,monthly,BCB/SGS 433,https://api.bcb.gov.br/dados/serie/bcdata.sgs.433/dados?formato=json,Variação mensal publicada.,inflacao,ready
ipca_mensal,2009-05-01,0.47,%,monthly,BCB/SGS 433,https://api.bcb.gov.br/dados/serie/bcdata.sgs.433/dados?formato=json,Variação mensal publicada.,inflacao,ready
ipca_mensal,2009-06-01,0.36,%,monthly,BCB/SGS 433,https://api.bcb.gov.br/dados/serie/bcdata.sgs.433/dados?formato=json,Variação mensal publicada.,inflacao,ready
ipca_mensal,2009-07-01,0.24,%,monthly,BCB/SGS 433,https://api.bcb.gov.br/dados/serie/bcdata.sgs.433/dados?formato=json,Variação mensal publicada.,inflacao,ready
ipca_mensal,2009-08-01,0.15,%,monthly,BCB/SGS 433,https://api.bcb.gov.br/dados/serie/bcdata.sgs.433/dados?formato=json,Variação mensal publicada.,inflacao,ready
ipca_mensal,2009-09-01,0.24,%,monthly,BCB/SGS 433,https://api.bcb.gov.br/dados/serie/bcdata.sgs.433/dados?formato=json,Variação mensal publicada.,inflacao,ready
ipca_mensal,2009-10-01,0.28,%,monthly,BCB/SGS 433,https://api.bcb.gov.br/dados/serie/bcdata.sgs.433/dados?formato=json,Variação mensal publicada.,inflacao,ready
ipca_mensal,2009-11-01,0.41,%,monthly,BCB/SGS 433,https://api.bcb.gov.br/dados/serie/bcdata.sgs.433/dados?formato=json,Variação mensal publicada.,inflacao,ready
ipca_mensal,2009-12-01,0.37,%,monthly,BCB/SGS 433,https://api.bcb.gov.br/dados/serie/bcdata.sgs.433/dados?formato=json,Variação mensal publicada.,inflacao,ready
ipca_mensal,2010-01-01,0.75,%,monthly,BCB/SGS 433,https://api.bcb.gov.br/dados/serie/bcdata.sgs.433/dados?formato=json,Variação mensal publicada.,inflacao,ready
ipca_mensal,2010-02-01,0.78,%,monthly,BCB/SGS 433,https://api.bcb.gov.br/dados/serie/bcdata.sgs.433/dados?formato=json,Variação mensal publicada.,inflacao,ready
ipca_mensal,2010-03-01,0.52,%,monthly,BCB/SGS 433,https://api.bcb.gov.br/dados/serie/bcdata.sgs.433/dados?formato=json,Variação mensal publicada.,inflacao,ready
ipca_mensal,2010-04-01,0.57,%,monthly,BCB/SGS 433,https://api.bcb.gov.br/dados/serie/bcdata.sgs.433/dados?formato=json,Variação mensal publicada.,inflacao,ready
ipca_mensal,2010-05-01,0.43,%,monthly,BCB/SGS 433,https://api.bcb.gov.br/dados/serie/bcdata.sgs.433/dados?formato=json,Variação mensal publicada.,inflacao,ready
ipca_mensal,2010-06-01,0.0,%,monthly,BCB/SGS 433,https://api.bcb.gov.br/dados/serie/bcdata.sgs.433/dados?formato=json,Variação mensal publicada.,inflacao,ready
ipca_mensal,2010-07-01,0.01,%,monthly,BCB/SGS 433,https://api.bcb.gov.br/dados/serie/bcdata.sgs.433/dados?formato=json,Variação mensal publicada.,inflacao,ready
ipca_mensal,2010-08-01,0.04,%,monthly,BCB/SGS 433,https://api.bcb.gov.br/dados/serie/bcdata.sgs.433/dados?formato=json,Variação mensal publicada.,inflacao,ready
ipca_mensal,2010-09-01,0.45,%,monthly,BCB/SGS 433,https://api.bcb.gov.br/dados/serie/bcdata.sgs.433/dados?formato=json,Variação mensal publicada.,inflacao,ready
ipca_mensal,2010-10-01,0.75,%,monthly,BCB/SGS 433,https://api.bcb.gov.br/dados/serie/bcdata.sgs.433/dados?formato=json,Variação mensal publicada.,inflacao,ready
ipca_mensal,2010-11-01,0.83,%,monthly,BCB/SGS 433,https://api.bcb.gov.br/dados/serie/bcdata.sgs.433/dados?formato=json,Variação mensal publicada.,inflacao,ready
ipca_mensal,2010-12-01,0.63,%,monthly,BCB/SGS 433,https://api.bcb.gov.br/dados/serie/bcdata.sgs.433/dados?formato=json,Variação mensal publicada.,inflacao,ready
ipca_mensal,2011-01-01,0.83,%,monthly,BCB/SGS 433,https://api.bcb.gov.br/dados/serie/bcdata.sgs.433/dados?formato=json,Variação mensal publicada.,inflacao,ready
ipca_mensal,2011-02-01,0.8,%,monthly,BCB/SGS 433,https://api.bcb.gov.br/dados/serie/bcdata.sgs.433/dados?formato=json,Variação mensal publicada.,inflacao,ready
ipca_mensal,2011-03-01,0.79,%,monthly,BCB/SGS 433,https://api.bcb.gov.br/dados/serie/bcdata.sgs.433/dados?formato=json,Variação mensal publicada.,inflacao,ready
ipca_mensal,2011-04-01,0.77,%,monthly,BCB/SGS 433,https://api.bcb.gov.br/dados/serie/bcdata.sgs.433/dados?formato=json,Variação mensal publicada.,inflacao,ready
ipca_mensal,2011-05-01,0.47,%,monthly,BCB/SGS 433,https://api.bcb.gov.br/dados/serie/bcdata.sgs.433/dados?formato=json,Variação mensal publicada.,inflacao,ready
ipca_mensal,2011-06-01,0.15,%,monthly,BCB/SGS 433,https://api.bcb.gov.br/dados/serie/bcdata.sgs.433/dados?formato=json,Variação mensal publicada.,inflacao,ready
ipca_mensal,2011-07-01,0.16,%,monthly,BCB/SGS 433,https://api.bcb.gov.br/dados/serie/bcdata.sgs.433/dados?formato=json,Variação mensal publicada.,inflacao,ready
ipca_mensal,2011-08-01,0.37,%,monthly,BCB/SGS 433,https://api.bcb.gov.br/dados/serie/bcdata.sgs.433/dados?formato=json,Variação mensal publicada.,inflacao,ready
ipca_mensal,2011-09-01,0.53,%,monthly,BCB/SGS 433,https://api.bcb.gov.br/dados/serie/bcdata.sgs.433/dados?formato=json,Variação mensal publicada.,inflacao,ready
ipca_mensal,2011-10-01,0.43,%,monthly,BCB/SGS 433,https://api.bcb.gov.br/dados/serie/bcdata.sgs.433/dados?formato=json,Variação mensal publicada.,inflacao,ready
ipca_mensal,2011-11-01,0.52,%,monthly,BCB/SGS 433,https://api.bcb.gov.br/dados/serie/bcdata.sgs.433/dados?formato=json,Variação mensal publicada.,inflacao,ready
ipca_mensal,2011-12-01,0.5,%,monthly,BCB/SGS 433,https://api.bcb.gov.br/dados/serie/bcdata.sgs.433/dados?formato=json,Variação mensal publicada.,inflacao,ready
ipca_mensal,2012-01-01,0.56,%,monthly,BCB/SGS 433,https://api.bcb.gov.br/dados/serie/bcdata.sgs.433/dados?formato=json,Variação mensal publicada.,inflacao,ready
ipca_mensal,2012-02-01,0.45,%,monthly,BCB/SGS 433,https://api.bcb.gov.br/dados/serie/bcdata.sgs.433/dados?formato=json,Variação mensal publicada.,inflacao,ready
ipca_mensal,2012-03-01,0.21,%,monthly,BCB/SGS 433,https://api.bcb.gov.br/dados/serie/bcdata.sgs.433/dados?formato=json,Variação mensal publicada.,inflacao,ready
ipca_mensal,2012-04-01,0.64,%,monthly,BCB/SGS 433,https://api.bcb.gov.br/dados/serie/bcdata.sgs.433/dados?formato=json,Variação mensal publicada.,inflacao,ready
ipca_mensal,2012-05-01,0.36,%,monthly,BCB/SGS 433,https://api.bcb.gov.br/dados/serie/bcdata.sgs.433/dados?formato=json,Variação mensal publicada.,inflacao,ready
ipca_mensal,2012-06-01,0.08,%,monthly,BCB/SGS 433,https://api.bcb.gov.br/dados/serie/bcdata.sgs.433/dados?formato=json,Variação mensal publicada.,inflacao,ready
ipca_mensal,2012-07-01,0.43,%,monthly,BCB/SGS 433,https://api.bcb.gov.br/dados/serie/bcdata.sgs.433/dados?formato=json,Variação mensal publicada.,inflacao,ready
ipca_mensal,2012-08-01,0.41,%,monthly,BCB/SGS 433,https://api.bcb.gov.br/dados/serie/bcdata.sgs.433/dados?formato=json,Variação mensal publicada.,inflacao,ready
ipca_mensal,2012-09-01,0.57,%,monthly,BCB/SGS 433,https://api.bcb.gov.br/dados/serie/bcdata.sgs.433/dados?formato=json,Variação mensal publicada.,inflacao,ready
ipca_mensal,2012-10-01,0.59,%,monthly,BCB/SGS 433,https://api.bcb.gov.br/dados/serie/bcdata.sgs.433/dados?formato=json,Variação mensal publicada.,inflacao,ready
ipca_mensal,2012-11-01,0.6,%,monthly,BCB/SGS 433,https://api.bcb.gov.br/dados/serie/bcdata.sgs.433/dados?formato=json,Variação mensal publicada.,inflacao,ready
ipca_mensal,2012-12-01,0.79,%,monthly,BCB/SGS 433,https://api.bcb.gov.br/dados/serie/bcdata.sgs.433/dados?formato=json,Variação mensal publicada.,inflacao,ready
ipca_mensal,2013-01-01,0.86,%,monthly,BCB/SGS 433,https://api.bcb.gov.br/dados/serie/bcdata.sgs.433/dados?formato=json,Variação mensal publicada.,inflacao,ready
ipca_mensal,2013-02-01,0.6,%,monthly,BCB/SGS 433,https://api.bcb.gov.br/dados/serie/bcdata.sgs.433/dados?formato=json,Variação mensal publicada.,inflacao,ready
ipca_mensal,2013-03-01,0.47,%,monthly,BCB/SGS 433,https://api.bcb.gov.br/dados/serie/bcdata.sgs.433/dados?formato=json,Variação mensal publicada.,inflacao,ready
ipca_mensal,2013-04-01,0.55,%,monthly,BCB/SGS 433,https://api.bcb.gov.br/dados/serie/bcdata.sgs.433/dados?formato=json,Variação mensal publicada.,inflacao,ready
ipca_mensal,2013-05-01,0.37,%,monthly,BCB/SGS 433,https://api.bcb.gov.br/dados/serie/bcdata.sgs.433/dados?formato=json,Variação mensal publicada.,inflacao,ready
ipca_mensal,2013-06-01,0.26,%,monthly,BCB/SGS 433,https://api.bcb.gov.br/dados/serie/bcdata.sgs.433/dados?formato=json,Variação mensal publicada.,inflacao,ready
ipca_mensal,2013-07-01,0.03,%,monthly,BCB/SGS 433,https://api.bcb.gov.br/dados/serie/bcdata.sgs.433/dados?formato=json,Variação mensal publicada.,inflacao,ready
ipca_mensal,2013-08-01,0.24,%,monthly,BCB/SGS 433,https://api.bcb.gov.br/dados/serie/bcdata.sgs.433/dados?formato=json,Variação mensal publicada.,inflacao,ready
ipca_mensal,2013-09-01,0.35,%,monthly,BCB/SGS 433,https://api.bcb.gov.br/dados/serie/bcdata.sgs.433/dados?formato=json,Variação mensal publicada.,inflacao,ready
ipca_mensal,2013-10-01,0.57,%,monthly,BCB/SGS 433,https://api.bcb.gov.br/dados/serie/bcdata.sgs.433/dados?formato=json,Variação mensal publicada.,inflacao,ready
ipca_mensal,2013-11-01,0.54,%,monthly,BCB/SGS 433,https://api.bcb.gov.br/dados/serie/bcdata.sgs.433/dados?formato=json,Variação mensal publicada.,inflacao,ready
ipca_mensal,2013-12-01,0.92,%,monthly,BCB/SGS 433,https://api.bcb.gov.br/dados/serie/bcdata.sgs.433/dados?formato=json,Variação mensal publicada.,inflacao,ready
ipca_mensal,2014-01-01,0.55,%,monthly,BCB/SGS 433,https://api.bcb.gov.br/dados/serie/bcdata.sgs.433/dados?formato=json,Variação mensal publicada.,inflacao,ready
ipca_mensal,2014-02-01,0.69,%,monthly,BCB/SGS 433,https://api.bcb.gov.br/dados/serie/bcdata.sgs.433/dados?formato=json,Variação mensal publicada.,inflacao,ready
ipca_mensal,2014-03-01,0.92,%,monthly,BCB/SGS 433,https://api.bcb.gov.br/dados/serie/bcdata.sgs.433/dados?formato=json,Variação mensal publicada.,inflacao,ready
ipca_mensal,2014-04-01,0.67,%,monthly,BCB/SGS 433,https://api.bcb.gov.br/dados/serie/bcdata.sgs.433/dados?formato=json,Variação mensal publicada.,inflacao,ready
ipca_mensal,2014-05-01,0.46,%,monthly,BCB/SGS 433,https://api.bcb.gov.br/dados/serie/bcdata.sgs.433/dados?formato=json,Variação mensal publicada.,inflacao,ready
ipca_mensal,2014-06-01,0.4,%,monthly,BCB/SGS 433,https://api.bcb.gov.br/dados/serie/bcdata.sgs.433/dados?formato=json,Variação mensal publicada.,inflacao,ready
ipca_mensal,2014-07-01,0.01,%,monthly,BCB/SGS 433,https://api.bcb.gov.br/dados/serie/bcdata.sgs.433/dados?formato=json,Variação mensal publicada.,inflacao,ready
ipca_mensal,2014-08-01,0.25,%,monthly,BCB/SGS 433,https://api.bcb.gov.br/dados/serie/bcdata.sgs.433/dados?formato=json,Variação mensal publicada.,inflacao,ready
ipca_mensal,2014-09-01,0.57,%,monthly,BCB/SGS 433,https://api.bcb.gov.br/dados/serie/bcdata.sgs.433/dados?formato=json,Variação mensal publicada.,inflacao,ready
ipca_mensal,2014-10-01,0.42,%,monthly,BCB/SGS 433,https://api.bcb.gov.br/dados/serie/bcdata.sgs.433/dados?formato=json,Variação mensal publicada.,inflacao,ready
ipca_mensal,2014-11-01,0.51,%,monthly,BCB/SGS 433,https://api.bcb.gov.br/dados/serie/bcdata.sgs.433/dados?formato=json,Variação mensal publicada.,inflacao,ready
ipca_mensal,2014-12-01,0.78,%,monthly,BCB/SGS 433,https://api.bcb.gov.br/dados/serie/bcdata.sgs.433/dados?formato=json,Variação mensal publicada.,inflacao,ready
ipca_mensal,2015-01-01,1.24,%,monthly,BCB/SGS 433,https://api.bcb.gov.br/dados/serie/bcdata.sgs.433/dados?formato=json,Variação mensal publicada.,inflacao,ready
ipca_mensal,2015-02-01,1.22,%,monthly,BCB/SGS 433,https://api.bcb.gov.br/dados/serie/bcdata.sgs.433/dados?formato=json,Variação mensal publicada.,inflacao,ready
ipca_mensal,2015-03-01,1.32,%,monthly,BCB/SGS 433,https://api.bcb.gov.br/dados/serie/bcdata.sgs.433/dados?formato=json,Variação mensal publicada.,inflacao,ready
ipca_mensal,2015-04-01,0.71,%,monthly,BCB/SGS 433,https://api.bcb.gov.br/dados/serie/bcdata.sgs.433/dados?formato=json,Variação mensal publicada.,inflacao,ready
ipca_mensal,2015-05-01,0.74,%,monthly,BCB/SGS 433,https://api.bcb.gov.br/dados/serie/bcdata.sgs.433/dados?formato=json,Variação mensal publicada.,inflacao,ready
ipca_mensal,2015-06-01,0.79,%,monthly,BCB/SGS 433,https://api.bcb.gov.br/dados/serie/bcdata.sgs.433/dados?formato=json,Variação mensal publicada.,inflacao,ready
ipca_mensal,2015-07-01,0.62,%,monthly,BCB/SGS 433,https://api.bcb.gov.br/dados/serie/bcdata.sgs.433/dados?formato=json,Variação mensal publicada.,inflacao,ready
ipca_mensal,2015-08-01,0.22,%,monthly,BCB/SGS 433,https://api.bcb.gov.br/dados/serie/bcdata.sgs.433/dados?formato=json,Variação mensal publicada.,inflacao,ready
ipca_mensal,2015-09-01,0.54,%,monthly,BCB/SGS 433,https://api.bcb.gov.br/dados/serie/bcdata.sgs.433/dados?formato=json,Variação mensal publicada.,inflacao,ready
ipca_mensal,2015-10-01,0.82,%,monthly,BCB/SGS 433,https://api.bcb.gov.br/dados/serie/bcdata.sgs.433/dados?formato=json,Variação mensal publicada.,inflacao,ready
ipca_mensal,2015-11-01,1.01,%,monthly,BCB/SGS 433,https://api.bcb.gov.br/dados/serie/bcdata.sgs.433/dados?formato=json,Variação mensal publicada.,inflacao,ready
ipca_mensal,2015-12-01,0.96,%,monthly,BCB/SGS 433,https://api.bcb.gov.br/dados/serie/bcdata.sgs.433/dados?formato=json,Variação mensal publicada.,inflacao,ready
ipca_mensal,2016-01-01,1.27,%,monthly,BCB/SGS 433,https://api.bcb.gov.br/dados/serie/bcdata.sgs.433/dados?formato=json,Variação mensal publicada.,inflacao,ready
ipca_mensal,2016-02-01,0.9,%,monthly,BCB/SGS 433,https://api.bcb.gov.br/dados/serie/bcdata.sgs.433/dados?formato=json,Variação mensal publicada.,inflacao,ready
ipca_mensal,2016-03-01,0.43,%,monthly,BCB/SGS 433,https://api.bcb.gov.br/dados/serie/bcdata.sgs.433/dados?formato=json,Variação mensal publicada.,inflacao,ready
ipca_mensal,2016-04-01,0.61,%,monthly,BCB/SGS 433,https://api.bcb.gov.br/dados/serie/bcdata.sgs.433/dados?formato=json,Variação mensal publicada.,inflacao,ready
ipca_mensal,2016-05-01,0.78,%,monthly,BCB/SGS 433,https://api.bcb.gov.br/dados/serie/bcdata.sgs.433/dados?formato=json,Variação mensal publicada.,inflacao,ready
ipca_mensal,2016-06-01,0.35,%,monthly,BCB/SGS 433,https://api.bcb.gov.br/dados/serie/bcdata.sgs.433/dados?formato=json,Variação mensal publicada.,inflacao,ready
ipca_mensal,2016-07-01,0.52,%,monthly,BCB/SGS 433,https://api.bcb.gov.br/dados/serie/bcdata.sgs.433/dados?formato=json,Variação mensal publicada.,inflacao,ready
ipca_mensal,2016-08-01,0.44,%,monthly,BCB/SGS 433,https://api.bcb.gov.br/dados/serie/bcdata.sgs.433/dados?formato=json,Variação mensal publicada.,inflacao,ready
ipca_mensal,2016-09-01,0.08,%,monthly,BCB/SGS 433,https://api.bcb.gov.br/dados/serie/bcdata.sgs.433/dados?formato=json,Variação mensal publicada.,inflacao,ready
ipca_mensal,2016-10-01,0.26,%,monthly,BCB/SGS 433,https://api.bcb.gov.br/dados/serie/bcdata.sgs.433/dados?formato=json,Variação mensal publicada.,inflacao,ready
ipca_mensal,2016-11-01,0.18,%,monthly,BCB/SGS 433,https://api.bcb.gov.br/dados/serie/bcdata.sgs.433/dados?formato=json,Variação mensal publicada.,inflacao,ready
ipca_mensal,2016-12-01,0.3,%,monthly,BCB/SGS 433,https://api.bcb.gov.br/dados/serie/bcdata.sgs.433/dados?formato=json,Variação mensal publicada.,inflacao,ready
ipca_mensal,2017-01-01,0.38,%,monthly,BCB/SGS 433,https://api.bcb.gov.br/dados/serie/bcdata.sgs.433/dados?formato=json,Variação mensal publicada.,inflacao,ready
ipca_mensal,2017-02-01,0.33,%,monthly,BCB/SGS 433,https://api.bcb.gov.br/dados/serie/bcdata.sgs.433/dados?formato=json,Variação mensal publicada.,inflacao,ready
ipca_mensal,2017-03-01,0.25,%,monthly,BCB/SGS 433,https://api.bcb.gov.br/dados/serie/bcdata.sgs.433/dados?formato=json,Variação mensal publicada.,inflacao,ready
ipca_mensal,2017-04-01,0.14,%,monthly,BCB/SGS 433,https://api.bcb.gov.br/dados/serie/bcdata.sgs.433/dados?formato=json,Variação mensal publicada.,inflacao,ready
ipca_mensal,2017-05-01,0.31,%,monthly,BCB/SGS 433,https://api.bcb.gov.br/dados/serie/bcdata.sgs.433/dados?formato=json,Variação mensal publicada.,inflacao,ready
ipca_mensal,2017-06-01,-0.23,%,monthly,BCB/SGS 433,https://api.bcb.gov.br/dados/serie/bcdata.sgs.433/dados?formato=json,Variação mensal publicada.,inflacao,ready
ipca_mensal,2017-07-01,0.24,%,monthly,BCB/SGS 433,https://api.bcb.gov.br/dados/serie/bcdata.sgs.433/dados?formato=json,Variação mensal publicada.,inflacao,ready
ipca_mensal,2017-08-01,0.19,%,monthly,BCB/SGS 433,https://api.bcb.gov.br/dados/serie/bcdata.sgs.433/dados?formato=json,Variação mensal publicada.,inflacao,ready
ipca_mensal,2017-09-01,0.16,%,monthly,BCB/SGS 433,https://api.bcb.gov.br/dados/serie/bcdata.sgs.433/dados?formato=json,Variação mensal publicada.,inflacao,ready
ipca_mensal,2017-10-01,0.42,%,monthly,BCB/SGS 433,https://api.bcb.gov.br/dados/serie/bcdata.sgs.433/dados?formato=json,Variação mensal publicada.,inflacao,ready
ipca_mensal,2017-11-01,0.28,%,monthly,BCB/SGS 433,https://api.bcb.gov.br/dados/serie/bcdata.sgs.433/dados?formato=json,Variação mensal publicada.,inflacao,ready
ipca_mensal,2017-12-01,0.44,%,monthly,BCB/SGS 433,https://api.bcb.gov.br/dados/serie/bcdata.sgs.433/dados?formato=json,Variação mensal publicada.,inflacao,ready
ipca_mensal,2018-01-01,0.29,%,monthly,BCB/SGS 433,https://api.bcb.gov.br/dados/serie/bcdata.sgs.433/dados?formato=json,Variação mensal publicada.,inflacao,ready
ipca_mensal,2018-02-01,0.32,%,monthly,BCB/SGS 433,https://api.bcb.gov.br/dados/serie/bcdata.sgs.433/dados?formato=json,Variação mensal publicada.,inflacao,ready
ipca_mensal,2018-03-01,0.09,%,monthly,BCB/SGS 433,https://api.bcb.gov.br/dados/serie/bcdata.sgs.433/dados?formato=json,Variação mensal publicada.,inflacao,ready
ipca_mensal,2018-04-01,0.22,%,monthly,BCB/SGS 433,https://api.bcb.gov.br/dados/serie/bcdata.sgs.433/dados?formato=json,Variação mensal publicada.,inflacao,ready
ipca_mensal,2018-05-01,0.4,%,monthly,BCB/SGS 433,https://api.bcb.gov.br/dados/serie/bcdata.sgs.433/dados?formato=json,Variação mensal publicada.,inflacao,ready
ipca_mensal,2018-06-01,1.26,%,monthly,BCB/SGS 433,https://api.bcb.gov.br/dados/serie/bcdata.sgs.433/dados?formato=json,Variação mensal publicada.,inflacao,ready
ipca_mensal,2018-07-01,0.33,%,monthly,BCB/SGS 433,https://api.bcb.gov.br/dados/serie/bcdata.sgs.433/dados?formato=json,Variação mensal publicada.,inflacao,ready
ipca_mensal,2018-08-01,-0.09,%,monthly,BCB/SGS 433,https://api.bcb.gov.br/dados/serie/bcdata.sgs.433/dados?formato=json,Variação mensal publicada.,inflacao,ready
ipca_mensal,2018-09-01,0.48,%,monthly,BCB/SGS 433,https://api.bcb.gov.br/dados/serie/bcdata.sgs.433/dados?formato=json,Variação mensal publicada.,inflacao,ready
ipca_mensal,2018-10-01,0.45,%,monthly,BCB/SGS 433,https://api.bcb.gov.br/dados/serie/bcdata.sgs.433/dados?formato=json,Variação mensal publicada.,inflacao,ready
ipca_mensal,2018-11-01,-0.21,%,monthly,BCB/SGS 433,https://api.bcb.gov.br/dados/serie/bcdata.sgs.433/dados?formato=json,Variação mensal publicada.,inflacao,ready
ipca_mensal,2018-12-01,0.15,%,monthly,BCB/SGS 433,https://api.bcb.gov.br/dados/serie/bcdata.sgs.433/dados?formato=json,Variação mensal publicada.,inflacao,ready
ipca_mensal,2019-01-01,0.32,%,monthly,BCB/SGS 433,https://api.bcb.gov.br/dados/serie/bcdata.sgs.433/dados?formato=json,Variação mensal publicada.,inflacao,ready
ipca_mensal,2019-02-01,0.43,%,monthly,BCB/SGS 433,https://api.bcb.gov.br/dados/serie/bcdata.sgs.433/dados?formato=json,Variação mensal publicada.,inflacao,ready
ipca_mensal,2019-03-01,0.75,%,monthly,BCB/SGS 433,https://api.bcb.gov.br/dados/serie/bcdata.sgs.433/dados?formato=json,Variação mensal publicada.,inflacao,ready
ipca_mensal,2019-04-01,0.57,%,monthly,BCB/SGS 433,https://api.bcb.gov.br/dados/serie/bcdata.sgs.433/dados?formato=json,Variação mensal publicada.,inflacao,ready
ipca_mensal,2019-05-01,0.13,%,monthly,BCB/SGS 433,https://api.bcb.gov.br/dados/serie/bcdata.sgs.433/dados?formato=json,Variação mensal publicada.,inflacao,ready
ipca_mensal,2019-06-01,0.01,%,monthly,BCB/SGS 433,https://api.bcb.gov.br/dados/serie/bcdata.sgs.433/dados?formato=json,Variação mensal publicada.,inflacao,ready
ipca_mensal,2019-07-01,0.19,%,monthly,BCB/SGS 433,https://api.bcb.gov.br/dados/serie/bcdata.sgs.433/dados?formato=json,Variação mensal publicada.,inflacao,ready
ipca_mensal,2019-08-01,0.11,%,monthly,BCB/SGS 433,https://api.bcb.gov.br/dados/serie/bcdata.sgs.433/dados?formato=json,Variação mensal publicada.,inflacao,ready
ipca_mensal,2019-09-01,-0.04,%,monthly,BCB/SGS 433,https://api.bcb.gov.br/dados/serie/bcdata.sgs.433/dados?formato=json,Variação mensal publicada.,inflacao,ready
ipca_mensal,2019-10-01,0.1,%,monthly,BCB/SGS 433,https://api.bcb.gov.br/dados/serie/bcdata.sgs.433/dados?formato=json,Variação mensal publicada.,inflacao,ready
ipca_mensal,2019-11-01,0.51,%,monthly,BCB/SGS 433,https://api.bcb.gov.br/dados/serie/bcdata.sgs.433/dados?formato=json,Variação mensal publicada.,inflacao,ready
ipca_mensal,2019-12-01,1.15,%,monthly,BCB/SGS 433,https://api.bcb.gov.br/dados/serie/bcdata.sgs.433/dados?formato=json,Variação mensal publicada.,inflacao,ready
ipca_mensal,2020-01-01,0.21,%,monthly,BCB/SGS 433,https://api.bcb.gov.br/dados/serie/bcdata.sgs.433/dados?formato=json,Variação mensal publicada.,inflacao,ready
ipca_mensal,2020-02-01,0.25,%,monthly,BCB/SGS 433,https://api.bcb.gov.br/dados/serie/bcdata.sgs.433/dados?formato=json,Variação mensal publicada.,inflacao,ready
ipca_mensal,2020-03-01,0.07,%,monthly,BCB/SGS 433,https://api.bcb.gov.br/dados/serie/bcdata.sgs.433/dados?formato=json,Variação mensal publicada.,inflacao,ready
ipca_mensal,2020-04-01,-0.31,%,monthly,BCB/SGS 433,https://api.bcb.gov.br/dados/serie/bcdata.sgs.433/dados?formato=json,Variação mensal publicada.,inflacao,ready
ipca_mensal,2020-05-01,-0.38,%,monthly,BCB/SGS 433,https://api.bcb.gov.br/dados/serie/bcdata.sgs.433/dados?formato=json,Variação mensal publicada.,inflacao,ready
ipca_mensal,2020-06-01,0.26,%,monthly,BCB/SGS 433,https://api.bcb.gov.br/dados/serie/bcdata.sgs.433/dados?formato=json,Variação mensal publicada.,inflacao,ready
ipca_mensal,2020-07-01,0.36,%,monthly,BCB/SGS 433,https://api.bcb.gov.br/dados/serie/bcdata.sgs.433/dados?formato=json,Variação mensal publicada.,inflacao,ready
ipca_mensal,2020-08-01,0.24,%,monthly,BCB/SGS 433,https://api.bcb.gov.br/dados/serie/bcdata.sgs.433/dados?formato=json,Variação mensal publicada.,inflacao,ready
ipca_mensal,2020-09-01,0.64,%,monthly,BCB/SGS 433,https://api.bcb.gov.br/dados/serie/bcdata.sgs.433/dados?formato=json,Variação mensal publicada.,inflacao,ready
ipca_mensal,2020-10-01,0.86,%,monthly,BCB/SGS 433,https://api.bcb.gov.br/dados/serie/bcdata.sgs.433/dados?formato=json,Variação mensal publicada.,inflacao,ready
ipca_mensal,2020-11-01,0.89,%,monthly,BCB/SGS 433,https://api.bcb.gov.br/dados/serie/bcdata.sgs.433/dados?formato=json,Variação mensal publicada.,inflacao,ready
ipca_mensal,2020-12-01,1.35,%,monthly,BCB/SGS 433,https://api.bcb.gov.br/dados/serie/bcdata.sgs.433/dados?formato=json,Variação mensal publicada.,inflacao,ready
ipca_mensal,2021-01-01,0.25,%,monthly,BCB/SGS 433,https://api.bcb.gov.br/dados/serie/bcdata.sgs.433/dados?formato=json,Variação mensal publicada.,inflacao,ready
ipca_mensal,2021-02-01,0.86,%,monthly,BCB/SGS 433,https://api.bcb.gov.br/dados/serie/bcdata.sgs.433/dados?formato=json,Variação mensal publicada.,inflacao,ready
ipca_mensal,2021-03-01,0.93,%,monthly,BCB/SGS 433,https://api.bcb.gov.br/dados/serie/bcdata.sgs.433/dados?formato=json,Variação mensal publicada.,inflacao,ready
ipca_mensal,2021-04-01,0.31,%,monthly,BCB/SGS 433,https://api.bcb.gov.br/dados/serie/bcdata.sgs.433/dados?formato=json,Variação mensal publicada.,inflacao,ready
ipca_mensal,2021-05-01,0.83,%,monthly,BCB/SGS 433,https://api.bcb.gov.br/dados/serie/bcdata.sgs.433/dados?formato=json,Variação mensal publicada.,inflacao,ready
ipca_mensal,2021-06-01,0.53,%,monthly,BCB/SGS 433,https://api.bcb.gov.br/dados/serie/bcdata.sgs.433/dados?formato=json,Variação mensal publicada.,inflacao,ready
ipca_mensal,2021-07-01,0.96,%,monthly,BCB/SGS 433,https://api.bcb.gov.br/dados/serie/bcdata.sgs.433/dados?formato=json,Variação mensal publicada.,inflacao,ready
ipca_mensal,2021-08-01,0.87,%,monthly,BCB/SGS 433,https://api.bcb.gov.br/dados/serie/bcdata.sgs.433/dados?formato=json,Variação mensal publicada.,inflacao,ready
ipca_mensal,2021-09-01,1.16,%,monthly,BCB/SGS 433,https://api.bcb.gov.br/dados/serie/bcdata.sgs.433/dados?formato=json,Variação mensal publicada.,inflacao,ready
ipca_mensal,2021-10-01,1.25,%,monthly,BCB/SGS 433,https://api.bcb.gov.br/dados/serie/bcdata.sgs.433/dados?formato=json,Variação mensal publicada.,inflacao,ready
ipca_mensal,2021-11-01,0.95,%,monthly,BCB/SGS 433,https://api.bcb.gov.br/dados/serie/bcdata.sgs.433/dados?formato=json,Variação mensal publicada.,inflacao,ready
ipca_mensal,2021-12-01,0.73,%,monthly,BCB/SGS 433,https://api.bcb.gov.br/dados/serie/bcdata.sgs.433/dados?formato=json,Variação mensal publicada.,inflacao,ready
ipca_mensal,2022-01-01,0.54,%,monthly,BCB/SGS 433,https://api.bcb.gov.br/dados/serie/bcdata.sgs.433/dados?formato=json,Variação mensal publicada.,inflacao,ready
ipca_mensal,2022-02-01,1.01,%,monthly,BCB/SGS 433,https://api.bcb.gov.br/dados/serie/bcdata.sgs.433/dados?formato=json,Variação mensal publicada.,inflacao,ready
ipca_mensal,2022-03-01,1.62,%,monthly,BCB/SGS 433,https://api.bcb.gov.br/dados/serie/bcdata.sgs.433/dados?formato=json,Variação mensal publicada.,inflacao,ready
ipca_mensal,2022-04-01,1.06,%,monthly,BCB/SGS 433,https://api.bcb.gov.br/dados/serie/bcdata.sgs.433/dados?formato=json,Variação mensal publicada.,inflacao,ready
ipca_mensal,2022-05-01,0.47,%,monthly,BCB/SGS 433,https://api.bcb.gov.br/dados/serie/bcdata.sgs.433/dados?formato=json,Variação mensal publicada.,inflacao,ready
ipca_mensal,2022-06-01,0.67,%,monthly,BCB/SGS 433,https://api.bcb.gov.br/dados/serie/bcdata.sgs.433/dados?formato=json,Variação mensal publicada.,inflacao,ready
ipca_mensal,2022-07-01,-0.68,%,monthly,BCB/SGS 433,https://api.bcb.gov.br/dados/serie/bcdata.sgs.433/dados?formato=json,Variação mensal publicada.,inflacao,ready
ipca_mensal,2022-08-01,-0.36,%,monthly,BCB/SGS 433,https://api.bcb.gov.br/dados/serie/bcdata.sgs.433/dados?formato=json,Variação mensal publicada.,inflacao,ready
ipca_mensal,2022-09-01,-0.29,%,monthly,BCB/SGS 433,https://api.bcb.gov.br/dados/serie/bcdata.sgs.433/dados?formato=json,Variação mensal publicada.,inflacao,ready
ipca_mensal,2022-10-01,0.59,%,monthly,BCB/SGS 433,https://api.bcb.gov.br/dados/serie/bcdata.sgs.433/dados?formato=json,Variação mensal publicada.,inflacao,ready
ipca_mensal,2022-11-01,0.41,%,monthly,BCB/SGS 433,https://api.bcb.gov.br/dados/serie/bcdata.sgs.433/dados?formato=json,Variação mensal publicada.,inflacao,ready
ipca_mensal,2022-12-01,0.62,%,monthly,BCB/SGS 433,https://api.bcb.gov.br/dados/serie/bcdata.sgs.433/dados?formato=json,Variação mensal publicada.,inflacao,ready
ipca_mensal,2023-01-01,0.53,%,monthly,BCB/SGS 433,https://api.bcb.gov.br/dados/serie/bcdata.sgs.433/dados?formato=json,Variação mensal publicada.,inflacao,ready
ipca_mensal,2023-02-01,0.84,%,monthly,BCB/SGS 433,https://api.bcb.gov.br/dados/serie/bcdata.sgs.433/dados?formato=json,Variação mensal publicada.,inflacao,ready
ipca_mensal,2023-03-01,0.71,%,monthly,BCB/SGS 433,https://api.bcb.gov.br/dados/serie/bcdata.sgs.433/dados?formato=json,Variação mensal publicada.,inflacao,ready
ipca_mensal,2023-04-01,0.61,%,monthly,BCB/SGS 433,https://api.bcb.gov.br/dados/serie/bcdata.sgs.433/dados?formato=json,Variação mensal publicada.,inflacao,ready
ipca_mensal,2023-05-01,0.23,%,monthly,BCB/SGS 433,https://api.bcb.gov.br/dados/serie/bcdata.sgs.433/dados?formato=json,Variação mensal publicada.,inflacao,ready
ipca_mensal,2023-06-01,-0.08,%,monthly,BCB/SGS 433,https://api.bcb.gov.br/dados/serie/bcdata.sgs.433/dados?formato=json,Variação mensal publicada.,inflacao,ready
ipca_mensal,2023-07-01,0.12,%,monthly,BCB/SGS 433,https://api.bcb.gov.br/dados/serie/bcdata.sgs.433/dados?formato=json,Variação mensal publicada.,inflacao,ready
ipca_mensal,2023-08-01,0.23,%,monthly,BCB/SGS 433,https://api.bcb.gov.br/dados/serie/bcdata.sgs.433/dados?formato=json,Variação mensal publicada.,inflacao,ready
ipca_mensal,2023-09-01,0.26,%,monthly,BCB/SGS 433,https://api.bcb.gov.br/dados/serie/bcdata.sgs.433/dados?formato=json,Variação mensal publicada.,inflacao,ready
ipca_mensal,2023-10-01,0.24,%,monthly,BCB/SGS 433,https://api.bcb.gov.br/dados/serie/bcdata.sgs.433/dados?formato=json,Variação mensal publicada.,inflacao,ready
ipca_mensal,2023-11-01,0.28,%,monthly,BCB/SGS 433,https://api.bcb.gov.br/dados/serie/bcdata.sgs.433/dados?formato=json,Variação mensal publicada.,inflacao,ready
ipca_mensal,2023-12-01,0.56,%,monthly,BCB/SGS 433,https://api.bcb.gov.br/dados/serie/bcdata.sgs.433/dados?formato=json,Variação mensal publicada.,inflacao,ready
ipca_mensal,2024-01-01,0.42,%,monthly,BCB/SGS 433,https://api.bcb.gov.br/dados/serie/bcdata.sgs.433/dados?formato=json,Variação mensal publicada.,inflacao,ready
ipca_mensal,2024-02-01,0.83,%,monthly,BCB/SGS 433,https://api.bcb.gov.br/dados/serie/bcdata.sgs.433/dados?formato=json,Variação mensal publicada.,inflacao,ready
ipca_mensal,2024-03-01,0.16,%,monthly,BCB/SGS 433,https://api.bcb.gov.br/dados/serie/bcdata.sgs.433/dados?formato=json,Variação mensal publicada.,inflacao,ready
ipca_mensal,2024-04-01,0.38,%,monthly,BCB/SGS 433,https://api.bcb.gov.br/dados/serie/bcdata.sgs.433/dados?formato=json,Variação mensal publicada.,inflacao,ready
ipca_mensal,2024-05-01,0.46,%,monthly,BCB/SGS 433,https://api.bcb.gov.br/dados/serie/bcdata.sgs.433/dados?formato=json,Variação mensal publicada.,inflacao,ready
ipca_mensal,2024-06-01,0.21,%,monthly,BCB/SGS 433,https://api.bcb.gov.br/dados/serie/bcdata.sgs.433/dados?formato=json,Variação mensal publicada.,inflacao,ready
ipca_mensal,2024-07-01,0.38,%,monthly,BCB/SGS 433,https://api.bcb.gov.br/dados/serie/bcdata.sgs.433/dados?formato=json,Variação mensal publicada.,inflacao,ready
ipca_mensal,2024-08-01,-0.02,%,monthly,BCB/SGS 433,https://api.bcb.gov.br/dados/serie/bcdata.sgs.433/dados?formato=json,Variação mensal publicada.,inflacao,ready
ipca_mensal,2024-09-01,0.44,%,monthly,BCB/SGS 433,https://api.bcb.gov.br/dados/serie/bcdata.sgs.433/dados?formato=json,Variação mensal publicada.,inflacao,ready
ipca_mensal,2024-10-01,0.56,%,monthly,BCB/SGS 433,https://api.bcb.gov.br/dados/serie/bcdata.sgs.433/dados?formato=json,Variação mensal publicada.,inflacao,ready
ipca_mensal,2024-11-01,0.39,%,monthly,BCB/SGS 433,https://api.bcb.gov.br/dados/serie/bcdata.sgs.433/dados?formato=json,Variação mensal publicada.,inflacao,ready
ipca_mensal,2024-12-01,0.52,%,monthly,BCB/SGS 433,https://api.bcb.gov.br/dados/serie/bcdata.sgs.433/dados?formato=json,Variação mensal publicada.,inflacao,ready
ipca_mensal,2025-01-01,0.16,%,monthly,BCB/SGS 433,https://api.bcb.gov.br/dados/serie/bcdata.sgs.433/dados?formato=json,Variação mensal publicada.,inflacao,ready
ipca_mensal,2025-02-01,1.31,%,monthly,BCB/SGS 433,https://api.bcb.gov.br/dados/serie/bcdata.sgs.433/dados?formato=json,Variação mensal publicada.,inflacao,ready
ipca_mensal,2025-03-01,0.56,%,monthly,BCB/SGS 433,https://api.bcb.gov.br/dados/serie/bcdata.sgs.433/dados?formato=json,Variação mensal publicada.,inflacao,ready
ipca_mensal,2025-04-01,0.43,%,monthly,BCB/SGS 433,https://api.bcb.gov.br/dados/serie/bcdata.sgs.433/dados?formato=json,Variação mensal publicada.,inflacao,ready
ipca_mensal,2025-05-01,0.26,%,monthly,BCB/SGS 433,https://api.bcb.gov.br/dados/serie/bcdata.sgs.433/dados?formato=json,Variação mensal publicada.,inflacao,ready
ipca_mensal,2025-06-01,0.24,%,monthly,BCB/SGS 433,https://api.bcb.gov.br/dados/serie/bcdata.sgs.433/dados?formato=json,Variação mensal publicada.,inflacao,ready
ipca_mensal,2025-07-01,0.26,%,monthly,BCB/SGS 433,https://api.bcb.gov.br/dados/serie/bcdata.sgs.433/dados?formato=json,Variação mensal publicada.,inflacao,ready
ipca_mensal,2025-08-01,-0.11,%,monthly,BCB/SGS 433,https://api.bcb.gov.br/dados/serie/bcdata.sgs.433/dados?formato=json,Variação mensal publicada.,inflacao,ready
ipca_mensal,2025-09-01,0.48,%,monthly,BCB/SGS 433,https://api.bcb.gov.br/dados/serie/bcdata.sgs.433/dados?formato=json,Variação mensal publicada.,inflacao,ready
ipca_mensal,2025-10-01,0.09,%,monthly,BCB/SGS 433,https://api.bcb.gov.br/dados/serie/bcdata.sgs.433/dados?formato=json,Variação mensal publicada.,inflacao,ready
ipca_mensal,2025-11-01,0.18,%,monthly,BCB/SGS 433,https://api.bcb.gov.br/dados/serie/bcdata.sgs.433/dados?formato=json,Variação mensal publicada.,inflacao,ready
ipca_mensal,2025-12-01,0.33,%,monthly,BCB/SGS 433,https://api.bcb.gov.br/dados/serie/bcdata.sgs.433/dados?formato=json,Variação mensal publicada.,inflacao,ready
ipca_mensal,2026-01-01,0.33,%,monthly,BCB/SGS 433,https://api.bcb.gov.br/dados/serie/bcdata.sgs.433/dados?formato=json,Variação mensal publicada.,inflacao,ready
ipca_mensal,2026-02-01,0.7,%,monthly,BCB/SGS 433,https://api.bcb.gov.br/dados/serie/bcdata.sgs.433/dados?formato=json,Variação mensal publicada.,inflacao,ready
ipca_mensal,2026-03-01,0.88,%,monthly,BCB/SGS 433,https://api.bcb.gov.br/dados/serie/bcdata.sgs.433/dados?formato=json,Variação mensal publicada.,inflacao,ready
ipca_mensal,2026-04-01,0.67,%,monthly,BCB/SGS 433,https://api.bcb.gov.br/dados/serie/bcdata.sgs.433/dados?formato=json,Variação mensal publicada.,inflacao,ready
ipca_mensal,2026-05-01,0.58,%,monthly,BCB/SGS 433,https://api.bcb.gov.br/dados/serie/bcdata.sgs.433/dados?formato=json,Variação mensal publicada.,inflacao,ready
ipca_mensal,2026-06-01,0.16,%,monthly,BCB/SGS 433,https://api.bcb.gov.br/dados/serie/bcdata.sgs.433/dados?formato=json,Variação mensal publicada.,inflacao,ready
ipca_mensal,2026-07-01,0.07,%,monthly,BCB/SGS 433,https://api.bcb.gov.br/dados/serie/bcdata.sgs.433/dados?formato=json,Variação mensal publicada.,inflacao,ready
pib_real_indice_anual,1996-12-31,101.91,número-índice,annual,IBGE/SIDRA 1621,https://apisidra.ibge.gov.br/values/t/1621/n1/all/v/584/p/all/c11255/90707/d/v584%202,Média dos quatro índices trimestrais de volume.,pib_real,ready
pib_real_indice_anual,1997-12-31,105.6975,número-índice,annual,IBGE/SIDRA 1621,https://apisidra.ibge.gov.br/values/t/1621/n1/all/v/584/p/all/c11255/90707/d/v584%202,Média dos quatro índices trimestrais de volume.,pib_real,ready
pib_real_indice_anual,1998-12-31,106.0725,número-índice,annual,IBGE/SIDRA 1621,https://apisidra.ibge.gov.br/values/t/1621/n1/all/v/584/p/all/c11255/90707/d/v584%202,Média dos quatro índices trimestrais de volume.,pib_real,ready
pib_real_indice_anual,1999-12-31,106.5775,número-índice,annual,IBGE/SIDRA 1621,https://apisidra.ibge.gov.br/values/t/1621/n1/all/v/584/p/all/c11255/90707/d/v584%202,Média dos quatro índices trimestrais de volume.,pib_real,ready
pib_real_indice_anual,2000-12-31,111.135,número-índice,annual,IBGE/SIDRA 1621,https://apisidra.ibge.gov.br/values/t/1621/n1/all/v/584/p/all/c11255/90707/d/v584%202,Média dos quatro índices trimestrais de volume.,pib_real,ready
pib_real_indice_anual,2001-12-31,112.8275,número-índice,annual,IBGE/SIDRA 1621,https://apisidra.ibge.gov.br/values/t/1621/n1/all/v/584/p/all/c11255/90707/d/v584%202,Média dos quatro índices trimestrais de volume.,pib_real,ready
pib_real_indice_anual,2002-12-31,116.2325,número-índice,annual,IBGE/SIDRA 1621,https://apisidra.ibge.gov.br/values/t/1621/n1/all/v/584/p/all/c11255/90707/d/v584%202,Média dos quatro índices trimestrais de volume.,pib_real,ready
pib_real_indice_anual,2003-12-31,117.58500000000001,número-índice,annual,IBGE/SIDRA 1621,https://apisidra.ibge.gov.br/values/t/1621/n1/all/v/584/p/all/c11255/90707/d/v584%202,Média dos quatro índices trimestrais de volume.,pib_real,ready
pib_real_indice_anual,2004-12-31,123.96000000000001,número-índice,annual,IBGE/SIDRA 1621,https://apisidra.ibge.gov.br/values/t/1621/n1/all/v/584/p/all/c11255/90707/d/v584%202,Média dos quatro índices trimestrais de volume.,pib_real,ready
pib_real_indice_anual,2005-12-31,128.455,número-índice,annual,IBGE/SIDRA 1621,https://apisidra.ibge.gov.br/values/t/1621/n1/all/v/584/p/all/c11255/90707/d/v584%202,Média dos quatro índices trimestrais de volume.,pib_real,ready
pib_real_indice_anual,2006-12-31,133.54,número-índice,annual,IBGE/SIDRA 1621,https://apisidra.ibge.gov.br/values/t/1621/n1/all/v/584/p/all/c11255/90707/d/v584%202,Média dos quatro índices trimestrais de volume.,pib_real,ready
pib_real_indice_anual,2007-12-31,141.4925,número-índice,annual,IBGE/SIDRA 1621,https://apisidra.ibge.gov.br/values/t/1621/n1/all/v/584/p/all/c11255/90707/d/v584%202,Média dos quatro índices trimestrais de volume.,pib_real,ready
pib_real_indice_anual,2008-12-31,148.25,número-índice,annual,IBGE/SIDRA 1621,https://apisidra.ibge.gov.br/values/t/1621/n1/all/v/584/p/all/c11255/90707/d/v584%202,Média dos quatro índices trimestrais de volume.,pib_real,ready
pib_real_indice_anual,2009-12-31,148.4925,número-índice,annual,IBGE/SIDRA 1621,https://apisidra.ibge.gov.br/values/t/1621/n1/all/v/584/p/all/c11255/90707/d/v584%202,Média dos quatro índices trimestrais de volume.,pib_real,ready
pib_real_indice_anual,2010-12-31,159.71,número-índice,annual,IBGE/SIDRA 1621,https://apisidra.ibge.gov.br/values/t/1621/n1/all/v/584/p/all/c11255/90707/d/v584%202,Média dos quatro índices trimestrais de volume.,pib_real,ready
pib_real_indice_anual,2011-12-31,166.25,número-índice,annual,IBGE/SIDRA 1621,https://apisidra.ibge.gov.br/values/t/1621/n1/all/v/584/p/all/c11255/90707/d/v584%202,Média dos quatro índices trimestrais de volume.,pib_real,ready
pib_real_indice_anual,2012-12-31,168.9275,número-índice,annual,IBGE/SIDRA 1621,https://apisidra.ibge.gov.br/values/t/1621/n1/all/v/584/p/all/c11255/90707/d/v584%202,Média dos quatro índices trimestrais de volume.,pib_real,ready
pib_real_indice_anual,2013-12-31,174.3425,número-índice,annual,IBGE/SIDRA 1621,https://apisidra.ibge.gov.br/values/t/1621/n1/all/v/584/p/all/c11255/90707/d/v584%202,Média dos quatro índices trimestrais de volume.,pib_real,ready
pib_real_indice_anual,2014-12-31,175.2575,número-índice,annual,IBGE/SIDRA 1621,https://apisidra.ibge.gov.br/values/t/1621/n1/all/v/584/p/all/c11255/90707/d/v584%202,Média dos quatro índices trimestrais de volume.,pib_real,ready
pib_real_indice_anual,2015-12-31,169.06,número-índice,annual,IBGE/SIDRA 1621,https://apisidra.ibge.gov.br/values/t/1621/n1/all/v/584/p/all/c11255/90707/d/v584%202,Média dos quatro índices trimestrais de volume.,pib_real,ready
pib_real_indice_anual,2016-12-31,163.15,número-índice,annual,IBGE/SIDRA 1621,https://apisidra.ibge.gov.br/values/t/1621/n1/all/v/584/p/all/c11255/90707/d/v584%202,Média dos quatro índices trimestrais de volume.,pib_real,ready
pib_real_indice_anual,2017-12-31,165.8,número-índice,annual,IBGE/SIDRA 1621,https://apisidra.ibge.gov.br/values/t/1621/n1/all/v/584/p/all/c11255/90707/d/v584%202,Média dos quatro índices trimestrais de volume.,pib_real,ready
pib_real_indice_anual,2018-12-31,168.5825,número-índice,annual,IBGE/SIDRA 1621,https://apisidra.ibge.gov.br/values/t/1621/n1/all/v/584/p/all/c11255/90707/d/v584%202,Média dos quatro índices trimestrais de volume.,pib_real,ready
pib_real_indice_anual,2019-12-31,170.64749999999998,número-índice,annual,IBGE/SIDRA 1621,https://apisidra.ibge.gov.br/values/t/1621/n1/all/v/584/p/all/c11255/90707/d/v584%202,Média dos quatro índices trimestrais de volume.,pib_real,ready
pib_real_indice_anual,2020-12-31,164.555,número-índice,annual,IBGE/SIDRA 1621,https://apisidra.ibge.gov.br/values/t/1621/n1/all/v/584/p/all/c11255/90707/d/v584%202,Média dos quatro índices trimestrais de volume.,pib_real,ready
pib_real_indice_anual,2021-12-31,172.9475,número-índice,annual,IBGE/SIDRA 1621,https://apisidra.ibge.gov.br/values/t/1621/n1/all/v/584/p/all/c11255/90707/d/v584%202,Média dos quatro índices trimestrais de volume.,pib_real,ready
pib_real_indice_anual,2022-12-31,178.33249999999998,número-índice,annual,IBGE/SIDRA 1621,https://apisidra.ibge.gov.br/values/t/1621/n1/all/v/584/p/all/c11255/90707/d/v584%202,Média dos quatro índices trimestrais de volume.,pib_real,ready
pib_real_indice_anual,2023-12-31,184.1325,número-índice,annual,IBGE/SIDRA 1621,https://apisidra.ibge.gov.br/values/t/1621/n1/all/v/584/p/all/c11255/90707/d/v584%202,Média dos quatro índices trimestrais de volume.,pib_real,ready
pib_real_indice_anual,2024-12-31,189.64,número-índice,annual,IBGE/SIDRA 1621,https://apisidra.ibge.gov.br/values/t/1621/n1/all/v/584/p/all/c11255/90707/d/v584%202,Média dos quatro índices trimestrais de volume.,pib_real,ready
pib_real_indice_anual,2025-12-31,194.555,número-índice,annual,IBGE/SIDRA 1621,https://apisidra.ibge.gov.br/values/t/1621/n1/all/v/584/p/all/c11255/90707/d/v584%202,Média dos quatro índices trimestrais de volume.,pib_real,ready
pib_real_indice_sa,1996-03-31,99.41,número-índice,quarterly,IBGE/SIDRA 1621,https://apisidra.ibge.gov.br/values/t/1621/n1/all/v/584/p/all/c11255/90707/d/v584%202,"Índice de volume com ajuste sazonal, conforme publicado.",pib_real,model_missing
pib_real_indice_sa,1996-06-30,100.6,número-índice,quarterly,IBGE/SIDRA 1621,https://apisidra.ibge.gov.br/values/t/1621/n1/all/v/584/p/all/c11255/90707/d/v584%202,"Índice de volume com ajuste sazonal, conforme publicado.",pib_real,model_missing
pib_real_indice_sa,1996-09-30,104.31,número-índice,quarterly,IBGE/SIDRA 1621,https://apisidra.ibge.gov.br/values/t/1621/n1/all/v/584/p/all/c11255/90707/d/v584%202,"Índice de volume com ajuste sazonal, conforme publicado.",pib_real,model_missing
pib_real_indice_sa,1996-12-31,103.32,número-índice,quarterly,IBGE/SIDRA 1621,https://apisidra.ibge.gov.br/values/t/1621/n1/all/v/584/p/all/c11255/90707/d/v584%202,"Índice de volume com ajuste sazonal, conforme publicado.",pib_real,model_missing
pib_real_indice_sa,1997-03-31,104.43,número-índice,quarterly,IBGE/SIDRA 1621,https://apisidra.ibge.gov.br/values/t/1621/n1/all/v/584/p/all/c11255/90707/d/v584%202,"Índice de volume com ajuste sazonal, conforme publicado.",pib_real,model_missing
pib_real_indice_sa,1997-06-30,104.93,número-índice,quarterly,IBGE/SIDRA 1621,https://apisidra.ibge.gov.br/values/t/1621/n1/all/v/584/p/all/c11255/90707/d/v584%202,"Índice de volume com ajuste sazonal, conforme publicado.",pib_real,model_missing
pib_real_indice_sa,1997-09-30,106.27,número-índice,quarterly,IBGE/SIDRA 1621,https://apisidra.ibge.gov.br/values/t/1621/n1/all/v/584/p/all/c11255/90707/d/v584%202,"Índice de volume com ajuste sazonal, conforme publicado.",pib_real,model_missing
pib_real_indice_sa,1997-12-31,107.16,número-índice,quarterly,IBGE/SIDRA 1621,https://apisidra.ibge.gov.br/values/t/1621/n1/all/v/584/p/all/c11255/90707/d/v584%202,"Índice de volume com ajuste sazonal, conforme publicado.",pib_real,model_missing
pib_real_indice_sa,1998-03-31,105.04,número-índice,quarterly,IBGE/SIDRA 1621,https://apisidra.ibge.gov.br/values/t/1621/n1/all/v/584/p/all/c11255/90707/d/v584%202,"Índice de volume com ajuste sazonal, conforme publicado.",pib_real,model_missing
pib_real_indice_sa,1998-06-30,106.85,número-índice,quarterly,IBGE/SIDRA 1621,https://apisidra.ibge.gov.br/values/t/1621/n1/all/v/584/p/all/c11255/90707/d/v584%202,"Índice de volume com ajuste sazonal, conforme publicado.",pib_real,model_missing
pib_real_indice_sa,1998-09-30,106.81,número-índice,quarterly,IBGE/SIDRA 1621,https://apisidra.ibge.gov.br/values/t/1621/n1/all/v/584/p/all/c11255/90707/d/v584%202,"Índice de volume com ajuste sazonal, conforme publicado.",pib_real,model_missing
pib_real_indice_sa,1998-12-31,105.59,número-índice,quarterly,IBGE/SIDRA 1621,https://apisidra.ibge.gov.br/values/t/1621/n1/all/v/584/p/all/c11255/90707/d/v584%202,"Índice de volume com ajuste sazonal, conforme publicado.",pib_real,model_missing
pib_real_indice_sa,1999-03-31,105.78,número-índice,quarterly,IBGE/SIDRA 1621,https://apisidra.ibge.gov.br/values/t/1621/n1/all/v/584/p/all/c11255/90707/d/v584%202,"Índice de volume com ajuste sazonal, conforme publicado.",pib_real,model_missing
pib_real_indice_sa,1999-06-30,106.34,número-índice,quarterly,IBGE/SIDRA 1621,https://apisidra.ibge.gov.br/values/t/1621/n1/all/v/584/p/all/c11255/90707/d/v584%202,"Índice de volume com ajuste sazonal, conforme publicado.",pib_real,model_missing
pib_real_indice_sa,1999-09-30,106.34,número-índice,quarterly,IBGE/SIDRA 1621,https://apisidra.ibge.gov.br/values/t/1621/n1/all/v/584/p/all/c11255/90707/d/v584%202,"Índice de volume com ajuste sazonal, conforme publicado.",pib_real,model_missing
pib_real_indice_sa,1999-12-31,107.85,número-índice,quarterly,IBGE/SIDRA 1621,https://apisidra.ibge.gov.br/values/t/1621/n1/all/v/584/p/all/c11255/90707/d/v584%202,"Índice de volume com ajuste sazonal, conforme publicado.",pib_real,model_missing
pib_real_indice_sa,2000-03-31,108.98,número-índice,quarterly,IBGE/SIDRA 1621,https://apisidra.ibge.gov.br/values/t/1621/n1/all/v/584/p/all/c11255/90707/d/v584%202,"Índice de volume com ajuste sazonal, conforme publicado.",pib_real,model_missing
pib_real_indice_sa,2000-06-30,110.53,número-índice,quarterly,IBGE/SIDRA 1621,https://apisidra.ibge.gov.br/values/t/1621/n1/all/v/584/p/all/c11255/90707/d/v584%202,"Índice de volume com ajuste sazonal, conforme publicado.",pib_real,model_missing
pib_real_indice_sa,2000-09-30,111.83,número-índice,quarterly,IBGE/SIDRA 1621,https://apisidra.ibge.gov.br/values/t/1621/n1/all/v/584/p/all/c11255/90707/d/v584%202,"Índice de volume com ajuste sazonal, conforme publicado.",pib_real,model_missing
pib_real_indice_sa,2000-12-31,113.2,número-índice,quarterly,IBGE/SIDRA 1621,https://apisidra.ibge.gov.br/values/t/1621/n1/all/v/584/p/all/c11255/90707/d/v584%202,"Índice de volume com ajuste sazonal, conforme publicado.",pib_real,model_missing
pib_real_indice_sa,2001-03-31,113.61,número-índice,quarterly,IBGE/SIDRA 1621,https://apisidra.ibge.gov.br/values/t/1621/n1/all/v/584/p/all/c11255/90707/d/v584%202,"Índice de volume com ajuste sazonal, conforme publicado.",pib_real,model_missing
pib_real_indice_sa,2001-06-30,113.07,número-índice,quarterly,IBGE/SIDRA 1621,https://apisidra.ibge.gov.br/values/t/1621/n1/all/v/584/p/all/c11255/90707/d/v584%202,"Índice de volume com ajuste sazonal, conforme publicado.",pib_real,model_missing
pib_real_indice_sa,2001-09-30,112.47,número-índice,quarterly,IBGE/SIDRA 1621,https://apisidra.ibge.gov.br/values/t/1621/n1/all/v/584/p/all/c11255/90707/d/v584%202,"Índice de volume com ajuste sazonal, conforme publicado.",pib_real,model_missing
pib_real_indice_sa,2001-12-31,112.16,número-índice,quarterly,IBGE/SIDRA 1621,https://apisidra.ibge.gov.br/values/t/1621/n1/all/v/584/p/all/c11255/90707/d/v584%202,"Índice de volume com ajuste sazonal, conforme publicado.",pib_real,model_missing
pib_real_indice_sa,2002-03-31,114.94,número-índice,quarterly,IBGE/SIDRA 1621,https://apisidra.ibge.gov.br/values/t/1621/n1/all/v/584/p/all/c11255/90707/d/v584%202,"Índice de volume com ajuste sazonal, conforme publicado.",pib_real,model_missing
pib_real_indice_sa,2002-06-30,115.19,número-índice,quarterly,IBGE/SIDRA 1621,https://apisidra.ibge.gov.br/values/t/1621/n1/all/v/584/p/all/c11255/90707/d/v584%202,"Índice de volume com ajuste sazonal, conforme publicado.",pib_real,model_missing
pib_real_indice_sa,2002-09-30,116.8,número-índice,quarterly,IBGE/SIDRA 1621,https://apisidra.ibge.gov.br/values/t/1621/n1/all/v/584/p/all/c11255/90707/d/v584%202,"Índice de volume com ajuste sazonal, conforme publicado.",pib_real,model_missing
pib_real_indice_sa,2002-12-31,118.0,número-índice,quarterly,IBGE/SIDRA 1621,https://apisidra.ibge.gov.br/values/t/1621/n1/all/v/584/p/all/c11255/90707/d/v584%202,"Índice de volume com ajuste sazonal, conforme publicado.",pib_real,model_missing
pib_real_indice_sa,2003-03-31,117.47,número-índice,quarterly,IBGE/SIDRA 1621,https://apisidra.ibge.gov.br/values/t/1621/n1/all/v/584/p/all/c11255/90707/d/v584%202,"Índice de volume com ajuste sazonal, conforme publicado.",pib_real,model_missing
pib_real_indice_sa,2003-06-30,116.48,número-índice,quarterly,IBGE/SIDRA 1621,https://apisidra.ibge.gov.br/values/t/1621/n1/all/v/584/p/all/c11255/90707/d/v584%202,"Índice de volume com ajuste sazonal, conforme publicado.",pib_real,model_missing
pib_real_indice_sa,2003-09-30,117.58,número-índice,quarterly,IBGE/SIDRA 1621,https://apisidra.ibge.gov.br/values/t/1621/n1/all/v/584/p/all/c11255/90707/d/v584%202,"Índice de volume com ajuste sazonal, conforme publicado.",pib_real,model_missing
pib_real_indice_sa,2003-12-31,118.81,número-índice,quarterly,IBGE/SIDRA 1621,https://apisidra.ibge.gov.br/values/t/1621/n1/all/v/584/p/all/c11255/90707/d/v584%202,"Índice de volume com ajuste sazonal, conforme publicado.",pib_real,model_missing
pib_real_indice_sa,2004-03-31,120.44,número-índice,quarterly,IBGE/SIDRA 1621,https://apisidra.ibge.gov.br/values/t/1621/n1/all/v/584/p/all/c11255/90707/d/v584%202,"Índice de volume com ajuste sazonal, conforme publicado.",pib_real,model_missing
pib_real_indice_sa,2004-06-30,123.76,número-índice,quarterly,IBGE/SIDRA 1621,https://apisidra.ibge.gov.br/values/t/1621/n1/all/v/584/p/all/c11255/90707/d/v584%202,"Índice de volume com ajuste sazonal, conforme publicado.",pib_real,model_missing
pib_real_indice_sa,2004-09-30,125.34,número-índice,quarterly,IBGE/SIDRA 1621,https://apisidra.ibge.gov.br/values/t/1621/n1/all/v/584/p/all/c11255/90707/d/v584%202,"Índice de volume com ajuste sazonal, conforme publicado.",pib_real,model_missing
pib_real_indice_sa,2004-12-31,126.3,número-índice,quarterly,IBGE/SIDRA 1621,https://apisidra.ibge.gov.br/values/t/1621/n1/all/v/584/p/all/c11255/90707/d/v584%202,"Índice de volume com ajuste sazonal, conforme publicado.",pib_real,model_missing
pib_real_indice_sa,2005-03-31,127.42,número-índice,quarterly,IBGE/SIDRA 1621,https://apisidra.ibge.gov.br/values/t/1621/n1/all/v/584/p/all/c11255/90707/d/v584%202,"Índice de volume com ajuste sazonal, conforme publicado.",pib_real,model_missing
pib_real_indice_sa,2005-06-30,128.74,número-índice,quarterly,IBGE/SIDRA 1621,https://apisidra.ibge.gov.br/values/t/1621/n1/all/v/584/p/all/c11255/90707/d/v584%202,"Índice de volume com ajuste sazonal, conforme publicado.",pib_real,model_missing
pib_real_indice_sa,2005-09-30,128.02,número-índice,quarterly,IBGE/SIDRA 1621,https://apisidra.ibge.gov.br/values/t/1621/n1/all/v/584/p/all/c11255/90707/d/v584%202,"Índice de volume com ajuste sazonal, conforme publicado.",pib_real,model_missing
pib_real_indice_sa,2005-12-31,129.64,número-índice,quarterly,IBGE/SIDRA 1621,https://apisidra.ibge.gov.br/values/t/1621/n1/all/v/584/p/all/c11255/90707/d/v584%202,"Índice de volume com ajuste sazonal, conforme publicado.",pib_real,model_missing
pib_real_indice_sa,2006-03-31,131.75,número-índice,quarterly,IBGE/SIDRA 1621,https://apisidra.ibge.gov.br/values/t/1621/n1/all/v/584/p/all/c11255/90707/d/v584%202,"Índice de volume com ajuste sazonal, conforme publicado.",pib_real,model_missing
pib_real_indice_sa,2006-06-30,132.14,número-índice,quarterly,IBGE/SIDRA 1621,https://apisidra.ibge.gov.br/values/t/1621/n1/all/v/584/p/all/c11255/90707/d/v584%202,"Índice de volume com ajuste sazonal, conforme publicado.",pib_real,model_missing
pib_real_indice_sa,2006-09-30,134.35,número-índice,quarterly,IBGE/SIDRA 1621,https://apisidra.ibge.gov.br/values/t/1621/n1/all/v/584/p/all/c11255/90707/d/v584%202,"Índice de volume com ajuste sazonal, conforme publicado.",pib_real,model_missing
pib_real_indice_sa,2006-12-31,135.92,número-índice,quarterly,IBGE/SIDRA 1621,https://apisidra.ibge.gov.br/values/t/1621/n1/all/v/584/p/all/c11255/90707/d/v584%202,"Índice de volume com ajuste sazonal, conforme publicado.",pib_real,model_missing
pib_real_indice_sa,2007-03-31,138.49,número-índice,quarterly,IBGE/SIDRA 1621,https://apisidra.ibge.gov.br/values/t/1621/n1/all/v/584/p/all/c11255/90707/d/v584%202,"Índice de volume com ajuste sazonal, conforme publicado.",pib_real,model_missing
pib_real_indice_sa,2007-06-30,140.8,número-índice,quarterly,IBGE/SIDRA 1621,https://apisidra.ibge.gov.br/values/t/1621/n1/all/v/584/p/all/c11255/90707/d/v584%202,"Índice de volume com ajuste sazonal, conforme publicado.",pib_real,model_missing
pib_real_indice_sa,2007-09-30,142.26,número-índice,quarterly,IBGE/SIDRA 1621,https://apisidra.ibge.gov.br/values/t/1621/n1/all/v/584/p/all/c11255/90707/d/v584%202,"Índice de volume com ajuste sazonal, conforme publicado.",pib_real,model_missing
pib_real_indice_sa,2007-12-31,144.42,número-índice,quarterly,IBGE/SIDRA 1621,https://apisidra.ibge.gov.br/values/t/1621/n1/all/v/584/p/all/c11255/90707/d/v584%202,"Índice de volume com ajuste sazonal, conforme publicado.",pib_real,model_missing
pib_real_indice_sa,2008-03-31,146.26,número-índice,quarterly,IBGE/SIDRA 1621,https://apisidra.ibge.gov.br/values/t/1621/n1/all/v/584/p/all/c11255/90707/d/v584%202,"Índice de volume com ajuste sazonal, conforme publicado.",pib_real,model_missing
pib_real_indice_sa,2008-06-30,149.18,número-índice,quarterly,IBGE/SIDRA 1621,https://apisidra.ibge.gov.br/values/t/1621/n1/all/v/584/p/all/c11255/90707/d/v584%202,"Índice de volume com ajuste sazonal, conforme publicado.",pib_real,model_missing
pib_real_indice_sa,2008-09-30,151.64,número-índice,quarterly,IBGE/SIDRA 1621,https://apisidra.ibge.gov.br/values/t/1621/n1/all/v/584/p/all/c11255/90707/d/v584%202,"Índice de volume com ajuste sazonal, conforme publicado.",pib_real,model_missing
pib_real_indice_sa,2008-12-31,145.92,número-índice,quarterly,IBGE/SIDRA 1621,https://apisidra.ibge.gov.br/values/t/1621/n1/all/v/584/p/all/c11255/90707/d/v584%202,"Índice de volume com ajuste sazonal, conforme publicado.",pib_real,model_missing
pib_real_indice_sa,2009-03-31,143.82,número-índice,quarterly,IBGE/SIDRA 1621,https://apisidra.ibge.gov.br/values/t/1621/n1/all/v/584/p/all/c11255/90707/d/v584%202,"Índice de volume com ajuste sazonal, conforme publicado.",pib_real,model_missing
pib_real_indice_sa,2009-06-30,146.48,número-índice,quarterly,IBGE/SIDRA 1621,https://apisidra.ibge.gov.br/values/t/1621/n1/all/v/584/p/all/c11255/90707/d/v584%202,"Índice de volume com ajuste sazonal, conforme publicado.",pib_real,model_missing
pib_real_indice_sa,2009-09-30,149.9,número-índice,quarterly,IBGE/SIDRA 1621,https://apisidra.ibge.gov.br/values/t/1621/n1/all/v/584/p/all/c11255/90707/d/v584%202,"Índice de volume com ajuste sazonal, conforme publicado.",pib_real,model_missing
pib_real_indice_sa,2009-12-31,153.77,número-índice,quarterly,IBGE/SIDRA 1621,https://apisidra.ibge.gov.br/values/t/1621/n1/all/v/584/p/all/c11255/90707/d/v584%202,"Índice de volume com ajuste sazonal, conforme publicado.",pib_real,model_missing
pib_real_indice_sa,2010-03-31,156.93,número-índice,quarterly,IBGE/SIDRA 1621,https://apisidra.ibge.gov.br/values/t/1621/n1/all/v/584/p/all/c11255/90707/d/v584%202,"Índice de volume com ajuste sazonal, conforme publicado.",pib_real,model_missing
pib_real_indice_sa,2010-06-30,158.94,número-índice,quarterly,IBGE/SIDRA 1621,https://apisidra.ibge.gov.br/values/t/1621/n1/all/v/584/p/all/c11255/90707/d/v584%202,"Índice de volume com ajuste sazonal, conforme publicado.",pib_real,model_missing
pib_real_indice_sa,2010-09-30,160.34,número-índice,quarterly,IBGE/SIDRA 1621,https://apisidra.ibge.gov.br/values/t/1621/n1/all/v/584/p/all/c11255/90707/d/v584%202,"Índice de volume com ajuste sazonal, conforme publicado.",pib_real,model_missing
pib_real_indice_sa,2010-12-31,162.63,número-índice,quarterly,IBGE/SIDRA 1621,https://apisidra.ibge.gov.br/values/t/1621/n1/all/v/584/p/all/c11255/90707/d/v584%202,"Índice de volume com ajuste sazonal, conforme publicado.",pib_real,model_missing
pib_real_indice_sa,2011-03-31,164.8,número-índice,quarterly,IBGE/SIDRA 1621,https://apisidra.ibge.gov.br/values/t/1621/n1/all/v/584/p/all/c11255/90707/d/v584%202,"Índice de volume com ajuste sazonal, conforme publicado.",pib_real,model_missing
pib_real_indice_sa,2011-06-30,166.48,número-índice,quarterly,IBGE/SIDRA 1621,https://apisidra.ibge.gov.br/values/t/1621/n1/all/v/584/p/all/c11255/90707/d/v584%202,"Índice de volume com ajuste sazonal, conforme publicado.",pib_real,model_missing
pib_real_indice_sa,2011-09-30,166.11,número-índice,quarterly,IBGE/SIDRA 1621,https://apisidra.ibge.gov.br/values/t/1621/n1/all/v/584/p/all/c11255/90707/d/v584%202,"Índice de volume com ajuste sazonal, conforme publicado.",pib_real,model_missing
pib_real_indice_sa,2011-12-31,167.61,número-índice,quarterly,IBGE/SIDRA 1621,https://apisidra.ibge.gov.br/values/t/1621/n1/all/v/584/p/all/c11255/90707/d/v584%202,"Índice de volume com ajuste sazonal, conforme publicado.",pib_real,model_missing
pib_real_indice_sa,2012-03-31,165.23,número-índice,quarterly,IBGE/SIDRA 1621,https://apisidra.ibge.gov.br/values/t/1621/n1/all/v/584/p/all/c11255/90707/d/v584%202,"Índice de volume com ajuste sazonal, conforme publicado.",pib_real,model_missing
pib_real_indice_sa,2012-06-30,168.22,número-índice,quarterly,IBGE/SIDRA 1621,https://apisidra.ibge.gov.br/values/t/1621/n1/all/v/584/p/all/c11255/90707/d/v584%202,"Índice de volume com ajuste sazonal, conforme publicado.",pib_real,model_missing
pib_real_indice_sa,2012-09-30,171.1,número-índice,quarterly,IBGE/SIDRA 1621,https://apisidra.ibge.gov.br/values/t/1621/n1/all/v/584/p/all/c11255/90707/d/v584%202,"Índice de volume com ajuste sazonal, conforme publicado.",pib_real,model_missing
pib_real_indice_sa,2012-12-31,171.16,número-índice,quarterly,IBGE/SIDRA 1621,https://apisidra.ibge.gov.br/values/t/1621/n1/all/v/584/p/all/c11255/90707/d/v584%202,"Índice de volume com ajuste sazonal, conforme publicado.",pib_real,model_missing
pib_real_indice_sa,2013-03-31,172.09,número-índice,quarterly,IBGE/SIDRA 1621,https://apisidra.ibge.gov.br/values/t/1621/n1/all/v/584/p/all/c11255/90707/d/v584%202,"Índice de volume com ajuste sazonal, conforme publicado.",pib_real,model_missing
pib_real_indice_sa,2013-06-30,174.44,número-índice,quarterly,IBGE/SIDRA 1621,https://apisidra.ibge.gov.br/values/t/1621/n1/all/v/584/p/all/c11255/90707/d/v584%202,"Índice de volume com ajuste sazonal, conforme publicado.",pib_real,model_missing
pib_real_indice_sa,2013-09-30,175.28,número-índice,quarterly,IBGE/SIDRA 1621,https://apisidra.ibge.gov.br/values/t/1621/n1/all/v/584/p/all/c11255/90707/d/v584%202,"Índice de volume com ajuste sazonal, conforme publicado.",pib_real,model_missing
pib_real_indice_sa,2013-12-31,175.56,número-índice,quarterly,IBGE/SIDRA 1621,https://apisidra.ibge.gov.br/values/t/1621/n1/all/v/584/p/all/c11255/90707/d/v584%202,"Índice de volume com ajuste sazonal, conforme publicado.",pib_real,model_missing
pib_real_indice_sa,2014-03-31,177.03,número-índice,quarterly,IBGE/SIDRA 1621,https://apisidra.ibge.gov.br/values/t/1621/n1/all/v/584/p/all/c11255/90707/d/v584%202,"Índice de volume com ajuste sazonal, conforme publicado.",pib_real,model_missing
pib_real_indice_sa,2014-06-30,174.43,número-índice,quarterly,IBGE/SIDRA 1621,https://apisidra.ibge.gov.br/values/t/1621/n1/all/v/584/p/all/c11255/90707/d/v584%202,"Índice de volume com ajuste sazonal, conforme publicado.",pib_real,model_missing
pib_real_indice_sa,2014-09-30,174.33,número-índice,quarterly,IBGE/SIDRA 1621,https://apisidra.ibge.gov.br/values/t/1621/n1/all/v/584/p/all/c11255/90707/d/v584%202,"Índice de volume com ajuste sazonal, conforme publicado.",pib_real,model_missing
pib_real_indice_sa,2014-12-31,175.24,número-índice,quarterly,IBGE/SIDRA 1621,https://apisidra.ibge.gov.br/values/t/1621/n1/all/v/584/p/all/c11255/90707/d/v584%202,"Índice de volume com ajuste sazonal, conforme publicado.",pib_real,model_missing
pib_real_indice_sa,2015-03-31,173.84,número-índice,quarterly,IBGE/SIDRA 1621,https://apisidra.ibge.gov.br/values/t/1621/n1/all/v/584/p/all/c11255/90707/d/v584%202,"Índice de volume com ajuste sazonal, conforme publicado.",pib_real,model_missing
pib_real_indice_sa,2015-06-30,169.76,número-índice,quarterly,IBGE/SIDRA 1621,https://apisidra.ibge.gov.br/values/t/1621/n1/all/v/584/p/all/c11255/90707/d/v584%202,"Índice de volume com ajuste sazonal, conforme publicado.",pib_real,model_missing
pib_real_indice_sa,2015-09-30,166.96,número-índice,quarterly,IBGE/SIDRA 1621,https://apisidra.ibge.gov.br/values/t/1621/n1/all/v/584/p/all/c11255/90707/d/v584%202,"Índice de volume com ajuste sazonal, conforme publicado.",pib_real,model_missing
pib_real_indice_sa,2015-12-31,165.68,número-índice,quarterly,IBGE/SIDRA 1621,https://apisidra.ibge.gov.br/values/t/1621/n1/all/v/584/p/all/c11255/90707/d/v584%202,"Índice de volume com ajuste sazonal, conforme publicado.",pib_real,model_missing
pib_real_indice_sa,2016-03-31,163.31,número-índice,quarterly,IBGE/SIDRA 1621,https://apisidra.ibge.gov.br/values/t/1621/n1/all/v/584/p/all/c11255/90707/d/v584%202,"Índice de volume com ajuste sazonal, conforme publicado.",pib_real,model_missing
pib_real_indice_sa,2016-06-30,163.74,número-índice,quarterly,IBGE/SIDRA 1621,https://apisidra.ibge.gov.br/values/t/1621/n1/all/v/584/p/all/c11255/90707/d/v584%202,"Índice de volume com ajuste sazonal, conforme publicado.",pib_real,model_missing
pib_real_indice_sa,2016-09-30,162.87,número-índice,quarterly,IBGE/SIDRA 1621,https://apisidra.ibge.gov.br/values/t/1621/n1/all/v/584/p/all/c11255/90707/d/v584%202,"Índice de volume com ajuste sazonal, conforme publicado.",pib_real,model_missing
pib_real_indice_sa,2016-12-31,162.68,número-índice,quarterly,IBGE/SIDRA 1621,https://apisidra.ibge.gov.br/values/t/1621/n1/all/v/584/p/all/c11255/90707/d/v584%202,"Índice de volume com ajuste sazonal, conforme publicado.",pib_real,model_missing
pib_real_indice_sa,2017-03-31,164.36,número-índice,quarterly,IBGE/SIDRA 1621,https://apisidra.ibge.gov.br/values/t/1621/n1/all/v/584/p/all/c11255/90707/d/v584%202,"Índice de volume com ajuste sazonal, conforme publicado.",pib_real,model_missing
pib_real_indice_sa,2017-06-30,165.74,número-índice,quarterly,IBGE/SIDRA 1621,https://apisidra.ibge.gov.br/values/t/1621/n1/all/v/584/p/all/c11255/90707/d/v584%202,"Índice de volume com ajuste sazonal, conforme publicado.",pib_real,model_missing
pib_real_indice_sa,2017-09-30,166.1,número-índice,quarterly,IBGE/SIDRA 1621,https://apisidra.ibge.gov.br/values/t/1621/n1/all/v/584/p/all/c11255/90707/d/v584%202,"Índice de volume com ajuste sazonal, conforme publicado.",pib_real,model_missing
pib_real_indice_sa,2017-12-31,167.0,número-índice,quarterly,IBGE/SIDRA 1621,https://apisidra.ibge.gov.br/values/t/1621/n1/all/v/584/p/all/c11255/90707/d/v584%202,"Índice de volume com ajuste sazonal, conforme publicado.",pib_real,model_missing
pib_real_indice_sa,2018-03-31,168.04,número-índice,quarterly,IBGE/SIDRA 1621,https://apisidra.ibge.gov.br/values/t/1621/n1/all/v/584/p/all/c11255/90707/d/v584%202,"Índice de volume com ajuste sazonal, conforme publicado.",pib_real,model_missing
pib_real_indice_sa,2018-06-30,167.83,número-índice,quarterly,IBGE/SIDRA 1621,https://apisidra.ibge.gov.br/values/t/1621/n1/all/v/584/p/all/c11255/90707/d/v584%202,"Índice de volume com ajuste sazonal, conforme publicado.",pib_real,model_missing
pib_real_indice_sa,2018-09-30,169.44,número-índice,quarterly,IBGE/SIDRA 1621,https://apisidra.ibge.gov.br/values/t/1621/n1/all/v/584/p/all/c11255/90707/d/v584%202,"Índice de volume com ajuste sazonal, conforme publicado.",pib_real,model_missing
pib_real_indice_sa,2018-12-31,169.02,número-índice,quarterly,IBGE/SIDRA 1621,https://apisidra.ibge.gov.br/values/t/1621/n1/all/v/584/p/all/c11255/90707/d/v584%202,"Índice de volume com ajuste sazonal, conforme publicado.",pib_real,model_missing
pib_real_indice_sa,2019-03-31,169.51,número-índice,quarterly,IBGE/SIDRA 1621,https://apisidra.ibge.gov.br/values/t/1621/n1/all/v/584/p/all/c11255/90707/d/v584%202,"Índice de volume com ajuste sazonal, conforme publicado.",pib_real,model_missing
pib_real_indice_sa,2019-06-30,170.5,número-índice,quarterly,IBGE/SIDRA 1621,https://apisidra.ibge.gov.br/values/t/1621/n1/all/v/584/p/all/c11255/90707/d/v584%202,"Índice de volume com ajuste sazonal, conforme publicado.",pib_real,model_missing
pib_real_indice_sa,2019-09-30,170.54,número-índice,quarterly,IBGE/SIDRA 1621,https://apisidra.ibge.gov.br/values/t/1621/n1/all/v/584/p/all/c11255/90707/d/v584%202,"Índice de volume com ajuste sazonal, conforme publicado.",pib_real,model_missing
pib_real_indice_sa,2019-12-31,172.04,número-índice,quarterly,IBGE/SIDRA 1621,https://apisidra.ibge.gov.br/values/t/1621/n1/all/v/584/p/all/c11255/90707/d/v584%202,"Índice de volume com ajuste sazonal, conforme publicado.",pib_real,model_missing
pib_real_indice_sa,2020-03-31,168.09,número-índice,quarterly,IBGE/SIDRA 1621,https://apisidra.ibge.gov.br/values/t/1621/n1/all/v/584/p/all/c11255/90707/d/v584%202,"Índice de volume com ajuste sazonal, conforme publicado.",pib_real,model_missing
pib_real_indice_sa,2020-06-30,153.17,número-índice,quarterly,IBGE/SIDRA 1621,https://apisidra.ibge.gov.br/values/t/1621/n1/all/v/584/p/all/c11255/90707/d/v584%202,"Índice de volume com ajuste sazonal, conforme publicado.",pib_real,model_missing
pib_real_indice_sa,2020-09-30,165.31,número-índice,quarterly,IBGE/SIDRA 1621,https://apisidra.ibge.gov.br/values/t/1621/n1/all/v/584/p/all/c11255/90707/d/v584%202,"Índice de volume com ajuste sazonal, conforme publicado.",pib_real,model_missing
pib_real_indice_sa,2020-12-31,171.65,número-índice,quarterly,IBGE/SIDRA 1621,https://apisidra.ibge.gov.br/values/t/1621/n1/all/v/584/p/all/c11255/90707/d/v584%202,"Índice de volume com ajuste sazonal, conforme publicado.",pib_real,model_missing
pib_real_indice_sa,2021-03-31,173.15,número-índice,quarterly,IBGE/SIDRA 1621,https://apisidra.ibge.gov.br/values/t/1621/n1/all/v/584/p/all/c11255/90707/d/v584%202,"Índice de volume com ajuste sazonal, conforme publicado.",pib_real,model_missing
pib_real_indice_sa,2021-06-30,171.94,número-índice,quarterly,IBGE/SIDRA 1621,https://apisidra.ibge.gov.br/values/t/1621/n1/all/v/584/p/all/c11255/90707/d/v584%202,"Índice de volume com ajuste sazonal, conforme publicado.",pib_real,model_missing
pib_real_indice_sa,2021-09-30,172.2,número-índice,quarterly,IBGE/SIDRA 1621,https://apisidra.ibge.gov.br/values/t/1621/n1/all/v/584/p/all/c11255/90707/d/v584%202,"Índice de volume com ajuste sazonal, conforme publicado.",pib_real,model_missing
pib_real_indice_sa,2021-12-31,174.5,número-índice,quarterly,IBGE/SIDRA 1621,https://apisidra.ibge.gov.br/values/t/1621/n1/all/v/584/p/all/c11255/90707/d/v584%202,"Índice de volume com ajuste sazonal, conforme publicado.",pib_real,model_missing
pib_real_indice_sa,2022-03-31,175.7,número-índice,quarterly,IBGE/SIDRA 1621,https://apisidra.ibge.gov.br/values/t/1621/n1/all/v/584/p/all/c11255/90707/d/v584%202,"Índice de volume com ajuste sazonal, conforme publicado.",pib_real,model_missing
pib_real_indice_sa,2022-06-30,177.7,número-índice,quarterly,IBGE/SIDRA 1621,https://apisidra.ibge.gov.br/values/t/1621/n1/all/v/584/p/all/c11255/90707/d/v584%202,"Índice de volume com ajuste sazonal, conforme publicado.",pib_real,model_missing
pib_real_indice_sa,2022-09-30,179.58,número-índice,quarterly,IBGE/SIDRA 1621,https://apisidra.ibge.gov.br/values/t/1621/n1/all/v/584/p/all/c11255/90707/d/v584%202,"Índice de volume com ajuste sazonal, conforme publicado.",pib_real,model_missing
pib_real_indice_sa,2022-12-31,180.35,número-índice,quarterly,IBGE/SIDRA 1621,https://apisidra.ibge.gov.br/values/t/1621/n1/all/v/584/p/all/c11255/90707/d/v584%202,"Índice de volume com ajuste sazonal, conforme publicado.",pib_real,model_missing
pib_real_indice_sa,2023-03-31,182.77,número-índice,quarterly,IBGE/SIDRA 1621,https://apisidra.ibge.gov.br/values/t/1621/n1/all/v/584/p/all/c11255/90707/d/v584%202,"Índice de volume com ajuste sazonal, conforme publicado.",pib_real,model_missing
pib_real_indice_sa,2023-06-30,184.19,número-índice,quarterly,IBGE/SIDRA 1621,https://apisidra.ibge.gov.br/values/t/1621/n1/all/v/584/p/all/c11255/90707/d/v584%202,"Índice de volume com ajuste sazonal, conforme publicado.",pib_real,model_missing
pib_real_indice_sa,2023-09-30,184.43,número-índice,quarterly,IBGE/SIDRA 1621,https://apisidra.ibge.gov.br/values/t/1621/n1/all/v/584/p/all/c11255/90707/d/v584%202,"Índice de volume com ajuste sazonal, conforme publicado.",pib_real,model_missing
pib_real_indice_sa,2023-12-31,185.14,número-índice,quarterly,IBGE/SIDRA 1621,https://apisidra.ibge.gov.br/values/t/1621/n1/all/v/584/p/all/c11255/90707/d/v584%202,"Índice de volume com ajuste sazonal, conforme publicado.",pib_real,model_missing
pib_real_indice_sa,2024-03-31,186.4,número-índice,quarterly,IBGE/SIDRA 1621,https://apisidra.ibge.gov.br/values/t/1621/n1/all/v/584/p/all/c11255/90707/d/v584%202,"Índice de volume com ajuste sazonal, conforme publicado.",pib_real,model_missing
pib_real_indice_sa,2024-06-30,189.52,número-índice,quarterly,IBGE/SIDRA 1621,https://apisidra.ibge.gov.br/values/t/1621/n1/all/v/584/p/all/c11255/90707/d/v584%202,"Índice de volume com ajuste sazonal, conforme publicado.",pib_real,model_missing
pib_real_indice_sa,2024-09-30,191.23,número-índice,quarterly,IBGE/SIDRA 1621,https://apisidra.ibge.gov.br/values/t/1621/n1/all/v/584/p/all/c11255/90707/d/v584%202,"Índice de volume com ajuste sazonal, conforme publicado.",pib_real,model_missing
pib_real_indice_sa,2024-12-31,191.41,número-índice,quarterly,IBGE/SIDRA 1621,https://apisidra.ibge.gov.br/values/t/1621/n1/all/v/584/p/all/c11255/90707/d/v584%202,"Índice de volume com ajuste sazonal, conforme publicado.",pib_real,model_missing
pib_real_indice_sa,2025-03-31,193.84,número-índice,quarterly,IBGE/SIDRA 1621,https://apisidra.ibge.gov.br/values/t/1621/n1/all/v/584/p/all/c11255/90707/d/v584%202,"Índice de volume com ajuste sazonal, conforme publicado.",pib_real,model_missing
pib_real_indice_sa,2025-06-30,194.5,número-índice,quarterly,IBGE/SIDRA 1621,https://apisidra.ibge.gov.br/values/t/1621/n1/all/v/584/p/all/c11255/90707/d/v584%202,"Índice de volume com ajuste sazonal, conforme publicado.",pib_real,model_missing
pib_real_indice_sa,2025-09-30,194.69,número-índice,quarterly,IBGE/SIDRA 1621,https://apisidra.ibge.gov.br/values/t/1621/n1/all/v/584/p/all/c11255/90707/d/v584%202,"Índice de volume com ajuste sazonal, conforme publicado.",pib_real,model_missing
pib_real_indice_sa,2025-12-31,195.19,número-índice,quarterly,IBGE/SIDRA 1621,https://apisidra.ibge.gov.br/values/t/1621/n1/all/v/584/p/all/c11255/90707/d/v584%202,"Índice de volume com ajuste sazonal, conforme publicado.",pib_real,model_missing
pib_real_indice_sa,2026-03-31,197.34,número-índice,quarterly,IBGE/SIDRA 1621,https://apisidra.ibge.gov.br/values/t/1621/n1/all/v/584/p/all/c11255/90707/d/v584%202,"Índice de volume com ajuste sazonal, conforme publicado.",pib_real,model_missing
populacao_anual,2001-12-31,172385826.0,pessoas,annual,IBGE/SIDRA 6579,https://apisidra.ibge.gov.br/values/t/6579/n1/all/v/9324/p/all,População residente estimada publicada.,indice_populacao,ready
populacao_anual,2002-12-31,174632960.0,pessoas,annual,IBGE/SIDRA 6579,https://apisidra.ibge.gov.br/values/t/6579/n1/all/v/9324/p/all,População residente estimada publicada.,indice_populacao,ready
populacao_anual,2003-12-31,176871437.0,pessoas,annual,IBGE/SIDRA 6579,https://apisidra.ibge.gov.br/values/t/6579/n1/all/v/9324/p/all,População residente estimada publicada.,indice_populacao,ready
populacao_anual,2004-12-31,181569056.0,pessoas,annual,IBGE/SIDRA 6579,https://apisidra.ibge.gov.br/values/t/6579/n1/all/v/9324/p/all,População residente estimada publicada.,indice_populacao,ready
populacao_anual,2005-12-31,184184264.0,pessoas,annual,IBGE/SIDRA 6579,https://apisidra.ibge.gov.br/values/t/6579/n1/all/v/9324/p/all,População residente estimada publicada.,indice_populacao,ready
populacao_anual,2006-12-31,186770562.0,pessoas,annual,IBGE/SIDRA 6579,https://apisidra.ibge.gov.br/values/t/6579/n1/all/v/9324/p/all,População residente estimada publicada.,indice_populacao,ready
populacao_anual,2008-12-31,189605006.0,pessoas,annual,IBGE/SIDRA 6579,https://apisidra.ibge.gov.br/values/t/6579/n1/all/v/9324/p/all,População residente estimada publicada.,indice_populacao,ready
populacao_anual,2009-12-31,191480630.0,pessoas,annual,IBGE/SIDRA 6579,https://apisidra.ibge.gov.br/values/t/6579/n1/all/v/9324/p/all,População residente estimada publicada.,indice_populacao,ready
populacao_anual,2011-12-31,192379287.0,pessoas,annual,IBGE/SIDRA 6579,https://apisidra.ibge.gov.br/values/t/6579/n1/all/v/9324/p/all,População residente estimada publicada.,indice_populacao,ready
populacao_anual,2012-12-31,193904015.0,pessoas,annual,IBGE/SIDRA 6579,https://apisidra.ibge.gov.br/values/t/6579/n1/all/v/9324/p/all,População residente estimada publicada.,indice_populacao,ready
populacao_anual,2013-12-31,201032714.0,pessoas,annual,IBGE/SIDRA 6579,https://apisidra.ibge.gov.br/values/t/6579/n1/all/v/9324/p/all,População residente estimada publicada.,indice_populacao,ready
populacao_anual,2014-12-31,202768562.0,pessoas,annual,IBGE/SIDRA 6579,https://apisidra.ibge.gov.br/values/t/6579/n1/all/v/9324/p/all,População residente estimada publicada.,indice_populacao,ready
populacao_anual,2015-12-31,204450049.0,pessoas,annual,IBGE/SIDRA 6579,https://apisidra.ibge.gov.br/values/t/6579/n1/all/v/9324/p/all,População residente estimada publicada.,indice_populacao,ready
populacao_anual,2016-12-31,206081432.0,pessoas,annual,IBGE/SIDRA 6579,https://apisidra.ibge.gov.br/values/t/6579/n1/all/v/9324/p/all,População residente estimada publicada.,indice_populacao,ready
populacao_anual,2017-12-31,207660929.0,pessoas,annual,IBGE/SIDRA 6579,https://apisidra.ibge.gov.br/values/t/6579/n1/all/v/9324/p/all,População residente estimada publicada.,indice_populacao,ready
populacao_anual,2018-12-31,208494900.0,pessoas,annual,IBGE/SIDRA 6579,https://apisidra.ibge.gov.br/values/t/6579/n1/all/v/9324/p/all,População residente estimada publicada.,indice_populacao,ready
populacao_anual,2019-12-31,210147125.0,pessoas,annual,IBGE/SIDRA 6579,https://apisidra.ibge.gov.br/values/t/6579/n1/all/v/9324/p/all,População residente estimada publicada.,indice_populacao,ready
populacao_anual,2020-12-31,211755692.0,pessoas,annual,IBGE/SIDRA 6579,https://apisidra.ibge.gov.br/values/t/6579/n1/all/v/9324/p/all,População residente estimada publicada.,indice_populacao,ready
populacao_anual,2021-12-31,213317639.0,pessoas,annual,IBGE/SIDRA 6579,https://apisidra.ibge.gov.br/values/t/6579/n1/all/v/9324/p/all,População residente estimada publicada.,indice_populacao,ready
populacao_anual,2024-12-31,212583750.0,pessoas,annual,IBGE/SIDRA 6579,https://apisidra.ibge.gov.br/values/t/6579/n1/all/v/9324/p/all,População residente estimada publicada.,indice_populacao,ready
populacao_anual,2025-12-31,213421037.0,pessoas,annual,IBGE/SIDRA 6579,https://apisidra.ibge.gov.br/values/t/6579/n1/all/v/9324/p/all,População residente estimada publicada.,indice_populacao,ready
taxa_desemprego_anual,2012-12-31,7.4,%,annual,IBGE/SIDRA 4562,https://apisidra.ibge.gov.br/values/t/4562/n1/all/v/4099/p/all,Taxa anual publicada pela PNAD Contínua.,taxa_desemprego,ready
taxa_desemprego_anual,2013-12-31,7.3,%,annual,IBGE/SIDRA 4562,https://apisidra.ibge.gov.br/values/t/4562/n1/all/v/4099/p/all,Taxa anual publicada pela PNAD Contínua.,taxa_desemprego,ready
taxa_desemprego_anual,2014-12-31,7.0,%,annual,IBGE/SIDRA 4562,https://apisidra.ibge.gov.br/values/t/4562/n1/all/v/4099/p/all,Taxa anual publicada pela PNAD Contínua.,taxa_desemprego,ready
taxa_desemprego_anual,2015-12-31,8.9,%,annual,IBGE/SIDRA 4562,https://apisidra.ibge.gov.br/values/t/4562/n1/all/v/4099/p/all,Taxa anual publicada pela PNAD Contínua.,taxa_desemprego,ready
taxa_desemprego_anual,2016-12-31,11.6,%,annual,IBGE/SIDRA 4562,https://apisidra.ibge.gov.br/values/t/4562/n1/all/v/4099/p/all,Taxa anual publicada pela PNAD Contínua.,taxa_desemprego,ready
taxa_desemprego_anual,2017-12-31,12.6,%,annual,IBGE/SIDRA 4562,https://apisidra.ibge.gov.br/values/t/4562/n1/all/v/4099/p/all,Taxa anual publicada pela PNAD Contínua.,taxa_desemprego,ready
taxa_desemprego_anual,2018-12-31,12.1,%,annual,IBGE/SIDRA 4562,https://apisidra.ibge.gov.br/values/t/4562/n1/all/v/4099/p/all,Taxa anual publicada pela PNAD Contínua.,taxa_desemprego,ready
taxa_desemprego_anual,2019-12-31,11.8,%,annual,IBGE/SIDRA 4562,https://apisidra.ibge.gov.br/values/t/4562/n1/all/v/4099/p/all,Taxa anual publicada pela PNAD Contínua.,taxa_desemprego,ready
taxa_desemprego_anual,2020-12-31,13.7,%,annual,IBGE/SIDRA 4562,https://apisidra.ibge.gov.br/values/t/4562/n1/all/v/4099/p/all,Taxa anual publicada pela PNAD Contínua.,taxa_desemprego,ready
taxa_desemprego_anual,2021-12-31,14.0,%,annual,IBGE/SIDRA 4562,https://apisidra.ibge.gov.br/values/t/4562/n1/all/v/4099/p/all,Taxa anual publicada pela PNAD Contínua.,taxa_desemprego,ready
taxa_desemprego_anual,2022-12-31,9.6,%,annual,IBGE/SIDRA 4562,https://apisidra.ibge.gov.br/values/t/4562/n1/all/v/4099/p/all,Taxa anual publicada pela PNAD Contínua.,taxa_desemprego,ready
taxa_desemprego_anual,2023-12-31,7.7,%,annual,IBGE/SIDRA 4562,https://apisidra.ibge.gov.br/values/t/4562/n1/all/v/4099/p/all,Taxa anual publicada pela PNAD Contínua.,taxa_desemprego,ready
taxa_desemprego_anual,2024-12-31,6.6,%,annual,IBGE/SIDRA 4562,https://apisidra.ibge.gov.br/values/t/4562/n1/all/v/4099/p/all,Taxa anual publicada pela PNAD Contínua.,taxa_desemprego,ready
taxa_desemprego_anual,2025-12-31,5.6,%,annual,IBGE/SIDRA 4562,https://apisidra.ibge.gov.br/values/t/4562/n1/all/v/4099/p/all,Taxa anual publicada pela PNAD Contínua.,taxa_desemprego,ready
