cenario,tipo_choque,multiplicador_produtividade,perda_produtividade,choque_permanente,simulacao,seed,periodo,pib_real,taxa_desemprego,inflacao,deficit_governo,deficit_externo
benchmark,benchmark,1.0,0.0,False,1,42,0,7609597.0,0.138,0.03,0.12063832026847152,0.010583740505574736
benchmark,benchmark,1.0,0.0,False,1,42,1,7652724.38733265,0.14039181650999813,0.030000000000000027,0.11859183719691781,0.007984885903803248
benchmark,benchmark,1.0,0.0,False,1,42,2,7801103.962356615,0.13522744274108023,0.02418925667905869,0.12049839550176797,0.0062871968075281755
benchmark,benchmark,1.0,0.0,False,1,42,3,8022931.17537678,0.12581917429507655,0.026808879878366332,0.11284390543883532,0.005699729118197142
benchmark,benchmark,1.0,0.0,False,1,42,4,8394049.117589632,0.11075441073636484,0.029794467562436644,0.10562257887155795,0.0052840663367776635
benchmark,benchmark,1.0,0.0,False,1,42,5,8600862.808512889,0.09633131492055666,0.0434044141103036,0.09777343319611342,0.008313009411938122
benchmark,benchmark,1.0,0.0,False,1,42,6,8805546.863285447,0.09025336871852714,0.06175782241148764,0.0968150565562576,0.011799251873686082
benchmark,benchmark,1.0,0.0,False,1,42,7,8937305.299461177,0.09049401965082252,0.08397227890660575,0.10268619966589033,0.014052315269783362
benchmark,benchmark,1.0,0.0,False,1,42,8,9026819.935734155,0.09437889502922667,0.10292474178068733,0.1137165985894287,0.012934603294230254
benchmark,benchmark,1.0,0.0,False,1,42,9,8982186.214327602,0.10637726631354956,0.11619810768294014,0.12928063227993764,0.009426924098339312
benchmark,benchmark,1.0,0.0,False,1,42,10,8875795.840527793,0.12150342061014453,0.11491972016012153,0.15025016481844647,0.002554402337303946
benchmark,benchmark,1.0,0.0,False,1,42,11,8702161.917451346,0.13598845646059005,0.10448939257871404,0.16780485600403536,-0.007838345175273745
benchmark,benchmark,1.0,0.0,False,1,42,12,8605329.705796408,0.14064555918832708,0.08292184496035371,0.1789666738753089,-0.022750977021973075
benchmark,benchmark,1.0,0.0,False,1,42,13,8763751.655996973,0.1342472759566382,0.06324750835494597,0.1730952650450367,-0.03162248614265874
benchmark,benchmark,1.0,0.0,False,1,42,14,9073816.480949381,0.11719862757445872,0.04466975446072352,0.16108017776536387,-0.03433356342155109
benchmark,benchmark,1.0,0.0,False,1,42,15,9767739.351455217,0.08750247007268953,0.03906309172569555,0.1376022138713063,-0.023880932865198948
benchmark,benchmark,1.0,0.0,False,1,42,16,10225316.070023559,0.06336196021821773,0.053169487483705424,0.12023807380819963,-0.017683340427098418
benchmark,benchmark,1.0,0.0,False,1,42,17,10586047.710683277,0.05369337349025676,0.09307572367948347,0.1113828969635501,-0.006329575526634499
benchmark,benchmark,1.0,0.0,False,1,42,18,10872072.124031637,0.05702097570007454,0.14698346391158768,0.11754604957641306,0.00482037068148622
benchmark,benchmark,1.0,0.0,False,1,42,19,11172195.00037144,0.06420719597819649,0.19478368086175424,0.13493857834065628,0.013533607966461135
benchmark,benchmark,1.0,0.0,False,1,42,20,11201309.669151967,0.06772905028444465,0.22316281924196257,0.15242338807835962,0.013304394082466276
benchmark,benchmark,1.0,0.0,False,1,42,21,11190364.440531325,0.07359282336259756,0.23690473307537974,0.1630878349662149,0.010271717153190108
benchmark,benchmark,1.0,0.0,False,1,42,22,10987424.406967456,0.08710977322935891,0.23087013942826728,0.18287783302035632,-0.004738318952332682
benchmark,benchmark,1.0,0.0,False,1,42,23,10783951.558184605,0.0959408507821949,0.20992234324392678,0.20150569200375798,-0.022740228476492135
benchmark,benchmark,1.0,0.0,False,1,42,24,10692524.494708534,0.09975964723450689,0.17814123917477898,0.20702220846159045,-0.036408339235340405
benchmark,benchmark,1.0,0.0,False,1,42,25,10796002.242249193,0.0875385315965775,0.14734603175453787,0.20250986660619705,-0.049490542862813285
benchmark,benchmark,1.0,0.0,False,2,43,0,7609597.0,0.138,0.03,0.12063832026847152,0.010583740505574736
benchmark,benchmark,1.0,0.0,False,2,43,1,7652724.38733265,0.14039181650999813,0.030000000000000027,0.11859183719691781,0.007984885903803248
benchmark,benchmark,1.0,0.0,False,2,43,2,7795020.874483838,0.13522708141572493,0.024191530163762076,0.12053436588815551,0.006861983543173556
benchmark,benchmark,1.0,0.0,False,2,43,3,8037316.46680246,0.12476063426065676,0.026811775187928433,0.11260565842351052,0.00624820585705405
benchmark,benchmark,1.0,0.0,False,2,43,4,8348844.63122399,0.11108254305111744,0.030217521397929215,0.10567504655299073,0.007147843342347539
benchmark,benchmark,1.0,0.0,False,2,43,5,8587375.876903674,0.0985623921570945,0.043660273848172615,0.09909317882515398,0.00903596350924312
benchmark,benchmark,1.0,0.0,False,2,43,6,8800352.651764467,0.08863070021264373,0.06137623585113583,0.09685493266281833,0.009883061898685142
benchmark,benchmark,1.0,0.0,False,2,43,7,8996143.893453674,0.08664965439533324,0.0852880451285849,0.09873401758620069,0.013667358968836018
benchmark,benchmark,1.0,0.0,False,2,43,8,9048370.157807399,0.09427326955341966,0.10614460823049732,0.1115785160203094,0.016576521475690144
benchmark,benchmark,1.0,0.0,False,2,43,9,8994228.006149635,0.1083552086889816,0.11825226131135724,0.1313095544562664,0.011222510770315903
benchmark,benchmark,1.0,0.0,False,2,43,10,8832679.051912775,0.12469542971652925,0.11742723076681982,0.15265043480360704,0.002922004193652215
benchmark,benchmark,1.0,0.0,False,2,43,11,8663524.849218285,0.13704566753987812,0.10318498427029366,0.17077514389133464,-0.010925862859924841
benchmark,benchmark,1.0,0.0,False,2,43,12,8584222.109256444,0.14480232234863202,0.08172031877825003,0.18068928742355125,-0.02472284744367211
benchmark,benchmark,1.0,0.0,False,2,43,13,8624689.639749795,0.14232761203737382,0.05843748800890647,0.18099870910342503,-0.033911349666536396
benchmark,benchmark,1.0,0.0,False,2,43,14,9002921.609473098,0.12251167596739677,0.03906239995377714,0.16524799631936588,-0.036285961759262964
benchmark,benchmark,1.0,0.0,False,2,43,15,9661391.379712539,0.09401396378816751,0.030427554238138255,0.1417212734729349,-0.030503265722691346
benchmark,benchmark,1.0,0.0,False,2,43,16,10232419.777461078,0.06721179767754108,0.04110581765766441,0.12209232217673986,-0.021228278288380333
benchmark,benchmark,1.0,0.0,False,2,43,17,10634016.751062805,0.05313546320097322,0.07731676445863611,0.10961701308815612,-0.007953488417087092
benchmark,benchmark,1.0,0.0,False,2,43,18,10977265.673267435,0.054118107835685415,0.13473787971919027,0.11157866110143799,0.0021084389972481923
benchmark,benchmark,1.0,0.0,False,2,43,19,11178818.204841794,0.06289239934469679,0.1898901637403032,0.1310238024794866,0.012666024365767598
benchmark,benchmark,1.0,0.0,False,2,43,20,11302877.295182986,0.06727577348252696,0.22599896797306873,0.15000985467312516,0.01407930450077054
benchmark,benchmark,1.0,0.0,False,2,43,21,11233390.730727907,0.07157198529079731,0.24195633110023662,0.16222795113356617,0.010307787245751472
benchmark,benchmark,1.0,0.0,False,2,43,22,11051718.639796114,0.08698371992798991,0.2390379880203568,0.18136646980815987,-0.002031675878273446
benchmark,benchmark,1.0,0.0,False,2,43,23,10702447.534507914,0.10648218264525641,0.2140485851434335,0.20937654719163468,-0.020518763266530626
benchmark,benchmark,1.0,0.0,False,2,43,24,10551505.360278824,0.10897084058505559,0.17766694282664375,0.21907194612861758,-0.04096165828063085
benchmark,benchmark,1.0,0.0,False,2,43,25,10667679.3691576,0.09889116089293275,0.14081097400578346,0.2091967190992523,-0.05335957490853562
benchmark,benchmark,1.0,0.0,False,3,44,0,7609597.0,0.138,0.03,0.12063832026847152,0.010583740505574736
benchmark,benchmark,1.0,0.0,False,3,44,1,7652724.38733265,0.14039181650999813,0.030000000000000027,0.11859183719691781,0.007984885903803248
benchmark,benchmark,1.0,0.0,False,3,44,2,7809568.471876611,0.13522708141572493,0.024184146560761954,0.12045454734906626,0.004914800534182451
benchmark,benchmark,1.0,0.0,False,3,44,3,8040221.635573903,0.126620717904688,0.02683058200310473,0.1129004970675796,0.005202146882133367
benchmark,benchmark,1.0,0.0,False,3,44,4,8301408.8178097345,0.11185275020171319,0.02943467336483363,0.1069562413332863,0.006637518469462689
benchmark,benchmark,1.0,0.0,False,3,44,5,8629699.31370545,0.09475113731217064,0.04262321588711049,0.09686555700076731,0.01043156961755434
benchmark,benchmark,1.0,0.0,False,3,44,6,8858750.971718017,0.08666660431850637,0.06091089969462349,0.0945357763324668,0.010744975529737622
benchmark,benchmark,1.0,0.0,False,3,44,7,9003185.516465355,0.09000448549242047,0.087178892707094,0.09969619724227159,0.016209475215284104
benchmark,benchmark,1.0,0.0,False,3,44,8,9021694.187386647,0.0978374266175941,0.10619466901283592,0.11589837515581025,0.015730578222508125
benchmark,benchmark,1.0,0.0,False,3,44,9,8930318.327029606,0.11252940276734237,0.11764991795236601,0.13431789551056475,0.011962193355511618
benchmark,benchmark,1.0,0.0,False,3,44,10,8740631.262069024,0.1288051244059092,0.1122429602262629,0.15775641898874368,-0.0005865124508472433
benchmark,benchmark,1.0,0.0,False,3,44,11,8624632.04904713,0.1418776120554796,0.09770508736077721,0.17241600237295507,-0.011579620455765884
benchmark,benchmark,1.0,0.0,False,3,44,12,8567492.640851084,0.14595374640372366,0.07317754426045142,0.18155243100443083,-0.027151237277538338
benchmark,benchmark,1.0,0.0,False,3,44,13,8705749.35098375,0.1399349376370596,0.0512793938447742,0.1767078722051499,-0.03515452743962322
benchmark,benchmark,1.0,0.0,False,3,44,14,9079785.126712605,0.12153909878483793,0.03252553062500274,0.1618478876532806,-0.03541099966496702
benchmark,benchmark,1.0,0.0,False,3,44,15,9788964.47645146,0.08800733554753154,0.028963012875149685,0.1367700324168618,-0.026607942268863465
benchmark,benchmark,1.0,0.0,False,3,44,16,10224346.913519459,0.0649862853239773,0.04440047567911787,0.11873867130929391,-0.018192851310748496
benchmark,benchmark,1.0,0.0,False,3,44,17,10611851.879838178,0.05505450137395134,0.08575660515027783,0.11050353423015019,-0.006832321180445184
benchmark,benchmark,1.0,0.0,False,3,44,18,10966267.88498918,0.056144935269037334,0.1406659827832395,0.11556713068989188,0.0047774529636920296
benchmark,benchmark,1.0,0.0,False,3,44,19,11202756.751406446,0.06071243592268076,0.1923655998719287,0.13142560823662328,0.011836466777979875
benchmark,benchmark,1.0,0.0,False,3,44,20,11269527.78989547,0.06860426617905155,0.2284758872615591,0.14835665962876993,0.016999295907341675
benchmark,benchmark,1.0,0.0,False,3,44,21,11264185.038196402,0.0766041597584492,0.23961925739199996,0.16686858872766527,0.01083035138674593
benchmark,benchmark,1.0,0.0,False,3,44,22,10869291.224121202,0.09433554607604014,0.23388295763717792,0.1907587385224323,-0.004508834646254112
benchmark,benchmark,1.0,0.0,False,3,44,23,10620375.267700745,0.11148323414435551,0.2040017677601842,0.21310495517636052,-0.02293102329874194
benchmark,benchmark,1.0,0.0,False,3,44,24,10444255.728297092,0.1097140627990624,0.16650910564948562,0.2191698335920979,-0.043094469810724706
benchmark,benchmark,1.0,0.0,False,3,44,25,10641166.560361365,0.09316101331040734,0.12923173207342908,0.20603349313165734,-0.05593290709754928
benchmark,benchmark,1.0,0.0,False,4,45,0,7609597.0,0.138,0.03,0.12063832026847152,0.010583740505574736
benchmark,benchmark,1.0,0.0,False,4,45,1,7652724.38733265,0.14039181650999813,0.030000000000000027,0.11859183719691781,0.007984885903803248
benchmark,benchmark,1.0,0.0,False,4,45,2,7814812.885350098,0.1352272363957795,0.024167914260627477,0.12047025073739162,0.0002517658046662367
benchmark,benchmark,1.0,0.0,False,4,45,3,8061832.066014055,0.12454088935781311,0.02691702625247161,0.11091685391220972,0.005843555817130261
benchmark,benchmark,1.0,0.0,False,4,45,4,8416869.697292035,0.10590819741008001,0.030404630255944864,0.10248911947636828,0.00711891178292889
benchmark,benchmark,1.0,0.0,False,4,45,5,8692225.604065083,0.09077859697034,0.046620196927654955,0.0930716568922025,0.012506425866069518
benchmark,benchmark,1.0,0.0,False,4,45,6,8842187.269320782,0.08756369115330496,0.068722770681648,0.09481971087373603,0.01407895706453716
benchmark,benchmark,1.0,0.0,False,4,45,7,8903572.657901961,0.09615302619688741,0.09326614108980835,0.10621039529453706,0.015732113925966372
benchmark,benchmark,1.0,0.0,False,4,45,8,8849712.623967884,0.11083461897664092,0.1065602029691819,0.12703227815181947,0.012208462444412984
benchmark,benchmark,1.0,0.0,False,4,45,9,8748108.098909773,0.12323026223510834,0.10981024659998329,0.14502008390372995,0.003023109138600957
benchmark,benchmark,1.0,0.0,False,4,45,10,8627864.27708416,0.13245663629980084,0.09911825615714398,0.1599339413481673,-0.006349923787985666
benchmark,benchmark,1.0,0.0,False,4,45,11,8589039.008025697,0.13752750750921025,0.0831733760372022,0.16817563248597175,-0.015113441495899941
benchmark,benchmark,1.0,0.0,False,4,45,12,8597398.150539638,0.13839985342092959,0.06378581907891911,0.17249208071594707,-0.027689227884648646
benchmark,benchmark,1.0,0.0,False,4,45,13,8877004.694276234,0.12699429819531702,0.04631525690270011,0.1638558527770694,-0.034595509227656
benchmark,benchmark,1.0,0.0,False,4,45,14,9387373.553298142,0.10210925829584779,0.03571499100378528,0.1445856390784663,-0.028921649713355185
benchmark,benchmark,1.0,0.0,False,4,45,15,9983669.450913243,0.07441031576632975,0.04124875009721807,0.12383266254117044,-0.0211117875191644
benchmark,benchmark,1.0,0.0,False,4,45,16,10466544.183047233,0.054322574633318736,0.06960729800051335,0.10911301392007586,-0.01012943414097905
benchmark,benchmark,1.0,0.0,False,4,45,17,10750630.262893025,0.05079028063531703,0.12422316453686144,0.10448985922148449,0.0015246218440068445
benchmark,benchmark,1.0,0.0,False,4,45,18,11021323.128353091,0.06211271455126799,0.18321452028274043,0.12115260615184738,0.013410161652088748
benchmark,benchmark,1.0,0.0,False,4,45,19,11090579.51587619,0.07382875295992135,0.22013813854001385,0.15036628290062182,0.015021199318821466
benchmark,benchmark,1.0,0.0,False,4,45,20,10914154.881157722,0.08441220992463955,0.23047343518919283,0.1706030566105868,0.008275561908204797
benchmark,benchmark,1.0,0.0,False,4,45,21,10715495.255895555,0.09912299624747077,0.21838835416059243,0.18827543282174025,-0.006048156016641042
benchmark,benchmark,1.0,0.0,False,4,45,22,10425013.255078668,0.11127101326851074,0.18879905715073853,0.20682016731795994,-0.024186782458781562
benchmark,benchmark,1.0,0.0,False,4,45,23,10361845.797269465,0.10660754938101213,0.1528532211495235,0.20988997143094207,-0.04006774189395515
benchmark,benchmark,1.0,0.0,False,4,45,24,10575981.337196494,0.09223801097206172,0.12204094669654908,0.19751181103739615,-0.05306198767102815
benchmark,benchmark,1.0,0.0,False,4,45,25,11180820.353137797,0.06732803635244183,0.10451366691679587,0.17600698576488422,-0.04853114849413761
benchmark,benchmark,1.0,0.0,False,5,46,0,7609597.0,0.138,0.03,0.12063832026847152,0.010583740505574736
benchmark,benchmark,1.0,0.0,False,5,46,1,7652724.38733265,0.14039181650999813,0.030000000000000027,0.11859183719691781,0.007984885903803248
benchmark,benchmark,1.0,0.0,False,5,46,2,7797215.319153447,0.13522708141572493,0.024179487090514318,0.12051989825221197,0.0041342857537788645
benchmark,benchmark,1.0,0.0,False,5,46,3,8035873.995249559,0.12508298596838335,0.02687093670821583,0.11205807000098585,0.004644653766855659
benchmark,benchmark,1.0,0.0,False,5,46,4,8390869.856344638,0.10862684435133034,0.030136559988063416,0.10364952165876039,0.005818291909813966
benchmark,benchmark,1.0,0.0,False,5,46,5,8695024.509822981,0.09085870732624224,0.044887557780852294,0.09362484050803942,0.015016422646080314
benchmark,benchmark,1.0,0.0,False,5,46,6,8862505.33593497,0.08401510743620288,0.06645507580845189,0.09346518437373916,0.013841218353738487
benchmark,benchmark,1.0,0.0,False,5,46,7,8929232.056522273,0.09412938456674393,0.09431476694423035,0.10339944565319947,0.015782858474210463
benchmark,benchmark,1.0,0.0,False,5,46,8,8872784.516701791,0.10923296493049359,0.10908828763907041,0.12660022411375849,0.012327448095986895
benchmark,benchmark,1.0,0.0,False,5,46,9,8747931.794881009,0.12412540653277233,0.11281358618954052,0.14598132717212475,0.00515328772702261
benchmark,benchmark,1.0,0.0,False,5,46,10,8635145.023768624,0.13252164251127332,0.10167175883226354,0.16205580000331646,-0.010005848246824404
benchmark,benchmark,1.0,0.0,False,5,46,11,8575090.284069179,0.1397496286426013,0.08471662648937084,0.16950708623593222,-0.016652669913162225
benchmark,benchmark,1.0,0.0,False,5,46,12,8712017.99130012,0.13319435302643423,0.06228907347618162,0.16965715234572848,-0.027245703205187533
benchmark,benchmark,1.0,0.0,False,5,46,13,8932714.588680683,0.12258554620928301,0.04725365551552074,0.15975202566403734,-0.032095551020809965
benchmark,benchmark,1.0,0.0,False,5,46,14,9497181.64038569,0.09689226711710641,0.03886479420360023,0.14114720886291163,-0.027988854662301565
benchmark,benchmark,1.0,0.0,False,5,46,15,10063460.992218696,0.06899598509200723,0.04942997546775385,0.12002519654744032,-0.019315127779713854
benchmark,benchmark,1.0,0.0,False,5,46,16,10489512.1059534,0.049874503562866386,0.08133074950065278,0.106244267920669,-0.008573614206633327
benchmark,benchmark,1.0,0.0,False,5,46,17,10846612.22497421,0.0510340515302834,0.14273183540625256,0.10212287875774646,0.008571679854189489
benchmark,benchmark,1.0,0.0,False,5,46,18,10985988.638095664,0.06463736307472671,0.19875794510151334,0.1288243161348553,0.016406962471189782
benchmark,benchmark,1.0,0.0,False,5,46,19,10957989.772383086,0.0814212755152783,0.22988062686855204,0.1581082655094314,0.015788266561778584
benchmark,benchmark,1.0,0.0,False,5,46,20,10809269.362967443,0.09131069432238047,0.22838992496911592,0.17881255409870586,0.004979090433710421
benchmark,benchmark,1.0,0.0,False,5,46,21,10520332.041695036,0.10557987597223936,0.20866710900199514,0.19460579299879685,-0.010374621333157436
benchmark,benchmark,1.0,0.0,False,5,46,22,10183941.743121149,0.11889215100668853,0.1737998513272443,0.21489625977733806,-0.03683006270740069
benchmark,benchmark,1.0,0.0,False,5,46,23,10210856.563446922,0.11547432116858453,0.13423206980014424,0.2139658406116878,-0.04921760916774006
benchmark,benchmark,1.0,0.0,False,5,46,24,10650380.88488041,0.08966745853654857,0.1007600422231063,0.19489673082252237,-0.05789006851883068
benchmark,benchmark,1.0,0.0,False,5,46,25,11266987.754018335,0.06315848386845632,0.08848215459219477,0.1687467213532889,-0.049919717838662225
benchmark,benchmark,1.0,0.0,False,6,47,0,7609597.0,0.138,0.03,0.12063832026847152,0.010583740505574736
benchmark,benchmark,1.0,0.0,False,6,47,1,7652724.38733265,0.14039181650999813,0.030000000000000027,0.11859183719691781,0.007984885903803248
benchmark,benchmark,1.0,0.0,False,6,47,2,7806695.322937048,0.13522715831904936,0.02418130759722459,0.12044374550797671,0.003889724574032977
benchmark,benchmark,1.0,0.0,False,6,47,3,8029826.139430107,0.12474783037646296,0.026825061711583054,0.11202749061872302,0.0039396781131172
benchmark,benchmark,1.0,0.0,False,6,47,4,8415642.929382542,0.10768615566961245,0.030291553993439413,0.10273611525593153,0.0071680838275023345
benchmark,benchmark,1.0,0.0,False,6,47,5,8732600.111356573,0.0897987146442027,0.04521111696800384,0.09303562506342597,0.010862605424332903
benchmark,benchmark,1.0,0.0,False,6,47,6,8858593.723827943,0.08582711435943234,0.06771834299651891,0.0930247249822436,0.013803128322133845
benchmark,benchmark,1.0,0.0,False,6,47,7,8957803.14190057,0.09279076811718859,0.09269081018978298,0.10355500347283428,0.015706770045568044
benchmark,benchmark,1.0,0.0,False,6,47,8,8949103.361600079,0.1046084099218109,0.10989664232444207,0.12184807578861119,0.012390928055602728
benchmark,benchmark,1.0,0.0,False,6,47,9,8802031.401190516,0.11925808542402247,0.11613823770948128,0.14166463627107415,0.00805957907495036
benchmark,benchmark,1.0,0.0,False,6,47,10,8705260.109132523,0.13149544786674752,0.10678731075878223,0.15925773781100588,-0.004172674434670405
benchmark,benchmark,1.0,0.0,False,6,47,11,8529541.390265774,0.1422497516191008,0.09044614928671968,0.1729435875249938,-0.014944861134206431
benchmark,benchmark,1.0,0.0,False,6,47,12,8606983.97911132,0.13836491980387353,0.06688094703112601,0.17523190394260305,-0.026358022628534105
benchmark,benchmark,1.0,0.0,False,6,47,13,8854094.427292129,0.12593333846735424,0.048717048774112426,0.16363872975545588,-0.031086244116149124
benchmark,benchmark,1.0,0.0,False,6,47,14,9395090.634374913,0.10184358814573083,0.036370060556004,0.14575379638129662,-0.029076061159480533
benchmark,benchmark,1.0,0.0,False,6,47,15,9950595.310085515,0.07579706010242186,0.042708176606535364,0.12529127922084893,-0.020210128212380992
benchmark,benchmark,1.0,0.0,False,6,47,16,10404485.949151784,0.05699496605743683,0.06903803386821994,0.11159682040654641,-0.008771084021204854
benchmark,benchmark,1.0,0.0,False,6,47,17,10698197.751814933,0.05136535228508731,0.11899440104636616,0.10734923629607336,0.0030271615677829426
benchmark,benchmark,1.0,0.0,False,6,47,18,10976222.884011816,0.06069371284440506,0.17753592329425838,0.12004095579627339,0.014580317773085659
benchmark,benchmark,1.0,0.0,False,6,47,19,11035192.013944212,0.07261882688857424,0.21541332099279242,0.14903904013727243,0.01551596095257698
benchmark,benchmark,1.0,0.0,False,6,47,20,10954097.034119802,0.08591588919770275,0.23103320607432298,0.16832196869037674,0.009894622193348832
benchmark,benchmark,1.0,0.0,False,6,47,21,10660802.651907481,0.09690362339650806,0.21893868323733168,0.1885712941709222,-0.006712971129278195
benchmark,benchmark,1.0,0.0,False,6,47,22,10522038.56918794,0.09868372451768727,0.19286108166213944,0.1972338359362854,-0.019548134862238456
benchmark,benchmark,1.0,0.0,False,6,47,23,10533299.588645346,0.09551750320008545,0.16155722598448286,0.19708864617270663,-0.033791595621112794
benchmark,benchmark,1.0,0.0,False,6,47,24,10767605.648809088,0.08118546582197521,0.13647389449731406,0.18932242891876702,-0.04320473057418199
benchmark,benchmark,1.0,0.0,False,6,47,25,11261264.640513416,0.06212438866786946,0.12647186122507992,0.17161608545546886,-0.04402183954748873
benchmark,benchmark,1.0,0.0,False,7,48,0,7609597.0,0.138,0.03,0.12063832026847152,0.010583740505574736
benchmark,benchmark,1.0,0.0,False,7,48,1,7652724.38733265,0.14039181650999813,0.030000000000000027,0.11859183719691781,0.007984885903803248
benchmark,benchmark,1.0,0.0,False,7,48,2,7797185.690724047,0.13522708141572493,0.024184715365616505,0.12051681259663678,0.005153394554576406
benchmark,benchmark,1.0,0.0,False,7,48,3,8059557.759189848,0.1243107042400101,0.026832363549653904,0.11216813611438263,0.007414710374897581
benchmark,benchmark,1.0,0.0,False,7,48,4,8293368.105793962,0.1121343928723936,0.030428679684245674,0.10677040889614853,0.0069399067028215215
benchmark,benchmark,1.0,0.0,False,7,48,5,8604458.302381303,0.10063239095671739,0.042617874764447894,0.09999263686647249,0.009467998574464733
benchmark,benchmark,1.0,0.0,False,7,48,6,8795616.120655537,0.09278744418201569,0.05971447886608927,0.09968336063431868,0.009964940994633872
benchmark,benchmark,1.0,0.0,False,7,48,7,8877577.993705284,0.09592760826114448,0.08067239283207805,0.10558148042987908,0.010931382877471713
benchmark,benchmark,1.0,0.0,False,7,48,8,8899126.475186117,0.10391733419031884,0.09623507387005725,0.12037840881515129,0.008574306408540972
benchmark,benchmark,1.0,0.0,False,7,48,9,8849029.127046388,0.11490547234837084,0.10404643123238477,0.13640409344774304,0.0015489336109381618
benchmark,benchmark,1.0,0.0,False,7,48,10,8777371.841622442,0.12662537250168412,0.09980608732013074,0.15242098467120294,-0.005826467521824953
benchmark,benchmark,1.0,0.0,False,7,48,11,8720840.611294141,0.13234208633996508,0.08716419629193606,0.16397522738478787,-0.014550425069562311
benchmark,benchmark,1.0,0.0,False,7,48,12,8762408.675727384,0.13356741808816266,0.07027918008643907,0.16746571554690864,-0.02108992902628422
benchmark,benchmark,1.0,0.0,False,7,48,13,8966442.491692452,0.12325893616002254,0.054918801661437255,0.1624356140105868,-0.028316906506798873
benchmark,benchmark,1.0,0.0,False,7,48,14,9297471.904386189,0.1084157588581533,0.046337121130343384,0.14945220145211618,-0.030000453892172756
benchmark,benchmark,1.0,0.0,False,7,48,15,9902103.34429034,0.08171430554126768,0.04808527495877257,0.13160027346652647,-0.02174886656837083
benchmark,benchmark,1.0,0.0,False,7,48,16,10334689.222293328,0.060090852606525864,0.06943441270971973,0.11550923869788803,-0.013804877845787484
benchmark,benchmark,1.0,0.0,False,7,48,17,10694466.334385302,0.05253220676880467,0.11325587415728955,0.1088108900281967,-0.0036800851615397248
benchmark,benchmark,1.0,0.0,False,7,48,18,11032623.698109662,0.056111737410513514,0.1665017332018115,0.11703030847545962,0.009865395376656616
benchmark,benchmark,1.0,0.0,False,7,48,19,11181999.429747114,0.06695460857368656,0.21150328134843743,0.13917562258037006,0.017225583849693294
benchmark,benchmark,1.0,0.0,False,7,48,20,11052778.431191,0.08484145227527952,0.23206546824263086,0.16690152068817288,0.01003884206353937
benchmark,benchmark,1.0,0.0,False,7,48,21,10710745.9362083,0.10600244387385958,0.22340702012737923,0.19466425293748357,-0.005740082640345468
benchmark,benchmark,1.0,0.0,False,7,48,22,10424730.5088908,0.11353002556743037,0.19323623276312607,0.2109929491955304,-0.024127439068348702
benchmark,benchmark,1.0,0.0,False,7,48,23,10272742.655575514,0.11435311724746568,0.15573567576769842,0.2136216956342848,-0.04246300482793067
benchmark,benchmark,1.0,0.0,False,7,48,24,10375452.106187183,0.10457885010830434,0.11916572595012953,0.20858358474021524,-0.05809038997247551
benchmark,benchmark,1.0,0.0,False,7,48,25,10995423.663150115,0.08025050216894125,0.09321805213874157,0.18634121729691994,-0.05489983476184483
benchmark,benchmark,1.0,0.0,False,8,49,0,7609597.0,0.138,0.03,0.12063832026847152,0.010583740505574736
benchmark,benchmark,1.0,0.0,False,8,49,1,7652680.1194738075,0.14039218080275034,0.030000000000000027,0.11859395149248815,0.007984248131579937
benchmark,benchmark,1.0,0.0,False,8,49,2,7797461.924073542,0.1352305929194483,0.02418201686638133,0.12053293984619885,0.004206096336633925
benchmark,benchmark,1.0,0.0,False,8,49,3,8030416.085393261,0.12467846937162512,0.026840862108314045,0.11219011963106826,0.005492046194023671
benchmark,benchmark,1.0,0.0,False,8,49,4,8373891.582932308,0.10896896335053496,0.03029725656623916,0.1041589478448662,0.009708080240454362
benchmark,benchmark,1.0,0.0,False,8,49,5,8644349.436537663,0.09283559240272904,0.04421005785220933,0.0960450590436512,0.0138248751933143
benchmark,benchmark,1.0,0.0,False,8,49,6,8809302.209068568,0.08939188502779634,0.06586986764820879,0.09638302970115027,0.013465680783634245
benchmark,benchmark,1.0,0.0,False,8,49,7,8884191.794699732,0.09692277850934333,0.08748532063022751,0.10702820324300731,0.015175192531717901
benchmark,benchmark,1.0,0.0,False,8,49,8,8923612.270164333,0.10574596512052611,0.10145276322234809,0.12308386041944754,0.013371398004667082
benchmark,benchmark,1.0,0.0,False,8,49,9,8846722.383656453,0.1161551121949128,0.10687353282052614,0.1391686873392655,0.0081677686711133
benchmark,benchmark,1.0,0.0,False,8,49,10,8718092.200457182,0.1297249159797563,0.10069155602566937,0.15728796469872372,-0.0015880736739057478
benchmark,benchmark,1.0,0.0,False,8,49,11,8554386.649062498,0.14326085221320442,0.08693982258749577,0.17368578944354907,-0.01375547661667655
benchmark,benchmark,1.0,0.0,False,8,49,12,8534807.312450137,0.14615570107892795,0.0665500348579009,0.18020439795591217,-0.026028731719278334
benchmark,benchmark,1.0,0.0,False,8,49,13,8722768.392954214,0.13591001906407357,0.04772030168759667,0.17189135605522296,-0.03329070617925139
benchmark,benchmark,1.0,0.0,False,8,49,14,9295191.814570822,0.11209650371142817,0.032860689453250824,0.15194980498605534,-0.03220971123161121
benchmark,benchmark,1.0,0.0,False,8,49,15,9877033.998529958,0.08058456411450982,0.03215451764920019,0.1304257425053629,-0.023664169080329273
benchmark,benchmark,1.0,0.0,False,8,49,16,10383229.958888266,0.06012126841108284,0.054778208464620004,0.11305740072564952,-0.011944152845092952
benchmark,benchmark,1.0,0.0,False,8,49,17,10663232.546124283,0.05390877914462074,0.10227468774265502,0.10897828228299157,-0.002714758093595443
benchmark,benchmark,1.0,0.0,False,8,49,18,10955528.520042332,0.05940607275570726,0.158376895865874,0.11940887542396872,0.008864256649749524
benchmark,benchmark,1.0,0.0,False,8,49,19,11102355.616761114,0.06902789858198786,0.20394981325617967,0.1406138930496858,0.012946307469489785
benchmark,benchmark,1.0,0.0,False,8,49,20,11174177.078602806,0.07157069122312275,0.22474389198902078,0.15692885544492113,0.011800240053999333
benchmark,benchmark,1.0,0.0,False,8,49,21,11027598.872876568,0.07870622372221849,0.23228048087921227,0.1683050869542772,0.003458999939189283
benchmark,benchmark,1.0,0.0,False,8,49,22,10880062.116335703,0.09166425870169372,0.2181323601602878,0.1879569752576547,-0.007791061543879257
benchmark,benchmark,1.0,0.0,False,8,49,23,10606578.524376364,0.10322597844266714,0.19345799538374853,0.20629945574086767,-0.02555998180936502
benchmark,benchmark,1.0,0.0,False,8,49,24,10651350.726192113,0.09866167160424931,0.15943721875821648,0.2083942599450037,-0.04265448663561492
benchmark,benchmark,1.0,0.0,False,8,49,25,10878700.668903278,0.08506330261721293,0.1322367575692618,0.19553038567534178,-0.049110431521152874
benchmark,benchmark,1.0,0.0,False,9,50,0,7609597.0,0.138,0.03,0.12063832026847152,0.010583740505574736
benchmark,benchmark,1.0,0.0,False,9,50,1,7652724.38733265,0.14039181650999813,0.030000000000000027,0.11859183719691781,0.007984885903803248
benchmark,benchmark,1.0,0.0,False,9,50,2,7831409.32990096,0.13522716034711857,0.024173664527332495,0.12036563899223725,0.002236261692935209
benchmark,benchmark,1.0,0.0,False,9,50,3,8026506.635385992,0.1267433618628575,0.02668482282338025,0.11308383998688466,0.0037816012161875647
benchmark,benchmark,1.0,0.0,False,9,50,4,8342369.38516489,0.11005903290652905,0.02940007021204516,0.10505441455471272,0.006648124191824206
benchmark,benchmark,1.0,0.0,False,9,50,5,8723427.360169798,0.09042584570448375,0.04352732760377109,0.09310894684288268,0.01373791856912244
benchmark,benchmark,1.0,0.0,False,9,50,6,8851539.485574689,0.083905467301992,0.06623141288641277,0.09266074984839799,0.01341647779794152
benchmark,benchmark,1.0,0.0,False,9,50,7,8943935.734862918,0.09218269133461861,0.09307333522802597,0.10259814914981921,0.014403161994052895
benchmark,benchmark,1.0,0.0,False,9,50,8,8904203.758610385,0.10856610485520686,0.10983417448893729,0.1242559811663313,0.009672794064030038
benchmark,benchmark,1.0,0.0,False,9,50,9,8842235.344782084,0.12003464931687757,0.11332659551483748,0.14277814672376243,0.006491131318260288
benchmark,benchmark,1.0,0.0,False,9,50,10,8711735.51512061,0.1300161749134361,0.10476062968265443,0.15810112897482892,-0.004140357210810276
benchmark,benchmark,1.0,0.0,False,9,50,11,8588836.460191544,0.14155241268148697,0.08835172136466651,0.1710155429681638,-0.016469347828717753
benchmark,benchmark,1.0,0.0,False,9,50,12,8579659.16335749,0.14245441085568067,0.06659657830348764,0.17700225457450658,-0.027222820858009564
benchmark,benchmark,1.0,0.0,False,9,50,13,8811783.992892679,0.1295824518626528,0.047171123299523776,0.16728106296520634,-0.031708182072171125
benchmark,benchmark,1.0,0.0,False,9,50,14,9288418.127269639,0.10606892299339174,0.03501988166839287,0.14879755706698283,-0.03040856275420293
benchmark,benchmark,1.0,0.0,False,9,50,15,9929595.665801495,0.07762552050283475,0.03769426660064612,0.1275186905514251,-0.022792732625222446
benchmark,benchmark,1.0,0.0,False,9,50,16,10330382.980647078,0.05822016160148355,0.06334726320555317,0.11252160722206403,-0.013213497300653434
benchmark,benchmark,1.0,0.0,False,9,50,17,10748546.312782016,0.051406730526334224,0.11195766824116249,0.1064970010457563,0.0011215767138933617
benchmark,benchmark,1.0,0.0,False,9,50,18,11009208.643489407,0.05721597870442539,0.17094229802774152,0.11725101030524115,0.013694192339875655
benchmark,benchmark,1.0,0.0,False,9,50,19,11122836.27695072,0.06943174564768129,0.21560374012216377,0.14247295838312185,0.017974008570626518
benchmark,benchmark,1.0,0.0,False,9,50,20,11037168.554306071,0.08387808950574599,0.2329745608379552,0.1674490943855504,0.014233929675593494
benchmark,benchmark,1.0,0.0,False,9,50,21,10718157.332763107,0.09941317892246801,0.22491647686636118,0.19042200694274214,-0.0032636222941006474
benchmark,benchmark,1.0,0.0,False,9,50,22,10458123.334907841,0.107905987168539,0.19813729793887114,0.20572173055374599,-0.020545976034769587
benchmark,benchmark,1.0,0.0,False,9,50,23,10356366.407629073,0.10825485387318792,0.16169844922478172,0.20972112845038826,-0.04089897533607001
benchmark,benchmark,1.0,0.0,False,9,50,24,10504033.176520083,0.09708817213097813,0.1287490815872152,0.20156890808851693,-0.050622404866023596
benchmark,benchmark,1.0,0.0,False,9,50,25,11195664.57332107,0.06643485062510199,0.10556395559801923,0.1777914848198971,-0.04875633830434783
benchmark,benchmark,1.0,0.0,False,10,51,0,7609597.0,0.138,0.03,0.12063832026847152,0.010583740505574736
benchmark,benchmark,1.0,0.0,False,10,51,1,7652724.38733265,0.14039181650999813,0.030000000000000027,0.11859183719691781,0.007984885903803248
benchmark,benchmark,1.0,0.0,False,10,51,2,7808830.30150961,0.13522708141572493,0.024182135936617666,0.12046137816018762,0.004525243561641617
benchmark,benchmark,1.0,0.0,False,10,51,3,8045196.615186768,0.12487391165295975,0.0268557789158812,0.11196849357641461,0.006371024970089953
benchmark,benchmark,1.0,0.0,False,10,51,4,8375348.455186851,0.10904007403663422,0.030196860666761305,0.10416662220504334,0.008187462286959962
benchmark,benchmark,1.0,0.0,False,10,51,5,8642640.327020751,0.09346902690584297,0.04464035412920819,0.09539280127387335,0.011168173646608093
benchmark,benchmark,1.0,0.0,False,10,51,6,8844040.569501637,0.08695245872545995,0.06489517101213682,0.09430543905052607,0.011475052469745617
benchmark,benchmark,1.0,0.0,False,10,51,7,8968472.566109182,0.08867931383238828,0.09121462210531517,0.10019278443780157,0.013261819399317427
benchmark,benchmark,1.0,0.0,False,10,51,8,9018401.762240218,0.09712757216646971,0.11019938932472972,0.11522786922759391,0.01160377941043257
benchmark,benchmark,1.0,0.0,False,10,51,9,8952457.39971306,0.11107187835267511,0.11910405826431791,0.13460754115932957,0.011708066321603086
benchmark,benchmark,1.0,0.0,False,10,51,10,8713775.16107117,0.1312237740009406,0.1152328997241614,0.15802210477907583,0.002180395802799852
benchmark,benchmark,1.0,0.0,False,10,51,11,8613026.14980849,0.1386245095630646,0.09790334915530807,0.1729803712352329,-0.014776427706067944
benchmark,benchmark,1.0,0.0,False,10,51,12,8607065.263127772,0.1401070751273266,0.07583124522510087,0.17542513320649986,-0.02467212432488722
benchmark,benchmark,1.0,0.0,False,10,51,13,8786898.60038433,0.12877217457910908,0.05549583315897655,0.16909279489734483,-0.03208068638257144
benchmark,benchmark,1.0,0.0,False,10,51,14,9256459.99431374,0.10886805793530589,0.04142269039118651,0.15178379719056911,-0.030872786621121202
benchmark,benchmark,1.0,0.0,False,10,51,15,9789715.336102672,0.08212885413226564,0.03997667801514515,0.13273674953913447,-0.023178808053711208
benchmark,benchmark,1.0,0.0,False,10,51,16,10358500.071036229,0.05936189432917706,0.05887609827845308,0.11546157212031928,-0.015119557556615117
benchmark,benchmark,1.0,0.0,False,10,51,17,10752303.566342326,0.04965003312145407,0.10479583623139122,0.10635329913643674,-0.0028664499540519603
benchmark,benchmark,1.0,0.0,False,10,51,18,11006412.617769586,0.05487803511588256,0.16673646081954652,0.11393263000269914,0.011705998031376954
benchmark,benchmark,1.0,0.0,False,10,51,19,11100716.29730899,0.07222022315484247,0.21379880670739948,0.14243522882439766,0.017275361095192496
benchmark,benchmark,1.0,0.0,False,10,51,20,11072575.905601332,0.08480642909384935,0.23171008286162031,0.1693805027925485,0.011957321174946897
benchmark,benchmark,1.0,0.0,False,10,51,21,10824000.134415388,0.092512973973107,0.22538202974297228,0.18275218231043178,-0.0019297281325312804
benchmark,benchmark,1.0,0.0,False,10,51,22,10702773.189838529,0.09321609693715896,0.20169640149442536,0.19149627514542053,-0.018369778930412434
benchmark,benchmark,1.0,0.0,False,10,51,23,10511339.873083828,0.09951279608094067,0.17548884123118147,0.19917743551297148,-0.0328598983254283
benchmark,benchmark,1.0,0.0,False,10,51,24,10688512.10190004,0.09209810260873383,0.14366704888241766,0.2000603172377046,-0.046357539645053444
benchmark,benchmark,1.0,0.0,False,10,51,25,11024081.072930347,0.07490585936742424,0.1264404694756529,0.18522512599369692,-0.04680272485576966
benchmark,benchmark,1.0,0.0,False,11,52,0,7609597.0,0.138,0.03,0.12063832026847152,0.010583740505574736
benchmark,benchmark,1.0,0.0,False,11,52,1,7652724.38733265,0.14039181650999813,0.030000000000000027,0.11859183719691781,0.007984885903803248
benchmark,benchmark,1.0,0.0,False,11,52,2,7794150.70035044,0.13522708141572493,0.024181342948803586,0.12055946615055155,0.004474582070652111
benchmark,benchmark,1.0,0.0,False,11,52,3,8045408.101835962,0.125016729793005,0.02685070248142485,0.11179698091246432,0.006333034331458802
benchmark,benchmark,1.0,0.0,False,11,52,4,8421298.268562252,0.10971390983816728,0.030149964508237037,0.10454853378646511,0.004937923117649243
benchmark,benchmark,1.0,0.0,False,11,52,5,8648987.328811305,0.09568141989730132,0.04400187473084505,0.09735519090580705,0.01180580518483947
benchmark,benchmark,1.0,0.0,False,11,52,6,8742045.39573479,0.09333422717401545,0.06328048709141054,0.09980564234531268,0.012862231010909343
benchmark,benchmark,1.0,0.0,False,11,52,7,8818379.497129045,0.09962969235285529,0.08436667991575453,0.11007700571168384,0.01183675252447567
benchmark,benchmark,1.0,0.0,False,11,52,8,8806927.051141704,0.11265317407811505,0.09664181845561148,0.1273026779825841,0.005481047122322916
benchmark,benchmark,1.0,0.0,False,11,52,9,8724822.687954228,0.12411094788719727,0.09897404553847067,0.14417658502663983,0.001647555963263994
benchmark,benchmark,1.0,0.0,False,11,52,10,8709262.55999665,0.12805602739297087,0.090095305750034,0.1550675820248974,-0.006635113193812949
benchmark,benchmark,1.0,0.0,False,11,52,11,8679003.27035353,0.13238818565775903,0.07829471884464345,0.1617634096944979,-0.01449832520039628
benchmark,benchmark,1.0,0.0,False,11,52,12,8730606.154633991,0.13294595499718861,0.06296727023053772,0.1656155056915759,-0.02146948493188663
benchmark,benchmark,1.0,0.0,False,11,52,13,8967303.25036768,0.12034303608631858,0.049970806883372854,0.15850817715427612,-0.024918159628333963
benchmark,benchmark,1.0,0.0,False,11,52,14,9422765.696342256,0.09934417754954503,0.04389771354824701,0.14276185690993526,-0.024290157691806497
benchmark,benchmark,1.0,0.0,False,11,52,15,9965886.84120419,0.07544129801678087,0.05194364547614683,0.12603811227921574,-0.017118972203209515
benchmark,benchmark,1.0,0.0,False,11,52,16,10290348.73022422,0.060319487744714864,0.07828634951169922,0.11525962627997206,-0.009805742139128106
benchmark,benchmark,1.0,0.0,False,11,52,17,10763640.103619533,0.05364677670593659,0.1232967498293529,0.11164150053674712,-0.0004827130672399564
benchmark,benchmark,1.0,0.0,False,11,52,18,10956531.675337646,0.0575436838721023,0.17767620397123385,0.12111797895481206,0.00930366611785445
benchmark,benchmark,1.0,0.0,False,11,52,19,11032094.197838979,0.07422634512448807,0.21746529703022266,0.1446790085318226,0.012408881214101984
benchmark,benchmark,1.0,0.0,False,11,52,20,10932213.631565653,0.08691726390131824,0.22693118089286557,0.17234389373468292,0.007749829720239831
benchmark,benchmark,1.0,0.0,False,11,52,21,10829001.84928139,0.09023648052559015,0.2156952582886611,0.18308389694178104,-0.002620605277663501
benchmark,benchmark,1.0,0.0,False,11,52,22,10500454.795071078,0.10196201040361387,0.19279829873673204,0.19719395570590817,-0.01933733468320149
benchmark,benchmark,1.0,0.0,False,11,52,23,10422460.552613864,0.10811317693562443,0.1612140484032749,0.2093684672857713,-0.03767380958923966
benchmark,benchmark,1.0,0.0,False,11,52,24,10472363.46190469,0.10243512610128513,0.12979821247185241,0.20740770167016154,-0.05178135567790874
benchmark,benchmark,1.0,0.0,False,11,52,25,10958655.05129258,0.07893693282240928,0.10587746492536843,0.1888369794694663,-0.05393731705284638
benchmark,benchmark,1.0,0.0,False,12,53,0,7609597.0,0.138,0.03,0.12063832026847152,0.010583740505574736
benchmark,benchmark,1.0,0.0,False,12,53,1,7652724.38733265,0.14039181650999813,0.030000000000000027,0.11859183719691781,0.007984885903803248
benchmark,benchmark,1.0,0.0,False,12,53,2,7810046.971376143,0.13522708141572493,0.024171673884584965,0.12046543237799465,0.0018144858104566254
benchmark,benchmark,1.0,0.0,False,12,53,3,8087844.994179144,0.12398966059012682,0.026889909704855164,0.11135094701790316,0.0014586061754799763
benchmark,benchmark,1.0,0.0,False,12,53,4,8395421.426605148,0.10672299870031342,0.03067375202996403,0.10237724749614502,0.006233183318655189
benchmark,benchmark,1.0,0.0,False,12,53,5,8766712.867341446,0.08992780529900304,0.04631604560986746,0.09202281187921796,0.014681609203701209
benchmark,benchmark,1.0,0.0,False,12,53,6,8841247.616234092,0.08458100897765053,0.06908022101750055,0.09348576672219824,0.012749958799193616
benchmark,benchmark,1.0,0.0,False,12,53,7,8929330.779184949,0.09412437957686597,0.09563305521004684,0.1037982872304224,0.014004926742394471
benchmark,benchmark,1.0,0.0,False,12,53,8,8902045.275072483,0.10814025080592846,0.10998526091865224,0.12561515136415846,0.013779576803600202
benchmark,benchmark,1.0,0.0,False,12,53,9,8750865.28652121,0.12481344780674908,0.11378452687388041,0.14633683024106767,0.005226594664325136
benchmark,benchmark,1.0,0.0,False,12,53,10,8595780.560315551,0.13732517683416723,0.10162480200225699,0.16504727650301326,-0.005358356402585491
benchmark,benchmark,1.0,0.0,False,12,53,11,8488478.087692356,0.14482302793876442,0.08319153220566489,0.17551629382315115,-0.018702246038698262
benchmark,benchmark,1.0,0.0,False,12,53,12,8540954.963003132,0.14375909064259615,0.06113376495260403,0.17603563942682943,-0.02882691564174174
benchmark,benchmark,1.0,0.0,False,12,53,13,8904741.19751184,0.12558435089229741,0.041230820517058175,0.16196561299545628,-0.03189790072846758
benchmark,benchmark,1.0,0.0,False,12,53,14,9425103.92511025,0.09757551053722029,0.03230104853446081,0.14110985779160523,-0.027044339918860932
benchmark,benchmark,1.0,0.0,False,12,53,15,10027181.296983391,0.06946240381483419,0.04036667410971817,0.12025158085510017,-0.020216837456635564
benchmark,benchmark,1.0,0.0,False,12,53,16,10436084.04650752,0.05623939313170683,0.07373340177174459,0.10742942678316394,-0.012188944168277455
benchmark,benchmark,1.0,0.0,False,12,53,17,10793763.120057823,0.05240825698548439,0.12648585183769523,0.1078808732521646,0.0021245310170091105
benchmark,benchmark,1.0,0.0,False,12,53,18,11037237.072949635,0.0577243162357767,0.184442143859602,0.12002693799494932,0.014245158795082037
benchmark,benchmark,1.0,0.0,False,12,53,19,11137611.712962797,0.07018709083542428,0.22550604000016494,0.14345492770548163,0.016635876281731143
benchmark,benchmark,1.0,0.0,False,12,53,20,11008707.118778735,0.08679094369346362,0.2381472434637033,0.1701080290895475,0.01081067648324857
benchmark,benchmark,1.0,0.0,False,12,53,21,10634648.101596653,0.10398062988688307,0.22524403016584382,0.19548963319664958,-0.006877307351274929
benchmark,benchmark,1.0,0.0,False,12,53,22,10334224.725771083,0.11575233073658885,0.1927390973473424,0.21162673745226923,-0.027105163252366393
benchmark,benchmark,1.0,0.0,False,12,53,23,10255099.279037032,0.11262800181242337,0.15249013979260329,0.2144089806142207,-0.047491989866705255
benchmark,benchmark,1.0,0.0,False,12,53,24,10376015.241394673,0.10208897877679134,0.11578857337595339,0.20518100943027492,-0.05724612150552749
benchmark,benchmark,1.0,0.0,False,12,53,25,11160428.140280891,0.06913812016187088,0.09191787287492681,0.17943010658741576,-0.05561350712951619
benchmark,benchmark,1.0,0.0,False,13,54,0,7609597.0,0.138,0.03,0.12063832026847152,0.010583740505574736
benchmark,benchmark,1.0,0.0,False,13,54,1,7652724.38733265,0.14039181650999813,0.030000000000000027,0.11859183719691781,0.007984885903803248
benchmark,benchmark,1.0,0.0,False,13,54,2,7807882.025855416,0.1352284517914167,0.024191249950330507,0.12042664381191594,0.00693153572118296
benchmark,benchmark,1.0,0.0,False,13,54,3,8010822.675969156,0.12609412635990758,0.02682132259231884,0.11362985002848908,0.003909160612021878
benchmark,benchmark,1.0,0.0,False,13,54,4,8353037.674028627,0.1122005496088554,0.029735017778547812,0.10600443750644371,0.00784903943743556
benchmark,benchmark,1.0,0.0,False,13,54,5,8605312.333436357,0.09633011157713228,0.042240215922502156,0.09856356063317451,0.008826126863264226
benchmark,benchmark,1.0,0.0,False,13,54,6,8807609.192119803,0.0901222146929226,0.06063935975846224,0.09651783311680927,0.01255479628160465
benchmark,benchmark,1.0,0.0,False,13,54,7,8969121.228230704,0.08949608915696208,0.08485850404959505,0.10172765018063519,0.010664346703719334
benchmark,benchmark,1.0,0.0,False,13,54,8,8969566.226520736,0.0987956085861926,0.10463911507509494,0.1144249884200787,0.013570274895991162
benchmark,benchmark,1.0,0.0,False,13,54,9,8948165.627499564,0.10749546683191552,0.11450589058282334,0.13239860351877145,0.008141140674791353
benchmark,benchmark,1.0,0.0,False,13,54,10,8818824.858414223,0.12317275794139293,0.11355784623423748,0.15046276326101532,-0.0017322926655676824
benchmark,benchmark,1.0,0.0,False,13,54,11,8668626.956613833,0.13628395701904117,0.09965407990680908,0.16869851055778534,-0.009949831034091182
benchmark,benchmark,1.0,0.0,False,13,54,12,8687159.904492721,0.13711914850189952,0.0792671852360638,0.17404225037282356,-0.019040604792604967
benchmark,benchmark,1.0,0.0,False,13,54,13,8841526.718561351,0.12831229208347286,0.05879556757635118,0.16896536289970762,-0.0281693723999648
benchmark,benchmark,1.0,0.0,False,13,54,14,9164822.971677111,0.11162811128312469,0.045849570652380045,0.15561280773707165,-0.03012141866646662
benchmark,benchmark,1.0,0.0,False,13,54,15,9743047.115780927,0.08512573899942676,0.04339959850248398,0.1362790230242439,-0.02556409240433439
benchmark,benchmark,1.0,0.0,False,13,54,16,10343688.341991564,0.05868666654483627,0.061264912766895385,0.11646459614974375,-0.01642086478642477
benchmark,benchmark,1.0,0.0,False,13,54,17,10755661.41473902,0.04838297440661858,0.10619836746455591,0.10472973015150133,-0.0004964653383299996
benchmark,benchmark,1.0,0.0,False,13,54,18,10957558.73177734,0.057570050255534445,0.16859498813508056,0.1142663665782432,0.011719741245549935
benchmark,benchmark,1.0,0.0,False,13,54,19,11044471.545207692,0.07285538293042457,0.21239920677477264,0.1465939784085133,0.014706670163106297
benchmark,benchmark,1.0,0.0,False,13,54,20,11049493.77980325,0.07943111648928428,0.2286644404097744,0.16614799230162233,0.010866543942087806
benchmark,benchmark,1.0,0.0,False,13,54,21,10829648.86831739,0.0875837396921224,0.22536567581683076,0.1785511669076797,-0.0012410496455493565
benchmark,benchmark,1.0,0.0,False,13,54,22,10613176.235857574,0.09945704374579954,0.20470226750227694,0.1955139555420907,-0.01827190200378826
benchmark,benchmark,1.0,0.0,False,13,54,23,10535860.754079958,0.10142342733776048,0.17485607820782167,0.20440534194512688,-0.033361061415258186
benchmark,benchmark,1.0,0.0,False,13,54,24,10594133.45992572,0.09563795935364594,0.14400120634394709,0.2011317337360938,-0.04689994441827375
benchmark,benchmark,1.0,0.0,False,13,54,25,11090847.388890106,0.07402630755713473,0.12134374691866667,0.1841763614727625,-0.045299630973738396
benchmark,benchmark,1.0,0.0,False,14,55,0,7609597.0,0.138,0.03,0.12063832026847152,0.010583740505574736
benchmark,benchmark,1.0,0.0,False,14,55,1,7652724.38733265,0.14039181650999813,0.030000000000000027,0.11859183719691781,0.007984885903803248
benchmark,benchmark,1.0,0.0,False,14,55,2,7803747.8971590325,0.13522708141572493,0.024175498106025595,0.120415382402965,0.0032971674482037134
benchmark,benchmark,1.0,0.0,False,14,55,3,8074617.987863225,0.12423025497525701,0.02688704207308823,0.11150621873013597,0.003946045070084616
benchmark,benchmark,1.0,0.0,False,14,55,4,8376568.068342616,0.10717627813955055,0.030506877646086616,0.10282315139671222,0.005642319273890538
benchmark,benchmark,1.0,0.0,False,14,55,5,8731262.66980257,0.08941570521653136,0.04603437084049511,0.09205184431691993,0.011835973264267094
benchmark,benchmark,1.0,0.0,False,14,55,6,8919520.856295224,0.08146522843316335,0.06925691156226188,0.09037447455982617,0.0159656691814327
benchmark,benchmark,1.0,0.0,False,14,55,7,8985860.784628084,0.0902025878765309,0.09901495520406445,0.09974618260152358,0.018123948279336347
benchmark,benchmark,1.0,0.0,False,14,55,8,8897895.211917842,0.10704817994368672,0.11547107630824249,0.12472557212681813,0.014723008327538468
benchmark,benchmark,1.0,0.0,False,14,55,9,8824734.471190136,0.12330814014169328,0.11900859001323916,0.1450105728632068,0.011806606612655049
benchmark,benchmark,1.0,0.0,False,14,55,10,8595007.865825161,0.13796739358954568,0.10829816054875008,0.16516151057012102,-0.0030405072613133703
benchmark,benchmark,1.0,0.0,False,14,55,11,8468225.316134065,0.14606708120283513,0.08825481093248566,0.1773003332890775,-0.01777809692819503
benchmark,benchmark,1.0,0.0,False,14,55,12,8478710.012056896,0.14671918339942888,0.06364747486370192,0.18105434374647525,-0.031073327119331497
benchmark,benchmark,1.0,0.0,False,14,55,13,8650751.491865244,0.13928636939617348,0.04081135143078307,0.17479418095380186,-0.037527642085264434
benchmark,benchmark,1.0,0.0,False,14,55,14,9239551.41625001,0.11561509404542636,0.025823741843866932,0.1553521138397312,-0.03912714373470645
benchmark,benchmark,1.0,0.0,False,14,55,15,9736767.945497597,0.08716466956598752,0.023237743848454784,0.13507828758478654,-0.028022456564351525
benchmark,benchmark,1.0,0.0,False,14,55,16,10240360.714497078,0.06529748247733476,0.04316554309653742,0.11839300447131161,-0.01682241127052137
benchmark,benchmark,1.0,0.0,False,14,55,17,10571830.760682087,0.05578507583822294,0.08489679126049832,0.11148666567287899,-0.0057336594836569195
benchmark,benchmark,1.0,0.0,False,14,55,18,10932366.60791157,0.057180893719352,0.14022945594209357,0.11665059639481438,0.004679304268177765
benchmark,benchmark,1.0,0.0,False,14,55,19,11156497.441890977,0.06332171734112559,0.1900213524336325,0.13391008637125543,0.013186009777067666
benchmark,benchmark,1.0,0.0,False,14,55,20,11248430.183758382,0.06892542599006739,0.2238474908347301,0.150462788083209,0.013399518609349813
benchmark,benchmark,1.0,0.0,False,14,55,21,11238876.929668128,0.07365951008697173,0.235967651842806,0.16415023632109782,0.007810521465820294
benchmark,benchmark,1.0,0.0,False,14,55,22,11015377.57882153,0.08445637583009594,0.23243260138392463,0.18140360297636027,-0.005330266467730443
benchmark,benchmark,1.0,0.0,False,14,55,23,10844193.913376918,0.09633011798062585,0.2115926903759202,0.19925570953801255,-0.019150989073578966
benchmark,benchmark,1.0,0.0,False,14,55,24,10733007.559752654,0.09522468515234654,0.18126739561761274,0.20668185747992676,-0.035433522867693176
benchmark,benchmark,1.0,0.0,False,14,55,25,10984822.117525015,0.0815603546021854,0.1531735005284649,0.1950081672639989,-0.04547083712950764
benchmark,benchmark,1.0,0.0,False,15,56,0,7609597.0,0.138,0.03,0.12063832026847152,0.010583740505574736
benchmark,benchmark,1.0,0.0,False,15,56,1,7652724.38733265,0.14039181650999813,0.030000000000000027,0.11859183719691781,0.007984885903803248
benchmark,benchmark,1.0,0.0,False,15,56,2,7803739.127105768,0.13522708141572493,0.024178098798171233,0.12051654365317306,0.0031981574481878784
benchmark,benchmark,1.0,0.0,False,15,56,3,8065391.775771203,0.12431866702072024,0.026870259070886693,0.1111530460226252,0.007187670970995964
benchmark,benchmark,1.0,0.0,False,15,56,4,8387501.122808974,0.10714595804044674,0.03046905717065429,0.10368308254123614,0.006782423317646223
benchmark,benchmark,1.0,0.0,False,15,56,5,8636189.31621655,0.09418072987041776,0.04594113888329332,0.09520887228586769,0.009392102704680121
benchmark,benchmark,1.0,0.0,False,15,56,6,8859521.691769699,0.08829808881956361,0.06538622449317377,0.09542352401488273,0.014590525121652851
benchmark,benchmark,1.0,0.0,False,15,56,7,8938194.519066345,0.09086183820836218,0.09062810869640137,0.10323344865576792,0.014562573063061567
benchmark,benchmark,1.0,0.0,False,15,56,8,8855772.350300107,0.10698849722708381,0.10809220403492525,0.1227410417774741,0.011541739106693717
benchmark,benchmark,1.0,0.0,False,15,56,9,8782999.668057239,0.12150599016531237,0.11230384129514337,0.14411166929924196,0.0051929010931848945
benchmark,benchmark,1.0,0.0,False,15,56,10,8647621.869962137,0.1333714208680601,0.10393287739197743,0.15962089683605105,-0.0043392474850204145
benchmark,benchmark,1.0,0.0,False,15,56,11,8594295.048466222,0.13600590224651973,0.0859805540476355,0.16905848823164216,-0.015831120076476957
benchmark,benchmark,1.0,0.0,False,15,56,12,8707770.644154117,0.1333791210921936,0.06735355232032059,0.16772131344568195,-0.025358024484945677
benchmark,benchmark,1.0,0.0,False,15,56,13,8915899.104096705,0.12256194281045858,0.04951186833779864,0.16099517749898865,-0.026849071811553257
benchmark,benchmark,1.0,0.0,False,15,56,14,9466086.272606531,0.09620767582649574,0.03979611636422509,0.1427990834754703,-0.026935334319115756
benchmark,benchmark,1.0,0.0,False,15,56,15,9936703.087489162,0.07499922952057463,0.048356921427384236,0.12438023014918359,-0.019091210555200383
benchmark,benchmark,1.0,0.0,False,15,56,16,10419817.604881465,0.05721183664147891,0.07561200530279066,0.11338555084743142,-0.010686287219432385
benchmark,benchmark,1.0,0.0,False,15,56,17,10788353.960332977,0.05275372859265099,0.12587571207744452,0.10782646161908119,0.0022413631958111352
benchmark,benchmark,1.0,0.0,False,15,56,18,10953039.250494814,0.062012462494558024,0.17993411354280386,0.12345626690061347,0.012007811460758674
benchmark,benchmark,1.0,0.0,False,15,56,19,11017997.670722883,0.07622230110886341,0.2157685377838674,0.15071780738652316,0.01354356544320012
benchmark,benchmark,1.0,0.0,False,15,56,20,10876131.64511905,0.08708650423836119,0.2243731055401914,0.17299154267700842,0.004855568883914342
benchmark,benchmark,1.0,0.0,False,15,56,21,10613458.073131472,0.09850536781336144,0.21210431148399556,0.18898715535935678,-0.006509278008760515
benchmark,benchmark,1.0,0.0,False,15,56,22,10440851.269807486,0.10348810400455177,0.1848860278652822,0.20112576448769606,-0.024430331835250885
benchmark,benchmark,1.0,0.0,False,15,56,23,10477066.374081375,0.09768296859080153,0.1535397856362033,0.20026917326456395,-0.03829450295254264
benchmark,benchmark,1.0,0.0,False,15,56,24,10685366.65915164,0.08523777516484986,0.12869232247912032,0.19105651692487047,-0.04580010241586289
benchmark,benchmark,1.0,0.0,False,15,56,25,11360729.438619085,0.061564770974266596,0.11520021401558544,0.17194082057796373,-0.04488828523156189
benchmark,benchmark,1.0,0.0,False,16,57,0,7609597.0,0.138,0.03,0.12063832026847152,0.010583740505574736
benchmark,benchmark,1.0,0.0,False,16,57,1,7652724.38733265,0.14039181650999813,0.030000000000000027,0.11859183719691781,0.007984885903803248
benchmark,benchmark,1.0,0.0,False,16,57,2,7798149.185335477,0.13522708141572493,0.02417888502677079,0.12050270894061646,0.0034953853031676287
benchmark,benchmark,1.0,0.0,False,16,57,3,8058476.3955916595,0.12462896071866911,0.02686294330919381,0.11165030530206593,0.004615175905555728
benchmark,benchmark,1.0,0.0,False,16,57,4,8385237.313331587,0.10741247831602448,0.030342160743449753,0.10345300497362986,0.009326952688435478
benchmark,benchmark,1.0,0.0,False,16,57,5,8657340.187949797,0.09259188703693796,0.0449432087949877,0.09521173404922322,0.014449661266559338
benchmark,benchmark,1.0,0.0,False,16,57,6,8817783.991238419,0.08972869627572751,0.06614994586221945,0.09638058981880285,0.01609464064281394
benchmark,benchmark,1.0,0.0,False,16,57,7,8872608.066556806,0.09792596863797354,0.08821858495120849,0.1081132217263479,0.01254173745458508
benchmark,benchmark,1.0,0.0,False,16,57,8,8892515.304231744,0.10674947649188926,0.10233296526573765,0.12378383421855584,0.011990402105420102
benchmark,benchmark,1.0,0.0,False,16,57,9,8880046.993046151,0.11400497257678233,0.10622496329214681,0.1376354435889614,0.006827097629053896
benchmark,benchmark,1.0,0.0,False,16,57,10,8758646.682143679,0.1260609678555102,0.10258348324822664,0.15257783450529025,-0.003924413820858862
benchmark,benchmark,1.0,0.0,False,16,57,11,8658851.76922403,0.13542223737081824,0.0888901578003154,0.16667559417497801,-0.013681427057925476
benchmark,benchmark,1.0,0.0,False,16,57,12,8681100.605160378,0.13497413767990268,0.07280873952883304,0.17018068543444284,-0.02311502258100816
benchmark,benchmark,1.0,0.0,False,16,57,13,8888664.515017604,0.12661654809730882,0.05380353353810907,0.16501808615550784,-0.030580781336673836
benchmark,benchmark,1.0,0.0,False,16,57,14,9234970.91047961,0.10880689927007979,0.04477836725270157,0.15141576204719076,-0.029313472388668046
benchmark,benchmark,1.0,0.0,False,16,57,15,9922421.65371166,0.0793936923449429,0.042956813564716034,0.13094728254979474,-0.022620852643452632
benchmark,benchmark,1.0,0.0,False,16,57,16,10378034.170628093,0.05744136902700054,0.06771352296258981,0.11301489412079085,-0.011365923827972847
benchmark,benchmark,1.0,0.0,False,16,57,17,10712396.767690111,0.051642968599344266,0.1134890405980038,0.10779554195883546,-0.001596031498037465
benchmark,benchmark,1.0,0.0,False,16,57,18,10920780.6083007,0.06034836399810043,0.17206461587978295,0.12057985912196002,0.011090445112550468
benchmark,benchmark,1.0,0.0,False,16,57,19,11020959.921914564,0.07347157404122587,0.21080643995693782,0.1480834899091634,0.014903493295795886
benchmark,benchmark,1.0,0.0,False,16,57,20,11028423.002122538,0.08119423829360518,0.22539762924602402,0.1662921721559794,0.00928488161258226
benchmark,benchmark,1.0,0.0,False,16,57,21,10735518.748408947,0.09328389463872909,0.21976369403034468,0.18354325729626694,-0.00652120616627547
benchmark,benchmark,1.0,0.0,False,16,57,22,10513293.271931812,0.106227310683888,0.19550833744846208,0.20137571665386841,-0.020027192304171604
benchmark,benchmark,1.0,0.0,False,16,57,23,10404814.918854913,0.1060968126556425,0.1632295192971478,0.2091644868223779,-0.03981693213357763
benchmark,benchmark,1.0,0.0,False,16,57,24,10576024.390249914,0.09583982118403815,0.13047673143031457,0.20007049746090863,-0.04860915400378072
benchmark,benchmark,1.0,0.0,False,16,57,25,11139949.91318614,0.069286215470941,0.11054102372592167,0.1798433048480115,-0.049373838019663406
benchmark,benchmark,1.0,0.0,False,17,58,0,7609597.0,0.138,0.03,0.12063832026847152,0.010583740505574736
benchmark,benchmark,1.0,0.0,False,17,58,1,7652724.38733265,0.14039181650999813,0.030000000000000027,0.11859183719691781,0.007984885903803248
benchmark,benchmark,1.0,0.0,False,17,58,2,7802161.346453733,0.13522791937893172,0.024174926556558063,0.12037381947310465,0.0028043715900083316
benchmark,benchmark,1.0,0.0,False,17,58,3,8059652.985903531,0.12473132222678276,0.026858027179900823,0.11102645403276418,0.005185265446354202
benchmark,benchmark,1.0,0.0,False,17,58,4,8453070.564015096,0.10693851959265516,0.030329238507252443,0.10211269007592062,0.00914744216823397
benchmark,benchmark,1.0,0.0,False,17,58,5,8651180.411422694,0.09158605218016513,0.04592769468525315,0.09463075881600544,0.014368565314361455
benchmark,benchmark,1.0,0.0,False,17,58,6,8806430.859393157,0.09010755317209757,0.06771970698076801,0.09635832327337028,0.013967809776950703
benchmark,benchmark,1.0,0.0,False,17,58,7,8853182.866475314,0.09851797091320404,0.09043093658452395,0.10880122531732686,0.013280162569709446
benchmark,benchmark,1.0,0.0,False,17,58,8,8816148.859899376,0.11177607562705054,0.10334539893151296,0.12787552931297536,0.006038278618077071
benchmark,benchmark,1.0,0.0,False,17,58,9,8705813.837216953,0.12400025251028393,0.10434381313350838,0.14527518431736353,-0.0010624958379257382
benchmark,benchmark,1.0,0.0,False,17,58,10,8763652.947009005,0.12419664812406284,0.09420346484159992,0.15284290882172627,-0.00621562895240596
benchmark,benchmark,1.0,0.0,False,17,58,11,8767550.149898555,0.12506187011689593,0.08272260272127752,0.1559954977598883,-0.014868853994768243
benchmark,benchmark,1.0,0.0,False,17,58,12,8872657.307197673,0.12037116969196729,0.06855920559511497,0.15738682716576588,-0.022589545385611705
benchmark,benchmark,1.0,0.0,False,17,58,13,9146552.880333683,0.10903015204557019,0.05897976800955629,0.1497050402306759,-0.022776793580826023
benchmark,benchmark,1.0,0.0,False,17,58,14,9516848.748502517,0.09235226030664995,0.05691498333178102,0.13875323598832534,-0.020427021622517205
benchmark,benchmark,1.0,0.0,False,17,58,15,9932343.596318206,0.07428403292750796,0.06765167294370489,0.1262518070985497,-0.015304468002450692
benchmark,benchmark,1.0,0.0,False,17,58,16,10383347.308488036,0.06052124438977149,0.09411815943207413,0.11600962013917142,-0.0038846250059289163
benchmark,benchmark,1.0,0.0,False,17,58,17,10717524.1639904,0.055302726950538984,0.1360109834390224,0.11512735124971038,0.000939768332636399
benchmark,benchmark,1.0,0.0,False,17,58,18,10900146.54246535,0.06257813213048592,0.1829618772302779,0.12601968871265165,0.01182711005087149
benchmark,benchmark,1.0,0.0,False,17,58,19,10923046.08194731,0.07408046572342737,0.2125824779046921,0.15082539528437328,0.012029116363891533
benchmark,benchmark,1.0,0.0,False,17,58,20,10876296.9862008,0.08292661162473666,0.221361422474599,0.16889017106268078,0.0064589744188152136
benchmark,benchmark,1.0,0.0,False,17,58,21,10640984.765898075,0.09399025951487854,0.21125060445511346,0.18599447835919047,-0.009425246506341243
benchmark,benchmark,1.0,0.0,False,17,58,22,10474918.282315236,0.10527434135219167,0.18758527053986152,0.20009169243863933,-0.026276906436520864
benchmark,benchmark,1.0,0.0,False,17,58,23,10435924.5717581,0.10383320615027249,0.15477895708568545,0.2044939116246372,-0.03785604721783987
benchmark,benchmark,1.0,0.0,False,17,58,24,10810076.296519585,0.08224301204293488,0.12591428991696496,0.1897189127627955,-0.04825692178611177
benchmark,benchmark,1.0,0.0,False,17,58,25,11407025.997516276,0.055000457876702734,0.11638411215575517,0.16508902354376928,-0.042525034685659685
benchmark,benchmark,1.0,0.0,False,18,59,0,7609597.0,0.138,0.03,0.12063832026847152,0.010583740505574736
benchmark,benchmark,1.0,0.0,False,18,59,1,7652724.38733265,0.14039181650999813,0.030000000000000027,0.11859183719691781,0.007984885903803248
benchmark,benchmark,1.0,0.0,False,18,59,2,7795331.867327983,0.13522708141572493,0.0241798548657024,0.12054274951344701,0.0039060437221932294
benchmark,benchmark,1.0,0.0,False,18,59,3,8076751.23502447,0.12376025350159268,0.026841265069014852,0.11144878433202092,0.005049452077611797
benchmark,benchmark,1.0,0.0,False,18,59,4,8398153.82331242,0.10856080677944041,0.030715111787881444,0.10452471034896345,0.010690508268069185
benchmark,benchmark,1.0,0.0,False,18,59,5,8548065.351745805,0.0980104439655496,0.04526275911917166,0.09951021998422564,0.010483993404847318
benchmark,benchmark,1.0,0.0,False,18,59,6,8741756.292006953,0.09473936576023352,0.06327614302724838,0.10027111251817715,0.009318513871656815
benchmark,benchmark,1.0,0.0,False,18,59,7,8916473.416056339,0.09411896667824583,0.08267227566995605,0.10555813476691052,0.012435888732669908
benchmark,benchmark,1.0,0.0,False,18,59,8,8941145.461821372,0.09959570876693533,0.09898449336518955,0.11723079118854389,0.010151504999601907
benchmark,benchmark,1.0,0.0,False,18,59,9,8900765.786279202,0.11112282120471545,0.10721470577216041,0.1335086283133205,0.005605724389776901
benchmark,benchmark,1.0,0.0,False,18,59,10,8807120.090834437,0.12342318424510933,0.10524955275398584,0.15060538364510495,0.000705154705504981
benchmark,benchmark,1.0,0.0,False,18,59,11,8749950.038270175,0.13044249936937322,0.09334272395975107,0.16320796981785893,-0.010370021268576552
benchmark,benchmark,1.0,0.0,False,18,59,12,8682844.52378346,0.13422660636741152,0.07857902546026763,0.17062357112090143,-0.02018119300129629
benchmark,benchmark,1.0,0.0,False,18,59,13,8813774.53785708,0.129469653451623,0.0606173468326785,0.1693185759969857,-0.03036171305326021
benchmark,benchmark,1.0,0.0,False,18,59,14,9183246.938903634,0.11323465437520744,0.04862358384861576,0.1553595305007124,-0.02923813841776364
benchmark,benchmark,1.0,0.0,False,18,59,15,9868433.466388438,0.08187383358728917,0.04391870919156826,0.13413963585491243,-0.021676958747285927
benchmark,benchmark,1.0,0.0,False,18,59,16,10293548.46919052,0.05804689267180982,0.06431422633254558,0.11519321790342837,-0.013457236100906666
benchmark,benchmark,1.0,0.0,False,18,59,17,10703661.47874185,0.05141260310157366,0.10857637372722984,0.10705369564201889,-0.003403937260116801
benchmark,benchmark,1.0,0.0,False,18,59,18,10991886.10929278,0.05508053563013995,0.16712535504286286,0.11647006377072089,0.009520108115604128
benchmark,benchmark,1.0,0.0,False,18,59,19,11176218.026829707,0.06440930234845103,0.21441940496963796,0.13648974523087423,0.01600908852837333
benchmark,benchmark,1.0,0.0,False,18,59,20,11222565.062209764,0.07160243742932211,0.23815726938321347,0.15648647967655205,0.014251591012631038
benchmark,benchmark,1.0,0.0,False,18,59,21,11057904.453843998,0.08219912764381165,0.24139377429714992,0.17233838153532544,0.00740046641621538
benchmark,benchmark,1.0,0.0,False,18,59,22,10801141.727749333,0.09521287181109371,0.22458745656061918,0.19288260338806942,-0.011652742591686733
benchmark,benchmark,1.0,0.0,False,18,59,23,10561530.604549104,0.10505208425164789,0.1931073032917745,0.20818801442049262,-0.029099401949305163
benchmark,benchmark,1.0,0.0,False,18,59,24,10512112.214360418,0.10291051871135089,0.1582375725020162,0.21024717144466248,-0.044490414178764086
benchmark,benchmark,1.0,0.0,False,18,59,25,10827455.237031516,0.08436302879089252,0.1265176924397129,0.1967281504917561,-0.05264205839798866
benchmark,benchmark,1.0,0.0,False,19,60,0,7609597.0,0.138,0.03,0.12063832026847152,0.010583740505574736
benchmark,benchmark,1.0,0.0,False,19,60,1,7652724.38733265,0.14039181650999813,0.030000000000000027,0.11859183719691781,0.007984885903803248
benchmark,benchmark,1.0,0.0,False,19,60,2,7801015.79439375,0.13522708141572493,0.02416779563427518,0.12036188788452327,0.0013312017868427292
benchmark,benchmark,1.0,0.0,False,19,60,3,8078810.5600800365,0.12319753467485918,0.026894303678024034,0.1102956269785451,0.004462778928094357
benchmark,benchmark,1.0,0.0,False,19,60,4,8453387.904864522,0.10460968212277172,0.030999778610697692,0.10072658162169798,0.010358840622038597
benchmark,benchmark,1.0,0.0,False,19,60,5,8677773.196227852,0.08995600214001737,0.047776811917966455,0.0930262525078002,0.011968976595000179
benchmark,benchmark,1.0,0.0,False,19,60,6,8885776.964416726,0.08700297210493511,0.06961959651869387,0.09461215944962106,0.012204117573946547
benchmark,benchmark,1.0,0.0,False,19,60,7,8925465.87372962,0.09432812185058495,0.09385262102182934,0.10613358711889369,0.011775081427802177
benchmark,benchmark,1.0,0.0,False,19,60,8,8892872.974423451,0.10972092326606712,0.10855459558261327,0.12496216857262395,0.01064088468209029
benchmark,benchmark,1.0,0.0,False,19,60,9,8825763.189442186,0.11803456801105727,0.11091141722972186,0.14273153039937855,0.003024710311963713
benchmark,benchmark,1.0,0.0,False,19,60,10,8734557.427661883,0.12759090998720476,0.10431108947075574,0.15434029108550804,-0.0051549906845277
benchmark,benchmark,1.0,0.0,False,19,60,11,8657820.738491049,0.1345732643920039,0.08877863675513575,0.16593137333802224,-0.013222982167471744
benchmark,benchmark,1.0,0.0,False,19,60,12,8675039.524021456,0.13507808749058933,0.06996796405300332,0.170062706917615,-0.024039355413023974
benchmark,benchmark,1.0,0.0,False,19,60,13,8882134.59320142,0.12318465688667114,0.052899528187510425,0.16277993229050705,-0.03098684270994147
benchmark,benchmark,1.0,0.0,False,19,60,14,9451364.864245009,0.09854022091166018,0.043671077765558675,0.14266026787830882,-0.027881457050326977
benchmark,benchmark,1.0,0.0,False,19,60,15,10045164.937990073,0.07254342710357094,0.049799983130924375,0.12322392463380946,-0.019009798031146358
benchmark,benchmark,1.0,0.0,False,19,60,16,10267541.575220367,0.05745544919257908,0.07899953506494972,0.11305435616055542,-0.010677036158824676
benchmark,benchmark,1.0,0.0,False,19,60,17,10738694.405194309,0.05396290554490983,0.12726002059614272,0.10968912947636132,0.0011535656227601322
benchmark,benchmark,1.0,0.0,False,19,60,18,10960204.524973854,0.057174077789661576,0.1784399969917274,0.1222759944445958,0.013647211036023617
benchmark,benchmark,1.0,0.0,False,19,60,19,11093604.48900172,0.067741671870014,0.22083157852181312,0.14064832282197143,0.017497725868291552
benchmark,benchmark,1.0,0.0,False,19,60,20,11006503.736073302,0.08285941426102195,0.23531763477851597,0.16648759158291684,0.012753753750212
benchmark,benchmark,1.0,0.0,False,19,60,21,10707515.970064322,0.0994433096618942,0.2264926206150668,0.19034986431267423,-0.0024514960151093682
benchmark,benchmark,1.0,0.0,False,19,60,22,10381909.668241939,0.11208053087196261,0.19649842792546202,0.20967946745826013,-0.024196022275762116
benchmark,benchmark,1.0,0.0,False,19,60,23,10232005.270656388,0.11372946888277675,0.15960587738979792,0.21492177640751908,-0.042900976108932544
benchmark,benchmark,1.0,0.0,False,19,60,24,10444396.411325887,0.09751999179138143,0.12155472955922364,0.20420106029608703,-0.05257978973342593
benchmark,benchmark,1.0,0.0,False,19,60,25,11178492.639051635,0.06827180808720013,0.10026353142425704,0.17684402548733325,-0.05011368325075625
benchmark,benchmark,1.0,0.0,False,20,61,0,7609597.0,0.138,0.03,0.12063832026847152,0.010583740505574736
benchmark,benchmark,1.0,0.0,False,20,61,1,7652724.38733265,0.14039181650999813,0.030000000000000027,0.11859183719691781,0.007984885903803248
benchmark,benchmark,1.0,0.0,False,20,61,2,7810192.315640007,0.135228353675209,0.02418820227567564,0.12035104403884442,0.0064052811322713905
benchmark,benchmark,1.0,0.0,False,20,61,3,8015479.294843943,0.12555636859119154,0.02682757863734886,0.11360296565960566,0.004290313158361185
benchmark,benchmark,1.0,0.0,False,20,61,4,8307641.492175498,0.1138708630209111,0.029925372509651327,0.10701674676196118,0.00478835745997645
benchmark,benchmark,1.0,0.0,False,20,61,5,8663321.370676948,0.09546736623622758,0.042030957935995206,0.0972440181098373,0.009005439259281428
benchmark,benchmark,1.0,0.0,False,20,61,6,8821550.797669318,0.0877380825274885,0.061957770807154144,0.09453364407909763,0.009514460349883406
benchmark,benchmark,1.0,0.0,False,20,61,7,8984781.965774495,0.08880988878962515,0.08598148705153585,0.09987189046580132,0.012666410872522236
benchmark,benchmark,1.0,0.0,False,20,61,8,9060371.777052647,0.09506241593071078,0.10557020753340396,0.11320028793424228,0.0131965179288464
benchmark,benchmark,1.0,0.0,False,20,61,9,8946421.636554135,0.1106486838977497,0.11774228303718814,0.13288437992365998,0.008549844976698131
benchmark,benchmark,1.0,0.0,False,20,61,10,8793945.316044172,0.1278119275107431,0.11431458510336356,0.1553144474676465,-0.0030050229987214194
benchmark,benchmark,1.0,0.0,False,20,61,11,8692127.992648575,0.13776036903624028,0.10071304909916945,0.16843367458929828,-0.01351905911690729
benchmark,benchmark,1.0,0.0,False,20,61,12,8679509.863496415,0.13936605092524454,0.07804769621194674,0.1747783520121314,-0.025431792294651336
benchmark,benchmark,1.0,0.0,False,20,61,13,8780362.261989161,0.1335348699746529,0.0587687674249322,0.17123394675743453,-0.03236472334122905
benchmark,benchmark,1.0,0.0,False,20,61,14,9145105.65501723,0.11688238609115367,0.041655407731250316,0.15819525235633936,-0.03335957108931246
benchmark,benchmark,1.0,0.0,False,20,61,15,9727655.219683845,0.08991527123932155,0.038382299220454996,0.13764702867963444,-0.028520954884361432
benchmark,benchmark,1.0,0.0,False,20,61,16,10292266.275006361,0.06505429555558224,0.05011907127841875,0.12060053451407186,-0.016972662091391297
benchmark,benchmark,1.0,0.0,False,20,61,17,10563745.1892926,0.05507206903374284,0.09000650143302735,0.11105094242774263,-0.008720755789958439
benchmark,benchmark,1.0,0.0,False,20,61,18,10951357.407089934,0.05851237682752634,0.14230739259979308,0.11730999838064414,0.0008698974693373473
benchmark,benchmark,1.0,0.0,False,20,61,19,11081592.627522938,0.06780301800865206,0.18873525485423004,0.13784243540518687,0.012165690148624174
benchmark,benchmark,1.0,0.0,False,20,61,20,11066033.436121989,0.07776869439713713,0.2141974813398866,0.15956404711129826,0.01002434027620791
benchmark,benchmark,1.0,0.0,False,20,61,21,10865400.294873904,0.09046602192875834,0.21822664692376814,0.179512668209637,-0.002633424376319872
benchmark,benchmark,1.0,0.0,False,20,61,22,10663405.784059694,0.10147410803705248,0.2024139344125251,0.1967164027409438,-0.019430970499304024
benchmark,benchmark,1.0,0.0,False,20,61,23,10564058.612929711,0.10385577076302813,0.1740010004798882,0.20472625290111213,-0.03574328324868329
benchmark,benchmark,1.0,0.0,False,20,61,24,10620344.960404923,0.09728765501607543,0.14324092041929948,0.2013916996864306,-0.04620497447732399
benchmark,benchmark,1.0,0.0,False,20,61,25,11126992.191113327,0.07080808850692903,0.12050741962449996,0.18323024718344957,-0.047501729400846245
benchmark,benchmark,1.0,0.0,False,21,62,0,7609597.0,0.138,0.03,0.12063832026847152,0.010583740505574736
benchmark,benchmark,1.0,0.0,False,21,62,1,7652724.38733265,0.14039181650999813,0.030000000000000027,0.11859183719691781,0.007984885903803248
benchmark,benchmark,1.0,0.0,False,21,62,2,7801883.245391858,0.13522709376288386,0.02416952371014558,0.12040707251402727,0.00129724124654278
benchmark,benchmark,1.0,0.0,False,21,62,3,8073871.66073165,0.12380185095192778,0.026912392182091516,0.11076434189347534,0.007752548773458605
benchmark,benchmark,1.0,0.0,False,21,62,4,8448430.68338447,0.10560762373411392,0.030690812225202757,0.10257360419698286,0.0062379533316305105
benchmark,benchmark,1.0,0.0,False,21,62,5,8639406.904819544,0.09377044176374988,0.047051763740183716,0.09525587477850357,0.010684408026505757
benchmark,benchmark,1.0,0.0,False,21,62,6,8791729.26635039,0.09198838801712114,0.06706505043109123,0.09848180633759575,0.012551938116863157
benchmark,benchmark,1.0,0.0,False,21,62,7,8837068.649532463,0.09848015561546565,0.08859584371279738,0.10933039252959652,0.011996964691132605
benchmark,benchmark,1.0,0.0,False,21,62,8,8835874.588570159,0.10971058322374523,0.10157952569876216,0.12546971355270276,0.011652827682231928
benchmark,benchmark,1.0,0.0,False,21,62,9,8780619.066093137,0.11784783740806223,0.10425229149399096,0.14116415745323033,0.0041155502469559565
benchmark,benchmark,1.0,0.0,False,21,62,10,8686329.019542325,0.12678593382994163,0.09789010513019147,0.15472533003177147,-0.005524062638815108
benchmark,benchmark,1.0,0.0,False,21,62,11,8638323.472196214,0.13512197818125382,0.08378337077351494,0.16575662245611134,-0.015112173850393932
benchmark,benchmark,1.0,0.0,False,21,62,12,8720289.527965542,0.13359791290441034,0.06646313078763733,0.16848085953206918,-0.025004468678618795
benchmark,benchmark,1.0,0.0,False,21,62,13,8915369.03763942,0.12556569793479552,0.051414290717084477,0.1616158249057697,-0.02752723239252565
benchmark,benchmark,1.0,0.0,False,21,62,14,9430156.033743309,0.10017524564049313,0.042588162139826524,0.14459432222863314,-0.024594149642263603
benchmark,benchmark,1.0,0.0,False,21,62,15,9945526.532537933,0.07355739495704745,0.046901639475723345,0.1252654830958223,-0.018830825694085646
benchmark,benchmark,1.0,0.0,False,21,62,16,10416464.89167225,0.058202602336202384,0.0754260568494638,0.11205346541082928,-0.008334465365817117
benchmark,benchmark,1.0,0.0,False,21,62,17,10649523.710952202,0.05626988170724202,0.12402435272484369,0.11280204482957165,0.00330446133127113
benchmark,benchmark,1.0,0.0,False,21,62,18,10882200.982708251,0.06373645397656089,0.173597194495984,0.1276822155383975,0.009637468315659831
benchmark,benchmark,1.0,0.0,False,21,62,19,10963636.04169651,0.07638674528051953,0.20708334323869293,0.1497764470886938,0.012088396306939765
benchmark,benchmark,1.0,0.0,False,21,62,20,10891479.777637081,0.08306535702208498,0.21657488599817576,0.16964508246629867,0.005202972459143284
benchmark,benchmark,1.0,0.0,False,21,62,21,10720850.92923757,0.09272576295735085,0.2097187886134999,0.18248424060639937,-0.009476509116214048
benchmark,benchmark,1.0,0.0,False,21,62,22,10460707.405534899,0.10323995704271881,0.18738564612429465,0.19967249349556498,-0.02417907523749848
benchmark,benchmark,1.0,0.0,False,21,62,23,10557226.025441486,0.09664912334021779,0.15761657533367357,0.20002378714946273,-0.03589322412414876
benchmark,benchmark,1.0,0.0,False,21,62,24,10791440.626978008,0.08190128888803744,0.1345059912501323,0.18751086479336643,-0.04262612249182501
benchmark,benchmark,1.0,0.0,False,21,62,25,11388367.458632335,0.05888719379467033,0.1239849922838796,0.16918762171518564,-0.03924165832623022
benchmark,benchmark,1.0,0.0,False,22,63,0,7609597.0,0.138,0.03,0.12063832026847152,0.010583740505574736
benchmark,benchmark,1.0,0.0,False,22,63,1,7652724.38733265,0.14039181650999813,0.030000000000000027,0.11859183719691781,0.007984885903803248
benchmark,benchmark,1.0,0.0,False,22,63,2,7797633.467722029,0.13522708141572493,0.024172637767157834,0.12049082387403716,0.0020602817057532043
benchmark,benchmark,1.0,0.0,False,22,63,3,8066639.8832752425,0.12356017619271581,0.026889606517262132,0.11054900799237515,0.005915720547520968
benchmark,benchmark,1.0,0.0,False,22,63,4,8425947.271434534,0.10521602740270865,0.030783332100446703,0.10127578506833448,0.008483989433225536
benchmark,benchmark,1.0,0.0,False,22,63,5,8695929.01598151,0.09001657118906597,0.047290226915329026,0.09191341950444537,0.011605916513236848
benchmark,benchmark,1.0,0.0,False,22,63,6,8917843.015563753,0.0835390057346927,0.06907149429596315,0.09134138740125256,0.016508937585157212
benchmark,benchmark,1.0,0.0,False,22,63,7,9047689.191848397,0.08726962842193234,0.09612729266713771,0.09944983076556611,0.017958882827871656
benchmark,benchmark,1.0,0.0,False,22,63,8,8952305.898636416,0.10436111516903458,0.11582813515910462,0.12072958667772071,0.01654300568652594
benchmark,benchmark,1.0,0.0,False,22,63,9,8819358.027263178,0.12144292661234551,0.12100891841426731,0.14482818175661782,0.009338726770370601
benchmark,benchmark,1.0,0.0,False,22,63,10,8631069.397835854,0.13722739658917849,0.11064700027137997,0.16474488241712731,-0.0033377667290930596
benchmark,benchmark,1.0,0.0,False,22,63,11,8466021.577954635,0.14927528206315663,0.09004316455453432,0.17959470474518793,-0.015472609841786224
benchmark,benchmark,1.0,0.0,False,22,63,12,8474194.901420256,0.14998646014889963,0.06482315576857367,0.18311609468540543,-0.03043561177248175
benchmark,benchmark,1.0,0.0,False,22,63,13,8700975.982184246,0.13669942997848983,0.04197688815274425,0.17237205192445224,-0.03701480493152683
benchmark,benchmark,1.0,0.0,False,22,63,14,9279733.017356649,0.11098021364984675,0.026599842868937795,0.1503752854581533,-0.03314311786353746
benchmark,benchmark,1.0,0.0,False,22,63,15,9877926.819364753,0.08079766546791059,0.027169818601619378,0.12867735133750732,-0.024891410441923445
benchmark,benchmark,1.0,0.0,False,22,63,16,10302138.068187276,0.05928758687267033,0.04993997158995622,0.11283918746881763,-0.015799892934951605
benchmark,benchmark,1.0,0.0,False,22,63,17,10760863.174577724,0.05146972432726063,0.09860817196945248,0.10537707119045774,-0.005901501756495352
benchmark,benchmark,1.0,0.0,False,22,63,18,11108394.004560936,0.05491684191302912,0.16093102168878515,0.11304166304779383,0.009000947831348576
benchmark,benchmark,1.0,0.0,False,22,63,19,11216702.32643466,0.06519648578848918,0.2118771384792253,0.13608130466653184,0.015728181749092487
benchmark,benchmark,1.0,0.0,False,22,63,20,11207484.270349706,0.07746054417127218,0.23831067909623838,0.15943575684533337,0.016168958161788313
benchmark,benchmark,1.0,0.0,False,22,63,21,10973226.586844908,0.09090240783742994,0.23650692177218557,0.18154637262186665,0.0049729156464987725
benchmark,benchmark,1.0,0.0,False,22,63,22,10668948.872965224,0.10596146328527808,0.21397893986797922,0.2017416943356988,-0.015552567174657994
benchmark,benchmark,1.0,0.0,False,22,63,23,10342014.04386498,0.11649840295272577,0.1791402638309061,0.21791536631247563,-0.03704729169100059
benchmark,benchmark,1.0,0.0,False,22,63,24,10363377.02707846,0.11054539010623324,0.1370112435964621,0.21707382475223608,-0.05504573087913673
benchmark,benchmark,1.0,0.0,False,22,63,25,10747880.738285523,0.09116492679758013,0.10537944726298698,0.19866188702146675,-0.05741592791940743
benchmark,benchmark,1.0,0.0,False,23,64,0,7609597.0,0.138,0.03,0.12063832026847152,0.010583740505574736
benchmark,benchmark,1.0,0.0,False,23,64,1,7652716.012269475,0.14039188543076578,0.030000000000000027,0.11859223719990825,0.007984765243853872
benchmark,benchmark,1.0,0.0,False,23,64,2,7799964.972859484,0.13522774575925392,0.024174680748029198,0.12042437573142113,0.002252602548337618
benchmark,benchmark,1.0,0.0,False,23,64,3,8073273.91683056,0.12453055810975092,0.02689811845523793,0.11105088284388162,0.004794454360915522
benchmark,benchmark,1.0,0.0,False,23,64,4,8408704.665028108,0.10800077269270865,0.030427564671585916,0.10352117790806743,0.010270680580806822
benchmark,benchmark,1.0,0.0,False,23,64,5,8671313.10127992,0.09392473268617732,0.04539590620807643,0.09563234726939951,0.012560333585555911
benchmark,benchmark,1.0,0.0,False,23,64,6,8793766.049402082,0.08879071425718625,0.06572793937193855,0.09744315072502444,0.014094394282709644
benchmark,benchmark,1.0,0.0,False,23,64,7,8803918.793106647,0.10032736410040446,0.09028037278941992,0.10852542489055739,0.01402484874518914
benchmark,benchmark,1.0,0.0,False,23,64,8,8800396.381017443,0.1116939207128987,0.101755913378347,0.12912648308630825,0.008411544546633343
benchmark,benchmark,1.0,0.0,False,23,64,9,8699901.262573404,0.12564263173734155,0.10409168606070418,0.14554845238862923,0.0013515834206910824
benchmark,benchmark,1.0,0.0,False,23,64,10,8619849.140118802,0.13346695539306963,0.09237223280835294,0.16110419640297863,-0.010610149557422403
benchmark,benchmark,1.0,0.0,False,23,64,11,8575587.534032641,0.13696456056711057,0.07715932746690357,0.16714909051107207,-0.020086140843275545
benchmark,benchmark,1.0,0.0,False,23,64,12,8788163.07554279,0.12880798253974254,0.05776008038252245,0.16280386433130173,-0.022540009784312046
benchmark,benchmark,1.0,0.0,False,23,64,13,9178618.047431009,0.10737841059232553,0.04692735300055695,0.1473058246677301,-0.022299799076830745
benchmark,benchmark,1.0,0.0,False,23,64,14,9631143.733501319,0.08500335960898289,0.04714535719408297,0.13127043985478726,-0.02244710788263375
benchmark,benchmark,1.0,0.0,False,23,64,15,10005213.736805229,0.06697341308431566,0.06549939612481537,0.11863296501968866,-0.013008381756153955
benchmark,benchmark,1.0,0.0,False,23,64,16,10426447.830753133,0.05692948166713457,0.10090826448770773,0.11138029938765971,-0.0024744356154587856
benchmark,benchmark,1.0,0.0,False,23,64,17,10758213.675972095,0.05577088575290899,0.14907781936176656,0.11419611758415651,0.007802549246218647
benchmark,benchmark,1.0,0.0,False,23,64,18,10919702.470306823,0.06676836221035436,0.19451044692520636,0.13115711061039748,0.014908203538450253
benchmark,benchmark,1.0,0.0,False,23,64,19,10940444.738796834,0.07849612704876259,0.21880527670989647,0.15640850452274005,0.010783607033812077
benchmark,benchmark,1.0,0.0,False,23,64,20,10751201.715360383,0.08825876478643307,0.2213454217108226,0.17424537435389537,0.003927077253013433
benchmark,benchmark,1.0,0.0,False,23,64,21,10594453.608297497,0.0963528636421762,0.20390796579269277,0.1884056754098086,-0.010645833757694139
benchmark,benchmark,1.0,0.0,False,23,64,22,10383203.48211832,0.10579179470390909,0.17797421408631364,0.20148822491645832,-0.03002398836865918
benchmark,benchmark,1.0,0.0,False,23,64,23,10326732.896380624,0.10635485718190649,0.14511633604343577,0.2076307517131443,-0.04322511332398169
benchmark,benchmark,1.0,0.0,False,23,64,24,10663346.971129486,0.08757998099278813,0.1171564288236262,0.19418237405991248,-0.050012113346113024
benchmark,benchmark,1.0,0.0,False,23,64,25,11306624.31694488,0.06006511332371506,0.10637509413966773,0.16823369956342415,-0.043373234539792395
benchmark,benchmark,1.0,0.0,False,24,65,0,7609597.0,0.138,0.03,0.12063832026847152,0.010583740505574736
benchmark,benchmark,1.0,0.0,False,24,65,1,7652724.38733265,0.14039181650999813,0.030000000000000027,0.11859183719691781,0.007984885903803248
benchmark,benchmark,1.0,0.0,False,24,65,2,7811000.538868851,0.13522708141572493,0.024179974508985014,0.12037724168036791,0.004105968256665243
benchmark,benchmark,1.0,0.0,False,24,65,3,8048256.56650207,0.12512236681927072,0.02685950699639661,0.11238739144816397,0.006408866234632061
benchmark,benchmark,1.0,0.0,False,24,65,4,8347790.850875747,0.11065721591481087,0.030106875136219236,0.10582500206069302,0.010101933259679244
benchmark,benchmark,1.0,0.0,False,24,65,5,8555048.292039916,0.09610471213441035,0.043767842143247915,0.09944061771047757,0.010904699380032563
benchmark,benchmark,1.0,0.0,False,24,65,6,8747116.661065275,0.09494578311005056,0.062279022164068554,0.09997399393486953,0.011477965975947193
benchmark,benchmark,1.0,0.0,False,24,65,7,8839807.879734658,0.09848234396873776,0.08178602593741191,0.1095181142019933,0.012128433209851325
benchmark,benchmark,1.0,0.0,False,24,65,8,8891533.54912045,0.10593403811202702,0.09539959635990014,0.12159613348659065,0.010692269034196986
benchmark,benchmark,1.0,0.0,False,24,65,9,8856209.796784887,0.11367639155881581,0.10111328248049722,0.13615707057938645,0.006334001936128703
benchmark,benchmark,1.0,0.0,False,24,65,10,8772216.552846929,0.12274849837287417,0.09826711788166675,0.15093562213387882,-0.003261899732257212
benchmark,benchmark,1.0,0.0,False,24,65,11,8686872.984497577,0.1337260719955742,0.08827094276252478,0.1637831326060087,-0.014319813709980155
benchmark,benchmark,1.0,0.0,False,24,65,12,8731400.066678055,0.13496084204274125,0.07132989133572387,0.16891389669851561,-0.022798241948502378
benchmark,benchmark,1.0,0.0,False,24,65,13,8969555.450469019,0.12072184948684785,0.055432863642126406,0.16066467158397643,-0.02721665822740907
benchmark,benchmark,1.0,0.0,False,24,65,14,9443637.845486816,0.09942377521675758,0.04770171714160165,0.1432363063147832,-0.025215854229866098
benchmark,benchmark,1.0,0.0,False,24,65,15,9911516.407821575,0.07667086268221475,0.05403935252568748,0.12713168221642462,-0.0191503125442234
benchmark,benchmark,1.0,0.0,False,24,65,16,10401734.410232108,0.056038814733310086,0.07876155383854755,0.11289464204976564,-0.010059584652262728
benchmark,benchmark,1.0,0.0,False,24,65,17,10786658.94794231,0.04788722013316611,0.12731184803100803,0.10465953590109861,0.005879025783113208
benchmark,benchmark,1.0,0.0,False,24,65,18,11076893.452401573,0.05515746494440481,0.18870280367031866,0.11515677979653262,0.01618698318290204
benchmark,benchmark,1.0,0.0,False,24,65,19,11092901.838186102,0.07533572650556504,0.23122993736696662,0.14765501021276664,0.019100349007632564
benchmark,benchmark,1.0,0.0,False,24,65,20,10968142.498655431,0.09203044498799041,0.2397670601595192,0.17758294579546904,0.008351058040149064
benchmark,benchmark,1.0,0.0,False,24,65,21,10595123.002161484,0.10322165176661478,0.2219794113500564,0.19559445179310375,-0.011771320246835477
benchmark,benchmark,1.0,0.0,False,24,65,22,10351963.431903273,0.11345530655976534,0.18835189838185018,0.20674744538958736,-0.028187516237731795
benchmark,benchmark,1.0,0.0,False,24,65,23,10292618.664627066,0.11284705918958794,0.14891326657495418,0.2110625801415227,-0.04445109069758018
benchmark,benchmark,1.0,0.0,False,24,65,24,10419884.577508612,0.1004476502722876,0.11374254082798774,0.20327867753419337,-0.0553398339012545
benchmark,benchmark,1.0,0.0,False,24,65,25,11036305.349720018,0.07078334717980707,0.0916423388292964,0.18025248006107075,-0.05523756498722347
benchmark,benchmark,1.0,0.0,False,25,66,0,7609597.0,0.138,0.03,0.12063832026847152,0.010583740505574736
benchmark,benchmark,1.0,0.0,False,25,66,1,7652724.38733265,0.14039181650999813,0.030000000000000027,0.11859183719691781,0.007984885903803248
benchmark,benchmark,1.0,0.0,False,25,66,2,7806025.207333408,0.13522708141572493,0.02419070526074041,0.12053080037724065,0.006494694575653181
benchmark,benchmark,1.0,0.0,False,25,66,3,8014411.443215474,0.12585162707208036,0.026847842606084305,0.11326242954591245,0.007177146718474983
benchmark,benchmark,1.0,0.0,False,25,66,4,8320767.546912376,0.11240054564810806,0.029743182232860654,0.10729361149162317,0.0050639834034992975
benchmark,benchmark,1.0,0.0,False,25,66,5,8616591.254476078,0.09763851656959006,0.042517947497668684,0.09882954364745652,0.011925293054152342
benchmark,benchmark,1.0,0.0,False,25,66,6,8779306.431282783,0.09035965789295848,0.0602726731652814,0.09824980230746837,0.01166795730233052
benchmark,benchmark,1.0,0.0,False,25,66,7,8883372.822634142,0.0939133409362741,0.08336666475318522,0.10442975390883148,0.012136368420047675
benchmark,benchmark,1.0,0.0,False,25,66,8,8924540.435380174,0.10270809248005715,0.0989083211044246,0.11958086233553498,0.011165469491043816
benchmark,benchmark,1.0,0.0,False,25,66,9,8881092.207141008,0.11138894955672786,0.10845376746142321,0.13455307180609757,0.00521668595387939
benchmark,benchmark,1.0,0.0,False,25,66,10,8831522.008217033,0.12080138271318733,0.10492113052763652,0.14894980508163871,-0.002900961068797614
benchmark,benchmark,1.0,0.0,False,25,66,11,8761968.376899084,0.1279054726930963,0.09568971730904874,0.15952869935575617,-0.007975399441959798
benchmark,benchmark,1.0,0.0,False,25,66,12,8814598.888370419,0.124858179925601,0.08006488291217151,0.16391701552503787,-0.018955563634250938
benchmark,benchmark,1.0,0.0,False,25,66,13,8973266.482355507,0.11826446244856671,0.06739527005805712,0.15834800953658673,-0.023782734123879642
benchmark,benchmark,1.0,0.0,False,25,66,14,9343735.604227155,0.10088911800271949,0.05725152804491218,0.14703344445892055,-0.02381191059784839
benchmark,benchmark,1.0,0.0,False,25,66,15,9968977.031470986,0.0738748767039918,0.05992689174410071,0.12761159539646802,-0.016424565712026256
benchmark,benchmark,1.0,0.0,False,25,66,16,10316968.749598242,0.05861919730638338,0.08441568974955138,0.11435032953149453,-0.009935517276376874
benchmark,benchmark,1.0,0.0,False,25,66,17,10686791.07859808,0.054872622563607865,0.12624465554669295,0.11266515772233017,9.323497845638616e-06
benchmark,benchmark,1.0,0.0,False,25,66,18,10924773.38293581,0.059475260090316895,0.1763923943778245,0.12372732924132193,0.009068613325143124
benchmark,benchmark,1.0,0.0,False,25,66,19,11057996.772185255,0.06918519763073716,0.21319274345957973,0.14309872662849732,0.014103173934800182
benchmark,benchmark,1.0,0.0,False,25,66,20,10966353.425856248,0.07878464902893922,0.228220414641626,0.16425029153339044,0.00897524097294809
benchmark,benchmark,1.0,0.0,False,25,66,21,10823032.529768582,0.0900742952625066,0.22272024524244705,0.1815080091122535,-0.004173681081287108
benchmark,benchmark,1.0,0.0,False,25,66,22,10487085.286497071,0.10470920288488708,0.20051867511624621,0.2015727326825958,-0.02027511542596899
benchmark,benchmark,1.0,0.0,False,25,66,23,10431757.730627615,0.10542210046495006,0.16650782613236115,0.20895838390005766,-0.036257457921492105
benchmark,benchmark,1.0,0.0,False,25,66,24,10570947.733157834,0.09209259663065027,0.13639463738182522,0.19943688612714774,-0.04865721615890636
benchmark,benchmark,1.0,0.0,False,25,66,25,11180326.942289466,0.0691351853131473,0.11622414811211335,0.17854969394561787,-0.048175225273627734
benchmark,benchmark,1.0,0.0,False,26,67,0,7609597.0,0.138,0.03,0.12063832026847152,0.010583740505574736
benchmark,benchmark,1.0,0.0,False,26,67,1,7652724.38733265,0.14039181650999813,0.030000000000000027,0.11859183719691781,0.007984885903803248
benchmark,benchmark,1.0,0.0,False,26,67,2,7799123.633712431,0.13522708141572493,0.024180903493515427,0.12050235364216014,0.0043964104199011155
benchmark,benchmark,1.0,0.0,False,26,67,3,8066110.764472973,0.12450351006558343,0.02683880877740563,0.11181684559593191,0.0075489375286364535
benchmark,benchmark,1.0,0.0,False,26,67,4,8373125.180119823,0.11118072733869838,0.03034392109640316,0.10569594012752165,0.007143538309476752
benchmark,benchmark,1.0,0.0,False,26,67,5,8571216.090861589,0.09847343764962085,0.04374344842326683,0.09997207618634774,0.009542107995973156
benchmark,benchmark,1.0,0.0,False,26,67,6,8715629.768700674,0.09643601430775167,0.061379828414180215,0.10137570025841944,0.00852305230619815
benchmark,benchmark,1.0,0.0,False,26,67,7,8842333.70853748,0.09848660650755064,0.08014551023991112,0.10839104351205255,0.010098941072101311
benchmark,benchmark,1.0,0.0,False,26,67,8,8933149.881647164,0.10033445670139386,0.09366523479607003,0.11794713368568166,0.009643348653340494
benchmark,benchmark,1.0,0.0,False,26,67,9,8940044.192053309,0.1059076626363661,0.10349810043742624,0.129256385818864,0.006284238138011735
benchmark,benchmark,1.0,0.0,False,26,67,10,8851088.142840622,0.11906726877015596,0.10387008228498118,0.14615476827685867,-0.0031232670553318505
benchmark,benchmark,1.0,0.0,False,26,67,11,8772459.005342007,0.1300525050017911,0.09587908587501826,0.1609763112216159,-0.010325316407147624
benchmark,benchmark,1.0,0.0,False,26,67,12,8799657.50578304,0.12950578622866304,0.07989372204707679,0.16725906369657081,-0.02018656555704206
benchmark,benchmark,1.0,0.0,False,26,67,13,8923569.46633296,0.12621889785277798,0.06521289798387331,0.164139626442462,-0.02713145820105043
benchmark,benchmark,1.0,0.0,False,26,67,14,9234028.732833767,0.11019607926796726,0.05223475722417481,0.15500606120545604,-0.027622074124108806
benchmark,benchmark,1.0,0.0,False,26,67,15,9753105.484752662,0.08290953655302132,0.05137334846948205,0.1357171238009013,-0.021355547542683154
benchmark,benchmark,1.0,0.0,False,26,67,16,10271766.604322152,0.0625189488105712,0.06942197851939547,0.11849849335104011,-0.016577356881260226
benchmark,benchmark,1.0,0.0,False,26,67,17,10657940.73016408,0.0527131375965475,0.10800088213202819,0.11094033463500264,-0.002836258534260782
benchmark,benchmark,1.0,0.0,False,26,67,18,10992550.941925999,0.05174647446018345,0.16116344806042004,0.11493699167927421,0.010658734822242668
benchmark,benchmark,1.0,0.0,False,26,67,19,11174727.710788552,0.06293749004257106,0.21309735690610787,0.13230462859120593,0.018317164830251583
benchmark,benchmark,1.0,0.0,False,26,67,20,11142155.938954998,0.0784562411125789,0.237718327402352,0.1620739708263832,0.01331021882474189
benchmark,benchmark,1.0,0.0,False,26,67,21,10924210.582513485,0.09170539630505266,0.23667683311805865,0.18376801763039094,0.0038941497827289337
benchmark,benchmark,1.0,0.0,False,26,67,22,10637510.723223226,0.10420709333749563,0.21327310487946538,0.20020174714644146,-0.015559211090129133
benchmark,benchmark,1.0,0.0,False,26,67,23,10453023.463597126,0.10793682685854444,0.17708336652336154,0.21056412701924596,-0.03187309085792486
benchmark,benchmark,1.0,0.0,False,26,67,24,10490364.236377133,0.10277776712171977,0.14122178249695105,0.20843484428205714,-0.04911780159470546
benchmark,benchmark,1.0,0.0,False,26,67,25,10747610.448942147,0.08617158197799309,0.11273658651936147,0.1974187897904715,-0.05466782462224126
benchmark,benchmark,1.0,0.0,False,27,68,0,7609597.0,0.138,0.03,0.12063832026847152,0.010583740505574736
benchmark,benchmark,1.0,0.0,False,27,68,1,7652724.38733265,0.14039181650999813,0.030000000000000027,0.11859183719691781,0.007984885903803248
benchmark,benchmark,1.0,0.0,False,27,68,2,7803606.52800467,0.13522836016629058,0.02418238230458636,0.1204530561548775,0.004901181952719952
benchmark,benchmark,1.0,0.0,False,27,68,3,8038167.275428596,0.12547100655449164,0.02685167752437434,0.11256271258668386,0.006364351378910687
benchmark,benchmark,1.0,0.0,False,27,68,4,8331637.030607186,0.11103178212371803,0.029934240917900867,0.10605050895862568,0.007911519456749182
benchmark,benchmark,1.0,0.0,False,27,68,5,8596798.49004334,0.09729635664018091,0.0434690690836359,0.0980953340409814,0.009048891693619466
benchmark,benchmark,1.0,0.0,False,27,68,6,8836556.907743264,0.08886199451375391,0.06190754225165773,0.09657882033091833,0.009690079901183849
benchmark,benchmark,1.0,0.0,False,27,68,7,8979691.779773343,0.089444436958481,0.08568535841951763,0.10059063874760844,0.015381346601941225
benchmark,benchmark,1.0,0.0,False,27,68,8,8947009.721181566,0.10019507239222575,0.1044973531391511,0.11710908587694861,0.013137213194266447
benchmark,benchmark,1.0,0.0,False,27,68,9,8910281.747581216,0.11378686278711053,0.11406776753705783,0.1354432421907273,0.009673856996834913
benchmark,benchmark,1.0,0.0,False,27,68,10,8807900.209439557,0.12527675534896623,0.10903097496825342,0.15353271890083053,0.0007170563394401407
benchmark,benchmark,1.0,0.0,False,27,68,11,8642481.34819187,0.13757779204034953,0.09673502538839807,0.16887822472619993,-0.013483015256643084
benchmark,benchmark,1.0,0.0,False,27,68,12,8593038.647569882,0.1428184259277062,0.07556616754807854,0.17803576606176985,-0.023294466232300397
benchmark,benchmark,1.0,0.0,False,27,68,13,8729835.67729262,0.13644289720045025,0.055374888278556744,0.1742731647996283,-0.03238327845078339
benchmark,benchmark,1.0,0.0,False,27,68,14,9023044.341690678,0.12155151763391231,0.03748356844173717,0.16328241714854072,-0.03439146051983064
benchmark,benchmark,1.0,0.0,False,27,68,15,9655831.556271004,0.09325768088872272,0.031103466512071964,0.141683781975024,-0.027654152440705067
benchmark,benchmark,1.0,0.0,False,27,68,16,10175226.209808152,0.06780879800131925,0.043453549448035034,0.1225400779512337,-0.019112811825810046
benchmark,benchmark,1.0,0.0,False,27,68,17,10684070.357953642,0.05117724662870189,0.08124649046916499,0.10922664355059501,-0.009253824974154605
benchmark,benchmark,1.0,0.0,False,27,68,18,10957956.532871718,0.0514071240848011,0.14134511601866562,0.1085582306947011,0.00541356041086374
benchmark,benchmark,1.0,0.0,False,27,68,19,11214985.480553003,0.06308264469374472,0.19920463088545293,0.1290148599109209,0.01876184257495765
benchmark,benchmark,1.0,0.0,False,27,68,20,11332233.988157963,0.06785480526735656,0.2308120591778935,0.15336546626752318,0.021218860122845545
benchmark,benchmark,1.0,0.0,False,27,68,21,11246609.250050457,0.07559333390784936,0.24669828120460924,0.16443230381829188,0.011976774485993569
benchmark,benchmark,1.0,0.0,False,27,68,22,10921721.973314594,0.09477743352951924,0.23749767860532756,0.1898983214591677,-0.004276458203546757
benchmark,benchmark,1.0,0.0,False,27,68,23,10571974.704045326,0.1134779257132378,0.2073982301328181,0.21615290994176933,-0.025230186644024776
benchmark,benchmark,1.0,0.0,False,27,68,24,10416398.020516273,0.11514194128624695,0.1663200513679124,0.22304182256861962,-0.04825542657684181
benchmark,benchmark,1.0,0.0,False,27,68,25,10570271.54786828,0.0999840373426489,0.12564831018012268,0.210565697489439,-0.056839254874058026
benchmark,benchmark,1.0,0.0,False,28,69,0,7609597.0,0.138,0.03,0.12063832026847152,0.010583740505574736
benchmark,benchmark,1.0,0.0,False,28,69,1,7652724.38733265,0.14039181650999813,0.030000000000000027,0.11859183719691781,0.007984885903803248
benchmark,benchmark,1.0,0.0,False,28,69,2,7806733.0736326575,0.13522708141572493,0.02417705148225502,0.12042382786782006,0.002973484525824733
benchmark,benchmark,1.0,0.0,False,28,69,3,8039766.112708442,0.12607195076600336,0.026852381109290446,0.11215130020560106,0.003988912437766958
benchmark,benchmark,1.0,0.0,False,28,69,4,8417312.78290177,0.10813151097748176,0.02971501739047744,0.10317126294956817,0.0044319043942346375
benchmark,benchmark,1.0,0.0,False,28,69,5,8691979.309258701,0.09163855193517902,0.0448442714242725,0.09327731984357732,0.009909560771393853
benchmark,benchmark,1.0,0.0,False,28,69,6,8914665.028524498,0.08454778025982533,0.06590099242638559,0.09223863267719887,0.0144586358114039
benchmark,benchmark,1.0,0.0,False,28,69,7,8991629.843253378,0.0909808398891383,0.09299957684168669,0.10134413846206654,0.017562526505495207
benchmark,benchmark,1.0,0.0,False,28,69,8,8872114.761427129,0.1079408427980972,0.11056353945467134,0.12490377941645206,0.014263196529579063
benchmark,benchmark,1.0,0.0,False,28,69,9,8778142.177859182,0.12687711252601122,0.11351513956325832,0.14813182956705057,0.004067240115459769
benchmark,benchmark,1.0,0.0,False,28,69,10,8526887.20055449,0.1453219561258761,0.10199467430943043,0.1702191726036045,-0.007177820275450372
benchmark,benchmark,1.0,0.0,False,28,69,11,8422260.775403317,0.1518027009741187,0.08053450987759025,0.18147218403036022,-0.021552452065486824
benchmark,benchmark,1.0,0.0,False,28,69,12,8482079.125317601,0.1482490732574123,0.0558853462610982,0.18021435038105454,-0.031238035506776913
benchmark,benchmark,1.0,0.0,False,28,69,13,8768831.760431156,0.13429395449914175,0.03488262633950079,0.16801067704996842,-0.03713377285229265
benchmark,benchmark,1.0,0.0,False,28,69,14,9410385.062032212,0.10388971807880332,0.023132524000393673,0.14418340951867595,-0.029483812764400444
benchmark,benchmark,1.0,0.0,False,28,69,15,10003849.175322104,0.07501350217428583,0.028678359613167448,0.12268549884940766,-0.020770831805229213
benchmark,benchmark,1.0,0.0,False,28,69,16,10404360.234848674,0.057703477564474644,0.05754794011320041,0.11064882118201559,-0.014324390634729664
benchmark,benchmark,1.0,0.0,False,28,69,17,10686065.921831205,0.058194689002427115,0.10981879383873583,0.11029535211310242,-0.003929618809356834
benchmark,benchmark,1.0,0.0,False,28,69,18,10898272.61558601,0.06785000016524859,0.16165350939573586,0.12836892165132535,0.008732511887756427
benchmark,benchmark,1.0,0.0,False,28,69,19,11083479.97974571,0.06855763595147855,0.19611207538794528,0.14574567097472177,0.009089624742783164
benchmark,benchmark,1.0,0.0,False,28,69,20,11131197.369085506,0.07101553689570352,0.21821697529809958,0.1521341862790867,0.011782785895757595
benchmark,benchmark,1.0,0.0,False,28,69,21,10984747.275441533,0.083516031265301,0.22391397919792544,0.17118855683837222,0.003408984096915669
benchmark,benchmark,1.0,0.0,False,28,69,22,10687848.271617133,0.09846860908981997,0.21003338169880248,0.19715450503343118,-0.012048878367282348
benchmark,benchmark,1.0,0.0,False,28,69,23,10563191.19529889,0.10618349097010736,0.18133870770326666,0.2088965553357648,-0.029590646405682472
benchmark,benchmark,1.0,0.0,False,28,69,24,10563573.811609017,0.10084702281077587,0.1496107091258061,0.20802373313460912,-0.046071351508148776
benchmark,benchmark,1.0,0.0,False,28,69,25,10912634.343917921,0.08177256221511252,0.12302277747277857,0.1926204650434004,-0.05204739068606159
benchmark,benchmark,1.0,0.0,False,29,70,0,7609597.0,0.138,0.03,0.12063832026847152,0.010583740505574736
benchmark,benchmark,1.0,0.0,False,29,70,1,7652724.38733265,0.14039181650999813,0.030000000000000027,0.11859183719691781,0.007984885903803248
benchmark,benchmark,1.0,0.0,False,29,70,2,7793908.918816493,0.13522708141572493,0.024179988109196637,0.12056402716108525,0.003817102098398722
benchmark,benchmark,1.0,0.0,False,29,70,3,8077686.681735072,0.12411570269766257,0.026810744714600876,0.11133125850897442,0.004050078983218172
benchmark,benchmark,1.0,0.0,False,29,70,4,8408213.34759326,0.10734523513754805,0.03016333054236031,0.10323583965387939,0.008238099446535783
benchmark,benchmark,1.0,0.0,False,29,70,5,8671140.40523836,0.09282480950100909,0.045510512101882616,0.09527502140057678,0.010884381969261983
benchmark,benchmark,1.0,0.0,False,29,70,6,8810676.753443334,0.09104785925046635,0.06631225497935378,0.09795871104911015,0.008326353832489305
benchmark,benchmark,1.0,0.0,False,29,70,7,8869099.813506482,0.09884001544098804,0.08857178093777063,0.10825858801936397,0.011671337929129073
benchmark,benchmark,1.0,0.0,False,29,70,8,8904356.956791457,0.10510235634051807,0.10095869103803667,0.12320007970060012,0.00830574437903457
benchmark,benchmark,1.0,0.0,False,29,70,9,8884512.862245219,0.1132821830171412,0.10746873282161284,0.1345804373389792,0.011012716770056746
benchmark,benchmark,1.0,0.0,False,29,70,10,8801043.507593686,0.12031591511028787,0.10160808196765703,0.14995606887621352,4.46681235362465e-05
benchmark,benchmark,1.0,0.0,False,29,70,11,8767741.231224565,0.12777110519317966,0.09188244218594988,0.15975428858064888,-0.010539028317521055
benchmark,benchmark,1.0,0.0,False,29,70,12,8734849.647008564,0.13201663645014008,0.07586662712189773,0.1685204879943137,-0.021084967443569646
benchmark,benchmark,1.0,0.0,False,29,70,13,8889634.661001364,0.12565746663993038,0.061730325053251045,0.16541062062843595,-0.02893266909276809
benchmark,benchmark,1.0,0.0,False,29,70,14,9218322.438571686,0.11324105989989743,0.05008824214112351,0.15476512711206908,-0.0299143794965205
benchmark,benchmark,1.0,0.0,False,29,70,15,9698340.904242096,0.08732795303146958,0.04867973079692156,0.1377205509855552,-0.025468394240163488
benchmark,benchmark,1.0,0.0,False,29,70,16,10327427.450075537,0.0620638647388683,0.06295182098163599,0.11846614182057719,-0.01596801603822383
benchmark,benchmark,1.0,0.0,False,29,70,17,10694404.919376718,0.049161893049650844,0.10329441568940934,0.10720442841049231,-0.0018207733179162698
benchmark,benchmark,1.0,0.0,False,29,70,18,10963710.666913124,0.0540022500037625,0.16248896440762328,0.11255458496009903,0.011028696802699996
benchmark,benchmark,1.0,0.0,False,29,70,19,11083822.161040815,0.06996896231427577,0.2109740161507685,0.14090909544276142,0.016017590732286462
benchmark,benchmark,1.0,0.0,False,29,70,20,11125783.83269689,0.0816859398120481,0.23050222308084156,0.16637840564330936,0.00902106300214259
benchmark,benchmark,1.0,0.0,False,29,70,21,10884421.702822497,0.09202673348458472,0.22583248054579919,0.18149558712546557,-0.0029930732926510017
benchmark,benchmark,1.0,0.0,False,29,70,22,10689382.403310828,0.0954489748787543,0.20452803233103967,0.193256377188247,-0.01639363336020581
benchmark,benchmark,1.0,0.0,False,29,70,23,10639438.348596664,0.09330548410007175,0.1758937627998851,0.19638727702061118,-0.029403622839559187
benchmark,benchmark,1.0,0.0,False,29,70,24,10686389.446263691,0.08910454513659676,0.1500002427521283,0.19593123619224984,-0.040952573560330455
benchmark,benchmark,1.0,0.0,False,29,70,25,10979128.438107125,0.07706238381738519,0.132218772557833,0.18765375087414035,-0.0470550642032304
benchmark,benchmark,1.0,0.0,False,30,71,0,7609597.0,0.138,0.03,0.12063832026847152,0.010583740505574736
benchmark,benchmark,1.0,0.0,False,30,71,1,7652724.38733265,0.14039181650999813,0.030000000000000027,0.11859183719691781,0.007984885903803248
benchmark,benchmark,1.0,0.0,False,30,71,2,7798724.13808399,0.13522708141572493,0.024171687956530574,0.1204136488021475,0.0023558645248872114
benchmark,benchmark,1.0,0.0,False,30,71,3,8054625.753905785,0.12462994789303233,0.026899655657140142,0.11113475461850242,0.006612365752353059
benchmark,benchmark,1.0,0.0,False,30,71,4,8408271.606461918,0.10649883576022703,0.030318046293073442,0.10252030583947239,0.006779272021392102
benchmark,benchmark,1.0,0.0,False,30,71,5,8711266.661194032,0.09010304174895059,0.04625440159475702,0.09267737670489587,0.01199466646730946
benchmark,benchmark,1.0,0.0,False,30,71,6,8881102.325156275,0.0850056932422222,0.06820257186635725,0.09316617959964262,0.014650272442272603
benchmark,benchmark,1.0,0.0,False,30,71,7,8952802.214020433,0.09243949512334167,0.09435275947463495,0.10336088340381466,0.017854815406874423
benchmark,benchmark,1.0,0.0,False,30,71,8,8902325.94124068,0.10748183601018828,0.11080693796485441,0.12490973539163741,0.012502085745566776
benchmark,benchmark,1.0,0.0,False,30,71,9,8719201.27094597,0.12637766738211778,0.115048522391614,0.14781618875356545,0.005083665111761862
benchmark,benchmark,1.0,0.0,False,30,71,10,8581402.688145852,0.13865369405125627,0.10213573003551879,0.16659342024754747,-0.005537889091909394
benchmark,benchmark,1.0,0.0,False,30,71,11,8475519.93989529,0.14563617708820015,0.08376148718857523,0.1762299251328332,-0.018790566141665847
benchmark,benchmark,1.0,0.0,False,30,71,12,8492930.079640359,0.14484440885194247,0.05981113827964912,0.17888769410352148,-0.030202395106289387
benchmark,benchmark,1.0,0.0,False,30,71,13,8844796.5006633,0.12874393221775252,0.03941122286309384,0.16497577982038245,-0.035331328349199186
benchmark,benchmark,1.0,0.0,False,30,71,14,9514264.100572363,0.09968925746711114,0.028707625561640526,0.14124827444211063,-0.027689933066589224
benchmark,benchmark,1.0,0.0,False,30,71,15,10068413.78010584,0.07006984711062433,0.036731835655619216,0.12064878156422934,-0.020526453756454798
benchmark,benchmark,1.0,0.0,False,30,71,16,10442393.247765241,0.05483101480431116,0.07058177048627057,0.10788599074248965,-0.012846425251824169
benchmark,benchmark,1.0,0.0,False,30,71,17,10680997.049536241,0.05700104262035597,0.1251662937111504,0.10985423497463927,0.0013062612324377593
benchmark,benchmark,1.0,0.0,False,30,71,18,10924644.430240745,0.06871528526299278,0.17540360059963578,0.13008136693956865,0.01053254590040569
benchmark,benchmark,1.0,0.0,False,30,71,19,11062122.60479215,0.06851115159532438,0.20558064804009724,0.14864541401992956,0.01279073228376587
benchmark,benchmark,1.0,0.0,False,30,71,20,11094285.614593675,0.06968846845439738,0.22446727216999007,0.15265325874329033,0.009227704832815145
benchmark,benchmark,1.0,0.0,False,30,71,21,10965566.914510095,0.08445007439051895,0.22654053277865982,0.17144013178795006,0.0012679989929540588
benchmark,benchmark,1.0,0.0,False,30,71,22,10637109.364019863,0.10248519332009293,0.20985125362266488,0.2000319350854773,-0.013674020539787888
benchmark,benchmark,1.0,0.0,False,30,71,23,10506974.116108151,0.10608265244317891,0.177837779908687,0.21117045326841663,-0.03464543373599406
benchmark,benchmark,1.0,0.0,False,30,71,24,10566532.591708113,0.09930769402695205,0.1458180297424978,0.20415810005818813,-0.04519232594763239
benchmark,benchmark,1.0,0.0,False,30,71,25,10971308.45967165,0.07502709784603152,0.11905200705141761,0.1883236986047717,-0.04813477695713986
benchmark,benchmark,1.0,0.0,False,31,72,0,7609597.0,0.138,0.03,0.12063832026847152,0.010583740505574736
benchmark,benchmark,1.0,0.0,False,31,72,1,7652724.38733265,0.14039181650999813,0.030000000000000027,0.11859183719691781,0.007984885903803248
benchmark,benchmark,1.0,0.0,False,31,72,2,7798943.542504845,0.13522708141572493,0.024186540020322278,0.12055318810911574,0.005573485531992079
benchmark,benchmark,1.0,0.0,False,31,72,3,8033871.603258951,0.12505829932360707,0.026859604820157257,0.11232426066780227,0.004300717423559229
benchmark,benchmark,1.0,0.0,False,31,72,4,8384971.505487379,0.10985609237692037,0.030204546394460463,0.10425054266943844,0.00631900207828983
benchmark,benchmark,1.0,0.0,False,31,72,5,8685040.823101483,0.09379903032641472,0.04427172085948938,0.09547862728528501,0.013263250229962194
benchmark,benchmark,1.0,0.0,False,31,72,6,8796564.014036326,0.08906067708261521,0.06476879516441958,0.09618193767002786,0.015444886351302884
benchmark,benchmark,1.0,0.0,False,31,72,7,8886091.689391894,0.09463820081881327,0.0888934399853385,0.10534045853933739,0.01456368421800073
benchmark,benchmark,1.0,0.0,False,31,72,8,8867968.614953855,0.10861283951504594,0.10304345362639977,0.12471573768075143,0.010093841661302934
benchmark,benchmark,1.0,0.0,False,31,72,9,8716890.182937909,0.12521348607543833,0.10649129542324665,0.14682761390188015,0.0033800902301067215
benchmark,benchmark,1.0,0.0,False,31,72,10,8595646.078858336,0.13830939864241815,0.09682087503291914,0.1640900942328901,-0.011299555027839532
benchmark,benchmark,1.0,0.0,False,31,72,11,8545190.98070264,0.14290861484508563,0.07933632894544251,0.1712315668306161,-0.02021544951223106
benchmark,benchmark,1.0,0.0,False,31,72,12,8725329.30252717,0.1323063146393011,0.059649123662615766,0.1656043973167591,-0.02583672095387969
benchmark,benchmark,1.0,0.0,False,31,72,13,9070558.633121297,0.11252286893026613,0.045105369897046055,0.15147384956015808,-0.02695977422273076
benchmark,benchmark,1.0,0.0,False,31,72,14,9582581.98846045,0.08962438342161855,0.04098178184997181,0.13442663007414773,-0.019297103067965338
benchmark,benchmark,1.0,0.0,False,31,72,15,9983538.802658552,0.06830047494191369,0.054914975093898866,0.12145520946741843,-0.012061943533104452
benchmark,benchmark,1.0,0.0,False,31,72,16,10329078.709759872,0.061662863395068324,0.08987045736920041,0.11365994187452289,-0.006230513865604146
benchmark,benchmark,1.0,0.0,False,31,72,17,10609813.617762236,0.06334398483696686,0.13431613178548418,0.12084016364463869,0.002884037647718145
benchmark,benchmark,1.0,0.0,False,31,72,18,10842431.296441328,0.064069980696099,0.17414006982393326,0.1321976492402399,0.00943013916961425
benchmark,benchmark,1.0,0.0,False,31,72,19,11038044.182563541,0.06187940773014551,0.20609137575065728,0.13939614843039838,0.011474107471332323
benchmark,benchmark,1.0,0.0,False,31,72,20,11117028.03683611,0.06928778355113746,0.227399057026743,0.149650520459542,0.00960135017175816
benchmark,benchmark,1.0,0.0,False,31,72,21,10876675.077201331,0.08633025716765781,0.22989022335940468,0.1770902359014344,0.0019743031944049745
benchmark,benchmark,1.0,0.0,False,31,72,22,10696760.972092457,0.09778416021571398,0.2122361584604293,0.19819891129739658,-0.01229812158471945
benchmark,benchmark,1.0,0.0,False,31,72,23,10535393.633704685,0.10194907965009305,0.18300071986631905,0.20538306886367313,-0.031408995481908675
benchmark,benchmark,1.0,0.0,False,31,72,24,10602547.313362066,0.09399013717234461,0.15066084424660198,0.2024591681200067,-0.04420193646366824
benchmark,benchmark,1.0,0.0,False,31,72,25,10991421.684114078,0.07572741374960952,0.12809298847415684,0.18660111402779928,-0.04478744126002215
benchmark,benchmark,1.0,0.0,False,32,73,0,7609597.0,0.138,0.03,0.12063832026847152,0.010583740505574736
benchmark,benchmark,1.0,0.0,False,32,73,1,7652724.38733265,0.14039181650999813,0.030000000000000027,0.11859183719691781,0.007984885903803248
benchmark,benchmark,1.0,0.0,False,32,73,2,7806073.029954594,0.13522708141572493,0.024178725948676094,0.12041078392684051,0.003719667309244016
benchmark,benchmark,1.0,0.0,False,32,73,3,8057010.31901437,0.12508063335150787,0.026885833553207172,0.11199793960515526,0.00608347432816441
benchmark,benchmark,1.0,0.0,False,32,73,4,8349383.641723143,0.11011762460498523,0.03010814174193599,0.10529663561854516,0.006974375694473791
benchmark,benchmark,1.0,0.0,False,32,73,5,8621882.706462774,0.09660461551046153,0.04410980175220214,0.09702285721233257,0.01065133355543762
benchmark,benchmark,1.0,0.0,False,32,73,6,8814226.770972202,0.0893269917800192,0.06282202629982203,0.09707141280074354,0.009567033007220893
benchmark,benchmark,1.0,0.0,False,32,73,7,8909396.174291758,0.09382457086508032,0.08610009710692657,0.10343482352725455,0.012235103381125234
benchmark,benchmark,1.0,0.0,False,32,73,8,8952627.495308107,0.10202972743761414,0.10165937190475716,0.1187489081593444,0.010982436715943091
benchmark,benchmark,1.0,0.0,False,32,73,9,8934880.023535201,0.1098218260451368,0.10931249645031049,0.13371362421979135,0.00433532157876324
benchmark,benchmark,1.0,0.0,False,32,73,10,8855442.50720733,0.12353007306070414,0.1055973486439239,0.14995426247923732,-0.002059753556841344
benchmark,benchmark,1.0,0.0,False,32,73,11,8741482.714212857,0.13301138353911213,0.09404573549289652,0.1649819147617875,-0.009857210338538102
benchmark,benchmark,1.0,0.0,False,32,73,12,8708228.963050246,0.13547310887589095,0.0769256509609646,0.17166835347604412,-0.021482623575981036
benchmark,benchmark,1.0,0.0,False,32,73,13,8829083.366245387,0.13084158360496537,0.05938241972194058,0.16900362687651863,-0.028487887101149367
benchmark,benchmark,1.0,0.0,False,32,73,14,9156148.208825238,0.11420831413868425,0.04687289023403207,0.15731539420937182,-0.034021463953336974
benchmark,benchmark,1.0,0.0,False,32,73,15,9813539.020303125,0.08930482635062494,0.04314629586733609,0.13671378882808644,-0.026429264605633628
benchmark,benchmark,1.0,0.0,False,32,73,16,10251768.49954794,0.06583389714378998,0.05914336739797421,0.12077974695257085,-0.018199909437683754
benchmark,benchmark,1.0,0.0,False,32,73,17,10600738.021702973,0.05398993547541302,0.09426614274384937,0.11156809975755354,-0.0077218933209504004
benchmark,benchmark,1.0,0.0,False,32,73,18,10959495.003701512,0.05290684452802481,0.1484325961787356,0.11327853165868773,0.005681038499032003
benchmark,benchmark,1.0,0.0,False,32,73,19,11214690.328382872,0.06027680659239204,0.1984903145763499,0.12969632679755777,0.013958284803740456
benchmark,benchmark,1.0,0.0,False,32,73,20,11229896.530054385,0.07204853525173015,0.23316967262509314,0.15309601436497622,0.015410467133223095
benchmark,benchmark,1.0,0.0,False,32,73,21,11121833.84245091,0.08459738014720708,0.23953662579454438,0.1745618126486108,0.007425362405786725
benchmark,benchmark,1.0,0.0,False,32,73,22,10801347.421714172,0.09780260517207871,0.2249632490910447,0.19455492903895255,-0.007499012913837674
benchmark,benchmark,1.0,0.0,False,32,73,23,10514204.198145116,0.10810651821480725,0.192308368751007,0.21139570613482103,-0.029853998381600917
benchmark,benchmark,1.0,0.0,False,32,73,24,10495838.921279224,0.10608331929586778,0.1559323535365058,0.21304534528441754,-0.045845606002048525
benchmark,benchmark,1.0,0.0,False,32,73,25,10755097.455063783,0.0918676562169907,0.12376269742062607,0.2009571688894692,-0.05586364111414735
benchmark,benchmark,1.0,0.0,False,33,74,0,7609597.0,0.138,0.03,0.12063832026847152,0.010583740505574736
benchmark,benchmark,1.0,0.0,False,33,74,1,7652724.38733265,0.14039181650999813,0.030000000000000027,0.11859183719691781,0.007984885903803248
benchmark,benchmark,1.0,0.0,False,33,74,2,7794346.244993998,0.13522708141572493,0.024178878871325082,0.12053897788241605,0.003676100436403369
benchmark,benchmark,1.0,0.0,False,33,74,3,8047832.960766992,0.12410537040483062,0.026843123093230004,0.11151557258643194,0.004083187292728948
benchmark,benchmark,1.0,0.0,False,33,74,4,8407755.108021477,0.10742200071065763,0.030562487666643934,0.10256323619986542,0.007674030567074797
benchmark,benchmark,1.0,0.0,False,33,74,5,8695500.615129622,0.09111261033274735,0.04589505202991173,0.09328377899841708,0.011789176579499419
benchmark,benchmark,1.0,0.0,False,33,74,6,8895922.567748083,0.08458570547064535,0.06824921286204422,0.09184210996350813,0.013646201901579641
benchmark,benchmark,1.0,0.0,False,33,74,7,8999025.08479086,0.08710583239600088,0.09483877912267769,0.10023042973529293,0.016534128746836466
benchmark,benchmark,1.0,0.0,False,33,74,8,8934952.395889418,0.10413919876847291,0.11540548249562166,0.11969500154256021,0.012552970478090114
benchmark,benchmark,1.0,0.0,False,33,74,9,8823224.378423883,0.12127374810678052,0.1190450388153188,0.14405000536787202,0.0040906401064571135
benchmark,benchmark,1.0,0.0,False,33,74,10,8714861.413789846,0.13021416967662058,0.10924232416085422,0.1596637068023133,-0.0034276609362418288
benchmark,benchmark,1.0,0.0,False,33,74,11,8584976.124895014,0.13838411436136602,0.09289002782943556,0.17037665982126107,-0.016733859070828715
benchmark,benchmark,1.0,0.0,False,33,74,12,8626120.549984718,0.13889482366679246,0.07017405608371674,0.17447187905279443,-0.02595964878106435
benchmark,benchmark,1.0,0.0,False,33,74,13,8792413.16194523,0.13273685125013082,0.05031458099058206,0.1695163387127583,-0.03327327154639812
benchmark,benchmark,1.0,0.0,False,33,74,14,9254213.037049001,0.11423722975785047,0.03567480872758111,0.1542121469597176,-0.03224960063931971
benchmark,benchmark,1.0,0.0,False,33,74,15,9803193.238345701,0.08469566206765038,0.03391644127581439,0.13435224247295716,-0.02473865990492084
benchmark,benchmark,1.0,0.0,False,33,74,16,10312914.428591795,0.06075341540255225,0.053598509299114694,0.11639617706149488,-0.016057690633952584
benchmark,benchmark,1.0,0.0,False,33,74,17,10608806.5958795,0.05507645150340041,0.09846925853232502,0.10949306405485532,-0.004381082402562827
benchmark,benchmark,1.0,0.0,False,33,74,18,10899815.10882417,0.061125224603622116,0.15253708315787096,0.12094468655687363,0.005071031573843704
benchmark,benchmark,1.0,0.0,False,33,74,19,11103637.895638993,0.06467374440367277,0.19596588753302013,0.14016318042345421,0.011320619716944532
benchmark,benchmark,1.0,0.0,False,33,74,20,11163786.517657835,0.07096546882808993,0.22406680297190817,0.15194825857241162,0.012263215715715446
benchmark,benchmark,1.0,0.0,False,33,74,21,10989744.673891215,0.08421143049814159,0.2315356127797532,0.17303005308482744,0.004329089480764065
benchmark,benchmark,1.0,0.0,False,33,74,22,10749596.987698296,0.09891418138279538,0.21752490482096154,0.19549081306240146,-0.012644294474861375
benchmark,benchmark,1.0,0.0,False,33,74,23,10567645.241740663,0.10512553350239855,0.1870493244091267,0.20843597197821628,-0.030138260327392277
benchmark,benchmark,1.0,0.0,False,33,74,24,10524880.546065632,0.10158525682842241,0.15259464727232208,0.20912324092150472,-0.042459986182262426
benchmark,benchmark,1.0,0.0,False,33,74,25,10781642.755169554,0.08602866686396647,0.1251992218022615,0.19768243274281347,-0.05410131224261066
benchmark,benchmark,1.0,0.0,False,34,75,0,7609597.0,0.138,0.03,0.12063832026847152,0.010583740505574736
benchmark,benchmark,1.0,0.0,False,34,75,1,7652724.38733265,0.14039181650999813,0.030000000000000027,0.11859183719691781,0.007984885903803248
benchmark,benchmark,1.0,0.0,False,34,75,2,7817153.350781714,0.13522708141572493,0.02417296767197974,0.12048837995070284,0.0018178776575865354
benchmark,benchmark,1.0,0.0,False,34,75,3,8050037.339651956,0.12429583628352474,0.02688580318537337,0.11173020254586101,0.007924258932568783
benchmark,benchmark,1.0,0.0,False,34,75,4,8371491.188757262,0.10879330674736361,0.03042871911511269,0.10406100712413781,0.00859011546035212
benchmark,benchmark,1.0,0.0,False,34,75,5,8639659.132781127,0.0932591303356109,0.04505532760466657,0.09597300451613963,0.01125868917007422
benchmark,benchmark,1.0,0.0,False,34,75,6,8813083.154554846,0.09040383786812194,0.06595242327592699,0.0957319998014267,0.014004875298832166
benchmark,benchmark,1.0,0.0,False,34,75,7,8887811.09828233,0.09375820501076684,0.08866802801620643,0.10575972294760863,0.012122814366510127
benchmark,benchmark,1.0,0.0,False,34,75,8,8917641.615177425,0.10329824203185024,0.10503270622029515,0.11913723571074528,0.013595291435815837
benchmark,benchmark,1.0,0.0,False,34,75,9,8887196.346560486,0.1099770221515081,0.11099777586053472,0.13526387373500437,0.006801170505157273
benchmark,benchmark,1.0,0.0,False,34,75,10,8793324.270168245,0.12216035394751766,0.10850043705803136,0.14965756416290435,-0.0014207633157206168
benchmark,benchmark,1.0,0.0,False,34,75,11,8695517.56672358,0.1313662639518687,0.09565738117626421,0.16469323567314145,-0.012105115463543755
benchmark,benchmark,1.0,0.0,False,34,75,12,8690121.732764686,0.1338888197769135,0.07900912141531125,0.17032502071026995,-0.022866454681667845
benchmark,benchmark,1.0,0.0,False,34,75,13,8834656.16333847,0.12822474798827624,0.06075046247031124,0.16741097765487478,-0.029646107173892863
benchmark,benchmark,1.0,0.0,False,34,75,14,9196875.508610083,0.10958195892323044,0.04857975774461454,0.15352597324694792,-0.027374850486589032
benchmark,benchmark,1.0,0.0,False,34,75,15,9784342.27949753,0.08114282184091343,0.04551911130443309,0.13371613232293708,-0.020762397457080143
benchmark,benchmark,1.0,0.0,False,34,75,16,10330992.338885238,0.05928872773905253,0.06529867865823547,0.11550464077937482,-0.012153197330792865
benchmark,benchmark,1.0,0.0,False,34,75,17,10671416.200678356,0.0522880688865411,0.10874742987306552,0.10937759226341329,-0.001745255374766308
benchmark,benchmark,1.0,0.0,False,34,75,18,10964078.66834712,0.05947805235197475,0.16424418856471812,0.11968639755542995,0.004970200018102409
benchmark,benchmark,1.0,0.0,False,34,75,19,11062835.017548665,0.07053948883331648,0.2044963770518684,0.1444668302267461,0.011514165793093637
benchmark,benchmark,1.0,0.0,False,34,75,20,11045475.815901639,0.07634398835683703,0.22531603882740847,0.16140313294955327,0.0106759579912602
benchmark,benchmark,1.0,0.0,False,34,75,21,10960484.610124769,0.08319378952352856,0.22336731396835607,0.17368617242053705,0.001184452607479508
benchmark,benchmark,1.0,0.0,False,34,75,22,10662287.391294705,0.09887543830586268,0.20854088428456796,0.19383817670852166,-0.01473190902816105
benchmark,benchmark,1.0,0.0,False,34,75,23,10520952.477152335,0.10744261557947879,0.17802174583380292,0.2101720637286756,-0.034819255260183805
benchmark,benchmark,1.0,0.0,False,34,75,24,10539679.177967042,0.10116577153427542,0.1456937328122465,0.20700411701776142,-0.046886650435674054
benchmark,benchmark,1.0,0.0,False,34,75,25,11018677.70348401,0.07475924470502028,0.11949597825417935,0.18656094646715798,-0.050442141884310544
benchmark,benchmark,1.0,0.0,False,35,76,0,7609597.0,0.138,0.03,0.12063832026847152,0.010583740505574736
benchmark,benchmark,1.0,0.0,False,35,76,1,7652724.38733265,0.14039181650999813,0.030000000000000027,0.11859183719691781,0.007984885903803248
benchmark,benchmark,1.0,0.0,False,35,76,2,7802730.70561669,0.13522708141572493,0.024187296796349456,0.12044641053496434,0.005865835900893691
benchmark,benchmark,1.0,0.0,False,35,76,3,8027902.525663208,0.12540384160263557,0.026819468875616703,0.11289647103876752,0.006960385247261418
benchmark,benchmark,1.0,0.0,False,35,76,4,8376829.146149594,0.11162612961673007,0.029935621438338167,0.10612176885383172,0.008587531342233808
benchmark,benchmark,1.0,0.0,False,35,76,5,8562781.242457895,0.1000961961836541,0.04309424149925123,0.10063284532104216,0.010274696103493512
benchmark,benchmark,1.0,0.0,False,35,76,6,8737183.262650644,0.09576020363210686,0.05930840108812219,0.10180380486349208,0.007905400175318314
benchmark,benchmark,1.0,0.0,False,35,76,7,8855192.74922862,0.09786411845761644,0.07949951781688891,0.10761246936215879,0.00855750133090468
benchmark,benchmark,1.0,0.0,False,35,76,8,8916106.863502864,0.10274901086922819,0.09293649118464486,0.1189687750661408,0.008462438419312301
benchmark,benchmark,1.0,0.0,False,35,76,9,8930400.258746782,0.10827708627253485,0.10042111786923069,0.13098712955057706,0.0062335363538899655
benchmark,benchmark,1.0,0.0,False,35,76,10,8877562.37605355,0.11551527609231181,0.10095563732668111,0.14392447142174744,-0.0019012659835721552
benchmark,benchmark,1.0,0.0,False,35,76,11,8900702.43654061,0.12134108096928589,0.09421286835080855,0.15356323555369772,-0.009869763739403348
benchmark,benchmark,1.0,0.0,False,35,76,12,8839105.45823141,0.12424545185571881,0.0849816152718681,0.16159767807141975,-0.019199639149508382
benchmark,benchmark,1.0,0.0,False,35,76,13,9022068.005243791,0.11984960676349055,0.07091704515385522,0.1603484851298136,-0.022508020222415923
benchmark,benchmark,1.0,0.0,False,35,76,14,9286970.355628433,0.10547957363304515,0.06278241407589391,0.1508148794835323,-0.024394314626378203
benchmark,benchmark,1.0,0.0,False,35,76,15,9796809.764138043,0.07991991330323925,0.06202808815613525,0.13426299267820235,-0.020996233368130227
benchmark,benchmark,1.0,0.0,False,35,76,16,10298939.237701915,0.0583308008889018,0.0821080137985033,0.11605157896683459,-0.010200681102342046
benchmark,benchmark,1.0,0.0,False,35,76,17,10727735.080084493,0.04759963957602429,0.12344314314388605,0.10712255770893098,-0.0005035181654963798
benchmark,benchmark,1.0,0.0,False,35,76,18,11047717.0670532,0.05187531184843888,0.18330987539286236,0.11191541810642701,0.013501389753888062
benchmark,benchmark,1.0,0.0,False,35,76,19,11172704.935472636,0.06797347072761727,0.22875192164565772,0.1397827229211814,0.02010908588932672
benchmark,benchmark,1.0,0.0,False,35,76,20,11115121.271567296,0.08134414720077805,0.24637623797259733,0.1678783436131123,0.012163707893874888
benchmark,benchmark,1.0,0.0,False,35,76,21,10733814.085246062,0.09741967982055741,0.23479962813275757,0.18934563566605944,-0.0019235433249907062
benchmark,benchmark,1.0,0.0,False,35,76,22,10434778.95014941,0.1100540602682636,0.20591755436755022,0.20718565414144144,-0.021113259829915125
benchmark,benchmark,1.0,0.0,False,35,76,23,10285693.046101624,0.11231923853592353,0.16566691422089752,0.2144503249555922,-0.040091940724965254
benchmark,benchmark,1.0,0.0,False,35,76,24,10352320.644985313,0.1041962803445209,0.12675348225336402,0.20920411866289446,-0.053127685796595714
benchmark,benchmark,1.0,0.0,False,35,76,25,10891440.707885595,0.07817267046503111,0.09856802034620382,0.18864704748755085,-0.05495456791169634
benchmark,benchmark,1.0,0.0,False,36,77,0,7609597.0,0.138,0.03,0.12063832026847152,0.010583740505574736
benchmark,benchmark,1.0,0.0,False,36,77,1,7652717.703786862,0.14039187151079002,0.030000000000000027,0.1185921564109529,0.007984789613649897
benchmark,benchmark,1.0,0.0,False,36,77,2,7797301.432333067,0.13522817256822742,0.024176348789232804,0.12054391703875096,0.003132824924809708
benchmark,benchmark,1.0,0.0,False,36,77,3,8066839.669660508,0.12445129646435647,0.026875541848083717,0.11137101778441127,0.005848889384789103
benchmark,benchmark,1.0,0.0,False,36,77,4,8376962.371772485,0.10843775438185499,0.030392987511353997,0.10400930667425655,0.007681942462052319
benchmark,benchmark,1.0,0.0,False,36,77,5,8639789.149151396,0.09401396462985627,0.04522854788542263,0.09555844347109531,0.009552415477028894
benchmark,benchmark,1.0,0.0,False,36,77,6,8871230.397123031,0.08888613025295801,0.06442414361903581,0.09481227622208956,0.01270646084377151
benchmark,benchmark,1.0,0.0,False,36,77,7,8986065.913436886,0.08975771910078963,0.08816965411820155,0.10190940018410002,0.015204517904537964
benchmark,benchmark,1.0,0.0,False,36,77,8,8997940.951741757,0.0995833087527114,0.10801461911233323,0.11654980634726238,0.014859718047156422
benchmark,benchmark,1.0,0.0,False,36,77,9,8848392.541938469,0.11694967467902742,0.11652299909961483,0.1394152804269812,0.007620592452392326
benchmark,benchmark,1.0,0.0,False,36,77,10,8681896.965531241,0.13503975105737642,0.10879940462526849,0.16239603319293747,-0.0035128266716014165
benchmark,benchmark,1.0,0.0,False,36,77,11,8506846.735530855,0.1473712773142518,0.09164195596650027,0.17851675017695462,-0.01793517445779464
benchmark,benchmark,1.0,0.0,False,36,77,12,8500479.023908019,0.1489959174218581,0.06702148466453495,0.18328539552183146,-0.03142031212870424
benchmark,benchmark,1.0,0.0,False,36,77,13,8682205.022691794,0.14052693684504755,0.045580480231041776,0.17494117345231922,-0.03764591553658585
benchmark,benchmark,1.0,0.0,False,36,77,14,9217834.718177928,0.11708034185218782,0.028685392104629948,0.15562209135997013,-0.03574606227962617
benchmark,benchmark,1.0,0.0,False,36,77,15,9885274.956142833,0.08467660209461027,0.026081429223334673,0.13218231929937016,-0.027974712588125214
benchmark,benchmark,1.0,0.0,False,36,77,16,10282201.26094578,0.06300505069070454,0.04601163438977429,0.11671478422373152,-0.01814966762831884
benchmark,benchmark,1.0,0.0,False,36,77,17,10622609.249947567,0.05709079862998355,0.0885479937807081,0.11193430202867594,-0.009754340490704472
benchmark,benchmark,1.0,0.0,False,36,77,18,10782966.221501838,0.066735601990027,0.14333249119499514,0.1241264405373293,0.0015805788635530754
benchmark,benchmark,1.0,0.0,False,36,77,19,11039459.53445727,0.0699805601690923,0.17876676175884842,0.1454790755343216,0.006179117674894839
benchmark,benchmark,1.0,0.0,False,36,77,20,11154771.091801712,0.06913568245103906,0.20692534033671617,0.15064417253341827,0.010064416624376326
benchmark,benchmark,1.0,0.0,False,36,77,21,11007586.177121984,0.07992289040694488,0.21776485567522919,0.16575313852476178,0.004174428861332355
benchmark,benchmark,1.0,0.0,False,36,77,22,10885201.68977141,0.0890946262496946,0.21110263350784275,0.18728990782195204,-0.009917236409327417
benchmark,benchmark,1.0,0.0,False,36,77,23,10766599.25591851,0.09506058039093129,0.19146937060693214,0.19754395202306635,-0.021239057894762086
benchmark,benchmark,1.0,0.0,False,36,77,24,10813660.89414516,0.08998053974658758,0.16692553890600648,0.19871444858904946,-0.035452865681933836
benchmark,benchmark,1.0,0.0,False,36,77,25,11036380.96636917,0.07894733036324258,0.14614482592930433,0.1898496791408233,-0.040772188916221426
benchmark,benchmark,1.0,0.0,False,37,78,0,7609597.0,0.138,0.03,0.12063832026847152,0.010583740505574736
benchmark,benchmark,1.0,0.0,False,37,78,1,7652724.38733265,0.14039181650999813,0.030000000000000027,0.11859183719691781,0.007984885903803248
benchmark,benchmark,1.0,0.0,False,37,78,2,7811944.858553902,0.13522720206223762,0.0241666286569604,0.12058669013549693,0.00018585739055203764
benchmark,benchmark,1.0,0.0,False,37,78,3,8094525.125686543,0.12367789968368018,0.026920387337477703,0.11080671413169939,0.0052715041838161504
benchmark,benchmark,1.0,0.0,False,37,78,4,8350276.109201933,0.10863709884444168,0.030769941322713823,0.10373413893051436,0.005768933818499963
benchmark,benchmark,1.0,0.0,False,37,78,5,8702323.9895806,0.09109041670508954,0.04538945323114851,0.09329489313955971,0.011824939787934344
benchmark,benchmark,1.0,0.0,False,37,78,6,8916487.137715673,0.08295971131920736,0.06773363976337232,0.09084655131243112,0.016144404568410237
benchmark,benchmark,1.0,0.0,False,37,78,7,8998495.15386126,0.0892055323739841,0.09481311071025322,0.09953019337316327,0.016347715697511863
benchmark,benchmark,1.0,0.0,False,37,78,8,8986521.013598545,0.10171977335898605,0.11233714913035708,0.11972492523236125,0.01485936910508527
benchmark,benchmark,1.0,0.0,False,37,78,9,8890990.378712784,0.11512587333004295,0.11941919815597646,0.13993643045925527,0.008133952952958882
benchmark,benchmark,1.0,0.0,False,37,78,10,8709349.290822888,0.13414315599354543,0.11192082585293517,0.16062661043013887,-0.002105533821118316
benchmark,benchmark,1.0,0.0,False,37,78,11,8557224.160032567,0.145336356432645,0.09336862141422642,0.17644177196169747,-0.012156743872616144
benchmark,benchmark,1.0,0.0,False,37,78,12,8559803.419266224,0.1428026440304461,0.06949674608676615,0.1788235244922149,-0.026891190510712783
benchmark,benchmark,1.0,0.0,False,37,78,13,8765995.823311312,0.1293454691207718,0.048195838078295195,0.16937183849968385,-0.030860985188256466
benchmark,benchmark,1.0,0.0,False,37,78,14,9243926.063676262,0.11018535497199286,0.035385834277823935,0.1516970720348015,-0.02936113210972311
benchmark,benchmark,1.0,0.0,False,37,78,15,9767511.721644783,0.08508832190717266,0.035417390670509086,0.13442284779903863,-0.024642579116123678
benchmark,benchmark,1.0,0.0,False,37,78,16,10254730.113188846,0.06236244532515502,0.0550709471844224,0.11788948950878367,-0.01779935262522779
benchmark,benchmark,1.0,0.0,False,37,78,17,10732743.246895717,0.050877824348937305,0.0986034071760713,0.10751348441547112,-0.0053144470509742785
benchmark,benchmark,1.0,0.0,False,37,78,18,11033186.873549405,0.05085532371115183,0.16077212750193404,0.11108331723283903,0.009790701123990567
benchmark,benchmark,1.0,0.0,False,37,78,19,11179939.37284637,0.0636825451517841,0.21552863007727874,0.13235378261630418,0.01877192737437374
benchmark,benchmark,1.0,0.0,False,37,78,20,11195466.4593804,0.0806122400169919,0.24162939743793221,0.16245801539153087,0.01581135799177593
benchmark,benchmark,1.0,0.0,False,37,78,21,10949536.921913221,0.09008494768479819,0.23808637402119648,0.18401524822088178,0.004033093186279084
benchmark,benchmark,1.0,0.0,False,37,78,22,10685165.582364896,0.09735043879346478,0.21635123583981275,0.19550837538214758,-0.012693275888666544
benchmark,benchmark,1.0,0.0,False,37,78,23,10524940.482679171,0.10421314928543213,0.18246669941129778,0.20644514529524438,-0.02944855614621128
benchmark,benchmark,1.0,0.0,False,37,78,24,10471087.733029742,0.10483241004323576,0.14855635726700456,0.21073203836069582,-0.04602121237135157
benchmark,benchmark,1.0,0.0,False,37,78,25,10772189.803967055,0.08761326064220225,0.11795777685778908,0.19965980994129087,-0.055969063374619495
benchmark,benchmark,1.0,0.0,False,38,79,0,7609597.0,0.138,0.03,0.12063832026847152,0.010583740505574736
benchmark,benchmark,1.0,0.0,False,38,79,1,7652724.38733265,0.14039181650999813,0.030000000000000027,0.11859183719691781,0.007984885903803248
benchmark,benchmark,1.0,0.0,False,38,79,2,7805467.640744476,0.13522708141572493,0.02418630659483445,0.12056947695808339,0.005628385718672757
benchmark,benchmark,1.0,0.0,False,38,79,3,8017292.966872868,0.1252915579837711,0.026864732214723297,0.11286921658241382,0.005709835360944892
benchmark,benchmark,1.0,0.0,False,38,79,4,8334416.405343128,0.11107775116975839,0.030036851707745837,0.10528397704826867,0.006842628413261025
benchmark,benchmark,1.0,0.0,False,38,79,5,8663426.11710771,0.0944865461207355,0.043524111595445225,0.0958669134557081,0.010502399056700897
benchmark,benchmark,1.0,0.0,False,38,79,6,8849687.377495727,0.08550093777557888,0.06356028172752581,0.09371321589819291,0.012837921873227631
benchmark,benchmark,1.0,0.0,False,38,79,7,8987224.76612453,0.08748723151503603,0.08856233854950313,0.09960834747341775,0.013579723534749639
benchmark,benchmark,1.0,0.0,False,38,79,8,9018827.132594483,0.0989230577644249,0.11011891911358274,0.11483951837994893,0.013949484321113067
benchmark,benchmark,1.0,0.0,False,38,79,9,8963564.01372049,0.11042419762414478,0.11848412682583254,0.13414288960540363,0.010154386063450656
benchmark,benchmark,1.0,0.0,False,38,79,10,8832280.1759261,0.12142559764982826,0.11634474247021509,0.15112115002874787,-0.00044001167385179356
benchmark,benchmark,1.0,0.0,False,38,79,11,8697294.53660229,0.1344844323573872,0.10278996705522347,0.16588314359898612,-0.009326917696385282
benchmark,benchmark,1.0,0.0,False,38,79,12,8677864.616686514,0.13587127611366356,0.08280831166964986,0.17358016373396054,-0.021837895804558197
benchmark,benchmark,1.0,0.0,False,38,79,13,8811916.125226855,0.13096132857390833,0.062004854295406586,0.17015203941241977,-0.02858421495226275
benchmark,benchmark,1.0,0.0,False,38,79,14,9098368.637665514,0.11657479923895878,0.046163280735411316,0.16019084959125207,-0.032684700944248635
benchmark,benchmark,1.0,0.0,False,38,79,15,9614935.044171907,0.09306769814293506,0.03960549674797531,0.1423115692523557,-0.02772328283360211
benchmark,benchmark,1.0,0.0,False,38,79,16,10231874.288062517,0.06425358948210698,0.05122416435810129,0.12159818842496145,-0.01845846963717161
benchmark,benchmark,1.0,0.0,False,38,79,17,10733708.71534262,0.048873673704298994,0.08943199502408583,0.1060203603435749,-0.007609113778982523
benchmark,benchmark,1.0,0.0,False,38,79,18,11034096.58395982,0.04897633610437939,0.15241238873134555,0.10663674316614154,0.00947474728300255
benchmark,benchmark,1.0,0.0,False,38,79,19,11198924.407600015,0.06326232201500025,0.21221046729873816,0.13038914368185567,0.018110069250598753
benchmark,benchmark,1.0,0.0,False,38,79,20,11226136.243769322,0.07912187018498669,0.24213007009326315,0.1616441603325204,0.016255043548102404
benchmark,benchmark,1.0,0.0,False,38,79,21,10992753.940467335,0.08791236735093864,0.24101380543931739,0.18137451800413576,0.0066788742672893595
benchmark,benchmark,1.0,0.0,False,38,79,22,10715602.405945009,0.0981105263385579,0.22134362208058844,0.19469629503113745,-0.011907026121734852
benchmark,benchmark,1.0,0.0,False,38,79,23,10484049.147102669,0.10727875344944766,0.187862987549424,0.2083707319614351,-0.029489325553927536
benchmark,benchmark,1.0,0.0,False,38,79,24,10503174.76751187,0.10047612403547863,0.14997547812163625,0.20939099891551363,-0.045777097420487856
benchmark,benchmark,1.0,0.0,False,38,79,25,10885740.86157645,0.0820946177011023,0.12222003718718044,0.19223355305264297,-0.052464200893639075
benchmark,benchmark,1.0,0.0,False,39,80,0,7609597.0,0.138,0.03,0.12063832026847152,0.010583740505574736
benchmark,benchmark,1.0,0.0,False,39,80,1,7652724.38733265,0.14039181650999813,0.030000000000000027,0.11859183719691781,0.007984885903803248
benchmark,benchmark,1.0,0.0,False,39,80,2,7808200.792774914,0.13522708141572493,0.02418544137591594,0.12034762689050274,0.005220372836864475
benchmark,benchmark,1.0,0.0,False,39,80,3,8035062.194423687,0.12596384584639977,0.02686556713124344,0.1127589891774157,0.007163916986414155
benchmark,benchmark,1.0,0.0,False,39,80,4,8339641.154430015,0.11184337766396084,0.029721019123407633,0.10672704748153952,0.005265422493528874
benchmark,benchmark,1.0,0.0,False,39,80,5,8610828.786901722,0.0972635792162202,0.04287149553797365,0.09801764729591964,0.012108519321786654
benchmark,benchmark,1.0,0.0,False,39,80,6,8784766.997860048,0.0898699823629889,0.06101483444324396,0.09723733642865297,0.010975950264790875
benchmark,benchmark,1.0,0.0,False,39,80,7,8913656.611966126,0.09238320337921384,0.08418827099028814,0.10283553327678804,0.01395025797356333
benchmark,benchmark,1.0,0.0,False,39,80,8,8966625.187597094,0.09840708852989213,0.1017201369668217,0.11715156554332289,0.013087766812750583
benchmark,benchmark,1.0,0.0,False,39,80,9,8898344.037380876,0.11297371960963207,0.11154835390942575,0.13459666956051677,0.008931602086974175
benchmark,benchmark,1.0,0.0,False,39,80,10,8750119.672542829,0.12825468895158604,0.10821317738234604,0.1559780581539645,-0.002903388814364936
benchmark,benchmark,1.0,0.0,False,39,80,11,8625921.380772982,0.1385334443956734,0.09418351271682979,0.17045313296690912,-0.013496227799618463
benchmark,benchmark,1.0,0.0,False,39,80,12,8631966.64348019,0.1402123607474727,0.07539134669099434,0.1746806335516825,-0.020284730360719615
benchmark,benchmark,1.0,0.0,False,39,80,13,8775240.239689933,0.13158300106626777,0.05362647314691538,0.17094597549024546,-0.02839286839438224
benchmark,benchmark,1.0,0.0,False,39,80,14,9179701.156047974,0.11093453756042816,0.04045539816074828,0.1548894846717018,-0.030275138893194255
benchmark,benchmark,1.0,0.0,False,39,80,15,9779353.793307867,0.08411237985543504,0.038794595856404435,0.13456412801851825,-0.025927140931492867
benchmark,benchmark,1.0,0.0,False,39,80,16,10288924.05857471,0.05963265255095691,0.05857984864680299,0.11637276749426309,-0.016260582776513516
benchmark,benchmark,1.0,0.0,False,39,80,17,10713870.204302123,0.04830507854322702,0.1039697767065002,0.10480057083833527,-0.0024864154454456162
benchmark,benchmark,1.0,0.0,False,39,80,18,11101365.01380431,0.04943308289145683,0.16829051928666772,0.10810908471307533,0.013045372515935554
benchmark,benchmark,1.0,0.0,False,39,80,19,11235352.318447702,0.06281589502596507,0.22460844028009164,0.1315759663647441,0.022655055523050263
benchmark,benchmark,1.0,0.0,False,39,80,20,11293641.085625429,0.07392989102070681,0.24987047502705684,0.16049525408580723,0.01841760853948395
benchmark,benchmark,1.0,0.0,False,39,80,21,11045950.765425762,0.08996545365799205,0.2508366742153174,0.17983622030037755,0.006108825326581291
benchmark,benchmark,1.0,0.0,False,39,80,22,10614821.979825715,0.1091733686328631,0.22381511478650506,0.20686803525544956,-0.012127863935197311
benchmark,benchmark,1.0,0.0,False,39,80,23,10294269.334087815,0.1195247928176654,0.18433594991770752,0.2225655566532021,-0.03561541814858795
benchmark,benchmark,1.0,0.0,False,39,80,24,10262766.294944532,0.11344720888686195,0.14013238986689625,0.2204576030577731,-0.051572621454239305
benchmark,benchmark,1.0,0.0,False,39,80,25,10619269.130748892,0.09388088319465948,0.10390245280849397,0.2028060583643735,-0.05928235514304002
benchmark,benchmark,1.0,0.0,False,40,81,0,7609597.0,0.138,0.03,0.12063832026847152,0.010583740505574736
benchmark,benchmark,1.0,0.0,False,40,81,1,7652724.38733265,0.14039181650999813,0.030000000000000027,0.11859183719691781,0.007984885903803248
benchmark,benchmark,1.0,0.0,False,40,81,2,7791795.83856827,0.13522708141572493,0.024180090599306148,0.1205498280887741,0.0038389432304243515
benchmark,benchmark,1.0,0.0,False,40,81,3,8075670.949947581,0.12380897409330736,0.02686445481971589,0.11098593246899349,0.00915771220492161
benchmark,benchmark,1.0,0.0,False,40,81,4,8342893.204058298,0.10814366766662828,0.030637668217898817,0.10456875380432996,0.007661717681852086
benchmark,benchmark,1.0,0.0,False,40,81,5,8628133.578047536,0.09687631874019641,0.04560887299864613,0.0967837872061862,0.01022855302659386
benchmark,benchmark,1.0,0.0,False,40,81,6,8800992.025509432,0.09276398182417823,0.0639258114661414,0.09819634083601032,0.01090267521211296
benchmark,benchmark,1.0,0.0,False,40,81,7,8920786.576555714,0.09315148287051966,0.08511300540752265,0.1042331650793182,0.011710070087367115
benchmark,benchmark,1.0,0.0,False,40,81,8,8972694.378618876,0.09876714883982737,0.1013852244167861,0.11605127903985558,0.010904926880862297
benchmark,benchmark,1.0,0.0,False,40,81,9,8942638.752501829,0.10875017751019776,0.11053621721517426,0.13192540709218117,0.006852561761874103
benchmark,benchmark,1.0,0.0,False,40,81,10,8841555.492958058,0.12236165633740213,0.10767227336866347,0.15009833796922248,-0.0022953757083116837
benchmark,benchmark,1.0,0.0,False,40,81,11,8746718.00456838,0.13194163122948596,0.09583054927804269,0.1644295086236532,-0.013458191154138268
benchmark,benchmark,1.0,0.0,False,40,81,12,8765276.29002624,0.1331065312903253,0.07855941209306816,0.16924959636765005,-0.021682085302102007
benchmark,benchmark,1.0,0.0,False,40,81,13,8903835.070621705,0.12637951364155617,0.06232099468324437,0.16448787707864435,-0.026296632179364367
benchmark,benchmark,1.0,0.0,False,40,81,14,9279473.08248478,0.10377257326245984,0.05029393095154022,0.15096173197822443,-0.026328927991839734
benchmark,benchmark,1.0,0.0,False,40,81,15,9762600.398367435,0.0834705246902089,0.05167257855383345,0.13316569070322692,-0.021224900039699676
benchmark,benchmark,1.0,0.0,False,40,81,16,10248874.080786455,0.0642385996421044,0.0691423313856403,0.12082843738702385,-0.015154599585235384
benchmark,benchmark,1.0,0.0,False,40,81,17,10723523.16110898,0.05095755599650804,0.10632346524388292,0.11106528488564495,-0.0018126009630511802
benchmark,benchmark,1.0,0.0,False,40,81,18,10974121.845030652,0.053068036699405,0.1640231171520552,0.11313707010104994,0.010842162135310486
benchmark,benchmark,1.0,0.0,False,40,81,19,11124368.093883058,0.06946358629795088,0.2123872255959225,0.13743745390690865,0.017772407354477947
benchmark,benchmark,1.0,0.0,False,40,81,20,11097985.987732034,0.07976788526401896,0.23113486451356935,0.16681440661505265,0.012208828720077185
benchmark,benchmark,1.0,0.0,False,40,81,21,10903430.573060518,0.09129669495870647,0.22869176977871875,0.1796693108614959,0.001260551550914205
benchmark,benchmark,1.0,0.0,False,40,81,22,10613121.459470576,0.10119270413017659,0.20493833579867005,0.19917170510542853,-0.01776930121515799
benchmark,benchmark,1.0,0.0,False,40,81,23,10464959.067043597,0.10679393262581847,0.17335320867582227,0.20825446275903547,-0.03442553613810939
benchmark,benchmark,1.0,0.0,False,40,81,24,10461699.741013955,0.10289784755668072,0.13915464442049186,0.20906978392169215,-0.051231074180567264
benchmark,benchmark,1.0,0.0,False,40,81,25,10924249.611350494,0.08150403186263398,0.11286577549904542,0.19113858350126972,-0.05230781237728458
benchmark,benchmark,1.0,0.0,False,41,82,0,7609597.0,0.138,0.03,0.12063832026847152,0.010583740505574736
benchmark,benchmark,1.0,0.0,False,41,82,1,7652724.38733265,0.14039181650999813,0.030000000000000027,0.11859183719691781,0.007984885903803248
benchmark,benchmark,1.0,0.0,False,41,82,2,7804161.342545421,0.13522708141572493,0.024181451857486325,0.12048374104937541,0.004463367105977549
benchmark,benchmark,1.0,0.0,False,41,82,3,8037306.605265866,0.12521985422798892,0.026870543244538414,0.11227156104350028,0.006428005564398915
benchmark,benchmark,1.0,0.0,False,41,82,4,8376623.174433023,0.11150345996583516,0.0300461811692454,0.1054722248192005,0.007758729041679784
benchmark,benchmark,1.0,0.0,False,41,82,5,8563210.801545812,0.09744081149210497,0.04293597522890713,0.09946585304365127,0.0097815744117046
benchmark,benchmark,1.0,0.0,False,41,82,6,8782793.643091151,0.09217573121669968,0.06149502329007284,0.0981803267763143,0.011437956855914966
benchmark,benchmark,1.0,0.0,False,41,82,7,8884462.683047505,0.09322540150841536,0.0837722740707727,0.10493865652494751,0.011435867877798855
benchmark,benchmark,1.0,0.0,False,41,82,8,8898855.405251764,0.10380223605905473,0.10166769420266264,0.11825820609840262,0.011280366934461163
benchmark,benchmark,1.0,0.0,False,41,82,9,8856985.241161855,0.1124703169790245,0.10729683537042867,0.13630444344689938,0.005330326340220237
benchmark,benchmark,1.0,0.0,False,41,82,10,8783039.453520583,0.12134758117205738,0.10559739437745197,0.14887442652647997,0.00045691605696276336
benchmark,benchmark,1.0,0.0,False,41,82,11,8784699.764119439,0.12573959537021392,0.09276411620078684,0.1586676276241014,-0.008968058125569313
benchmark,benchmark,1.0,0.0,False,41,82,12,8815105.219872547,0.12397320068009399,0.07867324985692092,0.162468670707629,-0.0211019446823264
benchmark,benchmark,1.0,0.0,False,41,82,13,8991178.767817589,0.11993741805942701,0.06450208598826479,0.15910371579863022,-0.02385533502100536
benchmark,benchmark,1.0,0.0,False,41,82,14,9376150.574377,0.101310538646436,0.05527412885889249,0.1481351809545595,-0.025261695649925985
benchmark,benchmark,1.0,0.0,False,41,82,15,9840474.307502609,0.08066583462935764,0.0590241507439313,0.13156499816576955,-0.020256021385322506
benchmark,benchmark,1.0,0.0,False,41,82,16,10285847.638631336,0.0611530040398045,0.07796242569856027,0.11961505987365889,-0.01234098463327025
benchmark,benchmark,1.0,0.0,False,41,82,17,10679977.228210628,0.05296862734420354,0.11861908514241315,0.11139445740336698,-0.0016733231594509563
benchmark,benchmark,1.0,0.0,False,41,82,18,10930080.93681191,0.05795903980111604,0.16975468310530806,0.11990884317260771,0.009197809677236154
benchmark,benchmark,1.0,0.0,False,41,82,19,11055810.760224497,0.07025597922818991,0.21042914809981905,0.14230425567835978,0.012871806577552554
benchmark,benchmark,1.0,0.0,False,41,82,20,11097752.732039368,0.0760739719029407,0.22448775159766,0.16229697291228817,0.011361727022091614
benchmark,benchmark,1.0,0.0,False,41,82,21,10912136.700763315,0.08445000962476407,0.2256228407886418,0.1747608899142391,-9.24654269028697e-05
benchmark,benchmark,1.0,0.0,False,41,82,22,10681783.988816865,0.09822107708837756,0.20644343806080934,0.19392089018325934,-0.015172987148921908
benchmark,benchmark,1.0,0.0,False,41,82,23,10550924.931377666,0.10347909035739415,0.17839671100344678,0.20591798792921537,-0.030254948670954573
benchmark,benchmark,1.0,0.0,False,41,82,24,10576082.953399247,0.09759561310479255,0.14660969859368667,0.20461234948873927,-0.04673337036880095
benchmark,benchmark,1.0,0.0,False,41,82,25,10969076.207145317,0.07908309874160485,0.12284175874124181,0.1882625657270646,-0.04542244148210946
benchmark,benchmark,1.0,0.0,False,42,83,0,7609597.0,0.138,0.03,0.12063832026847152,0.010583740505574736
benchmark,benchmark,1.0,0.0,False,42,83,1,7652724.38733265,0.14039181650999813,0.030000000000000027,0.11859183719691781,0.007984885903803248
benchmark,benchmark,1.0,0.0,False,42,83,2,7809911.119751594,0.13522708141572493,0.024186657377943677,0.12048474702435293,0.005776961624849792
benchmark,benchmark,1.0,0.0,False,42,83,3,8018061.038339455,0.12665789346615375,0.02685962375110229,0.11348078533846509,0.007979938804951722
benchmark,benchmark,1.0,0.0,False,42,83,4,8305617.180034985,0.11399259819694661,0.029405143029064273,0.10821630138304673,0.005959566471408082
benchmark,benchmark,1.0,0.0,False,42,83,5,8578278.300020192,0.09932360665951533,0.04155522500053177,0.1007095977488538,0.006710476222799707
benchmark,benchmark,1.0,0.0,False,42,83,6,8778066.469989194,0.09374815729806925,0.058676062385812466,0.09928997166178233,0.009963184218597295
benchmark,benchmark,1.0,0.0,False,42,83,7,8864283.693688206,0.09649123454543491,0.07861314614639614,0.10673436601143249,0.011192781417767158
benchmark,benchmark,1.0,0.0,False,42,83,8,8887783.336224942,0.10408031959178504,0.09474806102863442,0.12029962164849005,0.0072264194496202
benchmark,benchmark,1.0,0.0,False,42,83,9,8885326.284354161,0.11379843404125554,0.1014603571761703,0.13498192327386277,0.006188782453896128
benchmark,benchmark,1.0,0.0,False,42,83,10,8830889.74406889,0.12061883360731193,0.09860058690046913,0.14754165008613507,0.0012757276089101453
benchmark,benchmark,1.0,0.0,False,42,83,11,8838223.201569362,0.12005662470524742,0.09053708486314349,0.15445009274648588,-0.01018310740575316
benchmark,benchmark,1.0,0.0,False,42,83,12,8931328.471947903,0.12039650918762775,0.07929041848196539,0.15628633638334785,-0.016611590515811632
benchmark,benchmark,1.0,0.0,False,42,83,13,9051560.050851969,0.11638327192691872,0.06954182420659039,0.1568304808496856,-0.020084885102314216
benchmark,benchmark,1.0,0.0,False,42,83,14,9288315.71741856,0.10352163472022707,0.06250982758437007,0.15050959477299977,-0.025360283582308192
benchmark,benchmark,1.0,0.0,False,42,83,15,9805374.463265069,0.08204356248311302,0.06485407686709488,0.13428562758861434,-0.0212240658586664
benchmark,benchmark,1.0,0.0,False,42,83,16,10329054.051290305,0.059771912212994244,0.08282592087830665,0.11819363815323425,-0.01125131478860606
benchmark,benchmark,1.0,0.0,False,42,83,17,10686214.659028238,0.04860776289908819,0.12291139681912866,0.10860261077216773,-0.0008033122505235931
benchmark,benchmark,1.0,0.0,False,42,83,18,11066911.86375171,0.05274359536273932,0.1804161037169305,0.1120913347430247,0.012619094559734484
benchmark,benchmark,1.0,0.0,False,42,83,19,11136616.128609587,0.06539827367139774,0.22512685105082886,0.13954528818248935,0.016584108365523417
benchmark,benchmark,1.0,0.0,False,42,83,20,11145898.700313888,0.07899818532039042,0.2434357907297644,0.163438003821772,0.014673256092662243
benchmark,benchmark,1.0,0.0,False,42,83,21,10917528.524020452,0.08981843760614396,0.2366368694461305,0.18358103132083475,0.0005470346079354149
benchmark,benchmark,1.0,0.0,False,42,83,22,10563553.73196416,0.10793039696611526,0.2138883622377874,0.20213575114186483,-0.019625722412406982
benchmark,benchmark,1.0,0.0,False,42,83,23,10297781.935355326,0.11757704061601246,0.17376420724000963,0.2197338579579441,-0.03955021502576094
benchmark,benchmark,1.0,0.0,False,42,83,24,10342114.500505162,0.10969101864647825,0.1343103557701366,0.21432007366561406,-0.054878757413710774
benchmark,benchmark,1.0,0.0,False,42,83,25,10739383.482749863,0.08660144845046924,0.10129453700988256,0.19499958314327043,-0.0577424860304139
benchmark,benchmark,1.0,0.0,False,43,84,0,7609597.0,0.138,0.03,0.12063832026847152,0.010583740505574736
benchmark,benchmark,1.0,0.0,False,43,84,1,7652724.38733265,0.14039181650999813,0.030000000000000027,0.11859183719691781,0.007984885903803248
benchmark,benchmark,1.0,0.0,False,43,84,2,7810811.761430795,0.13522708141572493,0.024182515913943492,0.1203253310066372,0.004817003313949821
benchmark,benchmark,1.0,0.0,False,43,84,3,8019206.633895097,0.1253927685392432,0.026857880032511217,0.11300784677369528,0.004979565564166392
benchmark,benchmark,1.0,0.0,False,43,84,4,8368616.786595549,0.11060214541053523,0.02994788564086881,0.10499444770872926,0.006099185562851557
benchmark,benchmark,1.0,0.0,False,43,84,5,8637434.545108391,0.09380713424131612,0.04382897727613311,0.09605191699514032,0.009192516513100468
benchmark,benchmark,1.0,0.0,False,43,84,6,8871852.796913207,0.08642886702074762,0.06439927087576924,0.09404396362241316,0.011580210446526865
benchmark,benchmark,1.0,0.0,False,43,84,7,8953978.371929161,0.09161524236231988,0.0893938465524795,0.101706475863703,0.015901298348265643
benchmark,benchmark,1.0,0.0,False,43,84,8,8953833.565956777,0.1025513656313913,0.10557092246148336,0.12015420201800422,0.013570841675957828
benchmark,benchmark,1.0,0.0,False,43,84,9,8885838.614758391,0.1145743460481282,0.11326499452272776,0.13773146680161574,0.008715848778268169
benchmark,benchmark,1.0,0.0,False,43,84,10,8769180.19069312,0.12620202181450185,0.10781840982626933,0.1548815921152344,-0.0014071473257138301
benchmark,benchmark,1.0,0.0,False,43,84,11,8631552.211586861,0.13713290607677625,0.09437125854299433,0.16923260016147648,-0.013811266059666937
benchmark,benchmark,1.0,0.0,False,43,84,12,8577211.862292709,0.14207939244818432,0.07576549798543164,0.17690276525790136,-0.024685199552825155
benchmark,benchmark,1.0,0.0,False,43,84,13,8753217.498761227,0.13466800942587068,0.05544415747634446,0.17168965985678117,-0.03321055297264311
benchmark,benchmark,1.0,0.0,False,43,84,14,9219254.47059414,0.11429822187360851,0.039650076771034826,0.15522693831161016,-0.033934035776270195
benchmark,benchmark,1.0,0.0,False,43,84,15,9884742.318662973,0.08539960820392478,0.035180612802575784,0.13437341417039397,-0.023985609160547254
benchmark,benchmark,1.0,0.0,False,43,84,16,10138898.438533144,0.06795332701891313,0.053183849683777096,0.12168168820534699,-0.015628674566478637
benchmark,benchmark,1.0,0.0,False,43,84,17,10523404.658379141,0.05931508966287223,0.08888204580381687,0.11705079550441853,-0.011713823892591107
benchmark,benchmark,1.0,0.0,False,43,84,18,10891970.127992323,0.05787674097649702,0.13767643240688643,0.11920847152461994,0.0016409828889479238
benchmark,benchmark,1.0,0.0,False,43,84,19,11193669.369531732,0.060342008744034566,0.1847158141098617,0.1304071804298689,0.008119243034286686
benchmark,benchmark,1.0,0.0,False,43,84,20,11201895.551555382,0.06816130069949834,0.21894197210943545,0.1478000275736194,0.013774447928135217
benchmark,benchmark,1.0,0.0,False,43,84,21,11178555.758446736,0.07591197106094595,0.23419203037334135,0.16622088968353999,0.008409604698027429
benchmark,benchmark,1.0,0.0,False,43,84,22,10997738.93983302,0.08753546255696411,0.22769430603834429,0.18366977925693215,-0.0017318281092114547
benchmark,benchmark,1.0,0.0,False,43,84,23,10858942.83419398,0.09566372069814463,0.20647714812624995,0.198588025905685,-0.01881166709197636
benchmark,benchmark,1.0,0.0,False,43,84,24,10694204.124985008,0.09864722031960828,0.1759113856966028,0.20787393782153923,-0.03479066602162861
benchmark,benchmark,1.0,0.0,False,43,84,25,10820784.869419329,0.09178200022044149,0.14782379354616704,0.20396503303319663,-0.04842621875918208
benchmark,benchmark,1.0,0.0,False,44,85,0,7609597.0,0.138,0.03,0.12063832026847152,0.010583740505574736
benchmark,benchmark,1.0,0.0,False,44,85,1,7652724.38733265,0.14039181650999813,0.030000000000000027,0.11859183719691781,0.007984885903803248
benchmark,benchmark,1.0,0.0,False,44,85,2,7807316.642150581,0.13522708141572493,0.02418726956457662,0.12045697700954835,0.00614458450597104
benchmark,benchmark,1.0,0.0,False,44,85,3,8024777.877599951,0.12522467831065154,0.026840922670184897,0.11319498608561496,0.007415745857610678
benchmark,benchmark,1.0,0.0,False,44,85,4,8323193.018146642,0.11403624152876227,0.030038288331314833,0.10781530558373625,0.004971503868447743
benchmark,benchmark,1.0,0.0,False,44,85,5,8577469.205589812,0.10203180077922801,0.04154835652778144,0.10163432126205299,0.008302561333430327
benchmark,benchmark,1.0,0.0,False,44,85,6,8770815.579401283,0.09345708059098774,0.05678568817066432,0.10088500959663045,0.011282232150833703
benchmark,benchmark,1.0,0.0,False,44,85,7,8850398.150447533,0.09784614912920393,0.07821760619598495,0.10687177266619372,0.01016917673682273
benchmark,benchmark,1.0,0.0,False,44,85,8,8824772.615995826,0.1101506542700994,0.09300238210061362,0.12369578656061557,0.008511789687562004
benchmark,benchmark,1.0,0.0,False,44,85,9,8836961.04649276,0.11727588277016913,0.09759407727960179,0.13770516808197608,0.004082962368119854
benchmark,benchmark,1.0,0.0,False,44,85,10,8816362.443649769,0.12251582986972857,0.09335772323290592,0.14860758995250228,-0.00518654662610722
benchmark,benchmark,1.0,0.0,False,44,85,11,8775929.797925707,0.12939987186650975,0.08248501044461376,0.15933594706259346,-0.01576598629997045
benchmark,benchmark,1.0,0.0,False,44,85,12,8838324.49965175,0.13163018779237506,0.06894647435417767,0.164170239481244,-0.021959432041704124
benchmark,benchmark,1.0,0.0,False,44,85,13,8972728.692745985,0.12362735878188451,0.056293438828484366,0.16135386154599998,-0.028223062360513508
benchmark,benchmark,1.0,0.0,False,44,85,14,9355342.69973643,0.10568432301807582,0.04718216482840876,0.1479994712047511,-0.027737214578697177
benchmark,benchmark,1.0,0.0,False,44,85,15,9962562.26694634,0.07871150083727982,0.050831817163959236,0.12900462014454983,-0.020955253424112013
benchmark,benchmark,1.0,0.0,False,44,85,16,10333320.114676712,0.06192875754855779,0.07445440083772237,0.11571509523975444,-0.013430429053342572
benchmark,benchmark,1.0,0.0,False,44,85,17,10722385.470267242,0.05056792340923254,0.11638715485250106,0.1103419306581786,-0.0010504141939688856
benchmark,benchmark,1.0,0.0,False,44,85,18,11060085.733192386,0.05272769845540387,0.17517042560263207,0.1125032331481165,0.010934613528851196
benchmark,benchmark,1.0,0.0,False,44,85,19,11183079.277625358,0.06724742039969278,0.2236695020902575,0.13751500835302782,0.0165594785896622
benchmark,benchmark,1.0,0.0,False,44,85,20,11041781.119606422,0.08793628547818239,0.24066261411794332,0.1705505447701512,0.01311424584338942
benchmark,benchmark,1.0,0.0,False,44,85,21,10721009.997394476,0.10346679358431364,0.22774379322836547,0.19580314444186786,-0.00457856286959066
benchmark,benchmark,1.0,0.0,False,44,85,22,10371778.312476534,0.11507024591724267,0.19574870237282882,0.210760380662871,-0.025067316188032037
benchmark,benchmark,1.0,0.0,False,44,85,23,10252333.294772841,0.11627107834866583,0.1545691887180296,0.21604138001412604,-0.04537649942651337
benchmark,benchmark,1.0,0.0,False,44,85,24,10426276.010665992,0.10384556088243947,0.1171006488628954,0.20614853038382927,-0.05282955571217678
benchmark,benchmark,1.0,0.0,False,44,85,25,11021984.75918554,0.07476228494124196,0.09208885616444595,0.18333266515153956,-0.05461080269177576
benchmark,benchmark,1.0,0.0,False,45,86,0,7609597.0,0.138,0.03,0.12063832026847152,0.010583740505574736
benchmark,benchmark,1.0,0.0,False,45,86,1,7652724.38733265,0.14039181650999813,0.030000000000000027,0.11859183719691781,0.007984885903803248
benchmark,benchmark,1.0,0.0,False,45,86,2,7804821.945893089,0.13522708141572493,0.024181660520726123,0.1204409798147925,0.004452771995248942
benchmark,benchmark,1.0,0.0,False,45,86,3,8054069.1350224465,0.12563695437298492,0.026768397176334613,0.11233442999303887,0.004438612209676164
benchmark,benchmark,1.0,0.0,False,45,86,4,8369146.936572825,0.11160588803108798,0.029904714004077126,0.1059762311345866,0.004618977743506862
benchmark,benchmark,1.0,0.0,False,45,86,5,8621946.629084684,0.0958211839100545,0.043143855060800984,0.09787482959579197,0.010126331502349704
benchmark,benchmark,1.0,0.0,False,45,86,6,8789810.04398372,0.09129576088370894,0.06219248312636494,0.09669629322441654,0.010293623007836263
benchmark,benchmark,1.0,0.0,False,45,86,7,8944873.144521372,0.09145495892666877,0.08346361669955704,0.10352248765006002,0.011251084049290845
benchmark,benchmark,1.0,0.0,False,45,86,8,8974841.016579991,0.09926664745745853,0.1022218159961561,0.11599557909308626,0.013609769727492425
benchmark,benchmark,1.0,0.0,False,45,86,9,8923545.854089342,0.11063740797195858,0.1104847310555026,0.134141986389193,0.00863970295127268
benchmark,benchmark,1.0,0.0,False,45,86,10,8810415.874255303,0.12346634838543731,0.10909869328831334,0.15189931878342802,-0.0002325417078451597
benchmark,benchmark,1.0,0.0,False,45,86,11,8690333.652384102,0.13478972638870537,0.09780071895640363,0.16621893573293112,-0.010947192298922463
benchmark,benchmark,1.0,0.0,False,45,86,12,8647504.489378538,0.13638499882050747,0.08050905420320809,0.17264785991339798,-0.023595832088928903
benchmark,benchmark,1.0,0.0,False,45,86,13,8861490.518781574,0.12737867329534727,0.06128991896570413,0.1661419468956085,-0.028836882831318997
benchmark,benchmark,1.0,0.0,False,45,86,14,9263180.680350695,0.10697905836501301,0.04715453108506695,0.1515859265349113,-0.027059981534766762
benchmark,benchmark,1.0,0.0,False,45,86,15,9798865.40578197,0.08233528088069753,0.04621733498806235,0.13313530767410883,-0.02196372695854188
benchmark,benchmark,1.0,0.0,False,45,86,16,10247813.847019853,0.061766240087345416,0.06472577208513641,0.11835896433079343,-0.014409144647116902
benchmark,benchmark,1.0,0.0,False,45,86,17,10685555.735880768,0.050750476666564806,0.10524954218397986,0.1093425404254869,-0.006321998809764639
benchmark,benchmark,1.0,0.0,False,45,86,18,11063160.466205694,0.05097748402319807,0.1649916555848847,0.1109716501910937,0.011550452536779708
benchmark,benchmark,1.0,0.0,False,45,86,19,11212696.249668565,0.060550681353885284,0.21762578803774724,0.13178073192752904,0.01893143841202988
benchmark,benchmark,1.0,0.0,False,45,86,20,11223565.978430353,0.07869440517948363,0.24717595337404386,0.15859742571485297,0.016496965495584097
benchmark,benchmark,1.0,0.0,False,45,86,21,10924480.082604965,0.09443723050204829,0.24182671818312484,0.18743410811963765,0.004356381519801338
benchmark,benchmark,1.0,0.0,False,45,86,22,10632729.833184022,0.10384169400233399,0.21697092810632412,0.20179690008087764,-0.013406046175648126
benchmark,benchmark,1.0,0.0,False,45,86,23,10390105.758720867,0.1088217509090815,0.1795612815644403,0.21157417060886183,-0.03427944897952949
benchmark,benchmark,1.0,0.0,False,45,86,24,10469591.444200044,0.10198247739757128,0.14238475675549256,0.20919131793868997,-0.05168898154372816
benchmark,benchmark,1.0,0.0,False,45,86,25,10792718.273528647,0.08417946159851465,0.11298211234504985,0.1938082580414161,-0.05286980234512083
benchmark,benchmark,1.0,0.0,False,46,87,0,7609597.0,0.138,0.03,0.12063832026847152,0.010583740505574736
benchmark,benchmark,1.0,0.0,False,46,87,1,7652724.38733265,0.14039181650999813,0.030000000000000027,0.11859183719691781,0.007984885903803248
benchmark,benchmark,1.0,0.0,False,46,87,2,7799057.932954765,0.13522708141572493,0.02417880353602997,0.12044503908376385,0.003936019571987566
benchmark,benchmark,1.0,0.0,False,46,87,3,8061381.212170868,0.12405664699595019,0.026876224925362457,0.11158195730001623,0.009199841516495342
benchmark,benchmark,1.0,0.0,False,46,87,4,8340000.641661577,0.109250903028756,0.030534198898975573,0.10527597395173473,0.00863498322432612
benchmark,benchmark,1.0,0.0,False,46,87,5,8573794.145640874,0.09832137318898887,0.044863583951774144,0.09876954028801477,0.013426716071684998
benchmark,benchmark,1.0,0.0,False,46,87,6,8765813.712609878,0.09288580479731628,0.061999684337314065,0.10038664231945271,0.01323118621945991
benchmark,benchmark,1.0,0.0,False,46,87,7,8824249.579416018,0.09848505230507541,0.08375352071085373,0.10862772479000206,0.01230708744807934
benchmark,benchmark,1.0,0.0,False,46,87,8,8804715.236242361,0.11060728214002846,0.09638541595980232,0.12631436805827068,0.0057078341786080365
benchmark,benchmark,1.0,0.0,False,46,87,9,8784058.100179484,0.12051022544340069,0.10014882911272927,0.14041971939400366,0.004142687481654003
benchmark,benchmark,1.0,0.0,False,46,87,10,8771123.658942066,0.12168837763782303,0.09314348050513854,0.1500243244001957,-0.0028176943221650493
benchmark,benchmark,1.0,0.0,False,46,87,11,8833304.943816122,0.12022010884898908,0.08420418818093744,0.1527193288644516,-0.0105959309455868
benchmark,benchmark,1.0,0.0,False,46,87,12,8884118.245107252,0.12017886876215532,0.07352865180440582,0.15612700462942763,-0.01899052563695847
benchmark,benchmark,1.0,0.0,False,46,87,13,9095298.229054559,0.1124983556135127,0.06318814281833429,0.15343803802887676,-0.02151348109799399
benchmark,benchmark,1.0,0.0,False,46,87,14,9463806.127210615,0.09714939771243325,0.06006710840590568,0.14332162153958541,-0.02409629352728478
benchmark,benchmark,1.0,0.0,False,46,87,15,9860661.822632492,0.08018262122995087,0.06626564792803658,0.13039422718630436,-0.016587647045197856
benchmark,benchmark,1.0,0.0,False,46,87,16,10387461.515584031,0.0592142433718822,0.08786601079885337,0.11809396658994523,-0.011197522272578538
benchmark,benchmark,1.0,0.0,False,46,87,17,10707860.735841531,0.053020859206613216,0.12975216275621348,0.11012572989234316,0.003157249707434592
benchmark,benchmark,1.0,0.0,False,46,87,18,10945521.152265493,0.058165543755838954,0.1805714771670388,0.12159712598594688,0.012269468745235441
benchmark,benchmark,1.0,0.0,False,46,87,19,11044007.520552747,0.071021276535418,0.21631030206703405,0.14504392121211543,0.013304913432305937
benchmark,benchmark,1.0,0.0,False,46,87,20,10945408.489226108,0.08318091630877085,0.22947261350526005,0.16835777942859567,0.005353731946913667
benchmark,benchmark,1.0,0.0,False,46,87,21,10770616.998382833,0.09127791830225185,0.2190616417980773,0.18403313232917437,-0.0035523230046021373
benchmark,benchmark,1.0,0.0,False,46,87,22,10553860.780086841,0.10055518364452785,0.19702421160460593,0.19672386636920283,-0.021298065246721388
benchmark,benchmark,1.0,0.0,False,46,87,23,10374549.812184859,0.10619473318584215,0.1652812273416462,0.2083113891850818,-0.040407102931720396
benchmark,benchmark,1.0,0.0,False,46,87,24,10536774.667724088,0.09661426526517003,0.13367769416053266,0.2025651195922962,-0.05049718237350761
benchmark,benchmark,1.0,0.0,False,46,87,25,11116450.870105242,0.07056502510204812,0.11218365837321675,0.18127728212604166,-0.051185196863732775
benchmark,benchmark,1.0,0.0,False,47,88,0,7609597.0,0.138,0.03,0.12063832026847152,0.010583740505574736
benchmark,benchmark,1.0,0.0,False,47,88,1,7652724.38733265,0.14039181650999813,0.030000000000000027,0.11859183719691781,0.007984885903803248
benchmark,benchmark,1.0,0.0,False,47,88,2,7808631.364526237,0.13523419500888026,0.02417618686562495,0.12038232720780183,0.002896805755014863
benchmark,benchmark,1.0,0.0,False,47,88,3,8052859.520215026,0.1263795441160846,0.026869213399270064,0.11216218388148072,0.0031332543447060643
benchmark,benchmark,1.0,0.0,False,47,88,4,8400373.818193762,0.10703699749929799,0.02958760648219072,0.10359226048046012,0.009143811631612814
benchmark,benchmark,1.0,0.0,False,47,88,5,8702695.896691378,0.09125526710978742,0.045309475968802415,0.09364930745757759,0.011758918827001797
benchmark,benchmark,1.0,0.0,False,47,88,6,8750075.784771178,0.09175558454340182,0.06708053937999447,0.09752175094495866,0.012917162062694458
benchmark,benchmark,1.0,0.0,False,47,88,7,8873196.90767357,0.09627252866783945,0.08835713788644983,0.10857813479721033,0.015811759938964304
benchmark,benchmark,1.0,0.0,False,47,88,8,8870483.89835855,0.10723237589020869,0.10316257221725111,0.12427603450039651,0.010742690319938464
benchmark,benchmark,1.0,0.0,False,47,88,9,8725177.31940703,0.12346308545975894,0.1070557271894792,0.14505629281990567,0.004539728734319218
benchmark,benchmark,1.0,0.0,False,47,88,10,8628003.67861532,0.1351901657794285,0.0982425907302491,0.16130867243454314,-0.00585871510765947
benchmark,benchmark,1.0,0.0,False,47,88,11,8566030.477132551,0.13940195982607403,0.08184185967597957,0.17046028257874865,-0.019864581338843064
benchmark,benchmark,1.0,0.0,False,47,88,12,8608396.670607012,0.13818312995512505,0.06196387040226092,0.17164738510498678,-0.0280641495081816
benchmark,benchmark,1.0,0.0,False,47,88,13,8975801.592107894,0.1197481277323206,0.04444726700758683,0.1585906192911643,-0.02980669713364797
benchmark,benchmark,1.0,0.0,False,47,88,14,9535187.782122146,0.09478748151277251,0.0389803477171784,0.1380510019017632,-0.02536442500226358
benchmark,benchmark,1.0,0.0,False,47,88,15,10008643.480930442,0.06995286249628367,0.048142962561972036,0.12160366281448697,-0.01528251571392807
benchmark,benchmark,1.0,0.0,False,47,88,16,10427156.5648802,0.0538177211229633,0.08084880967986652,0.10928072426871069,-0.004950893085891244
benchmark,benchmark,1.0,0.0,False,47,88,17,10746867.363419171,0.05410199933551477,0.13603903702545184,0.1084172623458799,0.004658748555575237
benchmark,benchmark,1.0,0.0,False,47,88,18,11013166.734593771,0.06451134247730092,0.1876980223123239,0.1282420334545666,0.011613467790737048
benchmark,benchmark,1.0,0.0,False,47,88,19,11044177.799904512,0.07541768366074261,0.21933626441070908,0.15198528248207607,0.015463904993914321
benchmark,benchmark,1.0,0.0,False,47,88,20,10899247.795738628,0.08493150062742191,0.22470292734213748,0.17136971055840325,0.008958726131844195
benchmark,benchmark,1.0,0.0,False,47,88,21,10673583.990701733,0.09853191361876545,0.21333366764474038,0.18900869573637638,-0.006970083368697462
benchmark,benchmark,1.0,0.0,False,47,88,22,10363029.057733929,0.11355960601562942,0.18424341454723625,0.209580869057682,-0.02677187499535484
benchmark,benchmark,1.0,0.0,False,47,88,23,10222990.664400721,0.11549502071832761,0.14946084987708907,0.21724935084642408,-0.045865285233626645
benchmark,benchmark,1.0,0.0,False,47,88,24,10422824.286410326,0.10197085575327995,0.11419967642426943,0.2064728643028254,-0.057661293203787566
benchmark,benchmark,1.0,0.0,False,47,88,25,11130547.487040808,0.072044490184335,0.09318404605631048,0.17984745083697098,-0.05503564570645293
benchmark,benchmark,1.0,0.0,False,48,89,0,7609597.0,0.138,0.03,0.12063832026847152,0.010583740505574736
benchmark,benchmark,1.0,0.0,False,48,89,1,7652724.38733265,0.14039181650999813,0.030000000000000027,0.11859183719691781,0.007984885903803248
benchmark,benchmark,1.0,0.0,False,48,89,2,7788745.534371189,0.13522725419176146,0.024165029508418367,0.12051410624778447,0.0004695602660518319
benchmark,benchmark,1.0,0.0,False,48,89,3,8119351.715349137,0.1231283471989342,0.0269347042854573,0.10961603161549026,0.006568009040158408
benchmark,benchmark,1.0,0.0,False,48,89,4,8407795.74756418,0.10437202362240687,0.030987716684738098,0.10167342605621753,0.009470362556327314
benchmark,benchmark,1.0,0.0,False,48,89,5,8690797.532222051,0.09182889542866186,0.04795147688618728,0.0937248605123803,0.01149590119993414
benchmark,benchmark,1.0,0.0,False,48,89,6,8802774.215573197,0.0905508819265436,0.06936845707366568,0.0971126985399233,0.01346136661746739
benchmark,benchmark,1.0,0.0,False,48,89,7,8869994.585133957,0.09713597802093633,0.09187311133616949,0.10835324991809027,0.010601108127739881
benchmark,benchmark,1.0,0.0,False,48,89,8,8874389.58567781,0.10837198950491847,0.10532577901486317,0.12417585968793249,0.008274996881842325
benchmark,benchmark,1.0,0.0,False,48,89,9,8810020.276653197,0.1163549192019026,0.10785043619788248,0.14005325986726144,0.004166866747929325
benchmark,benchmark,1.0,0.0,False,48,89,10,8780791.546538496,0.1230294854123388,0.10073980594644172,0.15171217391160674,-0.004042216576690293
benchmark,benchmark,1.0,0.0,False,48,89,11,8688952.619035987,0.13207328518956185,0.08745700954588687,0.16397050768422608,-0.014738541461027698
benchmark,benchmark,1.0,0.0,False,48,89,12,8732753.230646497,0.13390769053424126,0.06840899357668029,0.16996267892288672,-0.023511500563212363
benchmark,benchmark,1.0,0.0,False,48,89,13,8898825.694986682,0.1251875853173579,0.05479452893320236,0.16423989264881705,-0.026775413434027662
benchmark,benchmark,1.0,0.0,False,48,89,14,9268909.842211727,0.10742682590057251,0.04420984555955165,0.15067799392699321,-0.02874356014420283
benchmark,benchmark,1.0,0.0,False,48,89,15,9919847.099708533,0.0822545854156337,0.04761486148882166,0.1311890080723174,-0.023763356810304056
benchmark,benchmark,1.0,0.0,False,48,89,16,10278887.228104882,0.05889854130350642,0.06810253069616423,0.11694887375966181,-0.013219605024269866
benchmark,benchmark,1.0,0.0,False,48,89,17,10768563.632886749,0.05155225497844808,0.11357503570816752,0.10717695756590265,-0.004018705794414091
benchmark,benchmark,1.0,0.0,False,48,89,18,10989691.45079525,0.0577775316778204,0.16908625913897057,0.11851056030716611,0.011047811997432056
benchmark,benchmark,1.0,0.0,False,48,89,19,11075391.830371195,0.07149426607319974,0.21203196664396828,0.14400084432053908,0.02063737273004407
benchmark,benchmark,1.0,0.0,False,48,89,20,10962175.180856409,0.08362322796867064,0.22826449837310925,0.16893660659761564,0.012707691128229521
benchmark,benchmark,1.0,0.0,False,48,89,21,10791470.158526566,0.09459557434210565,0.22004285942489554,0.1850396621673557,-0.0019077111815340028
benchmark,benchmark,1.0,0.0,False,48,89,22,10509721.67445333,0.10597187055755802,0.19530192771287247,0.20209066840651083,-0.019678936246867052
benchmark,benchmark,1.0,0.0,False,48,89,23,10372676.161779625,0.11018940505554972,0.16179896414950146,0.21077384191420093,-0.03958062846762467
benchmark,benchmark,1.0,0.0,False,48,89,24,10545722.468301635,0.09728264784916137,0.12966216235610717,0.202596318695796,-0.04961865756358234
benchmark,benchmark,1.0,0.0,False,48,89,25,11052809.750674423,0.0715149082839595,0.10775414649009951,0.18164987515584127,-0.04947534193240678
benchmark,benchmark,1.0,0.0,False,49,90,0,7609597.0,0.138,0.03,0.12063832026847152,0.010583740505574736
benchmark,benchmark,1.0,0.0,False,49,90,1,7652724.38733265,0.14039181650999813,0.030000000000000027,0.11859183719691781,0.007984885903803248
benchmark,benchmark,1.0,0.0,False,49,90,2,7804470.642565256,0.1352287573883706,0.024185215647746894,0.12049000488927616,0.005359312760191275
benchmark,benchmark,1.0,0.0,False,49,90,3,8027849.345759442,0.1255655841411258,0.02684832952137417,0.1125648952498083,0.005585819163961917
benchmark,benchmark,1.0,0.0,False,49,90,4,8330622.934927858,0.11098565448723459,0.029926568407220522,0.10519451870298377,0.006937813528235144
benchmark,benchmark,1.0,0.0,False,49,90,5,8676616.176995533,0.09293073519826259,0.0434659021489614,0.09490277765204695,0.011734130261288438
benchmark,benchmark,1.0,0.0,False,49,90,6,8922909.948737321,0.08286786577821326,0.06460766391665107,0.0920942608528763,0.018373235513196008
benchmark,benchmark,1.0,0.0,False,49,90,7,8931106.004574787,0.09159475140723518,0.09214366008529495,0.1012869856573552,0.019155518123476746
benchmark,benchmark,1.0,0.0,False,49,90,8,8868485.733617885,0.10847791461412486,0.10899675415944787,0.12596150780357382,0.011880359032673387
benchmark,benchmark,1.0,0.0,False,49,90,9,8724208.178478394,0.127203922899085,0.11230711686097838,0.14883326902435415,0.006873335700234138
benchmark,benchmark,1.0,0.0,False,49,90,10,8566208.921573166,0.14043440278061994,0.10139567549668382,0.16710861837511967,-0.00824046727640422
benchmark,benchmark,1.0,0.0,False,49,90,11,8484881.872701878,0.14635082015847964,0.08160204426010265,0.17551934574957526,-0.020062479385265758
benchmark,benchmark,1.0,0.0,False,49,90,12,8645855.346521514,0.13763453371340653,0.058801368710469815,0.17076929707696753,-0.029136136163335897
benchmark,benchmark,1.0,0.0,False,49,90,13,9050396.828235198,0.11562356555730285,0.041759906347868636,0.15404356437595937,-0.030925044706420237
benchmark,benchmark,1.0,0.0,False,49,90,14,9594366.284264263,0.09383965639927011,0.03622307623002219,0.13762904293791484,-0.02703792709196026
benchmark,benchmark,1.0,0.0,False,49,90,15,9913013.9387307,0.07414799848531649,0.04688630446750919,0.1256347488427027,-0.02034650640657386
benchmark,benchmark,1.0,0.0,False,49,90,16,10359400.338656396,0.06558223516150483,0.07734910976137965,0.1171045702560748,-0.01222843607953229
benchmark,benchmark,1.0,0.0,False,49,90,17,10598578.124124097,0.05961126580986179,0.11758048864377502,0.1207009066149863,-0.0021177712580523183
benchmark,benchmark,1.0,0.0,False,49,90,18,10837686.202187838,0.06512189923804765,0.16515514069885673,0.12631182256869336,0.007722585174232806
benchmark,benchmark,1.0,0.0,False,49,90,19,10980382.836086927,0.06911133435249378,0.19622437332352072,0.14529592428610102,0.009973902202123864
benchmark,benchmark,1.0,0.0,False,49,90,20,11059002.561720908,0.07141707265185405,0.21538189649754513,0.15543246764190743,0.011483277273939722
benchmark,benchmark,1.0,0.0,False,49,90,21,10876811.501354452,0.08414134345229056,0.21876629888419363,0.17343829694133425,0.0034309045684509307
benchmark,benchmark,1.0,0.0,False,49,90,22,10674707.217175595,0.10027785080862518,0.20399345812470537,0.19739225309824282,-0.013807578371973408
benchmark,benchmark,1.0,0.0,False,49,90,23,10501429.690629432,0.10849499265207163,0.1755024527833544,0.21105051624346863,-0.03424080906047289
benchmark,benchmark,1.0,0.0,False,49,90,24,10517923.414062643,0.10058278807504632,0.14413046717445965,0.20782689591322226,-0.047765125577648754
benchmark,benchmark,1.0,0.0,False,49,90,25,11080811.385678232,0.07215483131708582,0.11994273627535512,0.18404295333181223,-0.04652223696340716
benchmark,benchmark,1.0,0.0,False,50,91,0,7609597.0,0.138,0.03,0.12063832026847152,0.010583740505574736
benchmark,benchmark,1.0,0.0,False,50,91,1,7652724.38733265,0.14039181650999813,0.030000000000000027,0.11859183719691781,0.007984885903803248
benchmark,benchmark,1.0,0.0,False,50,91,2,7795691.212022595,0.13522711004353757,0.024180982837973097,0.12052617538019682,0.0038143913401356283
benchmark,benchmark,1.0,0.0,False,50,91,3,8058841.097905883,0.12372736081596956,0.02684336094838935,0.1116055226809948,0.0057099445711527455
benchmark,benchmark,1.0,0.0,False,50,91,4,8367516.433513962,0.10797109944096267,0.03072100257889021,0.10361561244515391,0.00820469788828905
benchmark,benchmark,1.0,0.0,False,50,91,5,8684519.454836125,0.09376720950033442,0.045714800343032325,0.0953249544604412,0.011334217237547123
benchmark,benchmark,1.0,0.0,False,50,91,6,8819074.350070203,0.0891481921464439,0.06621799384471938,0.09622689345343735,0.012496946737538945
benchmark,benchmark,1.0,0.0,False,50,91,7,8899818.428896835,0.09585788273185301,0.0893211827721041,0.10569934882103595,0.015732389613379617
benchmark,benchmark,1.0,0.0,False,50,91,8,8865600.552047573,0.10582994756984311,0.10393035519675631,0.12431027103889035,0.01058914334951462
benchmark,benchmark,1.0,0.0,False,50,91,9,8767869.298654657,0.12007133183577819,0.10930169734892115,0.14181158936806762,0.004658086943820238
benchmark,benchmark,1.0,0.0,False,50,91,10,8648315.310668653,0.1314497302440781,0.10079966783045458,0.15926682160369846,-0.006196538143955703
benchmark,benchmark,1.0,0.0,False,50,91,11,8612448.494017418,0.13585973145852664,0.08498971488693718,0.16773062980046716,-0.015286031235957698
benchmark,benchmark,1.0,0.0,False,50,91,12,8688929.873272963,0.13272481440242917,0.06682014030051975,0.16831098079942508,-0.023703391610830717
benchmark,benchmark,1.0,0.0,False,50,91,13,8924722.090939566,0.12204698753331494,0.05157182818370587,0.1600090031735995,-0.026587055050065415
benchmark,benchmark,1.0,0.0,False,50,91,14,9385596.354831427,0.09982177682002362,0.0438077644909014,0.14413568589419226,-0.023482887087682702
benchmark,benchmark,1.0,0.0,False,50,91,15,9909303.50085646,0.07507323175863964,0.048826499469032614,0.12612259125566286,-0.017309697682829944
benchmark,benchmark,1.0,0.0,False,50,91,16,10388478.068791674,0.05749495261527153,0.07507264159777138,0.11278717847509276,-0.008274707777164214
benchmark,benchmark,1.0,0.0,False,50,91,17,10729193.224074923,0.051187373270108305,0.12385016241631708,0.10862769524387297,0.003584377237817517
benchmark,benchmark,1.0,0.0,False,50,91,18,10977625.627271526,0.0590514930214387,0.17975679009939505,0.12056900580913349,0.016853845801068874
benchmark,benchmark,1.0,0.0,False,50,91,19,11023045.281272333,0.07576951547032264,0.2185169584648785,0.14965040941822882,0.01568979137500521
benchmark,benchmark,1.0,0.0,False,50,91,20,10896388.313972857,0.08912810349715615,0.22732627804121375,0.17547587866524003,0.006670043029652132
benchmark,benchmark,1.0,0.0,False,50,91,21,10635104.317616742,0.09826927161901779,0.21577384088888318,0.19024288571592074,-0.0105011961618248
benchmark,benchmark,1.0,0.0,False,50,91,22,10432049.111828988,0.10579967059597241,0.18730328937031193,0.20068780587996202,-0.026411698463654244
benchmark,benchmark,1.0,0.0,False,50,91,23,10538939.267391821,0.09608981177779034,0.15471842207765363,0.19866228520330168,-0.039122603406884816
benchmark,benchmark,1.0,0.0,False,50,91,24,10765579.16170758,0.08086250607190054,0.1297614944478176,0.1862437892317642,-0.043873755647358355
benchmark,benchmark,1.0,0.0,False,50,91,25,11340961.805870775,0.05631001911916909,0.11949428475030888,0.1679460596632746,-0.041842582062292924
benchmark,benchmark,1.0,0.0,False,51,92,0,7609597.0,0.138,0.03,0.12063832026847152,0.010583740505574736
benchmark,benchmark,1.0,0.0,False,51,92,1,7652724.38733265,0.14039181650999813,0.030000000000000027,0.11859183719691781,0.007984885903803248
benchmark,benchmark,1.0,0.0,False,51,92,2,7794191.79170623,0.13522784822539224,0.024173084590923155,0.1204959378202569,0.002523905556719615
benchmark,benchmark,1.0,0.0,False,51,92,3,8078991.28352015,0.12335315284928645,0.02689749666689578,0.11087315923138238,0.006435599892468154
benchmark,benchmark,1.0,0.0,False,51,92,4,8404384.1083067,0.10751922643493791,0.030918696725338535,0.10305269419279105,0.007446209892611805
benchmark,benchmark,1.0,0.0,False,51,92,5,8622076.33126832,0.09496174531812021,0.04556399056184168,0.09663922490110394,0.011512167772352809
benchmark,benchmark,1.0,0.0,False,51,92,6,8879038.432765039,0.0876998342551641,0.06434337622255892,0.09657194226435432,0.008779417701977665
benchmark,benchmark,1.0,0.0,False,51,92,7,8946803.102660151,0.09289844406584642,0.08973471677943068,0.10299675978926931,0.015636502037208518
benchmark,benchmark,1.0,0.0,False,51,92,8,8947326.626166109,0.1033179158964461,0.1048937848512268,0.12102972177440802,0.014108510177794511
benchmark,benchmark,1.0,0.0,False,51,92,9,8868309.796843262,0.11634557455385156,0.11327277726616236,0.13818743381084272,0.00806007686756431
benchmark,benchmark,1.0,0.0,False,51,92,10,8711769.635092866,0.12905184526145264,0.10638602226427496,0.15757841467280312,-0.004938553784443638
benchmark,benchmark,1.0,0.0,False,51,92,11,8589683.664786454,0.1391363769596778,0.09283721710258175,0.16971148505713846,-0.014730502726977958
benchmark,benchmark,1.0,0.0,False,51,92,12,8621559.31963005,0.13744930417809764,0.07177070158439403,0.1739052368656726,-0.026471442046649266
benchmark,benchmark,1.0,0.0,False,51,92,13,8810214.985085849,0.12837399545341718,0.05362816453968722,0.1662594624209534,-0.028910209607631965
benchmark,benchmark,1.0,0.0,False,51,92,14,9221687.910358414,0.10783130366429725,0.04074214382827268,0.15209062627112088,-0.032615962695049114
benchmark,benchmark,1.0,0.0,False,51,92,15,9909586.370830901,0.08063062056350638,0.042517516566606295,0.13121353008618622,-0.02475526310120505
benchmark,benchmark,1.0,0.0,False,51,92,16,10288794.90836367,0.06232557850409679,0.06186549472155911,0.11865644041721811,-0.020142566882368446
benchmark,benchmark,1.0,0.0,False,51,92,17,10584973.629829599,0.05767827315121159,0.10510796031227732,0.11471172143802219,-0.006313554989607955
benchmark,benchmark,1.0,0.0,False,51,92,18,10814924.21896871,0.06226084533874788,0.15351054077550086,0.12550952707732455,0.003133319800916665
benchmark,benchmark,1.0,0.0,False,51,92,19,11050570.06139587,0.06522424514346822,0.19374069110905046,0.13993173969864792,0.01063473133041837
benchmark,benchmark,1.0,0.0,False,51,92,20,11135293.299352923,0.06659362991667041,0.2185321630388466,0.15011176516069288,0.012529043487372115
benchmark,benchmark,1.0,0.0,False,51,92,21,11069794.683011321,0.07478654340275583,0.23134610975971137,0.1635483151469168,0.0038186849179707837
benchmark,benchmark,1.0,0.0,False,51,92,22,10958205.310787695,0.08530471527545407,0.22265570760025066,0.1834820768607403,-0.0071349334500543
benchmark,benchmark,1.0,0.0,False,51,92,23,10851261.570844555,0.09005946320711612,0.2039549346403844,0.19517027554576638,-0.019765752593848333
benchmark,benchmark,1.0,0.0,False,51,92,24,10878477.80667685,0.088166157825938,0.1781543576844049,0.1973245539325598,-0.034108870070531476
benchmark,benchmark,1.0,0.0,False,51,92,25,10983178.346893044,0.0812263206745601,0.15796298689108035,0.19290713907732865,-0.040185497267442485
benchmark,benchmark,1.0,0.0,False,52,93,0,7609597.0,0.138,0.03,0.12063832026847152,0.010583740505574736
benchmark,benchmark,1.0,0.0,False,52,93,1,7652724.38733265,0.14039181650999813,0.030000000000000027,0.11859183719691781,0.007984885903803248
benchmark,benchmark,1.0,0.0,False,52,93,2,7797310.110671256,0.13522708141572493,0.02418730354829446,0.12050356797761655,0.005698489844893109
benchmark,benchmark,1.0,0.0,False,52,93,3,8067271.3662353465,0.12477863558517775,0.026840350469925278,0.11156715018549192,0.006383646089709615
benchmark,benchmark,1.0,0.0,False,52,93,4,8369207.6639381265,0.10927626407331568,0.030263740959604712,0.10479874452813549,0.006970959287504312
benchmark,benchmark,1.0,0.0,False,52,93,5,8627616.03891434,0.0950260572146373,0.044618477450602434,0.0969369668243278,0.013389058745774961
benchmark,benchmark,1.0,0.0,False,52,93,6,8760325.841475539,0.09132821362368197,0.06399170033173829,0.09855986329550205,0.011959293398315522
benchmark,benchmark,1.0,0.0,False,52,93,7,8847343.033104379,0.09889154156900226,0.0857956975177534,0.10821868439284878,0.010179096830775919
benchmark,benchmark,1.0,0.0,False,52,93,8,8864377.526359916,0.10735021290262439,0.09825302975564076,0.12422867112838054,0.00969474597153726
benchmark,benchmark,1.0,0.0,False,52,93,9,8859228.482822139,0.11356298773617744,0.1034911609799758,0.13657497885496792,0.0013772776592641388
benchmark,benchmark,1.0,0.0,False,52,93,10,8832296.198526349,0.121072097233859,0.09922757648454539,0.14779357892323067,-0.0029715451398930745
benchmark,benchmark,1.0,0.0,False,52,93,11,8802138.047261879,0.12480159803095772,0.09060858308342712,0.15550720052693293,-0.010014956151283217
benchmark,benchmark,1.0,0.0,False,52,93,12,8922380.971588636,0.11618230480339722,0.07691630973880326,0.15596846462184438,-0.018859237385560806
benchmark,benchmark,1.0,0.0,False,52,93,13,9132264.480701668,0.10808228679273964,0.06873095508267957,0.14907861151339835,-0.02067784481735421
benchmark,benchmark,1.0,0.0,False,52,93,14,9470526.451550853,0.09561240586586787,0.06328888780187492,0.14283334270664083,-0.021219093418501533
benchmark,benchmark,1.0,0.0,False,52,93,15,9898139.329991778,0.07813423659201621,0.07103774685984177,0.1316717902469569,-0.01662611816933677
benchmark,benchmark,1.0,0.0,False,52,93,16,10256079.314195469,0.06625011303258285,0.09119327950771594,0.12294779958206398,-0.00928215154116758
benchmark,benchmark,1.0,0.0,False,52,93,17,10654440.52506415,0.05982064272229596,0.1253629332175128,0.1214815060641663,-0.003999260710242966
benchmark,benchmark,1.0,0.0,False,52,93,18,10705539.744085409,0.06660484826058231,0.16602070130093427,0.1313981563172452,0.0030674045460051184
benchmark,benchmark,1.0,0.0,False,52,93,19,10831040.294631144,0.07688800275619269,0.1919608159344932,0.15209489047789104,0.0039004738781379528
benchmark,benchmark,1.0,0.0,False,52,93,20,10851101.817245234,0.08106172080193652,0.2011802217197276,0.16562260843036203,-0.0020899539357001973
benchmark,benchmark,1.0,0.0,False,52,93,21,10798565.951938536,0.08184406273985521,0.19748420294053415,0.17345524424867387,-0.009274626262254048
benchmark,benchmark,1.0,0.0,False,52,93,22,10763709.562600002,0.08480256882286101,0.18644514468791606,0.18115872890433485,-0.015845858219978158
benchmark,benchmark,1.0,0.0,False,52,93,23,10755009.085749008,0.08821011093163976,0.17101855707251779,0.18958898091619267,-0.02424676647391028
benchmark,benchmark,1.0,0.0,False,52,93,24,10870148.2251003,0.08250559198167708,0.15460755787384017,0.1902345090915095,-0.035793166101852375
benchmark,benchmark,1.0,0.0,False,52,93,25,11361167.382264718,0.05954295039856413,0.14462917211149473,0.17447830662283473,-0.03765738640901878
benchmark,benchmark,1.0,0.0,False,53,94,0,7609597.0,0.138,0.03,0.12063832026847152,0.010583740505574736
benchmark,benchmark,1.0,0.0,False,53,94,1,7652724.38733265,0.14039181650999813,0.030000000000000027,0.11859183719691781,0.007984885903803248
benchmark,benchmark,1.0,0.0,False,53,94,2,7800364.714578894,0.13522708141572493,0.02417665447498707,0.1205084031857509,0.0031779265503186454
benchmark,benchmark,1.0,0.0,False,53,94,3,8047421.528964165,0.12384496325063167,0.026878190154184356,0.11172828586546428,0.006616885111921646
benchmark,benchmark,1.0,0.0,False,53,94,4,8425434.043576663,0.10846612699855748,0.030628215620742028,0.10430124005114454,0.0051303263710420835
benchmark,benchmark,1.0,0.0,False,53,94,5,8603023.154346544,0.0953111595576865,0.045414172554442356,0.09725391164890927,0.009783275995471278
benchmark,benchmark,1.0,0.0,False,53,94,6,8800259.990224158,0.09012011490287859,0.06441420919579777,0.0972825003291577,0.01082846795824012
benchmark,benchmark,1.0,0.0,False,53,94,7,8941837.4563021,0.09213644924117348,0.08739934368139424,0.1036495818887775,0.01425534302479524
benchmark,benchmark,1.0,0.0,False,53,94,8,8975919.211029176,0.10030661814972351,0.10351342156464893,0.11736967937626029,0.012694409720496345
benchmark,benchmark,1.0,0.0,False,53,94,9,8960414.387040142,0.10983616959641507,0.11170487576943655,0.1335068917865381,0.009201183271362615
benchmark,benchmark,1.0,0.0,False,53,94,10,8812895.643388687,0.1229564278735411,0.10937816129530331,0.15154500037937774,-0.0015163864702913694
benchmark,benchmark,1.0,0.0,False,53,94,11,8702350.262362672,0.1343003045314664,0.09581178931101042,0.16773320358345764,-0.0147556823802002
benchmark,benchmark,1.0,0.0,False,53,94,12,8656042.186559305,0.1410423970045082,0.07857875385558244,0.17523387782820726,-0.023907583240562365
benchmark,benchmark,1.0,0.0,False,53,94,13,8771446.006991705,0.13329662353306965,0.05777635888760613,0.17286176151339533,-0.030433863361328688
benchmark,benchmark,1.0,0.0,False,53,94,14,9207173.873119183,0.11261324460686936,0.043372926731949146,0.15519682053774983,-0.0288445686066784
benchmark,benchmark,1.0,0.0,False,53,94,15,9738437.984778011,0.08835683663727563,0.03995451406185735,0.13626952364577594,-0.024776333244372725
benchmark,benchmark,1.0,0.0,False,53,94,16,10260623.510052431,0.06429812679504898,0.05566382991153751,0.1200837554908996,-0.018406913478554915
benchmark,benchmark,1.0,0.0,False,53,94,17,10726431.49774554,0.04758112099770522,0.09398115012374908,0.10739747096387099,-0.006518037375878397
benchmark,benchmark,1.0,0.0,False,53,94,18,11141258.222131487,0.04940454037108875,0.16055587607942767,0.10482660495707678,0.012749195313996643
benchmark,benchmark,1.0,0.0,False,53,94,19,11193068.372182928,0.06669130748670567,0.21650266578680655,0.1342897238969559,0.021505627334851354
benchmark,benchmark,1.0,0.0,False,53,94,20,11180327.252418213,0.08194707789545012,0.24082593154881238,0.16759348386870865,0.0165286950125156
benchmark,benchmark,1.0,0.0,False,53,94,21,10916660.559279265,0.09709289800902489,0.23657656257543658,0.18721319528491195,0.003130159454538238
benchmark,benchmark,1.0,0.0,False,53,94,22,10406468.666904187,0.11651895102641234,0.20940868499995724,0.21173770144480203,-0.018985147160708416
benchmark,benchmark,1.0,0.0,False,53,94,23,10240840.11657655,0.12209549800457564,0.16693682994340686,0.22300085822243373,-0.04145932667603148
benchmark,benchmark,1.0,0.0,False,53,94,24,10225911.342912523,0.1146246570357428,0.12453118682092934,0.21827665282905218,-0.059075035894667026
benchmark,benchmark,1.0,0.0,False,53,94,25,10814978.663640711,0.08667809637602741,0.09051968507617225,0.194548616448619,-0.05918499201191881
benchmark,benchmark,1.0,0.0,False,54,95,0,7609597.0,0.138,0.03,0.12063832026847152,0.010583740505574736
benchmark,benchmark,1.0,0.0,False,54,95,1,7652724.38733265,0.14039181650999813,0.030000000000000027,0.11859183719691781,0.007984885903803248
benchmark,benchmark,1.0,0.0,False,54,95,2,7798206.076406029,0.13522738819779181,0.024173647852955282,0.1205616531309737,0.0024655141857042283
benchmark,benchmark,1.0,0.0,False,54,95,3,8036482.831215942,0.12568528094807072,0.026868451437721763,0.11217572816903318,0.00486302077065768
benchmark,benchmark,1.0,0.0,False,54,95,4,8387971.318033951,0.10840543213340435,0.02984480746403384,0.1036100285899246,0.007320596854689898
benchmark,benchmark,1.0,0.0,False,54,95,5,8719059.084689157,0.09240575256054993,0.04457634261786425,0.0937443908392671,0.013617927951499971
benchmark,benchmark,1.0,0.0,False,54,95,6,8851506.482621238,0.08544399345275627,0.06527595265605957,0.09461040278397612,0.014784058676712768
benchmark,benchmark,1.0,0.0,False,54,95,7,8890475.081761504,0.0958370336209148,0.09186654892011714,0.10510624984050179,0.015000940793846748
benchmark,benchmark,1.0,0.0,False,54,95,8,8840905.69426801,0.11215528382664025,0.10594128801592362,0.12826268887464481,0.010876575027564948
benchmark,benchmark,1.0,0.0,False,54,95,9,8711596.317440448,0.1263951893169567,0.10870268016563278,0.14736579206828046,0.0019939267655321885
benchmark,benchmark,1.0,0.0,False,54,95,10,8624666.329921318,0.13460505437224365,0.09739760598546443,0.16139007244259695,-0.007393652406906915
benchmark,benchmark,1.0,0.0,False,54,95,11,8577927.536463194,0.14084016915713982,0.0790867406696465,0.17012773560339217,-0.01745541139452321
benchmark,benchmark,1.0,0.0,False,54,95,12,8605092.644909032,0.13953514999858765,0.059623566849947185,0.17263718141732765,-0.02923452908393908
benchmark,benchmark,1.0,0.0,False,54,95,13,8948413.813293662,0.12308668853580694,0.04179311724333368,0.15982208478356658,-0.029237819324389146
benchmark,benchmark,1.0,0.0,False,54,95,14,9502588.815545956,0.09539646524391103,0.035251535142071466,0.13865513042781213,-0.0255732194271693
benchmark,benchmark,1.0,0.0,False,54,95,15,10053391.909193736,0.06920626190786208,0.04463604526369447,0.11948049750001,-0.01629774192695024
benchmark,benchmark,1.0,0.0,False,54,95,16,10479889.684484456,0.05292208722117322,0.08032429541113273,0.10623266151388891,-0.00574725456868897
benchmark,benchmark,1.0,0.0,False,54,95,17,10782760.926336916,0.05296655791985378,0.13628350202677764,0.10605221172535167,0.005420386098991801
benchmark,benchmark,1.0,0.0,False,54,95,18,10988435.301296439,0.06502578444760759,0.19294870452015989,0.12615489756621442,0.017528100839902007
benchmark,benchmark,1.0,0.0,False,54,95,19,11044538.170972079,0.07556669864493182,0.22250563286479297,0.1533089275966164,0.017401130899213507
benchmark,benchmark,1.0,0.0,False,54,95,20,10809228.578536032,0.08824169865494941,0.23015801875274167,0.17311605599369484,0.006427557995981228
benchmark,benchmark,1.0,0.0,False,54,95,21,10514464.105959032,0.10356411188421553,0.21306703117991144,0.195175160538246,-0.012003213613113182
benchmark,benchmark,1.0,0.0,False,54,95,22,10296905.21369516,0.11409227904917307,0.1816835717644294,0.209750564350787,-0.032471182119024306
benchmark,benchmark,1.0,0.0,False,54,95,23,10257737.686196238,0.11097690830323147,0.14468424140896374,0.2107866965483822,-0.04683103719199186
benchmark,benchmark,1.0,0.0,False,54,95,24,10652453.214545947,0.08952635534884183,0.11062702236619137,0.19448633244016236,-0.05258693537424732
benchmark,benchmark,1.0,0.0,False,54,95,25,11167765.13970974,0.06485910629388296,0.09724263897709995,0.17196847463071036,-0.048666630248975544
benchmark,benchmark,1.0,0.0,False,55,96,0,7609597.0,0.138,0.03,0.12063832026847152,0.010583740505574736
benchmark,benchmark,1.0,0.0,False,55,96,1,7652724.38733265,0.14039181650999813,0.030000000000000027,0.11859183719691781,0.007984885903803248
benchmark,benchmark,1.0,0.0,False,55,96,2,7799628.759329893,0.13522708141572493,0.024181567532336024,0.12043641849580954,0.004489721160279836
benchmark,benchmark,1.0,0.0,False,55,96,3,8049268.576860042,0.12440072780741109,0.026819913604878787,0.1119123861709011,0.006367074390362885
benchmark,benchmark,1.0,0.0,False,55,96,4,8372008.636857019,0.10860645147977979,0.03040098219448839,0.1039266163838812,0.01110357224563021
benchmark,benchmark,1.0,0.0,False,55,96,5,8634941.933621105,0.09132578087344832,0.04493493234220658,0.09543912590753971,0.011785201455587611
benchmark,benchmark,1.0,0.0,False,55,96,6,8845433.715774102,0.08812128206320356,0.06726881448514077,0.09401611991626498,0.014544249931690232
benchmark,benchmark,1.0,0.0,False,55,96,7,8915061.512483308,0.09276028509355481,0.09030501832409055,0.10534481858666525,0.017509008430300524
benchmark,benchmark,1.0,0.0,False,55,96,8,8897346.767049612,0.10688040699523575,0.10678194868486912,0.12356816147040034,0.016688834771600696
benchmark,benchmark,1.0,0.0,False,55,96,9,8734293.044774761,0.12630841182836533,0.11056256669004094,0.14771619208106773,0.0032777502536385553
benchmark,benchmark,1.0,0.0,False,55,96,10,8564199.279650602,0.14060569211673218,0.10089643058735409,0.16652124045161154,-0.00796316144720835
benchmark,benchmark,1.0,0.0,False,55,96,11,8531261.609169368,0.14187536186150623,0.0816626144196928,0.17292295359918053,-0.018225654399379232
benchmark,benchmark,1.0,0.0,False,55,96,12,8628202.083334358,0.13663200615775178,0.06145463910851556,0.16989359803378704,-0.02663139668866961
benchmark,benchmark,1.0,0.0,False,55,96,13,8909536.25128235,0.12031819790591128,0.04361837395664803,0.1599700216263454,-0.03053354127443545
benchmark,benchmark,1.0,0.0,False,55,96,14,9480352.462532608,0.0973680841030522,0.03681497999308658,0.14002191327435073,-0.027388830702723622
benchmark,benchmark,1.0,0.0,False,55,96,15,9989335.672589151,0.07185419386798443,0.04570548579171829,0.12323196437521587,-0.01971564064550541
benchmark,benchmark,1.0,0.0,False,55,96,16,10459979.884386456,0.05442892127202376,0.07640831427498451,0.10982726593409772,-0.009657963815898746
benchmark,benchmark,1.0,0.0,False,55,96,17,10714653.222679889,0.05483141599434775,0.13063981272990355,0.1091029988758743,0.003175131394248206
benchmark,benchmark,1.0,0.0,False,55,96,18,10881085.368685404,0.06925047510566738,0.18085677239028364,0.13065498376970205,0.012250262866488993
benchmark,benchmark,1.0,0.0,False,55,96,19,11015560.775718259,0.07201875130974288,0.2101006134826735,0.15316252457200716,0.010342810367070278
benchmark,benchmark,1.0,0.0,False,55,96,20,10993485.25336154,0.07509687511145363,0.22178585189948308,0.15845784791879058,0.007798260510863758
benchmark,benchmark,1.0,0.0,False,55,96,21,10864026.576603565,0.08096909462808412,0.2198802229194039,0.17330638916185556,-0.0026896375813861015
benchmark,benchmark,1.0,0.0,False,55,96,22,10701944.01828212,0.09237437118404665,0.2044412032501759,0.18970490592636408,-0.017414354988637006
benchmark,benchmark,1.0,0.0,False,55,96,23,10621961.17246086,0.09717176172189342,0.17917542941683107,0.20140755901079122,-0.03304808104623081
benchmark,benchmark,1.0,0.0,False,55,96,24,10706756.73284396,0.0897310164584905,0.15250502399309207,0.1984693650884278,-0.04087184779672985
benchmark,benchmark,1.0,0.0,False,55,96,25,11189902.240703728,0.06969915760398623,0.13379173791503218,0.18088599584339382,-0.0395986784131332
benchmark,benchmark,1.0,0.0,False,56,97,0,7609597.0,0.138,0.03,0.12063832026847152,0.010583740505574736
benchmark,benchmark,1.0,0.0,False,56,97,1,7652724.38733265,0.14039181650999813,0.030000000000000027,0.11859183719691781,0.007984885903803248
benchmark,benchmark,1.0,0.0,False,56,97,2,7800889.8817858,0.13522708141572493,0.02418397581320786,0.12050314319611728,0.005027015558220259
benchmark,benchmark,1.0,0.0,False,56,97,3,8049071.331758129,0.12454749800016575,0.026845742110161552,0.11191776991396674,0.00630689999576099
benchmark,benchmark,1.0,0.0,False,56,97,4,8407556.744374042,0.10813007583767523,0.030353612076337688,0.10385349962184844,0.005521636195223185
benchmark,benchmark,1.0,0.0,False,56,97,5,8631280.195636816,0.09545903025076637,0.04529718080855205,0.09677505370738065,0.008117480839567263
benchmark,benchmark,1.0,0.0,False,56,97,6,8820553.91360359,0.08976395402658746,0.06433259727316676,0.09687501067848721,0.007805293710189602
benchmark,benchmark,1.0,0.0,False,56,97,7,8985626.624735322,0.08953727662721574,0.08754306632999653,0.1014994427358858,0.014365833333209743
benchmark,benchmark,1.0,0.0,False,56,97,8,8988132.755729038,0.09683970978228419,0.10562318023492079,0.1159710824404971,0.012510440877051117
benchmark,benchmark,1.0,0.0,False,56,97,9,8894183.634160055,0.11413110350669946,0.11530520855726056,0.13625655224180894,0.00936368854528291
benchmark,benchmark,1.0,0.0,False,56,97,10,8761592.739683617,0.12871074877194413,0.11041060021259441,0.15777960401488458,-0.0035791646117167603
benchmark,benchmark,1.0,0.0,False,56,97,11,8623018.302129481,0.13861378546331277,0.09606914936189992,0.170335094186444,-0.012022421521169998
benchmark,benchmark,1.0,0.0,False,56,97,12,8648039.804987466,0.13689817229376477,0.07556430746909726,0.17381300518496573,-0.025517929166534406
benchmark,benchmark,1.0,0.0,False,56,97,13,8848314.368156096,0.12704536264567917,0.057324685143040455,0.16503271201326214,-0.031440381813028176
benchmark,benchmark,1.0,0.0,False,56,97,14,9372064.314285683,0.10383036449291257,0.04345152465460678,0.14703517731421561,-0.026390088596708904
benchmark,benchmark,1.0,0.0,False,56,97,15,9951009.243692625,0.07307142756973745,0.04608718532711675,0.1266460893836017,-0.020125185809898968
benchmark,benchmark,1.0,0.0,False,56,97,16,10335154.226033777,0.05583474133131159,0.07225690974943477,0.11106849233351382,-0.009816751615384095
benchmark,benchmark,1.0,0.0,False,56,97,17,10657631.554897645,0.05488605871896971,0.12195599785426636,0.10955918579063487,0.0014903236594796415
benchmark,benchmark,1.0,0.0,False,56,97,18,10920744.635529866,0.06053762030490505,0.17375179501886873,0.12524164963168247,0.00904369379729654
benchmark,benchmark,1.0,0.0,False,56,97,19,11118604.936325599,0.06668992177796239,0.21269551454519187,0.14150809683196838,0.015879201371063162
benchmark,benchmark,1.0,0.0,False,56,97,20,11064819.921864662,0.07468646477170282,0.232717618595782,0.15832872736567616,0.011230015320610133
benchmark,benchmark,1.0,0.0,False,56,97,21,10889830.949349748,0.08718035552649726,0.2311049991503975,0.17739942271615217,0.002447277330379224
benchmark,benchmark,1.0,0.0,False,56,97,22,10665068.293789804,0.09723549439762892,0.2104574646798354,0.19621388549457217,-0.01536349871369794
benchmark,benchmark,1.0,0.0,False,56,97,23,10554638.578224754,0.10184117892198641,0.17966509020010402,0.20457604785956737,-0.030747808843400243
benchmark,benchmark,1.0,0.0,False,56,97,24,10549274.066530213,0.09897802559731311,0.14771486098828324,0.20555689385017015,-0.04619845866605972
benchmark,benchmark,1.0,0.0,False,56,97,25,10872313.80969902,0.0793698077482563,0.12213166960080213,0.19270776609851492,-0.05121056073860224
benchmark,benchmark,1.0,0.0,False,57,98,0,7609597.0,0.138,0.03,0.12063832026847152,0.010583740505574736
benchmark,benchmark,1.0,0.0,False,57,98,1,7652724.38733265,0.14039181650999813,0.030000000000000027,0.11859183719691781,0.007984885903803248
benchmark,benchmark,1.0,0.0,False,57,98,2,7799885.383675266,0.13522847005657346,0.024174783235175967,0.1203868529581478,0.0029885909564385184
benchmark,benchmark,1.0,0.0,False,57,98,3,8068307.960917727,0.12437216865012438,0.026866822551842473,0.11124651956853475,0.00381985212208961
benchmark,benchmark,1.0,0.0,False,57,98,4,8452765.849020781,0.10522454779155395,0.03046370669027465,0.10218748110996301,0.009919681570373599
benchmark,benchmark,1.0,0.0,False,57,98,5,8643200.602233786,0.09451391728934141,0.04697094242319744,0.09547124634856756,0.012314598048607694
benchmark,benchmark,1.0,0.0,False,57,98,6,8816194.91504574,0.09173031385022441,0.06654466107231083,0.09937262923304652,0.009974963243765707
benchmark,benchmark,1.0,0.0,False,57,98,7,8831800.42793816,0.10077710408299254,0.08820959325677391,0.11002358753818432,0.015820369223084125
benchmark,benchmark,1.0,0.0,False,57,98,8,8811991.141158268,0.1109089443411081,0.09906450586604643,0.12815110474380423,0.008074755970295992
benchmark,benchmark,1.0,0.0,False,57,98,9,8742348.775417732,0.12066257224234855,0.1025976317313737,0.1420787012835515,0.003030126021649831
benchmark,benchmark,1.0,0.0,False,57,98,10,8695194.733403979,0.12614902602272893,0.09359494535238233,0.15476888648507814,-0.006025612221827702
benchmark,benchmark,1.0,0.0,False,57,98,11,8669844.551714769,0.1305286467045833,0.08279059363584862,0.16172417895295,-0.013911620759193168
benchmark,benchmark,1.0,0.0,False,57,98,12,8703432.489662834,0.13082313059399073,0.06758396131083266,0.16588800121496308,-0.019592104543889263
benchmark,benchmark,1.0,0.0,False,57,98,13,8930917.615570908,0.12033561196655151,0.053592579296134035,0.15991731791671415,-0.027350401033761913
benchmark,benchmark,1.0,0.0,False,57,98,14,9414674.856066843,0.10267683101766717,0.04570996021996909,0.14474579092052797,-0.026508307341494303
benchmark,benchmark,1.0,0.0,False,57,98,15,9932113.767775629,0.07644066805422749,0.05012946869769297,0.12754900800400182,-0.018612151506490725
benchmark,benchmark,1.0,0.0,False,57,98,16,10497026.23501863,0.052989446126491944,0.07620433254962,0.11040880402386945,-0.011833603536843566
benchmark,benchmark,1.0,0.0,False,57,98,17,10812870.255489418,0.04784889536804131,0.1303722171169075,0.1018301249378944,0.004307027264662655
benchmark,benchmark,1.0,0.0,False,57,98,18,11022573.032570805,0.05882866235811225,0.1925900504788629,0.11880611912225691,0.016201078769839918
benchmark,benchmark,1.0,0.0,False,57,98,19,11097685.787719829,0.07630876962593498,0.23056723455464434,0.15109226502832993,0.01778529965691449
benchmark,benchmark,1.0,0.0,False,57,98,20,10951125.720069626,0.08703326814064148,0.23628268556610155,0.17490939582990922,0.009497641470358422
benchmark,benchmark,1.0,0.0,False,57,98,21,10621960.081004443,0.09862465207963281,0.22274994352114552,0.1904221846628313,-0.0060910025087399025
benchmark,benchmark,1.0,0.0,False,57,98,22,10364582.11495146,0.10976058895747999,0.19060032983154818,0.2071142968103991,-0.02583053434528748
benchmark,benchmark,1.0,0.0,False,57,98,23,10266144.591505537,0.11213920452664093,0.15378180937887787,0.21306892663437998,-0.046333113912703484
benchmark,benchmark,1.0,0.0,False,57,98,24,10466980.08241926,0.09924689813989472,0.11886863985897556,0.20316035275337507,-0.05474252340356191
benchmark,benchmark,1.0,0.0,False,57,98,25,11244637.526885672,0.06502534372612274,0.09708989188083161,0.17587574071289383,-0.049910120700973115
benchmark,benchmark,1.0,0.0,False,58,99,0,7609597.0,0.138,0.03,0.12063832026847152,0.010583740505574736
benchmark,benchmark,1.0,0.0,False,58,99,1,7652724.38733265,0.14039181650999813,0.030000000000000027,0.11859183719691781,0.007984885903803248
benchmark,benchmark,1.0,0.0,False,58,99,2,7799062.11548463,0.1352272977704024,0.024185309753672835,0.12058307609119796,0.005341325207426375
benchmark,benchmark,1.0,0.0,False,58,99,3,8037333.898698519,0.12513506691847362,0.026830286970330297,0.11249869004210589,0.003750026469618264
benchmark,benchmark,1.0,0.0,False,58,99,4,8388380.545888563,0.11221318857023224,0.030132632684514382,0.10548921881974987,0.004735826407116933
benchmark,benchmark,1.0,0.0,False,58,99,5,8607522.818977246,0.09753092865620755,0.04299548046596069,0.0987445556326249,0.009318907853453707
benchmark,benchmark,1.0,0.0,False,58,99,6,8825607.847259,0.0909432303998206,0.06127113357700531,0.09742332727435182,0.009843916924453352
benchmark,benchmark,1.0,0.0,False,58,99,7,8882853.504128268,0.09548980367811469,0.08389677283749952,0.10501788690584651,0.010260930278845296
benchmark,benchmark,1.0,0.0,False,58,99,8,8928672.548990844,0.10253661202505644,0.09928454944732579,0.11944691350827438,0.008570989235587998
benchmark,benchmark,1.0,0.0,False,58,99,9,8916980.329487918,0.11188375121519889,0.1079202500992813,0.13365751739152248,0.005952744378535189
benchmark,benchmark,1.0,0.0,False,58,99,10,8735960.718941066,0.12726595102815122,0.10397240405057562,0.15350571358362686,-0.0005721717709535682
benchmark,benchmark,1.0,0.0,False,58,99,11,8690840.176604785,0.13556836950933407,0.09140605838900173,0.16597817968374076,-0.01217870019924875
benchmark,benchmark,1.0,0.0,False,58,99,12,8692993.5125538,0.13476000856453643,0.07302769146006938,0.17033889172551678,-0.02225036187145491
benchmark,benchmark,1.0,0.0,False,58,99,13,8843457.154338345,0.12656065097809588,0.0561548272792165,0.16574828023718197,-0.028511828183259563
benchmark,benchmark,1.0,0.0,False,58,99,14,9227215.945581963,0.11078601557718529,0.0454931989030154,0.15286283370302223,-0.029780057070820883
benchmark,benchmark,1.0,0.0,False,58,99,15,9787309.758355822,0.08635838958723602,0.04350731344778058,0.13622707240211201,-0.02364625812561491
benchmark,benchmark,1.0,0.0,False,58,99,16,10153536.319594935,0.0666139494136785,0.061367716480422496,0.1219139885996044,-0.017461238999136482
benchmark,benchmark,1.0,0.0,False,58,99,17,10591125.53756604,0.05873950947392676,0.09785407833750592,0.1155125227151807,-0.009665442855767675
benchmark,benchmark,1.0,0.0,False,58,99,18,10867937.435301267,0.05491436196463399,0.14501587174756803,0.11995814337927581,0.0052708251364129086
benchmark,benchmark,1.0,0.0,False,58,99,19,11100099.647769593,0.06138031146986404,0.19360543333611124,0.13123330570386987,0.013180166666298272
benchmark,benchmark,1.0,0.0,False,58,99,20,11124318.929221025,0.07928906755745316,0.22397790253119831,0.1572451503203361,0.0120649607138825
benchmark,benchmark,1.0,0.0,False,58,99,21,10857637.594330639,0.094517975346379,0.2250319183856413,0.18720561713627187,0.00026843477476422794
benchmark,benchmark,1.0,0.0,False,58,99,22,10654499.228718506,0.10411126090986361,0.20487872995183776,0.2005041543822329,-0.01675984807398868
benchmark,benchmark,1.0,0.0,False,58,99,23,10393624.833040524,0.11114536951302266,0.17203235997629274,0.2120322500086163,-0.03489714359379445
benchmark,benchmark,1.0,0.0,False,58,99,24,10495075.839475,0.10430554294862657,0.1367926447752601,0.2099055897498897,-0.047220782535090336
benchmark,benchmark,1.0,0.0,False,58,99,25,10847786.317289243,0.08366149833102356,0.11084191094065332,0.19437336695131022,-0.05376965343998862
benchmark,benchmark,1.0,0.0,False,59,100,0,7609597.0,0.138,0.03,0.12063832026847152,0.010583740505574736
benchmark,benchmark,1.0,0.0,False,59,100,1,7652724.38733265,0.14039181650999813,0.030000000000000027,0.11859183719691781,0.007984885903803248
benchmark,benchmark,1.0,0.0,False,59,100,2,7805420.605247177,0.13522749384151414,0.024184488525404113,0.12049801877331648,0.004661907193755282
benchmark,benchmark,1.0,0.0,False,59,100,3,8049794.709158673,0.12548596327462314,0.026837842258442324,0.1123105255493822,0.005576432247561984
benchmark,benchmark,1.0,0.0,False,59,100,4,8338584.981982603,0.11206081579277484,0.029983348496512185,0.10615875213930297,0.0071662046553755835
benchmark,benchmark,1.0,0.0,False,59,100,5,8609264.32982409,0.09686011136654898,0.04294305303433332,0.09776182741654804,0.009357156482459621
benchmark,benchmark,1.0,0.0,False,59,100,6,8850341.290291782,0.08879846754421866,0.0617276271688012,0.09565735562064989,0.008930158030241511
benchmark,benchmark,1.0,0.0,False,59,100,7,8962667.764091948,0.09026422545327566,0.0847350031527414,0.10096045297807896,0.013096495036772082
benchmark,benchmark,1.0,0.0,False,59,100,8,9055993.072055768,0.09624587277466025,0.10350636865738627,0.11374102243331291,0.01342701881895813
benchmark,benchmark,1.0,0.0,False,59,100,9,8963563.918911649,0.10974517970630215,0.11468512916755302,0.13219385071922857,0.009826747422130919
benchmark,benchmark,1.0,0.0,False,59,100,10,8777085.530321175,0.1278484893007226,0.11326357193300707,0.15470599171610036,0.0012872581198318707
benchmark,benchmark,1.0,0.0,False,59,100,11,8628633.369475355,0.14135643606734466,0.09780483497246584,0.17280688650923037,-0.010401087277911837
benchmark,benchmark,1.0,0.0,False,59,100,12,8566618.62196965,0.14628134502812196,0.0760615960282307,0.18135450742211054,-0.02226866468902666
benchmark,benchmark,1.0,0.0,False,59,100,13,8596094.09110164,0.14332865698557434,0.053924636339965915,0.1811808054548137,-0.03420963548574341
benchmark,benchmark,1.0,0.0,False,59,100,14,9046446.358694283,0.1255173197458881,0.034518957158554464,0.1657437990222359,-0.03885778404248287
benchmark,benchmark,1.0,0.0,False,59,100,15,9682777.224126874,0.09690588566335379,0.026587769985660925,0.14295389053382537,-0.03364464454746333
benchmark,benchmark,1.0,0.0,False,59,100,16,10186471.546518471,0.06998822925276345,0.036717224047019936,0.12493943676013075,-0.025627069900789886
benchmark,benchmark,1.0,0.0,False,59,100,17,10606933.317027919,0.05595202549662066,0.07191172314863925,0.11263683287721747,-0.01143780027857952
benchmark,benchmark,1.0,0.0,False,59,100,18,10896730.629452357,0.05591917329149045,0.12712938844028443,0.11420445578855505,8.105074759155647e-05
benchmark,benchmark,1.0,0.0,False,59,100,19,11127699.432167208,0.06291263382795065,0.1810235260444948,0.130902297942341,0.008565503475111093
benchmark,benchmark,1.0,0.0,False,59,100,20,11229120.124491101,0.06976479066103596,0.21664538569771463,0.14978856449333292,0.013762584490413784
benchmark,benchmark,1.0,0.0,False,59,100,21,11232798.66003195,0.0713081047953672,0.2314262973183654,0.16278059842638107,0.008780589479878186
benchmark,benchmark,1.0,0.0,False,59,100,22,11153063.74640794,0.07848452022311089,0.23294130705874538,0.17384599409724621,0.0001538686348594571
benchmark,benchmark,1.0,0.0,False,59,100,23,10878942.924262388,0.09473696129526749,0.217356105025033,0.19643152282743728,-0.014739326519064103
benchmark,benchmark,1.0,0.0,False,59,100,24,10736786.165485766,0.1017603752387077,0.18762207849348211,0.2121960246540967,-0.03291066158069386
benchmark,benchmark,1.0,0.0,False,59,100,25,10796264.875391848,0.09602874783693902,0.15545174084277136,0.20863187563078336,-0.04709408319186005
benchmark,benchmark,1.0,0.0,False,60,101,0,7609597.0,0.138,0.03,0.12063832026847152,0.010583740505574736
benchmark,benchmark,1.0,0.0,False,60,101,1,7652724.38733265,0.14039181650999813,0.030000000000000027,0.11859183719691781,0.007984885903803248
benchmark,benchmark,1.0,0.0,False,60,101,2,7810314.033300547,0.13522708141572493,0.02417722863023286,0.12034456570471717,0.003376331611358988
benchmark,benchmark,1.0,0.0,False,60,101,3,8057438.034464313,0.12472614910127032,0.02685924023907993,0.1119352966239309,0.0051062560118289085
benchmark,benchmark,1.0,0.0,False,60,101,4,8428089.873602377,0.10789505329219334,0.030282995463448925,0.10385262074889468,0.004149907900870135
benchmark,benchmark,1.0,0.0,False,60,101,5,8638287.63042738,0.09404686034682061,0.04542717815826025,0.09610701564399315,0.009869415203369999
benchmark,benchmark,1.0,0.0,False,60,101,6,8781704.58215076,0.09245268448790715,0.06563563279904483,0.09738424489992398,0.01139635362982228
benchmark,benchmark,1.0,0.0,False,60,101,7,8922278.795584558,0.09226765438427081,0.08652064505414758,0.10491902710249526,0.01298990540914794
benchmark,benchmark,1.0,0.0,False,60,101,8,8983107.33917123,0.09741024873662604,0.10403083449092487,0.11584649422277173,0.01096673469297426
benchmark,benchmark,1.0,0.0,False,60,101,9,8919862.772993749,0.11098433666974683,0.1133204594564694,0.13353883152171883,0.0073698624887144565
benchmark,benchmark,1.0,0.0,False,60,101,10,8740532.815667074,0.1280082143516543,0.1104904439700185,0.1555776557757124,-0.002670565549965808
benchmark,benchmark,1.0,0.0,False,60,101,11,8643145.461298972,0.13773867331284742,0.09570830508330097,0.17021431626591715,-0.01314664410970239
benchmark,benchmark,1.0,0.0,False,60,101,12,8634715.80346222,0.14051811477540338,0.07461019784078626,0.17560493490676274,-0.02369407692526612
benchmark,benchmark,1.0,0.0,False,60,101,13,8755789.739014251,0.13322140670396862,0.054429824002317995,0.17224602700299457,-0.029770981204972388
benchmark,benchmark,1.0,0.0,False,60,101,14,9156086.080150101,0.11380951406140784,0.038783836071800915,0.15709668857840442,-0.03132103053928778
benchmark,benchmark,1.0,0.0,False,60,101,15,9858239.449725324,0.08369011429202969,0.03666811248946367,0.13389391094429245,-0.024532345605337277
benchmark,benchmark,1.0,0.0,False,60,101,16,10319293.226016521,0.061631995515113204,0.055447787162594464,0.1169598552626534,-0.015762145861323358
benchmark,benchmark,1.0,0.0,False,60,101,17,10699646.116356188,0.05215327073710332,0.09972249142602174,0.10931644933123932,-0.005483119069605985
benchmark,benchmark,1.0,0.0,False,60,101,18,10936860.39926458,0.058090515638888555,0.1572092584263407,0.1174593037496614,0.00843053796253322
benchmark,benchmark,1.0,0.0,False,60,101,19,10999079.015677787,0.07250632707366955,0.2027257959912092,0.14394918341200744,0.011754441708025785
benchmark,benchmark,1.0,0.0,False,60,101,20,11091984.666711036,0.07649233115738177,0.22175864042767235,0.1623867132920101,0.010356242892478365
benchmark,benchmark,1.0,0.0,False,60,101,21,11048308.662282825,0.07722788146521886,0.22345062977850683,0.16798037120721337,0.004204654945083613
benchmark,benchmark,1.0,0.0,False,60,101,22,10828653.43992502,0.08818395747614935,0.21395244683944314,0.18298753331161013,-0.008351667695993947
benchmark,benchmark,1.0,0.0,False,60,101,23,10723516.821424363,0.09690372782244841,0.19030253140232944,0.20093522525326146,-0.023084161969368445
benchmark,benchmark,1.0,0.0,False,60,101,24,10568332.36516625,0.10245036510943657,0.16342395747831695,0.20962284991904143,-0.03844155321132723
benchmark,benchmark,1.0,0.0,False,60,101,25,10789912.590329101,0.09137143623086529,0.13366530263844512,0.20384327413210357,-0.04854733349603417
benchmark,benchmark,1.0,0.0,False,61,102,0,7609597.0,0.138,0.03,0.12063832026847152,0.010583740505574736
benchmark,benchmark,1.0,0.0,False,61,102,1,7650002.471661862,0.14041421592540543,0.030000000000000027,0.11872188524457562,0.007945657219823491
benchmark,benchmark,1.0,0.0,False,61,102,2,7798683.8567142505,0.13544303527764473,0.024175254533992607,0.12053968788095525,0.005032995265911192
benchmark,benchmark,1.0,0.0,False,61,102,3,8056100.160966143,0.12551229731767805,0.026759128492234163,0.11194744237407288,0.005468382779039648
benchmark,benchmark,1.0,0.0,False,61,102,4,8412643.465632271,0.10825346654674162,0.02986846263692411,0.10387941608350315,0.007184095157875705
benchmark,benchmark,1.0,0.0,False,61,102,5,8652275.75221444,0.09269676942040767,0.044849159613396195,0.09567570783065904,0.011413007644557356
benchmark,benchmark,1.0,0.0,False,61,102,6,8809743.432767684,0.09203699093625169,0.06599861654672612,0.09730528304164185,0.010940246567606999
benchmark,benchmark,1.0,0.0,False,61,102,7,8830483.182214122,0.09912077571638803,0.08722110030889607,0.10941935585013,0.009763951483867465
benchmark,benchmark,1.0,0.0,False,61,102,8,8867444.11620623,0.10687586228365388,0.10055434023674747,0.12341435753124032,0.010822925417910858
benchmark,benchmark,1.0,0.0,False,61,102,9,8836024.952819148,0.11424429959813841,0.1049229875405775,0.13713643886564175,0.0025826674644319376
benchmark,benchmark,1.0,0.0,False,61,102,10,8765453.349139519,0.12333939782801635,0.09900656401240959,0.15106265671199265,-0.004391240988477432
benchmark,benchmark,1.0,0.0,False,61,102,11,8739592.753593035,0.1274460834072849,0.08821963891619844,0.1603711851483791,-0.013460879266470062
benchmark,benchmark,1.0,0.0,False,61,102,12,8814064.199876184,0.12632908337368806,0.0726867040807857,0.16279605122974436,-0.020241069166937648
benchmark,benchmark,1.0,0.0,False,61,102,13,9037078.493922813,0.11735162649613266,0.06102083041032835,0.15658542957023602,-0.02312751586265478
benchmark,benchmark,1.0,0.0,False,61,102,14,9369432.80062461,0.09879057739901037,0.05378668453396451,0.1453294940096595,-0.023199266360686754
benchmark,benchmark,1.0,0.0,False,61,102,15,9948449.371649204,0.07568054498423386,0.05943790727079956,0.1273332019168569,-0.01642848720468013
benchmark,benchmark,1.0,0.0,False,61,102,16,10334563.491398355,0.05745904982363769,0.08471175994273472,0.11534004633644722,-0.009934503752953464
benchmark,benchmark,1.0,0.0,False,61,102,17,10683596.935528789,0.05446452739472339,0.13025337184517438,0.11030878460930504,0.0037138310032962026
benchmark,benchmark,1.0,0.0,False,61,102,18,10919881.786299393,0.059414798960301614,0.17883262000479427,0.12481888156685726,0.009084742648866266
benchmark,benchmark,1.0,0.0,False,61,102,19,11106161.506104862,0.06793407133552598,0.2154728068472771,0.14209531301661144,0.015146876732995997
benchmark,benchmark,1.0,0.0,False,61,102,20,11006369.303485595,0.0766636755783758,0.23121152799080424,0.1626381440832942,0.008592115618590426
benchmark,benchmark,1.0,0.0,False,61,102,21,10848387.799432363,0.08871114222205763,0.2265754466054719,0.1795564920127521,0.0007863768431109236
benchmark,benchmark,1.0,0.0,False,61,102,22,10610612.390366293,0.09996056816300583,0.20491826413085912,0.197707881975999,-0.01641460649444889
benchmark,benchmark,1.0,0.0,False,61,102,23,10534856.30836742,0.10310848203458985,0.17287779482221888,0.20540262222115166,-0.03246471018351209
benchmark,benchmark,1.0,0.0,False,61,102,24,10535791.234707035,0.09697856137504333,0.14291891337006812,0.2038164903331162,-0.050813072572390025
benchmark,benchmark,1.0,0.0,False,61,102,25,11030939.190552112,0.07558330845368653,0.11875558829265742,0.18601990310193817,-0.049409053666208534
benchmark,benchmark,1.0,0.0,False,62,103,0,7609597.0,0.138,0.03,0.12063832026847152,0.010583740505574736
benchmark,benchmark,1.0,0.0,False,62,103,1,7652724.38733265,0.14039181650999813,0.030000000000000027,0.11859183719691781,0.007984885903803248
benchmark,benchmark,1.0,0.0,False,62,103,2,7801389.463608131,0.13522708141572493,0.02418076482516729,0.12045633882052506,0.0045390471653261434
benchmark,benchmark,1.0,0.0,False,62,103,3,8065835.647105424,0.12460547721408592,0.0268679008619761,0.11210610703681127,0.003572596108639618
benchmark,benchmark,1.0,0.0,False,62,103,4,8343083.17549668,0.10942724430667809,0.03031923998380992,0.10479249942583807,0.006601961244087908
benchmark,benchmark,1.0,0.0,False,62,103,5,8663167.786679106,0.0939886710368493,0.04461131710123922,0.09571442333627997,0.009443140694870497
benchmark,benchmark,1.0,0.0,False,62,103,6,8881840.260129595,0.084899866144845,0.06425491300012842,0.09376790868618333,0.012215376874093362
benchmark,benchmark,1.0,0.0,False,62,103,7,8980504.11594162,0.0895926182578507,0.09093335373942235,0.09989655125363371,0.014765844644596907
benchmark,benchmark,1.0,0.0,False,62,103,8,8994510.927233696,0.10117324647142861,0.10894928892984423,0.11829128530697733,0.01090638167178587
benchmark,benchmark,1.0,0.0,False,62,103,9,8903364.859737786,0.11454270600440648,0.11726674069351861,0.137229293233506,0.007198313005848675
benchmark,benchmark,1.0,0.0,False,62,103,10,8794047.058269488,0.12531537943234178,0.11001398289611664,0.15461529293998982,-0.0024922005323120026
benchmark,benchmark,1.0,0.0,False,62,103,11,8728731.497940207,0.13139368345403865,0.09762174132356916,0.16443228378571276,-0.012632620022457512
benchmark,benchmark,1.0,0.0,False,62,103,12,8693109.760292077,0.1344476012670278,0.07710728312076975,0.17178438656146647,-0.02284221090023191
benchmark,benchmark,1.0,0.0,False,62,103,13,8882830.968995888,0.1271958412798142,0.05989116975329356,0.16663437148599936,-0.026265306884730097
benchmark,benchmark,1.0,0.0,False,62,103,14,9200253.642091826,0.10933412165326077,0.04616222901347933,0.15445387341719022,-0.03227425758456443
benchmark,benchmark,1.0,0.0,False,62,103,15,9860353.290974393,0.08316626565182826,0.045753047042084605,0.13268772512947327,-0.02496801686170484
benchmark,benchmark,1.0,0.0,False,62,103,16,10326600.747839568,0.059417710958318444,0.06365699674336289,0.11673871614025969,-0.015999492661714028
benchmark,benchmark,1.0,0.0,False,62,103,17,10738458.39708204,0.04977990426451215,0.10954304675073301,0.10592774242089642,-0.00026382936544424375
benchmark,benchmark,1.0,0.0,False,62,103,18,10941824.483194547,0.05556434691236975,0.1677014524059519,0.11584405548035105,0.011450490706039486
benchmark,benchmark,1.0,0.0,False,62,103,19,11085032.958383987,0.0712786223538172,0.21415028659132918,0.14235524912681696,0.016823792787060195
benchmark,benchmark,1.0,0.0,False,62,103,20,11080085.846919602,0.07954684282465904,0.23092213971072884,0.1669949893047167,0.009755013326393532
benchmark,benchmark,1.0,0.0,False,62,103,21,10817162.16314017,0.09032684809323124,0.22995340924620544,0.18007966351090354,-0.002544254672723977
benchmark,benchmark,1.0,0.0,False,62,103,22,10678760.656507753,0.10049889191018589,0.2041053751293076,0.19663695398523381,-0.018022825199979216
benchmark,benchmark,1.0,0.0,False,62,103,23,10454767.020865707,0.10682753579810818,0.17466386336007722,0.20744607411338425,-0.03434310064320177
benchmark,benchmark,1.0,0.0,False,62,103,24,10524938.901831212,0.09878381863848947,0.13878458564734952,0.2067625417713409,-0.05195548923438969
benchmark,benchmark,1.0,0.0,False,62,103,25,11062626.080016691,0.07477082928269094,0.11573639981714545,0.18411806283366386,-0.04842592660932752
benchmark,benchmark,1.0,0.0,False,63,104,0,7609597.0,0.138,0.03,0.12063832026847152,0.010583740505574736
benchmark,benchmark,1.0,0.0,False,63,104,1,7652724.38733265,0.14039181650999813,0.030000000000000027,0.11859183719691781,0.007984885903803248
benchmark,benchmark,1.0,0.0,False,63,104,2,7800331.918084864,0.13522708141572493,0.024184839601901098,0.12056828844091663,0.005109422131421157
benchmark,benchmark,1.0,0.0,False,63,104,3,8035590.667129238,0.12544034788120734,0.02684110530888928,0.1128197861269166,0.004372443627964133
benchmark,benchmark,1.0,0.0,False,63,104,4,8337284.231077738,0.11061192036583727,0.02998433218666996,0.10532738182984704,0.008197021124033055
benchmark,benchmark,1.0,0.0,False,63,104,5,8685290.315340165,0.09286357335686513,0.04370207354879252,0.09559477495675935,0.013703278273437642
benchmark,benchmark,1.0,0.0,False,63,104,6,8789796.968266103,0.08852420235486443,0.06437345434150599,0.09640611038611337,0.011905706915998607
benchmark,benchmark,1.0,0.0,False,63,104,7,8871002.678872455,0.0985616353726405,0.08757369799390835,0.10757514251103935,0.015768562667454505
benchmark,benchmark,1.0,0.0,False,63,104,8,8873698.13975688,0.11000546962026411,0.10082632657910295,0.12620156232080187,0.009182064665409191
benchmark,benchmark,1.0,0.0,False,63,104,9,8822598.55549948,0.11647198945576835,0.1049211059430406,0.13913220749438582,0.0069308611664943755
benchmark,benchmark,1.0,0.0,False,63,104,10,8775422.047661925,0.12231540650086585,0.09839006547898643,0.150925064298538,-0.004231506372929233
benchmark,benchmark,1.0,0.0,False,63,104,11,8716238.475973323,0.12922393381938446,0.08805311443788955,0.16038093195576356,-0.012568810835590397
benchmark,benchmark,1.0,0.0,False,63,104,12,8837640.073002655,0.1261101623493676,0.07229087951686264,0.16233633016544363,-0.021538430097253633
benchmark,benchmark,1.0,0.0,False,63,104,13,9003486.261986429,0.11611006960049619,0.06022993777632091,0.1565737528899842,-0.026221178986129055
benchmark,benchmark,1.0,0.0,False,63,104,14,9422891.15045744,0.09840819699597372,0.053092817195548925,0.14366691538067614,-0.02493971578215725
benchmark,benchmark,1.0,0.0,False,63,104,15,9935712.217936177,0.07370866400375546,0.058597038913837274,0.12745559736019882,-0.019098823205612955
benchmark,benchmark,1.0,0.0,False,63,104,16,10448494.65842727,0.05622659569062317,0.08606596686303125,0.11163021703661866,-0.009091655490337087
benchmark,benchmark,1.0,0.0,False,63,104,17,10770457.274632365,0.050412965490332036,0.13345066928308214,0.1082933721219065,0.0022662903296088626
benchmark,benchmark,1.0,0.0,False,63,104,18,11059778.511766743,0.057168687434787493,0.19010121018807968,0.11855631150273864,0.017109275977939528
benchmark,benchmark,1.0,0.0,False,63,104,19,11090509.534897348,0.07220340942039459,0.22665786897578477,0.1466502950068125,0.02171882755856669
benchmark,benchmark,1.0,0.0,False,63,104,20,10934434.82362031,0.08445213144157475,0.23959546702742873,0.17245472977826687,0.009112643508890383
benchmark,benchmark,1.0,0.0,False,63,104,21,10613817.000206744,0.10253173365192919,0.22559151545374223,0.1918128983673042,-0.0047843719191013314
benchmark,benchmark,1.0,0.0,False,63,104,22,10332310.323299283,0.11167957524448699,0.19296842373868972,0.20987701599422232,-0.027251833018786607
benchmark,benchmark,1.0,0.0,False,63,104,23,10299682.836342907,0.10736889215441026,0.15345356420050438,0.21016392451358168,-0.04509209735823466
benchmark,benchmark,1.0,0.0,False,63,104,24,10470257.797568873,0.09574889003789681,0.12019674972436767,0.19996147812242626,-0.053240300159905204
benchmark,benchmark,1.0,0.0,False,63,104,25,11174685.068184674,0.06669385778141337,0.10011225765217979,0.1769543572376791,-0.04950413581445603
benchmark,benchmark,1.0,0.0,False,64,105,0,7609597.0,0.138,0.03,0.12063832026847152,0.010583740505574736
benchmark,benchmark,1.0,0.0,False,64,105,1,7652724.38733265,0.14039181650999813,0.030000000000000027,0.11859183719691781,0.007984885903803248
benchmark,benchmark,1.0,0.0,False,64,105,2,7800563.818636234,0.13522708141572493,0.024177090049350314,0.12051070114827839,0.003203333660435202
benchmark,benchmark,1.0,0.0,False,64,105,3,8082200.757450347,0.12415519740479337,0.026867671667129223,0.11145732436299939,0.007161340119026205
benchmark,benchmark,1.0,0.0,False,64,105,4,8375355.965517943,0.11004903845188879,0.030515382646011835,0.1051377653029078,0.008595683120000875
benchmark,benchmark,1.0,0.0,False,64,105,5,8557693.10136181,0.10182920290876175,0.044441885046403895,0.10133730763163627,0.0058301487634549115
benchmark,benchmark,1.0,0.0,False,64,105,6,8720323.766051266,0.09690394071388955,0.05968111454077718,0.10324053378748017,0.008995184726975065
benchmark,benchmark,1.0,0.0,False,64,105,7,8849807.316369548,0.09580185590626614,0.07756341998060012,0.10784360606448862,0.010044524705872209
benchmark,benchmark,1.0,0.0,False,64,105,8,8932798.652803667,0.1013794148035421,0.09299890275422062,0.11769226067684624,0.007918210736564388
benchmark,benchmark,1.0,0.0,False,64,105,9,8905154.409716891,0.11130347325828517,0.10157095275416372,0.13282971602914911,0.004135911906076739
benchmark,benchmark,1.0,0.0,False,64,105,10,8827230.078069171,0.12397206794917794,0.10020553562879964,0.14918096139940512,-0.0025811589653905245
benchmark,benchmark,1.0,0.0,False,64,105,11,8820130.103113413,0.12577923041094585,0.0897941426488349,0.15940705692579774,-0.01187195704469253
benchmark,benchmark,1.0,0.0,False,64,105,12,8825845.230838185,0.1279935466710694,0.07796587724963988,0.16255851807494828,-0.01939365178085308
benchmark,benchmark,1.0,0.0,False,64,105,13,8912342.470285015,0.12139171825645348,0.06523713481032223,0.1624575707365883,-0.027553904071124975
benchmark,benchmark,1.0,0.0,False,64,105,14,9365527.175443932,0.10300661727769353,0.056319761141083724,0.14770027326432217,-0.02598488490572613
benchmark,benchmark,1.0,0.0,False,64,105,15,9868767.686010322,0.07756860564569609,0.05771592040440843,0.13027538605907332,-0.01759759560929927
benchmark,benchmark,1.0,0.0,False,64,105,16,10360307.322239462,0.0552375082918561,0.07999268790294578,0.11398059539100416,-0.008977952706631636
benchmark,benchmark,1.0,0.0,False,64,105,17,10761497.580787942,0.04881610138829876,0.1282773165924549,0.10493013811274557,0.003249654778011828
benchmark,benchmark,1.0,0.0,False,64,105,18,10985218.359063623,0.05863782387300489,0.18661727166306585,0.1188637720617451,0.015433270391230285
benchmark,benchmark,1.0,0.0,False,64,105,19,11037273.830160167,0.07522723872327612,0.22206449776964376,0.15086011146620007,0.015797747646733
benchmark,benchmark,1.0,0.0,False,64,105,20,10951172.242277365,0.0861849285909083,0.23034827405966163,0.17343316997756647,0.009723413722971922
benchmark,benchmark,1.0,0.0,False,64,105,21,10629359.671553552,0.09928491383193794,0.21868028521888982,0.19024929140758684,-0.008836310474193063
benchmark,benchmark,1.0,0.0,False,64,105,22,10403407.039822482,0.10920805117963753,0.1894789983409786,0.20523777607999497,-0.028812022054998672
benchmark,benchmark,1.0,0.0,False,64,105,23,10324733.79687824,0.10770009779393938,0.15347638280747944,0.20915211520369906,-0.04344946444886308
benchmark,benchmark,1.0,0.0,False,64,105,24,10566898.897939662,0.09235589215815652,0.12086873456703295,0.19795032871161275,-0.04911049990577959
benchmark,benchmark,1.0,0.0,False,64,105,25,11209410.967839122,0.06253011194875968,0.10412478381143764,0.1738587445353894,-0.046670959462160655
benchmark,benchmark,1.0,0.0,False,65,106,0,7609597.0,0.138,0.03,0.12063832026847152,0.010583740505574736
benchmark,benchmark,1.0,0.0,False,65,106,1,7652724.38733265,0.14039181650999813,0.030000000000000027,0.11859183719691781,0.007984885903803248
benchmark,benchmark,1.0,0.0,False,65,106,2,7795759.389025463,0.13522708141572493,0.024174315104845245,0.12053338646317642,0.0028232504809952382
benchmark,benchmark,1.0,0.0,False,65,106,3,8066722.623080711,0.1240298344420654,0.0268813672610837,0.11103366099375539,0.0065528971094054
benchmark,benchmark,1.0,0.0,False,65,106,4,8381860.874581563,0.10756815905149672,0.030548426762506242,0.10317564383710648,0.005740841421100333
benchmark,benchmark,1.0,0.0,False,65,106,5,8682724.710645562,0.09266841564858105,0.04577035418394648,0.09343950760356198,0.01088152803245111
benchmark,benchmark,1.0,0.0,False,65,106,6,8882600.416186579,0.08404506734740992,0.06695614665442373,0.09204944070473652,0.01525955724963519
benchmark,benchmark,1.0,0.0,False,65,106,7,9067529.826091588,0.0831865987696621,0.09411582253216033,0.09663815415047798,0.017027124731452008
benchmark,benchmark,1.0,0.0,False,65,106,8,9027520.969712626,0.09847392575963976,0.11700526908203934,0.1150019137141526,0.016222752695800088
benchmark,benchmark,1.0,0.0,False,65,106,9,8817811.942774586,0.12144778510966836,0.12464345085270478,0.1445765805338595,0.004310359294554683
benchmark,benchmark,1.0,0.0,False,65,106,10,8684785.270904861,0.13782521624621738,0.11481970236259986,0.1646984460371786,-0.005482759847301651
benchmark,benchmark,1.0,0.0,False,65,106,11,8570206.406847637,0.14263377850267842,0.09405041168469097,0.17546128781959736,-0.01894573121440297
benchmark,benchmark,1.0,0.0,False,65,106,12,8554106.596813025,0.14269410294662951,0.07102795669889916,0.17733536872907757,-0.029286864056412742
benchmark,benchmark,1.0,0.0,False,65,106,13,8783257.833552737,0.1330238460739863,0.047872735300678704,0.17045268778424993,-0.03258304017703146
benchmark,benchmark,1.0,0.0,False,65,106,14,9174251.90489954,0.11294842057578623,0.03345515226033169,0.15502717646949338,-0.034680915433541626
benchmark,benchmark,1.0,0.0,False,65,106,15,9796427.976344913,0.08579362919370773,0.031027759470223293,0.1341248037564373,-0.026932501610471817
benchmark,benchmark,1.0,0.0,False,65,106,16,10307039.037496282,0.06135476320378224,0.04997979668313235,0.11679583207890912,-0.0170501544383664
benchmark,benchmark,1.0,0.0,False,65,106,17,10651120.271567278,0.05272486126661535,0.09482217656248992,0.1077768891370986,-0.005963209000485911
benchmark,benchmark,1.0,0.0,False,65,106,18,10978021.075631594,0.0583582301459572,0.1530903627980702,0.11559178184474415,0.006062376906536869
benchmark,benchmark,1.0,0.0,False,65,106,19,11184154.1559011,0.06421382716577746,0.1993003527061672,0.13725946673854023,0.01378725122094792
benchmark,benchmark,1.0,0.0,False,65,106,20,11240837.596608084,0.06832087153238287,0.22911601283426553,0.15127516462490218,0.01621315695158156
benchmark,benchmark,1.0,0.0,False,65,106,21,11173032.31641659,0.07962007833426872,0.23729789358431153,0.16824447111161722,0.007966393393640253
benchmark,benchmark,1.0,0.0,False,65,106,22,10721639.775571097,0.103416139513396,0.22623788644159792,0.19873409851555157,-0.009914112501739536
benchmark,benchmark,1.0,0.0,False,65,106,23,10499318.127978394,0.11350209039286385,0.19325583917231604,0.21788564656391232,-0.028346820982780175
benchmark,benchmark,1.0,0.0,False,65,106,24,10450845.05051656,0.10730994857462553,0.153441563229906,0.21427238920594902,-0.04674310788634955
benchmark,benchmark,1.0,0.0,False,65,106,25,10794752.119001765,0.08750859651073944,0.11970439419706547,0.19782413829702608,-0.05300907386138429
benchmark,benchmark,1.0,0.0,False,66,107,0,7609597.0,0.138,0.03,0.12063832026847152,0.010583740505574736
benchmark,benchmark,1.0,0.0,False,66,107,1,7652724.38733265,0.14039181650999813,0.030000000000000027,0.11859183719691781,0.007984885903803248
benchmark,benchmark,1.0,0.0,False,66,107,2,7813739.9898260655,0.13522708141572493,0.02417499204141582,0.12049542615727203,0.0021218240363874157
benchmark,benchmark,1.0,0.0,False,66,107,3,8043384.744295323,0.12543951147811472,0.02687169830469127,0.11253875939232066,0.0051791478491445405
benchmark,benchmark,1.0,0.0,False,66,107,4,8362093.485037438,0.1096698145946373,0.029981432694052845,0.10514966826890736,0.006135468431830707
benchmark,benchmark,1.0,0.0,False,66,107,5,8620475.668790266,0.09724123400505702,0.04427317861449809,0.09711741621268222,0.009313974422927031
benchmark,benchmark,1.0,0.0,False,66,107,6,8841190.20578128,0.08980428161206412,0.06245564430842632,0.09705677005939675,0.009087827133736003
benchmark,benchmark,1.0,0.0,False,66,107,7,8948712.045211202,0.09026594171308938,0.08663922402619773,0.10172482451618259,0.012457771528808968
benchmark,benchmark,1.0,0.0,False,66,107,8,8962783.53479263,0.10020336699479693,0.10275503361683413,0.11721101136762448,0.01383598608593369
benchmark,benchmark,1.0,0.0,False,66,107,9,8910092.550974686,0.11296035157255196,0.11163815008958822,0.136357671508059,0.007885814743147184
benchmark,benchmark,1.0,0.0,False,66,107,10,8743694.276965985,0.12936268636121223,0.10728836891918658,0.15724014822946417,-0.00398110078915998
benchmark,benchmark,1.0,0.0,False,66,107,11,8588168.794885868,0.14466854359798592,0.09410063701828619,0.17332782032977012,-0.014475365747813907
benchmark,benchmark,1.0,0.0,False,66,107,12,8524597.934061203,0.14644640374668164,0.07203628839830745,0.18101506568869075,-0.0233962356871663
benchmark,benchmark,1.0,0.0,False,66,107,13,8736735.825064247,0.1359877894052383,0.05003686951885289,0.17294717212604246,-0.029218355410289266
benchmark,benchmark,1.0,0.0,False,66,107,14,9124859.44692383,0.1171594152935419,0.03449315261338759,0.15804674181887315,-0.03253185395682777
benchmark,benchmark,1.0,0.0,False,66,107,15,9723642.794258598,0.09112084057754695,0.030201982038038144,0.13857281337955168,-0.027970732644449662
benchmark,benchmark,1.0,0.0,False,66,107,16,10217021.015377792,0.06815611696492564,0.045444972196603484,0.12125238482323043,-0.018388385560881983
benchmark,benchmark,1.0,0.0,False,66,107,17,10693882.056269212,0.05445163276048772,0.08365484378040966,0.1115136931631896,-0.010543383953201393
benchmark,benchmark,1.0,0.0,False,66,107,18,10908343.976596056,0.05469321498638254,0.13979277259292378,0.11425621862329709,0.004632397739397498
benchmark,benchmark,1.0,0.0,False,66,107,19,11066110.63518054,0.0691903037325219,0.1927132788767627,0.1353288359847852,0.010636415170439737
benchmark,benchmark,1.0,0.0,False,66,107,20,11135254.321906885,0.07853411775698879,0.21713919095971446,0.1615636743000072,0.011680645810575098
benchmark,benchmark,1.0,0.0,False,66,107,21,10979379.743141964,0.08129977280425474,0.222487556849857,0.1734827841712285,0.00242572272570492
benchmark,benchmark,1.0,0.0,False,66,107,22,10880637.635884712,0.08762227787778021,0.20990017360377689,0.1833838832085125,-0.008218195526802868
benchmark,benchmark,1.0,0.0,False,66,107,23,10733849.064839473,0.09531944708033278,0.1906110212904184,0.1972878988082808,-0.02185864239854298
benchmark,benchmark,1.0,0.0,False,66,107,24,10655322.099437883,0.09789796609548143,0.16174910039267498,0.20648505587806604,-0.037595371832460506
benchmark,benchmark,1.0,0.0,False,66,107,25,10862246.527705818,0.08693594622770617,0.13887380393247617,0.19937666980800106,-0.04822467540456531
benchmark,benchmark,1.0,0.0,False,67,108,0,7609597.0,0.138,0.03,0.12063832026847152,0.010583740505574736
benchmark,benchmark,1.0,0.0,False,67,108,1,7652724.38733265,0.14039181650999813,0.030000000000000027,0.11859183719691781,0.007984885903803248
benchmark,benchmark,1.0,0.0,False,67,108,2,7798543.595592602,0.13522708141572493,0.02418362697756926,0.12052372678520605,0.004634758829242098
benchmark,benchmark,1.0,0.0,False,67,108,3,8040886.970484645,0.12396056022957515,0.026857167535801363,0.11195389893165422,0.005743224782402626
benchmark,benchmark,1.0,0.0,False,67,108,4,8353898.367464216,0.10895051213167273,0.030661408992612493,0.10392576793204017,0.007348702328343026
benchmark,benchmark,1.0,0.0,False,67,108,5,8685556.870433481,0.0930681263628227,0.04515864498283251,0.09487020136841907,0.010624569348819514
benchmark,benchmark,1.0,0.0,False,67,108,6,8877894.074325243,0.0856974106733186,0.06619542998818528,0.09375314517130334,0.010984061592643354
benchmark,benchmark,1.0,0.0,False,67,108,7,8949843.457401926,0.09163520611089537,0.09235295866856297,0.1010826233752579,0.015669721628573302
benchmark,benchmark,1.0,0.0,False,67,108,8,8982346.475222737,0.09978710376390033,0.10921770029576128,0.1186844047807323,0.013413274270774803
benchmark,benchmark,1.0,0.0,False,67,108,9,8896004.767073235,0.11527568707621864,0.11690689662598541,0.1369121363404828,0.007321956579779569
benchmark,benchmark,1.0,0.0,False,67,108,10,8725851.8931704,0.13045849348440847,0.10954202630837329,0.15853829364736985,-0.0005814140035534684
benchmark,benchmark,1.0,0.0,False,67,108,11,8630677.300730355,0.13985432094133937,0.0927757750049194,0.1719787041828636,-0.012520597860943517
benchmark,benchmark,1.0,0.0,False,67,108,12,8538716.860406432,0.1472277588515498,0.07115306448979575,0.1809749565378676,-0.0268092045947843
benchmark,benchmark,1.0,0.0,False,67,108,13,8663875.836019473,0.14158329936995445,0.048929434086401935,0.1776632191015662,-0.03746646271563033
benchmark,benchmark,1.0,0.0,False,67,108,14,9145618.919835418,0.12005136998003384,0.03229951250635166,0.15821240194639455,-0.03677007423082967
benchmark,benchmark,1.0,0.0,False,67,108,15,9837880.78214744,0.08562067710727905,0.02800734289192297,0.13413799618531025,-0.03021943286132907
benchmark,benchmark,1.0,0.0,False,67,108,16,10344142.333427303,0.05940007800718639,0.04609553948194045,0.1139787327297252,-0.019779703804762322
benchmark,benchmark,1.0,0.0,False,67,108,17,10716565.90625248,0.051245810912062165,0.09358945985165512,0.10456115588655193,-0.007893862328012091
benchmark,benchmark,1.0,0.0,False,67,108,18,10996832.616877386,0.054528896865776645,0.15573023756811555,0.11349892902938409,0.007000535501540107
benchmark,benchmark,1.0,0.0,False,67,108,19,11182679.072109718,0.06303472384977483,0.2083295610370699,0.13419518548826181,0.015795176515787445
benchmark,benchmark,1.0,0.0,False,67,108,20,11247447.764903069,0.07221791309479127,0.23791495886903036,0.15463325790185836,0.013616404774003278
benchmark,benchmark,1.0,0.0,False,67,108,21,11054826.866318049,0.08473871322377843,0.2440080668596385,0.1737676347123322,0.005317770898869799
benchmark,benchmark,1.0,0.0,False,67,108,22,10843360.635258177,0.09221894228571854,0.22518212598424192,0.1918269042251607,-0.010766178602342118
benchmark,benchmark,1.0,0.0,False,67,108,23,10675991.464917274,0.09764746868129627,0.1976239075016062,0.2002254656714518,-0.02584694185982242
benchmark,benchmark,1.0,0.0,False,67,108,24,10615807.208121596,0.09779915655650513,0.16278388286172385,0.2063552213523929,-0.04109759405198364
benchmark,benchmark,1.0,0.0,False,67,108,25,10813892.800222969,0.08750740405672297,0.135785869978164,0.19844456774907876,-0.04857867585846882
benchmark,benchmark,1.0,0.0,False,68,109,0,7609597.0,0.138,0.03,0.12063832026847152,0.010583740505574736
benchmark,benchmark,1.0,0.0,False,68,109,1,7652724.38733265,0.14039181650999813,0.030000000000000027,0.11859183719691781,0.007984885903803248
benchmark,benchmark,1.0,0.0,False,68,109,2,7795564.207145303,0.13522708141572493,0.02418834528460323,0.12055536259422993,0.006009541766542328
benchmark,benchmark,1.0,0.0,False,68,109,3,8084124.505442788,0.12459673686515614,0.026850664392079837,0.11150158718514273,0.004540910103163122
benchmark,benchmark,1.0,0.0,False,68,109,4,8339610.36786887,0.11017589977930625,0.03039670273599726,0.10470412203118896,0.007572112323746219
benchmark,benchmark,1.0,0.0,False,68,109,5,8677783.848566573,0.0934968941104435,0.044091499335890516,0.09596576617510988,0.00907225842077138
benchmark,benchmark,1.0,0.0,False,68,109,6,8843284.891774667,0.08646994369746683,0.0645758521279276,0.09481487413424644,0.012636345263447164
benchmark,benchmark,1.0,0.0,False,68,109,7,8947839.633555759,0.09183392360995513,0.08959675056242644,0.10243482637086006,0.01485966209754397
benchmark,benchmark,1.0,0.0,False,68,109,8,8949473.742543152,0.10265443769854406,0.10631776788874348,0.12087211467054956,0.010618588660268288
benchmark,benchmark,1.0,0.0,False,68,109,9,8845151.406169957,0.11834020864044595,0.1130890527760533,0.1399434330533887,0.006119648697385399
benchmark,benchmark,1.0,0.0,False,68,109,10,8758930.80763264,0.1285097446210887,0.10499611947261744,0.15672354419256657,-0.0010698405676171983
benchmark,benchmark,1.0,0.0,False,68,109,11,8681933.568570716,0.13402792481311995,0.09154561079242862,0.1661094733474473,-0.012198377604188935
benchmark,benchmark,1.0,0.0,False,68,109,12,8668912.877814155,0.13666475413538073,0.07258987104117387,0.17170111018172,-0.022515870110405206
benchmark,benchmark,1.0,0.0,False,68,109,13,8813759.485720517,0.129791094939408,0.054163561531958004,0.16858038934916791,-0.03042418095659288
benchmark,benchmark,1.0,0.0,False,68,109,14,9195410.836749116,0.1125372268349928,0.041187546037367406,0.1546851146668208,-0.028032372858716546
benchmark,benchmark,1.0,0.0,False,68,109,15,9819095.31520959,0.08346409852683605,0.03970958740224062,0.13397190411666654,-0.02481066304338247
benchmark,benchmark,1.0,0.0,False,68,109,16,10338254.53322785,0.05954419299320203,0.06109377777266878,0.11484189031796611,-0.01473582260854927
benchmark,benchmark,1.0,0.0,False,68,109,17,10774456.155757716,0.0494132248619833,0.10595081483203539,0.10557009922577848,-0.003868021111689168
benchmark,benchmark,1.0,0.0,False,68,109,18,11002340.345330007,0.05420272400503293,0.16817503513454723,0.11310501058473128,0.012800216643388642
benchmark,benchmark,1.0,0.0,False,68,109,19,11143509.20614228,0.06949190498241165,0.21496191043112356,0.14038734650797607,0.019405324875616723
benchmark,benchmark,1.0,0.0,False,68,109,20,11150588.68040151,0.08100027504676674,0.23454813170246958,0.16640426129896083,0.013636174999395706
benchmark,benchmark,1.0,0.0,False,68,109,21,10764058.559929628,0.09791126939907023,0.23030180748455642,0.18759564976431628,-0.0018299666239026025
benchmark,benchmark,1.0,0.0,False,68,109,22,10513010.51335484,0.11074470800952224,0.2023760115910711,0.20746661428257454,-0.022241501277879952
benchmark,benchmark,1.0,0.0,False,68,109,23,10219703.336270966,0.11719199163704824,0.16611383397029322,0.21759308889891718,-0.04163655749256666
benchmark,benchmark,1.0,0.0,False,68,109,24,10506759.355713712,0.1015649442769314,0.12612549941331008,0.2067829062198367,-0.05240052454578766
benchmark,benchmark,1.0,0.0,False,68,109,25,10873589.95054587,0.07857509551221085,0.1020302093152412,0.18644415781125012,-0.05457308249033422
benchmark,benchmark,1.0,0.0,False,69,110,0,7609597.0,0.138,0.03,0.12063832026847152,0.010583740505574736
benchmark,benchmark,1.0,0.0,False,69,110,1,7652724.38733265,0.14039181650999813,0.030000000000000027,0.11859183719691781,0.007984885903803248
benchmark,benchmark,1.0,0.0,False,69,110,2,7808005.83577837,0.1352271743258113,0.02417543691180768,0.12048629552242138,0.002645565424754922
benchmark,benchmark,1.0,0.0,False,69,110,3,8076202.453951858,0.12402598259044004,0.026865393308924235,0.11140889724019841,0.007622436129147782
benchmark,benchmark,1.0,0.0,False,69,110,4,8328828.854193888,0.1091288507026388,0.0305426236931734,0.10507568759882267,0.00598002081027474
benchmark,benchmark,1.0,0.0,False,69,110,5,8648935.603374302,0.09622489697078031,0.044850167963726095,0.09661223158787129,0.008071854218181004
benchmark,benchmark,1.0,0.0,False,69,110,6,8845713.309086358,0.08713875641105324,0.0639589831283418,0.09456425703649947,0.01164554937955065
benchmark,benchmark,1.0,0.0,False,69,110,7,9062191.345515387,0.08283306982833756,0.08869842821741725,0.09648731244397661,0.017061222681750338
benchmark,benchmark,1.0,0.0,False,69,110,8,9090517.804964107,0.09269594736612814,0.11229171038073638,0.1090415102409794,0.016846574213176535
benchmark,benchmark,1.0,0.0,False,69,110,9,9002947.36680797,0.10736011436340927,0.12429409767611665,0.13243748175957587,0.012271552885898466
benchmark,benchmark,1.0,0.0,False,69,110,10,8798568.63431166,0.12749806152602614,0.12248460419248075,0.15609843308639587,0.0015273412926681644
benchmark,benchmark,1.0,0.0,False,69,110,11,8594491.496682316,0.14354544363348606,0.10624950621548002,0.17660330007839,-0.013696111823765612
benchmark,benchmark,1.0,0.0,False,69,110,12,8500468.485927574,0.1507499814578317,0.08156707290357956,0.1860637241461605,-0.028984682828363754
benchmark,benchmark,1.0,0.0,False,69,110,13,8608824.739608161,0.1446491286100964,0.0546619959826391,0.18162134034289748,-0.03667380664153074
benchmark,benchmark,1.0,0.0,False,69,110,14,9165484.746065507,0.11712535696836861,0.03349363941552319,0.15947712711043457,-0.03468024874960629
benchmark,benchmark,1.0,0.0,False,69,110,15,9789822.225930134,0.08478914105554629,0.027489305307311973,0.13502936797321363,-0.030055079909323094
benchmark,benchmark,1.0,0.0,False,69,110,16,10280177.87772134,0.06386345110139795,0.04558708253132071,0.11726912507573126,-0.019272489168025674
benchmark,benchmark,1.0,0.0,False,69,110,17,10638996.584401175,0.053383369010535274,0.0863988156403912,0.11098000356650838,-0.008279039078159491
benchmark,benchmark,1.0,0.0,False,69,110,18,10906107.16090479,0.05811539958210818,0.14578985613614948,0.11574441349347528,0.0015769344540442621
benchmark,benchmark,1.0,0.0,False,69,110,19,11182265.06913755,0.06697914352497518,0.1921977554847043,0.13730797960368016,0.014257959374405589
benchmark,benchmark,1.0,0.0,False,69,110,20,11244633.534191243,0.07034171211606706,0.22087248876955834,0.15397702109380576,0.011884054192654215
benchmark,benchmark,1.0,0.0,False,69,110,21,11085031.043765444,0.07887203168539464,0.2312567651775832,0.16767375546217175,0.007700203766812283
benchmark,benchmark,1.0,0.0,False,69,110,22,10850672.759135535,0.09268252252594698,0.22253742027473122,0.18912297680452803,-0.008228852532645495
benchmark,benchmark,1.0,0.0,False,69,110,23,10683231.84270842,0.10106670937791375,0.1959265879839287,0.20530588939110117,-0.025184902481779514
benchmark,benchmark,1.0,0.0,False,69,110,24,10561097.82478723,0.102446196135577,0.16540397828343845,0.20984140506447738,-0.03996739010012506
benchmark,benchmark,1.0,0.0,False,69,110,25,10808039.567972092,0.08873827982008853,0.13392184168716836,0.2010399950644512,-0.04969915264250716
benchmark,benchmark,1.0,0.0,False,70,111,0,7609597.0,0.138,0.03,0.12063832026847152,0.010583740505574736
benchmark,benchmark,1.0,0.0,False,70,111,1,7652724.38733265,0.14039181650999813,0.030000000000000027,0.11859183719691781,0.007984885903803248
benchmark,benchmark,1.0,0.0,False,70,111,2,7810558.145549158,0.13522708141572493,0.02416379221127296,0.1205771870152906,-0.0004998282809616247
benchmark,benchmark,1.0,0.0,False,70,111,3,8094292.032921445,0.12339508676856754,0.02693906039771976,0.11024539303697212,0.005744063310937772
benchmark,benchmark,1.0,0.0,False,70,111,4,8415242.424626948,0.10595908311296691,0.03088572155142888,0.1017948972497072,0.009076698661175513
benchmark,benchmark,1.0,0.0,False,70,111,5,8715930.50299221,0.09187102149878579,0.04640036302544215,0.09331277224976885,0.014203290672881704
benchmark,benchmark,1.0,0.0,False,70,111,6,8854634.109084347,0.08865030518338403,0.06761115079074353,0.09597389965981232,0.013116363939613887
benchmark,benchmark,1.0,0.0,False,70,111,7,8874898.158721402,0.09891829368155013,0.0921505453967073,0.10744730090176205,0.015236418865171108
benchmark,benchmark,1.0,0.0,False,70,111,8,8815148.458651628,0.11090524435937604,0.10552472152113923,0.12767234378072284,0.007633350663661304
benchmark,benchmark,1.0,0.0,False,70,111,9,8775705.845095512,0.12214906793100172,0.10763177294293857,0.14221664475447046,0.004884844001683168
benchmark,benchmark,1.0,0.0,False,70,111,10,8664291.003017606,0.128705630419931,0.09921285911751965,0.15623298388808599,-0.007357258218427254
benchmark,benchmark,1.0,0.0,False,70,111,11,8677767.537219672,0.13104884318317653,0.08219581890634475,0.16345492714931795,-0.01718446285308832
benchmark,benchmark,1.0,0.0,False,70,111,12,8690958.176342402,0.13231981563086867,0.0667410332013525,0.16667995526573853,-0.024472905030898343
benchmark,benchmark,1.0,0.0,False,70,111,13,8952106.236987,0.12243926896682854,0.04963988863272473,0.16103481001275485,-0.031166090730230467
benchmark,benchmark,1.0,0.0,False,70,111,14,9387807.680772582,0.10245446638927204,0.04221319962683934,0.14558127774477625,-0.02918472503974787
benchmark,benchmark,1.0,0.0,False,70,111,15,9925030.953693816,0.07761915071783598,0.046896537721373255,0.12832762172899564,-0.02212352635450008
benchmark,benchmark,1.0,0.0,False,70,111,16,10333626.133722939,0.06057247271598297,0.0728922619789234,0.11461377462291586,-0.013017889628094057
benchmark,benchmark,1.0,0.0,False,70,111,17,10704436.281430881,0.054645243817618455,0.11690284121234473,0.11060249012002106,-0.0005232703330155706
benchmark,benchmark,1.0,0.0,False,70,111,18,10993508.332140118,0.05631234831168808,0.16975775170098073,0.1191240203403984,0.012940283121133045
benchmark,benchmark,1.0,0.0,False,70,111,19,11140825.751907108,0.06580373459872232,0.2148391144112336,0.13761754243484173,0.014915120133875205
benchmark,benchmark,1.0,0.0,False,70,111,20,11073181.459484275,0.08056450752332517,0.23431417650557584,0.16216566402123134,0.011444940046797358
benchmark,benchmark,1.0,0.0,False,70,111,21,10911425.397824772,0.08961245791434296,0.2291051326498812,0.18275462985150548,0.0011134253397551276
benchmark,benchmark,1.0,0.0,False,70,111,22,10538282.950608008,0.10254489804195595,0.2079144850695085,0.19981669512133515,-0.016449524357253463
benchmark,benchmark,1.0,0.0,False,70,111,23,10401784.58025355,0.10959328979426894,0.17319364313082675,0.21213868661087676,-0.03703486091493562
benchmark,benchmark,1.0,0.0,False,70,111,24,10395298.63597181,0.10455664611380759,0.13899520722489922,0.21105116197415186,-0.051564259035885004
benchmark,benchmark,1.0,0.0,False,70,111,25,10851143.403196778,0.08293194290869108,0.10909187787501384,0.19332013647907648,-0.05469599247085933
benchmark,benchmark,1.0,0.0,False,71,112,0,7609597.0,0.138,0.03,0.12063832026847152,0.010583740505574736
benchmark,benchmark,1.0,0.0,False,71,112,1,7652724.38733265,0.14039181650999813,0.030000000000000027,0.11859183719691781,0.007984885903803248
benchmark,benchmark,1.0,0.0,False,71,112,2,7805611.452779818,0.13522708141572493,0.02418121984506083,0.12046544943382044,0.004319352369148146
benchmark,benchmark,1.0,0.0,False,71,112,3,8047260.082707708,0.1251054153332465,0.026885194440390503,0.1121243346618294,0.008478895790693221
benchmark,benchmark,1.0,0.0,False,71,112,4,8333472.804163698,0.11111636507355624,0.03011629428964957,0.10642870105332793,0.009084732858890353
benchmark,benchmark,1.0,0.0,False,71,112,5,8527711.208228836,0.09967678225498784,0.04347944659286784,0.10075002153710025,0.00932099045148255
benchmark,benchmark,1.0,0.0,False,71,112,6,8741179.301652944,0.09631191127332331,0.05931004563657161,0.10146944956630155,0.010129277974029
benchmark,benchmark,1.0,0.0,False,71,112,7,8876181.820568016,0.09561494354223729,0.079086539780715,0.10702865132652684,0.011167568701038867
benchmark,benchmark,1.0,0.0,False,71,112,8,8923364.558358777,0.10207844433183817,0.09410736007607734,0.11849396649464292,0.009410669380195798
benchmark,benchmark,1.0,0.0,False,71,112,9,8912791.867379284,0.11275219326403926,0.1026713849781653,0.13378707044959073,0.005712296831253967
benchmark,benchmark,1.0,0.0,False,71,112,10,8778846.00513305,0.12400611528834636,0.09991747452146216,0.1515804264529352,-0.003163097250715775
benchmark,benchmark,1.0,0.0,False,71,112,11,8769149.648030916,0.1287984396732419,0.08982600791408557,0.1611398077978682,-0.012281540059833791
benchmark,benchmark,1.0,0.0,False,71,112,12,8779103.869207557,0.13063286085407202,0.07583589493153764,0.16558322188442473,-0.021040962118127796
benchmark,benchmark,1.0,0.0,False,71,112,13,8946047.182668189,0.12370890757134717,0.061347342676590255,0.16249706422142493,-0.024866816411247113
benchmark,benchmark,1.0,0.0,False,71,112,14,9281341.225674847,0.10686831648655072,0.051392970893650025,0.15128266168518734,-0.02457515325297285
benchmark,benchmark,1.0,0.0,False,71,112,15,9793112.238073815,0.08264661293847524,0.05171157398995985,0.13432955510984393,-0.021378877579015056
benchmark,benchmark,1.0,0.0,False,71,112,16,10307954.832833055,0.06346089096060267,0.06986404619669928,0.11878991707441768,-0.013818273049372142
benchmark,benchmark,1.0,0.0,False,71,112,17,10687325.44256586,0.05188399593571889,0.10952350852604575,0.11103226985978504,-0.0031977134773056902
benchmark,benchmark,1.0,0.0,False,71,112,18,11041997.008513933,0.05321886474927384,0.1647175603834241,0.11320116868065938,0.01228968668682901
benchmark,benchmark,1.0,0.0,False,71,112,19,11166146.653452683,0.06506794488814174,0.21306470007798062,0.13576463369862912,0.01685553460264047
benchmark,benchmark,1.0,0.0,False,71,112,20,11094163.286686428,0.0828619994898408,0.23582216390044475,0.16490426597631683,0.01372325323568732
benchmark,benchmark,1.0,0.0,False,71,112,21,10853470.114402402,0.09682443985372483,0.22922661429989888,0.18870462481942432,-0.0023431264346376207
benchmark,benchmark,1.0,0.0,False,71,112,22,10506720.3038701,0.10732018097283236,0.20373512834012564,0.20445681983537897,-0.020071029417854762
benchmark,benchmark,1.0,0.0,False,71,112,23,10374670.910790386,0.11100737716804306,0.16673319106329676,0.2115402058502825,-0.03823814755624595
benchmark,benchmark,1.0,0.0,False,71,112,24,10464741.824656023,0.1014775766178984,0.13134022408496504,0.20665663084472044,-0.050617172587265544
benchmark,benchmark,1.0,0.0,False,71,112,25,11027937.39130919,0.07768598350321945,0.10615522015825474,0.1861686035864277,-0.056512346460230546
benchmark,benchmark,1.0,0.0,False,72,113,0,7609597.0,0.138,0.03,0.12063832026847152,0.010583740505574736
benchmark,benchmark,1.0,0.0,False,72,113,1,7652724.38733265,0.14039181650999813,0.030000000000000027,0.11859183719691781,0.007984885903803248
benchmark,benchmark,1.0,0.0,False,72,113,2,7794028.0849892935,0.13522708141572493,0.024178506740961447,0.12052591699044952,0.0034360613904552326
benchmark,benchmark,1.0,0.0,False,72,113,3,8057296.142543379,0.124924758241077,0.026850035628960045,0.1110388691167739,0.0042623634323819826
benchmark,benchmark,1.0,0.0,False,72,113,4,8431196.382067263,0.10579124766058694,0.030229701823787147,0.10201324763371468,0.007982660159781696
benchmark,benchmark,1.0,0.0,False,72,113,5,8677911.729839196,0.09069204335332477,0.046505963710275156,0.09278368742887544,0.014028914044146194
benchmark,benchmark,1.0,0.0,False,72,113,6,8870523.091912435,0.08581415975744723,0.06869116282682941,0.09395435228770693,0.013084250659253371
benchmark,benchmark,1.0,0.0,False,72,113,7,8899428.392270517,0.09482010632789128,0.09518259050649691,0.1045264290013688,0.012249358732980598
benchmark,benchmark,1.0,0.0,False,72,113,8,8904674.156013228,0.10738820168881714,0.10952556187489515,0.12423486196438872,0.010606709108305119
benchmark,benchmark,1.0,0.0,False,72,113,9,8783880.339431042,0.11990285158526245,0.11447746440166173,0.14160368458936312,0.005740818162599761
benchmark,benchmark,1.0,0.0,False,72,113,10,8722036.486596065,0.12754295317621178,0.10454422030519783,0.15641138245646052,-0.001310391652721272
benchmark,benchmark,1.0,0.0,False,72,113,11,8549493.52438995,0.13883288663733448,0.08987616426389344,0.16909762282519097,-0.01574288346752996
benchmark,benchmark,1.0,0.0,False,72,113,12,8649636.591634206,0.13667327343317365,0.06639949247634469,0.17335378610184193,-0.025436698909166063
benchmark,benchmark,1.0,0.0,False,72,113,13,8824559.697017722,0.12802633709441286,0.04931669152326568,0.16533654496934652,-0.03220752059721044
benchmark,benchmark,1.0,0.0,False,72,113,14,9377568.467231374,0.10604277156582294,0.03678152644718047,0.14824624042241707,-0.028210953164897447
benchmark,benchmark,1.0,0.0,False,72,113,15,9827026.258945217,0.08071984564326155,0.04034482611246171,0.13059611679889466,-0.02280623573400087
benchmark,benchmark,1.0,0.0,False,72,113,16,10286674.46420513,0.06103061421677005,0.0625617853589786,0.11617766616711149,-0.014171205766325171
benchmark,benchmark,1.0,0.0,False,72,113,17,10698366.309800254,0.053674438013160984,0.10767347851092568,0.10893274772266567,-0.0006665116243678817
benchmark,benchmark,1.0,0.0,False,72,113,18,10943825.494559214,0.0566867803675759,0.16348242840741145,0.11828596365385817,0.008173535021218984
benchmark,benchmark,1.0,0.0,False,72,113,19,11145702.066055605,0.06656091702682647,0.21013651614137507,0.13724297146301992,0.013794063254679597
benchmark,benchmark,1.0,0.0,False,72,113,20,11112917.918049254,0.07619303970087406,0.2316075863096818,0.15969073617203883,0.013935443685223887
benchmark,benchmark,1.0,0.0,False,72,113,21,10994822.584021034,0.08375619905108116,0.23124753426328182,0.17606086269755952,0.0025674022794176885
benchmark,benchmark,1.0,0.0,False,72,113,22,10685610.643140249,0.10023513943572744,0.21353438356385634,0.195607424511757,-0.01370277045030563
benchmark,benchmark,1.0,0.0,False,72,113,23,10491936.708983317,0.111431625022538,0.1815009265115386,0.213318236464132,-0.035021263366116065
benchmark,benchmark,1.0,0.0,False,72,113,24,10420725.353109634,0.10984873088776752,0.14399166539383423,0.215041593017146,-0.048668306536997545
benchmark,benchmark,1.0,0.0,False,72,113,25,10798787.672860172,0.08632668951509762,0.11397898288069075,0.19732136212719364,-0.05370798040937221
benchmark,benchmark,1.0,0.0,False,73,114,0,7609597.0,0.138,0.03,0.12063832026847152,0.010583740505574736
benchmark,benchmark,1.0,0.0,False,73,114,1,7652724.38733265,0.14039181650999813,0.030000000000000027,0.11859183719691781,0.007984885903803248
benchmark,benchmark,1.0,0.0,False,73,114,2,7803938.248452482,0.13522708141572493,0.024171205035228738,0.1204696728912532,0.0017659017151863054
benchmark,benchmark,1.0,0.0,False,73,114,3,8070055.354512611,0.12383237140664796,0.0268923827646963,0.11082135458963349,0.006516168638564196
benchmark,benchmark,1.0,0.0,False,73,114,4,8409588.05069833,0.10686605374964518,0.030661257405107945,0.10296330418664272,0.009073684120354806
benchmark,benchmark,1.0,0.0,False,73,114,5,8657738.23138827,0.09412625769640995,0.04628555155187897,0.09519165415087678,0.010830967610930772
benchmark,benchmark,1.0,0.0,False,73,114,6,8818005.09262645,0.08916664172357423,0.06570204354075337,0.09729857637610263,0.015381197001398252
benchmark,benchmark,1.0,0.0,False,73,114,7,8870127.500391455,0.09768646448447715,0.08890009990561909,0.10739800970997504,0.01578684088672731
benchmark,benchmark,1.0,0.0,False,73,114,8,8818723.247955723,0.11217809108355781,0.10194949027657652,0.12846554320765963,0.010190385188028594
benchmark,benchmark,1.0,0.0,False,73,114,9,8705303.261120653,0.12726256865689695,0.10337476686857627,0.14821967101464437,-0.00015160082678959585
benchmark,benchmark,1.0,0.0,False,73,114,10,8580278.737108473,0.13762281869083562,0.09321872682915155,0.16287005193728243,-0.008829666633106418
benchmark,benchmark,1.0,0.0,False,73,114,11,8636931.996149128,0.13590901355085894,0.07559932525599189,0.16599123660017362,-0.018628646540964466
benchmark,benchmark,1.0,0.0,False,73,114,12,8785054.675665047,0.12667136678412808,0.06014647539940543,0.16030191655489784,-0.024427894504618675
benchmark,benchmark,1.0,0.0,False,73,114,13,9169852.51691731,0.10869473677535996,0.04687123326372733,0.14842192838620855,-0.024749670042493805
benchmark,benchmark,1.0,0.0,False,73,114,14,9597246.381527524,0.08872114413310415,0.047139353642784876,0.1334966996837307,-0.022754715252047125
benchmark,benchmark,1.0,0.0,False,73,114,15,10038905.703664914,0.07138353160708874,0.060531077213484386,0.12183778280554082,-0.01167230772219669
benchmark,benchmark,1.0,0.0,False,73,114,16,10435667.66199806,0.06115325004786425,0.09298196795374625,0.11521364952594945,-0.005608936118888755
benchmark,benchmark,1.0,0.0,False,73,114,17,10561359.011448106,0.0639433299070767,0.13789624958349123,0.12123156033838982,0.0004701810175768722
benchmark,benchmark,1.0,0.0,False,73,114,18,10754759.916500833,0.07037584589146735,0.1747925510162498,0.1375821967436543,0.005197918960457549
benchmark,benchmark,1.0,0.0,False,73,114,19,10871666.283662371,0.07550158869640305,0.1982250129376808,0.15110240571333114,0.004215086962269029
benchmark,benchmark,1.0,0.0,False,73,114,20,10788112.642052852,0.08019422310516312,0.20491873932482685,0.16517155584810891,-0.00014667993335755784
benchmark,benchmark,1.0,0.0,False,73,114,21,10717567.533364223,0.08571381878687831,0.20087024112280272,0.1767969559446472,-0.010716087850189756
benchmark,benchmark,1.0,0.0,False,73,114,22,10650225.30737155,0.09293634035143004,0.18408123660564435,0.1885064231199973,-0.021127725512611238
benchmark,benchmark,1.0,0.0,False,73,114,23,10634721.676430317,0.09292755047860808,0.16247747357282138,0.1954814482089566,-0.031110900524254678
benchmark,benchmark,1.0,0.0,False,73,114,24,10836765.214796137,0.08204000843256175,0.14178985219816376,0.18953347790506994,-0.039289472801424453
benchmark,benchmark,1.0,0.0,False,73,114,25,11398274.1980495,0.05947936548956837,0.13313315428204753,0.17062842398109654,-0.03544387338557499
benchmark,benchmark,1.0,0.0,False,74,115,0,7609597.0,0.138,0.03,0.12063832026847152,0.010583740505574736
benchmark,benchmark,1.0,0.0,False,74,115,1,7652724.38733265,0.14039181650999813,0.030000000000000027,0.11859183719691781,0.007984885903803248
benchmark,benchmark,1.0,0.0,False,74,115,2,7797854.872602894,0.13522708141572493,0.024176415315312783,0.120507620870698,0.0031333612775650693
benchmark,benchmark,1.0,0.0,False,74,115,3,8061191.37312812,0.1241742778079178,0.026871773875818405,0.11103835258707462,0.0055315949819529815
benchmark,benchmark,1.0,0.0,False,74,115,4,8442460.281722438,0.10644855078835286,0.030210368559190792,0.1020538858139113,0.00654447535495347
benchmark,benchmark,1.0,0.0,False,74,115,5,8672392.98720111,0.0920813694909447,0.04642201914259303,0.09444003559322763,0.009811061053972617
benchmark,benchmark,1.0,0.0,False,74,115,6,8840628.742508553,0.08763960626148436,0.0674016931641721,0.09530180557341125,0.010539143295228995
benchmark,benchmark,1.0,0.0,False,74,115,7,8963817.153895188,0.09208059967981944,0.09226842987583894,0.10331246676521488,0.016786490650984663
benchmark,benchmark,1.0,0.0,False,74,115,8,8935042.905253448,0.10452584229111866,0.10848502910363078,0.12106571153651276,0.013895707477773293
benchmark,benchmark,1.0,0.0,False,74,115,9,8839098.355850717,0.11597944217358314,0.11414195693599694,0.14081595152388882,0.007844047273344071
benchmark,benchmark,1.0,0.0,False,74,115,10,8674332.179314816,0.1325217908254337,0.10767348614357597,0.15932703341193438,-0.00505400907840723
benchmark,benchmark,1.0,0.0,False,74,115,11,8550713.57430229,0.14271684325312325,0.08988988475722692,0.1740196383103507,-0.013505860021279941
benchmark,benchmark,1.0,0.0,False,74,115,12,8621186.247065032,0.14073948424364027,0.067678585864698,0.17514738865424678,-0.02573160479726724
benchmark,benchmark,1.0,0.0,False,74,115,13,8795097.395057017,0.13006628852828958,0.046817533906397424,0.1686012118105666,-0.03323258224775088
benchmark,benchmark,1.0,0.0,False,74,115,14,9244773.353925815,0.10911221780367834,0.035862251689336544,0.1509898847779663,-0.033811606718953856
benchmark,benchmark,1.0,0.0,False,74,115,15,9943502.358639052,0.07810074504972651,0.03680593405539456,0.1284742702235262,-0.026255735748059988
benchmark,benchmark,1.0,0.0,False,74,115,16,10375522.317964308,0.056319783510990325,0.06259471839456299,0.11068930012794512,-0.014860220885167912
benchmark,benchmark,1.0,0.0,False,74,115,17,10769506.18369289,0.05015316864049837,0.11248982073821212,0.10425262674212338,-0.001973617274483666
benchmark,benchmark,1.0,0.0,False,74,115,18,11039353.447041739,0.05776986231812568,0.1742634626357351,0.11598436815445003,0.013782314930580583
benchmark,benchmark,1.0,0.0,False,74,115,19,11163013.927329933,0.06681667277705404,0.21725737890614005,0.14202165617089293,0.014973976351536956
benchmark,benchmark,1.0,0.0,False,74,115,20,11173632.425629595,0.07393187099005549,0.23901141474567722,0.1584564839990626,0.01599111292488377
benchmark,benchmark,1.0,0.0,False,74,115,21,10918066.964030817,0.08802066119260933,0.2382355931150688,0.1779879055790386,0.004949126958304608
benchmark,benchmark,1.0,0.0,False,74,115,22,10613545.967553437,0.10261357438363408,0.21624422885069294,0.20100537721542433,-0.014785337227983898
benchmark,benchmark,1.0,0.0,False,74,115,23,10441759.192146447,0.10808628801612585,0.18249255833319955,0.21128432416166973,-0.03362134097073034
benchmark,benchmark,1.0,0.0,False,74,115,24,10417123.215512682,0.10286561950820396,0.1451356550318892,0.21026231466717463,-0.04971838867175694
benchmark,benchmark,1.0,0.0,False,74,115,25,10802927.049407925,0.08247279350348759,0.11575091784688363,0.19386070510193643,-0.05731258290049678
benchmark,benchmark,1.0,0.0,False,75,116,0,7609597.0,0.138,0.03,0.12063832026847152,0.010583740505574736
benchmark,benchmark,1.0,0.0,False,75,116,1,7652724.579038038,0.14039189608182145,0.030000000000000027,0.11859185275440487,0.007984881356440793
benchmark,benchmark,1.0,0.0,False,75,116,2,7809324.871989589,0.1352271750006601,0.024175229326598213,0.12054642987694983,0.0028991851980060416
benchmark,benchmark,1.0,0.0,False,75,116,3,8045676.713770765,0.12456320144846394,0.026917137836538263,0.11166952037492268,0.006524233783878088
benchmark,benchmark,1.0,0.0,False,75,116,4,8367882.365678304,0.10899340955611103,0.030356887595798687,0.10424698838332234,0.006556670900162653
benchmark,benchmark,1.0,0.0,False,75,116,5,8640492.187054235,0.0942936728991241,0.044893148537620275,0.09566946708659024,0.01045732282918424
benchmark,benchmark,1.0,0.0,False,75,116,6,8861386.709527694,0.08714581309628941,0.06456865213133378,0.09403572742234279,0.01268393615923362
benchmark,benchmark,1.0,0.0,False,75,116,7,8987682.608059218,0.08766939072693848,0.09007189720377018,0.09959182449797112,0.01658891272650499
benchmark,benchmark,1.0,0.0,False,75,116,8,8986066.18367516,0.09676452241924856,0.11098283062980596,0.11498632997194094,0.013124560113508385
benchmark,benchmark,1.0,0.0,False,75,116,9,8915838.937453385,0.11202918459712805,0.12032476355170618,0.13458730052072315,0.012469347369383687
benchmark,benchmark,1.0,0.0,False,75,116,10,8795011.35999867,0.12442578387630404,0.11542084648535855,0.15453513893881152,5.3275541364514646e-05
benchmark,benchmark,1.0,0.0,False,75,116,11,8660279.64006261,0.13561399889968245,0.1008336544965005,0.16842014042120992,-0.01069883650579106
benchmark,benchmark,1.0,0.0,False,75,116,12,8629143.536940603,0.13765502283454614,0.08019070464682376,0.1750464905382747,-0.021997775806629937
benchmark,benchmark,1.0,0.0,False,75,116,13,8787178.105469884,0.13021274587370552,0.05916526822223167,0.17070020611741663,-0.030600562084061173
benchmark,benchmark,1.0,0.0,False,75,116,14,9135808.194886634,0.11444167156487964,0.044421377677404505,0.15754932015216944,-0.033373021599905565
benchmark,benchmark,1.0,0.0,False,75,116,15,9709387.676099386,0.08935291733557912,0.03986168997803574,0.13895139109641974,-0.02499857016205438
benchmark,benchmark,1.0,0.0,False,75,116,16,10193413.11301189,0.06427695980191568,0.05398182580436317,0.12112658072640384,-0.015103009246044538
benchmark,benchmark,1.0,0.0,False,75,116,17,10662882.716251228,0.05286566145601164,0.09351288283810133,0.10975010900181252,-0.003886681028101686
benchmark,benchmark,1.0,0.0,False,75,116,18,10814021.395550549,0.05909111087022739,0.14953217686298514,0.11748810526331989,0.0073608595041720765
benchmark,benchmark,1.0,0.0,False,75,116,19,10962727.63127029,0.06928557473093178,0.19365613371646084,0.1425866650799255,0.009010614686241883
benchmark,benchmark,1.0,0.0,False,75,116,20,11100920.139464028,0.07308936665162417,0.2168494611266878,0.15657013546457618,0.010335073549781481
benchmark,benchmark,1.0,0.0,False,75,116,21,11102202.164643167,0.074060697943698,0.2230908588073146,0.16463208116525566,0.004641705936165607
benchmark,benchmark,1.0,0.0,False,75,116,22,10947881.523161627,0.08343060311463316,0.21765372776043623,0.17844143792183087,-0.003824461769870643
benchmark,benchmark,1.0,0.0,False,75,116,23,10841151.249264376,0.09304725839050776,0.19990996162902586,0.19550699836997656,-0.0220372754468542
benchmark,benchmark,1.0,0.0,False,75,116,24,10787780.622168062,0.09345842006468896,0.17508296321604178,0.20193532053237714,-0.03156316752540022
benchmark,benchmark,1.0,0.0,False,75,116,25,10931730.977641074,0.08240656718148807,0.15037166496611376,0.19655092410533362,-0.04238611949889386
benchmark,benchmark,1.0,0.0,False,76,117,0,7609597.0,0.138,0.03,0.12063832026847152,0.010583740505574736
benchmark,benchmark,1.0,0.0,False,76,117,1,7652724.38733265,0.14039181650999813,0.030000000000000027,0.11859183719691781,0.007984885903803248
benchmark,benchmark,1.0,0.0,False,76,117,2,7805488.027980565,0.13522708141572493,0.02419449839717136,0.12056463140978832,0.007207996900182124
benchmark,benchmark,1.0,0.0,False,76,117,3,8009778.56014661,0.12590529462287176,0.02682565191731734,0.11343135952449074,0.006287645245984479
benchmark,benchmark,1.0,0.0,False,76,117,4,8329320.709956502,0.11228174128418944,0.029758649407786386,0.10680573339598308,0.0067387783354811185
benchmark,benchmark,1.0,0.0,False,76,117,5,8673891.066921694,0.09759743126489787,0.04205741587800049,0.0990504846377468,0.008906174657149105
benchmark,benchmark,1.0,0.0,False,76,117,6,8757932.809886426,0.09292361928568603,0.06045200915390403,0.10050885127142417,0.010724514365824188
benchmark,benchmark,1.0,0.0,False,76,117,7,8791409.16163562,0.10268713701590923,0.08080804503934358,0.11094519329290685,0.009549716801380835
benchmark,benchmark,1.0,0.0,False,76,117,8,8783864.259748353,0.11441973951193841,0.09216067750931667,0.12888348008961376,0.007115665916899362
benchmark,benchmark,1.0,0.0,False,76,117,9,8784293.589990105,0.11878041250389258,0.09500035089014425,0.14049050237416782,0.0036093590054897093
benchmark,benchmark,1.0,0.0,False,76,117,10,8732935.886875724,0.12456636145574002,0.08865780475976837,0.15121894918310835,-0.00610360271952961
benchmark,benchmark,1.0,0.0,False,76,117,11,8712542.256176613,0.12919250663188392,0.07945536014265553,0.15927795463387429,-0.015412333166254963
benchmark,benchmark,1.0,0.0,False,76,117,12,8877983.364589147,0.12241297128473248,0.06619718517182416,0.15827658632884264,-0.021279068818505328
benchmark,benchmark,1.0,0.0,False,76,117,13,9166568.38407621,0.10916069224501042,0.05836696963903387,0.14805676689960648,-0.021682904969254634
benchmark,benchmark,1.0,0.0,False,76,117,14,9597790.001995768,0.09048219785184115,0.05538981812416499,0.13629367187586094,-0.017556963181115437
benchmark,benchmark,1.0,0.0,False,76,117,15,9981612.195411123,0.06964599399830786,0.06970919231962847,0.12280437227418718,-0.011543117232501296
benchmark,benchmark,1.0,0.0,False,76,117,16,10447821.226985335,0.05646679371492353,0.10023494122058585,0.11237498274023139,-0.002032252434080317
benchmark,benchmark,1.0,0.0,False,76,117,17,10713281.96195312,0.05470459362345493,0.14846837079590935,0.11295278779715044,0.00848231515706405
benchmark,benchmark,1.0,0.0,False,76,117,18,10896134.6392935,0.06526279259102774,0.19536492151370233,0.12961873663745363,0.015327746934460987
benchmark,benchmark,1.0,0.0,False,76,117,19,10904752.303828625,0.07670045814864442,0.22033574488070595,0.1559763031910933,0.010318007525683568
benchmark,benchmark,1.0,0.0,False,76,117,20,10771993.810588464,0.08959036775104039,0.22277620437159085,0.17431977169686716,0.0018948168983413728
benchmark,benchmark,1.0,0.0,False,76,117,21,10525250.84885671,0.09926736482060336,0.20475195375592437,0.1924104383397776,-0.010413572365106268
benchmark,benchmark,1.0,0.0,False,76,117,22,10378488.606848715,0.10388912876663195,0.17690255361251017,0.20169042106580656,-0.028614302717017634
benchmark,benchmark,1.0,0.0,False,76,117,23,10350667.578933986,0.10414416421957837,0.14622162555966267,0.2037136369780144,-0.04254758225445154
benchmark,benchmark,1.0,0.0,False,76,117,24,10677543.719563454,0.08568251598010826,0.11767302075399688,0.19287731469389224,-0.048225926501307206
benchmark,benchmark,1.0,0.0,False,76,117,25,11413235.68721438,0.056285070863833636,0.10795877749726235,0.1661400620869226,-0.044255147129829406
benchmark,benchmark,1.0,0.0,False,77,118,0,7609597.0,0.138,0.03,0.12063832026847152,0.010583740505574736
benchmark,benchmark,1.0,0.0,False,77,118,1,7652724.38733265,0.14039181650999813,0.030000000000000027,0.11859183719691781,0.007984885903803248
benchmark,benchmark,1.0,0.0,False,77,118,2,7807863.249785816,0.13522708141572493,0.024176460803517985,0.12037272580961207,0.003178472297050573
benchmark,benchmark,1.0,0.0,False,77,118,3,8091459.477274288,0.12487881669289998,0.026871460126831614,0.11220438366202046,0.0025244830363842447
benchmark,benchmark,1.0,0.0,False,77,118,4,8350556.120635731,0.10942480308503862,0.03024228073029267,0.10534389169296642,0.00687273447880183
benchmark,benchmark,1.0,0.0,False,77,118,5,8605197.983517397,0.09647006418785811,0.04454389779808099,0.09776442997589779,0.00868570610039862
benchmark,benchmark,1.0,0.0,False,77,118,6,8812224.04863085,0.09067880360481716,0.06261647298516948,0.09776564100183753,0.011970607938835268
benchmark,benchmark,1.0,0.0,False,77,118,7,8886774.298594384,0.09330546265611657,0.0862565048414572,0.1049694387191992,0.013593983582154568
benchmark,benchmark,1.0,0.0,False,77,118,8,8901561.12270001,0.10439673259072316,0.10171140701669268,0.12079963983683167,0.01177391610503112
benchmark,benchmark,1.0,0.0,False,77,118,9,8817161.051084086,0.11622502091898843,0.10960986631476355,0.13882529224718665,0.004014606731555983
benchmark,benchmark,1.0,0.0,False,77,118,10,8740312.470399847,0.1277337203952273,0.1032124365740994,0.15431975091605915,-0.0043914476139474
benchmark,benchmark,1.0,0.0,False,77,118,11,8685742.266741302,0.13319307438109523,0.09020001164266556,0.1641899397604744,-0.014308824150413856
benchmark,benchmark,1.0,0.0,False,77,118,12,8739396.727315743,0.13018787125698236,0.07194547090280956,0.16612046985011214,-0.02160512275074873
benchmark,benchmark,1.0,0.0,False,77,118,13,9011018.022369036,0.1160467298021298,0.05673308215326034,0.1562958040723075,-0.02671855370409772
benchmark,benchmark,1.0,0.0,False,77,118,14,9501282.733097866,0.0948190552754456,0.048962047142151466,0.1401120874454946,-0.021978794305930027
benchmark,benchmark,1.0,0.0,False,77,118,15,9917167.356535623,0.0730943667990902,0.05799902834860182,0.12508361312569546,-0.01693501938977326
benchmark,benchmark,1.0,0.0,False,77,118,16,10394163.09097922,0.057769699326415465,0.08426197569796656,0.11358109201362668,-0.007274813571780172
benchmark,benchmark,1.0,0.0,False,77,118,17,10704011.438215664,0.05394764627359123,0.13196581798055207,0.11156922777701007,0.003388244051761372
benchmark,benchmark,1.0,0.0,False,77,118,18,10930269.149045989,0.06420952317313336,0.18135525744425696,0.12609071596079227,0.00970625181707465
benchmark,benchmark,1.0,0.0,False,77,118,19,10933490.528428024,0.07746645047064367,0.21253224684024996,0.15379523405834786,0.010594598222308094
benchmark,benchmark,1.0,0.0,False,77,118,20,10866620.764135843,0.08795094894177112,0.21800710407000645,0.17215902810990436,0.003964699175935232
benchmark,benchmark,1.0,0.0,False,77,118,21,10589270.343145594,0.09697345165264105,0.20674944185473976,0.1883040134314757,-0.012494070736105216
benchmark,benchmark,1.0,0.0,False,77,118,22,10443451.501479728,0.10453949981447719,0.18100693012937286,0.19928210097803536,-0.026009240899634297
benchmark,benchmark,1.0,0.0,False,77,118,23,10394270.468541376,0.10114749440499642,0.15036822746338285,0.20337648890897247,-0.0430349018968322
benchmark,benchmark,1.0,0.0,False,77,118,24,10743901.282652166,0.08495420131275379,0.12391391331718826,0.18963786238744884,-0.04967982585177884
benchmark,benchmark,1.0,0.0,False,77,118,25,11454462.460906904,0.05728967177162642,0.11361355723347577,0.16677627040007756,-0.044034792736684945
benchmark,benchmark,1.0,0.0,False,78,119,0,7609597.0,0.138,0.03,0.12063832026847152,0.010583740505574736
benchmark,benchmark,1.0,0.0,False,78,119,1,7652724.38733265,0.14039181650999813,0.030000000000000027,0.11859183719691781,0.007984885903803248
benchmark,benchmark,1.0,0.0,False,78,119,2,7818223.5783487465,0.13522708141572493,0.02418105325900255,0.12030128955621903,0.004142972174128414
benchmark,benchmark,1.0,0.0,False,78,119,3,8006043.922971146,0.12757971749307523,0.02684099709088561,0.11337615789790098,0.00517831539825302
benchmark,benchmark,1.0,0.0,False,78,119,4,8343293.412392825,0.11064024740679089,0.029006504054563065,0.10570734694368063,0.005516497424441709
benchmark,benchmark,1.0,0.0,False,78,119,5,8667920.936159447,0.09253833064961782,0.04280989074457553,0.09449176027784081,0.010357954966096232
benchmark,benchmark,1.0,0.0,False,78,119,6,8932550.90650825,0.08224165296836983,0.06411058576999151,0.09045796560970372,0.01282663547772515
benchmark,benchmark,1.0,0.0,False,78,119,7,9010207.535053208,0.0868749334024761,0.09175010509612402,0.09784439946543515,0.01768505503384831
benchmark,benchmark,1.0,0.0,False,78,119,8,8993627.988315966,0.10101592694918761,0.11240476924439191,0.11869266340703978,0.014306254489476752
benchmark,benchmark,1.0,0.0,False,78,119,9,8830543.491996534,0.12040246127991341,0.12099984023236576,0.14275440436954237,0.008412661321226065
benchmark,benchmark,1.0,0.0,False,78,119,10,8652899.107595276,0.1362880610475851,0.11264095031520838,0.1637841535187529,-0.003947567867329266
benchmark,benchmark,1.0,0.0,False,78,119,11,8528691.926522966,0.1455646146318852,0.09407955043902327,0.1761084764307413,-0.015631428468920176
benchmark,benchmark,1.0,0.0,False,78,119,12,8499883.597661914,0.1465128785456738,0.0685469522618285,0.18123760080358373,-0.026245160166035935
benchmark,benchmark,1.0,0.0,False,78,119,13,8723406.915069113,0.1360543820565607,0.046075574482255854,0.1727849763681168,-0.03345414607622968
benchmark,benchmark,1.0,0.0,False,78,119,14,9169003.647200061,0.11536224642065751,0.02975476115143838,0.15611671888598622,-0.03492195607563711
benchmark,benchmark,1.0,0.0,False,78,119,15,9836962.576084202,0.08664202385398981,0.02826530657075077,0.13348305785586081,-0.026304687679015955
benchmark,benchmark,1.0,0.0,False,78,119,16,10274011.204194482,0.0637326821494679,0.04707876671523947,0.11801428719984512,-0.01959507652022054
benchmark,benchmark,1.0,0.0,False,78,119,17,10588184.089913478,0.057829843243010146,0.08934047399984113,0.11113993798066123,-0.009584735051813334
benchmark,benchmark,1.0,0.0,False,78,119,18,10903128.764612747,0.059437280127824225,0.14061229084387694,0.12058517919521862,0.004539404000426889
benchmark,benchmark,1.0,0.0,False,78,119,19,11095281.354075244,0.06230350574260969,0.18751802163519593,0.13483216300357356,0.012006055858844218
benchmark,benchmark,1.0,0.0,False,78,119,20,11205864.021770136,0.06800370212747403,0.22022888740723912,0.1485655703079485,0.014153874429419589
benchmark,benchmark,1.0,0.0,False,78,119,21,11157963.846692214,0.07613269519271776,0.23466522108391152,0.16585620347078342,0.007263847383498862
benchmark,benchmark,1.0,0.0,False,78,119,22,10930876.51279464,0.08931523682311598,0.22816096541634567,0.18635942972164712,-0.005078234128494176
benchmark,benchmark,1.0,0.0,False,78,119,23,10698769.63852119,0.10090573905140919,0.2050236549948108,0.20452302492280475,-0.022324998196631286
benchmark,benchmark,1.0,0.0,False,78,119,24,10642751.812379282,0.09960962935318514,0.17158594113627723,0.20960943554784842,-0.03778171837060956
benchmark,benchmark,1.0,0.0,False,78,119,25,10813658.124758994,0.08779742782524855,0.14232487872462474,0.20015760883621703,-0.046743749177393754
benchmark,benchmark,1.0,0.0,False,79,120,0,7609597.0,0.138,0.03,0.12063832026847152,0.010583740505574736
benchmark,benchmark,1.0,0.0,False,79,120,1,7652724.38733265,0.14039181650999813,0.030000000000000027,0.11859183719691781,0.007984885903803248
benchmark,benchmark,1.0,0.0,False,79,120,2,7796702.1299916925,0.13522708141572493,0.02417585326340732,0.12047117973595105,0.0025925013762329633
benchmark,benchmark,1.0,0.0,False,79,120,3,8100742.079409424,0.12461043311555883,0.026877128720985466,0.11109881516745244,0.0035559244002142183
benchmark,benchmark,1.0,0.0,False,79,120,4,8392772.191530926,0.10841617084417787,0.03035165877891166,0.10336816384288341,0.006367091397048251
benchmark,benchmark,1.0,0.0,False,79,120,5,8682051.225619705,0.09197705570694133,0.04518155062818319,0.09410387008371351,0.009421740649909752
benchmark,benchmark,1.0,0.0,False,79,120,6,8870109.241488755,0.08652033445030238,0.06667214525192389,0.09384321587025211,0.012886752983168697
benchmark,benchmark,1.0,0.0,False,79,120,7,8957471.965672828,0.09343775664854233,0.09137673460842444,0.10271626749115145,0.016968812322049855
benchmark,benchmark,1.0,0.0,False,79,120,8,8944053.11408968,0.10384778189298043,0.10802981905412201,0.12147047535120943,0.013509272098665526
benchmark,benchmark,1.0,0.0,False,79,120,9,8806688.144748636,0.12037985477704125,0.11364556169635098,0.1422237285467505,0.003358023367648805
benchmark,benchmark,1.0,0.0,False,79,120,10,8629856.352400543,0.13804382213043964,0.1045295409334035,0.16351078040118794,-0.0067250678335031774
benchmark,benchmark,1.0,0.0,False,79,120,11,8521788.36973127,0.14621448125392528,0.08551188435463519,0.17668123037640915,-0.017150980868982337
benchmark,benchmark,1.0,0.0,False,79,120,12,8528606.293996138,0.14728166727510292,0.06291729894167308,0.1788306614674462,-0.028809836659934987
benchmark,benchmark,1.0,0.0,False,79,120,13,8760343.979315838,0.13267515719552164,0.040864646887146305,0.1695482028277015,-0.03531951634400472
benchmark,benchmark,1.0,0.0,False,79,120,14,9397812.999613762,0.10562341987015077,0.029329385551437825,0.14651786282304705,-0.03376703578341796
benchmark,benchmark,1.0,0.0,False,79,120,15,9878441.571890222,0.0780198185606458,0.03267861618561563,0.12728733796398745,-0.023595368196655836
benchmark,benchmark,1.0,0.0,False,79,120,16,10414961.518438606,0.058267622803238515,0.05854926072993649,0.11143962411999545,-0.014660385573175833
benchmark,benchmark,1.0,0.0,False,79,120,17,10734643.205784215,0.05190599899729384,0.1089841864261265,0.10629830718496677,-0.0025652891194792612
benchmark,benchmark,1.0,0.0,False,79,120,18,11032777.706863878,0.05529685082985555,0.1689648251062359,0.11624951884037663,0.00969123573199641
benchmark,benchmark,1.0,0.0,False,79,120,19,11206437.639379859,0.06645578003484576,0.21777503090738093,0.13693959844394812,0.018930269355914804
benchmark,benchmark,1.0,0.0,False,79,120,20,11203745.63863839,0.07656709955547522,0.23882096394397112,0.16070224195369748,0.015476663113702549
benchmark,benchmark,1.0,0.0,False,79,120,21,10955087.711991698,0.09024640423368889,0.23750551342420656,0.18035767214855922,0.0032232977361230193
benchmark,benchmark,1.0,0.0,False,79,120,22,10565219.315565286,0.1074669986828207,0.21446486361022132,0.20415952717714006,-0.01773976357302964
benchmark,benchmark,1.0,0.0,False,79,120,23,10400724.281927861,0.11341887653629444,0.1776118109714282,0.21528635897492224,-0.035332539360962464
benchmark,benchmark,1.0,0.0,False,79,120,24,10384347.617445376,0.10882857230046336,0.13849585315684165,0.21334321395081834,-0.05398870444188392
benchmark,benchmark,1.0,0.0,False,79,120,25,10694557.60223427,0.09068911278097813,0.10684009129781291,0.19933519881424303,-0.05819236809889862
benchmark,benchmark,1.0,0.0,False,80,121,0,7609597.0,0.138,0.03,0.12063832026847152,0.010583740505574736
benchmark,benchmark,1.0,0.0,False,80,121,1,7652573.991429995,0.14039305416049105,0.030000000000000027,0.11859902041763505,0.00798271910238141
benchmark,benchmark,1.0,0.0,False,80,121,2,7804486.276482563,0.13523901142061226,0.02417850367126717,0.12052519454051844,0.003581230186057112
benchmark,benchmark,1.0,0.0,False,80,121,3,8047401.449201927,0.124111171294953,0.026885999758877288,0.11180929191007453,0.0076211013655126895
benchmark,benchmark,1.0,0.0,False,80,121,4,8325500.899528214,0.11035559337624637,0.030537710877676094,0.10549358135259178,0.007457463940241571
benchmark,benchmark,1.0,0.0,False,80,121,5,8607889.257833505,0.09695895558269253,0.04432072901717721,0.09741692450745033,0.009450160313328234
benchmark,benchmark,1.0,0.0,False,80,121,6,8838775.674415207,0.08785073364217308,0.06293043440990931,0.09549479039132558,0.01018594224717327
benchmark,benchmark,1.0,0.0,False,80,121,7,8992972.428369975,0.08676674994574254,0.08748050013156727,0.0987249654742362,0.015245157027804315
benchmark,benchmark,1.0,0.0,False,80,121,8,9057554.970413828,0.09361494158229954,0.10858017777441975,0.1120245280432144,0.01324090275528874
benchmark,benchmark,1.0,0.0,False,80,121,9,8924602.508170078,0.11180623612848971,0.1211200673888615,0.13342850714722446,0.009795949256883991
benchmark,benchmark,1.0,0.0,False,80,121,10,8819104.956787268,0.12665425742373762,0.11659998818842121,0.15534017632940683,0.00044056411511242177
benchmark,benchmark,1.0,0.0,False,80,121,11,8642666.810222363,0.13782369475478648,0.10081623213142499,0.17065989589652553,-0.010885241832730217
benchmark,benchmark,1.0,0.0,False,80,121,12,8639262.096357288,0.14033542330883575,0.07841865122894265,0.17709523280139525,-0.024769001384451955
benchmark,benchmark,1.0,0.0,False,80,121,13,8773302.825666454,0.13520764377172262,0.05629180159005531,0.17358506126577222,-0.03284064919116012
benchmark,benchmark,1.0,0.0,False,80,121,14,9084042.520556115,0.1206689657219417,0.039464493337373785,0.16189440925022575,-0.03506383352785052
benchmark,benchmark,1.0,0.0,False,80,121,15,9688046.12599217,0.09133305146106332,0.033205037498779566,0.14099876362742658,-0.029313249113088108
benchmark,benchmark,1.0,0.0,False,80,121,16,10254070.633117294,0.06521729450166554,0.047382161028227454,0.1199789368923096,-0.019923493492697727
benchmark,benchmark,1.0,0.0,False,80,121,17,10686266.45838748,0.04964189291593656,0.08548521641053775,0.10774541956072593,-0.00849641325682889
benchmark,benchmark,1.0,0.0,False,80,121,18,11033797.262916598,0.05041078239033842,0.15095271813677713,0.10681554527675446,0.008648380362495794
benchmark,benchmark,1.0,0.0,False,80,121,19,11186193.124968143,0.062189561019580515,0.20803803006439225,0.1305142049542409,0.017963036455197902
benchmark,benchmark,1.0,0.0,False,80,121,20,11279477.571906846,0.07308256847945448,0.2394520634721875,0.15610478687875434,0.016671565151577597
benchmark,benchmark,1.0,0.0,False,80,121,21,11173820.38320105,0.08043663192542076,0.24476908591129387,0.172270207299865,0.008477358740556704
benchmark,benchmark,1.0,0.0,False,80,121,22,10910204.03033608,0.09389899891852314,0.229485281210694,0.189615653710441,-0.005512403499442134
benchmark,benchmark,1.0,0.0,False,80,121,23,10574901.887968535,0.10769530048275087,0.20060592427926793,0.210731653485365,-0.025523726677081138
benchmark,benchmark,1.0,0.0,False,80,121,24,10455137.974646289,0.10972437657527914,0.16139384139247892,0.21824447826995233,-0.04672140469303366
benchmark,benchmark,1.0,0.0,False,80,121,25,10631641.399362778,0.09975649342508335,0.12644503972886123,0.2084468263671814,-0.05761687882601096
benchmark,benchmark,1.0,0.0,False,81,122,0,7609597.0,0.138,0.03,0.12063832026847152,0.010583740505574736
benchmark,benchmark,1.0,0.0,False,81,122,1,7652724.38733265,0.14039181650999813,0.030000000000000027,0.11859183719691781,0.007984885903803248
benchmark,benchmark,1.0,0.0,False,81,122,2,7795379.849416762,0.13522708141572493,0.0241842277719575,0.1205845456106104,0.004510733785755456
benchmark,benchmark,1.0,0.0,False,81,122,3,8056509.159232635,0.12497344504408324,0.026820851116044375,0.11186970008014051,0.0029754842669861238
benchmark,benchmark,1.0,0.0,False,81,122,4,8420474.897092907,0.11076271379297056,0.030214536598981656,0.10429357309469969,0.0026372846618984013
benchmark,benchmark,1.0,0.0,False,81,122,5,8645722.336743154,0.09475940058489238,0.0438904982243884,0.09658692835968333,0.009121314204611356
benchmark,benchmark,1.0,0.0,False,81,122,6,8814944.792254861,0.08896843274330526,0.06375968426292311,0.0959789270354591,0.010797691352599045
benchmark,benchmark,1.0,0.0,False,81,122,7,8891635.049276749,0.09604103935698649,0.08669476483997252,0.1052433205868567,0.012090557827809108
benchmark,benchmark,1.0,0.0,False,81,122,8,8911633.187062792,0.10484848362508362,0.10119038917998813,0.12231894129499704,0.012429999913782137
benchmark,benchmark,1.0,0.0,False,81,122,9,8857513.884585148,0.11585660533634284,0.10687138314858613,0.13866945835150746,0.006227423391922554
benchmark,benchmark,1.0,0.0,False,81,122,10,8682189.529802825,0.1310682273522764,0.10150481365710551,0.1580338107202548,-0.004597319719089441
benchmark,benchmark,1.0,0.0,False,81,122,11,8584731.105537571,0.14107259561637978,0.08718515538788396,0.17129010432815614,-0.016219475916706808
benchmark,benchmark,1.0,0.0,False,81,122,12,8661335.571935402,0.1384702468439134,0.06714129533189395,0.17242681427244222,-0.026405287291813326
benchmark,benchmark,1.0,0.0,False,81,122,13,8896708.837346656,0.12561599989274747,0.050094972620521316,0.16298433989794234,-0.029373382110323913
benchmark,benchmark,1.0,0.0,False,81,122,14,9378261.968973372,0.10034820113232144,0.03938344696047302,0.1450956304785241,-0.025344008457825355
benchmark,benchmark,1.0,0.0,False,81,122,15,9956120.122995852,0.07558793130142204,0.045916447397946536,0.12497295416885221,-0.020010273834676896
benchmark,benchmark,1.0,0.0,False,81,122,16,10401761.677504225,0.057126109257393635,0.07164209898191709,0.11271225463392505,-0.012202300027590965
benchmark,benchmark,1.0,0.0,False,81,122,17,10748021.577226043,0.051376802722059654,0.1213991873955238,0.1073403375991143,0.0014725778253355892
benchmark,benchmark,1.0,0.0,False,81,122,18,10991108.057566714,0.06000105641058056,0.17812098021440725,0.12005171840202056,0.01360643072402863
benchmark,benchmark,1.0,0.0,False,81,122,19,11093125.666075585,0.07143869591915647,0.21624048793572914,0.1466417371359023,0.017286384469307706
benchmark,benchmark,1.0,0.0,False,81,122,20,11062832.081104606,0.07892888614390978,0.23150622560403655,0.16464307171352677,0.011097844094631411
benchmark,benchmark,1.0,0.0,False,81,122,21,10755010.574303174,0.09362795754633003,0.22583304986659392,0.18331485912792092,-0.0033822263362411065
benchmark,benchmark,1.0,0.0,False,81,122,22,10585065.825170895,0.10387833080685517,0.20113409306928243,0.20066784756266548,-0.020287612887465892
benchmark,benchmark,1.0,0.0,False,81,122,23,10443454.409459433,0.10554897052262267,0.1678229792853938,0.20754316245366633,-0.039984653453867154
benchmark,benchmark,1.0,0.0,False,81,122,24,10555723.724407708,0.09786789897678903,0.1348901709332362,0.20170043483001238,-0.04929894140193284
benchmark,benchmark,1.0,0.0,False,81,122,25,11116069.295580843,0.07072907432682764,0.11264789961896104,0.18217382518218073,-0.04696487442704935
benchmark,benchmark,1.0,0.0,False,82,123,0,7609597.0,0.138,0.03,0.12063832026847152,0.010583740505574736
benchmark,benchmark,1.0,0.0,False,82,123,1,7652724.38733265,0.14039181650999813,0.030000000000000027,0.11859183719691781,0.007984885903803248
benchmark,benchmark,1.0,0.0,False,82,123,2,7806433.00710526,0.13522708141572493,0.024178944487317944,0.120353731246704,0.003649076713633944
benchmark,benchmark,1.0,0.0,False,82,123,3,8032410.8051144425,0.12487928273260135,0.026875867130523368,0.1118198239033449,0.00458695006557052
benchmark,benchmark,1.0,0.0,False,82,123,4,8414461.464442732,0.10616415904473137,0.030242462656994817,0.10202646385824518,0.006773814412007024
benchmark,benchmark,1.0,0.0,False,82,123,5,8734790.71568647,0.08810167622466973,0.04637826054456373,0.0908852805112339,0.012957483372241922
benchmark,benchmark,1.0,0.0,False,82,123,6,8925114.980583264,0.08055392188675352,0.0705713664257428,0.08953506744520981,0.01550616254126428
benchmark,benchmark,1.0,0.0,False,82,123,7,8993006.51111406,0.09013183146974975,0.1001098614948277,0.09993760991844336,0.017692362749065382
benchmark,benchmark,1.0,0.0,False,82,123,8,8913837.204621896,0.10678667173125687,0.1181353680394337,0.12410874387355744,0.014775799795557607
benchmark,benchmark,1.0,0.0,False,82,123,9,8794809.668627767,0.12184814266451398,0.12064461384587255,0.14599985998063447,0.007047285044837488
benchmark,benchmark,1.0,0.0,False,82,123,10,8602179.329007335,0.13779272677478518,0.10984573820316146,0.1651979063232559,-0.0021131581353056065
benchmark,benchmark,1.0,0.0,False,82,123,11,8416747.763741095,0.15027768160578933,0.08884368483947935,0.181453041679044,-0.01944155816677749
benchmark,benchmark,1.0,0.0,False,82,123,12,8425420.571850866,0.15137570419695404,0.06352518480155611,0.18459811994537328,-0.033240012498230845
benchmark,benchmark,1.0,0.0,False,82,123,13,8701080.457256224,0.13793068841857012,0.03910268811738793,0.17216625476501055,-0.035825190311739905
benchmark,benchmark,1.0,0.0,False,82,123,14,9332913.0942949,0.10777820516551072,0.024169475961171694,0.1487059641960087,-0.034022502049991785
benchmark,benchmark,1.0,0.0,False,82,123,15,9927097.957649808,0.07552778086397752,0.025839960436486953,0.12563568804348466,-0.024780294708301082
benchmark,benchmark,1.0,0.0,False,82,123,16,10355886.033869589,0.056590674217872845,0.05400136251230814,0.10984442848038371,-0.015958107499199153
benchmark,benchmark,1.0,0.0,False,82,123,17,10729221.55276923,0.052185275267319815,0.10645740997687803,0.10548445351887803,-0.002428164610881915
benchmark,benchmark,1.0,0.0,False,82,123,18,11061172.261076061,0.05573767861128144,0.16820519553962798,0.1167988523228821,0.010632012810084954
benchmark,benchmark,1.0,0.0,False,82,123,19,11299202.50244831,0.06365273637575018,0.21679306857654046,0.13491506945761642,0.01843528835176514
benchmark,benchmark,1.0,0.0,False,82,123,20,11184730.337463718,0.07747775521076253,0.24454256204320357,0.15966185451009302,0.011861976974618113
benchmark,benchmark,1.0,0.0,False,82,123,21,10913950.211164476,0.09489116139850631,0.23899914110863119,0.18480469989391357,0.0026499120172575846
benchmark,benchmark,1.0,0.0,False,82,123,22,10639034.980789794,0.10140169322651275,0.21427074714040395,0.2017361733948568,-0.01539842745617163
benchmark,benchmark,1.0,0.0,False,82,123,23,10488628.08782638,0.10389562171516824,0.1791459837824605,0.20652524958926496,-0.03606547302077829
benchmark,benchmark,1.0,0.0,False,82,123,24,10514047.061304344,0.09781252078971261,0.14417194878939177,0.20560226870513718,-0.04903207385901007
benchmark,benchmark,1.0,0.0,False,82,123,25,10889898.384946857,0.0805287972662757,0.11818597660591057,0.1908839269870379,-0.05366153855685882
benchmark,benchmark,1.0,0.0,False,83,124,0,7609597.0,0.138,0.03,0.12063832026847152,0.010583740505574736
benchmark,benchmark,1.0,0.0,False,83,124,1,7652724.38733265,0.14039181650999813,0.030000000000000027,0.11859183719691781,0.007984885903803248
benchmark,benchmark,1.0,0.0,False,83,124,2,7801793.704639675,0.13522708141572493,0.024181009460047642,0.12050544446928059,0.004164884073127168
benchmark,benchmark,1.0,0.0,False,83,124,3,8044972.28389028,0.12460078112289083,0.026850990735577174,0.11197679002817187,0.0061413704915950764
benchmark,benchmark,1.0,0.0,False,83,124,4,8362112.177517751,0.10861772897194737,0.030331040422638234,0.10416154567940726,0.006517364219078112
benchmark,benchmark,1.0,0.0,False,83,124,5,8661889.827771293,0.0931490708936264,0.045049575812446285,0.09505112600106744,0.013109608610391399
benchmark,benchmark,1.0,0.0,False,83,124,6,8864810.877629723,0.08561100468168155,0.0660117211285105,0.0939408830187909,0.011689102004625947
benchmark,benchmark,1.0,0.0,False,83,124,7,8959248.720668506,0.09006267125382407,0.09233280789209708,0.10109035201954478,0.01707372373525344
benchmark,benchmark,1.0,0.0,False,83,124,8,8974617.928150982,0.10227377081390762,0.10905087868401075,0.11983629931115793,0.011987556257704729
benchmark,benchmark,1.0,0.0,False,83,124,9,8810205.88356545,0.11861846632001528,0.11709933775094505,0.14149161238105698,0.004038025078744405
benchmark,benchmark,1.0,0.0,False,83,124,10,8706712.350615274,0.1313118330863588,0.10718660020412196,0.15932853850553366,-0.002009116270550118
benchmark,benchmark,1.0,0.0,False,83,124,11,8655379.826615972,0.13516288893199116,0.09236945145147502,0.16747534438451764,-0.015676803974203332
benchmark,benchmark,1.0,0.0,False,83,124,12,8647324.760207022,0.13477280525065766,0.0717494666714813,0.17100420006198266,-0.027608601041559096
benchmark,benchmark,1.0,0.0,False,83,124,13,8948956.544110967,0.12187286959077807,0.05360210650477715,0.16079758024865304,-0.02738465336000388
benchmark,benchmark,1.0,0.0,False,83,124,14,9405804.143953199,0.097874068028606,0.04356606885185732,0.144094742931755,-0.026869513985172233
benchmark,benchmark,1.0,0.0,False,83,124,15,9962489.636301177,0.07315312539421101,0.049718763099377616,0.1251133867029348,-0.021332130001572507
benchmark,benchmark,1.0,0.0,False,83,124,16,10360515.48990843,0.05753760811777983,0.07712121885872047,0.11228019285837153,-0.009633672671899561
benchmark,benchmark,1.0,0.0,False,83,124,17,10762550.611914417,0.0505716305677032,0.1261225199508902,0.10857217005378603,0.001108999133808038
benchmark,benchmark,1.0,0.0,False,83,124,18,11052938.962163983,0.055306937355654506,0.18382200153147088,0.11716571957509941,0.014170342861950304
benchmark,benchmark,1.0,0.0,False,83,124,19,11090003.414747933,0.07108417219259447,0.22820820629263783,0.14287498447448607,0.018229559082624736
benchmark,benchmark,1.0,0.0,False,83,124,20,11064311.080172747,0.08159426591733711,0.23834533190512563,0.16959985683298945,0.013764052609202517
benchmark,benchmark,1.0,0.0,False,83,124,21,10743572.706322568,0.09565234682797372,0.22962976384971534,0.18707939594591239,-0.001009584154046616
benchmark,benchmark,1.0,0.0,False,83,124,22,10465211.691160344,0.11268246595385238,0.20004614805979193,0.2077587724568837,-0.023545652613452917
benchmark,benchmark,1.0,0.0,False,83,124,23,10219072.120893486,0.11878993841124505,0.16102408773474264,0.21955679033339393,-0.04056542772498686
benchmark,benchmark,1.0,0.0,False,83,124,24,10359753.23739902,0.10283257805357673,0.12243210778756208,0.21055301199669538,-0.05843448048404105
benchmark,benchmark,1.0,0.0,False,83,124,25,10976215.185550105,0.07568576876167273,0.09713380989928622,0.1834124017437697,-0.055676913331314956
benchmark,benchmark,1.0,0.0,False,84,125,0,7609597.0,0.138,0.03,0.12063832026847152,0.010583740505574736
benchmark,benchmark,1.0,0.0,False,84,125,1,7652724.38733265,0.14039181650999813,0.030000000000000027,0.11859183719691781,0.007984885903803248
benchmark,benchmark,1.0,0.0,False,84,125,2,7812520.143181676,0.135227137041172,0.024170779470006565,0.12031541546280497,0.0018868192985360191
benchmark,benchmark,1.0,0.0,False,84,125,3,8052047.131993262,0.1249071485739216,0.026888059745781456,0.11186830547398513,0.00509071657013345
benchmark,benchmark,1.0,0.0,False,84,125,4,8380278.68250678,0.10978591018042659,0.030223051918467858,0.10420220551095581,0.010086270974714965
benchmark,benchmark,1.0,0.0,False,84,125,5,8607835.517175214,0.095496510099836,0.04433396823226787,0.09760060046839113,0.010076259910954986
benchmark,benchmark,1.0,0.0,False,84,125,6,8766838.332643386,0.09385201360676156,0.06382818102912302,0.09847274731833314,0.008215640686235945
benchmark,benchmark,1.0,0.0,False,84,125,7,8916852.095811257,0.09355641450313876,0.08372138773061133,0.10500033796877717,0.0128311410018554
benchmark,benchmark,1.0,0.0,False,84,125,8,9031442.457903728,0.09594272318599671,0.10140442505195146,0.11399850929784285,0.013045056300045781
benchmark,benchmark,1.0,0.0,False,84,125,9,8914957.953197176,0.10969953039999814,0.11188733566280118,0.13118369735463467,0.0076377485508878394
benchmark,benchmark,1.0,0.0,False,84,125,10,8834838.547372472,0.1223407397466614,0.10846891807650638,0.15207015450791797,-0.001142895364086739
benchmark,benchmark,1.0,0.0,False,84,125,11,8659733.211547902,0.1371078141635417,0.09824662357704206,0.16793346152440616,-0.013313815210033334
benchmark,benchmark,1.0,0.0,False,84,125,12,8656554.17182752,0.14018060442254737,0.07677297202033762,0.17616165336204745,-0.025180463295452517
benchmark,benchmark,1.0,0.0,False,84,125,13,8803197.610639745,0.13243835572135912,0.058842474511570986,0.16971346677488536,-0.029150317393750996
benchmark,benchmark,1.0,0.0,False,84,125,14,9175248.5603727,0.11261471592560743,0.043512634733849476,0.15600975040262569,-0.03091167988112447
benchmark,benchmark,1.0,0.0,False,84,125,15,9739732.257035129,0.08703852898861271,0.04066936083630046,0.13572062973982774,-0.025769637768961972
benchmark,benchmark,1.0,0.0,False,84,125,16,10290084.115533283,0.06420245851208566,0.05584576588379697,0.11901364332943414,-0.018301063829350414
benchmark,benchmark,1.0,0.0,False,84,125,17,10695081.256155735,0.05046484134996139,0.09627480531491184,0.1082282778927395,-0.003655438149321934
benchmark,benchmark,1.0,0.0,False,84,125,18,10994379.547341794,0.05349024757434459,0.15631422638986026,0.11056742127516585,0.007437585344800182
benchmark,benchmark,1.0,0.0,False,84,125,19,11117187.140954982,0.06551600106588468,0.2079198020310833,0.13584705025370844,0.016254682513074343
benchmark,benchmark,1.0,0.0,False,84,125,20,11181252.632458037,0.07516833510424874,0.23344535419160395,0.159278949082002,0.013997165023518297
benchmark,benchmark,1.0,0.0,False,84,125,21,10956962.575857092,0.08726632124100021,0.23703630225359062,0.17696539974623637,0.005424364286946247
benchmark,benchmark,1.0,0.0,False,84,125,22,10675709.86049719,0.1014417295745494,0.2164372412356701,0.19773879951071,-0.012132740541908686
benchmark,benchmark,1.0,0.0,False,84,125,23,10483749.182633579,0.10762828697446775,0.18377557746192097,0.21029787112900186,-0.030698418800967672
benchmark,benchmark,1.0,0.0,False,84,125,24,10445179.1250754,0.10546637640550145,0.14755305347336156,0.21179935976448133,-0.05115917112589091
benchmark,benchmark,1.0,0.0,False,84,125,25,10775981.871637378,0.08916807253704064,0.11626497276233483,0.19883628966626385,-0.05488739143277195
benchmark,benchmark,1.0,0.0,False,85,126,0,7609597.0,0.138,0.03,0.12063832026847152,0.010583740505574736
benchmark,benchmark,1.0,0.0,False,85,126,1,7652724.38733265,0.14039181650999813,0.030000000000000027,0.11859183719691781,0.007984885903803248
benchmark,benchmark,1.0,0.0,False,85,126,2,7805447.292951422,0.13522708141572493,0.024177560936350373,0.12041051553029103,0.003442631022190316
benchmark,benchmark,1.0,0.0,False,85,126,3,8047102.756847766,0.12540575991661,0.0268617181089843,0.11207736339959044,0.00782253732451517
benchmark,benchmark,1.0,0.0,False,85,126,4,8338889.719430038,0.11015036409885649,0.029952288573705355,0.10518033393075292,0.005962536053419879
benchmark,benchmark,1.0,0.0,False,85,126,5,8649411.095473392,0.09704492013879855,0.04403768113540396,0.0962776974408996,0.009324197170555425
benchmark,benchmark,1.0,0.0,False,85,126,6,8836760.006458592,0.08912566137595318,0.062305468995522695,0.0960459884805006,0.011752693214967604
benchmark,benchmark,1.0,0.0,False,85,126,7,8954788.390754154,0.09045265816115604,0.08712593343112873,0.1007734636350485,0.015494114998546719
benchmark,benchmark,1.0,0.0,False,85,126,8,8956128.209501646,0.09986046696562396,0.1049203807874941,0.11728905716483144,0.012227946193154768
benchmark,benchmark,1.0,0.0,False,85,126,9,8843295.195918242,0.11663946016495044,0.11443459513412146,0.13822986295168327,0.005909905873917391
benchmark,benchmark,1.0,0.0,False,85,126,10,8677800.685172686,0.13452261426409362,0.10748134612672167,0.16075481187050922,-0.004417959938225191
benchmark,benchmark,1.0,0.0,False,85,126,11,8559911.189701952,0.1452835515870137,0.09117167651065916,0.17488945272946751,-0.016351525545660925
benchmark,benchmark,1.0,0.0,False,85,126,12,8491757.868553799,0.14846615621113946,0.06802157353653682,0.18115432549642888,-0.02828890483801529
benchmark,benchmark,1.0,0.0,False,85,126,13,8780025.099901943,0.13424699398798176,0.04582298726574652,0.17076097620423164,-0.036107480903379154
benchmark,benchmark,1.0,0.0,False,85,126,14,9209380.07229213,0.11133706372804214,0.030670049024715595,0.15281245960115528,-0.03533859138488547
benchmark,benchmark,1.0,0.0,False,85,126,15,9886921.982985783,0.08033413954342086,0.030227696272086213,0.13036813698642016,-0.026233957573242497
benchmark,benchmark,1.0,0.0,False,85,126,16,10287497.621846732,0.06035832032737247,0.05363659414382216,0.11366966105770655,-0.014471857750201128
benchmark,benchmark,1.0,0.0,False,85,126,17,10716980.381168658,0.05175785345537423,0.1000352281676935,0.1074195394382775,-0.0028372374432269003
benchmark,benchmark,1.0,0.0,False,85,126,18,10993418.683880165,0.0542183137283154,0.1623067303060557,0.1143541425180138,0.010896899374072544
benchmark,benchmark,1.0,0.0,False,85,126,19,11170421.076001674,0.0673988169414304,0.21285830696909125,0.13623826907127415,0.01781954656502029
benchmark,benchmark,1.0,0.0,False,85,126,20,11138285.352353387,0.07935660260041823,0.2351193685937265,0.16310874714309548,0.016226534181557766
benchmark,benchmark,1.0,0.0,False,85,126,21,10917924.968915861,0.08932433754460979,0.23342348495349352,0.18104561689075616,-0.0001955809343734337
benchmark,benchmark,1.0,0.0,False,85,126,22,10699303.831191905,0.10043185724740528,0.21061115319977963,0.19585602423912546,-0.015896072081761616
benchmark,benchmark,1.0,0.0,False,85,126,23,10534081.333676014,0.10308395023045593,0.17867166273813107,0.2064292442451756,-0.03306785614521869
benchmark,benchmark,1.0,0.0,False,85,126,24,10584327.108626429,0.09820493717968587,0.14567181566859055,0.2045019982814391,-0.04434267764867404
benchmark,benchmark,1.0,0.0,False,85,126,25,10830827.762096465,0.08514213348161905,0.11941768941288444,0.1946501137156976,-0.05118572349517104
benchmark,benchmark,1.0,0.0,False,86,127,0,7609597.0,0.138,0.03,0.12063832026847152,0.010583740505574736
benchmark,benchmark,1.0,0.0,False,86,127,1,7652724.38733265,0.14039181650999813,0.030000000000000027,0.11859183719691781,0.007984885903803248
benchmark,benchmark,1.0,0.0,False,86,127,2,7797535.540496843,0.13522792692462418,0.0241780864483494,0.12055006007782303,0.0037504461675591247
benchmark,benchmark,1.0,0.0,False,86,127,3,8049301.5324522955,0.12439918088385989,0.02687613792222887,0.11153603568962524,0.006701927754935272
benchmark,benchmark,1.0,0.0,False,86,127,4,8409254.830489524,0.1075790112323599,0.030423671999403323,0.10343575734547547,0.0068154161687141255
benchmark,benchmark,1.0,0.0,False,86,127,5,8649884.763697479,0.09308271628793133,0.04571369353663979,0.09545667642968753,0.011083737545820352
benchmark,benchmark,1.0,0.0,False,86,127,6,8798756.314207288,0.0895311340426064,0.06614914129289962,0.09668063970272436,0.013232839072474231
benchmark,benchmark,1.0,0.0,False,86,127,7,8932821.336495025,0.09534932635752462,0.08845093937126114,0.10646708074322399,0.013175995387289393
benchmark,benchmark,1.0,0.0,False,86,127,8,8877044.368753364,0.10803832074111058,0.10379674336997424,0.12371372836788228,0.01306823053186943
benchmark,benchmark,1.0,0.0,False,86,127,9,8810465.67059095,0.1165279672390695,0.10843287191109696,0.14049837260969145,0.0067377035553061165
benchmark,benchmark,1.0,0.0,False,86,127,10,8682728.352762153,0.12755046525397368,0.10408514571870087,0.15475905746999039,-0.00506646655263415
benchmark,benchmark,1.0,0.0,False,86,127,11,8595166.607688095,0.13769283308350988,0.08819898909932,0.1685325471395046,-0.015094741907669889
benchmark,benchmark,1.0,0.0,False,86,127,12,8648317.286200475,0.13822476913309603,0.06869174201453343,0.17204535740230112,-0.02580594416270669
benchmark,benchmark,1.0,0.0,False,86,127,13,8925982.934919748,0.12553492413033,0.050577203804711424,0.16310412553608736,-0.031857676003478205
benchmark,benchmark,1.0,0.0,False,86,127,14,9366484.2110815,0.10124408746567723,0.04046401512471309,0.1449577833500977,-0.028022008212195935
benchmark,benchmark,1.0,0.0,False,86,127,15,10003551.441446524,0.07349440347348224,0.04529521303100936,0.12439104542604079,-0.017247761427083372
benchmark,benchmark,1.0,0.0,False,86,127,16,10360052.70024219,0.05735699282051768,0.0738794095482711,0.11186897880439259,-0.009144339203849433
benchmark,benchmark,1.0,0.0,False,86,127,17,10670733.552249102,0.05809641811089486,0.12204760797027903,0.11274497413222105,-0.0010007871799751643
benchmark,benchmark,1.0,0.0,False,86,127,18,10848403.882247334,0.06648258920637803,0.1688574413847963,0.13122905323249143,0.007773600175932341
benchmark,benchmark,1.0,0.0,False,86,127,19,10950190.523314415,0.07463084638018759,0.20141916411081762,0.14998062457730812,0.010368286544703856
benchmark,benchmark,1.0,0.0,False,86,127,20,10846261.521715213,0.08155229836976424,0.21258323733091689,0.16629070187022557,0.003275631991800251
benchmark,benchmark,1.0,0.0,False,86,127,21,10836033.748043098,0.08734457552886084,0.20742470638017574,0.17744432670452168,-0.003967199276959737
benchmark,benchmark,1.0,0.0,False,86,127,22,10543248.7641846,0.09955196865185525,0.19064678830934922,0.19473463206409614,-0.021271054623877995
benchmark,benchmark,1.0,0.0,False,86,127,23,10540595.16414395,0.10010002572469229,0.16359421353838344,0.20246207243787864,-0.036628080049971694
benchmark,benchmark,1.0,0.0,False,86,127,24,10806696.229238354,0.0841047805521778,0.1387230643559847,0.19039694224128784,-0.04255509390845495
benchmark,benchmark,1.0,0.0,False,86,127,25,11346919.53681618,0.06164459434423249,0.12686947816192706,0.1711042674203844,-0.04098109661027683
benchmark,benchmark,1.0,0.0,False,87,128,0,7609597.0,0.138,0.03,0.12063832026847152,0.010583740505574736
benchmark,benchmark,1.0,0.0,False,87,128,1,7652720.659059336,0.14039204578760067,0.029999999999999805,0.11859203669881745,0.007984787537176637
benchmark,benchmark,1.0,0.0,False,87,128,2,7804124.837337487,0.1352273782580663,0.024168849806441184,0.12052584486839978,0.0010953879704119623
benchmark,benchmark,1.0,0.0,False,87,128,3,8072253.135584136,0.1240199349331775,0.0269042900410168,0.11062706680294176,0.00585107735170701
benchmark,benchmark,1.0,0.0,False,87,128,4,8434950.959153848,0.10542390156394663,0.030613616160076962,0.10187731707976172,0.0070381854335560285
benchmark,benchmark,1.0,0.0,False,87,128,5,8707396.318739519,0.09075747734981043,0.04675199882592285,0.09318452413832315,0.010019784399148489
benchmark,benchmark,1.0,0.0,False,87,128,6,8843380.370726885,0.08771046030498005,0.06912413865921874,0.09458003976289897,0.012687900986779212
benchmark,benchmark,1.0,0.0,False,87,128,7,8939704.149481906,0.09302350717160826,0.0936162915710228,0.10427047184835488,0.013752907822932706
benchmark,benchmark,1.0,0.0,False,87,128,8,8956811.206613673,0.1043534391185678,0.10990426881863158,0.12130119126889011,0.011612103102734379
benchmark,benchmark,1.0,0.0,False,87,128,9,8756400.024367679,0.12215618152552765,0.11501887499184704,0.14343524288272383,0.005670176195175299
benchmark,benchmark,1.0,0.0,False,87,128,10,8706803.847847208,0.130758787744185,0.10412691973769772,0.1597263138907463,-0.004800621658994294
benchmark,benchmark,1.0,0.0,False,87,128,11,8621640.717864595,0.13839026889274633,0.08788574418496586,0.16957134066782703,-0.016802991299772266
benchmark,benchmark,1.0,0.0,False,87,128,12,8541200.776444243,0.14437023937452156,0.06670725432089863,0.1782164036887877,-0.029497425956857032
benchmark,benchmark,1.0,0.0,False,87,128,13,8789761.56724242,0.13328216951630423,0.0460553469724152,0.17036654168054396,-0.03387409725368845
benchmark,benchmark,1.0,0.0,False,87,128,14,9246431.85846309,0.10880271836134729,0.03288266641842319,0.15160903480544208,-0.03146808065878849
benchmark,benchmark,1.0,0.0,False,87,128,15,9886504.91283624,0.08038352625014132,0.03397130271692683,0.12918120012376902,-0.024200132533579968
benchmark,benchmark,1.0,0.0,False,87,128,16,10391149.325824665,0.058971277298397275,0.05707062083704195,0.11310108736536843,-0.015354969053096867
benchmark,benchmark,1.0,0.0,False,87,128,17,10782242.064798467,0.04830271333909328,0.10532247227610636,0.105234117189597,-0.0016133640772206957
benchmark,benchmark,1.0,0.0,False,87,128,18,11070786.854884772,0.05440411073043629,0.17163936844394057,0.11147898725023218,0.011912969221652088
benchmark,benchmark,1.0,0.0,False,87,128,19,11191363.27067535,0.06948793447532532,0.22045780030990825,0.14064977638177795,0.023417473502935958
benchmark,benchmark,1.0,0.0,False,87,128,20,11183609.67670805,0.07838038464602484,0.23884763535592302,0.1645591012476486,0.018500856629975304
benchmark,benchmark,1.0,0.0,False,87,128,21,10916508.647838688,0.0887967228582944,0.23635643853408994,0.1801270168472831,0.004973323276633165
benchmark,benchmark,1.0,0.0,False,87,128,22,10573946.411296638,0.10563477495104204,0.2130604796156239,0.20237595563301616,-0.0175828954986337
benchmark,benchmark,1.0,0.0,False,87,128,23,10316690.197284216,0.11623644055021211,0.17736015392927573,0.21845252182806282,-0.04025320210066894
benchmark,benchmark,1.0,0.0,False,87,128,24,10360852.596642109,0.10939374635086786,0.1380398103572016,0.21471091546619153,-0.05336718181998189
benchmark,benchmark,1.0,0.0,False,87,128,25,10877380.46362942,0.08034034623809123,0.10550903405776912,0.19187829568145498,-0.05594999143082887
benchmark,benchmark,1.0,0.0,False,88,129,0,7609597.0,0.138,0.03,0.12063832026847152,0.010583740505574736
benchmark,benchmark,1.0,0.0,False,88,129,1,7652724.38733265,0.14039181650999813,0.030000000000000027,0.11859183719691781,0.007984885903803248
benchmark,benchmark,1.0,0.0,False,88,129,2,7808289.09623282,0.13522708141572493,0.024187119658762857,0.12051502462550072,0.005397028494644425
benchmark,benchmark,1.0,0.0,False,88,129,3,8049485.526277566,0.12525597693612542,0.026888565255428487,0.11219644139580276,0.01017827549538741
benchmark,benchmark,1.0,0.0,False,88,129,4,8330359.607230663,0.11067790504381587,0.030020543546724454,0.1067251057535951,0.0068774589943856115
benchmark,benchmark,1.0,0.0,False,88,129,5,8535519.678601053,0.10131787162041224,0.04378401233638374,0.10048891481247461,0.010454245301342287
benchmark,benchmark,1.0,0.0,False,88,129,6,8730208.955812545,0.09574873992856797,0.058656567232143964,0.10215113091667966,0.009065568613432707
benchmark,benchmark,1.0,0.0,False,88,129,7,8888524.311310885,0.09490189909475329,0.07851550386974582,0.10569556131563947,0.011080610621014363
benchmark,benchmark,1.0,0.0,False,88,129,8,8936363.955836428,0.09988332305832898,0.09415529975828285,0.11673765649840973,0.01259683329381777
benchmark,benchmark,1.0,0.0,False,88,129,9,8962991.607508805,0.10764009863324589,0.10394223373421418,0.13005847364573211,0.006373116703934573
benchmark,benchmark,1.0,0.0,False,88,129,10,8857746.333835911,0.11962089254622728,0.10472448062865847,0.14615917011097654,0.001235200262312911
benchmark,benchmark,1.0,0.0,False,88,129,11,8815723.672449972,0.12469915250452289,0.09605066789742067,0.1584820983311889,-0.008298007413057456
benchmark,benchmark,1.0,0.0,False,88,129,12,8816602.42883081,0.12734054305954443,0.08309435781159813,0.16419796248189536,-0.02039732117872024
benchmark,benchmark,1.0,0.0,False,88,129,13,8982010.694851331,0.12497557859496862,0.06791202549018949,0.1637829530350291,-0.02658908347521655
benchmark,benchmark,1.0,0.0,False,88,129,14,9256158.32141297,0.1100015509969884,0.05654187064724803,0.15445580763054081,-0.0267201498254965
benchmark,benchmark,1.0,0.0,False,88,129,15,9699407.718001552,0.08821625140711005,0.055296475112307064,0.13897935386508314,-0.02237932196794137
benchmark,benchmark,1.0,0.0,False,88,129,16,10186831.23252967,0.06484216798547247,0.06693245979011908,0.1231861768099622,-0.015393855660454736
benchmark,benchmark,1.0,0.0,False,88,129,17,10650301.655276822,0.05242777458653718,0.10421015602511319,0.11083055822649056,-0.00403888718795581
benchmark,benchmark,1.0,0.0,False,88,129,18,10989178.571043497,0.05073666851031633,0.15617369485817179,0.11304827771746846,0.009499842673369107
benchmark,benchmark,1.0,0.0,False,88,129,19,11205743.250343563,0.06251890545572608,0.21004190332987882,0.1302376454458284,0.01558712042557897
benchmark,benchmark,1.0,0.0,False,88,129,20,11201361.216339117,0.07808416690859217,0.23508823729528716,0.1605958693848652,0.01683360421294612
benchmark,benchmark,1.0,0.0,False,88,129,21,10994924.535342205,0.08840187687432528,0.2349400212653978,0.1817838531706461,0.004949156857075898
benchmark,benchmark,1.0,0.0,False,88,129,22,10661250.004822535,0.1016553793712081,0.2158578398973643,0.19819339116494916,-0.013923708221315383
benchmark,benchmark,1.0,0.0,False,88,129,23,10424595.304324856,0.11042109613960371,0.18303667830038228,0.21283285553136688,-0.03354288482759984
benchmark,benchmark,1.0,0.0,False,88,129,24,10360206.239019856,0.10944726268103606,0.14597986910956973,0.21469989080321933,-0.049230773007932174
benchmark,benchmark,1.0,0.0,False,88,129,25,10709358.89158319,0.08882139522561344,0.11287682401219845,0.19998931617333238,-0.05803109970696489
benchmark,benchmark,1.0,0.0,False,89,130,0,7609597.0,0.138,0.03,0.12063832026847152,0.010583740505574736
benchmark,benchmark,1.0,0.0,False,89,130,1,7652724.38733265,0.14039181650999813,0.030000000000000027,0.11859183719691781,0.007984885903803248
benchmark,benchmark,1.0,0.0,False,89,130,2,7801131.533210283,0.13522708141572493,0.024176097254847484,0.12044669281179464,0.0030417857503093047
benchmark,benchmark,1.0,0.0,False,89,130,3,8059153.92921016,0.12417412939401595,0.02687761941643685,0.11154847411721842,0.007084643781682758
benchmark,benchmark,1.0,0.0,False,89,130,4,8390863.432128724,0.10872350158653497,0.03050180757062515,0.10396384789263141,0.008765905085723733
benchmark,benchmark,1.0,0.0,False,89,130,5,8624590.074083121,0.09574926275972168,0.04515601573869854,0.09744519437695846,0.011093934761262072
benchmark,benchmark,1.0,0.0,False,89,130,6,8759221.839500474,0.09417891151624742,0.06379647692903645,0.09963132061256681,0.012834712316322711
benchmark,benchmark,1.0,0.0,False,89,130,7,8886297.021633862,0.09795801138662194,0.08372458061066146,0.10996517018825845,0.010411548861201134
benchmark,benchmark,1.0,0.0,False,89,130,8,8789156.708565604,0.11037685632981704,0.09803680422625871,0.12607341962478633,0.009651898852027704
benchmark,benchmark,1.0,0.0,False,89,130,9,8697241.508578578,0.12267051309162816,0.1012892470945983,0.14468512191294647,0.0002594641888730281
benchmark,benchmark,1.0,0.0,False,89,130,10,8652421.02270202,0.1303549242879943,0.09391658173738904,0.1565218231404622,-0.008350532720082512
benchmark,benchmark,1.0,0.0,False,89,130,11,8674764.548193254,0.12976074824396738,0.08095801157511762,0.16079894705008102,-0.017299286299777405
benchmark,benchmark,1.0,0.0,False,89,130,12,8891986.61306265,0.11961494916321719,0.06520127704928114,0.1556204064926974,-0.020080795782211048
benchmark,benchmark,1.0,0.0,False,89,130,13,9229717.437362133,0.10234385533375549,0.05661183506773182,0.14420787436561053,-0.018246838630324308
benchmark,benchmark,1.0,0.0,False,89,130,14,9607153.893531958,0.08502699348909017,0.05797073876162995,0.13216686347787257,-0.01699466250786176
benchmark,benchmark,1.0,0.0,False,89,130,15,10033061.54366086,0.06966312485540398,0.0743853889669388,0.12188831474656826,-0.010947322093632642
benchmark,benchmark,1.0,0.0,False,89,130,16,10415542.152564734,0.059430249344932164,0.10509831813405701,0.1169201384492762,-0.0057316878294441905
benchmark,benchmark,1.0,0.0,False,89,130,17,10608243.391405046,0.06389877658935926,0.14900566011270922,0.1205992074952952,0.004930821009527742
benchmark,benchmark,1.0,0.0,False,89,130,18,10765590.030511599,0.06730914345642665,0.1824189664432576,0.13888550651729467,0.009222826870841092
benchmark,benchmark,1.0,0.0,False,89,130,19,10902501.361297188,0.06962154443913492,0.2055539672609259,0.14857628869542966,0.009068955665276967
benchmark,benchmark,1.0,0.0,False,89,130,20,10795896.81820156,0.08419456846982487,0.21561248792235022,0.16563379698042655,0.0036333864746079594
benchmark,benchmark,1.0,0.0,False,89,130,21,10552879.978092356,0.10102047447987167,0.20279780460570795,0.19316882540809838,-0.011721429356087922
benchmark,benchmark,1.0,0.0,False,89,130,22,10383836.824810507,0.10872171179887537,0.1779963360083079,0.20554805678564972,-0.02733624089463118
benchmark,benchmark,1.0,0.0,False,89,130,23,10347820.326932007,0.10294000597945183,0.1463652930620276,0.20554235410302796,-0.042622554647784125
benchmark,benchmark,1.0,0.0,False,89,130,24,10672682.088626247,0.08506740210004828,0.11857409202022784,0.1905172841405857,-0.047943599200077576
benchmark,benchmark,1.0,0.0,False,89,130,25,11475641.069408156,0.05328969529088483,0.10891089647393626,0.16356463051600273,-0.04082503915953256
benchmark,benchmark,1.0,0.0,False,90,131,0,7609597.0,0.138,0.03,0.12063832026847152,0.010583740505574736
benchmark,benchmark,1.0,0.0,False,90,131,1,7652724.38733265,0.14039181650999813,0.030000000000000027,0.11859183719691781,0.007984885903803248
benchmark,benchmark,1.0,0.0,False,90,131,2,7796327.271840712,0.13522708141572493,0.02417908667902502,0.12053614894020194,0.0036874241421439445
benchmark,benchmark,1.0,0.0,False,90,131,3,8073772.352932212,0.12445445098908703,0.02685216709778704,0.11139253261013682,0.008022676142664413
benchmark,benchmark,1.0,0.0,False,90,131,4,8358422.61210144,0.10933433741714887,0.030366269773322463,0.10495242619812452,0.006489299326391141
benchmark,benchmark,1.0,0.0,False,90,131,5,8633705.947657483,0.09577819038924848,0.043916752101660794,0.0980501028303123,0.00884848844840587
benchmark,benchmark,1.0,0.0,False,90,131,6,8782352.22341909,0.09208606702480986,0.06316482690694714,0.0987072693395482,0.011129412719492936
benchmark,benchmark,1.0,0.0,False,90,131,7,8879594.729966745,0.09798614889465221,0.08536198916775417,0.10720018733050905,0.01200512985656481
benchmark,benchmark,1.0,0.0,False,90,131,8,8877684.473364001,0.10523430265171199,0.09847310606665038,0.12251182969987102,0.009176497630612252
benchmark,benchmark,1.0,0.0,False,90,131,9,8865415.574111987,0.11188826516851193,0.10617107973024198,0.13464587002830872,0.0061210787745900564
benchmark,benchmark,1.0,0.0,False,90,131,10,8806973.857145166,0.1212116697955006,0.10222986068228934,0.14829158913220242,-0.003572751246485339
benchmark,benchmark,1.0,0.0,False,90,131,11,8777030.23013605,0.1256881338420722,0.09238179858536522,0.15858597719602685,-0.009516084143902747
benchmark,benchmark,1.0,0.0,False,90,131,12,8847518.558374807,0.12791493958427047,0.07808166886610812,0.16284122721820163,-0.021527956354243045
benchmark,benchmark,1.0,0.0,False,90,131,13,8920874.96444636,0.12405157389003929,0.06285535918780649,0.1639475975638746,-0.02630452628465951
benchmark,benchmark,1.0,0.0,False,90,131,14,9234651.737459509,0.10711495040762313,0.05299333657001504,0.15250769433272413,-0.029650686674879873
benchmark,benchmark,1.0,0.0,False,90,131,15,9849918.477775473,0.0801871366991953,0.05243021859787467,0.13200143601576245,-0.020948475651701423
benchmark,benchmark,1.0,0.0,False,90,131,16,10393386.084191961,0.055851461343781945,0.07417580888017938,0.11375471504983342,-0.011426158668443872
benchmark,benchmark,1.0,0.0,False,90,131,17,10731277.694137828,0.0510363126804236,0.12016419106062814,0.10667943678017547,0.004494741197059786
benchmark,benchmark,1.0,0.0,False,90,131,18,10856108.303050715,0.06346682572145808,0.17609234452915956,0.12416132784884615,0.01291166293429439
benchmark,benchmark,1.0,0.0,False,90,131,19,10974180.761244556,0.07955806434960137,0.20839765532041454,0.15538326914173642,0.010472117471424026
benchmark,benchmark,1.0,0.0,False,90,131,20,10796958.332518918,0.092824871397677,0.2165650308879299,0.17556098085495037,0.004603425932970199
benchmark,benchmark,1.0,0.0,False,90,131,21,10681826.742410785,0.09395261178611294,0.2013211543239657,0.18712903994326133,-0.012048902172269458
benchmark,benchmark,1.0,0.0,False,90,131,22,10479725.558795685,0.10263403918490852,0.1791426380013803,0.19486924137414213,-0.026281017841180525
benchmark,benchmark,1.0,0.0,False,90,131,23,10471670.533286804,0.10172045728722119,0.14981097302686686,0.20235147340087326,-0.04148219242293866
benchmark,benchmark,1.0,0.0,False,90,131,24,10744564.446603226,0.08479670019257518,0.12469345310094493,0.19042484450534083,-0.048183354475904196
benchmark,benchmark,1.0,0.0,False,90,131,25,11426547.738417288,0.05584778558018313,0.11572379957341239,0.16631207298001754,-0.044770991004547296
benchmark,benchmark,1.0,0.0,False,91,132,0,7609597.0,0.138,0.03,0.12063832026847152,0.010583740505574736
benchmark,benchmark,1.0,0.0,False,91,132,1,7652724.38733265,0.14039181650999813,0.030000000000000027,0.11859183719691781,0.007984885903803248
benchmark,benchmark,1.0,0.0,False,91,132,2,7801363.801246859,0.13522775574117843,0.024178310632268163,0.12045568678891584,0.0037154610565848633
benchmark,benchmark,1.0,0.0,False,91,132,3,8059334.64543444,0.12592379526682104,0.02682999834979438,0.11198446921286653,0.006524334105458648
benchmark,benchmark,1.0,0.0,False,91,132,4,8352743.551038203,0.10882169687550454,0.029664268414322237,0.10493080772983111,0.006315199390668331
benchmark,benchmark,1.0,0.0,False,91,132,5,8673083.093461959,0.09425190693556837,0.04430470296011624,0.0952534386393823,0.011899726419976293
benchmark,benchmark,1.0,0.0,False,91,132,6,8823573.861596428,0.08806765412126362,0.06280548576392952,0.09650660114625663,0.0128752441392777
benchmark,benchmark,1.0,0.0,False,91,132,7,8916263.443061681,0.09473321129155299,0.08799962159521257,0.10415090565122058,0.014795884348177885
benchmark,benchmark,1.0,0.0,False,91,132,8,8928051.81817557,0.10457455408552153,0.10347177907476102,0.12197847136566906,0.012848582327057816
benchmark,benchmark,1.0,0.0,False,91,132,9,8823182.611209303,0.11731738277840502,0.1106926853964747,0.13998827180518147,0.004415031138835438
benchmark,benchmark,1.0,0.0,False,91,132,10,8669739.779592806,0.13308346386575212,0.10318802289195772,0.15953667617068049,-0.006969210904379218
benchmark,benchmark,1.0,0.0,False,91,132,11,8612853.794413019,0.13914754960665576,0.08800440261904185,0.16963112239646264,-0.015911924011132762
benchmark,benchmark,1.0,0.0,False,91,132,12,8687120.90620761,0.13189028087054303,0.0685094371283057,0.16850213518740134,-0.026660716247921008
benchmark,benchmark,1.0,0.0,False,91,132,13,8991597.185493715,0.11713951987140946,0.05344618121497091,0.1555281194113498,-0.02904883707068079
benchmark,benchmark,1.0,0.0,False,91,132,14,9568809.602898113,0.09373748185111823,0.04569291189897906,0.13823111452282077,-0.023301059789619247
benchmark,benchmark,1.0,0.0,False,91,132,15,9994035.674301745,0.07138916492631839,0.05443360797617047,0.12298715982018561,-0.016422202217999803
benchmark,benchmark,1.0,0.0,False,91,132,16,10322901.773923755,0.060185249396471525,0.0832056473442655,0.11472612197640586,-0.008967207339318039
benchmark,benchmark,1.0,0.0,False,91,132,17,10666934.995242843,0.06021801039319164,0.12737529354124755,0.1167738865625218,-0.00027699588447766893
benchmark,benchmark,1.0,0.0,False,91,132,18,10901971.019920887,0.06357776462515609,0.17030811877761498,0.1303457048312797,0.00863364830068168
benchmark,benchmark,1.0,0.0,False,91,132,19,10979676.87078622,0.07137103039798173,0.2047084314462022,0.1457974405657379,0.010353815469359453
benchmark,benchmark,1.0,0.0,False,91,132,20,10814593.745471468,0.08516740829171682,0.2173708173337412,0.16824065170785077,0.0030238290903988295
benchmark,benchmark,1.0,0.0,False,91,132,21,10708983.109575102,0.09307525063051837,0.20894777195554148,0.18513881651036287,-0.007976019708358886
benchmark,benchmark,1.0,0.0,False,91,132,22,10577051.291473264,0.09569049382151865,0.18689778218928677,0.19378354153746924,-0.02284114058231796
benchmark,benchmark,1.0,0.0,False,91,132,23,10540067.327930376,0.09572636832242375,0.16245458846879468,0.19689195874268098,-0.03575859745241159
benchmark,benchmark,1.0,0.0,False,91,132,24,10788251.571381746,0.08498585257061646,0.13691178464176423,0.1911144205360972,-0.042663993987520715
benchmark,benchmark,1.0,0.0,False,91,132,25,11338126.275482988,0.057721255907659356,0.12640131802720034,0.1707638284215937,-0.039438050899859765
benchmark,benchmark,1.0,0.0,False,92,133,0,7609597.0,0.138,0.03,0.12063832026847152,0.010583740505574736
benchmark,benchmark,1.0,0.0,False,92,133,1,7652724.38733265,0.14039181650999813,0.030000000000000027,0.11859183719691781,0.007984885903803248
benchmark,benchmark,1.0,0.0,False,92,133,2,7801479.359865671,0.13522708141572493,0.024178922557531957,0.12044770636349743,0.00402440506770513
benchmark,benchmark,1.0,0.0,False,92,133,3,8050993.841168452,0.12459715352845571,0.02687422926141636,0.11180636352009912,0.007969732121799262
benchmark,benchmark,1.0,0.0,False,92,133,4,8410107.79912457,0.10957150747133619,0.030290844516926763,0.10526271395701767,0.005509297045593013
benchmark,benchmark,1.0,0.0,False,92,133,5,8581827.38661354,0.09720956293588486,0.04451814761280937,0.09895676404867378,0.011963637360873145
benchmark,benchmark,1.0,0.0,False,92,133,6,8705826.54302514,0.0957107285062894,0.06239250698932697,0.10142870687533259,0.009818022347577485
benchmark,benchmark,1.0,0.0,False,92,133,7,8845565.97738235,0.09856431427122014,0.0813302429085423,0.10886444896259802,0.010568788208113564
benchmark,benchmark,1.0,0.0,False,92,133,8,8906065.776095742,0.10291964890719893,0.09539972756136117,0.11967808412290655,0.006940478492643908
benchmark,benchmark,1.0,0.0,False,92,133,9,8940058.556393202,0.10880357322889096,0.10172887251968499,0.13117943203728616,0.007070673952324055
benchmark,benchmark,1.0,0.0,False,92,133,10,8871828.51204361,0.11698503850508478,0.10109911964334817,0.1446504676075642,0.0016310731088796575
benchmark,benchmark,1.0,0.0,False,92,133,11,8866273.63103498,0.12051420874168146,0.09372942127976813,0.15469479912995818,-0.006347635593851259
benchmark,benchmark,1.0,0.0,False,92,133,12,8874132.41149763,0.12483805781707605,0.0833411120110954,0.16078314144149305,-0.01510041569744636
benchmark,benchmark,1.0,0.0,False,92,133,13,8908549.156879874,0.12499814487803787,0.07048365875362195,0.16562702784784852,-0.02544270766053637
benchmark,benchmark,1.0,0.0,False,92,133,14,9171999.824775461,0.11252604753864513,0.058857867060998714,0.1583508898692575,-0.026597591894500863
benchmark,benchmark,1.0,0.0,False,92,133,15,9685735.796824519,0.09113038377911609,0.05409383486870545,0.1418723686549091,-0.023277904559472404
benchmark,benchmark,1.0,0.0,False,92,133,16,10214889.326150319,0.06737304612245573,0.06599649183164602,0.12541529975330248,-0.018133049581584817
benchmark,benchmark,1.0,0.0,False,92,133,17,10579287.996987337,0.053709860751720455,0.09880184030868255,0.11357083750592596,-0.005068271508167702
benchmark,benchmark,1.0,0.0,False,92,133,18,10938147.02534675,0.05176411369923692,0.150250825998139,0.11337699938901517,0.008274691903990584
benchmark,benchmark,1.0,0.0,False,92,133,19,11214841.70786025,0.057308872481894806,0.2022035835550242,0.1272629327425529,0.01735379657318832
benchmark,benchmark,1.0,0.0,False,92,133,20,11351874.85264379,0.0649792791762837,0.2386233199172425,0.14697460475665738,0.020090700632226673
benchmark,benchmark,1.0,0.0,False,92,133,21,11167816.395310767,0.08059946976994081,0.2517854218689006,0.17051211996970503,0.012089010776334983
benchmark,benchmark,1.0,0.0,False,92,133,22,10800726.818370104,0.10357698385947722,0.23801264575620906,0.19989205330595203,-0.0030436658983083523
benchmark,benchmark,1.0,0.0,False,92,133,23,10435131.69416987,0.11662653192438314,0.2008493373919511,0.22194655903203137,-0.028747014405438465
benchmark,benchmark,1.0,0.0,False,92,133,24,10306808.089812158,0.11565481483043383,0.15710203203570328,0.22297901706825138,-0.049147679799034734
benchmark,benchmark,1.0,0.0,False,92,133,25,10508195.676141135,0.09977341606212897,0.11788787445307158,0.21069999123043598,-0.06353195889571717
benchmark,benchmark,1.0,0.0,False,93,134,0,7609597.0,0.138,0.03,0.12063832026847152,0.010583740505574736
benchmark,benchmark,1.0,0.0,False,93,134,1,7652724.38733265,0.14039181650999813,0.030000000000000027,0.11859183719691781,0.007984885903803248
benchmark,benchmark,1.0,0.0,False,93,134,2,7798098.989714469,0.13522810176033073,0.0241804149381053,0.12052631703445287,0.0040433509135451556
benchmark,benchmark,1.0,0.0,False,93,134,3,8048611.260242105,0.1255889199486209,0.02682862022488619,0.11183314389958024,0.004645982787195535
benchmark,benchmark,1.0,0.0,False,93,134,4,8387757.11730165,0.1095433858285508,0.029893537236607592,0.10429907243203539,0.003134140866338429
benchmark,benchmark,1.0,0.0,False,93,134,5,8711596.203660429,0.09047186389054501,0.044258116117221746,0.09298289698433218,0.010322488808921856
benchmark,benchmark,1.0,0.0,False,93,134,6,8887006.938976709,0.08310705785415078,0.06694824299034297,0.09039573325583107,0.012810671291046623
benchmark,benchmark,1.0,0.0,False,93,134,7,9082239.508117465,0.08517056534779914,0.09482182810154072,0.09723388081268598,0.014145110787633721
benchmark,benchmark,1.0,0.0,False,93,134,8,9039156.307296518,0.09764868919229844,0.11546272321691275,0.1154215968722535,0.014629501357379377
benchmark,benchmark,1.0,0.0,False,93,134,9,8928127.445249349,0.11629038016484032,0.12455182510706586,0.13909789589756288,0.006899477156905493
benchmark,benchmark,1.0,0.0,False,93,134,10,8696874.331972377,0.13617233500095252,0.11603774475972584,0.16330023507569863,-0.0009326069470195974
benchmark,benchmark,1.0,0.0,False,93,134,11,8542843.020064162,0.14498954525832974,0.09796004414573556,0.17690954473942597,-0.014925081087631398
benchmark,benchmark,1.0,0.0,False,93,134,12,8557626.86038474,0.14519981604425086,0.07167207745016624,0.18015774250748923,-0.025270473182366412
benchmark,benchmark,1.0,0.0,False,93,134,13,8667705.951262655,0.1378890711016023,0.04772030207978539,0.17563142251006356,-0.03265608803246851
benchmark,benchmark,1.0,0.0,False,93,134,14,9143991.666231705,0.11561745568831443,0.03036604758845618,0.15836238947224388,-0.035726181668954665
benchmark,benchmark,1.0,0.0,False,93,134,15,9747201.117237188,0.09085348151808588,0.027293755871765635,0.13702253262942873,-0.027526329232873525
benchmark,benchmark,1.0,0.0,False,93,134,16,10184089.297801953,0.06784440812641093,0.04358316848908372,0.12166197104386184,-0.018035202443906505
benchmark,benchmark,1.0,0.0,False,93,134,17,10630674.799106028,0.05400345892221242,0.08152172882780984,0.11118062697547776,-0.009304432857432383
benchmark,benchmark,1.0,0.0,False,93,134,18,10995097.016379574,0.05297091209675827,0.13947816051607265,0.11134156560064631,0.003370118172163717
benchmark,benchmark,1.0,0.0,False,93,134,19,11243330.867255218,0.05923662511646305,0.19606114420772225,0.12751742528891274,0.015840981126500096
benchmark,benchmark,1.0,0.0,False,93,134,20,11332451.471808242,0.06647994148075946,0.23382722010665313,0.14782330138942937,0.01604499951943156
benchmark,benchmark,1.0,0.0,False,93,134,21,11263403.047662133,0.0768226093927684,0.24872557066788414,0.1655083436642322,0.012360608251821316
benchmark,benchmark,1.0,0.0,False,93,134,22,10984762.33489873,0.08970210108315711,0.23950126670472383,0.18844227511297176,-0.003563550890915697
benchmark,benchmark,1.0,0.0,False,93,134,23,10694769.514205148,0.10456075469909437,0.21337963788929026,0.2069472319104572,-0.022453518380730602
benchmark,benchmark,1.0,0.0,False,93,134,24,10555541.103601858,0.10749507954074992,0.17511406405155183,0.21565175278990473,-0.03974250534816444
benchmark,benchmark,1.0,0.0,False,93,134,25,10695375.566831537,0.09373809218458971,0.13876645654557995,0.20636237816691405,-0.0530058286973033
benchmark,benchmark,1.0,0.0,False,94,135,0,7609597.0,0.138,0.03,0.12063832026847152,0.010583740505574736
benchmark,benchmark,1.0,0.0,False,94,135,1,7652724.38733265,0.14039181650999813,0.030000000000000027,0.11859183719691781,0.007984885903803248
benchmark,benchmark,1.0,0.0,False,94,135,2,7814558.009882068,0.13522708141572493,0.02416989095586297,0.12054108862533205,0.0012728111507551688
benchmark,benchmark,1.0,0.0,False,94,135,3,8076496.256585935,0.1242160764431626,0.026895033381705735,0.11156298160437003,0.003305740956036101
benchmark,benchmark,1.0,0.0,False,94,135,4,8386552.982165404,0.10785965708358848,0.030525618130137655,0.10333090132562817,0.007313327755591004
benchmark,benchmark,1.0,0.0,False,94,135,5,8710133.292400721,0.09357141808158442,0.045614414589468355,0.09540686318494218,0.011592292136173176
benchmark,benchmark,1.0,0.0,False,94,135,6,8798823.774597105,0.09048919135147254,0.0655047569383278,0.09814072801297265,0.012324076637276046
benchmark,benchmark,1.0,0.0,False,94,135,7,8818164.071302824,0.10142565187215709,0.08808445031099499,0.10982949247686423,0.013764607549506836
benchmark,benchmark,1.0,0.0,False,94,135,8,8815541.887116225,0.11054544991186481,0.09876207821642025,0.1289862917859403,0.011147764657508356
benchmark,benchmark,1.0,0.0,False,94,135,9,8713867.346623812,0.12194571607423889,0.10188381504683486,0.14398690627329033,0.004714849368556572
benchmark,benchmark,1.0,0.0,False,94,135,10,8628790.55123314,0.13181684524310316,0.09458024269667331,0.15844775233128292,-0.005100153087922896
benchmark,benchmark,1.0,0.0,False,94,135,11,8579492.899674155,0.13630602877320158,0.07995773879198431,0.16751692348023012,-0.017142950026832582
benchmark,benchmark,1.0,0.0,False,94,135,12,8699582.121172,0.13327088995930936,0.061538698432761274,0.16702346340375368,-0.02414366986731223
benchmark,benchmark,1.0,0.0,False,94,135,13,9066047.416579766,0.11572971307748953,0.04690249857024331,0.15505941909384358,-0.02930675986087637
benchmark,benchmark,1.0,0.0,False,94,135,14,9590660.614388937,0.09028740230970815,0.043108930931494926,0.13545522823647663,-0.024498326257089104
benchmark,benchmark,1.0,0.0,False,94,135,15,10136146.799359143,0.06670913865506733,0.05635616470717997,0.1177480985698733,-0.013026628632206652
benchmark,benchmark,1.0,0.0,False,94,135,16,10459321.164312001,0.05551656554287064,0.09204916481398606,0.10922183281291802,-0.004803336229842708
benchmark,benchmark,1.0,0.0,False,94,135,17,10711501.044163208,0.06131682614074743,0.14280203364286437,0.11502497232847232,0.003915994592386491
benchmark,benchmark,1.0,0.0,False,94,135,18,10869554.981464226,0.06893628805859207,0.18394758137593414,0.1372463031568399,0.008304387158477245
benchmark,benchmark,1.0,0.0,False,94,135,19,10992544.377142299,0.07288866893765554,0.20858190907742835,0.1500021226991847,0.011925491999900272
benchmark,benchmark,1.0,0.0,False,94,135,20,10884724.94896808,0.0786480841558397,0.21753748752455015,0.1641778755269338,0.005761665500157259
benchmark,benchmark,1.0,0.0,False,94,135,21,10653583.953050472,0.09549236854028413,0.21098361350364025,0.18429592951978843,-0.007624391460171583
benchmark,benchmark,1.0,0.0,False,94,135,22,10445806.98176495,0.10617241700454615,0.1859456036611573,0.20490034845889846,-0.025427475493270162
benchmark,benchmark,1.0,0.0,False,94,135,23,10435985.97493248,0.10314752238125337,0.1552651402361125,0.20521560531143845,-0.04048565862387141
benchmark,benchmark,1.0,0.0,False,94,135,24,10714401.235744275,0.08735074396919296,0.12787137101290336,0.19265752203237746,-0.045180949030446726
benchmark,benchmark,1.0,0.0,False,94,135,25,11266402.135320337,0.06156369509206586,0.11454934520970039,0.17169569107805308,-0.04330390547422477
benchmark,benchmark,1.0,0.0,False,95,136,0,7609597.0,0.138,0.03,0.12063832026847152,0.010583740505574736
benchmark,benchmark,1.0,0.0,False,95,136,1,7652724.38733265,0.14039181650999813,0.030000000000000027,0.11859183719691781,0.007984885903803248
benchmark,benchmark,1.0,0.0,False,95,136,2,7791841.006889455,0.13522708141572493,0.02416993713401272,0.12054171548594818,0.0015157794382182946
benchmark,benchmark,1.0,0.0,False,95,136,3,8081011.821040164,0.12322916479603245,0.026898449786931566,0.11010989397625592,0.006030762642024128
benchmark,benchmark,1.0,0.0,False,95,136,4,8434833.621726869,0.1048644735683798,0.030979533433947326,0.10127758298797512,0.006380445045708283
benchmark,benchmark,1.0,0.0,False,95,136,5,8709882.666324265,0.08978259674033498,0.04767600646417125,0.09191822914411908,0.012547990052560062
benchmark,benchmark,1.0,0.0,False,95,136,6,8908847.06019388,0.08463194328680253,0.07039308703557823,0.09239296271916153,0.014281002681070543
benchmark,benchmark,1.0,0.0,False,95,136,7,8952033.279562984,0.09334302663438411,0.09671584572658021,0.10337399219765347,0.01581377209498909
benchmark,benchmark,1.0,0.0,False,95,136,8,8896263.499551907,0.10811422649461226,0.11217781643384805,0.12502931220994215,0.013363276980837023
benchmark,benchmark,1.0,0.0,False,95,136,9,8786365.918727634,0.12190034868087307,0.11452006452570251,0.14496448221656857,0.005743766812541578
benchmark,benchmark,1.0,0.0,False,95,136,10,8635250.185315054,0.13472848900099518,0.1047027429520675,0.16178968861188914,-0.004578822048637687
benchmark,benchmark,1.0,0.0,False,95,136,11,8529497.68606699,0.14357370086334445,0.08544398091984196,0.17407794424711093,-0.018052801116017533
benchmark,benchmark,1.0,0.0,False,95,136,12,8566681.775088215,0.142292959477679,0.0625330450768038,0.17628762019737393,-0.02864936584666779
benchmark,benchmark,1.0,0.0,False,95,136,13,8846432.90750615,0.12689209518751773,0.04309989781403356,0.1646261273337662,-0.03363315672836239
benchmark,benchmark,1.0,0.0,False,95,136,14,9461460.964317417,0.09941212885229923,0.032679933197102384,0.14271497664452631,-0.027222560291588826
benchmark,benchmark,1.0,0.0,False,95,136,15,9938841.62300458,0.07506210651746191,0.04017914833662717,0.12475399932947283,-0.018102521931685357
benchmark,benchmark,1.0,0.0,False,95,136,16,10297097.783279322,0.0607074804059573,0.06780599284429889,0.1150085460001246,-0.012058502311758569
benchmark,benchmark,1.0,0.0,False,95,136,17,10653341.370061269,0.060424606385929,0.1151733406746589,0.11489294291849458,-0.0019208557458001224
benchmark,benchmark,1.0,0.0,False,95,136,18,10847068.256254451,0.06666115683095532,0.16071447840072173,0.13069451305911595,0.003797423913527137
benchmark,benchmark,1.0,0.0,False,95,136,19,10954833.654765239,0.07264781223363331,0.19364530199215269,0.1465930394819976,0.008739577476000427
benchmark,benchmark,1.0,0.0,False,95,136,20,11010589.68109852,0.07272411671505104,0.20914944713755124,0.15771000022201292,0.008034239294576492
benchmark,benchmark,1.0,0.0,False,95,136,21,10963082.11406675,0.07700906131153025,0.21507848371222327,0.16608811673508106,-0.0015770535190480993
benchmark,benchmark,1.0,0.0,False,95,136,22,10916553.695902029,0.08527637691607383,0.2073622707218188,0.18032373865272364,-0.010782544863015334
benchmark,benchmark,1.0,0.0,False,95,136,23,10784650.882370472,0.09037823485258858,0.18922325230170234,0.19415966497835235,-0.02121330261805789
benchmark,benchmark,1.0,0.0,False,95,136,24,10772089.57779303,0.08971801784699696,0.16689218125932848,0.19856187115482135,-0.03484803781905396
benchmark,benchmark,1.0,0.0,False,95,136,25,11082803.83757846,0.0759507747322479,0.14670807288801235,0.18917313001049457,-0.03833168469070235
benchmark,benchmark,1.0,0.0,False,96,137,0,7609597.0,0.138,0.03,0.12063832026847152,0.010583740505574736
benchmark,benchmark,1.0,0.0,False,96,137,1,7652724.38733265,0.14039181650999813,0.030000000000000027,0.11859183719691781,0.007984885903803248
benchmark,benchmark,1.0,0.0,False,96,137,2,7813027.885430509,0.13522708432242495,0.024179061925142076,0.12049817557678394,0.0031318405278757608
benchmark,benchmark,1.0,0.0,False,96,137,3,8040872.652646854,0.12468852058595005,0.026848908663881232,0.11206414546989411,0.005599839883894634
benchmark,benchmark,1.0,0.0,False,96,137,4,8406439.841158686,0.10919936659850601,0.030339077686677873,0.1046511731072642,0.006451696617850414
benchmark,benchmark,1.0,0.0,False,96,137,5,8619277.000189306,0.09476410559513215,0.044738361063298315,0.09736810309310524,0.009933001432081288
benchmark,benchmark,1.0,0.0,False,96,137,6,8777979.690653685,0.09229893410216378,0.06351604285837542,0.09844797913646582,0.011234909980727209
benchmark,benchmark,1.0,0.0,False,96,137,7,8906089.71579231,0.09521373046567407,0.08459232241308134,0.10661081048733193,0.011462711096779321
benchmark,benchmark,1.0,0.0,False,96,137,8,8939612.0689869,0.10282106155764394,0.10060360725423112,0.1197466341496848,0.010028911909390257
benchmark,benchmark,1.0,0.0,False,96,137,9,8892091.615122158,0.11407833686047841,0.107254934801569,0.13583676742448875,0.0033189303862642136
benchmark,benchmark,1.0,0.0,False,96,137,10,8804649.168691646,0.12324771530225744,0.10321226742183831,0.15129231674125287,-0.0015220867057253854
benchmark,benchmark,1.0,0.0,False,96,137,11,8773829.330793343,0.12935851263486434,0.09058453392105559,0.16139643628427605,-0.00860814676080854
benchmark,benchmark,1.0,0.0,False,96,137,12,8780064.504527662,0.13090351011220877,0.07507667459464029,0.16640765865755003,-0.019005451656703753
benchmark,benchmark,1.0,0.0,False,96,137,13,8923755.007754099,0.12246381919479042,0.060636366677676135,0.16312092784178966,-0.027880795684527854
benchmark,benchmark,1.0,0.0,False,96,137,14,9314206.544229565,0.10433012382954791,0.05025798192561837,0.14934549321506443,-0.02747516312914603
benchmark,benchmark,1.0,0.0,False,96,137,15,9844290.773199277,0.08108982997276544,0.05295749711360287,0.13166664763131408,-0.019808780772574853
benchmark,benchmark,1.0,0.0,False,96,137,16,10359096.602114093,0.060888023747192925,0.07330722105495635,0.11698397026228029,-0.01264944470437093
benchmark,benchmark,1.0,0.0,False,96,137,17,10669824.115517251,0.05209900902512087,0.1164323949005428,0.11037437459113528,3.134758808784209e-05
benchmark,benchmark,1.0,0.0,False,96,137,18,10955536.264545875,0.056551677823349515,0.1701407931524923,0.11799064153965337,0.011725559325061873
benchmark,benchmark,1.0,0.0,False,96,137,19,11062187.538821425,0.07163101952136876,0.2125752182934897,0.14329591321986535,0.015840163686764684
benchmark,benchmark,1.0,0.0,False,96,137,20,10950059.765440224,0.0863314278186758,0.22673828915277072,0.17135489922319153,0.00803445938207216
benchmark,benchmark,1.0,0.0,False,96,137,21,10736450.769301806,0.0952171620587076,0.21817448608617496,0.1873300578375762,-0.0042685620168066134
benchmark,benchmark,1.0,0.0,False,96,137,22,10514444.171203805,0.10213050170541475,0.19299981405091193,0.1991897324955891,-0.02131894933445694
benchmark,benchmark,1.0,0.0,False,96,137,23,10462075.826815264,0.10523676234209395,0.16202213247210806,0.20509303113546223,-0.03716382756576961
benchmark,benchmark,1.0,0.0,False,96,137,24,10503893.72145277,0.09905574798733942,0.13019244658348983,0.20429679330639036,-0.04923277798122074
benchmark,benchmark,1.0,0.0,False,96,137,25,11066989.773429452,0.07523893425870651,0.1088311218553506,0.1843828407757835,-0.049375499398631104
benchmark,benchmark,1.0,0.0,False,97,138,0,7609597.0,0.138,0.03,0.12063832026847152,0.010583740505574736
benchmark,benchmark,1.0,0.0,False,97,138,1,7652724.38733265,0.14039181650999813,0.030000000000000027,0.11859183719691781,0.007984885903803248
benchmark,benchmark,1.0,0.0,False,97,138,2,7792516.673478031,0.13522708141572493,0.02417133521630066,0.12050939138616175,0.0021572772662048624
benchmark,benchmark,1.0,0.0,False,97,138,3,8087776.762550788,0.12326248517856582,0.02690406073487961,0.11054110655687731,0.004331462366566635
benchmark,benchmark,1.0,0.0,False,97,138,4,8417668.149880655,0.10671053746039795,0.030957958271249364,0.10219570201673295,0.008306399212989061
benchmark,benchmark,1.0,0.0,False,97,138,5,8655870.773147652,0.09057363824424992,0.046569489308425194,0.09380592718599953,0.009857821904092184
benchmark,benchmark,1.0,0.0,False,97,138,6,8901611.774305692,0.08486364357564735,0.06907796578929504,0.09157409949977083,0.011363298413128475
benchmark,benchmark,1.0,0.0,False,97,138,7,9054929.161749262,0.0867278970414834,0.0957172732363214,0.0987007482837498,0.010782820389882073
benchmark,benchmark,1.0,0.0,False,97,138,8,9104887.982293267,0.09448455474032358,0.11611357920156795,0.11273474198635086,0.015177675440848137
benchmark,benchmark,1.0,0.0,False,97,138,9,8980399.996335218,0.10996807965874343,0.12624273807653164,0.13324794894083636,0.010995027792940523
benchmark,benchmark,1.0,0.0,False,97,138,10,8792104.236974187,0.1255094081102607,0.12168673158399934,0.15601625620353177,0.001353579631253551
benchmark,benchmark,1.0,0.0,False,97,138,11,8655542.609942732,0.13935133847554831,0.10421267898489028,0.17250357481866463,-0.009693288877063362
benchmark,benchmark,1.0,0.0,False,97,138,12,8492008.951551,0.1486745544198258,0.0807667956545779,0.18524595163242907,-0.027037456966985535
benchmark,benchmark,1.0,0.0,False,97,138,13,8613122.138014706,0.14284669415860646,0.05490530678436434,0.18247490502964506,-0.03787115140613449
benchmark,benchmark,1.0,0.0,False,97,138,14,8996205.4998838,0.1265984567606553,0.033449134495884714,0.16704003806274456,-0.038230300760092026
benchmark,benchmark,1.0,0.0,False,97,138,15,9567692.260968639,0.09882684710874413,0.024342940153467385,0.14567525520361987,-0.03305488128967229
benchmark,benchmark,1.0,0.0,False,97,138,16,10206684.219468487,0.06970842764769236,0.032788507028852276,0.12516577854204838,-0.02527609216376539
benchmark,benchmark,1.0,0.0,False,97,138,17,10593475.97057058,0.05566684082974975,0.06893728898948326,0.11168001835462002,-0.01322350210325618
benchmark,benchmark,1.0,0.0,False,97,138,18,10908431.899065744,0.055202132753657346,0.12437595248335853,0.11395377716000168,-0.00018243773553723344
benchmark,benchmark,1.0,0.0,False,97,138,19,11094023.324826341,0.06308149566955468,0.1795399913945439,0.1310923228407802,0.007879046981841881
benchmark,benchmark,1.0,0.0,False,97,138,20,11279132.341669874,0.06915926842252715,0.21653641488713693,0.1491754649031697,0.014148477213293122
benchmark,benchmark,1.0,0.0,False,97,138,21,11300408.667683864,0.06852712406679973,0.23311460318911337,0.16042317127381528,0.008460875504961695
benchmark,benchmark,1.0,0.0,False,97,138,22,11175865.811471786,0.07725001280925008,0.23775022621353958,0.17038993493228516,0.0023794499581866655
benchmark,benchmark,1.0,0.0,False,97,138,23,11016430.14874394,0.0866116111492704,0.22411607714207826,0.1913241914632886,-0.011230196516096417
benchmark,benchmark,1.0,0.0,False,97,138,24,10897333.892402878,0.09186113477586705,0.19971826824318373,0.20170538421632758,-0.026644211601146293
benchmark,benchmark,1.0,0.0,False,97,138,25,10930026.688943736,0.08935697798297937,0.17233870348421698,0.20309339242870095,-0.03845291056627553
benchmark,benchmark,1.0,0.0,False,98,139,0,7609597.0,0.138,0.03,0.12063832026847152,0.010583740505574736
benchmark,benchmark,1.0,0.0,False,98,139,1,7652724.38733265,0.14039181650999813,0.030000000000000027,0.11859183719691781,0.007984885903803248
benchmark,benchmark,1.0,0.0,False,98,139,2,7791176.984601235,0.13522708141572493,0.024176573067919094,0.12056388131881558,0.0029782509548097824
benchmark,benchmark,1.0,0.0,False,98,139,3,8077587.527142993,0.12298341873572093,0.026879518518780676,0.11085046237074993,0.006609840584271137
benchmark,benchmark,1.0,0.0,False,98,139,4,8396773.557631504,0.1074262511673506,0.031023745620961884,0.10331439728094882,0.005231938978961271
benchmark,benchmark,1.0,0.0,False,98,139,5,8643907.017214997,0.09359744707793607,0.04630677473576994,0.09528313307692825,0.012149849145092222
benchmark,benchmark,1.0,0.0,False,98,139,6,8888183.3921974,0.08608256903915311,0.06627649581573225,0.09476382108735963,0.012369912125515508
benchmark,benchmark,1.0,0.0,False,98,139,7,8940523.432894537,0.09203093531158901,0.09264585873868958,0.10276797053771576,0.015417449878622863
benchmark,benchmark,1.0,0.0,False,98,139,8,8885601.133112969,0.1068535501376806,0.10883001739125597,0.12361492714575856,0.012338049467758627
benchmark,benchmark,1.0,0.0,False,98,139,9,8758150.93406423,0.12211801790069866,0.11330144159145217,0.1447660128192164,0.005595430158776779
benchmark,benchmark,1.0,0.0,False,98,139,10,8645029.897548748,0.13243333177625222,0.10361145762144153,0.16067518682904872,-0.005540738762023762
benchmark,benchmark,1.0,0.0,False,98,139,11,8613637.947857829,0.13652155595828608,0.0874556838122349,0.16846316561024988,-0.016578202291194097
benchmark,benchmark,1.0,0.0,False,98,139,12,8601877.21928944,0.1380629353218799,0.0676255373849699,0.17239197974670897,-0.026190628235261672
benchmark,benchmark,1.0,0.0,False,98,139,13,8856190.265135394,0.12271239780240255,0.0497357356225816,0.16281385135037665,-0.030349957809733496
benchmark,benchmark,1.0,0.0,False,98,139,14,9487860.366958646,0.09683487867659052,0.03983290905252068,0.14063140837975402,-0.024600865296253077
benchmark,benchmark,1.0,0.0,False,98,139,15,9914338.018420737,0.07254511158487642,0.04855962380722412,0.12370121006145585,-0.017206519751133426
benchmark,benchmark,1.0,0.0,False,98,139,16,10405798.777563492,0.054987603375347874,0.0767559966365754,0.11113000412801947,-0.01107929513894955
benchmark,benchmark,1.0,0.0,False,98,139,17,10753479.784702143,0.05304141087029468,0.12865760017350958,0.1078618397322886,0.0007919581737872254
benchmark,benchmark,1.0,0.0,False,98,139,18,10987414.652370146,0.06001261189295721,0.18265605729553291,0.12493624422383053,0.010624542480292924
benchmark,benchmark,1.0,0.0,False,98,139,19,11005119.872809423,0.07437171896733036,0.22041509329866127,0.1481128272145245,0.01505901299146413
benchmark,benchmark,1.0,0.0,False,98,139,20,10918202.415083528,0.08269193582294226,0.23054648643926412,0.17058777618410118,0.007198476092082937
benchmark,benchmark,1.0,0.0,False,98,139,21,10717527.068463866,0.09365853544636432,0.2205615646696959,0.18422811382210544,-0.006080116684701689
benchmark,benchmark,1.0,0.0,False,98,139,22,10423207.16439526,0.10626289460881112,0.1933769113478654,0.20310751145928282,-0.02346629119855337
benchmark,benchmark,1.0,0.0,False,98,139,23,10413966.901787,0.10247877469215445,0.16116293475843424,0.20608296874377222,-0.03951473085577869
benchmark,benchmark,1.0,0.0,False,98,139,24,10700378.898458067,0.08658213689349561,0.1304997238530763,0.19272497118470325,-0.047728354625072925
benchmark,benchmark,1.0,0.0,False,98,139,25,11227671.509881409,0.06242841096736909,0.11525198944196369,0.17259083430732514,-0.04297537641782769
benchmark,benchmark,1.0,0.0,False,99,140,0,7609597.0,0.138,0.03,0.12063832026847152,0.010583740505574736
benchmark,benchmark,1.0,0.0,False,99,140,1,7652724.38733265,0.14039181650999813,0.030000000000000027,0.11859183719691781,0.007984885903803248
benchmark,benchmark,1.0,0.0,False,99,140,2,7795327.83536456,0.13522708141572493,0.024174051391479878,0.12047902239624562,0.0026796102647845804
benchmark,benchmark,1.0,0.0,False,99,140,3,8075055.299517041,0.12307489409115986,0.026902124736925215,0.11074995544754243,0.007937866252290222
benchmark,benchmark,1.0,0.0,False,99,140,4,8390549.284744043,0.10692613401726477,0.031011507185691123,0.10355406861179088,0.008436292792070154
benchmark,benchmark,1.0,0.0,False,99,140,5,8618190.023939732,0.09582772819944059,0.045913390711069146,0.09744607976018456,0.01157253588671876
benchmark,benchmark,1.0,0.0,False,99,140,6,8770678.373709857,0.0928213876838107,0.06463369742226632,0.09989806489569286,0.010527164066166002
benchmark,benchmark,1.0,0.0,False,99,140,7,8885721.41071228,0.09806095413895119,0.08493351204671695,0.10802583071151418,0.010998112148052998
benchmark,benchmark,1.0,0.0,False,99,140,8,8959657.754104482,0.10286926272298934,0.09875489492559986,0.1196901541580855,0.012117911499682296
benchmark,benchmark,1.0,0.0,False,99,140,9,8928594.785053685,0.10744198117145452,0.10464618107379042,0.1327892887070683,0.006390618392357672
benchmark,benchmark,1.0,0.0,False,99,140,10,8859279.986040933,0.11915736169792274,0.10466970462048031,0.1471223532042892,-0.001992346579981412
benchmark,benchmark,1.0,0.0,False,99,140,11,8734582.889326748,0.13150647763153905,0.09449435205229628,0.16376715836104808,-0.010972946144906234
benchmark,benchmark,1.0,0.0,False,99,140,12,8724877.194677163,0.13273137165006496,0.08036448240925287,0.17007890528608743,-0.020803747687445733
benchmark,benchmark,1.0,0.0,False,99,140,13,8886110.805856945,0.127886071677382,0.06260943054414625,0.1666465468001414,-0.028174794683607916
benchmark,benchmark,1.0,0.0,False,99,140,14,9202605.14145827,0.11221173719357,0.05023413284450173,0.15544253651012366,-0.027858305820619725
benchmark,benchmark,1.0,0.0,False,99,140,15,9868404.631633826,0.08082584842906812,0.046324261140274325,0.13422627076675117,-0.024349044359274232
benchmark,benchmark,1.0,0.0,False,99,140,16,10372289.969721207,0.056889487281561735,0.06841647196921685,0.11336435215144174,-0.011176998464526166
benchmark,benchmark,1.0,0.0,False,99,140,17,10760192.99187771,0.049280594507531736,0.11359675939481706,0.10601663134140583,1.7518605456180963e-05
benchmark,benchmark,1.0,0.0,False,99,140,18,10930119.335841373,0.059674714357138954,0.17434202874082771,0.11896563585221566,0.013197071725697717
benchmark,benchmark,1.0,0.0,False,99,140,19,10959127.60512307,0.07938643041042381,0.21292409808839308,0.1526378374820847,0.01208362814678282
benchmark,benchmark,1.0,0.0,False,99,140,20,10974357.808099722,0.0841998868107507,0.2223923192897077,0.17123190672837096,0.00722243759262195
benchmark,benchmark,1.0,0.0,False,99,140,21,10811267.824998643,0.08324736857064909,0.21410415803265637,0.1767205053791283,-0.004149857098737746
benchmark,benchmark,1.0,0.0,False,99,140,22,10626801.404576957,0.09365169449448876,0.19676210621521273,0.18819799879882532,-0.016736655566489254
benchmark,benchmark,1.0,0.0,False,99,140,23,10585434.546218231,0.0976328769499349,0.17109738589653833,0.2014467908399226,-0.033641684734265216
benchmark,benchmark,1.0,0.0,False,99,140,24,10663241.515535425,0.0926657025741253,0.14705688828018704,0.19763878352160266,-0.041975035002389575
benchmark,benchmark,1.0,0.0,False,99,140,25,11238907.193848124,0.06502365738458295,0.1264076579652278,0.17884333111693285,-0.040795686885353295
benchmark,benchmark,1.0,0.0,False,100,141,0,7609597.0,0.138,0.03,0.12063832026847152,0.010583740505574736
benchmark,benchmark,1.0,0.0,False,100,141,1,7652724.38733265,0.14039181650999813,0.030000000000000027,0.11859183719691781,0.007984885903803248
benchmark,benchmark,1.0,0.0,False,100,141,2,7822240.22552026,0.13522711927864675,0.02419579929599891,0.12044990292903582,0.0077188554837203625
benchmark,benchmark,1.0,0.0,False,100,141,3,7988013.693750611,0.1261973454419161,0.02679736935593513,0.11425573544146683,0.004003712692359937
benchmark,benchmark,1.0,0.0,False,100,141,4,8321407.764512992,0.11294184618736966,0.02967880280855928,0.106573375233791,0.004700691061358224
benchmark,benchmark,1.0,0.0,False,100,141,5,8654289.84210414,0.09421676235192745,0.04226959117498508,0.09634146360973218,0.01043777538967685
benchmark,benchmark,1.0,0.0,False,100,141,6,8873530.952599706,0.08568502069445234,0.06282753848635991,0.09299766178415282,0.0106665222641056
benchmark,benchmark,1.0,0.0,False,100,141,7,8977149.295651227,0.08741865193443189,0.0893436366509257,0.09895769784660435,0.017920155567474387
benchmark,benchmark,1.0,0.0,False,100,141,8,8953067.263549466,0.09894861597651114,0.10992441111629847,0.11684085001282306,0.014055917978175198
benchmark,benchmark,1.0,0.0,False,100,141,9,8838950.85436455,0.11765654926645645,0.1184870140193417,0.13952423539842293,0.009658471182970807
benchmark,benchmark,1.0,0.0,False,100,141,10,8699373.759115333,0.13033880225740715,0.1113754902779136,0.1602842085884389,-0.003809918505211045
benchmark,benchmark,1.0,0.0,False,100,141,11,8606952.289128298,0.1406670063335634,0.09417115566575363,0.17177664857706634,-0.015746247375044983
benchmark,benchmark,1.0,0.0,False,100,141,12,8640621.496185342,0.14219694611613945,0.07217602408557422,0.17525169966461673,-0.026819506784243535
benchmark,benchmark,1.0,0.0,False,100,141,13,8911968.654509392,0.12802519213116256,0.05026888454945988,0.16671710997514833,-0.032950944342170545
benchmark,benchmark,1.0,0.0,False,100,141,14,9309155.896388702,0.10563351496136525,0.037606755575747775,0.1494783605765218,-0.029397183710798906
benchmark,benchmark,1.0,0.0,False,100,141,15,9885836.105183562,0.07965700379818116,0.03850416856197025,0.13144114457591738,-0.027188369267646326
benchmark,benchmark,1.0,0.0,False,100,141,16,10272875.016798493,0.06443145749187916,0.0629045496231786,0.11741153109349006,-0.016823007291452505
benchmark,benchmark,1.0,0.0,False,100,141,17,10612402.117785377,0.05685461954837449,0.10459821896658261,0.11465818224975698,-0.006865883698309351
benchmark,benchmark,1.0,0.0,False,100,141,18,10974973.898198223,0.05616436425980145,0.15402404627203858,0.11909022166011962,0.00826669787925106
benchmark,benchmark,1.0,0.0,False,100,141,19,11123272.344241025,0.06342879106420267,0.20352302575785064,0.133591471325682,0.014870036307316023
benchmark,benchmark,1.0,0.0,False,100,141,20,11148094.36816642,0.07386101255797539,0.22742076686025037,0.1564009121950306,0.011238197668610915
benchmark,benchmark,1.0,0.0,False,100,141,21,11032685.669982906,0.08314938549592582,0.2340223831865509,0.17365581785307735,0.0033598510814527305
benchmark,benchmark,1.0,0.0,False,100,141,22,10853781.548770132,0.09078060146976574,0.2171549034053435,0.1893646397122971,-0.011020204194585059
benchmark,benchmark,1.0,0.0,False,100,141,23,10649074.132973948,0.09837722348724343,0.1924731714969945,0.20113200604167578,-0.025436783635767776
benchmark,benchmark,1.0,0.0,False,100,141,24,10656289.6526646,0.09726266363489672,0.16101767349215268,0.20569126842969307,-0.041580122370002935
benchmark,benchmark,1.0,0.0,False,100,141,25,10861565.870609324,0.0833949982084773,0.13631810747876716,0.19559963659346724,-0.04979111287583578
