setor,id_firma,faixa_pessoal,numero_firmas_representadas,pessoal_ocupado_firma,market_share_domestico,preco_relativo,qualidade_media_ponderada,pessoal_ocupado_medio_por_firma,peso_variedade,tipo_agente,qualidade,qualidade_efetiva_coorte,qualidade_por_firma
A,A_C000001,coorte de 10000 firmas,10000,1094605,0.0871473111642393,1.0,10.117070483497784,109.4605,10000,coorte_firmas,0.29520723426813117,0.9869449462556159,0.9635235497738656
A,A_C000002,coorte de 10000 firmas,10000,1217730,0.09694994561876577,1.0,12.08272196382101,121.773,10000,coorte_firmas,0.3113678622124733,1.0411307908753589,1.0164234988070793
A,A_C000003,coorte de 10000 firmas,10000,1092227,0.08695798596843937,1.0,9.417109669584834,109.2227,10000,coorte_firmas,0.294886395020929,0.9858368444803075,0.962441744593033
A,A_C000004,coorte de 10000 firmas,10000,1141721,0.0908984658847223,1.0,10.361135169075121,114.1721,10000,coorte_firmas,0.30149372445329986,1.0079800017478353,0.9840594179744657
A,A_C000005,coorte de 10000 firmas,10000,1433727,0.11414661269916664,1.0,14.89667954937765,143.3727,10000,coorte_firmas,0.33785590523056813,1.1298768251321436,1.1030634824048104
A,A_C000006,coorte de 10000 firmas,10000,1118212,0.0890267896744363,1.0,11.804318921398899,111.8212,10000,coorte_firmas,0.2983735740216219,0.9976795760709872,0.9740034338489154
A,A_C000007,coorte de 10000 firmas,10000,1143245,0.09101979960986908,1.0,11.294595047439044,114.3245,10000,coorte_firmas,0.3016948783288657,1.0087143109766037,0.9847763011576856
A,A_C000008,coorte de 10000 firmas,10000,1293604,0.10299067728660531,1.0,14.132639617988733,129.3604,10000,coorte_firmas,0.32092160613864146,1.0732166392638824,1.0477479112316093
A,A_C000009,coorte de 10000 firmas,10000,1144537,0.09112266258420612,1.0,11.685658905330188,114.4537,10000,coorte_firmas,0.3018653053668244,1.009336156092301,0.9853833891371717
A,A_C000010,coorte de 10000 firmas,10000,1234336,0.09827203737715658,1.0,14.69825614269488,123.4336,10000,coorte_firmas,0.31348371150213944,1.0483958711460981,1.023516169941789
A,A_C000011,coorte de 6168 firmas,6168,646455,0.05146771213239325,1.0,9.110458027651134,104.8078793774319,6168,coorte_firmas,0.2268649645326339,0.7584132741066434,0.9427643452235454
B,B_C000001,coorte de 10000 firmas,10000,186684,0.8794482602673903,1.0,17.205927428509955,18.6684,10000,coorte_firmas,0.9377890275895695,1.6457495521707775,1.0068287817437636
B,B_C000002,coorte de 1512 firmas,1512,25590,0.12055173973260974,1.0,11.274371216118201,16.924603174603174,1512,coorte_firmas,0.3472056159289618,0.6076258679098404,0.9559875474762946
C,C_C000001,coorte de 10000 firmas,10000,245132,0.02321246843975664,1.0,12.013803956752643,24.5132,10000,coorte_firmas,0.15235638627821493,0.9909987387288505,0.9822517057479395
C,C_C000002,coorte de 10000 firmas,10000,260726,0.02468912278455685,1.0,11.981637146214487,26.0726,10000,coorte_firmas,0.15712772761214633,1.022029605451317,1.0130086790696982
C,C_C000003,coorte de 10000 firmas,10000,245098,0.023209248852240724,1.0,12.4667281461791,24.5098,10000,coorte_firmas,0.1523458199368815,0.9909349935489519,0.982188523213753
C,C_C000004,coorte de 10000 firmas,10000,260340,0.024652570996876146,1.0,12.180544723586655,26.034,10000,coorte_firmas,0.15701137218964792,1.0212753223124593,1.0122610535977326
C,C_C000005,coorte de 10000 firmas,10000,273461,0.025895047696768644,1.0,13.57418193969099,27.3461,10000,coorte_firmas,0.1609193826012536,1.0467130832952782,1.0374742886295267
C,C_C000006,coorte de 10000 firmas,10000,259441,0.024567441315205288,1.0,12.810468605897354,25.9441,10000,coorte_firmas,0.15674004375144626,1.0195205646027508,1.0105217842261622
C,C_C000007,coorte de 10000 firmas,10000,243824,0.02308860901414431,1.0,11.942335997699475,24.3824,10000,coorte_firmas,0.15194936332260267,0.9883490532705248,0.9796254076918249
C,C_C000008,coorte de 10000 firmas,10000,225016,0.02130760895533949,1.0,11.004497925658505,22.5016,10000,coorte_firmas,0.14597126071709968,0.9494572500994504,0.9410768823391064
C,C_C000009,coorte de 10000 firmas,10000,263332,0.02493589469827683,1.0,12.27799882555559,26.3332,10000,coorte_firmas,0.15791103412452479,1.027128464038454,1.0180625326709725
C,C_C000010,coorte de 10000 firmas,10000,256817,0.024318964913976882,1.0,12.362211672867637,25.6817,10000,coorte_firmas,0.15594539080709274,1.0143447657960896,1.0053916695168619
C,C_C000011,coorte de 10000 firmas,10000,267057,0.02528862891877066,1.0,13.524300437672261,26.7057,10000,coorte_firmas,0.1590239885010141,1.0343822397717402,1.025252283080012
C,C_C000012,coorte de 10000 firmas,10000,257954,0.02442663170825916,1.0,13.084444834123628,25.7954,10000,coorte_firmas,0.15629021629090914,1.0165974302023018,1.0076244508202143
C,C_C000013,coorte de 10000 firmas,10000,253410,0.023996343306131922,1.0,13.049854038931976,25.341,10000,coorte_firmas,0.1549075314700093,1.0076049587929121,0.9987113513019523
C,C_C000014,coorte de 10000 firmas,10000,276415,0.026174773035651536,1.0,13.49231201440209,27.6415,10000,coorte_firmas,0.16178619544216846,1.0523484034668074,1.0430598687464303
C,C_C000015,coorte de 10000 firmas,10000,244330,0.023136524051881192,1.0,12.474380199312204,24.433,10000,coorte_firmas,0.15210694938720318,0.9893818725444111,0.9806491108045103
C,C_C000016,coorte de 10000 firmas,10000,231278,0.021900581220770998,1.0,10.611101850310066,23.1278,10000,coorte_firmas,0.14798844961945848,0.9625709528262983,0.954074837198908
C,C_C000017,coorte de 10000 firmas,10000,283907,0.026884218614158857,1.0,14.219249874553471,28.3907,10000,coorte_firmas,0.1639640772064383,1.066524503863903,1.0571108440420822
C,C_C000018,coorte de 10000 firmas,10000,234885,0.022242141578709587,1.0,10.868892199351373,23.4885,10000,coorte_firmas,0.14913799508746786,0.9700512805135049,0.9614891399050212
C,C_C000019,coorte de 10000 firmas,10000,232775,0.022042337765221808,1.0,10.597926484097263,23.2775,10000,coorte_firmas,0.14846662172091682,0.9656822272271341,0.9571586499908302
C,C_C000020,coorte de 10000 firmas,10000,243650,0.023072132301562853,1.0,12.146448330110497,24.365,10000,coorte_firmas,0.1518951358719655,0.9879986150973366,0.9792780626550238
C,C_C000021,coorte de 10000 firmas,10000,236862,0.022429351123385104,1.0,11.235334672326772,23.6862,10000,coorte_firmas,0.14976431859219708,0.9741297408728927,0.9655316018056009
C,C_C000022,coorte de 10000 firmas,10000,245959,0.023290780171393796,1.0,11.75433585319163,24.5959,10000,coorte_firmas,0.15261317168381566,0.9926635716815516,0.9839018440817924
C,C_C000023,coorte de 10000 firmas,10000,284549,0.026945012001959402,1.0,14.345710461191567,28.4549,10000,coorte_firmas,0.1641493588228702,1.0677320950243185,1.0583077764203066
C,C_C000024,coorte de 10000 firmas,10000,288671,0.027335339641389084,1.0,14.24516990344593,28.8671,10000,coorte_firmas,0.1653340244516811,1.0754346755163586,1.065942370220771
C,C_C000025,coorte de 10000 firmas,10000,274353,0.025979514522186224,1.0,13.339588880898114,27.4353,10000,coorte_firmas,0.16118161967850497,1.0484168929440962,1.0391630596323718
C,C_C000026,coorte de 10000 firmas,10000,220591,0.020888589109517963,1.0,10.506106495022726,22.0591,10000,coorte_firmas,0.1445288521697933,0.9400712496296285,0.9317737272377598
C,C_C000027,coorte de 10000 firmas,10000,239591,0.022687770368412664,1.0,11.660677336817168,23.9591,10000,coorte_firmas,0.15062460080747986,0.9797313975402965,0.9710838155487076
C,C_C000028,coorte de 10000 firmas,10000,253091,0.023966135999732584,1.0,12.164372857917137,25.3091,10000,coorte_firmas,0.15480999967615977,1.0069564210191122,0.9980685378354344
C,C_C000029,coorte de 10000 firmas,10000,282392,0.02674075758219962,1.0,13.572373768814543,28.2392,10000,coorte_firmas,0.16352601500128233,1.0636648685970416,1.054276449295733
C,C_C000030,coorte de 10000 firmas,10000,267746,0.02535387291284321,1.0,14.206653522645805,26.7746,10000,coorte_firmas,0.15922899520138664,1.035728040526608,1.0265862051481283
C,C_C000031,coorte de 10000 firmas,10000,266831,0.02526722813116486,1.0,14.035804541393452,26.6831,10000,coorte_firmas,0.15895668633676552,1.0339533564200138,1.024827185259665
C,C_C000032,coorte de 10000 firmas,10000,270006,0.02556788078890121,1.0,14.007022707276407,27.0006,10000,coorte_firmas,0.15989959596228256,1.0400855985753716,1.0309053012872251
C,C_C000033,coorte de 10000 firmas,10000,247791,0.023464259122251432,1.0,12.69284501249402,24.7791,10000,coorte_firmas,0.1531804789202966,0.9963660780381315,0.9875716703309739
C,C_C000034,coorte de 10000 firmas,10000,266879,0.02527177343118733,1.0,13.167739261434187,26.6879,10000,coorte_firmas,0.15897098298490617,1.034033311346902,1.0249064344657939
C,C_C000035,coorte de 10000 firmas,10000,263958,0.02499517298606989,1.0,13.109876979164454,26.3958,10000,coorte_firmas,0.1580986179132186,1.028360057130842,1.019283255128538
C,C_C000036,coorte de 10000 firmas,10000,268058,0.02538341736298927,1.0,12.821146170210884,26.8058,10000,coorte_firmas,0.15932174165188273,1.036309366551797,1.0271624001093547
C,C_C000037,coorte de 10000 firmas,10000,249175,0.02359531527289934,1.0,13.030241885303765,24.9175,10000,coorte_firmas,0.153607666712633,0.9991490212132281,0.9903300499069609
C,C_C000038,coorte de 10000 firmas,10000,227085,0.021503530325058078,1.0,10.091980252487327,22.7085,10000,coorte_firmas,0.1466408208005468,0.9537998268652579,0.9453811294272786
C,C_C000039,coorte de 10000 firmas,10000,240252,0.022750362937472107,1.0,11.396748016268893,24.0252,10000,coorte_firmas,0.1508322344111898,0.9810771085165684,0.972417648630657
C,C_C000040,coorte de 10000 firmas,10000,249373,0.02361406463549203,1.0,11.855989366263382,24.9373,10000,coorte_firmas,0.15366868462862573,0.9995324827407361,0.9907101268180241
C,C_C000041,coorte de 10000 firmas,10000,236654,0.02240965482328773,1.0,11.574253151220171,23.6654,10000,coorte_firmas,0.1496985464969107,0.9737068181805827,0.9651124120330148
C,C_C000042,coorte de 4705 firmas,4705,121644,0.011518926581946693,1.0,12.539005143013217,25.854197662061637,4705,coorte_firmas,0.10732626231238417,0.6981050820575814,1.0087665563375805
D,D_C000001,coorte de 7310 firmas,7310,167533,1.0,1.0,23.312110775535682,22.918331053351572,7310,coorte_firmas,1.0,1.0,1.0
E,E_C000001,coorte de 10000 firmas,10000,401965,0.6996122209574731,1.0,17.106841074331776,40.1965,10000,coorte_firmas,0.8364282521277442,1.2354200926330472,1.0087429100677539
E,E_C000002,coorte de 4539 firmas,4539,172589,0.3003877790425269,1.0,16.432111587843817,38.02357347433355,4539,coorte_firmas,0.5480764354016024,0.8094412629057239,0.981004689077534
F,F_C000001,coorte de 10000 firmas,10000,245922,0.03489331815134456,1.0,12.126456702968424,24.5922,10000,coorte_firmas,0.18679753250871534,1.0647924965566897,1.0477182164906518
F,F_C000002,coorte de 10000 firmas,10000,208826,0.02962985034390042,1.0,8.497647208618291,20.8826,10000,coorte_firmas,0.17213323428060143,0.9811216175922229,0.9653890261889345
F,F_C000003,coorte de 10000 firmas,10000,201846,0.028639473880239647,1.0,8.248537156903156,20.1846,10000,coorte_firmas,0.16923201198425683,0.9645853920966133,0.9491179642310661
F,F_C000004,coorte de 10000 firmas,10000,221495,0.03142742619176838,1.0,8.376482475217985,22.1495,10000,coorte_firmas,0.17727782205275533,1.0104319506729487,0.9942293589292488
F,F_C000005,coorte de 10000 firmas,10000,205555,0.029165735528336758,1.0,8.02524675865992,20.5555,10000,coorte_firmas,0.17077978665034324,0.9733928620521058,0.957784203656498
F,F_C000006,coorte de 10000 firmas,10000,217871,0.030913225002039635,1.0,8.713297898470472,21.7871,10000,coorte_firmas,0.17582157149235025,1.0021504262903593,0.9860806313752806
F,F_C000007,coorte de 10000 firmas,10000,221950,0.03149198511597549,1.0,9.643495635007111,22.195,10000,coorte_firmas,0.17745981267874564,1.0115078859200455,0.9952880412187963
F,F_C000008,coorte de 10000 firmas,10000,196011,0.027811558885187982,1.0,7.582179523157863,19.6011,10000,coorte_firmas,0.16676797919621136,0.9505232977951487,0.9352813600013239
F,F_C000009,coorte de 10000 firmas,10000,235234,0.03337682192733219,1.0,10.805186882597758,23.5234,10000,coorte_firmas,0.18269324543434054,1.041362626009126,1.0246640512311456
F,F_C000010,coorte de 10000 firmas,10000,261100,0.03704689035269746,1.0,12.481079968446402,26.11,10000,coorte_firmas,0.19247568769249135,1.0971656868938713,1.0795722926152187
F,F_C000011,coorte de 10000 firmas,10000,221317,0.031402170173067574,1.0,9.448321073233615,22.1317,10000,coorte_firmas,0.17720657485846167,1.010061864691472,0.9938652073920106
F,F_C000012,coorte de 10000 firmas,10000,204060,0.028953613348799097,1.0,7.0082670438686865,20.406,10000,coorte_firmas,0.17015761325547293,0.9698303338252127,0.9542788016817955
F,F_C000013,coorte de 10000 firmas,10000,240820,0.034169406873751834,1.0,11.225906106100762,24.082,10000,coorte_firmas,0.18484968724277526,1.0536666822230554,1.0367708080628721
F,F_C000014,coorte de 10000 firmas,10000,241497,0.034265464877462196,1.0,11.112789298100816,24.1497,10000,coorte_firmas,0.18510933222682804,1.0551405772021774,1.038221068675915
F,F_C000015,coorte de 10000 firmas,10000,239315,0.03395586581675907,1.0,10.357289093776373,23.9315,10000,coorte_firmas,0.18427117467677648,1.0503420984417713,1.0334995350203169
F,F_C000016,coorte de 10000 firmas,10000,268212,0.03805599599876558,1.0,13.188409163557564,26.8212,10000,coorte_firmas,0.19507946073014856,1.1120265879119464,1.094194894446516
F,F_C000017,coorte de 10000 firmas,10000,243630,0.03456811143863532,1.0,11.063235648149695,24.363,10000,coorte_firmas,0.18592501563435546,1.059795762900118,1.0428016070180348
F,F_C000018,coorte de 10000 firmas,10000,229184,0.03251840106699585,1.0,10.277995668282786,22.9184,10000,coorte_firmas,0.18032859192872286,1.0278688538680485,1.0113866559385423
F,F_C000019,coorte de 10000 firmas,10000,241791,0.03430717987464218,1.0,10.923853354125537,24.1791,10000,coorte_firmas,0.1852219745997817,1.0557777430758781,1.0388480173959347
F,F_C000020,coorte de 10000 firmas,10000,207297,0.02941290398101542,1.0,7.991117555723297,20.7297,10000,coorte_firmas,0.17150190663959225,0.9775073447846233,0.9618327093740296
F,F_C000021,coorte de 10000 firmas,10000,236181,0.033511189622330295,1.0,11.450113892830554,23.6181,10000,coorte_firmas,0.18306061734390142,1.0434760972267734,1.0267436322780805
F,F_C000022,coorte de 10000 firmas,10000,230538,0.03271051707441658,1.0,9.958800909855384,23.0538,10000,coorte_firmas,0.18086049063965456,1.030892808454743,1.0143621204694868
F,F_C000023,coorte de 10000 firmas,10000,209835,0.029773015079120155,1.0,9.114374932811298,20.9835,10000,coorte_firmas,0.17254858758946756,0.9835059146357812,0.9677350902851213
F,F_C000024,coorte de 10000 firmas,10000,236470,0.03355219518078272,1.0,9.838777769132394,23.647,10000,coorte_firmas,0.183172583048836,1.044068341120293,1.0273263793558933
F,F_C000025,coorte de 10000 firmas,10000,226864,0.032189221497412324,1.0,9.990149511266859,22.6864,10000,coorte_firmas,0.1794135488122687,1.022650582598812,1.0062520612780343
F,F_C000026,coorte de 10000 firmas,10000,211620,0.030026284704855754,1.0,8.166834460285711,21.162,10000,coorte_firmas,0.17328094155115775,0.9876521670556816,0.9718148562531818
F,F_C000027,coorte de 10000 firmas,10000,209327,0.029700936104401002,1.0,8.612185445719389,20.9327,10000,coorte_firmas,0.17233959528907164,0.9822999397835382,0.9665484536160892
F,F_C000028,coorte de 10000 firmas,10000,193178,0.02740959090215776,1.0,5.874287716975178,19.3178,10000,coorte_firmas,0.16555842141720778,0.9435905019327387,0.9284597336846973
F,F_C000029,coorte de 10000 firmas,10000,210604,0.029882126755417453,1.0,7.870788886084008,21.0604,10000,coorte_firmas,0.17286447511104602,0.9852745597279735,0.9694753746011633
F,F_C000030,coorte de 10000 firmas,10000,207227,0.02940297183882971,1.0,7.61900890862799,20.7227,10000,coorte_firmas,0.17147294783384845,0.9773347364422059,0.9616628688602642
F,F_C000031,coorte de 10000 firmas,10000,242762,0.03444495287553252,1.0,10.87261605625568,24.2762,10000,coorte_firmas,0.18559351517639974,1.0578885369490334,1.040924964030432
F,F_C000032,coorte de 3499 firmas,3499,80286,0.011391599536027072,1.0,11.218193114512719,22.945412975135753,3499,coorte_firmas,0.106731436493786,0.6083871498839889,1.0120164552959867
G,G_C000001,coorte de 10000 firmas,10000,96801,0.00549587558102103,1.0,8.842896151401865,9.6801,10000,coorte_firmas,0.07413417282887177,1.026909219812473,1.0223583014089737
G,G_C000002,coorte de 10000 firmas,10000,87020,0.004940559426663465,1.0,6.452604135086207,8.702,10000,coorte_firmas,0.07028911314466461,0.9736372042055189,0.9693223695682762
G,G_C000003,coorte de 10000 firmas,10000,91083,0.005171236201548936,1.0,7.901496506896552,9.1083,10000,coorte_firmas,0.07191130788373228,0.9961168436390667,0.9917023867539871
G,G_C000004,coorte de 10000 firmas,10000,88841,0.005043946679202584,1.0,5.452886988546994,8.8841,10000,coorte_firmas,0.0710207482303769,0.9837620616264839,0.9794023570055262
G,G_C000005,coorte de 10000 firmas,10000,92488,0.005251005059219151,1.0,8.842985358839524,9.2488,10000,coorte_firmas,0.07246381896656531,1.0037739678554556,0.9993255771553494
G,G_C000006,coorte de 10000 firmas,10000,102375,0.005812339362269273,1.0,11.822073558280444,10.2375,10000,coorte_firmas,0.07623869989886549,1.0560880874836678,1.0514078580920927
G,G_C000007,coorte de 10000 firmas,10000,77500,0.004400061544086629,1.0,3.775642680022872,7.75,10000,coorte_firmas,0.06633295971149357,0.9188218860681874,0.9147499745981459
G,G_C000008,coorte de 10000 firmas,10000,91954,0.005220687215805702,1.0,7.712955227967865,9.1954,10000,coorte_firmas,0.07225432316343225,1.0008654937612578,0.9964299924461393
G,G_C000009,coorte de 10000 firmas,10000,96764,0.005493774906477402,1.0,10.494187312004444,9.6764,10000,coorte_firmas,0.07412000341660409,1.0267284583580216,1.0221783410288665
G,G_C000010,coorte de 10000 firmas,10000,83625,0.004747808343538638,1.0,5.679309699451663,8.3625,10000,coorte_firmas,0.06890434197885238,0.9544504819012561,0.950220676403837
G,G_C000011,coorte de 10000 firmas,10000,95227,0.0054065117504353225,1.0,10.608945317333658,9.5227,10000,coorte_firmas,0.07352898578407921,1.018542721868476,1.0140288809872458
G,G_C000012,coorte de 10000 firmas,10000,87634,0.004975419269090164,1.0,6.666576462465434,8.7634,10000,coorte_firmas,0.07053665195549165,0.9770631132460917,0.9727330961251393
G,G_C000013,coorte de 10000 firmas,10000,87865,0.004988534291240926,1.0,6.174735740307538,8.7865,10000,coorte_firmas,0.07062955678213566,0.9783456858616779,0.9740099848076109
G,G_C000014,coorte de 10000 firmas,10000,90057,0.005112985064203995,1.0,6.220783126139766,9.0057,10000,coorte_firmas,0.07150514012435746,0.9904764045908686,0.9860869442462555
G,G_C000015,coorte de 10000 firmas,10000,94984,0.0053927154284325735,1.0,9.399144470691374,9.4984,10000,coorte_firmas,0.07343511032491593,1.017235827419547,1.0127277782576667
G,G_C000016,coorte de 10000 firmas,10000,99071,0.005624754803022019,1.0,10.023765631136929,9.9071,10000,coorte_firmas,0.07499836533566594,1.0388883397576356,1.034284333898727
G,G_C000017,coorte de 10000 firmas,10000,95771,0.0054373973437254275,1.0,7.3636739100268125,9.5771,10000,coorte_firmas,0.07373870994074569,1.021419390020052,1.0168928007071407
G,G_C000018,coorte de 10000 firmas,10000,89025,0.005054393276933061,1.0,6.2226041629547355,8.9025,10000,coorte_firmas,0.07109425628651769,0.9847857637377109,0.9804215224111832
G,G_C000019,coorte de 10000 firmas,10000,89947,0.005106739815560775,1.0,6.353056088889641,8.9947,10000,coorte_firmas,0.07146145685305313,0.9898728021182095,0.9854860167379926
G,G_C000020,coorte de 10000 firmas,10000,93871,0.005329524867160723,1.0,8.126599079784794,9.3871,10000,coorte_firmas,0.07300359489203749,1.0112439726110343,1.0067624773468047
G,G_C000021,coorte de 10000 firmas,10000,84235,0.004782441086014674,1.0,5.547738888111073,8.4235,10000,coorte_firmas,0.06915519565451807,0.9579219227299056,0.9536767329671114
G,G_C000022,coorte de 10000 firmas,10000,77903,0.00442294186411588,1.0,3.18143908763662,7.7903,10000,coorte_firmas,0.06650520178238602,0.9212050137516756,0.9171225410563346
G,G_C000023,coorte de 10000 firmas,10000,87690,0.004978598668399439,1.0,7.818918860727375,8.769,10000,coorte_firmas,0.07055918557069263,0.9773896941347441,0.9730582297164574
G,G_C000024,coorte de 10000 firmas,10000,85483,0.0048532962706213855,1.0,6.8455591261664255,8.5483,10000,coorte_firmas,0.06966560321005902,0.9650027587645377,0.960726189103306
G,G_C000025,coorte de 10000 firmas,10000,98185,0.005574452163950267,1.0,10.388239951295036,9.8185,10000,coorte_firmas,0.07466225394367804,1.034238126428823,1.0296547287609892
G,G_C000026,coorte de 10000 firmas,10000,88355,0.0050163540351970855,1.0,6.973981063254556,8.8355,10000,coorte_firmas,0.07082622420542468,0.9810768096255258,0.9767290051438536
G,G_C000027,coorte de 10000 firmas,10000,101072,0.005738361553340953,1.0,10.477924602825823,10.1072,10000,coorte_firmas,0.07575197392372658,1.049331746175454,1.0446814586301558
G,G_C000028,coorte de 10000 firmas,10000,79895,0.004536037639545823,1.0,3.6038390825756004,7.9895,10000,coorte_firmas,0.06735011239445576,0.9329096483711578,0.9287753046476204
G,G_C000029,coorte de 10000 firmas,10000,102938,0.005844303680325026,1.0,11.935487593244025,10.2938,10000,coorte_firmas,0.07644804562789703,1.0589853564685083,1.0542922873492448
G,G_C000030,coorte de 10000 firmas,10000,104532,0.005934803010664046,1.0,10.23006966883753,10.4532,10000,coorte_firmas,0.07703767267164842,1.0671326212280068,1.0624034461546659
G,G_C000031,coorte de 10000 firmas,10000,78143,0.004436567861155632,1.0,3.1079934321513907,7.8143,10000,coorte_firmas,0.06660756609541915,0.922622167531688,0.9185334144844974
G,G_C000032,coorte de 10000 firmas,10000,96465,0.005476799185165377,1.0,9.564805864241816,9.6465,10000,coorte_firmas,0.07400539970276072,1.0251302521832264,1.0205872175696151
G,G_C000033,coorte de 10000 firmas,10000,94123,0.005343832164052462,1.0,8.375001697422276,9.4123,10000,coorte_firmas,0.07310151957416797,1.0126034811687379,1.0081159610170152
G,G_C000034,coorte de 10000 firmas,10000,90265,0.005124794261638446,1.0,6.8075549245437985,9.0265,10000,coorte_firmas,0.07158766836291322,0.9916217725354255,0.9872272363029372
G,G_C000035,coorte de 10000 firmas,10000,92928,0.00527598605379203,1.0,8.83323362300222,9.2928,10000,coorte_firmas,0.07263598318872011,1.0061614669340042,1.0017024956360367
G,G_C000036,coorte de 10000 firmas,10000,114676,0.006510728485544236,1.0,15.254103249448612,11.4676,10000,coorte_firmas,0.08068908529376347,1.1177611719486698,1.112807628061833
G,G_C000037,coorte de 10000 firmas,10000,95719,0.0054344450443668145,1.0,9.095505936930993,9.5719,10000,coorte_firmas,0.07371868856922792,1.0211598058991,1.0166343669762432
G,G_C000038,coorte de 10000 firmas,10000,88994,0.005052633252315426,1.0,6.11134895734866,8.8994,10000,coorte_firmas,0.0710818771018002,0.9846120918993516,0.980248620228359
G,G_C000039,coorte de 10000 firmas,10000,96852,0.005498771105391978,1.0,10.758144491646517,9.6852,10000,coorte_firmas,0.07415369920234578,1.0271984563714431,1.0226462561681957
G,G_C000040,coorte de 10000 firmas,10000,89334,0.005071936748121742,1.0,8.035034018596667,8.9334,10000,coorte_firmas,0.07121753118524779,0.9865100083145318,0.9821381257123922
G,G_C000041,coorte de 10000 firmas,10000,95171,0.005403332351126047,1.0,9.57952375765206,9.5171,10000,coorte_firmas,0.07350736256407277,1.0182315328385714,1.0137190710431025
G,G_C000042,coorte de 10000 firmas,10000,76400,0.0043376090576544325,1.0,2.7866381789135968,7.64,10000,coorte_firmas,0.06586052731078329,0.9122737746080607,0.9082308821792131
G,G_C000043,coorte de 10000 firmas,10000,90900,0.005160846378806124,1.0,6.845462016154505,9.09,10000,coorte_firmas,0.07183903102635868,0.9951033531637247,0.9906933877296585
G,G_C000044,coorte de 10000 firmas,10000,83886,0.004762626615319368,1.0,5.842764683956123,8.3886,10000,coorte_firmas,0.06901178606092852,0.9559388201919131,0.9517024188766876
G,G_C000045,coorte de 10000 firmas,10000,81382,0.0046204620462046205,1.0,5.614705226294616,8.1382,10000,coorte_firmas,0.06797398065587024,0.9415646283087824,0.9373919286072089
G,G_C000046,coorte de 10000 firmas,10000,108006,0.0061320393178144585,1.0,11.479911003425142,10.8006,10000,coorte_firmas,0.07830733885029205,1.0847352051509749,1.0799280213095963
G,G_C000047,coorte de 10000 firmas,10000,78426,0.004452635182665006,1.0,4.34094148788255,7.8426,10000,coorte_firmas,0.0667280689265395,0.9242976829497728,0.9202015045783134
G,G_C000048,coorte de 10000 firmas,10000,79036,0.004487267925141043,1.0,3.7451478021147393,7.9036,10000,coorte_firmas,0.0669870728211126,0.9278818421730218,0.9237697800059403
G,G_C000049,coorte de 10000 firmas,10000,83553,0.004743720544426712,1.0,4.843209608556774,8.3553,10000,coorte_firmas,0.06887467273553256,0.9540328063714206,0.9498048518723359
G,G_C000050,coorte de 10000 firmas,10000,102289,0.005807456713330029,1.0,9.01277681820231,10.2289,10000,coorte_firmas,0.0762066710552956,1.0556154406110825,1.0509373058324578
G,G_C000051,coorte de 10000 firmas,10000,103851,0.005896139244063749,1.0,11.339741946685164,10.3851,10000,coorte_firmas,0.07678632198551869,1.063667068014025,1.058953251114119
G,G_C000052,coorte de 10000 firmas,10000,102002,0.0057911622918699925,1.0,12.884656281197168,10.2002,10000,coorte_firmas,0.07609968654252126,1.0541719545731045,1.049500216842095
G,G_C000053,coorte de 10000 firmas,10000,78685,0.0044673399044704055,1.0,3.5831040004259664,7.8685,10000,coorte_firmas,0.0668381620368963,0.925818041889828,0.9217151257957477
G,G_C000054,coorte de 10000 firmas,10000,102125,0.005798145615352865,1.0,12.017567041838015,10.2125,10000,coorte_firmas,0.07614555545370238,1.0547998919545811,1.0501253714149934
G,G_C000055,coorte de 10000 firmas,10000,113621,0.006450830873556993,1.0,12.145807233316637,11.3621,10000,coorte_firmas,0.0803170646472902,1.1125771775608886,1.1076466074043563
G,G_C000056,coorte de 10000 firmas,10000,102977,0.005846517904843985,1.0,11.82163088126633,10.2977,10000,coorte_firmas,0.0764625261474141,1.0591859387165108,1.0544919806837716
G,G_C000057,coorte de 10000 firmas,10000,79698,0.004524852966975693,1.0,4.875384139603393,7.9698,10000,coorte_firmas,0.06726702733862776,0.9317652879838432,0.927636015683024
G,G_C000058,coorte de 10000 firmas,10000,80087,0.004546938437177624,1.0,4.2662230112879564,8.0087,10000,coorte_firmas,0.06743099018387336,0.9340327924436573,0.9298934713210172
G,G_C000059,coorte de 10000 firmas,10000,84343,0.0047885727846825625,1.0,5.453279602166716,8.4343,10000,coorte_firmas,0.06919951433848769,0.9585360108600578,0.9542880996639381
G,G_C000060,coorte de 10000 firmas,10000,92779,0.00526752658062985,1.0,7.62468694478576,9.2779,10000,coorte_firmas,0.07257772785524393,1.0053423610926984,1.0008870197980222
G,G_C000061,coorte de 10000 firmas,10000,96644,0.005486961907957525,1.0,9.933038939587599,9.6644,10000,coorte_firmas,0.07407402991573717,1.026087990495656,1.0215407115059811
G,G_C000062,coorte de 10000 firmas,10000,85547,0.004856929869831986,1.0,6.641594226038604,8.5547,10000,coorte_firmas,0.06969167719198603,0.9653604305561887,0.9610822758131332
G,G_C000063,coorte de 10000 firmas,10000,99550,0.005651950022113858,1.0,9.7474947095307,9.955,10000,coorte_firmas,0.07517945212698651,1.0413975225289114,1.0367823968106897
G,G_C000064,coorte de 10000 firmas,10000,97764,0.005550549894143036,1.0,8.90450997266076,9.7764,10000,coorte_firmas,0.07450201268518211,1.0320067246942128,1.0274332158529895
G,G_C000065,coorte de 10000 firmas,10000,93610,0.0053147065953799925,1.0,9.65416080140236,9.361,10000,coorte_firmas,0.07290203423348345,1.009852341394912,1.0053770133750601
G,G_C000066,coorte de 10000 firmas,10000,88276,0.005011868811171501,1.0,8.443035623375973,8.8276,10000,coorte_firmas,0.07079455354172029,0.980652710573993,0.976306785557556
G,G_C000067,coorte de 10000 firmas,10000,92882,0.0052733744043594105,1.0,6.945364421556363,9.2882,10000,coorte_firmas,0.0726180033074403,1.0058950636878956,1.0014372730000658
G,G_C000068,coorte de 10000 firmas,10000,91930,0.005219324616101727,1.0,6.789566757446414,9.193,10000,coorte_firmas,0.07224489335656692,1.0007264300960075,0.9962915450645693
G,G_C000069,coorte de 10000 firmas,10000,90818,0.0051561908298175425,1.0,6.249882103309957,9.0818,10000,coorte_firmas,0.07180662107227677,0.9946515230881624,0.9902435600139606
G,G_C000070,coorte de 10000 firmas,10000,113826,0.0064624697460284476,1.0,14.048937948196158,11.3826,10000,coorte_firmas,0.08038948778309542,1.1136018402240113,1.108666729105064
G,G_C000071,coorte de 10000 firmas,10000,96954,0.005504562154133872,1.0,9.30546715370005,9.6954,10000,coorte_firmas,0.07419273653218265,1.0277254900503439,1.02317095421
G,G_C000072,coorte de 10000 firmas,10000,113919,0.006467749819881352,1.0,12.800311148445854,11.3919,10000,coorte_firmas,0.08042232165189807,1.1140433894813921,1.1091063215637298
G,G_C000073,coorte de 10000 firmas,10000,90397,0.00513228856001031,1.0,7.291349056660017,9.0397,10000,coorte_firmas,0.0716399927415568,0.9923513733333892,0.9879536037540436
G,G_C000074,coorte de 10000 firmas,10000,79469,0.004511851494800263,1.0,4.1669560486528905,7.9469,10000,coorte_firmas,0.0671703170663967,0.9304216181243576,0.9262983005192151
G,G_C000075,coorte de 10000 firmas,10000,98674,0.005602215132918763,1.0,9.781567619585903,9.8674,10000,coorte_firmas,0.0748479467515226,1.0368052210519079,1.0322104468787916
G,G_C000076,coorte de 10000 firmas,10000,101088,0.005739269953143603,1.0,9.342913111448755,10.1088,10000,coorte_firmas,0.07575796956851208,1.049404470995739,1.0447538611583465
G,G_C000077,coorte de 10000 firmas,10000,79533,0.004515485094010863,1.0,3.3076720000044664,7.9533,10000,coorte_firmas,0.06719735927855248,0.9307924898628361,0.9266675286781177
G,G_C000078,coorte de 10000 firmas,10000,97251,0.005521424325470565,1.0,10.042004061811706,9.7251,10000,coorte_firmas,0.07430628725397713,1.0293037784944694,1.024742248207306
G,G_C000079,coorte de 10000 firmas,10000,93568,0.005312322045898036,1.0,7.91130081950673,9.3568,10000,coorte_firmas,0.07288567792027481,1.009610237465097,1.0051359823689354
G,G_C000080,coorte de 10000 firmas,10000,106495,0.006046252311451685,1.0,12.122279620954352,10.6495,10000,coorte_firmas,0.07775765114412655,1.0771298861426162,1.0723564065328985
G,G_C000081,coorte de 10000 firmas,10000,88814,0.005042413754535612,1.0,6.971103900166064,8.8814,10000,coorte_firmas,0.07100995531990999,0.9836200677936595,0.9792609924419056
G,G_C000082,coorte de 10000 firmas,10000,89199,0.005064272124786881,1.0,8.365928359283826,8.9199,10000,coorte_firmas,0.07116369948777874,0.9857634389269991,0.9813948648708338
G,G_C000083,coorte de 10000 firmas,10000,87772,0.004983254217388021,1.0,6.967339148370013,8.7772,10000,coorte_firmas,0.07059216824399163,0.9778340333105444,0.9735005997295568
G,G_C000084,coorte de 10000 firmas,10000,83711,0.0047526909924778815,1.0,5.170506317725389,8.3711,10000,coorte_firmas,0.06893976350755696,0.9549371187231777,0.9507051566140288
G,G_C000085,coorte de 10000 firmas,10000,92205,0.005234937737709776,1.0,9.204278846495022,9.2205,10000,coorte_firmas,0.0723528695886333,1.0022417035961524,0.9978001033790631
G,G_C000086,coorte de 10000 firmas,10000,85279,0.004841714173137596,1.0,5.370899848467509,8.5279,10000,coorte_firmas,0.06958242718630614,0.963839367695823,0.9595679537949281
G,G_C000087,coorte de 10000 firmas,10000,98712,0.005604372582450057,1.0,9.495862585209702,9.8712,10000,coorte_firmas,0.07486235758009534,1.0369988200683435,1.0324031879290998
G,G_C000088,coorte de 10000 firmas,10000,75587,0.004291450992682272,1.0,2.8875740350144103,7.5587,10000,coorte_firmas,0.0655091672415569,0.9074071870907289,0.9033858617510333
G,G_C000089,coorte de 10000 firmas,10000,110282,0.006261259189741441,1.0,14.552604481363666,11.0282,10000,coorte_firmas,0.07912811883105425,1.0961370986519174,1.0912793854297842
G,G_C000090,coorte de 10000 firmas,10000,99900,0.0056718212677968295,1.0,10.3917557023863,9.99,10000,coorte_firmas,0.07531149492472466,1.0432285256351022,1.0386052855231522
G,G_C000091,coorte de 10000 firmas,10000,96797,0.005495648481070367,1.0,9.99038866794397,9.6797,10000,coorte_firmas,0.07413264113108589,1.026902925494516,1.02235203498533
G,G_C000092,coorte de 10000 firmas,10000,89732,0.005094533193212664,1.0,8.681939165000394,8.9732,10000,coorte_firmas,0.07137599871954622,0.9887089939452417,0.9843273661738282
G,G_C000093,coorte de 10000 firmas,10000,93172,0.005289839150782445,1.0,7.911358636123657,9.3172,10000,coorte_firmas,0.07273128041484245,1.0074732528521504,1.0030084681574767
G,G_C000094,coorte de 10000 firmas,10000,84852,0.004817471253404371,1.0,5.06144355526464,8.4852,10000,coorte_firmas,0.06940800568669561,0.9614211788018843,0.957160481505854
G,G_C000095,coorte de 10000 firmas,10000,91278,0.005182307324143734,1.0,8.718546847710087,9.1278,10000,coorte_firmas,0.07198824434686357,0.9971863256993249,0.9927671292272437
G,G_C000096,coorte de 10000 firmas,10000,90244,0.0051236019868974685,1.0,8.246958040410938,9.0244,10000,coorte_firmas,0.07157934050337059,0.9915204466930552,0.9871263595028309
G,G_C000097,coorte de 10000 firmas,10000,103149,0.0058562832027224745,1.0,11.945374319879237,10.3149,10000,coorte_firmas,0.076526356261895,1.0600702186062987,1.0553723417406708
G,G_C000098,coorte de 10000 firmas,10000,95947,0.0054473897415545786,1.0,9.253427625970968,9.5947,10000,coorte_firmas,0.07380643428289012,1.022373275730109,1.0178424591145803
G,G_C000099,coorte de 10000 firmas,10000,102975,0.005846404354868654,1.0,11.273041492444275,10.2975,10000,coorte_firmas,0.07646178362338046,1.0591733398082706,1.0544794376096813
G,G_C000100,coorte de 10000 firmas,10000,112605,0.006393147486088708,1.0,13.025763367982744,11.2605,10000,coorte_firmas,0.07995716031781462,1.1075981214426804,1.1026896167985454
G,G_C000101,coorte de 10000 firmas,10000,104564,0.005936619810269346,1.0,11.35460079735309,10.4564,10000,coorte_firmas,0.0770494634002687,1.0673131568462306,1.0625831816993765
G,G_C000102,coorte de 10000 firmas,10000,84115,0.004775628087494798,1.0,6.125515644459745,8.4115,10000,coorte_firmas,0.06910591933759942,0.9572438147473835,0.9530016301325006
G,G_C000103,coorte de 10000 firmas,10000,93430,0.005304487097600178,1.0,8.159763684047329,9.343,10000,coorte_firmas,0.07283190988570998,1.0088705740286454,1.0043995968735913
G,G_C000104,coorte de 10000 firmas,10000,89144,0.005061149500465271,1.0,8.650392559360025,8.9144,10000,coorte_firmas,0.07114175637742767,0.985463480338885,0.981096235598917
G,G_C000105,coorte de 10000 firmas,10000,106499,0.006046479411402348,1.0,12.914530134961796,10.6499,10000,coorte_firmas,0.07775911143655352,1.077157600028033,1.072383997599639
G,G_C000106,coorte de 10000 firmas,10000,90453,0.005135467959319586,1.0,6.472524793730275,9.0453,10000,coorte_firmas,0.07166217942066502,0.9926520294249767,0.9882529274383316
G,G_C000107,coorte de 10000 firmas,10000,78707,0.0044685889541990495,1.0,5.000263646818239,7.8707,10000,coorte_firmas,0.06684750522045718,0.9259572964814351,0.9218537632575524
G,G_C000108,coorte de 10000 firmas,10000,117151,0.006651246580016681,1.0,15.057944064830618,11.7151,10000,coorte_firmas,0.08155517506582081,1.1297554556221738,1.1247487570793524
G,G_C000109,coorte de 10000 firmas,10000,89359,0.005073356122813382,1.0,7.886237102356023,8.9359,10000,coorte_firmas,0.07122749555342643,0.9866416545953216,0.9822691885808702
G,G_C000110,coorte de 10000 firmas,10000,92205,0.005234937737709776,1.0,8.556695943786993,9.2205,10000,coorte_firmas,0.0723528695886333,1.0022366708267132,0.9977950929131756
G,G_C000111,coorte de 10000 firmas,10000,83704,0.0047522935675642225,1.0,5.551969974415869,8.3704,10000,coorte_firmas,0.06893688104029817,0.9548993454413586,0.9506675507307684
G,G_C000112,coorte de 10000 firmas,10000,90505,0.005138420258678199,1.0,6.8695790370629135,9.0505,10000,coorte_firmas,0.07168277518817334,0.9929395393937059,0.9885391632589837
G,G_C000113,coorte de 10000 firmas,10000,99579,0.005653596496756161,1.0,8.984226808595793,9.9579,10000,coorte_firmas,0.07519040162651189,1.0415374471795682,1.0369217013620664
G,G_C000114,coorte de 10000 firmas,10000,98138,0.005571783739529983,1.0,10.671366110861184,9.8138,10000,coorte_firmas,0.07464438183500471,1.033993377092062,1.0294110640714775
G,G_C000115,coorte de 10000 firmas,10000,94044,0.0053393469400268775,1.0,6.602346751568994,9.4044,10000,coorte_firmas,0.07307083508505208,1.012164549063306,1.0076789741119554
G,G_C000116,coorte de 10000 firmas,10000,92373,0.005244475935637603,1.0,8.17264369863317,9.2373,10000,coorte_firmas,0.07241875403262336,1.0031423818248688,0.9986967901029339
G,G_C000117,coorte de 10000 firmas,10000,112016,0.00635970701835365,1.0,15.360063181823529,11.2016,10000,coorte_firmas,0.07974777124380122,1.1047269675928195,1.0998311869428237
G,G_C000118,coorte de 10000 firmas,10000,94795,0.005381984955763769,1.0,11.054251833411659,9.4795,10000,coorte_firmas,0.0733620130296584,1.0162353245163687,1.0117317092489233
G,G_C000119,coorte de 10000 firmas,10000,97471,0.005533914822757005,1.0,8.95899420548821,9.7471,10000,coorte_firmas,0.07439028715334418,1.0304574214324969,1.0258907785854534
G,G_C000120,coorte de 10000 firmas,10000,83813,0.004758482041219776,1.0,5.843297460433405,8.3813,10000,coorte_firmas,0.0689817515087851,0.9555228059450749,0.9512882482659327
G,G_C000121,coorte de 10000 firmas,10000,93534,0.005310391696317404,1.0,8.029005175599215,9.3534,10000,coorte_firmas,0.07287243440641601,1.0094290831991604,1.0049556309181522
G,G_C000122,coorte de 10000 firmas,10000,88258,0.005010846861393519,1.0,6.784439267650074,8.8258,10000,coorte_firmas,0.07078733545906019,0.9805384862188703,0.9761930674065944
G,G_C000123,coorte de 10000 firmas,10000,103294,0.005864515575933991,1.0,11.158664855386027,10.3294,10000,coorte_firmas,0.0765801252018694,1.060809077222786,1.056107925982744
G,G_C000124,coorte de 10000 firmas,10000,92941,0.005276724128631683,1.0,10.693485826856042,9.2941,10000,coorte_firmas,0.07264106365294828,1.0062483987309023,1.0017890421802695
G,G_C000125,coorte de 10000 firmas,10000,86160,0.00489173293727102,1.0,7.754675211199269,8.616,10000,coorte_firmas,0.06994092462407843,0.968824353945183,0.964530848251532
G,G_C000126,coorte de 10000 firmas,10000,99963,0.005675398092019765,1.0,11.543480933241451,9.9963,10000,coorte_firmas,0.07533523804979822,1.043571306565622,1.0389465473631674
G,G_C000127,coorte de 10000 firmas,10000,98704,0.005603918382548732,1.0,8.98706365573801,9.8704,10000,coorte_firmas,0.07485932395198831,1.0369551071253889,1.0323596687072965
G,G_C000128,coorte de 10000 firmas,10000,89471,0.005079714921431933,1.0,7.674000445765974,8.9471,10000,coorte_firmas,0.07127211882238337,0.987257597585685,0.9828824019177878
G,G_C000129,coorte de 10000 firmas,10000,78900,0.004479546526818517,1.0,4.007215020414779,7.89,10000,coorte_firmas,0.06692941451124847,0.9270843645975722,0.9229758365845371
G,G_C000130,coorte de 10000 firmas,10000,84333,0.004788005034805906,1.0,6.244645683952292,8.4333,10000,coorte_firmas,0.06919541194910184,0.9584855739264125,0.9542378862499236
G,G_C000131,coorte de 10000 firmas,10000,87202,0.00495089247441861,1.0,5.870220655825053,8.7202,10000,coorte_firmas,0.07036257865100319,0.9746477454685784,0.9703284324502455
G,G_C000132,coorte de 10000 firmas,10000,81478,0.0046259124450205216,1.0,4.4782229388009345,8.1478,10000,coorte_firmas,0.06801406064205048,0.9421096600426485,0.9379345449426151
G,G_C000133,coorte de 10000 firmas,10000,114322,0.006490630139910602,1.0,15.114134387677488,11.4322,10000,coorte_firmas,0.08056444712098881,1.1160328544850284,1.1110869699234767
G,G_C000134,coorte de 10000 firmas,10000,83886,0.004762626615319368,1.0,5.935883403756984,8.3886,10000,coorte_firmas,0.06901178606092852,0.9559405049528754,0.9517040961713524
G,G_C000135,coorte de 10000 firmas,10000,101463,0.005760560573518215,1.0,11.367925235137646,10.1463,10000,coorte_firmas,0.0758983568565105,1.051368595841507,1.046709281659334
G,G_C000136,coorte de 10000 firmas,10000,97190,0.005517961051222962,1.0,7.572926898172588,9.719,10000,coorte_firmas,0.07428297955267385,1.0289601139115565,1.0244001066309498
G,G_C000137,coorte de 10000 firmas,10000,82647,0.004692282405601648,1.0,4.5003692311459185,8.2647,10000,coorte_firmas,0.0685002365368299,0.9488442186055294,0.9446392581930653
G,G_C000138,coorte de 10000 firmas,10000,95379,0.005415141548560498,1.0,10.670441171394312,9.5379,10000,coorte_firmas,0.07358764535273905,1.0193574321687193,1.014839980763767
G,G_C000139,coorte de 10000 firmas,10000,91764,0.005209899968149232,1.0,8.28151075355506,9.1764,10000,coorte_firmas,0.0721796367970166,0.9998349411447888,0.9954040068943898
G,G_C000140,coorte de 10000 firmas,10000,94253,0.005351212912448995,1.0,7.317619429869473,9.4253,10000,coorte_firmas,0.07315198502056519,1.0132917561730734,1.0088011858165968
G,G_C000141,coorte de 10000 firmas,10000,99866,0.005669890918216198,1.0,10.49465449413232,9.9866,10000,coorte_firmas,0.07529867806420108,1.0430557095589943,1.0384332353101275
G,G_C000142,coorte de 10000 firmas,10000,88953,0.005050305477821135,1.0,5.675951722570367,8.8953,10000,coorte_firmas,0.071065501319706,0.9843830464059531,0.9800205897880256
G,G_C000143,coorte de 10000 firmas,10000,97289,0.005523581775001859,1.0,8.838325317881083,9.7289,10000,coorte_firmas,0.07432080311058176,1.029494308831736,1.0249319341778054
G,G_C000144,coorte de 10000 firmas,10000,85311,0.004843530972742896,1.0,6.105205034453924,8.5311,10000,coorte_firmas,0.06959548097932003,0.964025450869401,0.9597532123100817
G,G_C000145,coorte de 10000 firmas,10000,111302,0.006319169677160388,1.0,13.634287679141696,11.1302,10000,coorte_firmas,0.07949320522636125,1.1011798200540635,1.096299759176276
G,G_C000146,coorte de 10000 firmas,10000,81026,0.004600250150595655,1.0,6.322141902922741,8.1026,10000,coorte_firmas,0.06782514394083992,0.9395070943390476,0.9353435129402686
G,G_C000147,coorte de 10000 firmas,10000,112632,0.006394680410755681,1.0,12.774040880511905,11.2632,10000,coorte_firmas,0.07996674565565165,1.1077345864819887,1.102825477070415
G,G_C000148,coorte de 10000 firmas,10000,102036,0.005793092641450624,1.0,9.499742983884762,10.2036,10000,coorte_firmas,0.07611236851820224,1.0543130186120588,1.0496406557323812
G,G_C000149,coorte de 10000 firmas,10000,101476,0.005761298648357869,1.0,11.032001154869318,10.1476,10000,coorte_firmas,0.07590321895913156,1.0514323485247639,1.0467727518120091
G,G_C000150,coorte de 10000 firmas,10000,93987,0.005336110765729936,1.0,8.30959510249702,9.3987,10000,coorte_firmas,0.07304868763865602,1.0118747085008433,1.0073904180259823
G,G_C000151,coorte de 10000 firmas,10000,80791,0.004586908028494231,1.0,6.9875297171333575,8.0791,10000,coorte_firmas,0.06772671576633722,0.9381526095914957,0.9339950308163625
G,G_C000152,coorte de 10000 firmas,10000,80093,0.004547279087103618,1.0,4.957613004314705,8.0093,10000,coorte_firmas,0.06743351605176479,0.9340735233196114,0.9299340216913439
G,G_C000153,coorte de 10000 firmas,10000,96334,0.005469361661781179,1.0,9.355589442250475,9.6334,10000,coorte_firmas,0.0739551327615682,1.0244368376359823,1.019896876003861
G,G_C000154,coorte de 10000 firmas,10000,104079,0.005909083941251514,1.0,10.856607643340253,10.4079,10000,coorte_firmas,0.0768705661566995,1.0648269939274606,1.0601080366236277
G,G_C000155,coorte de 10000 firmas,10000,104857,0.005953254881655377,1.0,11.309382409209045,10.4857,10000,coorte_firmas,0.0771573384821909,1.0688047709051556,1.0640681854233849
G,G_C000156,coorte de 10000 firmas,10000,77505,0.004400345419024958,1.0,4.164429131093046,7.7505,10000,coorte_firmas,0.06633509944987614,0.9188532104531173,0.9147811601638726
G,G_C000157,coorte de 10000 firmas,10000,79233,0.004498452597711173,1.0,3.9381408208499464,7.9233,10000,coorte_firmas,0.06707050467762393,0.9290381879862206,0.9249210012810196
G,G_C000158,coorte de 10000 firmas,10000,73219,0.004157007821890051,1.0,2.5727139089241358,7.3219,10000,coorte_firmas,0.06447486193773548,0.8930798095371032,0.8891219783455998
G,G_C000159,coorte de 10000 firmas,10000,77130,0.004379054798650345,1.0,3.517651925862137,7.713,10000,coorte_firmas,0.06617442707459087,0.916625008149159,0.9125628325077179
G,G_C000160,coorte de 10000 firmas,10000,76868,0.004364179751881949,1.0,3.0459046145025717,7.6868,10000,coorte_firmas,0.06606193875358148,0.9150645256708684,0.9110092655661578
G,G_C000161,coorte de 10000 firmas,10000,85883,0.004876006265687639,1.0,5.3386546190233055,8.5883,10000,coorte_firmas,0.0698284058652898,0.9672455244905713,0.9629590156413175
G,G_C000162,coorte de 10000 firmas,10000,116784,0.006630410159543393,1.0,15.02252597142912,11.6784,10000,coorte_firmas,0.08142733054413237,1.127983621722083,1.122984775354847
G,G_C000163,coorte de 10000 firmas,10000,84558,0.004800779407030674,1.0,5.395338212149036,8.4558,10000,coorte_firmas,0.06928765696017346,0.9597557621803897,0.9555024454541372
G,G_C000164,coorte de 10000 firmas,10000,99675,0.005659046895572062,1.0,11.843051379892891,9.9675,10000,coorte_firmas,0.07522663687532537,1.0420712275421304,1.0374531161884855
G,G_C000165,coorte de 10000 firmas,10000,99290,0.0056371885253207925,1.0,9.004267131013076,9.929,10000,coorte_firmas,0.07508121286527537,1.0400313650756359,1.0354222937105901
G,G_C000166,coorte de 10000 firmas,10000,88444,0.0050214070090993275,1.0,7.197118522867321,8.8444,10000,coorte_firmas,0.07086188685816465,0.9815715808809474,0.9772215837384551
G,G_C000167,coorte de 10000 firmas,10000,98653,0.005601022858177784,1.0,9.99034603539552,9.8653,10000,coorte_firmas,0.07483998168210482,1.0366955114929148,1.032101223515892
G,G_C000168,coorte de 10000 firmas,10000,83787,0.00475700589154047,1.0,7.382336890146852,8.3787,10000,coorte_firmas,0.06897105111233603,0.9553899617180278,0.9511559927600949
G,G_C000169,coorte de 10000 firmas,10000,89117,0.005059616575798299,1.0,6.439923892107132,8.9117,10000,coorte_firmas,0.07113098182788073,0.9852935776400474,0.9809270858520481
G,G_C000170,coorte de 10000 firmas,10000,83687,0.004751328392773907,1.0,7.581363586562172,8.3687,10000,coorte_firmas,0.06892988026084121,0.9548191808394539,0.9505877413915834
G,G_C000171,coorte de 10000 firmas,10000,109110,0.006194718904197318,1.0,11.794367134362972,10.911,10000,coorte_firmas,0.07870653660400334,1.0902646436503542,1.0854329551858384
G,G_C000172,coorte de 10000 firmas,10000,87919,0.004991600140574869,1.0,6.304509711382426,8.7919,10000,coorte_firmas,0.07065125717618101,0.9786490222775974,0.9743119769379294
G,G_C000173,coorte de 10000 firmas,10000,78926,0.004481022676497823,1.0,3.703005985196914,7.8926,10000,coorte_firmas,0.06694044126309463,0.9272357059566851,0.9231265072493344
G,G_C000174,coorte de 10000 firmas,10000,105574,0.005993962547811637,1.0,11.69536353383781,10.5574,10000,coorte_firmas,0.07742068552920231,1.0724592728427012,1.0677064918299115
G,G_C000175,coorte de 10000 firmas,10000,91073,0.005170668451672279,1.0,8.625295393339606,9.1073,10000,coorte_firmas,0.07190736020514367,0.9960678952151252,0.9916536552530989
G,G_C000176,coorte de 10000 firmas,10000,112003,0.006358968943513997,1.0,14.155671437436595,11.2003,10000,coorte_firmas,0.07974314355174367,1.104650454970168,1.0997550133985403
G,G_C000177,coorte de 10000 firmas,10000,110323,0.006263586964235732,1.0,13.255089982129128,11.0323,10000,coorte_firmas,0.07914282635991547,1.0963219291929738,1.0914633968636651
G,G_C000178,coorte de 10000 firmas,10000,110809,0.00629117960824123,1.0,13.181663416884028,11.0809,10000,coorte_firmas,0.07931695662493128,1.0987339734548525,1.0938647517516342
G,G_C000179,coorte de 10000 firmas,10000,93067,0.005283877777077553,1.0,7.859252805177372,9.3067,10000,coorte_firmas,0.07269028667626475,1.0069080069722225,1.0024457272583471
G,G_C000180,coorte de 10000 firmas,10000,88721,0.005037133680682708,1.0,7.820425224369715,8.8721,10000,coorte_firmas,0.07097276717645092,0.9831180838243087,0.9787612330977116
G,G_C000181,coorte de 10000 firmas,10000,85242,0.004839613498593968,1.0,5.452281288785149,8.5242,10000,coorte_firmas,0.06956733068469688,0.963630571649144,0.9593600830625351
G,G_C000182,coorte de 10000 firmas,10000,81532,0.004628978294354466,1.0,4.015596116635688,8.1532,10000,coorte_firmas,0.06803659525839359,0.9424201379630139,0.938243646928619
G,G_C000183,coorte de 10000 firmas,10000,91052,0.0051694761769313004,1.0,7.997951067887266,9.1052,10000,coorte_firmas,0.0718990693745844,0.9959471757873126,0.9915334708134382
G,G_C000184,coorte de 10000 firmas,10000,107148,0.006083326378397344,1.0,10.546942779870937,10.7148,10000,coorte_firmas,0.07799568179327201,1.080408757747527,1.0756207472748653
G,G_C000185,coorte de 10000 firmas,10000,94661,0.0053743771074165735,1.0,8.206816380110403,9.4661,10000,coorte_firmas,0.07331014327783417,1.015495837977826,1.010995499867536
G,G_C000186,coorte de 10000 firmas,10000,95952,0.005447673616492907,1.0,10.075859445685303,9.5952,10000,coorte_firmas,0.07380835736210979,1.0224103079821347,1.0178793272520434
G,G_C000187,coorte de 10000 firmas,10000,93221,0.005292621125178061,1.0,8.071424715305806,9.3221,10000,coorte_firmas,0.07275040292107021,1.0077362127952578,1.003270262750014
G,G_C000188,coorte de 10000 firmas,10000,89820,0.00509952939212724,1.0,7.926447246177211,8.982,10000,coorte_firmas,0.07141098929525651,0.9891857191836253,0.9848019787253074
G,G_C000189,coorte de 10000 firmas,10000,99205,0.005632362651369214,1.0,10.441047951497866,9.9205,10000,coorte_firmas,0.07504906829114678,1.0395962917300032,1.0349891484645959
G,G_C000190,coorte de 1577 firmas,1577,17646,0.0010018514323477763,1.0,7.579634290624126,11.189600507292328,1577,coorte_firmas,0.03165203678039971,0.43843875293722157,1.0991682164192493
H,H_C000001,coorte de 10000 firmas,10000,199469,0.0404428111615176,1.0,11.263087183628212,19.9469,10000,coorte_firmas,0.20110398096884508,0.9899692447060305,0.9778154139059226
H,H_C000002,coorte de 10000 firmas,10000,194080,0.03935017867552019,1.0,11.729845244698106,19.408,10000,coorte_firmas,0.19836879461124976,0.9765213588650213,0.9645326274657332
H,H_C000003,coorte de 10000 firmas,10000,225748,0.04577094051752541,1.0,13.55850804576395,22.5748,10000,coorte_firmas,0.21394144179547217,1.0532082767397377,1.040278061724251
H,H_C000004,coorte de 10000 firmas,10000,196879,0.039917682540487116,1.0,11.394669971378814,19.6879,10000,coorte_firmas,0.1997941003645681,0.983523951659817,0.9714492495816971
H,H_C000005,coorte de 10000 firmas,10000,209954,0.042568669691056084,1.0,13.847385869060004,20.9954,10000,coorte_firmas,0.20632176252411205,1.0157203043111733,1.003250328314598
H,H_C000006,coorte de 10000 firmas,10000,221183,0.044845375978913755,1.0,13.347616899399455,22.1183,10000,coorte_firmas,0.21176726843144045,1.0425073841654786,1.0297085437744593
H,H_C000007,coorte de 10000 firmas,10000,207541,0.0420794282383354,1.0,12.961225470995688,20.7541,10000,coorte_firmas,0.20513270884560414,1.0098442778650893,0.9974464417168825
H,H_C000008,coorte de 10000 firmas,10000,223305,0.045275616493904755,1.0,13.7276177642246,22.3305,10000,coorte_firmas,0.21278067697491884,1.0475096355859048,1.0346493826634273
H,H_C000009,coorte de 10000 firmas,10000,175834,0.03565075905416023,1.0,10.75467746916865,17.5834,10000,coorte_firmas,0.1888140859527176,0.9294668404400978,0.9180557963360213
H,H_C000010,coorte de 10000 firmas,10000,209632,0.04250338343006311,1.0,12.602537651185923,20.9632,10000,coorte_firmas,0.20616348714082014,1.014908995701928,1.0024489801234324
H,H_C000011,coorte de 10000 firmas,10000,185821,0.03767564690675926,1.0,10.863726388278609,18.5821,10000,coorte_firmas,0.19410215585294063,0.9554975211405183,0.9437668989378935
H,H_C000012,coorte de 10000 firmas,10000,198525,0.04025141293053197,1.0,11.243795292368059,19.8525,10000,coorte_firmas,0.20062754778577135,0.9876213224963968,0.975496317085987
H,H_C000013,coorte de 10000 firmas,10000,196191,0.03977818891451453,1.0,10.222797088388532,19.6191,10000,coorte_firmas,0.19944470139493437,0.9817737359805518,0.9697205212621083
H,H_C000014,coorte de 10000 firmas,10000,165157,0.03348597207086195,1.0,8.6934251142029,16.5157,10000,coorte_firmas,0.1829917267825569,0.9007641377760832,0.8897054761258555
H,H_C000015,coorte de 10000 firmas,10000,239550,0.04856932863623692,1.0,14.46159924129139,23.955,10000,coorte_firmas,0.22038450180590494,1.0849546367826672,1.0716346723981527
H,H_C000016,coorte de 10000 firmas,10000,212486,0.043082038675013305,1.0,13.063241824474519,21.2486,10000,coorte_firmas,0.2075621320834157,1.0218014937889532,1.0092568591619493
H,H_C000017,coorte de 10000 firmas,10000,218530,0.044307473958993336,1.0,13.567534838884198,21.853,10000,coorte_firmas,0.21049340597508828,1.0362462211786267,1.0235242489488774
H,H_C000018,coorte de 10000 firmas,10000,259797,0.05267445573662468,1.0,16.059383462722256,25.9797,10000,coorte_firmas,0.22950916264198404,1.1299268940500145,1.116054806245051
H,H_C000019,coorte de 10000 firmas,10000,208231,0.042219327369034644,1.0,12.233756374847305,20.8231,10000,coorte_firmas,0.20547342253691753,1.0114942083969904,0.9990761160876719
H,H_C000020,coorte de 10000 firmas,10000,199335,0.04041564234483108,1.0,11.558673165521146,19.9335,10000,coorte_firmas,0.2010364204437372,0.9896461114926655,0.9774962477919621
H,H_C000021,coorte de 10000 firmas,10000,214845,0.04356033150011405,1.0,12.737130232299823,21.4845,10000,coorte_firmas,0.20871111973278772,1.0274501851852293,1.014836201697299
H,H_C000022,coorte de 10000 firmas,10000,198754,0.040297843221735054,1.0,12.611539658632484,19.8754,10000,coorte_firmas,0.20074322708807651,0.9882236243017992,0.9760912244452764
H,H_C000023,coorte de 10000 firmas,10000,248469,0.05037767696479712,1.0,14.907642659493344,24.8469,10000,coorte_firmas,0.22444972034911764,1.104987311989363,1.091421406888773
H,H_C000024,coorte de 5216 firmas,5216,122809,0.02489981498846846,1.0,13.517337990846285,23.544670245398773,5216,coorte_firmas,0.15779675214803524,0.7768194221518415,1.0623960819703484
I,I_C000001,coorte de 10000 firmas,10000,168699,0.03359881266230643,1.0,4.1368892876231556,16.8699,10000,coorte_firmas,0.1832997890405399,0.9890440654014142,0.9850849228510044
I,I_C000002,coorte de 10000 firmas,10000,195307,0.038898175476067325,1.0,10.329661592141154,19.5307,10000,coorte_firmas,0.19722620382714698,1.0644722838201415,1.0602112021757217
I,I_C000003,coorte de 10000 firmas,10000,173203,0.034495848520438535,1.0,5.253755019415427,17.3203,10000,coorte_firmas,0.18573058046654173,1.0022106807288864,0.9981988322285482
I,I_C000004,coorte de 10000 firmas,10000,178320,0.03551497207418232,1.0,6.928647993347023,17.832,10000,coorte_firmas,0.18845416438535478,1.0169742165275704,1.0129032696060194
I,I_C000005,coorte de 10000 firmas,10000,178175,0.03548609325548135,1.0,6.048000789937112,17.8175,10000,coorte_firmas,0.18837752853108927,1.0165214582267619,1.012452323696303
I,I_C000006,coorte de 10000 firmas,10000,159287,0.031724278582213314,1.0,2.674128465302088,15.9287,10000,coorte_firmas,0.17811310614947265,0.9610224388338583,0.9571754668307033
I,I_C000007,coorte de 10000 firmas,10000,186080,0.03706048678535131,1.0,6.824883640353286,18.608,10000,coorte_firmas,0.19251100432274335,1.0388523414246005,1.034693816387743
I,I_C000008,coorte de 10000 firmas,10000,174975,0.034848767601391044,1.0,5.733157619945366,17.4975,10000,coorte_firmas,0.1866782461921877,1.0073315745365423,1.0032992271026588
I,I_C000009,coorte de 10000 firmas,10000,148481,0.029572109514057112,1.0,2.29619538190804,14.8481,10000,coorte_firmas,0.1719654311600361,0.927848292508762,0.9241341165850576
I,I_C000010,coorte de 10000 firmas,10000,169463,0.03375097416222049,1.0,4.342030549850849,16.9463,10000,coorte_firmas,0.18371438202334756,0.9912897966381602,0.9873216644275247
I,I_C000011,coorte de 10000 firmas,10000,165700,0.03300151902586367,1.0,4.140681097891085,16.57,10000,coorte_firmas,0.18166320217882231,0.9802207709899784,0.9762969480795735
I,I_C000012,coorte de 10000 firmas,10000,172461,0.03434806863439634,1.0,5.437480185190853,17.2461,10000,coorte_firmas,0.18533231945453105,1.0000843707058833,0.9960810338227541
I,I_C000013,coorte de 10000 firmas,10000,178536,0.03555799155583341,1.0,5.518047723670277,17.8536,10000,coorte_firmas,0.1885682676269616,1.017513871302644,1.0134407641434886
I,I_C000014,coorte de 10000 firmas,10000,167065,0.033273378250186565,1.0,4.51906702059742,16.7065,10000,coorte_firmas,0.18240991817932095,0.9842690795229004,0.9803290512368905
I,I_C000015,coorte de 10000 firmas,10000,158079,0.031483688147794224,1.0,3.262692856991098,15.8079,10000,coorte_firmas,0.17743643410470755,0.9573893876159807,0.9535569587137529
I,I_C000016,coorte de 10000 firmas,10000,168661,0.033591244420164104,1.0,4.958002594928727,16.8661,10000,coorte_firmas,0.18327914344017462,0.9889706228749103,0.9850117743148715
I,I_C000017,coorte de 10000 firmas,10000,182011,0.036250087383322104,1.0,6.462169705674429,18.2011,10000,coorte_firmas,0.19039455712630576,1.027427019727084,1.023314230243239
I,I_C000018,coorte de 10000 firmas,10000,166683,0.03319729750022954,1.0,4.169897729177971,16.6683,10000,coorte_firmas,0.18220125548477853,0.9831264517446602,0.9791909973966721
I,I_C000019,coorte de 10000 firmas,10000,223001,0.04441383068368512,1.0,12.140967890188985,22.3001,10000,coorte_firmas,0.2107458912616925,1.1375058844267554,1.1329524493413854
I,I_C000020,coorte de 10000 firmas,10000,171947,0.03424569820120809,1.0,4.197920319760973,17.1947,10000,coorte_firmas,0.18505593262905162,0.9985184871140151,0.9945214184615688
I,I_C000021,coorte de 10000 firmas,10000,170351,0.03392783203123055,1.0,6.0130163441582765,17.0351,10000,coorte_firmas,0.18419509231038309,0.9939657755419002,0.989986931389995
I,I_C000022,coorte de 10000 firmas,10000,172681,0.034391884773115056,1.0,5.500925661413634,17.2681,10000,coorte_firmas,0.18545049143400794,1.0007081547528325,0.9967023208626954
I,I_C000023,coorte de 10000 firmas,10000,174029,0.0346603582049006,1.0,6.207046100789345,17.4029,10000,coorte_firmas,0.18617292554209003,1.004648382069845,1.000626775453118
I,I_C000024,coorte de 10000 firmas,10000,172497,0.03435523854800486,1.0,6.119580765202813,17.2497,10000,coorte_firmas,0.1853516618431161,1.0001969795600465,0.9961931919037701
I,I_C000025,coorte de 10000 firmas,10000,163105,0.032484687753249815,1.0,3.635703588100476,16.3105,10000,coorte_firmas,0.1802350902384156,0.9724946374077474,0.968601742203484
I,I_C000026,coorte de 10000 firmas,10000,153969,0.030665123010821988,1.0,2.915513357467362,15.3969,10000,coorte_firmas,0.17511459965069157,0.9448524503609956,0.941070206807909
I,I_C000027,coorte de 10000 firmas,10000,196399,0.039115662855525646,1.0,9.044808531943595,19.6399,10000,coorte_firmas,0.1977768005998824,1.0673753082615727,1.0631026058127895
I,I_C000028,coorte de 10000 firmas,10000,194319,0.03870140118036695,1.0,8.171417755292103,19.4319,10000,coorte_firmas,0.19672671699687094,1.0616394384463763,1.057389696679572
I,I_C000029,coorte de 7928 firmas,7928,137497,0.027384489206392137,1.0,6.211211923965728,17.34321392532795,7928,coorte_firmas,0.1654825948744826,0.8929894404794833,0.9989011965695812
J,J_C000001,coorte de 10000 firmas,10000,73053,0.051984102981936176,1.0,17.52266352228906,7.3053,10000,coorte_firmas,0.22800022583746749,1.0513508583453046,1.0041864430063692
J,J_C000002,coorte de 10000 firmas,10000,74868,0.05327564675032644,1.0,15.404635323915496,7.4868,10000,coorte_firmas,0.2308151787693488,1.0642196725904365,1.0164779522584444
J,J_C000003,coorte de 10000 firmas,10000,62627,0.04456502015591032,1.0,9.857007415393236,6.2627,10000,coorte_firmas,0.21110428739348314,0.9731080131930842,0.929453632603031
J,J_C000004,coorte de 10000 firmas,10000,68988,0.04909147189735963,1.0,10.810412973434493,6.8988,10000,coorte_firmas,0.22156595383171943,1.0213455395746016,0.9755271861194278
J,J_C000005,coorte de 10000 firmas,10000,74919,0.053311938062826664,1.0,17.981108083082827,7.4919,10000,coorte_firmas,0.23089378090980853,1.0647264776159888,1.0169620216172768
J,J_C000006,coorte de 10000 firmas,10000,78962,0.05618891407142273,1.0,16.642115608713766,7.8962,10000,coorte_firmas,0.2370420090857794,1.0929735898560424,1.0439419464828776
J,J_C000007,coorte de 10000 firmas,10000,68461,0.048716461668190665,1.0,14.649311862529055,6.8461,10000,coorte_firmas,0.2207180592253173,1.0176454435030315,0.9719930792288509
J,J_C000008,coorte de 10000 firmas,10000,74889,0.053290590231944185,1.0,14.320578221600897,7.4889,10000,coorte_firmas,0.23084754759785556,1.0642907826697703,1.016545872284439
J,J_C000009,coorte de 10000 firmas,10000,70478,0.05015174749785632,1.0,12.680379843105051,7.0478,10000,coorte_firmas,0.22394585840746492,1.0324135401104653,0.9860986675626386
J,J_C000010,coorte de 10000 firmas,10000,63980,0.04552780732871034,1.0,13.046891585481726,6.398,10000,coorte_firmas,0.21337246150501787,0.9837243285967223,0.9395936918595498
J,J_C000011,coorte de 10000 firmas,10000,57907,0.04120629476373288,1.0,7.904499411117864,5.7907,10000,coorte_firmas,0.20299333674712794,0.935645061037039,0.893671297551433
J,J_C000012,coorte de 10000 firmas,10000,66222,0.04712320188999463,1.0,13.249381386783167,6.6222,10000,coorte_firmas,0.21707879189362242,1.000770506529316,0.9558751650224915
J,J_C000013,coorte de 10000 firmas,10000,70800,0.05038088088266165,1.0,14.724134396361176,7.08,10000,coorte_firmas,0.2244568575086572,1.034865161984914,0.9884403077773757
J,J_C000014,coorte de 10000 firmas,10000,67043,0.047707420861811935,1.0,11.97638612455434,6.7043,10000,coorte_firmas,0.2184202849137688,1.0068987316280564,0.9617284731878855
J,J_C000015,coorte de 10000 firmas,10000,83328,0.05929573505918686,1.0,18.068874011954712,8.3328,10000,coorte_firmas,0.24350715607387569,1.1228673473896174,1.0724946468563585
J,J_C000016,coorte de 10000 firmas,10000,100065,0.07120568990852455,1.0,20.41222529960421,10.0065,10000,coorte_firmas,0.26684394298639147,1.2305699870262734,1.1753656625031716
J,J_C000017,coorte de 10000 firmas,10000,77218,0.05494789350278767,1.0,14.983100521799726,7.7218,10000,coorte_firmas,0.23440967024162562,1.0807564583986529,1.0322728850229896
J,J_C000018,coorte de 10000 firmas,10000,79860,0.05682792580917174,1.0,16.577571675681675,7.986,10000,coorte_firmas,0.23838608560310676,1.0991527111224384,1.0498438675743516
J,J_C000019,coorte de 10000 firmas,10000,81273,0.057833408643736726,1.0,16.25568861954809,8.1273,10000,coorte_firmas,0.24048577638550003,1.108814330198599,1.0590720589214742
J,J_C000020,coorte de 2306 firmas,2306,10354,0.007367848031907891,1.0,4.030414098741981,4.490026019080659,2306,coorte_firmas,0.08583616971829469,0.39560430977849714,0.7868610409050417
L,L_C000001,coorte de 10000 firmas,10000,31220,0.0621495131754181,1.0,3.393866833555175,3.122,10000,coorte_firmas,0.24929804085756088,1.0349170623801598,1.0113040896870817
L,L_C000002,coorte de 10000 firmas,10000,30168,0.060055301520692286,1.0,2.6098777602908476,3.0168,10000,coorte_firmas,0.24506183203569723,1.017268456317486,0.9940581594215104
L,L_C000003,coorte de 10000 firmas,10000,31236,0.062181364303246625,1.0,3.4300084246241482,3.1236,10000,coorte_firmas,0.2493619142997716,1.0351859768212082,1.0115668684969923
L,L_C000004,coorte de 10000 firmas,10000,30567,0.060849589020916243,1.0,2.4653840606570343,3.0567,10000,coorte_firmas,0.2466770946417933,1.0239629400551407,1.0005998998452923
L,L_C000005,coorte de 10000 firmas,10000,29287,0.05830149879463389,1.0,2.191582795049984,2.9287,10000,coorte_firmas,0.24145703301961177,1.0022864909474443,0.9794180269886491
L,L_C000006,coorte de 10000 firmas,10000,31524,0.06275468460416016,1.0,3.097242956145852,3.1524,10000,coorte_firmas,0.2505088513489297,1.0398975894723614,1.0161709796053493
L,L_C000007,coorte de 10000 firmas,10000,31917,0.06353702793144841,1.0,3.4378017725729966,3.1917,10000,coorte_firmas,0.25206552309161284,1.046409541030826,1.022534352557935
L,L_C000008,coorte de 10000 firmas,10000,29468,0.058661814678194125,1.0,2.135623197105709,2.9468,10000,coorte_firmas,0.2422020121266422,1.0053757433389994,0.9824367940872126
L,L_C000009,coorte de 10000 firmas,10000,31377,0.062462052367235545,1.0,2.518184271843818,3.1377,10000,coorte_firmas,0.2499240932107898,1.0374427168436036,1.0137721180739585
L,L_C000010,coorte de 10000 firmas,10000,31098,0.06190664832572556,1.0,2.8726809883396722,3.1098,10000,coorte_firmas,0.24881046667237605,1.0328367936496545,1.0092712849810024
L,L_C000011,coorte de 10000 firmas,10000,29313,0.05835325687735524,1.0,1.9846874335250493,2.9313,10000,coorte_firmas,0.24156418790324705,1.0027234321600238,0.9798449988217524
L,L_C000012,coorte de 10000 firmas,10000,29461,0.05864787980976914,1.0,2.37962287912495,2.9461,10000,coorte_firmas,0.24217324338119836,1.0052703941309702,0.982333848557761
L,L_C000013,coorte de 10000 firmas,10000,29163,0.058054652553962784,1.0,2.2067368145789046,2.9163,10000,coorte_firmas,0.2409453310482749,1.0001642173125742,0.9773441757744822
L,L_C000014,coorte de 10000 firmas,10000,30257,0.06023247341923848,1.0,2.5271838396349477,3.0257,10000,coorte_firmas,0.24542304989393005,1.0187625290383022,0.9955181429388139
L,L_C000015,coorte de 10000 firmas,10000,29425,0.05857621477215495,1.0,2.4211099642889424,2.9425,10000,coorte_firmas,0.24202523581675311,1.0046570399749546,0.9817344888709291
L,L_C000016,coorte de 10000 firmas,10000,32641,0.06497829146568937,1.0,4.759752449583325,3.2641,10000,coorte_firmas,0.2549083981858765,1.0583045703021425,1.0341579813358428
L,L_C000017,coorte de 4446 firmas,4446,14215,0.028297736380159137,1.0,4.90114714167328,3.1972559604138553,4446,coorte_firmas,0.16821931036643545,0.6984109689174832,1.0235346247463761
M,M_C000001,coorte de 10000 firmas,10000,69368,0.020724088316977453,1.0,5.521268225161256,6.9368,10000,coorte_firmas,0.14395863404803982,1.006841158391178,0.9907670790287515
M,M_C000002,coorte de 10000 firmas,10000,72771,0.021740754107293942,1.0,6.872624105623109,7.2771,10000,coorte_firmas,0.14744746219346722,1.0312661119122866,1.0148020915566358
M,M_C000003,coorte de 10000 firmas,10000,66684,0.019922227905220337,1.0,5.609422670155414,6.6684,10000,coorte_firmas,0.14114612252988154,0.9871781304648563,0.9714179686144017
M,M_C000004,coorte de 10000 firmas,10000,64954,0.019405380471412662,1.0,4.048057383452336,6.4954,10000,coorte_firmas,0.1393031961995584,0.9742459026386087,0.9586922020106416
M,M_C000005,coorte de 10000 firmas,10000,65556,0.01958523142814805,1.0,6.03453973513448,6.5556,10000,coorte_firmas,0.13994724516098217,0.9788057038726554,0.9631792066508045
M,M_C000006,coorte de 10000 firmas,10000,73825,0.022055642659451914,1.0,5.766598545017188,7.3825,10000,coorte_firmas,0.14851142265648093,1.0386786792316294,1.0220963182674554
M,M_C000007,coorte de 10000 firmas,10000,70456,0.02104913456436633,1.0,4.6492338496405115,7.0456,10000,coorte_firmas,0.14508319876666054,1.0146747528726907,0.9984756112615276
M,M_C000008,coorte de 10000 firmas,10000,69855,0.020869582363373024,1.0,6.298787946119048,6.9855,10000,coorte_firmas,0.1444630830467529,1.0103897494939003,0.9942590173669986
M,M_C000009,coorte de 10000 firmas,10000,68167,0.020365282670732933,1.0,5.968445251523888,6.8167,10000,coorte_firmas,0.14270698185699582,0.9980897732654075,0.9821554085519804
M,M_C000010,coorte de 10000 firmas,10000,69299,0.02070347417077356,1.0,5.446553868915096,6.9299,10000,coorte_firmas,0.14388701877088692,1.0063299085709692,0.9902639912409701
M,M_C000011,coorte de 10000 firmas,10000,68296,0.020403822161461943,1.0,5.416405056360071,6.8296,10000,coorte_firmas,0.14284194818561508,0.9990210649011153,0.9830718322459705
M,M_C000012,coorte de 10000 firmas,10000,75485,0.022551577191313617,1.0,8.894525423906291,7.5485,10000,coorte_firmas,0.15017182555763786,1.0503766519486946,1.033607534473559
M,M_C000013,coorte de 10000 firmas,10000,68058,0.020332718294845627,1.0,5.8864080389034035,6.8058,10000,coorte_firmas,0.14259284096631789,0.9972961517344652,0.9813744570786392
M,M_C000014,coorte de 10000 firmas,10000,62592,0.018699719408607034,1.0,3.769663721508101,6.2592,10000,coorte_firmas,0.13674691736418423,0.9563637110159132,0.9410954970954788
M,M_C000015,coorte de 10000 firmas,10000,60519,0.018080398755264078,1.0,3.5116677407816272,6.0519,10000,coorte_firmas,0.134463373285308,0.9403929233392623,0.92537968082763
M,M_C000016,coorte de 10000 firmas,10000,74456,0.022244157532707778,1.0,5.927769449126456,7.4456,10000,coorte_firmas,0.1491447536211307,1.043110384244751,1.0264572717250828
M,M_C000017,coorte de 10000 firmas,10000,81047,0.024213256628792406,1.0,9.349365086715316,8.1047,10000,coorte_firmas,0.1556060944461765,1.0883913796363138,1.0710153623094
M,M_C000018,coorte de 10000 firmas,10000,76777,0.022937569610087905,1.0,8.198249004870112,7.6777,10000,coorte_firmas,0.15145154211855325,1.0593014524684388,1.042389851791606
M,M_C000019,coorte de 10000 firmas,10000,67436,0.02014689222326853,1.0,5.905696365315489,6.7436,10000,coorte_firmas,0.14193974856701885,0.9927292008371843,0.9768804169186233
M,M_C000020,coorte de 10000 firmas,10000,70349,0.021017167699963195,1.0,5.320885901403544,7.0349,10000,coorte_firmas,0.14497298955309984,1.0139254583365866,0.9977382791087038
M,M_C000021,coorte de 10000 firmas,10000,68903,0.02058516689690776,1.0,5.130870498755844,6.8903,10000,coorte_firmas,0.1434753180756459,1.0034408165863498,0.9874210232089314
M,M_C000022,coorte de 10000 firmas,10000,68717,0.02052959832887988,1.0,5.316575995529665,6.8717,10000,coorte_firmas,0.14328153519864267,1.0020923406327629,0.9860940754867997
M,M_C000023,coorte de 10000 firmas,10000,74330,0.022206514309205023,1.0,6.5048594033733105,7.433,10000,coorte_firmas,0.14901850324441265,1.042244426295476,1.0256051386742886
M,M_C000024,coorte de 10000 firmas,10000,71556,0.021377765880660225,1.0,6.0348545825630495,7.1556,10000,coorte_firmas,0.14621137397842968,1.0225951752687474,1.0062695852132422
M,M_C000025,coorte de 10000 firmas,10000,66478,0.019860684222350752,1.0,5.566728439177679,6.6478,10000,coorte_firmas,0.14092793982156537,0.9856483997783824,0.9699126598660387
M,M_C000026,coorte de 10000 firmas,10000,72355,0.02161647171858643,1.0,6.505561806325284,7.2355,10000,coorte_firmas,0.1470254118123341,1.0283043951950381,1.0118876582357457
M,M_C000027,coorte de 10000 firmas,10000,79779,0.023834434347828167,1.0,8.556486820761924,7.9779,10000,coorte_firmas,0.15438404822982252,1.0798222976138456,1.0625830844921873
M,M_C000028,coorte de 10000 firmas,10000,83211,0.02485976405466513,1.0,9.219394063147757,8.3211,10000,coorte_firmas,0.15766979436361656,1.1028203603341327,1.085213986332859
M,M_C000029,coorte de 10000 firmas,10000,72486,0.021655608720799614,1.0,7.156950130792545,7.2486,10000,coorte_firmas,0.1471584476705283,1.029259783409279,1.012827793809737
M,M_C000030,coorte de 10000 firmas,10000,57926,0.01730572511603673,1.0,2.842093779901026,5.7926,10000,coorte_firmas,0.13155122620499107,0.9200156277773933,0.9053277059614071
M,M_C000031,coorte de 10000 firmas,10000,71315,0.021305765746817654,1.0,5.508029784615287,7.1315,10000,coorte_firmas,0.14596494697980628,1.0208624280109035,1.004564501024896
M,M_C000032,coorte de 10000 firmas,10000,70824,0.02115907667745374,1.0,6.087335424518253,7.0824,10000,coorte_firmas,0.14546159863501343,1.0173617437084563,1.0011197046615057
M,M_C000033,coorte de 10000 firmas,10000,63225,0.018888831793347067,1.0,3.730228490183222,6.3225,10000,coorte_firmas,0.13743664647155454,0.9611871879920676,0.9458419679311199
M,M_C000034,coorte de 10000 firmas,10000,71787,0.021446778457081945,1.0,7.323452932982977,7.1787,10000,coorte_firmas,0.14644718657960604,1.0242999973243492,1.0079471900213246
M,M_C000035,coorte de 10000 firmas,10000,79313,0.023695214172016386,1.0,8.993954409578114,7.9313,10000,coorte_firmas,0.15393249875194123,1.076674297753044,1.059485342012278
M,M_C000036,coorte de 10000 firmas,10000,70985,0.021207176351929483,1.0,5.909096747406027,7.0985,10000,coorte_firmas,0.14562683939414975,1.0185095279782017,1.0022491647146763
M,M_C000037,coorte de 10000 firmas,10000,66923,0.01999363052757874,1.0,4.7141169258503846,6.6923,10000,coorte_firmas,0.14139883495835012,0.988920178059205,0.9731322046606712
M,M_C000038,coorte de 10000 firmas,10000,75314,0.02250048995941702,1.0,7.8250617931754896,7.5314,10000,coorte_firmas,0.1500016331891657,1.0491591098789506,1.0324094302939857
M,M_C000039,coorte de 10000 firmas,10000,68964,0.020603390997174967,1.0,6.377725632569638,6.8964,10000,coorte_firmas,0.1435388135563861,1.0039257813985472,0.9878982456252065
M,M_C000040,coorte de 10000 firmas,10000,79506,0.02375287403023886,1.0,8.316226566781362,7.9506,10000,coorte_firmas,0.15411967437753968,1.0779563207714762,1.0607468977111425
M,M_C000041,coorte de 10000 firmas,10000,73627,0.021996489022519012,1.0,7.417341719034401,7.3627,10000,coorte_firmas,0.14831213376699498,1.0373330044291702,1.0207721269764622
M,M_C000042,coorte de 10000 firmas,10000,74275,0.02219008274339033,1.0,8.179281729656426,7.4275,10000,coorte_firmas,0.14896336040580693,1.0419135751273028,1.0252795694990993
M,M_C000043,coorte de 10000 firmas,10000,67419,0.02014181337565308,1.0,5.805514948239166,6.7419,10000,coorte_firmas,0.1419218565818989,0.992598213568406,0.9767515208434125
M,M_C000044,coorte de 10000 firmas,10000,70627,0.021100221796262926,1.0,6.137661226814251,7.0627,10000,coorte_firmas,0.1452591539155551,1.0159518859426686,0.9997323550792862
M,M_C000045,coorte de 10000 firmas,10000,75476,0.022548888389634848,1.0,8.425628387361863,7.5476,10000,coorte_firmas,0.15016287287353972,1.0503060121630405,1.0335380224422794
M,M_C000046,coorte de 10000 firmas,10000,72328,0.021608405313550128,1.0,6.951574376214063,7.2328,10000,coorte_firmas,0.1469979772430564,1.0281282162570817,1.0117142919700834
M,M_C000047,coorte de 10000 firmas,10000,69121,0.020650295648682367,1.0,5.460545220674635,6.9121,10000,coorte_firmas,0.14370210732164776,1.0050368368485643,0.9889915632291584
M,M_C000048,coorte de 2413 firmas,2413,14496,0.004330763237269421,1.0,3.2762026671488336,6.007459593866556,2413,coorte_firmas,0.06580853468410781,0.4602402889632266,0.9219695538534689
N,N_C000001,coorte de 10000 firmas,10000,96119,0.018052594599152916,1.0,16.35391769881657,9.6119,10000,coorte_firmas,0.13435994417665154,1.0221131119683453,1.0110114948859257
N,N_C000002,coorte de 10000 firmas,10000,93379,0.01753798136762035,1.0,17.068067776657948,9.3379,10000,coorte_firmas,0.1324310438213803,1.0074554476720157,0.9965130338856256
N,N_C000003,coorte de 10000 firmas,10000,94598,0.01776692791113794,1.0,17.10359595326931,9.4598,10000,coorte_firmas,0.133292640123669,1.014013156920711,1.0029995169890298
N,N_C000004,coorte de 10000 firmas,10000,124811,0.02344138395650053,1.0,21.925568380220508,12.4811,10000,coorte_firmas,0.1531057933472817,1.1647906525646285,1.1521393523762842
N,N_C000005,coorte de 10000 firmas,10000,91621,0.017207802513228284,1.0,16.278659917065106,9.1621,10000,coorte_firmas,0.1311785139160689,0.9979112210684309,0.987072471297168
N,N_C000006,coorte de 10000 firmas,10000,98021,0.01840981882045764,1.0,17.029879387980415,9.8021,10000,coorte_firmas,0.13568278748779317,1.0321888344188426,1.0209777805126854
N,N_C000007,coorte de 10000 firmas,10000,75913,0.014257603739172228,1.0,12.309820063451124,7.5913,10000,coorte_firmas,0.11940520817440178,0.9083110109940339,0.8984454482517826
N,N_C000008,coorte de 10000 firmas,10000,85536,0.01606494794612037,1.0,14.14241347493849,8.5536,10000,coorte_firmas,0.12674757570115638,0.9641807693152179,0.9537083807176807
N,N_C000009,coorte de 10000 firmas,10000,106265,0.01995816607620746,1.0,18.69062635197346,10.6265,10000,coorte_firmas,0.14127337355711253,1.0747390127871905,1.0630658028030973
N,N_C000010,coorte de 10000 firmas,10000,87442,0.016422923427617114,1.0,16.256977425907667,8.7442,10000,coorte_firmas,0.12815195444321992,0.9748928890463947,0.9643041514362051
N,N_C000011,coorte de 10000 firmas,10000,102366,0.01922587520403757,1.0,18.071931034453286,10.2366,10000,coorte_firmas,0.13865740226918133,1.054823305067619,1.043366408286477
N,N_C000012,coorte de 10000 firmas,10000,74608,0.014012505101526242,1.0,11.003057747633775,7.4608,10000,coorte_firmas,0.11837442756578062,0.9004551554873769,0.8906749186240999
N,N_C000013,coorte de 10000 firmas,10000,88605,0.01664135232844645,1.0,16.633626374331207,8.8605,10000,coorte_firmas,0.12900136560690528,0.981357696382885,0.9706987416756628
N,N_C000014,coorte de 10000 firmas,10000,89896,0.01688382155542037,1.0,14.426663173467377,8.9896,10000,coorte_firmas,0.12993776031400714,0.9884487195591112,0.9777127461510202
N,N_C000015,coorte de 10000 firmas,10000,79153,0.014866124494707091,1.0,13.087216128082876,7.9153,10000,coorte_firmas,0.12192671772301217,0.9274964778665904,0.9174225333862785
N,N_C000016,coorte de 10000 firmas,10000,81854,0.01537341293936748,1.0,13.934239008590643,8.1854,10000,coorte_firmas,0.12398956786507274,0.9432030681729862,0.9329585275529609
N,N_C000017,coorte de 10000 firmas,10000,108659,0.02040779530113044,1.0,21.108452870531025,10.8659,10000,coorte_firmas,0.14285585497672273,1.0868112358473783,1.0750069041741315
N,N_C000018,coorte de 10000 firmas,10000,94296,0.017710207766640555,1.0,18.00079958404496,9.4296,10000,coorte_firmas,0.13307970456324494,1.0123999861306086,1.001403867551692
N,N_C000019,coorte de 10000 firmas,10000,105202,0.019758518680178583,1.0,18.035295058248256,10.5202,10000,coorte_firmas,0.1405649980620303,1.0693302488419205,1.05771578580619
N,N_C000020,coorte de 10000 firmas,10000,96401,0.01810555844269021,1.0,18.06295011623229,9.6401,10000,coorte_firmas,0.1345568966745674,1.0236396359709181,1.01252143864435
N,N_C000021,coorte de 10000 firmas,10000,96805,0.018181435722084062,1.0,16.751436174073998,9.6805,10000,coorte_firmas,0.1348385542865395,1.0257566670791016,1.0146154757527115
N,N_C000022,coorte de 10000 firmas,10000,85748,0.016104764736297343,1.0,14.440301320063,8.5748,10000,coorte_firmas,0.12690454970684598,0.965374222661464,0.9548888714456992
N,N_C000023,coorte de 10000 firmas,10000,99316,0.018653039307623583,1.0,19.22957174612171,9.9316,10000,coorte_firmas,0.13657613007997987,1.0390189987261207,1.0277337594212423
N,N_C000024,coorte de 10000 firmas,10000,92228,0.017321806247367066,1.0,14.995383734286174,9.2228,10000,coorte_firmas,0.131612333188676,1.0011932103733778,0.9903188134823337
N,N_C000025,coorte de 10000 firmas,10000,92768,0.017423226373289545,1.0,15.971032292734034,9.2768,10000,coorte_firmas,0.13199706956326548,1.0041368974508398,0.9932305278883158
N,N_C000026,coorte de 10000 firmas,10000,86210,0.016191535288475462,1.0,15.94210235052416,8.621,10000,coorte_firmas,0.12724596374139127,0.9679951173153303,0.95748129941763
N,N_C000027,coorte de 10000 firmas,10000,89453,0.016800619489154338,1.0,15.32498923151035,8.9453,10000,coorte_firmas,0.12961720367742216,0.986019345622266,0.9753097587059253
N,N_C000028,coorte de 10000 firmas,10000,103726,0.01948130366932381,1.0,19.209122818171707,10.3726,10000,coorte_firmas,0.13957544078140613,1.0618223713459853,1.050289454648019
N,N_C000029,coorte de 10000 firmas,10000,92344,0.0173435927929356,1.0,17.2688791112313,9.2344,10000,coorte_firmas,0.13169507505193806,1.0018544354670282,0.9909728567213452
N,N_C000030,coorte de 10000 firmas,10000,88257,0.016575992691740853,1.0,15.867469293624817,8.8257,10000,coorte_firmas,0.12874778713337504,0.9794162939390089,0.9687784256519516
N,N_C000031,coorte de 10000 firmas,10000,98162,0.018436300742226287,1.0,18.09183249133825,9.8162,10000,coorte_firmas,0.13578034004312364,1.0329393124430817,1.0217201072672106
N,N_C000032,coorte de 10000 firmas,10000,83123,0.0156117502352853,1.0,13.691764725814595,8.3123,10000,coorte_firmas,0.1249469897007739,0.9504733289874023,0.9401498228882088
N,N_C000033,coorte de 10000 firmas,10000,107368,0.02016532607415652,1.0,19.304681419754413,10.7368,10000,coorte_firmas,0.14200466919843346,1.080307146365646,1.0685734584499738
N,N_C000034,coorte de 10000 firmas,10000,91000,0.017091169368417435,1.0,14.58644352476986,9.1,10000,coorte_firmas,0.13073319918221782,0.9944995655394067,0.9836978712494372
N,N_C000035,coorte de 10000 firmas,10000,120625,0.02265519016555333,1.0,20.871877320631455,12.0625,10000,coorte_firmas,0.15051641161532298,1.1450776921206796,1.132640503008543
N,N_C000036,coorte de 10000 firmas,10000,101199,0.01900669504301622,1.0,17.99021987213191,10.1199,10000,coorte_firmas,0.13786477085541549,1.048793041763982,1.0374016423072743
N,N_C000037,coorte de 10000 firmas,10000,80091,0.015042295009735394,1.0,12.882304762132504,8.0091,10000,coorte_firmas,0.12264703424761397,0.9329730285878048,0.92283960089734
N,N_C000038,coorte de 10000 firmas,10000,89490,0.01680756864593051,1.0,17.587148372124766,8.949,10000,coorte_firmas,0.12964400736605802,0.986270382300565,0.9755580687651804
N,N_C000039,coorte de 10000 firmas,10000,125658,0.023600463302160417,1.0,22.856925923248404,12.5658,10000,coorte_firmas,0.15362442287006456,1.1687562368157882,1.156061864684281
N,N_C000040,coorte de 10000 firmas,10000,83944,0.01576594638969707,1.0,12.626549154943858,8.3944,10000,coorte_firmas,0.12556251984448652,0.9551464111709531,0.9447721486844388
N,N_C000041,coorte de 10000 firmas,10000,87612,0.016454851985777893,1.0,14.871706508352114,8.7612,10000,coorte_firmas,0.12827646699912612,0.97581798975783,0.9652192042246263
N,N_C000042,coorte de 10000 firmas,10000,91303,0.017148077327962825,1.0,14.891180819340754,9.1303,10000,coorte_firmas,0.1309506675353846,0.9961590440599511,0.9853393254487244
N,N_C000043,coorte de 10000 firmas,10000,93965,0.017648040985751037,1.0,17.380301063664408,9.3965,10000,coorte_firmas,0.13284592950388444,1.0106166656440003,0.9996399164880431
N,N_C000044,coorte de 10000 firmas,10000,95819,0.01799625008475154,1.0,17.596128751682965,9.5819,10000,coorte_firmas,0.1341501028130487,1.020537628105335,1.009453123041499
N,N_C000045,coorte de 10000 firmas,10000,102207,0.019196012611404842,1.0,20.54015826242329,10.2207,10000,coorte_firmas,0.13854967560916498,1.0540486659049753,1.0426001828182279
N,N_C000046,coorte de 10000 firmas,10000,83638,0.015708474985007662,1.0,15.74938334594289,8.3638,10000,coorte_firmas,0.12533345517062738,0.9534495440056122,0.9430937119347622
N,N_C000047,coorte de 10000 firmas,10000,96176,0.01806330005688918,1.0,18.978643958359545,9.6176,10000,coorte_firmas,0.13439977699717057,1.0224545343294689,1.0113492089096134
N,N_C000048,coorte de 10000 firmas,10000,77429,0.014542331351947182,1.0,12.80924528190846,7.7429,10000,coorte_firmas,0.12059158905971502,0.9173396328905081,0.9073760063411276
N,N_C000049,coorte de 10000 firmas,10000,92091,0.017296075585790438,1.0,15.33176521798321,9.2091,10000,coorte_firmas,0.13151454514915997,1.0004502605978305,0.9895839332089023
N,N_C000050,coorte de 10000 firmas,10000,104096,0.01955079523708551,1.0,19.160133525416818,10.4096,10000,coorte_firmas,0.1398241582741892,1.0637241773713075,1.0521706043271788
N,N_C000051,coorte de 10000 firmas,10000,112962,0.021215963452694178,1.0,19.578194643910493,11.2962,10000,coorte_firmas,0.1456570061915807,1.1080921314440144,1.096056658665817
N,N_C000052,coorte de 10000 firmas,10000,103805,0.019496141058116173,1.0,18.744477520270596,10.3805,10000,coorte_firmas,0.13962858252562824,1.0622254910498077,1.0506881958926104
N,N_C000053,coorte de 10000 firmas,10000,92768,0.017423226373289545,1.0,14.696826758898077,9.2768,10000,coorte_firmas,0.13199706956326548,1.0041113771393388,0.9932052847640681
N,N_C000054,coorte de 10000 firmas,10000,90320,0.016963455135774314,1.0,15.88324030642763,9.032,10000,coorte_firmas,0.13024382954971153,0.9907989655750419,0.9800374651181214
N,N_C000055,coorte de 10000 firmas,10000,86887,0.01631868607597457,1.0,15.767656447379759,8.6887,10000,coorte_firmas,0.12774461270822565,0.9717872730628776,0.9612322669047656
N,N_C000056,coorte de 10000 firmas,10000,102902,0.019326544069768033,1.0,19.494543963458796,10.2902,10000,coorte_firmas,0.13901994126659684,1.0576083424187475,1.0461211961301191
N,N_C000057,coorte de 2574 firmas,2574,28147,0.005286430156185116,1.0,20.731695490706585,10.935120435120435,2574,coorte_firmas,0.07270784109148831,0.5531469322875573,1.0784335014294473
O,O_C000001,coorte de 10000 firmas,10000,2664590,0.5388569580777582,1.0,9.299093828422285,266.459,10000,coorte_firmas,0.7340687693109946,1.039704712932886,1.0094117627639847
O,O_C000002,coorte de 8905 firmas,8905,2280303,0.4611430419222418,1.0,9.206419195461972,256.06996069623807,8905,coorte_firmas,0.6790751371698436,0.9618115485685509,0.9895354882769779
P,P_C000001,coorte de 10000 firmas,10000,376982,0.05316096512770311,1.0,32.84766317163162,37.6982,10000,coorte_firmas,0.23056661754838473,1.06526144146287,1.049555648391326
P,P_C000002,coorte de 10000 firmas,10000,362639,0.05113835470379256,1.0,29.445950900351107,36.2639,10000,coorte_firmas,0.22613791080619933,1.044697426170828,1.0292948208016883
P,P_C000003,coorte de 10000 firmas,10000,408090,0.05754772975623335,1.0,33.60580924276294,40.809,10000,coorte_firmas,0.23989107894257625,1.1083629324612487,1.092021668065627
P,P_C000004,coorte de 10000 firmas,10000,294463,0.041524362633756626,1.0,23.575405702982824,29.4463,10000,coorte_firmas,0.20377527483420707,0.9412203788288958,0.9273433980904334
P,P_C000005,coorte de 10000 firmas,10000,355170,0.050085096859813764,1.0,29.79533621030342,35.517,10000,coorte_firmas,0.22379699921985943,1.0338947052697678,1.0186513709419684
P,P_C000006,coorte de 10000 firmas,10000,325636,0.045920293383569316,1.0,27.658241707678865,32.5636,10000,coorte_firmas,0.21429020832406065,0.9899064920991164,0.9753117025761461
P,P_C000007,coorte de 10000 firmas,10000,346502,0.048862759332486384,1.0,26.918416965615684,34.6502,10000,coorte_firmas,0.22104922377716324,1.0211080258491032,1.0060532132618234
P,P_C000008,coorte de 10000 firmas,10000,285897,0.04031640886598017,1.0,23.363860434568068,28.5897,10000,coorte_firmas,0.2007894640313086,0.9274430470803802,0.9137691938682677
P,P_C000009,coorte de 10000 firmas,10000,399903,0.0563932215263961,1.0,30.998896029157233,39.9903,10000,coorte_firmas,0.23747257005051362,1.0970871672163949,1.0809121482406914
P,P_C000010,coorte de 10000 firmas,10000,316273,0.04459994886714497,1.0,28.1045212826473,31.6273,10000,coorte_firmas,0.21118699975885108,0.9755917178508168,0.9612079796936978
P,P_C000011,coorte de 10000 firmas,10000,293331,0.04136473110619149,1.0,28.09916540293339,29.3331,10000,coorte_firmas,0.2033832124492862,0.9395617053762072,0.9257091794626425
P,P_C000012,coorte de 10000 firmas,10000,338081,0.04767525306603231,1.0,28.86052338276434,33.8081,10000,coorte_firmas,0.21834663511497565,1.0086814864475553,0.993809885838894
P,P_C000013,coorte de 10000 firmas,10000,299818,0.04227951001018004,1.0,24.593462637348043,29.9818,10000,coorte_firmas,0.20561981910842164,0.9497827975962788,0.9357795759444424
P,P_C000014,coorte de 10000 firmas,10000,260233,0.03669734214916776,1.0,21.439435625323238,26.0233,10000,coorte_firmas,0.19156550354687496,0.8848145501153376,0.8717691945904826
P,P_C000015,coorte de 10000 firmas,10000,439123,0.06192391809097615,1.0,35.436965081849834,43.9123,10000,coorte_firmas,0.24884516891226993,1.149787884934184,1.132835867434944
P,P_C000016,coorte de 10000 firmas,10000,435745,0.06144756181878973,1.0,34.090935814811914,43.5745,10000,coorte_firmas,0.24788618722871536,1.1452909562863431,1.1284052397232407
P,P_C000017,coorte de 10000 firmas,10000,328515,0.04632628204775662,1.0,27.46975380155219,32.8515,10000,coorte_firmas,0.2152354107663435,0.9942696731715415,0.9796105546337489
P,P_C000018,coorte de 10000 firmas,10000,380661,0.0536797675922898,1.0,30.020322225536905,38.0661,10000,coorte_firmas,0.23168894577059518,1.0703416908986412,1.0545609966401357
P,P_C000019,coorte de 10000 firmas,10000,285712,0.04029032067463781,1.0,22.26706963070712,28.5712,10000,coorte_firmas,0.20072448947409932,0.9271067186899561,0.9134378241705162
P,P_C000020,coorte de 10000 firmas,10000,362385,0.051102536322165756,1.0,30.798773594413507,36.2385,10000,coorte_firmas,0.22605870105387618,1.0443570713527313,1.02895948404032
P,P_C000021,coorte de 5013 firmas,5013,196172,0.027663636064936187,1.0,29.26487136242857,39.13265509674845,5013,coorte_firmas,0.16632388903863507,0.7683276155322434,1.0691702195772022
Q,Q_C000001,coorte de 10000 firmas,10000,170889,0.028930285881450312,1.0,18.05687313675601,17.0889,10000,coorte_firmas,0.17008905279720476,1.0283441402407278,1.0147512505494574
Q,Q_C000002,coorte de 10000 firmas,10000,156386,0.026475031674692277,1.0,19.827845640420254,15.6386,10000,coorte_firmas,0.16271149828666773,0.9837847699984438,0.970780876325835
Q,Q_C000003,coorte de 10000 firmas,10000,167199,0.028305595264134092,1.0,21.063449078065773,16.7199,10000,coorte_firmas,0.16824266778714042,1.0172575015419159,1.0038111575944122
Q,Q_C000004,coorte de 10000 firmas,10000,155717,0.026361774757894293,1.0,19.764103846853192,15.5717,10000,coorte_firmas,0.16236309543087152,0.9816864733621776,0.9687103154577811
Q,Q_C000005,coorte de 10000 firmas,10000,158859,0.026893692893289297,1.0,19.83989585344446,15.8859,10000,coorte_firmas,0.1639929659872316,0.9915437130001808,0.9784372598319553
Q,Q_C000006,coorte de 10000 firmas,10000,188906,0.031980435163885636,1.0,21.992336090363583,18.8906,10000,coorte_firmas,0.17883074445935082,1.0812881552477485,1.066995439372186
Q,Q_C000007,coorte de 10000 firmas,10000,202608,0.034300085797616495,1.0,23.664527058190544,20.2608,10000,coorte_firmas,0.18520282340616867,1.1198572225364167,1.1050546918463047
Q,Q_C000008,coorte de 10000 firmas,10000,140790,0.02383474038264247,1.0,16.383329873783506,14.079,10000,coorte_firmas,0.15438503937442408,0.9333756196875805,0.921038045773886
Q,Q_C000009,coorte de 10000 firmas,10000,190416,0.03223606736771965,1.0,19.48253865548431,19.0416,10000,coorte_firmas,0.1795440541140799,1.085516725416713,1.071168115326744
Q,Q_C000010,coorte de 10000 firmas,10000,132721,0.022468716374207626,1.0,16.46569443709054,13.2721,10000,coorte_firmas,0.14989568497527747,0.906248457211331,0.8942694563791057
Q,Q_C000011,coorte de 10000 firmas,10000,161355,0.02731624784744141,1.0,18.56526608366242,16.1355,10000,coorte_firmas,0.16527627732811934,0.9992625427119973,0.9860540602748601
Q,Q_C000012,coorte de 10000 firmas,10000,141501,0.023955107599149743,1.0,16.36510918321547,14.1501,10000,coorte_firmas,0.15477437642952965,0.9357312503863695,0.9233625392035555
Q,Q_C000013,coorte de 10000 firmas,10000,175828,0.029766423268692808,1.0,19.647885431599946,17.5828,10000,coorte_firmas,0.17252948521540545,1.0431304870687756,1.0293421480395788
Q,Q_C000014,coorte de 10000 firmas,10000,144108,0.024396454059676408,1.0,17.826512687555198,14.4108,10000,coorte_firmas,0.1561936428273456,0.9443449092745033,0.9318623407646304
Q,Q_C000015,coorte de 10000 firmas,10000,154093,0.02608684316913507,1.0,17.23270404453988,15.4093,10000,coorte_firmas,0.16151421971187263,0.9764838049913297,0.9635764171557243
Q,Q_C000016,coorte de 10000 firmas,10000,186730,0.03161205392180431,1.0,20.364060365169212,18.673,10000,coorte_firmas,0.17779778941765365,1.0750002920441784,1.0607906905926452
Q,Q_C000017,coorte de 10000 firmas,10000,188472,0.03190696206688964,1.0,22.248815169087276,18.8472,10000,coorte_firmas,0.17862519997718584,1.080052834701663,1.0657764475775948
Q,Q_C000018,coorte de 10000 firmas,10000,179035,0.03030934543935219,1.0,21.028429680815055,17.9035,10000,coorte_firmas,0.17409579385887583,1.052629271080927,1.0387153749369222
Q,Q_C000019,coorte de 10000 firmas,10000,178532,0.030224191135690928,1.0,18.670656924544367,17.8532,10000,coorte_firmas,0.17385106020870544,1.0510947358006402,1.0372011234974003
Q,Q_C000020,coorte de 10000 firmas,10000,219997,0.0372439191701129,1.0,26.182928571723238,21.9997,10000,coorte_firmas,0.19298683677938477,1.1669996281422614,1.1515739582771345
Q,Q_C000021,coorte de 10000 firmas,10000,167030,0.02827698477244671,1.0,19.724739190632384,16.703,10000,coorte_firmas,0.16815761883556365,1.0167103446153574,1.0032712331141287
Q,Q_C000022,coorte de 10000 firmas,10000,167173,0.02830119365002834,1.0,19.937391444452476,16.7173,10000,coorte_firmas,0.16822958613165623,1.0171486045148344,1.0037036999933155
Q,Q_C000023,coorte de 10000 firmas,10000,164731,0.027887780509788174,1.0,20.1559911081353,16.4731,10000,coorte_firmas,0.16699634879178699,1.0097100126774077,0.9963634331760333
Q,Q_C000024,coorte de 10000 firmas,10000,148827,0.02519534701987024,1.0,20.302029914793412,14.8827,10000,coorte_firmas,0.1587304224774515,0.9597458097345404,0.947059668575291
Q,Q_C000025,coorte de 10000 firmas,10000,171164,0.02897684141526114,1.0,20.59282516929465,17.1164,10000,coorte_firmas,0.17022585413285826,1.0292275415309482,1.0156229748379606
Q,Q_C000026,coorte de 10000 firmas,10000,151124,0.025584212696828333,1.0,18.86008119105132,15.1124,10000,coorte_firmas,0.15995065706907344,0.9670741439336558,0.9542911351651195
Q,Q_C000027,coorte de 10000 firmas,10000,204078,0.03454894628744165,1.0,23.165714891497565,20.4078,10000,coorte_firmas,0.1858734684871449,1.1238897481582388,1.1090339146156967
Q,Q_C000028,coorte de 10000 firmas,10000,158458,0.0268258064603506,1.0,17.247351887758093,15.8458,10000,coorte_firmas,0.16378585549537114,0.9902112398861442,0.9771223996544319
Q,Q_C000029,coorte de 10000 firmas,10000,164162,0.027791452878012313,1.0,17.672817976238807,16.4162,10000,coorte_firmas,0.16670768691938687,1.007887407977196,0.9945649200845265
Q,Q_C000030,coorte de 10000 firmas,10000,146241,0.02475755570919822,1.0,15.76840507220961,14.6241,10000,coorte_firmas,0.1573453390132616,0.9512584178594207,0.938684465000771
Q,Q_C000031,coorte de 10000 firmas,10000,151236,0.025603173496053105,1.0,16.90015225992784,15.1236,10000,coorte_firmas,0.1600099168678401,0.9673840518468427,0.954596946644133
Q,Q_C000032,coorte de 10000 firmas,10000,195045,0.03301972397139357,1.0,22.349078468437327,19.5045,10000,coorte_firmas,0.18171330158079668,1.0987200567507254,1.0841969219862262
Q,Q_C000033,coorte de 10000 firmas,10000,136843,0.023166541502819403,1.0,16.373854044496905,13.6843,10000,coorte_firmas,0.15220558959124794,0.9202010803831194,0.9080376505642771
Q,Q_C000034,coorte de 10000 firmas,10000,160898,0.02723888101489032,1.0,20.54237696309795,16.0898,10000,coorte_firmas,0.16504205832117558,0.9979084188617038,0.984717835545498
Q,Q_C000035,coorte de 10000 firmas,10000,157793,0.026713226714953502,1.0,19.70581739705338,15.7793,10000,coorte_firmas,0.1634418144629871,0.9882088669833395,0.9751464945778376
Q,Q_C000036,coorte de 3371 firmas,3371,67979,0.011508358665186822,1.0,23.82867404930158,20.165826164342924,3371,coorte_firmas,0.1072770183459012,0.6486626282817188,1.1024543582869284
R,R_C000001,coorte de 10000 firmas,10000,117163,0.12216593955672708,1.0,4.705444950518665,11.7163,10000,coorte_firmas,0.3495224449970661,0.9914323513454893,0.9683944515052765
R,R_C000002,coorte de 10000 firmas,10000,130466,0.13603698667845612,1.0,5.696623642373613,13.0466,10000,coorte_firmas,0.36883192198948306,1.0462649191265119,1.0219528756669116
R,R_C000003,coorte de 10000 firmas,10000,128699,0.13419453458012529,1.0,5.6374512570188084,12.8699,10000,coorte_firmas,0.3663257219744817,1.0391853466798135,1.0150378111472718
R,R_C000004,coorte de 10000 firmas,10000,119521,0.12462462775585789,1.0,5.172984330954234,11.9521,10000,coorte_firmas,0.35302213493753887,1.001412997489947,0.9781431775132722
R,R_C000005,coorte de 10000 firmas,10000,121717,0.12691439844512475,1.0,4.474122244620087,12.1717,10000,coorte_firmas,0.3562504715016175,1.0104575722700424,0.9869775836342571
R,R_C000006,coorte de 10000 firmas,10000,132926,0.13860203034676052,1.0,6.141561618497419,13.2926,10000,coorte_firmas,0.3722929362031471,1.0561785438428037,1.0316361376227414
R,R_C000007,coorte de 10000 firmas,10000,117479,0.1224954329710296,1.0,4.636930346873272,11.7479,10000,coorte_firmas,0.34999347561208854,0.9927419145730214,0.9696735844301968
R,R_C000008,coorte de 6659 firmas,6659,91077,0.0949660496659187,1.0,7.426052615242994,13.677278870701306,6659,coorte_firmas,0.3081656205126047,0.874373989302034,1.0466028875411084
S,S_C000001,coorte de 10000 firmas,10000,154822,0.037269308559986634,1.0,7.187085876201285,15.4822,10000,coorte_firmas,0.19305260568038607,1.027865742923479,0.9879501100024727
S,S_C000002,coorte de 10000 firmas,10000,144582,0.03480429893826451,1.0,4.804381118323512,14.4582,10000,coorte_firmas,0.18655910306995077,0.9932084391025745,0.9546386708792401
S,S_C000003,coorte de 10000 firmas,10000,160507,0.038637822202514986,1.0,7.5000132303545035,16.0507,10000,coorte_firmas,0.19656505844761674,1.0465682996529317,1.0059263808388146
S,S_C000004,coorte de 10000 firmas,10000,178135,0.042881297750534286,1.0,8.725861923644363,17.8135,10000,coorte_firmas,0.20707799919483066,1.1025947600588417,1.0597771372261577
S,S_C000005,coorte de 10000 firmas,10000,155225,0.03736632016912277,1.0,6.437931968881032,15.5225,10000,coorte_firmas,0.1933036993156695,1.0291634779037957,0.989197449380582
S,S_C000006,coorte de 10000 firmas,10000,148952,0.035856261052222095,1.0,7.157078803727495,14.8952,10000,coorte_firmas,0.18935749536847518,1.0081823579482634,0.9690310999222495
S,S_C000007,coorte de 10000 firmas,10000,168064,0.04045697041651441,1.0,8.217096625246556,16.8064,10000,coorte_firmas,0.20113918170389977,1.0709520274897133,1.029363202976793
S,S_C000008,coorte de 10000 firmas,10000,143983,0.034660105504337596,1.0,5.294759807788724,14.3983,10000,coorte_firmas,0.1861722468692302,0.9911638514240126,0.9526734817133868
S,S_C000009,coorte de 10000 firmas,10000,150483,0.03622480887750106,1.0,5.368580123480988,15.0483,10000,coorte_firmas,0.19032816102064629,1.0132823992337623,0.9739330887118506
S,S_C000010,coorte de 10000 firmas,10000,160653,0.038672967847512195,1.0,7.316229074757581,16.0653,10000,coorte_firmas,0.1966544376501893,1.0470458300538252,1.0063853670588927
S,S_C000011,coorte de 10000 firmas,10000,169067,0.040698416183173325,1.0,9.608841591758464,16.9067,10000,coorte_firmas,0.2017384846358605,1.0742185212975692,1.032502847370053
S,S_C000012,coorte de 10000 firmas,10000,177128,0.042638889089491885,1.0,9.973648906955285,17.7128,10000,coorte_firmas,0.20649186204180514,1.0995306609477549,1.056832027833518
S,S_C000013,coorte de 10000 firmas,10000,149878,0.03607917110199892,1.0,6.093645076644601,14.9878,10000,coorte_firmas,0.18994517920178686,1.0112761767300582,0.9720047748665166
S,S_C000014,coorte de 10000 firmas,10000,179487,0.04320675605215229,1.0,12.013701441495053,17.9487,10000,coorte_firmas,0.20786234880841767,1.1069435676560007,1.0639570653671355
S,S_C000015,coorte de 10000 firmas,10000,157467,0.037906022471066225,1.0,7.505018101345712,15.7467,10000,coorte_firmas,0.19469469040286186,1.0366261447812155,0.9963703147214278
S,S_C000016,coorte de 10000 firmas,10000,162254,0.03905836632450215,1.0,6.911551252054778,16.2254,10000,coorte_firmas,0.19763189602010642,1.0522246713187229,1.0113630957482336
S,S_C000017,coorte de 10000 firmas,10000,152079,0.03660900373651166,1.0,7.763416924813771,15.2079,10000,coorte_firmas,0.1913347948923866,1.0187564185581135,0.9791945326610055
S,S_C000018,coorte de 10000 firmas,10000,156844,0.037756051670838404,1.0,7.635186142413532,15.6844,10000,coorte_firmas,0.1943091651745702,1.0345884374499816,0.9944117387148772
S,S_C000019,coorte de 10000 firmas,10000,176156,0.04240490575430498,1.0,9.645934734016812,17.6156,10000,coorte_firmas,0.2059245146996952,1.0965152304136703,1.0539336970462885
S,S_C000020,coorte de 10000 firmas,10000,143183,0.034467526627640556,1.0,4.637770907602853,14.3183,10000,coorte_firmas,0.18565432025040665,0.9883827266624142,0.9500003577834687
S,S_C000021,coorte de 10000 firmas,10000,161570,0.03889371138492618,1.0,10.194666249683708,16.157,10000,coorte_firmas,0.1972148863167438,1.0501785026273573,1.0093963869658509
S,S_C000022,coorte de 10000 firmas,10000,190075,0.04575553748523763,1.0,12.002818422244964,19.0075,10000,coorte_firmas,0.21390544052276378,1.1391118752688592,1.094876164737376
S,S_C000023,coorte de 10000 firmas,10000,142010,0.03418515784968352,1.0,4.984656871691979,14.201,10000,coorte_firmas,0.18489228715574785,0.9843423995371454,0.946116930735397
S,S_C000024,coorte de 10000 firmas,10000,156617,0.03770140741457562,1.0,8.16979780576112,15.6617,10000,coorte_firmas,0.1941685026325733,1.0338573187005498,0.9937090118715135
S,S_C000025,coorte de 10000 firmas,10000,140802,0.03389436374587099,1.0,4.282906741895048,14.0802,10000,coorte_firmas,0.18410421979376515,0.9801215041555615,0.9420599475299016
S,S_C000026,coorte de 10000 firmas,10000,155222,0.03736559799833516,1.0,7.369137944554439,15.5222,10000,coorte_firmas,0.19330183133725132,1.0292165799643995,0.9892484893018714
S,S_C000027,coorte de 1074 firmas,1074,18897,0.004548953791179984,1.0,5.452638076058231,17.594972067039105,1074,coorte_firmas,0.0674459323545904,0.35906900757190047,1.053111614744783
T,T_C000001,coorte agregada de serviços domésticos,1,5518847,1.0,1.0,1.0,,1,bloco_setorial,1.0,1.0,1.0
