cenario,tipo_choque,multiplicador_produtividade,perda_produtividade,choque_permanente,simulacao,seed,periodo,pib_real,taxa_desemprego,inflacao,deficit_governo,deficit_externo
choque_05pct_permanente,permanente,0.95,0.050000000000000044,True,1,42,0,7609597.0,0.138,0.03,0.12063832026847152,0.010583740505574736
choque_05pct_permanente,permanente,0.95,0.050000000000000044,True,1,42,1,7652724.38733265,0.14039181650999813,0.030000000000000027,0.11859183719691781,0.007984885903803248
choque_05pct_permanente,permanente,0.95,0.050000000000000044,True,1,42,2,7801103.962356615,0.13522744274108023,0.02418925667905869,0.12049839550176797,0.0062871968075281755
choque_05pct_permanente,permanente,0.95,0.050000000000000044,True,1,42,3,8022931.17537678,0.12581917429507655,0.026808879878366332,0.11284390543883532,0.005699729118197142
choque_05pct_permanente,permanente,0.95,0.050000000000000044,True,1,42,4,8394049.117589632,0.11075441073636484,0.029794467562436644,0.10562257887155795,0.0052840663367776635
choque_05pct_permanente,permanente,0.95,0.050000000000000044,True,1,42,5,8591649.890566215,0.09639171052677993,0.04440762497552475,0.09800380560671738,0.008293902075954382
choque_05pct_permanente,permanente,0.95,0.050000000000000044,True,1,42,6,8787095.803546665,0.09052871293679406,0.06317188467530577,0.09760979562446334,0.011698197790443112
choque_05pct_permanente,permanente,0.95,0.050000000000000044,True,1,42,7,8902389.218805531,0.091098862984157,0.08641052385804282,0.10402819178859314,0.013854098018689956
choque_05pct_permanente,permanente,0.95,0.050000000000000044,True,1,42,8,8970534.193445876,0.09543200974497842,0.1056162554341904,0.11595888478225858,0.012287165370959916
choque_05pct_permanente,permanente,0.95,0.050000000000000044,True,1,42,9,8902745.071453705,0.10777510944306384,0.11907310518761927,0.13210390002192643,0.00842615148239896
choque_05pct_permanente,permanente,0.95,0.050000000000000044,True,1,42,10,8776111.488870196,0.12311783142695923,0.11766162436254834,0.15357782159957523,0.0009992197106215377
choque_05pct_permanente,permanente,0.95,0.050000000000000044,True,1,42,11,8586511.433023442,0.13769057638386287,0.10693487432205173,0.17139257268786431,-0.009850086238330072
choque_05pct_permanente,permanente,0.95,0.050000000000000044,True,1,42,12,8477099.232471026,0.14230574784867056,0.08542798622487702,0.18259529393008295,-0.025045432755216743
choque_05pct_permanente,permanente,0.95,0.050000000000000044,True,1,42,13,8623346.786954092,0.1357321670558777,0.06525648452278165,0.1767538666115155,-0.034253610213634995
choque_05pct_permanente,permanente,0.95,0.050000000000000044,True,1,42,14,8923007.496361855,0.11830653950934576,0.04684921601294789,0.16431217344459642,-0.03697266728021547
choque_05pct_permanente,permanente,0.95,0.050000000000000044,True,1,42,15,9595632.786125168,0.08830518893985305,0.040646833242526714,0.1409974759613147,-0.026972277673623427
choque_05pct_permanente,permanente,0.95,0.050000000000000044,True,1,42,16,10020801.514571084,0.06414734755345318,0.05407624239982822,0.12401699366579533,-0.02140821192814269
choque_05pct_permanente,permanente,0.95,0.050000000000000044,True,1,42,17,10350833.986067304,0.05434060578026803,0.09243577799718405,0.11570736338056156,-0.011184262453821633
choque_05pct_permanente,permanente,0.95,0.050000000000000044,True,1,42,18,10615558.148849739,0.056943937209985744,0.1449856066765276,0.1215216483353452,-0.0008545908391930872
choque_05pct_permanente,permanente,0.95,0.050000000000000044,True,1,42,19,10910127.093665108,0.0621988809019658,0.19292059126959127,0.13741761353713122,0.007756027659441299
choque_05pct_permanente,permanente,0.95,0.050000000000000044,True,1,42,20,10951098.754818238,0.06445234422779784,0.22506722629276132,0.1529107387757926,0.008731845537597632
choque_05pct_permanente,permanente,0.95,0.050000000000000044,True,1,42,21,10968538.132159399,0.06938943905122172,0.24405854119890247,0.16307692640234692,0.00725164301936535
choque_05pct_permanente,permanente,0.95,0.050000000000000044,True,1,42,22,10791398.887937289,0.08104319066254159,0.24432450633276748,0.18200273307804146,-0.005767885083130571
choque_05pct_permanente,permanente,0.95,0.050000000000000044,True,1,42,23,10586661.64492114,0.08968657101639337,0.22886642804973922,0.20065860222606158,-0.022617381164839065
choque_05pct_permanente,permanente,0.95,0.050000000000000044,True,1,42,24,10450967.233290771,0.09550031336342214,0.2012454685437144,0.20838111906530277,-0.036089763031512616
choque_05pct_permanente,permanente,0.95,0.050000000000000044,True,1,42,25,10468933.86517705,0.08639443620477068,0.1708509824467157,0.20773142952270363,-0.05101128145773507
choque_05pct_permanente,permanente,0.95,0.050000000000000044,True,2,43,0,7609597.0,0.138,0.03,0.12063832026847152,0.010583740505574736
choque_05pct_permanente,permanente,0.95,0.050000000000000044,True,2,43,1,7652724.38733265,0.14039181650999813,0.030000000000000027,0.11859183719691781,0.007984885903803248
choque_05pct_permanente,permanente,0.95,0.050000000000000044,True,2,43,2,7795020.874483838,0.13522708141572493,0.024191530163762076,0.12053436588815551,0.006861983543173556
choque_05pct_permanente,permanente,0.95,0.050000000000000044,True,2,43,3,8037316.46680246,0.12476063426065676,0.026811775187928433,0.11260565842351052,0.00624820585705405
choque_05pct_permanente,permanente,0.95,0.050000000000000044,True,2,43,4,8348844.63122399,0.11108254305111744,0.030217521397929215,0.10567504655299073,0.007147843342347539
choque_05pct_permanente,permanente,0.95,0.050000000000000044,True,2,43,5,8580436.312467253,0.0986243107862162,0.044433614518603726,0.09940674444845066,0.009001984253520659
choque_05pct_permanente,permanente,0.95,0.050000000000000044,True,2,43,6,8781550.266406875,0.08891949008083178,0.06288611633943075,0.09753126022671481,0.009792366604887798
choque_05pct_permanente,permanente,0.95,0.050000000000000044,True,2,43,7,8962436.175633112,0.08725613385330397,0.08749231659484868,0.09998644139144396,0.013479179173340438
choque_05pct_permanente,permanente,0.95,0.050000000000000044,True,2,43,8,8994955.366470348,0.09523564854383484,0.1087393754612449,0.11360336864303688,0.016012259080875915
choque_05pct_permanente,permanente,0.95,0.050000000000000044,True,2,43,9,8920015.817540757,0.10957352358056979,0.12102701921583026,0.13394710182619,0.0102457086756517
choque_05pct_permanente,permanente,0.95,0.050000000000000044,True,2,43,10,8739040.7452967,0.12612335834072147,0.1200337772802802,0.15573209994000037,0.0014861654384764522
choque_05pct_permanente,permanente,0.95,0.050000000000000044,True,2,43,11,8554201.300870033,0.13861821971841343,0.10591411983108223,0.1740839671891565,-0.012701352769309527
choque_05pct_permanente,permanente,0.95,0.050000000000000044,True,2,43,12,8461503.732909268,0.14632776833697084,0.08433061849236334,0.18432201859698516,-0.02692643204293225
choque_05pct_permanente,permanente,0.95,0.050000000000000044,True,2,43,13,8490962.410852699,0.143687534095678,0.06089792227498081,0.18458426738690578,-0.036355252241715263
choque_05pct_permanente,permanente,0.95,0.050000000000000044,True,2,43,14,8854933.152656347,0.12361630231301084,0.04135846128265297,0.16864336635453206,-0.038918534453992085
choque_05pct_permanente,permanente,0.95,0.050000000000000044,True,2,43,15,9492601.17040704,0.09494992029376265,0.0325492991975318,0.14512649382745033,-0.0334014749669725
choque_05pct_permanente,permanente,0.95,0.050000000000000044,True,2,43,16,10030143.998609725,0.06817955353192634,0.042329463765423236,0.12608613631279172,-0.02491332874598429
choque_05pct_permanente,permanente,0.95,0.050000000000000044,True,2,43,17,10395432.723253658,0.05403290658504975,0.0769712230876165,0.11423365058530045,-0.012787464676480658
choque_05pct_permanente,permanente,0.95,0.050000000000000044,True,2,43,18,10716051.899698786,0.05430229940263714,0.13216174307951034,0.1160730012328899,-0.0038240580230360613
choque_05pct_permanente,permanente,0.95,0.050000000000000044,True,2,43,19,10911235.51656985,0.06113986498291654,0.18715527930402742,0.13362921057428354,0.006541975390795004
choque_05pct_permanente,permanente,0.95,0.050000000000000044,True,2,43,20,11052524.779181372,0.06351848394236148,0.22689648811496577,0.15001149131952463,0.009297826733690768
choque_05pct_permanente,permanente,0.95,0.050000000000000044,True,2,43,21,11018034.996403579,0.06612226660380527,0.24961947452502997,0.16067830374886627,0.007791838307620279
choque_05pct_permanente,permanente,0.95,0.050000000000000044,True,2,43,22,10873781.030437248,0.07974004991225726,0.25446557762634403,0.17880827602441624,-0.0022053574683549328
choque_05pct_permanente,permanente,0.95,0.050000000000000044,True,2,43,23,10529950.499261396,0.0995089784211375,0.23601069853999235,0.20780313389193714,-0.019176249035325558
choque_05pct_permanente,permanente,0.95,0.050000000000000044,True,2,43,24,10330666.518212484,0.10445599502726693,0.20259302332921902,0.22106727525443193,-0.04002725852376503
choque_05pct_permanente,permanente,0.95,0.050000000000000044,True,2,43,25,10335360.515663326,0.0980784333993182,0.16623828416991993,0.21487099352578648,-0.054400863338657054
choque_05pct_permanente,permanente,0.95,0.050000000000000044,True,3,44,0,7609597.0,0.138,0.03,0.12063832026847152,0.010583740505574736
choque_05pct_permanente,permanente,0.95,0.050000000000000044,True,3,44,1,7652724.38733265,0.14039181650999813,0.030000000000000027,0.11859183719691781,0.007984885903803248
choque_05pct_permanente,permanente,0.95,0.050000000000000044,True,3,44,2,7809568.471876611,0.13522708141572493,0.024184146560761954,0.12045454734906626,0.004914800534182451
choque_05pct_permanente,permanente,0.95,0.050000000000000044,True,3,44,3,8040221.635573903,0.126620717904688,0.02683058200310473,0.1129004970675796,0.005202146882133367
choque_05pct_permanente,permanente,0.95,0.050000000000000044,True,3,44,4,8301408.8178097345,0.11185275020171319,0.02943467336483363,0.1069562413332863,0.006637518469462689
choque_05pct_permanente,permanente,0.95,0.050000000000000044,True,3,44,5,8622285.481646974,0.0948130176368285,0.04344011033753059,0.0971644821270522,0.010400091894825915
choque_05pct_permanente,permanente,0.95,0.050000000000000044,True,3,44,6,8840014.194959143,0.08694770703066229,0.06242662537656285,0.09539186213676765,0.010627296708919815
choque_05pct_permanente,permanente,0.95,0.050000000000000044,True,3,44,7,8966843.481052497,0.09067500691253219,0.08954400914499594,0.10112473596536115,0.015965747709119408
choque_05pct_permanente,permanente,0.95,0.050000000000000044,True,3,44,8,8965754.263989886,0.09888430949094945,0.10889886084335254,0.1180387764471392,0.015135959146388779
choque_05pct_permanente,permanente,0.95,0.050000000000000044,True,3,44,9,8853259.423939768,0.11382590189886165,0.12049069634114473,0.1369719126305495,0.010984720048443248
choque_05pct_permanente,permanente,0.95,0.050000000000000044,True,3,44,10,8645886.52497182,0.13028683172153252,0.11513350822191581,0.16083406479721116,-0.0020072985605898604
choque_05pct_permanente,permanente,0.95,0.050000000000000044,True,3,44,11,8514279.22825643,0.14339105105098432,0.10044002393181573,0.17582605403039964,-0.013410404572517675
choque_05pct_permanente,permanente,0.95,0.050000000000000044,True,3,44,12,8442066.428869208,0.14748259080384957,0.07608438980692522,0.1852159629412107,-0.029343704689989644
choque_05pct_permanente,permanente,0.95,0.050000000000000044,True,3,44,13,8564834.220984988,0.14148969664174105,0.05373998091782006,0.18073624116784492,-0.03779731607318589
choque_05pct_permanente,permanente,0.95,0.050000000000000044,True,3,44,14,8922356.660255397,0.12288068722018425,0.034853131969321716,0.16573662210614654,-0.03824563727712326
choque_05pct_permanente,permanente,0.95,0.050000000000000044,True,3,44,15,9610974.047079198,0.08909950514645222,0.03037578227859883,0.14059589169664335,-0.029843429523159243
choque_05pct_permanente,permanente,0.95,0.050000000000000044,True,3,44,16,10013994.227704596,0.06595123814859255,0.04541878314955583,0.12274684107677676,-0.02201931211769826
choque_05pct_permanente,permanente,0.95,0.050000000000000044,True,3,44,17,10370467.373618223,0.05579476997607094,0.08484016636215119,0.11503832654500774,-0.011949509149688058
choque_05pct_permanente,permanente,0.95,0.050000000000000044,True,3,44,18,10701980.7224929,0.056013776541666865,0.1385270316504501,0.11948710684774426,-0.001006699745862281
choque_05pct_permanente,permanente,0.95,0.050000000000000044,True,3,44,19,10934930.237515083,0.0588547991480156,0.19034692898773065,0.1338450859239509,0.005916313056296881
choque_05pct_permanente,permanente,0.95,0.050000000000000044,True,3,44,20,11016491.165719466,0.06505779001460252,0.23028856975801726,0.14868516316131397,0.012345985362900404
choque_05pct_permanente,permanente,0.95,0.050000000000000044,True,3,44,21,11038392.07141024,0.07162091853866565,0.2473603980421124,0.16626389571377012,0.00795549954820701
choque_05pct_permanente,permanente,0.95,0.050000000000000044,True,3,44,22,10670607.770711204,0.08824079620072398,0.2481631315719417,0.18975999133730304,-0.005659680430468113
choque_05pct_permanente,permanente,0.95,0.050000000000000044,True,3,44,23,10408601.561977003,0.10626068415092473,0.22360568142814197,0.2132788356129032,-0.0229079704787371
choque_05pct_permanente,permanente,0.95,0.050000000000000044,True,3,44,24,10188222.7067111,0.10600752716501648,0.1884657984166438,0.2217393243320373,-0.04345004172097399
choque_05pct_permanente,permanente,0.95,0.050000000000000044,True,3,44,25,10289712.433097662,0.09210284299220371,0.15177457075788858,0.21102466591917118,-0.05792485931723787
choque_05pct_permanente,permanente,0.95,0.050000000000000044,True,4,45,0,7609597.0,0.138,0.03,0.12063832026847152,0.010583740505574736
choque_05pct_permanente,permanente,0.95,0.050000000000000044,True,4,45,1,7652724.38733265,0.14039181650999813,0.030000000000000027,0.11859183719691781,0.007984885903803248
choque_05pct_permanente,permanente,0.95,0.050000000000000044,True,4,45,2,7814812.885350098,0.1352272363957795,0.024167914260627477,0.12047025073739162,0.0002517658046662367
choque_05pct_permanente,permanente,0.95,0.050000000000000044,True,4,45,3,8061832.066014055,0.12454088935781311,0.02691702625247161,0.11091685391220972,0.005843555817130261
choque_05pct_permanente,permanente,0.95,0.050000000000000044,True,4,45,4,8416869.697292035,0.10590819741008001,0.030404630255944864,0.10248911947636828,0.00711891178292889
choque_05pct_permanente,permanente,0.95,0.050000000000000044,True,4,45,5,8680022.571548514,0.09083423016405445,0.04788711869038864,0.09317734608964436,0.012509147532646588
choque_05pct_permanente,permanente,0.95,0.050000000000000044,True,4,45,6,8819974.459249835,0.08777173036297103,0.07043809191833761,0.09537291682273637,0.014033862927572763
choque_05pct_permanente,permanente,0.95,0.050000000000000044,True,4,45,7,8870448.720438398,0.0965794748159491,0.09563557165981962,0.10725871853467249,0.01564612856157017
choque_05pct_permanente,permanente,0.95,0.050000000000000044,True,4,45,8,8800427.87954947,0.11155873534307122,0.10927327679292409,0.1288830403383953,0.011707987034052727
choque_05pct_permanente,permanente,0.95,0.050000000000000044,True,4,45,9,8680827.479567379,0.12424032662246,0.11264828107503289,0.1473891270525267,0.0022020748010152594
choque_05pct_permanente,permanente,0.95,0.050000000000000044,True,4,45,10,8540555.41883609,0.13398855932280732,0.10218192863472231,0.16287359655175068,-0.007568508067200594
choque_05pct_permanente,permanente,0.95,0.050000000000000044,True,4,45,11,8481918.706216967,0.13953241624688376,0.08597413692516676,0.1718016276020628,-0.016870134908174485
choque_05pct_permanente,permanente,0.95,0.050000000000000044,True,4,45,12,8473993.893940112,0.14056481465032608,0.0662774175381331,0.1763229075055228,-0.029864380225992887
choque_05pct_permanente,permanente,0.95,0.050000000000000044,True,4,45,13,8735774.57240198,0.1291716734579976,0.04836064646467686,0.16768511169672073,-0.037153603922600933
choque_05pct_permanente,permanente,0.95,0.050000000000000044,True,4,45,14,9228673.686898988,0.1040328397556227,0.037123010578714366,0.1483828961675288,-0.03187736950236848
choque_05pct_permanente,permanente,0.95,0.050000000000000044,True,4,45,15,9805183.782874133,0.07601731917879005,0.04146485737576011,0.12776995711107086,-0.02462572028944169
choque_05pct_permanente,permanente,0.95,0.050000000000000044,True,4,45,16,10254643.506393785,0.05562012962965478,0.06804531796721514,0.11342686236016288,-0.014574198852115658
choque_05pct_permanente,permanente,0.95,0.050000000000000044,True,4,45,17,10508455.373974275,0.05141678192552023,0.12030527102735089,0.10890683862830138,-0.00412597794899822
choque_05pct_permanente,permanente,0.95,0.050000000000000044,True,4,45,18,10776313.363357803,0.06103915133113134,0.17850169147096873,0.12376251599740809,0.007373024422122551
choque_05pct_permanente,permanente,0.95,0.050000000000000044,True,4,45,19,10858591.682317378,0.06998779876098608,0.21829532155524456,0.1502623514548876,0.010028627843266332
choque_05pct_permanente,permanente,0.95,0.050000000000000044,True,4,45,20,10721313.24968954,0.07917504031214152,0.23505805591402407,0.1686445782624739,0.005465697848683657
choque_05pct_permanente,permanente,0.95,0.050000000000000044,True,4,45,21,10569835.922233116,0.0922936270324839,0.2291312651234121,0.18630758207226006,-0.006855401224511239
choque_05pct_permanente,permanente,0.95,0.050000000000000044,True,4,45,22,10287214.62122637,0.10404817517670228,0.20537015336944742,0.20509209812305745,-0.023282369101632183
choque_05pct_permanente,permanente,0.95,0.050000000000000044,True,4,45,23,10189100.106058504,0.10074966361545297,0.17296536907946702,0.21041494812593517,-0.039059293374953494
choque_05pct_permanente,permanente,0.95,0.050000000000000044,True,4,45,24,10322009.453994984,0.08935927943123229,0.14434026389539345,0.20085072412845148,-0.05305612612978506
choque_05pct_permanente,permanente,0.95,0.050000000000000044,True,4,45,25,10758717.905627616,0.06871417471059157,0.12595697454995913,0.18382471440640352,-0.05185756016899694
choque_05pct_permanente,permanente,0.95,0.050000000000000044,True,5,46,0,7609597.0,0.138,0.03,0.12063832026847152,0.010583740505574736
choque_05pct_permanente,permanente,0.95,0.050000000000000044,True,5,46,1,7652724.38733265,0.14039181650999813,0.030000000000000027,0.11859183719691781,0.007984885903803248
choque_05pct_permanente,permanente,0.95,0.050000000000000044,True,5,46,2,7797215.319153447,0.13522708141572493,0.024179487090514318,0.12051989825221197,0.0041342857537788645
choque_05pct_permanente,permanente,0.95,0.050000000000000044,True,5,46,3,8035873.995249559,0.12508298596838335,0.02687093670821583,0.11205807000098585,0.004644653766855659
choque_05pct_permanente,permanente,0.95,0.050000000000000044,True,5,46,4,8390869.856344638,0.10862684435133034,0.030136559988063416,0.10364952165876039,0.005818291909813966
choque_05pct_permanente,permanente,0.95,0.050000000000000044,True,5,46,5,8680426.825820183,0.0909117885035244,0.04637482490082889,0.09363756600051668,0.015036234060106882
choque_05pct_permanente,permanente,0.95,0.050000000000000044,True,5,46,6,8843085.729580918,0.08418793232590452,0.06790511275349642,0.09418602752377803,0.013780645167294832
choque_05pct_permanente,permanente,0.95,0.050000000000000044,True,5,46,7,8896156.349304298,0.09456692097655976,0.09677421568576072,0.10449334446008081,0.01568139108445874
choque_05pct_permanente,permanente,0.95,0.050000000000000044,True,5,46,8,8821983.28092645,0.1100536477908867,0.11165504488971267,0.12861014660089345,0.011725274378521335
choque_05pct_permanente,permanente,0.95,0.050000000000000044,True,5,46,9,8676987.225727683,0.1253266083754365,0.11587615908558391,0.1484817162107908,0.004323766187296288
choque_05pct_permanente,permanente,0.95,0.050000000000000044,True,5,46,10,8543485.081652153,0.1342017653224229,0.104624888042393,0.16533028163179442,-0.011379718011942278
choque_05pct_permanente,permanente,0.95,0.050000000000000044,True,5,46,11,8463993.01956621,0.14172731512899328,0.08771177602266711,0.17323605552961063,-0.01844164131323324
choque_05pct_permanente,permanente,0.95,0.050000000000000044,True,5,46,12,8581336.649775103,0.13533890210754898,0.06498700576689886,0.17379495141052,-0.02957655559629481
choque_05pct_permanente,permanente,0.95,0.050000000000000044,True,5,46,13,8784861.412463972,0.12470500580679214,0.049307766380526585,0.16404216529699195,-0.034857086522888284
choque_05pct_permanente,permanente,0.95,0.050000000000000044,True,5,46,14,9334766.49720102,0.09861427781387494,0.040038071727771296,0.1450551701180131,-0.031025198718494823
choque_05pct_permanente,permanente,0.95,0.050000000000000044,True,5,46,15,9878868.349790217,0.0703737983279689,0.049593785590621664,0.12380532686887116,-0.022822254538079123
choque_05pct_permanente,permanente,0.95,0.050000000000000044,True,5,46,16,10268294.141758163,0.051101025836670505,0.0802025385766374,0.11046984190256591,-0.013099208518577486
choque_05pct_permanente,permanente,0.95,0.050000000000000044,True,5,46,17,10591993.58025106,0.05160001335158995,0.13891365063870453,0.10673443466613344,0.0025983746602600355
choque_05pct_permanente,permanente,0.95,0.050000000000000044,True,5,46,18,10731236.286352688,0.0630733980375632,0.1944223467917061,0.1311340776436732,0.010235849169018194
choque_05pct_permanente,permanente,0.95,0.050000000000000044,True,5,46,19,10721595.575410107,0.07765621697089879,0.22900765359122288,0.1576607574458894,0.010827843359611636
choque_05pct_permanente,permanente,0.95,0.050000000000000044,True,5,46,20,10611168.010061497,0.08622787329642179,0.23298587952653715,0.17769071545585313,0.001949848592687939
choque_05pct_permanente,permanente,0.95,0.050000000000000044,True,5,46,21,10363142.167407062,0.09868168324229096,0.21892751838465108,0.19291893089642656,-0.011406247061242825
choque_05pct_permanente,permanente,0.95,0.050000000000000044,True,5,46,22,10037090.60890893,0.11184463667875924,0.188953542453008,0.21342626800311493,-0.03651354177709907
choque_05pct_permanente,permanente,0.95,0.050000000000000044,True,5,46,23,10019011.954035917,0.11055265853571858,0.15246089097873727,0.21525353008886453,-0.048987849952350816
choque_05pct_permanente,permanente,0.95,0.050000000000000044,True,5,46,24,10368629.63447502,0.08751369919602894,0.11994250844198406,0.199163699160212,-0.05897493884601852
choque_05pct_permanente,permanente,0.95,0.050000000000000044,True,5,46,25,10884636.111620372,0.0629334639644346,0.1065111073562186,0.1751344219371384,-0.05340135902519376
choque_05pct_permanente,permanente,0.95,0.050000000000000044,True,6,47,0,7609597.0,0.138,0.03,0.12063832026847152,0.010583740505574736
choque_05pct_permanente,permanente,0.95,0.050000000000000044,True,6,47,1,7652724.38733265,0.14039181650999813,0.030000000000000027,0.11859183719691781,0.007984885903803248
choque_05pct_permanente,permanente,0.95,0.050000000000000044,True,6,47,2,7806695.322937048,0.13522715831904936,0.02418130759722459,0.12044374550797671,0.003889724574032977
choque_05pct_permanente,permanente,0.95,0.050000000000000044,True,6,47,3,8029826.139430107,0.12474783037646296,0.026825061711583054,0.11202749061872302,0.0039396781131172
choque_05pct_permanente,permanente,0.95,0.050000000000000044,True,6,47,4,8415642.929382542,0.10768615566961245,0.030291553993439413,0.10273611525593153,0.0071680838275023345
choque_05pct_permanente,permanente,0.95,0.050000000000000044,True,6,47,5,8724267.594138302,0.08986239978898485,0.04611006621964142,0.09332290758419767,0.010833562667168851
choque_05pct_permanente,permanente,0.95,0.050000000000000044,True,6,47,6,8840248.702707822,0.08610722377495748,0.06917438896117045,0.09384325568815453,0.01368751249100293
choque_05pct_permanente,permanente,0.95,0.050000000000000044,True,6,47,7,8922074.488529645,0.09345871503278458,0.09512701033803195,0.10497144887294162,0.015474204912747133
choque_05pct_permanente,permanente,0.95,0.050000000000000044,True,6,47,8,8892124.28381597,0.10571758723640627,0.11262880400944941,0.12413592475006997,0.011751514621655029
choque_05pct_permanente,permanente,0.95,0.050000000000000044,True,6,47,9,8725235.122154346,0.1206164095396792,0.11902072215103576,0.14439450945855295,0.007101497616080996
choque_05pct_permanente,permanente,0.95,0.050000000000000044,True,6,47,10,8609466.077920342,0.1330579996120609,0.10979342804274683,0.1623689035252539,-0.005563816460226746
choque_05pct_permanente,permanente,0.95,0.050000000000000044,True,6,47,11,8419766.809599271,0.14390156829728443,0.09320995077323069,0.17646496575274695,-0.01683668340587939
choque_05pct_permanente,permanente,0.95,0.050000000000000044,True,6,47,12,8479675.160527952,0.14015117281755277,0.06969907912975115,0.17891820978806433,-0.028547663143926868
choque_05pct_permanente,permanente,0.95,0.050000000000000044,True,6,47,13,8709156.315155262,0.1277620973773693,0.05100279388206319,0.167646050591694,-0.03375033987097939
choque_05pct_permanente,permanente,0.95,0.050000000000000044,True,6,47,14,9232267.640884312,0.10341180581247228,0.03823775880560554,0.14957580195543418,-0.031989934810781065
choque_05pct_permanente,permanente,0.95,0.050000000000000044,True,6,47,15,9767380.119121535,0.07710040243473978,0.043314117290620624,0.12926536418503448,-0.02374400330640658
choque_05pct_permanente,permanente,0.95,0.050000000000000044,True,6,47,16,10186170.880581541,0.05806625986938112,0.06840900046713938,0.11576436512226922,-0.013132704350365202
choque_05pct_permanente,permanente,0.95,0.050000000000000044,True,6,47,17,10449031.78952846,0.05207853336556041,0.11652773740156563,0.11176654859822537,-0.0025502474017574488
choque_05pct_permanente,permanente,0.95,0.050000000000000044,True,6,47,18,10719365.968883608,0.05988377556267483,0.17368261672903285,0.12327698247533055,0.008441062817059057
choque_05pct_permanente,permanente,0.95,0.050000000000000044,True,6,47,19,10795500.681695962,0.06883677924043106,0.213928909708897,0.14922100607497626,0.010359114960414348
choque_05pct_permanente,permanente,0.95,0.050000000000000044,True,6,47,20,10762900.226859255,0.08019553292579878,0.23521591441063294,0.1662404315353416,0.006683055807316451
choque_05pct_permanente,permanente,0.95,0.050000000000000044,True,6,47,21,10484451.887376111,0.09129197843703127,0.23000713692555186,0.18727899696279623,-0.007908524183046823
choque_05pct_permanente,permanente,0.95,0.050000000000000044,True,6,47,22,10340618.83764867,0.09389659258856323,0.2088944018448433,0.1977156794902693,-0.01982003938410211
choque_05pct_permanente,permanente,0.95,0.050000000000000044,True,6,47,23,10314030.646734344,0.0917887425445336,0.1808005073226464,0.19901562132471592,-0.0339174983734088
choque_05pct_permanente,permanente,0.95,0.050000000000000044,True,6,47,24,10475143.335652236,0.07982356381439264,0.15608355124974338,0.1937832374533826,-0.04480416448637294
choque_05pct_permanente,permanente,0.95,0.050000000000000044,True,6,47,25,10844923.809896637,0.063423584600505,0.14448122993572365,0.17902760906051376,-0.0481476902049754
choque_05pct_permanente,permanente,0.95,0.050000000000000044,True,7,48,0,7609597.0,0.138,0.03,0.12063832026847152,0.010583740505574736
choque_05pct_permanente,permanente,0.95,0.050000000000000044,True,7,48,1,7652724.38733265,0.14039181650999813,0.030000000000000027,0.11859183719691781,0.007984885903803248
choque_05pct_permanente,permanente,0.95,0.050000000000000044,True,7,48,2,7797185.690724047,0.13522708141572493,0.024184715365616505,0.12051681259663678,0.005153394554576406
choque_05pct_permanente,permanente,0.95,0.050000000000000044,True,7,48,3,8059557.759189848,0.1243107042400101,0.026832363549653904,0.11216813611438263,0.007414710374897581
choque_05pct_permanente,permanente,0.95,0.050000000000000044,True,7,48,4,8293368.105793962,0.1121343928723936,0.030428679684245674,0.10677040889614853,0.0069399067028215215
choque_05pct_permanente,permanente,0.95,0.050000000000000044,True,7,48,5,8597025.651181184,0.10070239607074644,0.043462781416454765,0.1003563655219364,0.009426888262187533
choque_05pct_permanente,permanente,0.95,0.050000000000000044,True,7,48,6,8777222.337314567,0.0931216986468634,0.06111671601775459,0.1005113424150078,0.009843936918561528
choque_05pct_permanente,permanente,0.95,0.050000000000000044,True,7,48,7,8842917.845974112,0.09661964814315074,0.08293773111475322,0.10692579766024635,0.010717610740770872
choque_05pct_permanente,permanente,0.95,0.050000000000000044,True,7,48,8,8845547.837192936,0.10498369492659453,0.09876698422588626,0.12248190435434346,0.007979853269590192
choque_05pct_permanente,permanente,0.95,0.050000000000000044,True,7,48,9,8775361.057331633,0.11624739028693087,0.10681388874768771,0.13899791418232837,0.0006436111373537614
choque_05pct_permanente,permanente,0.95,0.050000000000000044,True,7,48,10,8683602.905083822,0.12823689368515945,0.102535035698061,0.15556094072514584,-0.007221897784497532
choque_05pct_permanente,permanente,0.95,0.050000000000000044,True,7,48,11,8609238.18706095,0.13407958601948541,0.08982933206240151,0.16750395747584612,-0.016376672229775405
choque_05pct_permanente,permanente,0.95,0.050000000000000044,True,7,48,12,8634280.88582865,0.13525204444280922,0.0727060449485144,0.17130095477914462,-0.02340244352858628
choque_05pct_permanente,permanente,0.95,0.050000000000000044,True,7,48,13,8823575.271480948,0.12478049134344128,0.056942170616469,0.16625308283539975,-0.030947883743473018
choque_05pct_permanente,permanente,0.95,0.050000000000000044,True,7,48,14,9141831.19831509,0.10955530314905,0.047936546872868746,0.15307446325326327,-0.03288343992475674
choque_05pct_permanente,permanente,0.95,0.050000000000000044,True,7,48,15,9726719.124963578,0.08240422140874686,0.04919057943141669,0.13495401401166968,-0.02492548739949343
choque_05pct_permanente,permanente,0.95,0.050000000000000044,True,7,48,16,10132860.330720615,0.06068712420236884,0.07009965699988308,0.1190371984015504,-0.017541400492480003
choque_05pct_permanente,permanente,0.95,0.050000000000000044,True,7,48,17,10458042.61299042,0.05301243910003339,0.11281484041731171,0.11288318669009326,-0.008373784708071345
choque_05pct_permanente,permanente,0.95,0.050000000000000044,True,7,48,18,10772556.49774968,0.05589567361198529,0.16520447677864536,0.12081899541083153,0.00434263737459315
choque_05pct_permanente,permanente,0.95,0.050000000000000044,True,7,48,19,10922055.72228777,0.06466090656229381,0.21067300262018263,0.1414059445139547,0.011715327771928869
choque_05pct_permanente,permanente,0.95,0.050000000000000044,True,7,48,20,10819795.07909937,0.08039650135922623,0.23549011355789973,0.16653936158369073,0.0060588435931405804
choque_05pct_permanente,permanente,0.95,0.050000000000000044,True,7,48,21,10514937.184506798,0.1001316960942867,0.23219003020753992,0.19364079977152973,-0.007990837576034847
choque_05pct_permanente,permanente,0.95,0.050000000000000044,True,7,48,22,10239974.978469504,0.10721893525673329,0.20700365595269576,0.2104335342507209,-0.025001178552122773
choque_05pct_permanente,permanente,0.95,0.050000000000000044,True,7,48,23,10060651.78688717,0.10922752130173005,0.1734797219690445,0.21415507144357843,-0.042729413211955405
choque_05pct_permanente,permanente,0.95,0.050000000000000044,True,7,48,24,10104107.179350244,0.10160822462606094,0.1387852545404582,0.21160139430076752,-0.0590990565343683
choque_05pct_permanente,permanente,0.95,0.050000000000000044,True,7,48,25,10589386.018511925,0.08034946125799736,0.11248499180628313,0.1926766921096698,-0.05831242502724932
choque_05pct_permanente,permanente,0.95,0.050000000000000044,True,8,49,0,7609597.0,0.138,0.03,0.12063832026847152,0.010583740505574736
choque_05pct_permanente,permanente,0.95,0.050000000000000044,True,8,49,1,7652680.1194738075,0.14039218080275034,0.030000000000000027,0.11859395149248815,0.007984248131579937
choque_05pct_permanente,permanente,0.95,0.050000000000000044,True,8,49,2,7797461.924073542,0.1352305929194483,0.02418201686638133,0.12053293984619885,0.004206096336633925
choque_05pct_permanente,permanente,0.95,0.050000000000000044,True,8,49,3,8030416.085393261,0.12467846937162512,0.026840862108314045,0.11219011963106826,0.005492046194023671
choque_05pct_permanente,permanente,0.95,0.050000000000000044,True,8,49,4,8373891.582932308,0.10896896335053496,0.03029725656623916,0.1041589478448662,0.009708080240454362
choque_05pct_permanente,permanente,0.95,0.050000000000000044,True,8,49,5,8636308.308065904,0.09290418520808688,0.045106242286677256,0.0963717185696445,0.013789024787369455
choque_05pct_permanente,permanente,0.95,0.050000000000000044,True,8,49,6,8788949.057441678,0.0897009281788569,0.06743999187315142,0.0971123809479643,0.013361648192472035
choque_05pct_permanente,permanente,0.95,0.050000000000000044,True,8,49,7,8848753.904515294,0.0975544850719393,0.08990010300361528,0.10838200666170796,0.014972338672996183
choque_05pct_permanente,permanente,0.95,0.050000000000000044,True,8,49,8,8867386.060218293,0.1067553585610672,0.10432468261927652,0.1253187426247182,0.012750605399253705
choque_05pct_permanente,permanente,0.95,0.050000000000000044,True,8,49,9,8768112.13573084,0.11749212349320656,0.10998695453219587,0.1420518433240553,0.0071776369527896035
choque_05pct_permanente,permanente,0.95,0.050000000000000044,True,8,49,10,8618510.571640223,0.1313360234319491,0.10384801330035232,0.160759514784253,-0.003091321894129316
choque_05pct_permanente,permanente,0.95,0.050000000000000044,True,8,49,11,8437302.119202716,0.14511403161984246,0.08984292517856929,0.1775871131038806,-0.015730633992696814
choque_05pct_permanente,permanente,0.95,0.050000000000000044,True,8,49,12,8404582.62822682,0.1478929569438812,0.06926064491608241,0.18407822526048603,-0.028326847047600044
choque_05pct_permanente,permanente,0.95,0.050000000000000044,True,8,49,13,8581683.32761907,0.13741190795567754,0.050078690378027924,0.17551517280348178,-0.03585572020985482
choque_05pct_permanente,permanente,0.95,0.050000000000000044,True,8,49,14,9136408.490326148,0.11332886067775795,0.035227075969817,0.15530275767715354,-0.034902631646244416
choque_05pct_permanente,permanente,0.95,0.050000000000000044,True,8,49,15,9688970.630389825,0.08185993163813227,0.033862902596267785,0.1343157577199379,-0.0270207876761531
choque_05pct_permanente,permanente,0.95,0.050000000000000044,True,8,49,16,10161639.319365215,0.06128665548600714,0.054886432213122394,0.11763277488608541,-0.01626690487434734
choque_05pct_permanente,permanente,0.95,0.050000000000000044,True,8,49,17,10414939.695235189,0.054547940646194865,0.10003360551642437,0.11368677927681108,-0.008230911258079784
choque_05pct_permanente,permanente,0.95,0.050000000000000044,True,8,49,18,10691010.500348855,0.05879827663712628,0.1550389262194629,0.12284069716226238,0.002720176565855786
choque_05pct_permanente,permanente,0.95,0.050000000000000044,True,8,49,19,10846067.765655514,0.06614176313163805,0.20194041113746053,0.14184058485371032,0.007333294088086798
choque_05pct_permanente,permanente,0.95,0.050000000000000044,True,8,49,20,10951922.473327514,0.06652527130995274,0.22808106097228142,0.15567108965114274,0.008204451689970374
choque_05pct_permanente,permanente,0.95,0.050000000000000044,True,8,49,21,10853212.555719241,0.07157460013814423,0.24285281618846932,0.16553155102769906,0.0022777026025401254
choque_05pct_permanente,permanente,0.95,0.050000000000000044,True,8,49,22,10731119.797475513,0.08357535126684283,0.23707930390337095,0.184784522119306,-0.0065934098051716695
choque_05pct_permanente,permanente,0.95,0.050000000000000044,True,8,49,23,10439815.088551603,0.09704466282322688,0.21805700612556267,0.205899213334471,-0.023656650678273616
choque_05pct_permanente,permanente,0.95,0.050000000000000044,True,8,49,24,10403791.24887492,0.09619772673874048,0.1863181851648077,0.21238415900896862,-0.041712328369302006
choque_05pct_permanente,permanente,0.95,0.050000000000000044,True,8,49,25,10490680.377903637,0.08682293400465317,0.15741493313159216,0.20435335597068335,-0.05179839783735387
choque_05pct_permanente,permanente,0.95,0.050000000000000044,True,9,50,0,7609597.0,0.138,0.03,0.12063832026847152,0.010583740505574736
choque_05pct_permanente,permanente,0.95,0.050000000000000044,True,9,50,1,7652724.38733265,0.14039181650999813,0.030000000000000027,0.11859183719691781,0.007984885903803248
choque_05pct_permanente,permanente,0.95,0.050000000000000044,True,9,50,2,7831409.32990096,0.13522716034711857,0.024173664527332495,0.12036563899223725,0.002236261692935209
choque_05pct_permanente,permanente,0.95,0.050000000000000044,True,9,50,3,8026506.635385992,0.1267433618628575,0.02668482282338025,0.11308383998688466,0.0037816012161875647
choque_05pct_permanente,permanente,0.95,0.050000000000000044,True,9,50,4,8342369.38516489,0.11005903290652905,0.02940007021204516,0.10505441455471272,0.006648124191824206
choque_05pct_permanente,permanente,0.95,0.050000000000000044,True,9,50,5,8713225.72012167,0.09048394036278455,0.04460160073770392,0.09329277319287185,0.013726456602854615
choque_05pct_permanente,permanente,0.95,0.050000000000000044,True,9,50,6,8833740.318430992,0.08412903718965596,0.06756721812258948,0.09338767355301134,0.013327672528728598
choque_05pct_permanente,permanente,0.95,0.050000000000000044,True,9,50,7,8911454.144389845,0.0927268952476445,0.0953983820422104,0.10379085021315405,0.014244147479564945
choque_05pct_permanente,permanente,0.95,0.050000000000000044,True,9,50,8,8851477.071617221,0.10950629632807465,0.11245279473643621,0.12636303248555514,0.009085476475552396
choque_05pct_permanente,permanente,0.95,0.050000000000000044,True,9,50,9,8769043.01307888,0.12127507974497838,0.11637468134452011,0.14537494379836868,0.0056148738908968635
choque_05pct_permanente,permanente,0.95,0.050000000000000044,True,9,50,10,8619463.895013096,0.13156337583702554,0.10780693363975735,0.1612980551507058,-0.005482221562667144
choque_05pct_permanente,permanente,0.95,0.050000000000000044,True,9,50,11,8478534.84143708,0.14335324664031884,0.09136697965325125,0.17463486146078777,-0.018227599890954915
choque_05pct_permanente,permanente,0.95,0.050000000000000044,True,9,50,12,8453560.33248197,0.14432696947350662,0.06936048421222374,0.1808663865349812,-0.029429269017889427
choque_05pct_permanente,permanente,0.95,0.050000000000000044,True,9,50,13,8668780.739618378,0.13141394499449738,0.049622213289584716,0.17114817857216424,-0.034252749193410544
choque_05pct_permanente,permanente,0.95,0.050000000000000044,True,9,50,14,9129144.857776152,0.10766305150765094,0.03694538916631007,0.15255404706399278,-0.03327935574941485
choque_05pct_permanente,permanente,0.95,0.050000000000000044,True,9,50,15,9745116.079966117,0.07898638497444553,0.03880438035966849,0.1313604976644899,-0.02615204738831031
choque_05pct_permanente,permanente,0.95,0.050000000000000044,True,9,50,16,10115693.030731196,0.059372715730120984,0.06285059197986875,0.11682701780752751,-0.017529851401936664
choque_05pct_permanente,permanente,0.95,0.050000000000000044,True,9,50,17,10501470.084935555,0.052119697403148445,0.10948375202761484,0.11089910448210222,-0.004314802491137934
choque_05pct_permanente,permanente,0.95,0.050000000000000044,True,9,50,18,10748836.276750086,0.05668009737176035,0.16706670691761327,0.12064483203962746,0.007570390037724144
choque_05pct_permanente,permanente,0.95,0.050000000000000044,True,9,50,19,10872281.53189754,0.06610334390433127,0.21329435559271093,0.1433609423469598,0.012483615937696854
choque_05pct_permanente,permanente,0.95,0.050000000000000044,True,9,50,20,10832136.077687833,0.0784936345482691,0.23635186989618195,0.1656169517203407,0.010758579017027007
choque_05pct_permanente,permanente,0.95,0.050000000000000044,True,9,50,21,10552534.030563483,0.09280234869327744,0.23472598620289564,0.18863517494251641,-0.0046164917311074674
choque_05pct_permanente,permanente,0.95,0.050000000000000044,True,9,50,22,10301454.233030412,0.10103580561791135,0.21404910853425574,0.20447682943220197,-0.02027562919124392
choque_05pct_permanente,permanente,0.95,0.050000000000000044,True,9,50,23,10164576.09874959,0.10286390040261421,0.18228912158086064,0.2101062625828038,-0.040096583098166404
choque_05pct_permanente,permanente,0.95,0.050000000000000044,True,9,50,24,10225077.521888101,0.09493427649034983,0.15089170272033492,0.20554762378890623,-0.051257192754389995
choque_05pct_permanente,permanente,0.95,0.050000000000000044,True,9,50,25,10755566.066048894,0.06764721675025182,0.1269711755771472,0.18532164355090525,-0.05221938241622172
choque_05pct_permanente,permanente,0.95,0.050000000000000044,True,10,51,0,7609597.0,0.138,0.03,0.12063832026847152,0.010583740505574736
choque_05pct_permanente,permanente,0.95,0.050000000000000044,True,10,51,1,7652724.38733265,0.14039181650999813,0.030000000000000027,0.11859183719691781,0.007984885903803248
choque_05pct_permanente,permanente,0.95,0.050000000000000044,True,10,51,2,7808830.30150961,0.13522708141572493,0.024182135936617666,0.12046137816018762,0.004525243561641617
choque_05pct_permanente,permanente,0.95,0.050000000000000044,True,10,51,3,8045196.615186768,0.12487391165295975,0.0268557789158812,0.11196849357641461,0.006371024970089953
choque_05pct_permanente,permanente,0.95,0.050000000000000044,True,10,51,4,8375348.455186851,0.10904007403663422,0.030196860666761305,0.10416662220504334,0.008187462286959962
choque_05pct_permanente,permanente,0.95,0.050000000000000044,True,10,51,5,8627542.201708144,0.09352231289622134,0.04617730562030031,0.0953928246713928,0.011189927016868806
choque_05pct_permanente,permanente,0.95,0.050000000000000044,True,10,51,6,8824036.182320468,0.08712513585786547,0.0663746987272511,0.09499318729315984,0.011427600741133045
choque_05pct_permanente,permanente,0.95,0.050000000000000044,True,10,51,7,8936461.617438214,0.08907132928457107,0.09360308698616393,0.10118478604729118,0.013195939520930322
choque_05pct_permanente,permanente,0.95,0.050000000000000044,True,10,51,8,8968861.317946646,0.09785528206195854,0.1126902670413028,0.1170968832611584,0.01104254032986445
choque_05pct_permanente,permanente,0.95,0.050000000000000044,True,10,51,9,8880285.504284732,0.11224135462354923,0.12213953065747618,0.13712113180043123,0.010836772785549063
choque_05pct_permanente,permanente,0.95,0.050000000000000044,True,10,51,10,8621330.17476371,0.13289493922972412,0.11792252776726309,0.16140506413534284,0.0006909775167208405
choque_05pct_permanente,permanente,0.95,0.050000000000000044,True,10,51,11,8502719.045785824,0.14050480870225393,0.10072949001660936,0.1765189815260022,-0.016523452511886503
choque_05pct_permanente,permanente,0.95,0.050000000000000044,True,10,51,12,8480525.266830144,0.14204313452546813,0.07841949096015521,0.17939346721715063,-0.026997370423689396
choque_05pct_permanente,permanente,0.95,0.050000000000000044,True,10,51,13,8646598.119847955,0.13065378308026057,0.05753703679237576,0.17297040010964188,-0.0346915424727832
choque_05pct_permanente,permanente,0.95,0.050000000000000044,True,10,51,14,9101948.018306596,0.11039101418789317,0.04327269861143068,0.15525438012900347,-0.033629832167236355
choque_05pct_permanente,permanente,0.95,0.050000000000000044,True,10,51,15,9614189.657900268,0.08329823942487782,0.041167213036057415,0.1363242446535963,-0.026472563509695454
choque_05pct_permanente,permanente,0.95,0.050000000000000044,True,10,51,16,10152159.691890758,0.06042264948246023,0.05899433542179344,0.11945648990820387,-0.019161817188928433
choque_05pct_permanente,permanente,0.95,0.050000000000000044,True,10,51,17,10513129.096691892,0.050388310299280016,0.10267211675574872,0.11096295342377241,-0.00815955666724442
choque_05pct_permanente,permanente,0.95,0.050000000000000044,True,10,51,18,10745713.695452882,0.05456449243339575,0.1630689725498038,0.1177548636163912,0.005561926837839789
choque_05pct_permanente,permanente,0.95,0.050000000000000044,True,10,51,19,10850105.800511613,0.06963082561084909,0.21157062859735287,0.1439166938274062,0.011402369011391114
choque_05pct_permanente,permanente,0.95,0.050000000000000044,True,10,51,20,10834896.548115322,0.08086028689655064,0.23394126393778447,0.16921978009663222,0.007628775019074238
choque_05pct_permanente,permanente,0.95,0.050000000000000044,True,10,51,21,10623038.164367441,0.08738576103978553,0.23332377516292002,0.1821962261344097,-0.004333548944189803
choque_05pct_permanente,permanente,0.95,0.050000000000000044,True,10,51,22,10519872.774254885,0.08656309105978596,0.21539786006506012,0.19028069356161198,-0.01907844742784711
choque_05pct_permanente,permanente,0.95,0.050000000000000044,True,10,51,23,10315144.696656803,0.09375949157706331,0.19440642871762726,0.19830658099042434,-0.032537119511133916
choque_05pct_permanente,permanente,0.95,0.050000000000000044,True,10,51,24,10427929.495762136,0.08901904630883489,0.16541411567692887,0.20277084467781614,-0.04656568924232267
choque_05pct_permanente,permanente,0.95,0.050000000000000044,True,10,51,25,10656831.225296395,0.07500885197395434,0.14764256454174562,0.19136454363755992,-0.049276678787922766
choque_05pct_permanente,permanente,0.95,0.050000000000000044,True,11,52,0,7609597.0,0.138,0.03,0.12063832026847152,0.010583740505574736
choque_05pct_permanente,permanente,0.95,0.050000000000000044,True,11,52,1,7652724.38733265,0.14039181650999813,0.030000000000000027,0.11859183719691781,0.007984885903803248
choque_05pct_permanente,permanente,0.95,0.050000000000000044,True,11,52,2,7794150.70035044,0.13522708141572493,0.024181342948803586,0.12055946615055155,0.004474582070652111
choque_05pct_permanente,permanente,0.95,0.050000000000000044,True,11,52,3,8045408.101835962,0.125016729793005,0.02685070248142485,0.11179698091246432,0.006333034331458802
choque_05pct_permanente,permanente,0.95,0.050000000000000044,True,11,52,4,8421298.268562252,0.10971390983816728,0.030149964508237037,0.10454853378646511,0.004937923117649243
choque_05pct_permanente,permanente,0.95,0.050000000000000044,True,11,52,5,8640572.316964604,0.09574603317227302,0.04492099458711829,0.09764774945625072,0.011775904599470938
choque_05pct_permanente,permanente,0.95,0.050000000000000044,True,11,52,6,8724327.11871335,0.09363064891409734,0.06466717955524204,0.10060723975495937,0.012753256269290575
choque_05pct_permanente,permanente,0.95,0.050000000000000044,True,11,52,7,8785718.193676976,0.10025470785002248,0.08658169625709022,0.1113359302047827,0.011651534940377295
choque_05pct_permanente,permanente,0.95,0.050000000000000044,True,11,52,8,8755085.634462837,0.1136571597650808,0.09927320459468691,0.12935666529123846,0.004926314813692519
choque_05pct_permanente,permanente,0.95,0.050000000000000044,True,11,52,9,8652789.435712133,0.12549147555537923,0.10188413890209036,0.14682333389824398,0.0007420544561675713
choque_05pct_permanente,permanente,0.95,0.050000000000000044,True,11,52,10,8615505.12194357,0.12980059273836944,0.09308952827401584,0.15831742356881623,-0.007970253685677135
choque_05pct_permanente,permanente,0.95,0.050000000000000044,True,11,52,11,8567252.558530109,0.1343535756549966,0.08097358602740701,0.16547584899876733,-0.01633606469903976
choque_05pct_permanente,permanente,0.95,0.050000000000000044,True,11,52,12,8603511.317551922,0.1348296831389096,0.06529569027313809,0.16935984344554822,-0.02368910304155828
choque_05pct_permanente,permanente,0.95,0.050000000000000044,True,11,52,13,8825641.005735967,0.12198797348733183,0.0518970103465386,0.16210548793597274,-0.027511613607215577
choque_05pct_permanente,permanente,0.95,0.050000000000000044,True,11,52,14,9266967.888805129,0.10060758619547183,0.04531348961995252,0.14620079047777357,-0.02717198664405802
choque_05pct_permanente,permanente,0.95,0.050000000000000044,True,11,52,15,9787843.15787743,0.07641458292760593,0.05256358437864983,0.12951112917351912,-0.0204381118633586
choque_05pct_permanente,permanente,0.95,0.050000000000000044,True,11,52,16,10084817.93326717,0.061084214222484064,0.07801394086302071,0.1190977297360539,-0.013953349193587579
choque_05pct_permanente,permanente,0.95,0.050000000000000044,True,11,52,17,10528197.657442896,0.05398319451532776,0.12151115157632009,0.11559665810452703,-0.005560051118837824
choque_05pct_permanente,permanente,0.95,0.050000000000000044,True,11,52,18,10713316.743774522,0.05681586482244458,0.17539950986907615,0.12405986908146105,0.003904955983682812
choque_05pct_permanente,permanente,0.95,0.050000000000000044,True,11,52,19,10792973.944122251,0.07111429513407316,0.21742415914173363,0.1456799287832154,0.007554955683645215
choque_05pct_permanente,permanente,0.95,0.050000000000000044,True,11,52,20,10718999.405305056,0.0826445813212573,0.23167231928562515,0.17155859515720326,0.004549365293721911
choque_05pct_permanente,permanente,0.95,0.050000000000000044,True,11,52,21,10650379.667682143,0.08414356099180477,0.22525892581128537,0.18225777149732592,-0.004244499037357014
choque_05pct_permanente,permanente,0.95,0.050000000000000044,True,11,52,22,10334550.023981959,0.09545192711410581,0.20814270511458344,0.19563527532831382,-0.019362588799592004
choque_05pct_permanente,permanente,0.95,0.050000000000000044,True,11,52,23,10222822.867756018,0.10375853073411241,0.17989217411958514,0.210653063585812,-0.03771784295184417
choque_05pct_permanente,permanente,0.95,0.050000000000000044,True,11,52,24,10197390.289346652,0.10114429557796553,0.14990054328890157,0.21211090448117353,-0.05288352587630855
choque_05pct_permanente,permanente,0.95,0.050000000000000044,True,11,52,25,10551748.488953948,0.0806259284955303,0.12418521522362713,0.196803596442207,-0.0579614528538827
choque_05pct_permanente,permanente,0.95,0.050000000000000044,True,12,53,0,7609597.0,0.138,0.03,0.12063832026847152,0.010583740505574736
choque_05pct_permanente,permanente,0.95,0.050000000000000044,True,12,53,1,7652724.38733265,0.14039181650999813,0.030000000000000027,0.11859183719691781,0.007984885903803248
choque_05pct_permanente,permanente,0.95,0.050000000000000044,True,12,53,2,7810046.971376143,0.13522708141572493,0.024171673884584965,0.12046543237799465,0.0018144858104566254
choque_05pct_permanente,permanente,0.95,0.050000000000000044,True,12,53,3,8087844.994179144,0.12398966059012682,0.026889909704855164,0.11135094701790316,0.0014586061754799763
choque_05pct_permanente,permanente,0.95,0.050000000000000044,True,12,53,4,8395421.426605148,0.10672299870031342,0.03067375202996403,0.10237724749614502,0.006233183318655189
choque_05pct_permanente,permanente,0.95,0.050000000000000044,True,12,53,5,8747606.876712015,0.08997498854613667,0.04821292949593481,0.0918529247908284,0.014733964943867804
choque_05pct_permanente,permanente,0.95,0.050000000000000044,True,12,53,6,8820182.075769285,0.08468926577052971,0.07058724662184024,0.09406932588590158,0.01273930845243044
choque_05pct_permanente,permanente,0.95,0.050000000000000044,True,12,53,7,8897362.165722461,0.09440061340975195,0.09826392471886303,0.1046969764821212,0.014002260097461097
choque_05pct_permanente,permanente,0.95,0.050000000000000044,True,12,53,8,8852653.674501289,0.10875988561345977,0.1125969221311478,0.12757125097459623,0.013178483462615066
choque_05pct_permanente,permanente,0.95,0.050000000000000044,True,12,53,9,8681054.140216358,0.12590054893295424,0.11697649720316283,0.14876886646311538,0.004469215514192205
choque_05pct_permanente,permanente,0.95,0.050000000000000044,True,12,53,10,8505370.65901082,0.13891535235070795,0.10472419259909782,0.16835769629707287,-0.006729616968404487
choque_05pct_permanente,permanente,0.95,0.050000000000000044,True,12,53,11,8378694.145784773,0.1468468646629172,0.08634794154828618,0.17928680519901,-0.020448675436729014
choque_05pct_permanente,permanente,0.95,0.050000000000000044,True,12,53,12,8413950.350726701,0.14597893823879166,0.06372561458575099,0.18015152986976601,-0.03112311034915298
choque_05pct_permanente,permanente,0.95,0.050000000000000044,True,12,53,13,8756987.274517756,0.12782128386891095,0.04372547392811166,0.16587340417472535,-0.03445267279708937
choque_05pct_permanente,permanente,0.95,0.050000000000000044,True,12,53,14,9263149.108417124,0.0996426285591228,0.03372338094416438,0.1450700795342028,-0.030109045919228746
choque_05pct_permanente,permanente,0.95,0.050000000000000044,True,12,53,15,9843143.496978106,0.0709879812142097,0.0407305028788556,0.12411468959816432,-0.023635535476947345
choque_05pct_permanente,permanente,0.95,0.050000000000000044,True,12,53,16,10219051.824894335,0.05743952783156716,0.0720317853357022,0.11181704527832685,-0.016835109467325377
choque_05pct_permanente,permanente,0.95,0.050000000000000044,True,12,53,17,10547890.185335163,0.05301644614724778,0.12242518192383711,0.11212079364224155,-0.0036772123906825237
choque_05pct_permanente,permanente,0.95,0.050000000000000044,True,12,53,18,10779679.30918799,0.057011928970901474,0.17964635269879614,0.12290940789754243,0.008051509037274333
choque_05pct_permanente,permanente,0.95,0.050000000000000044,True,12,53,19,10896315.703160536,0.06680087215962087,0.22310792042215155,0.1439020404842038,0.011403627102405375
choque_05pct_permanente,permanente,0.95,0.050000000000000044,True,12,53,20,10820632.219282016,0.0804235626077758,0.2417996839696328,0.16767140183079907,0.00784707168933856
choque_05pct_permanente,permanente,0.95,0.050000000000000044,True,12,53,21,10499419.48621504,0.09596610914929993,0.23615668282266244,0.1921926109348902,-0.007487887342129748
choque_05pct_permanente,permanente,0.95,0.050000000000000044,True,12,53,22,10196781.785190752,0.108482158947567,0.21035470153939917,0.20975824661345996,-0.025932238091865106
choque_05pct_permanente,permanente,0.95,0.050000000000000044,True,12,53,23,10078010.568097971,0.10730639242118147,0.17412504968350007,0.215134205472811,-0.046087429742179074
choque_05pct_permanente,permanente,0.95,0.050000000000000044,True,12,53,24,10107353.627977684,0.09993317194986022,0.1390007866262144,0.2092360210877607,-0.05738833909590357
choque_05pct_permanente,permanente,0.95,0.050000000000000044,True,12,53,25,10703882.73564625,0.07124561685227586,0.11304382488723608,0.1878865082545812,-0.05950788649964892
choque_05pct_permanente,permanente,0.95,0.050000000000000044,True,13,54,0,7609597.0,0.138,0.03,0.12063832026847152,0.010583740505574736
choque_05pct_permanente,permanente,0.95,0.050000000000000044,True,13,54,1,7652724.38733265,0.14039181650999813,0.030000000000000027,0.11859183719691781,0.007984885903803248
choque_05pct_permanente,permanente,0.95,0.050000000000000044,True,13,54,2,7807882.025855416,0.1352284517914167,0.024191249950330507,0.12042664381191594,0.00693153572118296
choque_05pct_permanente,permanente,0.95,0.050000000000000044,True,13,54,3,8010822.675969156,0.12609412635990758,0.02682132259231884,0.11362985002848908,0.003909160612021878
choque_05pct_permanente,permanente,0.95,0.050000000000000044,True,13,54,4,8353037.674028627,0.1122005496088554,0.029735017778547812,0.10600443750644371,0.00784903943743556
choque_05pct_permanente,permanente,0.95,0.050000000000000044,True,13,54,5,8596387.09299405,0.09639482716517143,0.043215782648191814,0.0988409193020234,0.008799441488931404
choque_05pct_permanente,permanente,0.95,0.050000000000000044,True,13,54,6,8788132.406039152,0.0903924803306145,0.06216153070252606,0.09735025521440908,0.012444318794535423
choque_05pct_permanente,permanente,0.95,0.050000000000000044,True,13,54,7,8933405.42665292,0.09011221946000487,0.08721175697212802,0.10297160176617945,0.01048648293234368
choque_05pct_permanente,permanente,0.95,0.050000000000000044,True,13,54,8,8916462.435874254,0.09973882176316579,0.10719905963194276,0.11640317056196527,0.013010008843823034
choque_05pct_permanente,permanente,0.95,0.050000000000000044,True,13,54,9,8875425.540114043,0.10867525512262495,0.1172536248957532,0.13485035364082817,0.007233251488744487
choque_05pct_permanente,permanente,0.95,0.050000000000000044,True,13,54,10,8725788.569224024,0.12467635170202739,0.11621867167013877,0.1535333850008162,-0.0031585124742324003
choque_05pct_permanente,permanente,0.95,0.050000000000000044,True,13,54,11,8558133.927779589,0.13806677940681059,0.10226001204408308,0.17221185647961282,-0.011823440710207548
choque_05pct_permanente,permanente,0.95,0.050000000000000044,True,13,54,12,8560083.65590216,0.13893577293254128,0.08169125507753017,0.17787983413190706,-0.021352156527752072
choque_05pct_permanente,permanente,0.95,0.050000000000000044,True,13,54,13,8700794.612214135,0.12997596714723028,0.06094900523172342,0.17287103436007897,-0.030804766147766387
choque_05pct_permanente,permanente,0.95,0.050000000000000044,True,13,54,14,9010907.508780818,0.11292878263452374,0.0474085122110115,0.15934208144436451,-0.033049346268407415
choque_05pct_permanente,permanente,0.95,0.050000000000000044,True,13,54,15,9577999.71756988,0.08584638341996953,0.044583295933246836,0.13953504323146235,-0.028617738751922785
choque_05pct_permanente,permanente,0.95,0.050000000000000044,True,13,54,16,10141190.615551854,0.05929531885706378,0.061857578628232934,0.12000868480020642,-0.020126132028607826
choque_05pct_permanente,permanente,0.95,0.050000000000000044,True,13,54,17,10516800.03365634,0.049097577859730665,0.10580297015837692,0.10887882350612452,-0.005258610507946583
choque_05pct_permanente,permanente,0.95,0.050000000000000044,True,13,54,18,10693361.828586103,0.0576090226328628,0.16641398976533717,0.11850931687695179,0.005838167884653853
choque_05pct_permanente,permanente,0.95,0.050000000000000044,True,13,54,19,10787040.07992653,0.07042094569794936,0.21085788260570326,0.1483672393355017,0.009116431079732137
choque_05pct_permanente,permanente,0.95,0.050000000000000044,True,13,54,20,10820711.980299138,0.07476162014260478,0.23122054612535647,0.16528827834617474,0.006833883466715419
choque_05pct_permanente,permanente,0.95,0.050000000000000044,True,13,54,21,10646788.948570378,0.08138552280024862,0.23376399220201938,0.17675760721233272,-0.0033702955572996155
choque_05pct_permanente,permanente,0.95,0.050000000000000044,True,13,54,22,10438333.93825904,0.09353385274514742,0.219322843168811,0.19426541511468767,-0.01855077674028142
choque_05pct_permanente,permanente,0.95,0.050000000000000044,True,13,54,23,10341163.412905842,0.09646567427757222,0.19321316810547096,0.20544076609368614,-0.03328732112548055
choque_05pct_permanente,permanente,0.95,0.050000000000000044,True,13,54,24,10335620.806666719,0.09278771464263287,0.1647928153947671,0.20420293610072207,-0.04740424488097038
choque_05pct_permanente,permanente,0.95,0.050000000000000044,True,13,54,25,10725450.58397598,0.07434863620364121,0.14129120408627305,0.190277391758446,-0.0480742704703379
choque_05pct_permanente,permanente,0.95,0.050000000000000044,True,14,55,0,7609597.0,0.138,0.03,0.12063832026847152,0.010583740505574736
choque_05pct_permanente,permanente,0.95,0.050000000000000044,True,14,55,1,7652724.38733265,0.14039181650999813,0.030000000000000027,0.11859183719691781,0.007984885903803248
choque_05pct_permanente,permanente,0.95,0.050000000000000044,True,14,55,2,7803747.8971590325,0.13522708141572493,0.024175498106025595,0.120415382402965,0.0032971674482037134
choque_05pct_permanente,permanente,0.95,0.050000000000000044,True,14,55,3,8074617.987863225,0.12423025497525701,0.02688704207308823,0.11150621873013597,0.003946045070084616
choque_05pct_permanente,permanente,0.95,0.050000000000000044,True,14,55,4,8376568.068342616,0.10717627813955055,0.030506877646086616,0.10282315139671222,0.005642319273890538
choque_05pct_permanente,permanente,0.95,0.050000000000000044,True,14,55,5,8718588.51646715,0.08948273163367823,0.047333712972652986,0.09214408943599647,0.011840848749666708
choque_05pct_permanente,permanente,0.95,0.050000000000000044,True,14,55,6,8898655.540286139,0.08166291336046157,0.07081008469123828,0.09099586946548492,0.015904538230106593
choque_05pct_permanente,permanente,0.95,0.050000000000000044,True,14,55,7,8953959.846128685,0.09062629775110842,0.1012747906228042,0.10075819633764607,0.01802350183923047
choque_05pct_permanente,permanente,0.95,0.050000000000000044,True,14,55,8,8849207.149943378,0.10777585836501168,0.1180324782640787,0.12656306411590235,0.014188204767169397
choque_05pct_permanente,permanente,0.95,0.050000000000000044,True,14,55,9,8755383.008445585,0.1244125044234678,0.12194732675711162,0.1474436210219992,0.010944441928527473
choque_05pct_permanente,permanente,0.95,0.050000000000000044,True,14,55,10,8508094.011518251,0.1395367462337611,0.11111820093038793,0.16819978715842862,-0.004326450635656767
choque_05pct_permanente,permanente,0.95,0.050000000000000044,True,14,55,11,8366093.629224363,0.1478505672030219,0.09113107133104248,0.18056784670416876,-0.019371165623712175
choque_05pct_permanente,permanente,0.95,0.050000000000000044,True,14,55,12,8361173.570118728,0.1486617073094003,0.06637135226425683,0.18460710140533185,-0.03309391924572446
choque_05pct_permanente,permanente,0.95,0.050000000000000044,True,14,55,13,8517416.718668055,0.14121537391962383,0.04334395569654603,0.17850156014801172,-0.03990709201002009
choque_05pct_permanente,permanente,0.95,0.050000000000000044,True,14,55,14,9087765.096708607,0.1173799262953127,0.027575196556802295,0.15900736049892822,-0.04188206361639057
choque_05pct_permanente,permanente,0.95,0.050000000000000044,True,14,55,15,9562728.277671527,0.08875808971131546,0.024573251025258314,0.13879391806724253,-0.03123203565833177
choque_05pct_permanente,permanente,0.95,0.050000000000000044,True,14,55,16,10037764.432750829,0.06678901159891673,0.042598680881211104,0.1227382146052604,-0.021049453754503365
choque_05pct_permanente,permanente,0.95,0.050000000000000044,True,14,55,17,10338550.613630598,0.05670047332660246,0.08248894112954908,0.11592722944776193,-0.010918914113657838
choque_05pct_permanente,permanente,0.95,0.050000000000000044,True,14,55,18,10681224.74149821,0.05693820348556286,0.1360501624347683,0.12028833550940791,-0.001397797124089131
choque_05pct_permanente,permanente,0.95,0.050000000000000044,True,14,55,19,10913428.515589416,0.061257209523164144,0.18669993720847633,0.13539712296609355,0.007489395595997099
choque_05pct_permanente,permanente,0.95,0.050000000000000044,True,14,55,20,11027879.230955413,0.06441519695307128,0.2246760981437803,0.14998283340499874,0.009145086657016306
choque_05pct_permanente,permanente,0.95,0.050000000000000044,True,14,55,21,11063806.645680092,0.06731264898070398,0.24465414656408946,0.16158507397130645,0.006129628959715018
choque_05pct_permanente,permanente,0.95,0.050000000000000044,True,14,55,22,10860003.683594795,0.07758734988413016,0.2495786025549782,0.17894030945030542,-0.00463017919571374
choque_05pct_permanente,permanente,0.95,0.050000000000000044,True,14,55,23,10679985.658670537,0.08999915431733425,0.23539085758678824,0.19875872782524848,-0.017348682910183683
choque_05pct_permanente,permanente,0.95,0.050000000000000044,True,14,55,24,10497325.340412458,0.09185515429545289,0.20873333740452682,0.20948086589270562,-0.034176903147822464
choque_05pct_permanente,permanente,0.95,0.050000000000000044,True,14,55,25,10612134.897594491,0.08271564995217394,0.1802499428459272,0.20252304762422632,-0.04698743794332287
choque_05pct_permanente,permanente,0.95,0.050000000000000044,True,15,56,0,7609597.0,0.138,0.03,0.12063832026847152,0.010583740505574736
choque_05pct_permanente,permanente,0.95,0.050000000000000044,True,15,56,1,7652724.38733265,0.14039181650999813,0.030000000000000027,0.11859183719691781,0.007984885903803248
choque_05pct_permanente,permanente,0.95,0.050000000000000044,True,15,56,2,7803739.127105768,0.13522708141572493,0.024178098798171233,0.12051654365317306,0.0031981574481878784
choque_05pct_permanente,permanente,0.95,0.050000000000000044,True,15,56,3,8065391.775771203,0.12431866702072024,0.026870259070886693,0.1111530460226252,0.007187670970995964
choque_05pct_permanente,permanente,0.95,0.050000000000000044,True,15,56,4,8387501.122808974,0.10714595804044674,0.03046905717065429,0.10368308254123614,0.006782423317646223
choque_05pct_permanente,permanente,0.95,0.050000000000000044,True,15,56,5,8627584.816220632,0.09424190396447397,0.046872728011774,0.09546709848123656,0.009368080696801643
choque_05pct_permanente,permanente,0.95,0.050000000000000044,True,15,56,6,8840240.686904445,0.08858044034836168,0.06690472251379109,0.0961813371594112,0.014490402773319273
choque_05pct_permanente,permanente,0.95,0.050000000000000044,True,15,56,7,8904800.13006858,0.09145328451934676,0.09285865359601786,0.10449282018596434,0.014377137545525656
choque_05pct_permanente,permanente,0.95,0.050000000000000044,True,15,56,8,8803813.900716841,0.10795524611552018,0.11066429752131879,0.12475323075449855,0.01098053511588584
choque_05pct_permanente,permanente,0.95,0.050000000000000044,True,15,56,9,8711029.07160525,0.12281015692763886,0.1150886132067126,0.1466799175916297,0.004268919231305661
choque_05pct_permanente,permanente,0.95,0.050000000000000044,True,15,56,10,8556327.477744821,0.13507841770350684,0.10668594745595894,0.16273165992022462,-0.005693024242088823
choque_05pct_permanente,permanente,0.95,0.050000000000000044,True,15,56,11,8486201.948664475,0.13788152670738157,0.08870905023532116,0.1725445534110442,-0.01758360983288258
choque_05pct_permanente,permanente,0.95,0.050000000000000044,True,15,56,12,8582937.478366965,0.13528688942250502,0.06966029437316856,0.1714397270521332,-0.027571118464817863
choque_05pct_permanente,permanente,0.95,0.050000000000000044,True,15,56,13,8777389.973364895,0.1243427028339973,0.05163795616080602,0.164602089273753,-0.02935550652108633
choque_05pct_permanente,permanente,0.95,0.050000000000000044,True,15,56,14,9308693.961507168,0.09767945681715563,0.0413346803948782,0.1465317371782638,-0.02985151913049104
choque_05pct_permanente,permanente,0.95,0.050000000000000044,True,15,56,15,9757045.066370383,0.07613808363930756,0.04874929016146612,0.12836106954587492,-0.02261675988630532
choque_05pct_permanente,permanente,0.95,0.050000000000000044,True,15,56,16,10212776.47570283,0.05800701711444307,0.07473476704664361,0.1174016094781412,-0.0149479700529924
choque_05pct_permanente,permanente,0.95,0.050000000000000044,True,15,56,17,10549784.873115065,0.053164748622913385,0.12367920593623305,0.1118866280376794,-0.0029638001348283117
choque_05pct_permanente,permanente,0.95,0.050000000000000044,True,15,56,18,10700778.078680262,0.06126985212464831,0.17733670086151276,0.12661529807725527,0.006302997895712476
choque_05pct_permanente,permanente,0.95,0.050000000000000044,True,15,56,19,10778876.99017179,0.07317450060638375,0.21535885988206793,0.15167807795130028,0.008621854355646531
choque_05pct_permanente,permanente,0.95,0.050000000000000044,True,15,56,20,10674563.724047424,0.08166404339787255,0.22889723690412178,0.17182916009793758,0.0016719228919848024
choque_05pct_permanente,permanente,0.95,0.050000000000000044,True,15,56,21,10442058.474553417,0.09206738875273053,0.22289297958674914,0.18712077441471597,-0.007764369279568595
choque_05pct_permanente,permanente,0.95,0.050000000000000044,True,15,56,22,10273741.195972994,0.09714956840959268,0.2009700319080976,0.20025572700546518,-0.024341347992334374
choque_05pct_permanente,permanente,0.95,0.050000000000000044,True,15,56,23,10269975.788732098,0.09301588609602082,0.17354028020497725,0.20132990662717734,-0.03797081928620907
choque_05pct_permanente,permanente,0.95,0.050000000000000044,True,15,56,24,10390557.305446245,0.08381562091940425,0.14996546232601649,0.1955818553483419,-0.047012432574287874
choque_05pct_permanente,permanente,0.95,0.050000000000000044,True,15,56,25,10901128.743722547,0.06391861489495057,0.13499563330260766,0.1803860455345304,-0.04909707778904025
choque_05pct_permanente,permanente,0.95,0.050000000000000044,True,16,57,0,7609597.0,0.138,0.03,0.12063832026847152,0.010583740505574736
choque_05pct_permanente,permanente,0.95,0.050000000000000044,True,16,57,1,7652724.38733265,0.14039181650999813,0.030000000000000027,0.11859183719691781,0.007984885903803248
choque_05pct_permanente,permanente,0.95,0.050000000000000044,True,16,57,2,7798149.185335477,0.13522708141572493,0.02417888502677079,0.12050270894061646,0.0034953853031676287
choque_05pct_permanente,permanente,0.95,0.050000000000000044,True,16,57,3,8058476.3955916595,0.12462896071866911,0.02686294330919381,0.11165030530206593,0.004615175905555728
choque_05pct_permanente,permanente,0.95,0.050000000000000044,True,16,57,4,8385237.313331587,0.10741247831602448,0.030342160743449753,0.10345300497362986,0.009326952688435478
choque_05pct_permanente,permanente,0.95,0.050000000000000044,True,16,57,5,8650046.391788319,0.09266228950514205,0.04576056041847698,0.09558621777937105,0.014405724268197815
choque_05pct_permanente,permanente,0.95,0.050000000000000044,True,16,57,6,8799245.9204142,0.09006873885617524,0.06760002359967476,0.09723983315019076,0.01596286480413561
choque_05pct_permanente,permanente,0.95,0.050000000000000044,True,16,57,7,8836443.198467515,0.09862390225559411,0.09062831530509374,0.1095745340382235,0.012297623894648458
choque_05pct_permanente,permanente,0.95,0.050000000000000044,True,16,57,8,8835902.212184383,0.10783260019803008,0.1050958363156187,0.12602452601684128,0.011371480392858131
choque_05pct_permanente,permanente,0.95,0.050000000000000044,True,16,57,9,8801380.810368858,0.11539542887799348,0.1094274739203216,0.1404207477387885,0.005869742685082128
choque_05pct_permanente,permanente,0.95,0.050000000000000044,True,16,57,10,8659075.397199918,0.1278079252204137,0.10546723867518892,0.1560627076731265,-0.005465020951592444
choque_05pct_permanente,permanente,0.95,0.050000000000000044,True,16,57,11,8541842.05142424,0.13732084324060834,0.09172639933066362,0.17035189816081123,-0.015570559378094432
choque_05pct_permanente,permanente,0.95,0.050000000000000044,True,16,57,12,8550220.596707482,0.13686817417313404,0.07499742592330705,0.17395694839939532,-0.025457710718334553
choque_05pct_permanente,permanente,0.95,0.050000000000000044,True,16,57,13,8742350.867742745,0.1282133943572971,0.056241034830340375,0.16857648764689429,-0.033125508877513865
choque_05pct_permanente,permanente,0.95,0.050000000000000044,True,16,57,14,9077725.069568625,0.11017246652931306,0.046006456278971264,0.1551170903277986,-0.0324120642699036
choque_05pct_permanente,permanente,0.95,0.050000000000000044,True,16,57,15,9740846.223818477,0.08032910712021397,0.04428313275462292,0.13430574763210054,-0.0257861755381465
choque_05pct_permanente,permanente,0.95,0.050000000000000044,True,16,57,16,10165350.877577454,0.058472142179905394,0.06724838416713608,0.11720833860895005,-0.01572090138259962
choque_05pct_permanente,permanente,0.95,0.050000000000000044,True,16,57,17,10464222.493117876,0.0523950892510604,0.11175362619558116,0.11224555498555268,-0.006815078455305502
choque_05pct_permanente,permanente,0.95,0.050000000000000044,True,16,57,18,10660774.17472892,0.05991557397451407,0.16845531398564462,0.12424773223060269,0.004876765744060796
choque_05pct_permanente,permanente,0.95,0.050000000000000044,True,16,57,19,10771414.826546844,0.07016418533384244,0.20907303739984795,0.1488654689147011,0.009555112079121639
choque_05pct_permanente,permanente,0.95,0.050000000000000044,True,16,57,20,10818557.589271873,0.07554073561146954,0.22878016765309317,0.16444302613467993,0.005944692833533432
choque_05pct_permanente,permanente,0.95,0.050000000000000044,True,16,57,21,10582027.402614659,0.08576281207626883,0.23000879839040267,0.18057490407871443,-0.007407061809432211
choque_05pct_permanente,permanente,0.95,0.050000000000000044,True,16,57,22,10368236.743146876,0.09853204387353956,0.21245730094772375,0.1991396639302996,-0.019141091176660217
choque_05pct_permanente,permanente,0.95,0.050000000000000044,True,16,57,23,10235068.556870976,0.10006103262741006,0.18468271715089712,0.20928054974504978,-0.038439786001814774
choque_05pct_permanente,permanente,0.95,0.050000000000000044,True,16,57,24,10312680.166553034,0.09347945083643248,0.15434314043019537,0.20385574597864117,-0.048605519428953844
choque_05pct_permanente,permanente,0.95,0.050000000000000044,True,16,57,25,10698394.534791566,0.07199502034476718,0.13260550377765123,0.188813183462514,-0.053063680077737437
choque_05pct_permanente,permanente,0.95,0.050000000000000044,True,17,58,0,7609597.0,0.138,0.03,0.12063832026847152,0.010583740505574736
choque_05pct_permanente,permanente,0.95,0.050000000000000044,True,17,58,1,7652724.38733265,0.14039181650999813,0.030000000000000027,0.11859183719691781,0.007984885903803248
choque_05pct_permanente,permanente,0.95,0.050000000000000044,True,17,58,2,7802161.346453733,0.13522791937893172,0.024174926556558063,0.12037381947310465,0.0028043715900083316
choque_05pct_permanente,permanente,0.95,0.050000000000000044,True,17,58,3,8059652.985903531,0.12473132222678276,0.026858027179900823,0.11102645403276418,0.005185265446354202
choque_05pct_permanente,permanente,0.95,0.050000000000000044,True,17,58,4,8453070.564015096,0.10693851959265516,0.030329238507252443,0.10211269007592062,0.00914744216823397
choque_05pct_permanente,permanente,0.95,0.050000000000000044,True,17,58,5,8633058.215033257,0.09163454218366265,0.04774058235626222,0.09449953660810725,0.014414536160168582
choque_05pct_permanente,permanente,0.95,0.050000000000000044,True,17,58,6,8785401.40734658,0.0902155281916596,0.06926084736946936,0.09689608883249713,0.01396070254175416
choque_05pct_permanente,permanente,0.95,0.050000000000000044,True,17,58,7,8822388.111474277,0.09877514853458845,0.09297349799506205,0.10963672509340779,0.013296255679267913
choque_05pct_permanente,permanente,0.95,0.050000000000000044,True,17,58,8,8769731.6660472,0.11236784683152429,0.1058663609222994,0.12968548974125832,0.005503137349105815
choque_05pct_permanente,permanente,0.95,0.050000000000000044,True,17,58,9,8639036.926651396,0.12506678751863445,0.10753112425692057,0.14763212641920245,-0.001784663323407773
choque_05pct_permanente,permanente,0.95,0.050000000000000044,True,17,58,10,8671775.461314121,0.12593489175591172,0.09724309795999475,0.1562308148925897,-0.00759898435128921
choque_05pct_permanente,permanente,0.95,0.050000000000000044,True,17,58,11,8652718.456924658,0.1273215341525752,0.08557447144841568,0.15995757876796504,-0.016710707474307706
choque_05pct_permanente,permanente,0.95,0.050000000000000044,True,17,58,12,8737372.636731308,0.1228294608066698,0.07077468754278704,0.16170128421343952,-0.025024509903082113
choque_05pct_permanente,permanente,0.95,0.050000000000000044,True,17,58,13,8992647.664297735,0.11130742777527852,0.06055563650069762,0.1539872479666395,-0.025671472367447684
choque_05pct_permanente,permanente,0.95,0.050000000000000044,True,17,58,14,9348111.9282149,0.0941516749390304,0.05731618696482399,0.14288933811147583,-0.023800809683199493
choque_05pct_permanente,permanente,0.95,0.050000000000000044,True,17,58,15,9749301.058431463,0.07515683284761647,0.06706077801966126,0.12994493323362244,-0.019064230254963767
choque_05pct_permanente,permanente,0.95,0.050000000000000044,True,17,58,16,10182397.077720594,0.06057305375315489,0.092654456121116,0.11924150477821104,-0.008207864677466481
choque_05pct_permanente,permanente,0.95,0.050000000000000044,True,17,58,17,10502443.759199524,0.0545268669142315,0.1345972420112005,0.11773090905897865,-0.003647298712615309
choque_05pct_permanente,permanente,0.95,0.050000000000000044,True,17,58,18,10679803.640417576,0.06089082293117744,0.18309723076951334,0.1277597723704606,0.0072991712166326425
choque_05pct_permanente,permanente,0.95,0.050000000000000044,True,17,58,19,10704195.365505654,0.07119048434902547,0.21611300475716022,0.15188555248009572,0.00830132937056316
choque_05pct_permanente,permanente,0.95,0.050000000000000044,True,17,58,20,10666799.64769865,0.07935324367316408,0.22914736151108084,0.1696083321269788,0.0037371093106730612
choque_05pct_permanente,permanente,0.95,0.050000000000000044,True,17,58,21,10438347.689544402,0.09013701426114305,0.22318290720987766,0.18695633281084298,-0.011186422637621981
choque_05pct_permanente,permanente,0.95,0.050000000000000044,True,17,58,22,10252827.263750749,0.10185516168061806,0.2024448556926257,0.20208909048609142,-0.02774193353310081
choque_05pct_permanente,permanente,0.95,0.050000000000000044,True,17,58,23,10172555.855601583,0.10185782671783895,0.17113441646787497,0.20798733456858248,-0.039707943328946525
choque_05pct_permanente,permanente,0.95,0.050000000000000044,True,17,58,24,10468424.652452815,0.08168693649651669,0.14167579404388486,0.19521254756481674,-0.05160370534273601
choque_05pct_permanente,permanente,0.95,0.050000000000000044,True,17,58,25,10986769.477468748,0.05612342450800679,0.129669577554673,0.17192607489851375,-0.04803049866642492
choque_05pct_permanente,permanente,0.95,0.050000000000000044,True,18,59,0,7609597.0,0.138,0.03,0.12063832026847152,0.010583740505574736
choque_05pct_permanente,permanente,0.95,0.050000000000000044,True,18,59,1,7652724.38733265,0.14039181650999813,0.030000000000000027,0.11859183719691781,0.007984885903803248
choque_05pct_permanente,permanente,0.95,0.050000000000000044,True,18,59,2,7795331.867327983,0.13522708141572493,0.0241798548657024,0.12054274951344701,0.0039060437221932294
choque_05pct_permanente,permanente,0.95,0.050000000000000044,True,18,59,3,8076751.23502447,0.12376025350159268,0.026841265069014852,0.11144878433202092,0.005049452077611797
choque_05pct_permanente,permanente,0.95,0.050000000000000044,True,18,59,4,8398153.82331242,0.10856080677944041,0.030715111787881444,0.10452471034896345,0.010690508268069185
choque_05pct_permanente,permanente,0.95,0.050000000000000044,True,18,59,5,8538038.860404352,0.09806860208299634,0.04633256184618317,0.09970124467981678,0.010471536202079176
choque_05pct_permanente,permanente,0.95,0.050000000000000044,True,18,59,6,8717585.226044435,0.09497284164020645,0.06522839378454348,0.10072578936786976,0.00928771463035128
choque_05pct_permanente,permanente,0.95,0.050000000000000044,True,18,59,7,8882771.594262732,0.09453235745785873,0.08506628719860587,0.10662092992017452,0.012356890700220294
choque_05pct_permanente,permanente,0.95,0.050000000000000044,True,18,59,8,8890824.115302881,0.10030134293599542,0.10178055512882489,0.11902876890242967,0.009701449130064902
choque_05pct_permanente,permanente,0.95,0.050000000000000044,True,18,59,9,8829650.777906606,0.11218218002610503,0.11017576070592261,0.13604506882913717,0.00472937845338518
choque_05pct_permanente,permanente,0.95,0.050000000000000044,True,18,59,10,8714675.880976481,0.12491927441847266,0.10814431277962933,0.15377262172213643,-0.0006549211480984698
choque_05pct_permanente,permanente,0.95,0.050000000000000044,True,18,59,11,8637256.894127991,0.132247798146156,0.09614301893708177,0.16686698399818453,-0.012212253517480391
choque_05pct_permanente,permanente,0.95,0.050000000000000044,True,18,59,12,8555210.705041781,0.13617429156937605,0.08083798435014788,0.17453491963702678,-0.022503868516277527
choque_05pct_permanente,permanente,0.95,0.050000000000000044,True,18,59,13,8673042.742082367,0.13111358602735693,0.06278012924612342,0.17297445640023387,-0.03292926804150968
choque_05pct_permanente,permanente,0.95,0.050000000000000044,True,18,59,14,9029932.127871685,0.11466170459521113,0.05020382276895585,0.15889285912550552,-0.032187796195070055
choque_05pct_permanente,permanente,0.95,0.050000000000000044,True,18,59,15,9691088.279360594,0.0830552506218883,0.04535053177167647,0.13760294760872063,-0.02480593447727235
choque_05pct_permanente,permanente,0.95,0.050000000000000044,True,18,59,16,10086386.597353518,0.059158113198494074,0.06421069801205315,0.1194320093325257,-0.017601565359903662
choque_05pct_permanente,permanente,0.95,0.050000000000000044,True,18,59,17,10466299.15070045,0.05198173542900129,0.10679165223517817,0.11144313387534752,-0.00849931734717752
choque_05pct_permanente,permanente,0.95,0.050000000000000044,True,18,59,18,10742189.323679067,0.05446725871768901,0.16382140307287973,0.11981357197660208,0.003599659650033965
choque_05pct_permanente,permanente,0.95,0.050000000000000044,True,18,59,19,10923547.906657986,0.061742461964415594,0.21308932527285518,0.13765547368177902,0.01070620274166093
choque_05pct_permanente,permanente,0.95,0.050000000000000044,True,18,59,20,11000937.931808947,0.0675358873199652,0.24175535097470946,0.15586191743048644,0.010505736287308722
choque_05pct_permanente,permanente,0.95,0.050000000000000044,True,18,59,21,10868567.94255094,0.07686133010622359,0.25103760536464126,0.17147268381665737,0.005448671166683559
choque_05pct_permanente,permanente,0.95,0.050000000000000044,True,18,59,22,10615780.638000995,0.08999794474386023,0.24026667899324816,0.1925350791558788,-0.012167458939020184
choque_05pct_permanente,permanente,0.95,0.050000000000000044,True,18,59,23,10348957.64952576,0.10121020006701477,0.21262434264700691,0.2098980060802317,-0.029134846090866737
choque_05pct_permanente,permanente,0.95,0.050000000000000044,True,18,59,24,10247540.58304686,0.10045462039930247,0.17882496253118618,0.2140662415385735,-0.045440274023104285
choque_05pct_permanente,permanente,0.95,0.050000000000000044,True,18,59,25,10459930.10902172,0.08453976747459425,0.14666600905943494,0.20277297706100803,-0.05555964491135938
choque_05pct_permanente,permanente,0.95,0.050000000000000044,True,19,60,0,7609597.0,0.138,0.03,0.12063832026847152,0.010583740505574736
choque_05pct_permanente,permanente,0.95,0.050000000000000044,True,19,60,1,7652724.38733265,0.14039181650999813,0.030000000000000027,0.11859183719691781,0.007984885903803248
choque_05pct_permanente,permanente,0.95,0.050000000000000044,True,19,60,2,7801015.79439375,0.13522708141572493,0.02416779563427518,0.12036188788452327,0.0013312017868427292
choque_05pct_permanente,permanente,0.95,0.050000000000000044,True,19,60,3,8078810.5600800365,0.12319753467485918,0.026894303678024034,0.1102956269785451,0.004462778928094357
choque_05pct_permanente,permanente,0.95,0.050000000000000044,True,19,60,4,8453387.904864522,0.10460968212277172,0.030999778610697692,0.10072658162169798,0.010358840622038597
choque_05pct_permanente,permanente,0.95,0.050000000000000044,True,19,60,5,8661013.826329706,0.09000603777184077,0.04946670440995704,0.09294960223477426,0.012004055654224919
choque_05pct_permanente,permanente,0.95,0.050000000000000044,True,19,60,6,8864361.28708282,0.08715125720318141,0.07122311431264072,0.09527901759713549,0.012168662513337614
choque_05pct_permanente,permanente,0.95,0.050000000000000044,True,19,60,7,8890556.107548427,0.0947142598481524,0.096620281029967,0.10728090716673955,0.011692103889191787
choque_05pct_permanente,permanente,0.95,0.050000000000000044,True,19,60,8,8837234.16930392,0.11056069954560835,0.11139863676142547,0.12723389805106813,0.009978754930364361
choque_05pct_permanente,permanente,0.95,0.050000000000000044,True,19,60,9,8747999.244918343,0.11929787277972682,0.1142691283198114,0.14552356172687117,0.0021166149048566086
choque_05pct_permanente,permanente,0.95,0.050000000000000044,True,19,60,10,8634109.117698055,0.12942737379383645,0.10732478329645723,0.1579376190725249,-0.0066844699222137925
choque_05pct_permanente,permanente,0.95,0.050000000000000044,True,19,60,11,8539079.15809938,0.13663996851154095,0.0917286578350136,0.16974835320579634,-0.015124516389714645
choque_05pct_permanente,permanente,0.95,0.050000000000000044,True,19,60,12,8540728.30535183,0.13712163958684367,0.07248683921741761,0.1740825029028563,-0.026460099286633468
choque_05pct_permanente,permanente,0.95,0.050000000000000044,True,19,60,13,8734830.237834698,0.12497504217765801,0.05490055294919882,0.1666362202806868,-0.03371422977385262
choque_05pct_permanente,permanente,0.95,0.050000000000000044,True,19,60,14,9289309.783328367,0.09993616363554218,0.04504555122025744,0.14623113331531373,-0.03087796970212433
choque_05pct_permanente,permanente,0.95,0.050000000000000044,True,19,60,15,9855945.697831327,0.07378147018067033,0.050390367996905105,0.1269182311079463,-0.022541034304173
choque_05pct_permanente,permanente,0.95,0.050000000000000044,True,19,60,16,10052756.994434033,0.058583039710008555,0.07798237067227998,0.11726142237948937,-0.01523361732118897
choque_05pct_permanente,permanente,0.95,0.050000000000000044,True,19,60,17,10498124.745962443,0.05428303828891691,0.12444970164028835,0.11366811276081618,-0.004264277926493531
choque_05pct_permanente,permanente,0.95,0.050000000000000044,True,19,60,18,10704809.938594172,0.05625915965253006,0.17544898080760163,0.12492557437067175,0.007824000116283768
choque_05pct_permanente,permanente,0.95,0.050000000000000044,True,19,60,19,10847207.77888538,0.06509682176379268,0.21961458306774295,0.14176489060271666,0.012238723710098539
choque_05pct_permanente,permanente,0.95,0.050000000000000044,True,19,60,20,10791702.770503506,0.07834568488448297,0.23916154386448207,0.16588061999590925,0.009229595114422302
choque_05pct_permanente,permanente,0.95,0.050000000000000044,True,19,60,21,10526927.689477608,0.09369750742871781,0.23576625155529785,0.18937878463024085,-0.004425912285069767
choque_05pct_permanente,permanente,0.95,0.050000000000000044,True,19,60,22,10207029.19319596,0.1066492517906739,0.21094493112373724,0.20941522162419213,-0.024813661880093794
choque_05pct_permanente,permanente,0.95,0.050000000000000044,True,19,60,23,10023280.363932548,0.11010141455214838,0.1770207172537004,0.21673099801428228,-0.04333714543564986
choque_05pct_permanente,permanente,0.95,0.050000000000000044,True,19,60,24,10162947.656866034,0.09559379071767696,0.1402776733444231,0.2082406525400196,-0.053961640736252835
choque_05pct_permanente,permanente,0.95,0.050000000000000044,True,19,60,25,10789832.36363498,0.06868470949913279,0.11757267416821948,0.18288200060665163,-0.053675072565116944
choque_05pct_permanente,permanente,0.95,0.050000000000000044,True,20,61,0,7609597.0,0.138,0.03,0.12063832026847152,0.010583740505574736
choque_05pct_permanente,permanente,0.95,0.050000000000000044,True,20,61,1,7652724.38733265,0.14039181650999813,0.030000000000000027,0.11859183719691781,0.007984885903803248
choque_05pct_permanente,permanente,0.95,0.050000000000000044,True,20,61,2,7810192.315640007,0.135228353675209,0.02418820227567564,0.12035104403884442,0.0064052811322713905
choque_05pct_permanente,permanente,0.95,0.050000000000000044,True,20,61,3,8015479.294843943,0.12555636859119154,0.02682757863734886,0.11360296565960566,0.004290313158361185
choque_05pct_permanente,permanente,0.95,0.050000000000000044,True,20,61,4,8307641.492175498,0.1138708630209111,0.029925372509651327,0.10701674676196118,0.00478835745997645
choque_05pct_permanente,permanente,0.95,0.050000000000000044,True,20,61,5,8652105.170873443,0.09552415886291453,0.04320279423899431,0.09738674754749589,0.009001402033782758
choque_05pct_permanente,permanente,0.95,0.050000000000000044,True,20,61,6,8796844.902832733,0.08793426304827644,0.0639240463413342,0.09496961649271841,0.009489381186800162
choque_05pct_permanente,permanente,0.95,0.050000000000000044,True,20,61,7,8950938.099256592,0.08920846014083025,0.08836233833974694,0.10088749888755914,0.012602368271869604
choque_05pct_permanente,permanente,0.95,0.050000000000000044,True,20,61,8,9009019.096555412,0.09575622614750903,0.10837473752112903,0.11501682785595023,0.012719788603909335
choque_05pct_permanente,permanente,0.95,0.050000000000000044,True,20,61,9,8875194.459776688,0.11169294707630398,0.12055730706166501,0.13544979859780412,0.007610179461108283
choque_05pct_permanente,permanente,0.95,0.050000000000000044,True,20,61,10,8701130.504376786,0.12933805717496136,0.11721933432808473,0.15845832617169706,-0.004372147545729814
choque_05pct_permanente,permanente,0.95,0.050000000000000044,True,20,61,11,8581238.013583468,0.1395501603956994,0.10330277176125935,0.17208138047080518,-0.015379651216754765
choque_05pct_permanente,permanente,0.95,0.050000000000000044,True,20,61,12,8551306.486533087,0.1412927602505701,0.08079913786695436,0.1786343655749363,-0.027648457690910525
choque_05pct_permanente,permanente,0.95,0.050000000000000044,True,20,61,13,8637647.099517379,0.13551184032337518,0.06072713125048934,0.17535932840256324,-0.03508539291758435
choque_05pct_permanente,permanente,0.95,0.050000000000000044,True,20,61,14,8988786.044663463,0.11846677372957488,0.04360551180193961,0.1617668034374849,-0.03612350004981385
choque_05pct_permanente,permanente,0.95,0.050000000000000044,True,20,61,15,9558743.977492725,0.0911543933093152,0.03934641964016783,0.14110838646342413,-0.031719571275063044
choque_05pct_permanente,permanente,0.95,0.050000000000000044,True,20,61,16,10088239.873344136,0.0661423265806094,0.05080851297279665,0.12425416341195612,-0.020650048747677705
choque_05pct_permanente,permanente,0.95,0.050000000000000044,True,20,61,17,10326828.787170373,0.05613410964190016,0.08835289559846271,0.1156847916695521,-0.013851214677815096
choque_05pct_permanente,permanente,0.95,0.050000000000000044,True,20,61,18,10693774.982039846,0.05868283605137461,0.13905464990247873,0.12133727066662908,-0.004960129881302815
choque_05pct_permanente,permanente,0.95,0.050000000000000044,True,20,61,19,10819444.348399868,0.06612694038853327,0.1855306801356722,0.14009059645655433,0.006075600979855001
choque_05pct_permanente,permanente,0.95,0.050000000000000044,True,20,61,20,10818903.207385791,0.07423539986088697,0.2144949068355404,0.15978462895658158,0.005172865791221351
choque_05pct_permanente,permanente,0.95,0.050000000000000044,True,20,61,21,10664114.723930998,0.08520517083525957,0.2235951366803668,0.17858815544375545,-0.005697835913355259
choque_05pct_permanente,permanente,0.95,0.050000000000000044,True,20,61,22,10485842.747801976,0.09512312596868425,0.21346041857147724,0.195531577549345,-0.020732798897883677
choque_05pct_permanente,permanente,0.95,0.050000000000000044,True,20,61,23,10375699.58779182,0.09841350083262852,0.19009832757582057,0.20436639761931805,-0.035703148648946546
choque_05pct_permanente,permanente,0.95,0.050000000000000044,True,20,61,24,10400431.359931096,0.09247458538005991,0.16231704798903301,0.202818595252477,-0.046198420625372924
choque_05pct_permanente,permanente,0.95,0.050000000000000044,True,20,61,25,10803743.712547516,0.06833568496704887,0.1409681041274764,0.18690754965722398,-0.04892133049409776
choque_05pct_permanente,permanente,0.95,0.050000000000000044,True,21,62,0,7609597.0,0.138,0.03,0.12063832026847152,0.010583740505574736
choque_05pct_permanente,permanente,0.95,0.050000000000000044,True,21,62,1,7652724.38733265,0.14039181650999813,0.030000000000000027,0.11859183719691781,0.007984885903803248
choque_05pct_permanente,permanente,0.95,0.050000000000000044,True,21,62,2,7801883.245391858,0.13522709376288386,0.02416952371014558,0.12040707251402727,0.00129724124654278
choque_05pct_permanente,permanente,0.95,0.050000000000000044,True,21,62,3,8073871.66073165,0.12380185095192778,0.026912392182091516,0.11076434189347534,0.007752548773458605
choque_05pct_permanente,permanente,0.95,0.050000000000000044,True,21,62,4,8448430.68338447,0.10560762373411392,0.030690812225202757,0.10257360419698286,0.0062379533316305105
choque_05pct_permanente,permanente,0.95,0.050000000000000044,True,21,62,5,8624509.035967274,0.09383717337011517,0.04856926843901155,0.09525737104660374,0.01070545626300955
choque_05pct_permanente,permanente,0.95,0.050000000000000044,True,21,62,6,8767380.123272222,0.09214911854822283,0.06893082910173831,0.09895515104175759,0.012536196941948182
choque_05pct_permanente,permanente,0.95,0.050000000000000044,True,21,62,7,8804294.102327194,0.09879239455899892,0.09111437940736655,0.1102712802609587,0.011977539271185101
choque_05pct_permanente,permanente,0.95,0.050000000000000044,True,21,62,8,8787949.948452223,0.11030894994990463,0.10424092231767812,0.1272238116674105,0.011173260936960423
choque_05pct_permanente,permanente,0.95,0.050000000000000044,True,21,62,9,8713024.520826373,0.11885274041233257,0.10727570186429092,0.14349233735802905,0.0033436676005555444
choque_05pct_permanente,permanente,0.95,0.050000000000000044,True,21,62,10,8597555.297510354,0.12837900552105477,0.10079378156717733,0.15788165968215037,-0.006845243797086178
choque_05pct_permanente,permanente,0.95,0.050000000000000044,True,21,62,11,8527672.592432031,0.13715618210261768,0.08664751267237292,0.16952601362538103,-0.016947450325121596
choque_05pct_permanente,permanente,0.95,0.050000000000000044,True,21,62,12,8589460.95207317,0.13595275929426986,0.06881837776528266,0.1727122307401043,-0.02740764151216955
choque_05pct_permanente,permanente,0.95,0.050000000000000044,True,21,62,13,8767602.547727937,0.12791955779038777,0.05321257192439188,0.16586723996609704,-0.030318994736794738
choque_05pct_permanente,permanente,0.95,0.050000000000000044,True,21,62,14,9269975.907822905,0.10205598251197251,0.04351301602682511,0.1484385841382891,-0.02766222141978927
choque_05pct_permanente,permanente,0.95,0.050000000000000044,True,21,62,15,9762932.35384913,0.07488088261436629,0.04732803901192928,0.12904819344290902,-0.022297395493833267
choque_05pct_permanente,permanente,0.95,0.050000000000000044,True,21,62,16,10213356.32769279,0.05898302474198049,0.07384667916738641,0.11623007978686709,-0.012865621971305937
choque_05pct_permanente,permanente,0.95,0.050000000000000044,True,21,62,17,10417129.564206438,0.05628671497784044,0.12126030616855754,0.11648002966372269,-0.0019086612006038682
choque_05pct_permanente,permanente,0.95,0.050000000000000044,True,21,62,18,10638552.0303488,0.06262758335087816,0.17128294697350022,0.13003753445865046,0.004209940757853899
choque_05pct_permanente,permanente,0.95,0.050000000000000044,True,21,62,19,10738417.130093535,0.07294008660568303,0.2074823985970411,0.1503665805887132,0.007577454261419342
choque_05pct_permanente,permanente,0.95,0.050000000000000044,True,21,62,20,10705903.614727294,0.07738588296097097,0.222109335687515,0.16811647420946835,0.0026147923096455903
choque_05pct_permanente,permanente,0.95,0.050000000000000044,True,21,62,21,10558460.405723067,0.08589353339715694,0.22187549020322317,0.1804068370335521,-0.010159725906201665
choque_05pct_permanente,permanente,0.95,0.050000000000000044,True,21,62,22,10296301.747370917,0.09752378896530348,0.2052560565940782,0.19900513455175853,-0.02361699915048201
choque_05pct_permanente,permanente,0.95,0.050000000000000044,True,21,62,23,10338383.443583697,0.0930321085192981,0.17863318375499304,0.20252557224637013,-0.03560628602308853
choque_05pct_permanente,permanente,0.95,0.050000000000000044,True,21,62,24,10484765.13641524,0.08094686050670061,0.15619900821902788,0.19279197456153432,-0.044181522857673176
choque_05pct_permanente,permanente,0.95,0.050000000000000044,True,21,62,25,10901904.05817848,0.062392977051250506,0.14363887543791787,0.1784713605610875,-0.04428201598563449
choque_05pct_permanente,permanente,0.95,0.050000000000000044,True,22,63,0,7609597.0,0.138,0.03,0.12063832026847152,0.010583740505574736
choque_05pct_permanente,permanente,0.95,0.050000000000000044,True,22,63,1,7652724.38733265,0.14039181650999813,0.030000000000000027,0.11859183719691781,0.007984885903803248
choque_05pct_permanente,permanente,0.95,0.050000000000000044,True,22,63,2,7797633.467722029,0.13522708141572493,0.024172637767157834,0.12049082387403716,0.0020602817057532043
choque_05pct_permanente,permanente,0.95,0.050000000000000044,True,22,63,3,8066639.8832752425,0.12356017619271581,0.026889606517262132,0.11054900799237515,0.005915720547520968
choque_05pct_permanente,permanente,0.95,0.050000000000000044,True,22,63,4,8425947.271434534,0.10521602740270865,0.030783332100446703,0.10127578506833448,0.008483989433225536
choque_05pct_permanente,permanente,0.95,0.050000000000000044,True,22,63,5,8682549.462651491,0.0900708011534335,0.04866460842839371,0.0919732178764634,0.011616770960410168
choque_05pct_permanente,permanente,0.95,0.050000000000000044,True,22,63,6,8898291.989605235,0.08373917317357867,0.07054489477539261,0.09208877557785937,0.016434379023917
choque_05pct_permanente,permanente,0.95,0.050000000000000044,True,22,63,7,9012309.116765395,0.08777093420016328,0.09873495829580703,0.10068848642062966,0.017807953479871467
choque_05pct_permanente,permanente,0.95,0.050000000000000044,True,22,63,8,8896987.970090652,0.10527730286098382,0.11854120000302415,0.12298136628209637,0.015869430437249126
choque_05pct_permanente,permanente,0.95,0.050000000000000044,True,22,63,9,8743105.42872163,0.12266149734516396,0.12413750368767085,0.14749717713739433,0.00841945476766295
choque_05pct_permanente,permanente,0.95,0.050000000000000044,True,22,63,10,8534570.600429092,0.13884576200969165,0.11378033028891799,0.1680756286757964,-0.004794968861944385
choque_05pct_permanente,permanente,0.95,0.050000000000000044,True,22,63,11,8353745.709359958,0.15104600856609168,0.09318005277890884,0.18331882801055602,-0.017327391321880707
choque_05pct_permanente,permanente,0.95,0.050000000000000044,True,22,63,12,8346368.9964344585,0.151881156448845,0.06770381109915657,0.1870592432295237,-0.03269665168167352
choque_05pct_permanente,permanente,0.95,0.050000000000000044,True,22,63,13,8558879.226422524,0.1385168763245497,0.04455376798586941,0.17619048192258036,-0.03954180932984289
choque_05pct_permanente,permanente,0.95,0.050000000000000044,True,22,63,14,9118720.155873127,0.11265683915481538,0.028824476715656022,0.15403025649123767,-0.035940339575385775
choque_05pct_permanente,permanente,0.95,0.050000000000000044,True,22,63,15,9691930.100479353,0.08234488943608505,0.02845812525359137,0.13256593660189173,-0.028241796791879662
choque_05pct_permanente,permanente,0.95,0.050000000000000044,True,22,63,16,10083667.908645213,0.06061524458003432,0.049692958181796865,0.1172614849575613,-0.02013750096795145
choque_05pct_permanente,permanente,0.95,0.050000000000000044,True,22,63,17,10511255.394313011,0.0522489592939652,0.0957014704932242,0.11009353236993925,-0.011549124458451947
choque_05pct_permanente,permanente,0.95,0.050000000000000044,True,22,63,18,10843096.006258002,0.05453533033943703,0.15613039958290043,0.1166253651343079,0.0026446918258588984
choque_05pct_permanente,permanente,0.95,0.050000000000000044,True,22,63,19,10958306.545393376,0.06249477000647116,0.20843195492826028,0.1373834653830271,0.009785882740914312
choque_05pct_permanente,permanente,0.95,0.050000000000000044,True,22,63,20,10980631.02200497,0.07264297806517132,0.2402036274057333,0.1583198893939318,0.012076160825053457
choque_05pct_permanente,permanente,0.95,0.050000000000000044,True,22,63,21,10799429.521363765,0.08387508000108615,0.24565186019052798,0.17926781357432095,0.003308294095209788
choque_05pct_permanente,permanente,0.95,0.050000000000000044,True,22,63,22,10517383.568039825,0.09803171733118594,0.23048062710706696,0.19927758939790116,-0.015085180968108243
choque_05pct_permanente,permanente,0.95,0.050000000000000044,True,22,63,23,10168016.467388554,0.11020230409222442,0.20088823306079795,0.21762119037411423,-0.0357783455811684
choque_05pct_permanente,permanente,0.95,0.050000000000000044,True,22,63,24,10110032.580639798,0.10754487016424809,0.16158662119123712,0.2203665342098705,-0.05449693793478101
choque_05pct_permanente,permanente,0.95,0.050000000000000044,True,22,63,25,10351322.238506922,0.09197085912154046,0.12851796768416102,0.20637883277985908,-0.06024416355451337
choque_05pct_permanente,permanente,0.95,0.050000000000000044,True,23,64,0,7609597.0,0.138,0.03,0.12063832026847152,0.010583740505574736
choque_05pct_permanente,permanente,0.95,0.050000000000000044,True,23,64,1,7652716.012269475,0.14039188543076578,0.030000000000000027,0.11859223719990825,0.007984765243853872
choque_05pct_permanente,permanente,0.95,0.050000000000000044,True,23,64,2,7799964.972859484,0.13522774575925392,0.024174680748029198,0.12042437573142113,0.002252602548337618
choque_05pct_permanente,permanente,0.95,0.050000000000000044,True,23,64,3,8073273.91683056,0.12453055810975092,0.02689811845523793,0.11105088284388162,0.004794454360915522
choque_05pct_permanente,permanente,0.95,0.050000000000000044,True,23,64,4,8408704.665028108,0.10800077269270865,0.030427564671585916,0.10352117790806743,0.010270680580806822
choque_05pct_permanente,permanente,0.95,0.050000000000000044,True,23,64,5,8643916.124017276,0.09396346094750797,0.0480661673273981,0.09510190952182042,0.012676446029699869
choque_05pct_permanente,permanente,0.95,0.050000000000000044,True,23,64,6,8769830.649109513,0.08874725795732272,0.0673915846658042,0.09780630684868015,0.014170556310552609
choque_05pct_permanente,permanente,0.95,0.050000000000000044,True,23,64,7,8770561.040887278,0.10029811804861741,0.09345443290181832,0.10881557878364152,0.014235774664062359
choque_05pct_permanente,permanente,0.95,0.050000000000000044,True,23,64,8,8757517.683271358,0.1118868843954435,0.10411817583293481,0.13060946371284946,0.00794420743017551
choque_05pct_permanente,permanente,0.95,0.050000000000000044,True,23,64,9,8639312.287120165,0.1263640453704995,0.10740380508428538,0.14735866791599833,0.0008632531070217025
choque_05pct_permanente,permanente,0.95,0.050000000000000044,True,23,64,10,8537336.071166836,0.13502399833001094,0.09517849433235126,0.1643019859212757,-0.011927291596416898
choque_05pct_permanente,permanente,0.95,0.050000000000000044,True,23,64,11,8472274.28998611,0.13899320240956095,0.08015594204169085,0.17082301889014775,-0.021729064619198223
choque_05pct_permanente,permanente,0.95,0.050000000000000044,True,23,64,12,8656075.643000152,0.13152309395722506,0.06017679251765573,0.16732187561513412,-0.024979286043243055
choque_05pct_permanente,permanente,0.95,0.050000000000000044,True,23,64,13,9024256.006420322,0.11015188396847611,0.048550283613733036,0.15191913779909433,-0.025203712566179336
choque_05pct_permanente,permanente,0.95,0.050000000000000044,True,23,64,14,9463078.869542403,0.0872928356425274,0.04743085510142486,0.1356188182276114,-0.025796659436885208
choque_05pct_permanente,permanente,0.95,0.050000000000000044,True,23,64,15,9822149.614850078,0.06835742848066048,0.06425039854831294,0.12253493149017153,-0.01687312966898595
choque_05pct_permanente,permanente,0.95,0.050000000000000044,True,23,64,16,10224877.046702558,0.05711114787036553,0.09823784056643947,0.11474227165480426,-0.007058046204502927
choque_05pct_permanente,permanente,0.95,0.050000000000000044,True,23,64,17,10535686.386635045,0.05484954444980616,0.14629899889007092,0.1164940948999798,0.0028396866844819044
choque_05pct_permanente,permanente,0.95,0.050000000000000044,True,23,64,18,10707845.348193923,0.0645021731091671,0.1936149051522078,0.13218574030294905,0.01029005542028363
choque_05pct_permanente,permanente,0.95,0.050000000000000044,True,23,64,19,10744641.54486527,0.07449256962924637,0.22191588822039443,0.1564349101981464,0.007403564827530959
choque_05pct_permanente,permanente,0.95,0.050000000000000044,True,23,64,20,10574218.062323432,0.0837060282569122,0.23010969813115278,0.17376404052809322,0.0020006795084783566
choque_05pct_permanente,permanente,0.95,0.050000000000000044,True,23,64,21,10412952.01355807,0.092163701330674,0.21766267025025576,0.18903504219945638,-0.011541335917991113
choque_05pct_permanente,permanente,0.95,0.050000000000000044,True,23,64,22,10174023.766096264,0.10275739199207425,0.19472908238074904,0.20381090719741032,-0.03075750614077386
choque_05pct_permanente,permanente,0.95,0.050000000000000044,True,23,64,23,10066747.065318877,0.10513608641867736,0.16271398026254613,0.21201113755002368,-0.04478832945702179
choque_05pct_permanente,permanente,0.95,0.050000000000000044,True,23,64,24,10316399.93693201,0.08827104827146101,0.1334669503556598,0.2007271046928562,-0.05351876682927867
choque_05pct_permanente,permanente,0.95,0.050000000000000044,True,23,64,25,10860329.246310655,0.06244713360258084,0.11922172413655452,0.176364562292975,-0.04946377134729996
choque_05pct_permanente,permanente,0.95,0.050000000000000044,True,24,65,0,7609597.0,0.138,0.03,0.12063832026847152,0.010583740505574736
choque_05pct_permanente,permanente,0.95,0.050000000000000044,True,24,65,1,7652724.38733265,0.14039181650999813,0.030000000000000027,0.11859183719691781,0.007984885903803248
choque_05pct_permanente,permanente,0.95,0.050000000000000044,True,24,65,2,7811000.538868851,0.13522708141572493,0.024179974508985014,0.12037724168036791,0.004105968256665243
choque_05pct_permanente,permanente,0.95,0.050000000000000044,True,24,65,3,8048256.56650207,0.12512236681927072,0.02685950699639661,0.11238739144816397,0.006408866234632061
choque_05pct_permanente,permanente,0.95,0.050000000000000044,True,24,65,4,8347790.850875747,0.11065721591481087,0.030106875136219236,0.10582500206069302,0.010101933259679244
choque_05pct_permanente,permanente,0.95,0.050000000000000044,True,24,65,5,8537947.273831178,0.09615409238725126,0.0455113238030076,0.09933653919974794,0.01094472831949696
choque_05pct_permanente,permanente,0.95,0.050000000000000044,True,24,65,6,8726086.830142127,0.0950798110179914,0.06384566405921288,0.10060648390733462,0.011452615879150418
choque_05pct_permanente,permanente,0.95,0.050000000000000044,True,24,65,7,8805804.077834992,0.0988481888209379,0.0844705980497189,0.11049807640223244,0.012108314548140537
choque_05pct_permanente,permanente,0.95,0.050000000000000044,True,24,65,8,8841119.886322938,0.10662198597059379,0.09805282979702712,0.12356942574214565,0.010123745428478876
choque_05pct_permanente,permanente,0.95,0.050000000000000044,True,24,65,9,8785337.828373903,0.11468514787266726,0.10430734499872041,0.13858123458905003,0.005549879814241443
choque_05pct_permanente,permanente,0.95,0.050000000000000044,True,24,65,10,8678716.103627224,0.12436554461053848,0.10120495762004023,0.15425501845819786,-0.004677992198145169
choque_05pct_permanente,permanente,0.95,0.050000000000000044,True,24,65,11,8573437.476099014,0.1356816134021616,0.09109841443879652,0.16752516815314789,-0.016132035592889674
choque_05pct_permanente,permanente,0.95,0.050000000000000044,True,24,65,12,8599744.538477542,0.1369696387080536,0.07383042708150755,0.17296203859091938,-0.02520740874990338
choque_05pct_permanente,permanente,0.95,0.050000000000000044,True,24,65,13,8818572.502213966,0.12282438898304465,0.05752461433079081,0.1648664520242923,-0.030045042239105462
choque_05pct_permanente,permanente,0.95,0.050000000000000044,True,24,65,14,9277100.609731486,0.10123658009467959,0.04888476550667065,0.1473948980866267,-0.028422957175743946
choque_05pct_permanente,permanente,0.95,0.050000000000000044,True,24,65,15,9728999.06181279,0.07791894296119742,0.054239784787118106,0.1309412119477281,-0.02272410602112422
choque_05pct_permanente,permanente,0.95,0.050000000000000044,True,24,65,16,10194389.033981865,0.056737626300218,0.07790194171423814,0.11659299499586513,-0.014336935197036287
choque_05pct_permanente,permanente,0.95,0.050000000000000044,True,24,65,17,10544181.2621091,0.04815605643615203,0.12534395821128608,0.10846146859224366,0.0006624555793401793
choque_05pct_permanente,permanente,0.95,0.050000000000000044,True,24,65,18,10826003.867821977,0.05415554753224984,0.18594980123570637,0.11810155791266665,0.010444079498738051
choque_05pct_permanente,permanente,0.95,0.050000000000000044,True,24,65,19,10856630.208605284,0.07161016957388462,0.23118910246589786,0.14797859554780599,0.01433038623165009
choque_05pct_permanente,permanente,0.95,0.050000000000000044,True,24,65,20,10766631.222611504,0.08653555762601955,0.24513695776307998,0.1760865081425813,0.005334556710936127
choque_05pct_permanente,permanente,0.95,0.050000000000000044,True,24,65,21,10423286.382662896,0.09703488153419927,0.23349762592732382,0.19435591698172608,-0.012880996885420756
choque_05pct_permanente,permanente,0.95,0.050000000000000044,True,24,65,22,10179982.578167899,0.10754698555351068,0.20476467898296913,0.2063854953637401,-0.028218317810614166
choque_05pct_permanente,permanente,0.95,0.050000000000000044,True,24,65,23,10070872.617531966,0.10924391374457186,0.16823680960682297,0.2130046443563713,-0.04454426324160163
choque_05pct_permanente,permanente,0.95,0.050000000000000044,True,24,65,24,10120764.37225762,0.09941600152298868,0.13350053292647068,0.2081319024272021,-0.05692906611960765
choque_05pct_permanente,permanente,0.95,0.050000000000000044,True,24,65,25,10613067.610371685,0.07246915574917256,0.10939240623526891,0.18773224329226187,-0.059622596367940914
choque_05pct_permanente,permanente,0.95,0.050000000000000044,True,25,66,0,7609597.0,0.138,0.03,0.12063832026847152,0.010583740505574736
choque_05pct_permanente,permanente,0.95,0.050000000000000044,True,25,66,1,7652724.38733265,0.14039181650999813,0.030000000000000027,0.11859183719691781,0.007984885903803248
choque_05pct_permanente,permanente,0.95,0.050000000000000044,True,25,66,2,7806025.207333408,0.13522708141572493,0.02419070526074041,0.12053080037724065,0.006494694575653181
choque_05pct_permanente,permanente,0.95,0.050000000000000044,True,25,66,3,8014411.443215474,0.12585162707208036,0.026847842606084305,0.11326242954591245,0.007177146718474983
choque_05pct_permanente,permanente,0.95,0.050000000000000044,True,25,66,4,8320767.546912376,0.11240054564810806,0.029743182232860654,0.10729361149162317,0.0050639834034992975
choque_05pct_permanente,permanente,0.95,0.050000000000000044,True,25,66,5,8607758.145803785,0.09770003813898546,0.04348113350657612,0.09908108131335189,0.011902144845457912
choque_05pct_permanente,permanente,0.95,0.050000000000000044,True,25,66,6,8760498.79929428,0.09061713082865222,0.061735729072541545,0.09902220236006125,0.011569379594758362
choque_05pct_permanente,permanente,0.95,0.050000000000000044,True,25,66,7,8849898.701309439,0.09451431185954716,0.0856868882738997,0.10569820629388472,0.01196020535550393
choque_05pct_permanente,permanente,0.95,0.050000000000000044,True,25,66,8,8870356.695975538,0.10370952847066006,0.10163281077522468,0.1217268313157262,0.010570014024720057
choque_05pct_permanente,permanente,0.95,0.050000000000000044,True,25,66,9,8805386.869753718,0.11278153348151802,0.11125413414132956,0.13730007964026428,0.00424003272127266
choque_05pct_permanente,permanente,0.95,0.050000000000000044,True,25,66,10,8733849.098823272,0.12255610852521429,0.10776572251925609,0.15223752747789004,-0.00435275267073941
choque_05pct_permanente,permanente,0.95,0.050000000000000044,True,25,66,11,8646569.097856648,0.1298703325238431,0.09805398052547676,0.16325226897090653,-0.009975199412985183
choque_05pct_permanente,permanente,0.95,0.050000000000000044,True,25,66,12,8685554.467431467,0.1266625761212373,0.08213398166906538,0.16751658234257685,-0.021237011461010348
choque_05pct_permanente,permanente,0.95,0.050000000000000044,True,25,66,13,8831902.072049394,0.11977777040875617,0.06900095621800828,0.16180890272105547,-0.026411076842093463
choque_05pct_permanente,permanente,0.95,0.050000000000000044,True,25,66,14,9192699.177352894,0.1019363463837938,0.05863453303780264,0.1501547974921203,-0.02662652071132989
choque_05pct_permanente,permanente,0.95,0.050000000000000044,True,25,66,15,9795265.54978011,0.07456719369781664,0.060785421180653554,0.13088558529460867,-0.01965251872971303
choque_05pct_permanente,permanente,0.95,0.050000000000000044,True,25,66,16,10112081.144674717,0.05934483621590764,0.08431522866203478,0.11816487681079857,-0.013986706111993992
choque_05pct_permanente,permanente,0.95,0.050000000000000044,True,25,66,17,10455171.626773879,0.055194580688423985,0.1249823377780559,0.11666756601489865,-0.0048812581077865465
choque_05pct_permanente,permanente,0.95,0.050000000000000044,True,25,66,18,10683435.077958398,0.058512690456640384,0.17438996823005293,0.12668485313674632,0.0037228209171984413
choque_05pct_permanente,permanente,0.95,0.050000000000000044,True,25,66,19,10834712.798761398,0.06560312554963281,0.21367572310527794,0.14353687767291395,0.009661567443598314
choque_05pct_permanente,permanente,0.95,0.050000000000000044,True,25,66,20,10765636.05635894,0.07367591051077785,0.23436391595795847,0.16274441957359873,0.0063109661227669185
choque_05pct_permanente,permanente,0.95,0.050000000000000044,True,25,66,21,10650576.491003575,0.08432660571577086,0.23491548450306898,0.18038603904726758,-0.005193216503474608
choque_05pct_permanente,permanente,0.95,0.050000000000000044,True,25,66,22,10310348.634095944,0.09980356892617862,0.21789095736223385,0.2017998794863956,-0.02025151873511404
choque_05pct_permanente,permanente,0.95,0.050000000000000044,True,25,66,23,10204396.144484082,0.10261917325214376,0.18625521433760728,0.21212864923652008,-0.03674182597156506
choque_05pct_permanente,permanente,0.95,0.050000000000000044,True,25,66,24,10259207.977593375,0.09228675513207361,0.15603597689594606,0.205453315009976,-0.05088350136023611
choque_05pct_permanente,permanente,0.95,0.050000000000000044,True,25,66,25,10726134.842114529,0.07273671267679292,0.13319748911488571,0.1876107197933981,-0.053435727483170575
choque_05pct_permanente,permanente,0.95,0.050000000000000044,True,26,67,0,7609597.0,0.138,0.03,0.12063832026847152,0.010583740505574736
choque_05pct_permanente,permanente,0.95,0.050000000000000044,True,26,67,1,7652724.38733265,0.14039181650999813,0.030000000000000027,0.11859183719691781,0.007984885903803248
choque_05pct_permanente,permanente,0.95,0.050000000000000044,True,26,67,2,7799123.633712431,0.13522708141572493,0.024180903493515427,0.12050235364216014,0.0043964104199011155
choque_05pct_permanente,permanente,0.95,0.050000000000000044,True,26,67,3,8066110.764472973,0.12450351006558343,0.02683880877740563,0.11181684559593191,0.0075489375286364535
choque_05pct_permanente,permanente,0.95,0.050000000000000044,True,26,67,4,8373125.180119823,0.11118072733869838,0.03034392109640316,0.10569594012752165,0.007143538309476752
choque_05pct_permanente,permanente,0.95,0.050000000000000044,True,26,67,5,8562294.835921282,0.09853277978231716,0.044719563082743496,0.10020233842739758,0.009522674569721607
choque_05pct_permanente,permanente,0.95,0.050000000000000044,True,26,67,6,8691078.471163843,0.09669213911406813,0.0633734336200984,0.10186338081030484,0.00847840878397279
choque_05pct_permanente,permanente,0.95,0.050000000000000044,True,26,67,7,8808546.500377778,0.09896261417088585,0.08244326852664363,0.10950008381358779,0.009998528500309417
choque_05pct_permanente,permanente,0.95,0.050000000000000044,True,26,67,8,8882486.341000771,0.10110706297047191,0.09649421180554052,0.11973458110875802,0.009210600327405834
choque_05pct_permanente,permanente,0.95,0.050000000000000044,True,26,67,9,8868835.040349176,0.10705234367006836,0.10620148514322936,0.13180704276396948,0.005358201671658713
choque_05pct_permanente,permanente,0.95,0.050000000000000044,True,26,67,10,8758331.829080945,0.12066619676459092,0.10663781568921693,0.14925537910620035,-0.004475791825833027
choque_05pct_permanente,permanente,0.95,0.050000000000000044,True,26,67,11,8661081.495843671,0.13198807970925996,0.09814830167916644,0.16462011744426594,-0.01228111604338778
choque_05pct_permanente,permanente,0.95,0.050000000000000044,True,26,67,12,8671023.531660607,0.13151698357985697,0.08208046200143504,0.17099355518617465,-0.02248108960198159
choque_05pct_permanente,permanente,0.95,0.050000000000000044,True,26,67,13,8781007.813034926,0.12806813596459468,0.06680403058003903,0.168048737934381,-0.029916435901532527
choque_05pct_permanente,permanente,0.95,0.050000000000000044,True,26,67,14,9081423.476023363,0.11153898881312438,0.05353195509776065,0.15848343123489425,-0.030534142651662256
choque_05pct_permanente,permanente,0.95,0.050000000000000044,True,26,67,15,9585027.538920285,0.08369368289319472,0.052027894859308255,0.13904387137338742,-0.024599364811058108
choque_05pct_permanente,permanente,0.95,0.050000000000000044,True,26,67,16,10082807.52594117,0.0628744336809382,0.06951875531376062,0.12175966983032373,-0.02022748662253572
choque_05pct_permanente,permanente,0.95,0.050000000000000044,True,26,67,17,10436511.139041102,0.0528479511250162,0.10769583774717151,0.11440301844534041,-0.007295302219287563
choque_05pct_permanente,permanente,0.95,0.050000000000000044,True,26,67,18,10740906.556809925,0.051730068957292714,0.16039602220020654,0.11850930245674096,0.005416198306229087
choque_05pct_permanente,permanente,0.95,0.050000000000000044,True,26,67,19,10918193.377865365,0.06118765893134682,0.2127021969886096,0.13503302862506852,0.013022322001948028
choque_05pct_permanente,permanente,0.95,0.050000000000000044,True,26,67,20,10916607.176396368,0.07416099051680068,0.24100954270181596,0.16178581163427974,0.009364457653215209
choque_05pct_permanente,permanente,0.95,0.050000000000000044,True,26,67,21,10723629.865896521,0.08616377190437087,0.2453230833931468,0.18261719573926966,0.0016181371126318337
choque_05pct_permanente,permanente,0.95,0.050000000000000044,True,26,67,22,10458876.840935003,0.09820193192311565,0.2274730599899446,0.19928099884526276,-0.016064832364340226
choque_05pct_permanente,permanente,0.95,0.050000000000000044,True,26,67,23,10258404.686812248,0.10220024747261798,0.19527742029623063,0.21086591236619134,-0.031887894070131574
choque_05pct_permanente,permanente,0.95,0.050000000000000044,True,26,67,24,10233877.525472036,0.09967564500019473,0.1615454032913446,0.21122162892935667,-0.049844717859412496
choque_05pct_permanente,permanente,0.95,0.050000000000000044,True,26,67,25,10380323.613777604,0.08667906620921582,0.13252444967639598,0.20417237360749846,-0.05775267867142874
choque_05pct_permanente,permanente,0.95,0.050000000000000044,True,27,68,0,7609597.0,0.138,0.03,0.12063832026847152,0.010583740505574736
choque_05pct_permanente,permanente,0.95,0.050000000000000044,True,27,68,1,7652724.38733265,0.14039181650999813,0.030000000000000027,0.11859183719691781,0.007984885903803248
choque_05pct_permanente,permanente,0.95,0.050000000000000044,True,27,68,2,7803606.52800467,0.13522836016629058,0.02418238230458636,0.1204530561548775,0.004901181952719952
choque_05pct_permanente,permanente,0.95,0.050000000000000044,True,27,68,3,8038167.275428596,0.12547100655449164,0.02685167752437434,0.11256271258668386,0.006364351378910687
choque_05pct_permanente,permanente,0.95,0.050000000000000044,True,27,68,4,8331637.030607186,0.11103178212371803,0.029934240917900867,0.10605050895862568,0.007911519456749182
choque_05pct_permanente,permanente,0.95,0.050000000000000044,True,27,68,5,8574808.898606356,0.09733959686385152,0.045643298038454905,0.09779378343081772,0.009123196197281377
choque_05pct_permanente,permanente,0.95,0.050000000000000044,True,27,68,6,8813153.378674127,0.08890259165716936,0.06362716386485734,0.09698554664542601,0.009737355176570931
choque_05pct_permanente,permanente,0.95,0.050000000000000044,True,27,68,7,8947567.095956096,0.08957544196538442,0.08841473481878026,0.10130350524002232,0.015466226472147683
choque_05pct_permanente,permanente,0.95,0.050000000000000044,True,27,68,8,8899378.696324658,0.10067416704150677,0.10706518616280292,0.11890848486164508,0.012583554022947111
choque_05pct_permanente,permanente,0.95,0.050000000000000044,True,27,68,9,8843339.509350656,0.11470678596468677,0.1170549365286464,0.1376720982533855,0.008945155304882187
choque_05pct_permanente,permanente,0.95,0.050000000000000044,True,27,68,10,8719002.481167238,0.12683427758010107,0.11193055913787009,0.15663814644388566,-0.0005987477893007823
choque_05pct_permanente,permanente,0.95,0.050000000000000044,True,27,68,11,8534535.288029367,0.13955928515809607,0.09942508957721374,0.17252929508454481,-0.015242889722794108
choque_05pct_permanente,permanente,0.95,0.050000000000000044,True,27,68,12,8469663.715723755,0.14491438768070536,0.07800175484005245,0.18188574085333076,-0.025540139924466344
choque_05pct_permanente,permanente,0.95,0.050000000000000044,True,27,68,13,8591925.285389224,0.13848953609657502,0.0574150970373819,0.17810057203272558,-0.034979659761737884
choque_05pct_permanente,permanente,0.95,0.050000000000000044,True,27,68,14,8870426.356322201,0.12333925211150841,0.039319025597503776,0.167037272612996,-0.037297932052536974
choque_05pct_permanente,permanente,0.95,0.050000000000000044,True,27,68,15,9484870.337081458,0.0946750114009563,0.03212854806171994,0.1454886206400197,-0.030984161149909442
choque_05pct_permanente,permanente,0.95,0.050000000000000044,True,27,68,16,9977926.656720497,0.06890305252593863,0.04340523471615776,0.12655639435436933,-0.023039120218372247
choque_05pct_permanente,permanente,0.95,0.050000000000000044,True,27,68,17,10455184.235919705,0.05199387098171693,0.07950616831706725,0.113489876493353,-0.01414864955672948
choque_05pct_permanente,permanente,0.95,0.050000000000000044,True,27,68,18,10700829.591356864,0.05142342790665429,0.13822773252702292,0.11259325625148753,-0.00044775332917696407
choque_05pct_permanente,permanente,0.95,0.050000000000000044,True,27,68,19,10961078.720277647,0.061041059778762806,0.19640992590589934,0.13098565795614459,0.012831953622180427
choque_05pct_permanente,permanente,0.95,0.050000000000000044,True,27,68,20,11091290.651270177,0.06365908014123688,0.23249149094207966,0.15282408042880663,0.016951748535480142
choque_05pct_permanente,permanente,0.95,0.050000000000000044,True,27,68,21,11057067.491028842,0.06948485150269,0.25509342834766313,0.16241510050673053,0.009818708424713841
choque_05pct_permanente,permanente,0.95,0.050000000000000044,True,27,68,22,10750503.881411742,0.08815380660560389,0.2540402733601157,0.1876632567276493,-0.0039327382935018815
choque_05pct_permanente,permanente,0.95,0.050000000000000044,True,27,68,23,10405975.7839656,0.10703911620022513,0.22911796339299917,0.21590071953533418,-0.024060743685515907
choque_05pct_permanente,permanente,0.95,0.050000000000000044,True,27,68,24,10183220.180618152,0.11151437022274836,0.1906828532509588,0.22557398242433246,-0.04757633445677427
choque_05pct_permanente,permanente,0.95,0.050000000000000044,True,27,68,25,10228592.840383152,0.10040027175722122,0.14938729607879542,0.21722209582823654,-0.0587147583524685
choque_05pct_permanente,permanente,0.95,0.050000000000000044,True,28,69,0,7609597.0,0.138,0.03,0.12063832026847152,0.010583740505574736
choque_05pct_permanente,permanente,0.95,0.050000000000000044,True,28,69,1,7652724.38733265,0.14039181650999813,0.030000000000000027,0.11859183719691781,0.007984885903803248
choque_05pct_permanente,permanente,0.95,0.050000000000000044,True,28,69,2,7806733.0736326575,0.13522708141572493,0.02417705148225502,0.12042382786782006,0.002973484525824733
choque_05pct_permanente,permanente,0.95,0.050000000000000044,True,28,69,3,8039766.112708442,0.12607195076600336,0.026852381109290446,0.11215130020560106,0.003988912437766958
choque_05pct_permanente,permanente,0.95,0.050000000000000044,True,28,69,4,8417312.78290177,0.10813151097748176,0.02971501739047744,0.10317126294956817,0.0044319043942346375
choque_05pct_permanente,permanente,0.95,0.050000000000000044,True,28,69,5,8676388.064177005,0.09169121991989775,0.04642499700430336,0.09325810320512312,0.009934242878273759
choque_05pct_permanente,permanente,0.95,0.050000000000000044,True,28,69,6,8894338.49742215,0.08471397313293517,0.0673783626732618,0.09293196668928382,0.014406529322912266
choque_05pct_permanente,permanente,0.95,0.050000000000000044,True,28,69,7,8958109.918428322,0.09138101856444929,0.09554981182046296,0.10241367052604249,0.01747518506949814
choque_05pct_permanente,permanente,0.95,0.050000000000000044,True,28,69,8,8821556.815728296,0.1087384250628904,0.1131033033228439,0.12691389058823435,0.013657018374832512
choque_05pct_permanente,permanente,0.95,0.050000000000000044,True,28,69,9,8706724.028763985,0.12798519908366265,0.11671812665697678,0.1505921227905783,0.003279919269146308
choque_05pct_permanente,permanente,0.95,0.050000000000000044,True,28,69,10,8436563.384244652,0.14683623965941273,0.10504114218092098,0.17354076553942555,-0.008597178998110045
choque_05pct_permanente,permanente,0.95,0.050000000000000044,True,28,69,11,8313969.730760473,0.15367376002311,0.08372771836498893,0.18510711777827826,-0.023242594766781335
choque_05pct_permanente,permanente,0.95,0.050000000000000044,True,28,69,12,8356357.088581953,0.1503247261465609,0.058839740880527236,0.18424474352301634,-0.033426058353559204
choque_05pct_permanente,permanente,0.95,0.050000000000000044,True,28,69,13,8624618.203566913,0.13636889453957265,0.037508657362226305,0.17206990951372333,-0.039686129799201754
choque_05pct_permanente,permanente,0.95,0.050000000000000044,True,28,69,14,9246118.508313486,0.10586623097473019,0.02503569372835357,0.14809674403498302,-0.032379189681068545
choque_05pct_permanente,permanente,0.95,0.050000000000000044,True,28,69,15,9816077.1195551,0.07673058249508143,0.029648168201824143,0.12671715776313808,-0.024178423987507077
choque_05pct_permanente,permanente,0.95,0.050000000000000044,True,28,69,16,10182274.853822842,0.05910990600189136,0.056446597193566816,0.11534087804943385,-0.018935559792096334
choque_05pct_permanente,permanente,0.95,0.050000000000000044,True,28,69,17,10438155.27314908,0.0587506934526454,0.10597912423907507,0.11498612507032706,-0.009897833615784465
choque_05pct_permanente,permanente,0.95,0.050000000000000044,True,28,69,18,10642749.35297717,0.06694913496849415,0.1569481623863942,0.1312618453265323,0.0023338051552519055
choque_05pct_permanente,permanente,0.95,0.050000000000000044,True,28,69,19,10836890.382645266,0.06561327509729076,0.19368473998164126,0.1467157663989836,0.003659366375210891
choque_05pct_permanente,permanente,0.95,0.050000000000000044,True,28,69,20,10922968.184802733,0.06604745040929745,0.2213325996381863,0.15104493174299946,0.008347955553393484
choque_05pct_permanente,permanente,0.95,0.050000000000000044,True,28,69,21,10823205.27517741,0.07620996782206373,0.2348006202456705,0.16827439371420827,0.0024863682215112443
choque_05pct_permanente,permanente,0.95,0.050000000000000044,True,28,69,22,10539826.571733756,0.09076011999559898,0.22912400955032308,0.19435812879318798,-0.010795172975766775
choque_05pct_permanente,permanente,0.95,0.050000000000000044,True,28,69,23,10383622.522392316,0.10043463147989665,0.20587974178123325,0.20916952637922998,-0.027831903678826514
choque_05pct_permanente,permanente,0.95,0.050000000000000044,True,28,69,24,10290638.815310495,0.09921009079863431,0.1758619836332771,0.21264672121439274,-0.045747738209354426
choque_05pct_permanente,permanente,0.95,0.050000000000000044,True,28,69,25,10490824.078326138,0.08413652004946719,0.14724311276094482,0.20173604256013072,-0.05510437002415872
choque_05pct_permanente,permanente,0.95,0.050000000000000044,True,29,70,0,7609597.0,0.138,0.03,0.12063832026847152,0.010583740505574736
choque_05pct_permanente,permanente,0.95,0.050000000000000044,True,29,70,1,7652724.38733265,0.14039181650999813,0.030000000000000027,0.11859183719691781,0.007984885903803248
choque_05pct_permanente,permanente,0.95,0.050000000000000044,True,29,70,2,7793908.918816493,0.13522708141572493,0.024179988109196637,0.12056402716108525,0.003817102098398722
choque_05pct_permanente,permanente,0.95,0.050000000000000044,True,29,70,3,8077686.681735072,0.12411570269766257,0.026810744714600876,0.11133125850897442,0.004050078983218172
choque_05pct_permanente,permanente,0.95,0.050000000000000044,True,29,70,4,8408213.34759326,0.10734523513754805,0.03016333054236031,0.10323583965387939,0.008238099446535783
choque_05pct_permanente,permanente,0.95,0.050000000000000044,True,29,70,5,8664718.812319657,0.09289184738794362,0.04624491721749302,0.09564227768477575,0.010841212630954574
choque_05pct_permanente,permanente,0.95,0.050000000000000044,True,29,70,6,8792635.727036512,0.09138106778098386,0.06772881372052675,0.0987997333780404,0.008199556875454747
choque_05pct_permanente,permanente,0.95,0.050000000000000044,True,29,70,7,8834437.251615658,0.09955818397619362,0.09082423464031275,0.1096621769650687,0.01143127544736968
choque_05pct_permanente,permanente,0.95,0.050000000000000044,True,29,70,8,8849684.250732144,0.10615483215114335,0.1037166788573054,0.12534799707557057,0.007735518403130792
choque_05pct_permanente,permanente,0.95,0.050000000000000044,True,29,70,9,8807759.939836485,0.11470078101513169,0.11038222014315391,0.13733444913749712,0.010025001373953402
choque_05pct_permanente,permanente,0.95,0.050000000000000044,True,29,70,10,8702479.360252652,0.12211999231596547,0.10459586097764673,0.15327785794694862,-0.001395794244907433
choque_05pct_permanente,permanente,0.95,0.050000000000000044,True,29,70,11,8650659.651286816,0.12969297648653705,0.09443807314434505,0.1635406644823841,-0.012511705374453405
choque_05pct_permanente,permanente,0.95,0.050000000000000044,True,29,70,12,8604931.411387246,0.13372005309456264,0.0781315001511591,0.17224897399927486,-0.023407326004619627
choque_05pct_permanente,permanente,0.95,0.050000000000000044,True,29,70,13,8747764.690009607,0.1270464239317426,0.06344028822419179,0.16893745700047855,-0.03158312738674288
choque_05pct_permanente,permanente,0.95,0.050000000000000044,True,29,70,14,9066562.559472831,0.11423632890415335,0.0517342958186644,0.1578885342015363,-0.032679029524442085
choque_05pct_permanente,permanente,0.95,0.050000000000000044,True,29,70,15,9528187.141743533,0.0881007329086766,0.049771391656367125,0.14089978054341618,-0.02862909602630453
choque_05pct_permanente,permanente,0.95,0.050000000000000044,True,29,70,16,10122089.07841339,0.06287428434888694,0.06387245453912738,0.12198836016564608,-0.019642676922069714
choque_05pct_permanente,permanente,0.95,0.050000000000000044,True,29,70,17,10455558.204738975,0.04995669611731764,0.10253250822596671,0.11162487765218687,-0.006761908356974805
choque_05pct_permanente,permanente,0.95,0.050000000000000044,True,29,70,18,10702764.266740069,0.05396347143602427,0.1599396472265695,0.1167258290725048,0.0052120398270099925
choque_05pct_permanente,permanente,0.95,0.050000000000000044,True,29,70,19,10832028.021826172,0.06708800489097907,0.2086804505938189,0.14262118315664618,0.010244397253200078
choque_05pct_permanente,permanente,0.95,0.050000000000000044,True,29,70,20,10904302.924237141,0.07676507937987663,0.2330481888712892,0.16509374787410389,0.0051284290236740205
choque_05pct_permanente,permanente,0.95,0.050000000000000044,True,29,70,21,10700178.601838056,0.08583431596870203,0.23447534255370028,0.18018383689895653,-0.004942588394673079
choque_05pct_permanente,permanente,0.95,0.050000000000000044,True,29,70,22,10512587.698269637,0.089296666887548,0.2194081271008388,0.1924418755989794,-0.01679872286528308
choque_05pct_permanente,permanente,0.95,0.050000000000000044,True,29,70,23,10435036.060406454,0.08835768826813091,0.1958157016359685,0.19693916432169792,-0.02901070479880278
choque_05pct_permanente,permanente,0.95,0.050000000000000044,True,29,70,24,10421783.525217151,0.08629075739718142,0.17246826161713957,0.19891823488946753,-0.04114291380877082
choque_05pct_permanente,permanente,0.95,0.050000000000000044,True,29,70,25,10623486.970441,0.07706533105657509,0.15437842373090183,0.1935806897480062,-0.04921627755404745
choque_05pct_permanente,permanente,0.95,0.050000000000000044,True,30,71,0,7609597.0,0.138,0.03,0.12063832026847152,0.010583740505574736
choque_05pct_permanente,permanente,0.95,0.050000000000000044,True,30,71,1,7652724.38733265,0.14039181650999813,0.030000000000000027,0.11859183719691781,0.007984885903803248
choque_05pct_permanente,permanente,0.95,0.050000000000000044,True,30,71,2,7798724.13808399,0.13522708141572493,0.024171687956530574,0.1204136488021475,0.0023558645248872114
choque_05pct_permanente,permanente,0.95,0.050000000000000044,True,30,71,3,8054625.753905785,0.12462994789303233,0.026899655657140142,0.11113475461850242,0.006612365752353059
choque_05pct_permanente,permanente,0.95,0.050000000000000044,True,30,71,4,8408271.606461918,0.10649883576022703,0.030318046293073442,0.10252030583947239,0.006779272021392102
choque_05pct_permanente,permanente,0.95,0.050000000000000044,True,30,71,5,8693639.81852056,0.09015189782183711,0.04802922096712425,0.09256008119414956,0.012036538490013134
choque_05pct_permanente,permanente,0.95,0.050000000000000044,True,30,71,6,8859946.009029124,0.08513384662096682,0.06974662897722417,0.09382052281855661,0.014615592352518756
choque_05pct_permanente,permanente,0.95,0.050000000000000044,True,30,71,7,8918733.172779303,0.09281203373018139,0.09704629331377812,0.10440767385362555,0.017794497807603053
choque_05pct_permanente,permanente,0.95,0.050000000000000044,True,30,71,8,8850198.279004619,0.10823899647762428,0.11342337658211177,0.1270079276543776,0.011866373759165523
choque_05pct_permanente,permanente,0.95,0.050000000000000044,True,30,71,9,8647282.65474098,0.1275160623076704,0.11817686515568648,0.1503083194780982,0.0042716912654572085
choque_05pct_permanente,permanente,0.95,0.050000000000000044,True,30,71,10,8489294.919203052,0.1402673531678651,0.10524698963309631,0.16987737171610665,-0.006922788597282363
choque_05pct_permanente,permanente,0.95,0.050000000000000044,True,30,71,11,8366675.5947397575,0.1474914329259407,0.086751027506494,0.1798966982966144,-0.02053015356051886
choque_05pct_permanente,permanente,0.95,0.050000000000000044,True,30,71,12,8368904.427299259,0.14672173918807077,0.06262707900044195,0.18272870687446074,-0.03237088140426123
choque_05pct_permanente,permanente,0.95,0.050000000000000044,True,30,71,13,8698466.295131909,0.13076679645510522,0.04200647496955545,0.16900197479897267,-0.03792103006043885
choque_05pct_permanente,permanente,0.95,0.050000000000000044,True,30,71,14,9348642.464406436,0.10163668364862961,0.03042848733557446,0.14533415283762194,-0.030688647205985152
choque_05pct_permanente,permanente,0.95,0.050000000000000044,True,30,71,15,9876436.690534472,0.07173261383891322,0.037287449880377244,0.12484173190216205,-0.024087331119140153
choque_05pct_permanente,permanente,0.95,0.050000000000000044,True,30,71,16,10219876.061269147,0.056110119156061726,0.06903251763216223,0.1124479722008137,-0.01750276463241068
choque_05pct_permanente,permanente,0.95,0.050000000000000044,True,30,71,17,10434671.155286405,0.05736724965020899,0.12140992680058238,0.1140367779074718,-0.004465930374503684
choque_05pct_permanente,permanente,0.95,0.050000000000000044,True,30,71,18,10677329.149104096,0.06720582386458648,0.17124586957620558,0.13224765013385312,0.004497309832547614
choque_05pct_permanente,permanente,0.95,0.050000000000000044,True,30,71,19,10831054.157814603,0.0648556967184332,0.20431575998247875,0.1487035573718972,0.007965824500858872
choque_05pct_permanente,permanente,0.95,0.050000000000000044,True,30,71,20,10910249.341233434,0.06395607298703443,0.22930987950598336,0.1509167906943526,0.006446484381372315
choque_05pct_permanente,permanente,0.95,0.050000000000000044,True,30,71,21,10804958.282630196,0.0781297471663978,0.23990000802504086,0.16894368352934735,0.0009628895951721588
choque_05pct_permanente,permanente,0.95,0.050000000000000044,True,30,71,22,10474808.303514991,0.09722776371625703,0.22944232243628693,0.20017589348483536,-0.012867361800365634
choque_05pct_permanente,permanente,0.95,0.050000000000000044,True,30,71,23,10297597.028477116,0.10272887946620264,0.20085280977692732,0.21393421266436424,-0.03383910585604908
choque_05pct_permanente,permanente,0.95,0.050000000000000044,True,30,71,24,10265363.055725422,0.09857735581176313,0.16887605670240635,0.20986564712768854,-0.04642200652701632
choque_05pct_permanente,permanente,0.95,0.050000000000000044,True,30,71,25,10527173.238860354,0.0782067540511488,0.13972591096275577,0.19764066080513484,-0.052794020989574655
choque_05pct_permanente,permanente,0.95,0.050000000000000044,True,31,72,0,7609597.0,0.138,0.03,0.12063832026847152,0.010583740505574736
choque_05pct_permanente,permanente,0.95,0.050000000000000044,True,31,72,1,7652724.38733265,0.14039181650999813,0.030000000000000027,0.11859183719691781,0.007984885903803248
choque_05pct_permanente,permanente,0.95,0.050000000000000044,True,31,72,2,7798943.542504845,0.13522708141572493,0.024186540020322278,0.12055318810911574,0.005573485531992079
choque_05pct_permanente,permanente,0.95,0.050000000000000044,True,31,72,3,8033871.603258951,0.12505829932360707,0.026859604820157257,0.11232426066780227,0.004300717423559229
choque_05pct_permanente,permanente,0.95,0.050000000000000044,True,31,72,4,8384971.505487379,0.10985609237692037,0.030204546394460463,0.10425054266943844,0.00631900207828983
choque_05pct_permanente,permanente,0.95,0.050000000000000044,True,31,72,5,8661230.420242585,0.09384003819867036,0.046605208636208095,0.09510526304460108,0.01335162979896405
choque_05pct_permanente,permanente,0.95,0.050000000000000044,True,31,72,6,8772772.452578764,0.08905318408849786,0.06650051037669957,0.09656785538638332,0.015499132747375596
choque_05pct_permanente,permanente,0.95,0.050000000000000044,True,31,72,7,8855858.608144369,0.09469089207309168,0.0915631035567952,0.10591762717195292,0.0146934205051668
choque_05pct_permanente,permanente,0.95,0.050000000000000044,True,31,72,8,8822991.68636116,0.10900983617686885,0.10569053217063473,0.1264110199365241,0.00959742001951023
choque_05pct_permanente,permanente,0.95,0.050000000000000044,True,31,72,9,8652082.473591574,0.12609472962518026,0.10971920223171394,0.14915837506961552,0.0026763023048346785
choque_05pct_permanente,permanente,0.95,0.050000000000000044,True,31,72,10,8507688.368951939,0.13992346215053114,0.09987298471868766,0.167457913200378,-0.012621867583108399
choque_05pct_permanente,permanente,0.95,0.050000000000000044,True,31,72,11,8434494.837421041,0.14514576777269833,0.08248268130999925,0.17517625130892617,-0.02197008949574115
choque_05pct_permanente,permanente,0.95,0.050000000000000044,True,31,72,12,8592163.571325196,0.1349307077244832,0.06215903159002467,0.17002108363722854,-0.028216491018510058
choque_05pct_permanente,permanente,0.95,0.050000000000000044,True,31,72,13,8917516.498307234,0.11513669900623404,0.047165240014318766,0.15577586136032548,-0.029677647798998116
choque_05pct_permanente,permanente,0.95,0.050000000000000044,True,31,72,14,9411744.126846865,0.09185451076328696,0.04194912016591901,0.1387289511041283,-0.022577646501133766
choque_05pct_permanente,permanente,0.95,0.050000000000000044,True,31,72,15,9796895.979354149,0.06971631380160002,0.05420653481977067,0.12563791026604534,-0.015966803054035052
choque_05pct_permanente,permanente,0.95,0.050000000000000044,True,31,72,16,10114464.028118495,0.062125459820771216,0.08733991481963654,0.11755212247729968,-0.010999603495701086
choque_05pct_permanente,permanente,0.95,0.050000000000000044,True,31,72,17,10393705.915890597,0.06251647859128508,0.13108335844235497,0.12333270819781504,-0.002305892429517034
choque_05pct_permanente,permanente,0.95,0.050000000000000044,True,31,72,18,10627606.49838142,0.061856257670082654,0.1727639590623291,0.13307236346232937,0.004796602704820257
choque_05pct_permanente,permanente,0.95,0.050000000000000044,True,31,72,19,10832398.935959587,0.058314774102901035,0.20874977732872346,0.13931506469306892,0.007939258116511782
choque_05pct_permanente,permanente,0.95,0.050000000000000044,True,31,72,20,10933433.447572825,0.06455279843887886,0.23659168421933963,0.14835164664841405,0.008077375105879707
choque_05pct_permanente,permanente,0.95,0.050000000000000044,True,31,72,21,10720996.861296076,0.0808777623325028,0.24503419883417865,0.17602765440784401,0.001872812813619451
choque_05pct_permanente,permanente,0.95,0.050000000000000044,True,31,72,22,10521348.653130021,0.09335208958877551,0.23190244390660464,0.19905493370163985,-0.011745326121429733
choque_05pct_permanente,permanente,0.95,0.050000000000000044,True,31,72,23,10304089.284950044,0.09986539344490518,0.2046517665944212,0.20904078046990174,-0.03161351985947928
choque_05pct_permanente,permanente,0.95,0.050000000000000044,True,31,72,24,10270964.16662072,0.0953682499473715,0.17128915063218964,0.20983324151500504,-0.04685190392027553
choque_05pct_permanente,permanente,0.95,0.050000000000000044,True,31,72,25,10525342.794973249,0.0808039564212686,0.1444676747274043,0.19751095380128825,-0.051010511206589434
choque_05pct_permanente,permanente,0.95,0.050000000000000044,True,32,73,0,7609597.0,0.138,0.03,0.12063832026847152,0.010583740505574736
choque_05pct_permanente,permanente,0.95,0.050000000000000044,True,32,73,1,7652724.38733265,0.14039181650999813,0.030000000000000027,0.11859183719691781,0.007984885903803248
choque_05pct_permanente,permanente,0.95,0.050000000000000044,True,32,73,2,7806073.029954594,0.13522708141572493,0.024178725948676094,0.12041078392684051,0.003719667309244016
choque_05pct_permanente,permanente,0.95,0.050000000000000044,True,32,73,3,8057010.31901437,0.12508063335150787,0.026885833553207172,0.11199793960515526,0.00608347432816441
choque_05pct_permanente,permanente,0.95,0.050000000000000044,True,32,73,4,8349383.641723143,0.11011762460498523,0.03010814174193599,0.10529663561854516,0.006974375694473791
choque_05pct_permanente,permanente,0.95,0.050000000000000044,True,32,73,5,8603748.737290857,0.09665266039678092,0.04593966544986916,0.0968783811940438,0.010697717042025314
choque_05pct_permanente,permanente,0.95,0.050000000000000044,True,32,73,6,8787917.825582633,0.0894282780653171,0.06480342078706003,0.09742964276922102,0.009596699590631861
choque_05pct_permanente,permanente,0.95,0.050000000000000044,True,32,73,7,8876482.813605104,0.09402411083584661,0.08877351893359364,0.10424667368669693,0.01229143772538185
choque_05pct_permanente,permanente,0.95,0.050000000000000044,True,32,73,8,8903741.032222897,0.10249903503887854,0.10442844169500654,0.12052111173775813,0.010498124685670074
choque_05pct_permanente,permanente,0.95,0.050000000000000044,True,32,73,9,8864694.44720533,0.1107456231488256,0.11250311626137743,0.13614361134964637,0.003544660238124428
choque_05pct_permanente,permanente,0.95,0.050000000000000044,True,32,73,10,8759356.271305334,0.1251135984511842,0.10877983738989383,0.1534512642826566,-0.0034880654034174104
choque_05pct_permanente,permanente,0.95,0.050000000000000044,True,32,73,11,8623454.879227925,0.13513089782013893,0.09694984732848111,0.1691615842264417,-0.01184254849983373
choque_05pct_permanente,permanente,0.95,0.050000000000000044,True,32,73,12,8572096.349380266,0.1377107243460599,0.07940697695060961,0.1760799462118383,-0.02396917890963033
choque_05pct_permanente,permanente,0.95,0.050000000000000044,True,32,73,13,8677668.259460555,0.13293604370634193,0.061496395026947814,0.173273042105894,-0.03135183391392205
choque_05pct_permanente,permanente,0.95,0.050000000000000044,True,32,73,14,8995596.318464914,0.11582472963393918,0.04825632119179124,0.16114079130974351,-0.03708556791916486
choque_05pct_permanente,permanente,0.95,0.050000000000000044,True,32,73,15,9637900.279604519,0.09025762721512093,0.04435726385628791,0.13999430565695453,-0.029575062667558993
choque_05pct_permanente,permanente,0.95,0.050000000000000044,True,32,73,16,10048672.75280941,0.06666893333873902,0.05915161036942984,0.12443015622276324,-0.022155740502027642
choque_05pct_permanente,permanente,0.95,0.050000000000000044,True,32,73,17,10358206.121294608,0.054850582481570015,0.09375129702057872,0.11563886296378142,-0.0124803112007399
choque_05pct_permanente,permanente,0.95,0.050000000000000044,True,32,73,18,10691573.613840953,0.053358817193993754,0.14558431314785358,0.11776754065296519,-0.00039843993016196037
choque_05pct_permanente,permanente,0.95,0.050000000000000044,True,32,73,19,10943113.513029236,0.05846315428886167,0.19549070820627557,0.13243944565771618,0.00788129995211819
choque_05pct_permanente,permanente,0.95,0.050000000000000044,True,32,73,20,10988619.080292096,0.06769896667733383,0.23332243472187852,0.1526623931904525,0.010473055135332178
choque_05pct_permanente,permanente,0.95,0.050000000000000044,True,32,73,21,10918190.436556337,0.07874829563226675,0.2466701795214996,0.1726584876420809,0.004999724682511566
choque_05pct_permanente,permanente,0.95,0.050000000000000044,True,32,73,22,10636310.415039629,0.09061733474740236,0.23899348818742272,0.1926715717173356,-0.007975119652039928
choque_05pct_permanente,permanente,0.95,0.050000000000000044,True,32,73,23,10334836.810871366,0.10175399910486524,0.21253281461613094,0.21050846732825504,-0.02900601490391257
choque_05pct_permanente,permanente,0.95,0.050000000000000044,True,32,73,24,10256642.5498953,0.10258979179365037,0.1787460597167565,0.21573660408607212,-0.045713457249545245
choque_05pct_permanente,permanente,0.95,0.050000000000000044,True,32,73,25,10403594.737338236,0.09170050969400198,0.14681635230802814,0.2071259019457823,-0.05769097846966945
choque_05pct_permanente,permanente,0.95,0.050000000000000044,True,33,74,0,7609597.0,0.138,0.03,0.12063832026847152,0.010583740505574736
choque_05pct_permanente,permanente,0.95,0.050000000000000044,True,33,74,1,7652724.38733265,0.14039181650999813,0.030000000000000027,0.11859183719691781,0.007984885903803248
choque_05pct_permanente,permanente,0.95,0.050000000000000044,True,33,74,2,7794346.244993998,0.13522708141572493,0.024178878871325082,0.12053897788241605,0.003676100436403369
choque_05pct_permanente,permanente,0.95,0.050000000000000044,True,33,74,3,8047832.960766992,0.12410537040483062,0.026843123093230004,0.11151557258643194,0.004083187292728948
choque_05pct_permanente,permanente,0.95,0.050000000000000044,True,33,74,4,8407755.108021477,0.10742200071065763,0.030562487666643934,0.10256323619986542,0.007674030567074797
choque_05pct_permanente,permanente,0.95,0.050000000000000044,True,33,74,5,8677059.202354617,0.09116043799347057,0.04774400574191606,0.093133197169559,0.011836863410390773
choque_05pct_permanente,permanente,0.95,0.050000000000000044,True,33,74,6,8871660.750134116,0.08468500694684737,0.07002909737461183,0.09227579194904466,0.013656759864714011
choque_05pct_permanente,permanente,0.95,0.050000000000000044,True,33,74,7,8965983.287382526,0.0873227232275336,0.09750705630318746,0.10100675340194258,0.016579306969657433
choque_05pct_permanente,permanente,0.95,0.050000000000000044,True,33,74,8,8887777.649635622,0.10460734559204976,0.11796044221988167,0.12141032995417476,0.012056309276516986
choque_05pct_permanente,permanente,0.95,0.050000000000000044,True,33,74,9,8757395.494535828,0.12207697244336947,0.12221260735220985,0.14623095684975146,0.0033787571977468693
choque_05pct_permanente,permanente,0.95,0.050000000000000044,True,33,74,10,8626207.002189647,0.1316865976575263,0.11235134786155543,0.16286649572378706,-0.004779770632909639
choque_05pct_permanente,permanente,0.95,0.050000000000000044,True,33,74,11,8475617.380711166,0.14046369138528916,0.0958235444411315,0.1741977077596016,-0.018496884846788877
choque_05pct_permanente,permanente,0.95,0.050000000000000044,True,33,74,12,8496725.958064891,0.14126134739225804,0.07294494012169417,0.1786147729249483,-0.02823831041765172
choque_05pct_permanente,permanente,0.95,0.050000000000000044,True,33,74,13,8645358.991732804,0.13521645873258342,0.052556387256827986,0.17387636170636445,-0.03605338460635756
choque_05pct_permanente,permanente,0.95,0.050000000000000044,True,33,74,14,9091585.50192142,0.11637494541652861,0.03713442563773972,0.1583569383077277,-0.03534707657631607
choque_05pct_permanente,permanente,0.95,0.050000000000000044,True,33,74,15,9626291.012828054,0.0864346370883278,0.0344429078988604,0.13827264160486563,-0.028205016781927463
choque_05pct_permanente,permanente,0.95,0.050000000000000044,True,33,74,16,10100036.151941964,0.062250136663013905,0.05252782344273377,0.1207747503184996,-0.020414366931538374
choque_05pct_permanente,permanente,0.95,0.050000000000000044,True,33,74,17,10369568.65723163,0.0558861910335792,0.09533897489474152,0.11406292652446828,-0.0099274190694006
choque_05pct_permanente,permanente,0.95,0.050000000000000044,True,33,74,18,10646539.994333938,0.06052681476698462,0.148019383611266,0.12415163585275721,-0.0010501716838248064
choque_05pct_permanente,permanente,0.95,0.050000000000000044,True,33,74,19,10858702.96413051,0.062143459960802276,0.19315642217738094,0.14110262348252492,0.005838249264203997
choque_05pct_permanente,permanente,0.95,0.050000000000000044,True,33,74,20,10949092.170451296,0.06616587826901363,0.22635786847344974,0.15104256024545218,0.008429508477878616
choque_05pct_permanente,permanente,0.95,0.050000000000000044,True,33,74,21,10806198.829668503,0.07867694245524713,0.24124499098521834,0.17104399930154845,0.0027561430196800492
choque_05pct_permanente,permanente,0.95,0.050000000000000044,True,33,74,22,10576615.79505706,0.09352663611342472,0.23344079752584257,0.19499340175440621,-0.012646502322556196
choque_05pct_permanente,permanente,0.95,0.050000000000000044,True,33,74,23,10377712.93194864,0.10016602539850211,0.20721738096244513,0.20921834501032796,-0.02957251955442325
choque_05pct_permanente,permanente,0.95,0.050000000000000044,True,33,74,24,10271356.482379489,0.09923214667672944,0.1743559698042394,0.21228528275075365,-0.0428492228434299
choque_05pct_permanente,permanente,0.95,0.050000000000000044,True,33,74,25,10421920.52130109,0.08696146877669918,0.14550830689112404,0.20479784971982046,-0.057133966690973564
choque_05pct_permanente,permanente,0.95,0.050000000000000044,True,34,75,0,7609597.0,0.138,0.03,0.12063832026847152,0.010583740505574736
choque_05pct_permanente,permanente,0.95,0.050000000000000044,True,34,75,1,7652724.38733265,0.14039181650999813,0.030000000000000027,0.11859183719691781,0.007984885903803248
choque_05pct_permanente,permanente,0.95,0.050000000000000044,True,34,75,2,7817153.350781714,0.13522708141572493,0.02417296767197974,0.12048837995070284,0.0018178776575865354
choque_05pct_permanente,permanente,0.95,0.050000000000000044,True,34,75,3,8050037.339651956,0.12429583628352474,0.02688580318537337,0.11173020254586101,0.007924258932568783
choque_05pct_permanente,permanente,0.95,0.050000000000000044,True,34,75,4,8371491.188757262,0.10879330674736361,0.03042871911511269,0.10406100712413781,0.00859011546035212
choque_05pct_permanente,permanente,0.95,0.050000000000000044,True,34,75,5,8620419.42790921,0.09331532328407358,0.04697233001793388,0.09579363526951166,0.011312148902070666
choque_05pct_permanente,permanente,0.95,0.050000000000000044,True,34,75,6,8783414.01940086,0.09048408809777111,0.06825635335413582,0.0959264979231687,0.014064724017110945
choque_05pct_permanente,permanente,0.95,0.050000000000000044,True,34,75,7,8855281.675231555,0.09384283099116829,0.09127829275429566,0.10640185018111431,0.01223587733786061
choque_05pct_permanente,permanente,0.95,0.050000000000000044,True,34,75,8,8872499.870317763,0.10358293387605175,0.10776726930374991,0.12057897449337561,0.013206183935546892
choque_05pct_permanente,permanente,0.95,0.050000000000000044,True,34,75,9,8824159.2248107,0.11068175576823594,0.11392635672075979,0.13734587366279602,0.006085239355332104
choque_05pct_permanente,permanente,0.95,0.050000000000000044,True,34,75,10,8708984.776160372,0.1234918198305487,0.11138354345317936,0.15255824368963272,-0.0026382942555939924
choque_05pct_permanente,permanente,0.95,0.050000000000000044,True,34,75,11,8590068.006436922,0.13329666303630547,0.0983778898831662,0.16828922498623444,-0.013867742958585259
choque_05pct_permanente,permanente,0.95,0.050000000000000044,True,34,75,12,8563679.533123475,0.1363624481960392,0.08128694789997826,0.17446211878513718,-0.025195693106503096
choque_05pct_permanente,permanente,0.95,0.050000000000000044,True,34,75,13,8689083.341519134,0.1308637994445562,0.06253894370615254,0.17171244519432238,-0.03243141839068726
choque_05pct_permanente,permanente,0.95,0.050000000000000044,True,34,75,14,9038555.7543542,0.11186103370226051,0.04944305822557671,0.15753586196688596,-0.03054481216164934
choque_05pct_permanente,permanente,0.95,0.050000000000000044,True,34,75,15,9614170.945238443,0.08275737264254564,0.04584253610539957,0.13725091370362094,-0.024100842863292213
choque_05pct_permanente,permanente,0.95,0.050000000000000044,True,34,75,16,10134861.773064554,0.06037087169780296,0.063943925189895,0.11944278656678639,-0.016335759148091458
choque_05pct_permanente,permanente,0.95,0.050000000000000044,True,34,75,17,10445266.624273652,0.05275367811140796,0.10579257402596953,0.11332392859999185,-0.006873604385600306
choque_05pct_permanente,permanente,0.95,0.050000000000000044,True,34,75,18,10726762.766225815,0.05877526418595779,0.16038826021632446,0.12271043412988836,-0.000782800244527728
choque_05pct_permanente,permanente,0.95,0.050000000000000044,True,34,75,19,10826132.027436685,0.0680544576000156,0.20273508877788138,0.14568081853431727,0.006302686816590426
choque_05pct_permanente,permanente,0.95,0.050000000000000044,True,34,75,20,10824485.906555876,0.07283809878894465,0.22806634865334607,0.16142377200349575,0.006907989742500722
choque_05pct_permanente,permanente,0.95,0.050000000000000044,True,34,75,21,10778485.156854052,0.0775525136325692,0.23212711987476253,0.17272820125816665,-0.0007072471816722851
choque_05pct_permanente,permanente,0.95,0.050000000000000044,True,34,75,22,10499720.154446976,0.09261522150110325,0.22333701621798396,0.19217425949577582,-0.015058015591038613
choque_05pct_permanente,permanente,0.95,0.050000000000000044,True,34,75,23,10321011.724602444,0.10328901633375281,0.19697969752664446,0.211500270851416,-0.03472956748892651
choque_05pct_permanente,permanente,0.95,0.050000000000000044,True,34,75,24,10277458.932656175,0.09948407571197046,0.16607070652076206,0.21135659070464155,-0.04764922080594154
choque_05pct_permanente,permanente,0.95,0.050000000000000044,True,34,75,25,10642139.009919867,0.07513271319822018,0.13875627654696632,0.19325796245245389,-0.05358176269930726
choque_05pct_permanente,permanente,0.95,0.050000000000000044,True,35,76,0,7609597.0,0.138,0.03,0.12063832026847152,0.010583740505574736
choque_05pct_permanente,permanente,0.95,0.050000000000000044,True,35,76,1,7652724.38733265,0.14039181650999813,0.030000000000000027,0.11859183719691781,0.007984885903803248
choque_05pct_permanente,permanente,0.95,0.050000000000000044,True,35,76,2,7802730.70561669,0.13522708141572493,0.024187296796349456,0.12044641053496434,0.005865835900893691
choque_05pct_permanente,permanente,0.95,0.050000000000000044,True,35,76,3,8027902.525663208,0.12540384160263557,0.026819468875616703,0.11289647103876752,0.006960385247261418
choque_05pct_permanente,permanente,0.95,0.050000000000000044,True,35,76,4,8376829.146149594,0.11162612961673007,0.029935621438338167,0.10612176885383172,0.008587531342233808
choque_05pct_permanente,permanente,0.95,0.050000000000000044,True,35,76,5,8547742.976474438,0.10014875081918657,0.04464378580065409,0.10062126949544242,0.010298097762330434
choque_05pct_permanente,permanente,0.95,0.050000000000000044,True,35,76,6,8717178.46613116,0.09592906125529685,0.0608096312006412,0.10248305475551393,0.007865778311388905
choque_05pct_permanente,permanente,0.95,0.050000000000000044,True,35,76,7,8822333.236852821,0.09828227218271557,0.08197334571268011,0.10862945009448283,0.008513736921916155
choque_05pct_permanente,permanente,0.95,0.050000000000000044,True,35,76,8,8866438.41686535,0.10348427040203102,0.09551562845900796,0.1208756715652298,0.00792005172914468
choque_05pct_permanente,permanente,0.95,0.050000000000000044,True,35,76,9,8859104.329352587,0.10930897764625037,0.10358273133268203,0.13345255592284752,0.00542636054318517
choque_05pct_permanente,permanente,0.95,0.050000000000000044,True,35,76,10,8783082.104776325,0.11712425619419457,0.10378969169926844,0.1472985628473796,-0.0033546209581829275
choque_05pct_permanente,permanente,0.95,0.050000000000000044,True,35,76,11,8782770.906017216,0.12332681266620608,0.09701066154977367,0.15738231039028172,-0.011750859169362225
choque_05pct_permanente,permanente,0.95,0.050000000000000044,True,35,76,12,8705434.419920167,0.12640424591884805,0.08685760709384449,0.1657288233995323,-0.021739841387268505
choque_05pct_permanente,permanente,0.95,0.050000000000000044,True,35,76,13,8872941.851038953,0.12167398868130734,0.07287214295063227,0.1640705186686976,-0.025227574198650494
choque_05pct_permanente,permanente,0.95,0.050000000000000044,True,35,76,14,9126086.439492904,0.10690084915083178,0.06374121179102832,0.1545390833898732,-0.027647332038854514
choque_05pct_permanente,permanente,0.95,0.050000000000000044,True,35,76,15,9629311.00086775,0.08066292237811497,0.06270830609042943,0.13736269771445322,-0.024222253025910898
choque_05pct_permanente,permanente,0.95,0.050000000000000044,True,35,76,16,10100406.10687526,0.05863450882602635,0.0818704314168397,0.11942240412873349,-0.014098660004239821
choque_05pct_permanente,permanente,0.95,0.050000000000000044,True,35,76,17,10501349.87123107,0.047785572832119115,0.12291098046380844,0.1104976455568684,-0.0050431460065235795
choque_05pct_permanente,permanente,0.95,0.050000000000000044,True,35,76,18,10796484.892471598,0.05157381987150201,0.18194564234429889,0.11542173953494231,0.008192836574770419
choque_05pct_permanente,permanente,0.95,0.050000000000000044,True,35,76,19,10926714.760995375,0.06555038822779855,0.22869636858557518,0.14165005398135433,0.0150626315821199
choque_05pct_permanente,permanente,0.95,0.050000000000000044,True,35,76,20,10886184.959137332,0.0772678887277063,0.25027314464824846,0.16765482881120258,0.008405845409032966
choque_05pct_permanente,permanente,0.95,0.050000000000000044,True,35,76,21,10536162.32336759,0.09272445118872416,0.2441484890840595,0.189066502873937,-0.004222898308511633
choque_05pct_permanente,permanente,0.95,0.050000000000000044,True,35,76,22,10237649.842880677,0.10565469899529968,0.2190391299135801,0.20811934916857158,-0.02251689572253125
choque_05pct_permanente,permanente,0.95,0.050000000000000044,True,35,76,23,10065739.847724022,0.10854120974514352,0.1818526122033819,0.21623384260771317,-0.041072193254366715
choque_05pct_permanente,permanente,0.95,0.050000000000000044,True,35,76,24,10070983.05653764,0.10261495360278775,0.14404192340080013,0.2130445332083233,-0.055134436430522696
choque_05pct_permanente,permanente,0.95,0.050000000000000044,True,35,76,25,10507827.995132571,0.07896103235873464,0.11429368304017973,0.19528615776666328,-0.05909423116944942
choque_05pct_permanente,permanente,0.95,0.050000000000000044,True,36,77,0,7609597.0,0.138,0.03,0.12063832026847152,0.010583740505574736
choque_05pct_permanente,permanente,0.95,0.050000000000000044,True,36,77,1,7652717.703786862,0.14039187151079002,0.030000000000000027,0.1185921564109529,0.007984789613649897
choque_05pct_permanente,permanente,0.95,0.050000000000000044,True,36,77,2,7797301.432333067,0.13522817256822742,0.024176348789232804,0.12054391703875096,0.003132824924809708
choque_05pct_permanente,permanente,0.95,0.050000000000000044,True,36,77,3,8066839.669660508,0.12445129646435647,0.026875541848083717,0.11137101778441127,0.005848889384789103
choque_05pct_permanente,permanente,0.95,0.050000000000000044,True,36,77,4,8376962.371772485,0.10843775438185499,0.030392987511353997,0.10400930667425655,0.007681942462052319
choque_05pct_permanente,permanente,0.95,0.050000000000000044,True,36,77,5,8628694.030546078,0.09407079782767579,0.046401164487386515,0.09570424092683415,0.00954797587102306
choque_05pct_permanente,permanente,0.95,0.050000000000000044,True,36,77,6,8851480.222536191,0.08913051682816603,0.06593360928762815,0.09558797854506035,0.012620266294413913
choque_05pct_permanente,permanente,0.95,0.050000000000000044,True,36,77,7,8951001.048293615,0.09030897889015996,0.09066342385468396,0.10319592743986053,0.015034965397816053
choque_05pct_permanente,permanente,0.95,0.050000000000000044,True,36,77,8,8943558.217472434,0.10053120584640142,0.11057355306242678,0.11866177907364718,0.014240381490761365
choque_05pct_permanente,permanente,0.95,0.050000000000000044,True,36,77,9,8773729.642136717,0.1182586317258116,0.11943577992958976,0.141987049435344,0.00670422500071431
choque_05pct_permanente,permanente,0.95,0.050000000000000044,True,36,77,10,8586961.927392323,0.13669576298154715,0.11167653565461078,0.16568369658146045,-0.0049985605551531075
choque_05pct_permanente,permanente,0.95,0.050000000000000044,True,36,77,11,8396839.772004303,0.14919434823176592,0.09432814659629796,0.18215028853955023,-0.019795124672298374
choque_05pct_permanente,permanente,0.95,0.050000000000000044,True,36,77,12,8376718.964806789,0.15076341031366608,0.0696721914342826,0.18699557586731747,-0.03359872228833946
choque_05pct_permanente,permanente,0.95,0.050000000000000044,True,36,77,13,8545666.594601328,0.14216776952007767,0.04777473462492443,0.1786227357992381,-0.04017290156464054
choque_05pct_permanente,permanente,0.95,0.050000000000000044,True,36,77,14,9066587.97635172,0.11854684704067632,0.030774607474674642,0.1588999133171033,-0.03835414206288393
choque_05pct_permanente,permanente,0.95,0.050000000000000044,True,36,77,15,9707025.952021366,0.0860527159341651,0.027630877308741253,0.13573031821025475,-0.031073317499554068
choque_05pct_permanente,permanente,0.95,0.050000000000000044,True,36,77,16,10072457.754868375,0.06436184403230709,0.046211847075039225,0.12088483604333157,-0.02217458111686786
choque_05pct_permanente,permanente,0.95,0.050000000000000044,True,36,77,17,10380970.07039313,0.05799468417452607,0.0866946666404409,0.11649388138103983,-0.01496011077784178
choque_05pct_permanente,permanente,0.95,0.050000000000000044,True,36,77,18,10530267.309397163,0.06650112892571933,0.13935793393050133,0.12773808382439505,-0.004557205924912681
choque_05pct_permanente,permanente,0.95,0.050000000000000044,True,36,77,19,10796003.22884506,0.06724237179703915,0.17603986827850626,0.14670831928492978,0.0006858366149323663
choque_05pct_permanente,permanente,0.95,0.050000000000000044,True,36,77,20,10937677.53655933,0.06463767424451475,0.2082642359364959,0.14997717992159879,0.00592729091885419
choque_05pct_permanente,permanente,0.95,0.050000000000000044,True,36,77,21,10817797.226801777,0.07477834327043237,0.22644425979144533,0.16422869724543865,0.0022587620631267275
choque_05pct_permanente,permanente,0.95,0.050000000000000044,True,36,77,22,10701677.62883417,0.08410739562321805,0.2258198406937142,0.1872298168018725,-0.010431787345853856
choque_05pct_permanente,permanente,0.95,0.050000000000000044,True,36,77,23,10574172.88619679,0.09004192965073096,0.21090575709407378,0.19818709630367984,-0.02081099312982569
choque_05pct_permanente,permanente,0.95,0.050000000000000044,True,36,77,24,10566764.321742462,0.08626230574971563,0.1888611418431112,0.20101269834495158,-0.03554349444380361
choque_05pct_permanente,permanente,0.95,0.050000000000000044,True,36,77,25,10692947.004401004,0.07863648951120457,0.1687380667634728,0.1953357323747115,-0.042810629512776595
choque_05pct_permanente,permanente,0.95,0.050000000000000044,True,37,78,0,7609597.0,0.138,0.03,0.12063832026847152,0.010583740505574736
choque_05pct_permanente,permanente,0.95,0.050000000000000044,True,37,78,1,7652724.38733265,0.14039181650999813,0.030000000000000027,0.11859183719691781,0.007984885903803248
choque_05pct_permanente,permanente,0.95,0.050000000000000044,True,37,78,2,7811944.858553902,0.13522720206223762,0.0241666286569604,0.12058669013549693,0.00018585739055203764
choque_05pct_permanente,permanente,0.95,0.050000000000000044,True,37,78,3,8094525.125686543,0.12367789968368018,0.026920387337477703,0.11080671413169939,0.0052715041838161504
choque_05pct_permanente,permanente,0.95,0.050000000000000044,True,37,78,4,8350276.109201933,0.10863709884444168,0.030769941322713823,0.10373413893051436,0.005768933818499963
choque_05pct_permanente,permanente,0.95,0.050000000000000044,True,37,78,5,8680196.57485008,0.09113404049038419,0.04756306324899073,0.0930014214064047,0.011898484970177568
choque_05pct_permanente,permanente,0.95,0.050000000000000044,True,37,78,6,8894970.293015612,0.08298838658075379,0.06924474639763956,0.09135087404172217,0.01616081600877864
choque_05pct_permanente,permanente,0.95,0.050000000000000044,True,37,78,7,8966781.06465952,0.08933784953771255,0.09760467029291076,0.10029624272454155,0.01640446016152201
choque_05pct_permanente,permanente,0.95,0.050000000000000044,True,37,78,8,8936464.380465118,0.10226978890155694,0.11506157531283079,0.12171605111274182,0.014241472590900233
choque_05pct_permanente,permanente,0.95,0.050000000000000044,True,37,78,9,8818572.117115723,0.1161963083492326,0.12282521736312502,0.14249810448428737,0.00734682547235423
choque_05pct_permanente,permanente,0.95,0.050000000000000044,True,37,78,10,8613892.536712639,0.1357988458109035,0.11512325467946627,0.1641758064743613,-0.0035454038662530965
choque_05pct_permanente,permanente,0.95,0.050000000000000044,True,37,78,11,8444159.792879615,0.1471565678529977,0.096642633597122,0.18024906594219567,-0.013939742946460873
choque_05pct_permanente,permanente,0.95,0.050000000000000044,True,37,78,12,8430515.281823859,0.14471930203423566,0.07246261698584489,0.18292011464450678,-0.029187593085238068
choque_05pct_permanente,permanente,0.95,0.050000000000000044,True,37,78,13,8619038.440879742,0.13119995518322683,0.050891422544105724,0.17352811014271333,-0.03352962590174836
choque_05pct_permanente,permanente,0.95,0.050000000000000044,True,37,78,14,9077521.237374762,0.11191568613027185,0.037425416473715556,0.15578003254874812,-0.032407198172528344
choque_05pct_permanente,permanente,0.95,0.050000000000000044,True,37,78,15,9581415.729416171,0.0865181337313236,0.03669040984232974,0.13834960331519341,-0.02807393729608747
choque_05pct_permanente,permanente,0.95,0.050000000000000044,True,37,78,16,10042045.760851847,0.06344705716722171,0.05497408464073983,0.12202996980221759,-0.021999926953930285
choque_05pct_permanente,permanente,0.95,0.050000000000000044,True,37,78,17,10485861.579449512,0.051546146677771194,0.09670276552428181,0.11188326398941326,-0.010527894683154234
choque_05pct_permanente,permanente,0.95,0.050000000000000044,True,37,78,18,10761927.358725974,0.050640627646780276,0.1570486977504013,0.1149303323924343,0.0035615569942006715
choque_05pct_permanente,permanente,0.95,0.050000000000000044,True,37,78,19,10911199.258500542,0.06148329225383476,0.2131595745577448,0.13402846621140474,0.012833811426239121
choque_05pct_permanente,permanente,0.95,0.050000000000000044,True,37,78,20,10956771.912869012,0.07605451322290237,0.24338855018739602,0.16179827713469896,0.011389139756786024
choque_05pct_permanente,permanente,0.95,0.050000000000000044,True,37,78,21,10766899.033900868,0.08328062120765506,0.2460811956211515,0.18194480510567823,0.0019368720438958623
choque_05pct_permanente,permanente,0.95,0.050000000000000044,True,37,78,22,10529089.528988397,0.08947429217696412,0.2313486565696905,0.1928345450515264,-0.012608310114969544
choque_05pct_permanente,permanente,0.95,0.050000000000000044,True,37,78,23,10351884.591771338,0.09733297454715488,0.2034394994138038,0.20527083699193197,-0.028217579793797257
choque_05pct_permanente,permanente,0.95,0.050000000000000044,True,37,78,24,10242299.204415888,0.10067872884878505,0.17245366605187984,0.21301038664157804,-0.04534566504956032
choque_05pct_permanente,permanente,0.95,0.050000000000000044,True,37,78,25,10423806.62247708,0.08743394827119323,0.14213383327157603,0.20608568440323324,-0.057690682853019315
choque_05pct_permanente,permanente,0.95,0.050000000000000044,True,38,79,0,7609597.0,0.138,0.03,0.12063832026847152,0.010583740505574736
choque_05pct_permanente,permanente,0.95,0.050000000000000044,True,38,79,1,7652724.38733265,0.14039181650999813,0.030000000000000027,0.11859183719691781,0.007984885903803248
choque_05pct_permanente,permanente,0.95,0.050000000000000044,True,38,79,2,7805467.640744476,0.13522708141572493,0.02418630659483445,0.12056947695808339,0.005628385718672757
choque_05pct_permanente,permanente,0.95,0.050000000000000044,True,38,79,3,8017292.966872868,0.1252915579837711,0.026864732214723297,0.11286921658241382,0.005709835360944892
choque_05pct_permanente,permanente,0.95,0.050000000000000044,True,38,79,4,8334416.405343128,0.11107775116975839,0.030036851707745837,0.10528397704826867,0.006842628413261025
choque_05pct_permanente,permanente,0.95,0.050000000000000044,True,38,79,5,8651065.37813486,0.09454195660150351,0.04480366111541478,0.09596450691791121,0.01050641554074702
choque_05pct_permanente,permanente,0.95,0.050000000000000044,True,38,79,6,8830472.817088377,0.08568460563411916,0.06499910138169818,0.09438349751062514,0.012774691183349427
choque_05pct_permanente,permanente,0.95,0.050000000000000044,True,38,79,7,8952968.175138501,0.08795633052838224,0.09109326899956915,0.10075752923021201,0.013466383495482437
choque_05pct_permanente,permanente,0.95,0.050000000000000044,True,38,79,8,8966846.43740288,0.09974699483905744,0.1126589396104496,0.11688467026225119,0.01335501153657317
choque_05pct_permanente,permanente,0.95,0.050000000000000044,True,38,79,9,8891199.15178766,0.11143963775378374,0.12159572777657379,0.13654293182377855,0.009345496148302854
choque_05pct_permanente,permanente,0.95,0.050000000000000044,True,38,79,10,8739195.332341962,0.12288220193100728,0.11919899960362867,0.15425538430643138,-0.001846457323948973
choque_05pct_permanente,permanente,0.95,0.050000000000000044,True,38,79,11,8586715.455452044,0.13616132175134865,0.10571720535802487,0.16934188310531276,-0.011086181152385422
choque_05pct_permanente,permanente,0.95,0.050000000000000044,True,38,79,12,8550670.136190273,0.13775541659567347,0.08537270178348133,0.17734216326274674,-0.02409671049173927
choque_05pct_permanente,permanente,0.95,0.050000000000000044,True,38,79,13,8669013.28619155,0.13276638850585962,0.06447801574945933,0.17394147325919376,-0.031140789113907046
choque_05pct_permanente,permanente,0.95,0.050000000000000044,True,38,79,14,8941705.75190448,0.118165499879493,0.04797662796392954,0.16400771479973208,-0.03565653308653087
choque_05pct_permanente,permanente,0.95,0.050000000000000044,True,38,79,15,9440337.696157958,0.09430596297197745,0.040971710683671114,0.14599476070375092,-0.030994534148296612
choque_05pct_permanente,permanente,0.95,0.050000000000000044,True,38,79,16,10030304.296186926,0.06524174524296196,0.05127707570467521,0.12561248503019964,-0.022453103467526433
choque_05pct_permanente,permanente,0.95,0.050000000000000044,True,38,79,17,10495371.392796328,0.049623382727640955,0.08811416056083243,0.11039379696300397,-0.012477944093041217
choque_05pct_permanente,permanente,0.95,0.050000000000000044,True,38,79,18,10769066.521564854,0.04903703254555864,0.14897739365474116,0.11092449016172203,0.003358758450696722
choque_05pct_permanente,permanente,0.95,0.050000000000000044,True,38,79,19,10937887.41084457,0.06105136244741442,0.20941052492917867,0.1323547011114192,0.01216194862343547
choque_05pct_permanente,permanente,0.95,0.050000000000000044,True,38,79,20,10990815.010010865,0.07448014218642623,0.24384351885601085,0.16063290848938733,0.011921141049246024
choque_05pct_permanente,permanente,0.95,0.050000000000000044,True,38,79,21,10797917.580495607,0.08182055571010037,0.24950974703215745,0.17954695767681556,0.004561097748043283
choque_05pct_permanente,permanente,0.95,0.050000000000000044,True,38,79,22,10550065.082803797,0.09104299904588273,0.2364319194304274,0.19276607866242257,-0.012024223828754222
choque_05pct_permanente,permanente,0.95,0.050000000000000044,True,38,79,23,10304810.242548015,0.10087072206092774,0.20828816204865674,0.20761024741151923,-0.02854516391900595
choque_05pct_permanente,permanente,0.95,0.050000000000000044,True,38,79,24,10268989.87988255,0.0966617057915521,0.1730975238507042,0.21165985848833918,-0.04542776780094704
choque_05pct_permanente,permanente,0.95,0.050000000000000044,True,38,79,25,10525873.856120057,0.08236220160794479,0.1449641445344103,0.1986670050790068,-0.05452626049230192
choque_05pct_permanente,permanente,0.95,0.050000000000000044,True,39,80,0,7609597.0,0.138,0.03,0.12063832026847152,0.010583740505574736
choque_05pct_permanente,permanente,0.95,0.050000000000000044,True,39,80,1,7652724.38733265,0.14039181650999813,0.030000000000000027,0.11859183719691781,0.007984885903803248
choque_05pct_permanente,permanente,0.95,0.050000000000000044,True,39,80,2,7808200.792774914,0.13522708141572493,0.02418544137591594,0.12034762689050274,0.005220372836864475
choque_05pct_permanente,permanente,0.95,0.050000000000000044,True,39,80,3,8035062.194423687,0.12596384584639977,0.02686556713124344,0.1127589891774157,0.007163916986414155
choque_05pct_permanente,permanente,0.95,0.050000000000000044,True,39,80,4,8339641.154430015,0.11184337766396084,0.029721019123407633,0.10672704748153952,0.005265422493528874
choque_05pct_permanente,permanente,0.95,0.050000000000000044,True,39,80,5,8603228.20338048,0.09732531062945286,0.04371627652042487,0.09830712170262473,0.012078407724714713
choque_05pct_permanente,permanente,0.95,0.050000000000000044,True,39,80,6,8767402.354200864,0.09013460564198315,0.062368077762626095,0.09801404653359405,0.01086999405883104
choque_05pct_permanente,permanente,0.95,0.050000000000000044,True,39,80,7,8880713.093408516,0.09301169832178663,0.08644246392467059,0.10411371996487719,0.013755833165761955
choque_05pct_permanente,permanente,0.95,0.050000000000000044,True,39,80,8,8913377.254952243,0.09944194046782942,0.10428099834963955,0.11922743413605273,0.012508501326153044
choque_05pct_permanente,permanente,0.95,0.050000000000000044,True,39,80,9,8823752.67236743,0.11430431249257429,0.11443496313494772,0.13726076200035248,0.00799393638398814
choque_05pct_permanente,permanente,0.95,0.050000000000000044,True,39,80,10,8656890.301195731,0.1298517288208003,0.11084093892365843,0.15916460173250585,-0.004348354825178437
choque_05pct_permanente,permanente,0.95,0.050000000000000044,True,39,80,11,8516519.10543308,0.14023061023449224,0.0968898208612472,0.17384329950799712,-0.015297384074831203
choque_05pct_permanente,permanente,0.95,0.050000000000000044,True,39,80,12,8509038.994123884,0.14198871362208143,0.07758275398932946,0.17824136503699095,-0.022513734308188264
choque_05pct_permanente,permanente,0.95,0.050000000000000044,True,39,80,13,8639008.683238968,0.13314481566301373,0.05620267330114381,0.17431451109293555,-0.030744660146156868
choque_05pct_permanente,permanente,0.95,0.050000000000000044,True,39,80,14,9029591.92979729,0.11227546288392785,0.04212929185427261,0.15852397714667635,-0.03315193625609121
choque_05pct_permanente,permanente,0.95,0.050000000000000044,True,39,80,15,9608538.348823896,0.08510676533804383,0.04013730620462108,0.13795840083091657,-0.02893033346429483
choque_05pct_permanente,permanente,0.95,0.050000000000000044,True,39,80,16,10084741.213067785,0.06061090408864365,0.058678673037712015,0.12028063637025438,-0.020213793316219374
choque_05pct_permanente,permanente,0.95,0.050000000000000044,True,39,80,17,10477726.32406436,0.0491040468431292,0.10262116462026927,0.10906034390244629,-0.00739990965130774
choque_05pct_permanente,permanente,0.95,0.050000000000000044,True,39,80,18,10842198.302792288,0.04928892477691681,0.16497473229797244,0.11196548559103943,0.007108396881456824
choque_05pct_permanente,permanente,0.95,0.050000000000000044,True,39,80,19,10975678.549350806,0.06022076940318695,0.2224199683242638,0.1330145846439816,0.01697257243364743
choque_05pct_permanente,permanente,0.95,0.050000000000000044,True,39,80,20,11071836.107028926,0.06921722639001089,0.2524213906621222,0.1590568822016607,0.01458186452840521
choque_05pct_permanente,permanente,0.95,0.050000000000000044,True,39,80,21,10877313.710133605,0.08315039348190405,0.25997530769843435,0.17771464896654557,0.004419515095183214
choque_05pct_permanente,permanente,0.95,0.050000000000000044,True,39,80,22,10462736.818715794,0.10254016021991126,0.23983143215583458,0.20527476283931953,-0.01206820575246888
choque_05pct_permanente,permanente,0.95,0.050000000000000044,True,39,80,23,10106054.049465237,0.11535435821416996,0.2044198058577602,0.22420872075412068,-0.035253837995493725
choque_05pct_permanente,permanente,0.95,0.050000000000000044,True,39,80,24,9998327.71615894,0.11195669713963717,0.1615969185430879,0.22506303219827653,-0.052275991824886535
choque_05pct_permanente,permanente,0.95,0.050000000000000044,True,39,80,25,10237540.53777521,0.09539515970942263,0.12442042788597707,0.2100772059678871,-0.06242792144691056
choque_05pct_permanente,permanente,0.95,0.050000000000000044,True,40,81,0,7609597.0,0.138,0.03,0.12063832026847152,0.010583740505574736
choque_05pct_permanente,permanente,0.95,0.050000000000000044,True,40,81,1,7652724.38733265,0.14039181650999813,0.030000000000000027,0.11859183719691781,0.007984885903803248
choque_05pct_permanente,permanente,0.95,0.050000000000000044,True,40,81,2,7791795.83856827,0.13522708141572493,0.024180090599306148,0.1205498280887741,0.0038389432304243515
choque_05pct_permanente,permanente,0.95,0.050000000000000044,True,40,81,3,8075670.949947581,0.12380897409330736,0.02686445481971589,0.11098593246899349,0.00915771220492161
choque_05pct_permanente,permanente,0.95,0.050000000000000044,True,40,81,4,8342893.204058298,0.10814366766662828,0.030637668217898817,0.10456875380432996,0.007661717681852086
choque_05pct_permanente,permanente,0.95,0.050000000000000044,True,40,81,5,8614926.453199973,0.09693065474460602,0.046972600414249666,0.09684785593301751,0.010238485360621994
choque_05pct_permanente,permanente,0.95,0.050000000000000044,True,40,81,6,8782066.758764522,0.0929579381816819,0.06532429161574282,0.09887284878275421,0.010847094522890522
choque_05pct_permanente,permanente,0.95,0.050000000000000044,True,40,81,7,8888947.132220486,0.09358428678220045,0.08754296156001073,0.10528969858471701,0.011625852180448856
choque_05pct_permanente,permanente,0.95,0.050000000000000044,True,40,81,8,8921782.461122466,0.09959904550016531,0.10395517321984071,0.11804991899566103,0.01032692878521483
choque_05pct_permanente,permanente,0.95,0.050000000000000044,True,40,81,9,8869526.956641506,0.10999872701603161,0.11354331535731332,0.1345048698186759,0.005988472450453618
choque_05pct_permanente,permanente,0.95,0.050000000000000044,True,40,81,10,8745020.032781579,0.12410699512919804,0.11056957541719137,0.15355347719410367,-0.0037923472625084782
choque_05pct_permanente,permanente,0.95,0.050000000000000044,True,40,81,11,8629751.17275265,0.13394625163677415,0.09858214246431451,0.1684125405427414,-0.015456147557166228
choque_05pct_permanente,permanente,0.95,0.050000000000000044,True,40,81,12,8630046.298840154,0.13521775067598354,0.08084700879224993,0.17352583977659838,-0.024184583237894193
choque_05pct_permanente,permanente,0.95,0.050000000000000044,True,40,81,13,8755753.250267345,0.12821532133656946,0.06415465618857952,0.16853510723869267,-0.0290933277234958
choque_05pct_permanente,permanente,0.95,0.050000000000000044,True,40,81,14,9120053.865673676,0.10505442647951067,0.051746516489172834,0.1544918362933798,-0.029277348410856933
choque_05pct_permanente,permanente,0.95,0.050000000000000044,True,40,81,15,9589495.160398202,0.08407013264295816,0.052819768410164114,0.13640863374681358,-0.024397197496780598
choque_05pct_permanente,permanente,0.95,0.050000000000000044,True,40,81,16,10053064.986970045,0.06435410811083671,0.06957467058200573,0.12409388606397216,-0.01892423095563115
choque_05pct_permanente,permanente,0.95,0.050000000000000044,True,40,81,17,10493035.06551236,0.05097436802512416,0.1065545662344527,0.11457498419578459,-0.0063248272404341135
choque_05pct_permanente,permanente,0.95,0.050000000000000044,True,40,81,18,10713168.149990205,0.053266238702740075,0.1633004584251383,0.11719571550982909,0.005383756482019525
choque_05pct_permanente,permanente,0.95,0.050000000000000044,True,40,81,19,10858120.719257709,0.06793939622320722,0.21199294541796543,0.14069620522232637,0.012200340417464537
choque_05pct_permanente,permanente,0.95,0.050000000000000044,True,40,81,20,10851330.816849561,0.07577243430746655,0.23386777246559887,0.16717601844806637,0.007781825604056104
choque_05pct_permanente,permanente,0.95,0.050000000000000044,True,40,81,21,10692214.943297107,0.085861693740156,0.2366875170210494,0.17862714405036342,-0.0014449643645238553
choque_05pct_permanente,permanente,0.95,0.050000000000000044,True,40,81,22,10415497.947235841,0.09535001237351819,0.21820821557553516,0.19845812862362963,-0.018822677826367207
choque_05pct_permanente,permanente,0.95,0.050000000000000044,True,40,81,23,10262159.686730247,0.10073440639032763,0.19074725963208672,0.20832377142201478,-0.03466505553985431
choque_05pct_permanente,permanente,0.95,0.050000000000000044,True,40,81,24,10209630.386324374,0.09881653870447572,0.15914286130988686,0.21106448472019287,-0.05188522624859294
choque_05pct_permanente,permanente,0.95,0.050000000000000044,True,40,81,25,10562048.83939997,0.08086018389303329,0.1331089664630709,0.19675047840365673,-0.054941157341709033
choque_05pct_permanente,permanente,0.95,0.050000000000000044,True,41,82,0,7609597.0,0.138,0.03,0.12063832026847152,0.010583740505574736
choque_05pct_permanente,permanente,0.95,0.050000000000000044,True,41,82,1,7652724.38733265,0.14039181650999813,0.030000000000000027,0.11859183719691781,0.007984885903803248
choque_05pct_permanente,permanente,0.95,0.050000000000000044,True,41,82,2,7804161.342545421,0.13522708141572493,0.024181451857486325,0.12048374104937541,0.004463367105977549
choque_05pct_permanente,permanente,0.95,0.050000000000000044,True,41,82,3,8037306.605265866,0.12521985422798892,0.026870543244538414,0.11227156104350028,0.006428005564398915
choque_05pct_permanente,permanente,0.95,0.050000000000000044,True,41,82,4,8376623.174433023,0.11150345996583516,0.0300461811692454,0.1054722248192005,0.007758729041679784
choque_05pct_permanente,permanente,0.95,0.050000000000000044,True,41,82,5,8556604.55980373,0.09750777275655126,0.04370330962776747,0.0998279876914368,0.009739826785465944
choque_05pct_permanente,permanente,0.95,0.050000000000000044,True,41,82,6,8763607.584480558,0.09249891011102906,0.06299956736459045,0.09894552981605474,0.011325322147850063
choque_05pct_permanente,permanente,0.95,0.050000000000000044,True,41,82,7,8847888.58996576,0.09388867050340749,0.08614557889963859,0.10609924720850462,0.011248773989960138
choque_05pct_permanente,permanente,0.95,0.050000000000000044,True,41,82,8,8848074.087063972,0.10473820319463553,0.10404584800288319,0.12007205155878387,0.010785543243600836
choque_05pct_permanente,permanente,0.95,0.050000000000000044,True,41,82,9,8787832.765703984,0.11361494063617014,0.11004887134187058,0.13859627450912423,0.004498361148668
choque_05pct_permanente,permanente,0.95,0.050000000000000044,True,41,82,10,8695893.702148316,0.12282798833359741,0.10794114568419766,0.15179834507170595,-0.0009175668828725572
choque_05pct_permanente,permanente,0.95,0.050000000000000044,True,41,82,11,8678777.418781042,0.1274363787529834,0.09530753442598039,0.16185794575771068,-0.010646123438391148
choque_05pct_permanente,permanente,0.95,0.050000000000000044,True,41,82,12,8692112.198645614,0.12580911568131684,0.08068891124030864,0.16621452016040728,-0.0233868783109531
choque_05pct_permanente,permanente,0.95,0.050000000000000044,True,41,82,13,8852459.746405048,0.12161407168802808,0.06626000306143309,0.16282459977398067,-0.026419851892766515
choque_05pct_permanente,permanente,0.95,0.050000000000000044,True,41,82,14,9223601.299243761,0.10261582523220715,0.05648510860521094,0.15175024815259283,-0.028224028097757595
choque_05pct_permanente,permanente,0.95,0.050000000000000044,True,41,82,15,9670267.796416929,0.08154023928551551,0.05961196052561646,0.13506089646683142,-0.023534697775474997
choque_05pct_permanente,permanente,0.95,0.050000000000000044,True,41,82,16,10091958.460039554,0.06168539138362567,0.07800655017942493,0.12313699366299902,-0.016153397106317562
choque_05pct_permanente,permanente,0.95,0.050000000000000044,True,41,82,17,10457806.342450941,0.05300094912221616,0.11788598037301168,0.11509435668203105,-0.0062554480696547
choque_05pct_permanente,permanente,0.95,0.050000000000000044,True,41,82,18,10690419.957094785,0.057190315928507506,0.16890328862971415,0.12296924032171465,0.004138737887216164
choque_05pct_permanente,permanente,0.95,0.050000000000000044,True,41,82,19,10820300.894878747,0.06773231950330635,0.21133015459737226,0.14389420491024352,0.008269694748414423
choque_05pct_permanente,permanente,0.95,0.050000000000000044,True,41,82,20,10887096.600420479,0.07161394602459549,0.22972456932680463,0.162030708914314,0.008230671744994042
choque_05pct_permanente,permanente,0.95,0.050000000000000044,True,41,82,21,10728876.664147347,0.07841342461285392,0.23646155358974008,0.173528392159834,-0.001568277508290432
choque_05pct_permanente,permanente,0.95,0.050000000000000044,True,41,82,22,10503691.688237494,0.09227461785712679,0.22349416592834448,0.19300690950471255,-0.015189667116206854
choque_05pct_permanente,permanente,0.95,0.050000000000000044,True,41,82,23,10327483.601770595,0.09976429788580098,0.19903125572393976,0.20813086791470226,-0.030401238352561588
choque_05pct_permanente,permanente,0.95,0.050000000000000044,True,41,82,24,10275857.476034341,0.09664801028840704,0.16853957324340962,0.20980834998395556,-0.04808627415233541
choque_05pct_permanente,permanente,0.95,0.050000000000000044,True,41,82,25,10542505.027508734,0.08145707995249007,0.14276274557734214,0.19674770627443017,-0.04985263029399838
choque_05pct_permanente,permanente,0.95,0.050000000000000044,True,42,83,0,7609597.0,0.138,0.03,0.12063832026847152,0.010583740505574736
choque_05pct_permanente,permanente,0.95,0.050000000000000044,True,42,83,1,7652724.38733265,0.14039181650999813,0.030000000000000027,0.11859183719691781,0.007984885903803248
choque_05pct_permanente,permanente,0.95,0.050000000000000044,True,42,83,2,7809911.119751594,0.13522708141572493,0.024186657377943677,0.12048474702435293,0.005776961624849792
choque_05pct_permanente,permanente,0.95,0.050000000000000044,True,42,83,3,8018061.038339455,0.12665789346615375,0.02685962375110229,0.11348078533846509,0.007979938804951722
choque_05pct_permanente,permanente,0.95,0.050000000000000044,True,42,83,4,8305617.180034985,0.11399259819694661,0.029405143029064273,0.10821630138304673,0.005959566471408082
choque_05pct_permanente,permanente,0.95,0.050000000000000044,True,42,83,5,8565720.35541687,0.09937907419586697,0.04285569281747459,0.10080153530774213,0.006715388984159995
choque_05pct_permanente,permanente,0.95,0.050000000000000044,True,42,83,6,8759875.747919004,0.09393247076700492,0.060038059476607675,0.09999018133651898,0.009901882339121175
choque_05pct_permanente,permanente,0.95,0.050000000000000044,True,42,83,7,8831960.835720828,0.0969544207108731,0.08109645595764325,0.10785054276349101,0.011099075011300868
choque_05pct_permanente,permanente,0.95,0.050000000000000044,True,42,83,8,8837169.357006444,0.10494328276939205,0.09726790775741923,0.12234407155380649,0.006646704047509608
choque_05pct_permanente,permanente,0.95,0.050000000000000044,True,42,83,9,8811328.60503598,0.11506313321213903,0.10458099405627075,0.13751418137117963,0.005367536054639841
choque_05pct_permanente,permanente,0.95,0.050000000000000044,True,42,83,10,8734850.18020761,0.12241584443559442,0.10147316684038787,0.1509734449063085,-0.00023902222280940537
choque_05pct_permanente,permanente,0.95,0.050000000000000044,True,42,83,11,8723318.977177376,0.12200708042294162,0.09309628294332994,0.1581636266146597,-0.012026330200123747
choque_05pct_permanente,permanente,0.95,0.050000000000000044,True,42,83,12,8798856.966615682,0.12218716398833634,0.08147645676875093,0.1601135660544418,-0.01896360422975137
choque_05pct_permanente,permanente,0.95,0.050000000000000044,True,42,83,13,8906973.634512624,0.11787050887705104,0.07108251722486969,0.16048689717694162,-0.02284264543022929
choque_05pct_permanente,permanente,0.95,0.050000000000000044,True,42,83,14,9135051.45550651,0.10444886553357849,0.06376077913277056,0.15371972045974347,-0.028258823022386276
choque_05pct_permanente,permanente,0.95,0.050000000000000044,True,42,83,15,9635785.078131966,0.08242960422692092,0.06568598832817218,0.13735331523850763,-0.024449965554732684
choque_05pct_permanente,permanente,0.95,0.050000000000000044,True,42,83,16,10134115.566876119,0.059986076334610505,0.08341680348056868,0.12128820912466849,-0.014875449241932173
choque_05pct_permanente,permanente,0.95,0.050000000000000044,True,42,83,17,10460678.176631918,0.04869294011570008,0.12316605138895853,0.11216240472579181,-0.005166242734175928
choque_05pct_permanente,permanente,0.95,0.050000000000000044,True,42,83,18,10821373.999327727,0.052317218996887134,0.18001190633810737,0.11553954624227002,0.00755803234200755
choque_05pct_permanente,permanente,0.95,0.050000000000000044,True,42,83,19,10892922.144560259,0.06310031797312245,0.22604259121096848,0.14160214079359068,0.011701737461740625
choque_05pct_permanente,permanente,0.95,0.050000000000000044,True,42,83,20,10905593.225161634,0.07560158906615003,0.24827923850745415,0.1638978107234091,0.010928322677354918
choque_05pct_permanente,permanente,0.95,0.050000000000000044,True,42,83,21,10707986.247860305,0.0854286047076535,0.24565702589099958,0.18407871055616673,-0.0019955938397100016
choque_05pct_permanente,permanente,0.95,0.050000000000000044,True,42,83,22,10363496.757828232,0.10286769079653482,0.22739888037258527,0.20235441683743624,-0.020936427307285878
choque_05pct_permanente,permanente,0.95,0.050000000000000044,True,42,83,23,10071207.129473953,0.11353986865505965,0.1905314322982794,0.22123382951539486,-0.04059654988463014
choque_05pct_permanente,permanente,0.95,0.050000000000000044,True,42,83,24,10060198.334258715,0.10779779564833726,0.1523142913587323,0.21799858807648598,-0.056684406023362804
choque_05pct_permanente,permanente,0.95,0.050000000000000044,True,42,83,25,10358163.599742984,0.08703075402672406,0.11868173140865967,0.20110081745996833,-0.06150815708759388
choque_05pct_permanente,permanente,0.95,0.050000000000000044,True,43,84,0,7609597.0,0.138,0.03,0.12063832026847152,0.010583740505574736
choque_05pct_permanente,permanente,0.95,0.050000000000000044,True,43,84,1,7652724.38733265,0.14039181650999813,0.030000000000000027,0.11859183719691781,0.007984885903803248
choque_05pct_permanente,permanente,0.95,0.050000000000000044,True,43,84,2,7810811.761430795,0.13522708141572493,0.024182515913943492,0.1203253310066372,0.004817003313949821
choque_05pct_permanente,permanente,0.95,0.050000000000000044,True,43,84,3,8019206.633895097,0.1253927685392432,0.026857880032511217,0.11300784677369528,0.004979565564166392
choque_05pct_permanente,permanente,0.95,0.050000000000000044,True,43,84,4,8368616.786595549,0.11060214541053523,0.02994788564086881,0.10499444770872926,0.006099185562851557
choque_05pct_permanente,permanente,0.95,0.050000000000000044,True,43,84,5,8618858.219985573,0.09385473685885543,0.04569263849756644,0.09589336545018895,0.009241409450365978
choque_05pct_permanente,permanente,0.95,0.050000000000000044,True,43,84,6,8851491.22726715,0.08651103206413764,0.065859833087895,0.0946153514146288,0.011571798398658083
choque_05pct_permanente,permanente,0.95,0.050000000000000044,True,43,84,7,8922136.362660496,0.09188906973811412,0.09202952664430719,0.10259001722697493,0.015903924407026745
choque_05pct_permanente,permanente,0.95,0.050000000000000044,True,43,84,8,8903208.10103031,0.1032660917508909,0.10824342712860524,0.12219914427480542,0.01295564211691492
choque_05pct_permanente,permanente,0.95,0.050000000000000044,True,43,84,9,8812780.42770773,0.11574895816484017,0.11643937676923688,0.140351834141425,0.007865346717791464
choque_05pct_permanente,permanente,0.95,0.050000000000000044,True,43,84,10,8673705.971739683,0.1279082511516783,0.11076276131108642,0.1583227112632154,-0.002882992705026448
choque_05pct_permanente,permanente,0.95,0.050000000000000044,True,43,84,11,8517045.34340415,0.1391730052833671,0.09726237146991767,0.17305611572895713,-0.01569925649523315
choque_05pct_permanente,permanente,0.95,0.050000000000000044,True,43,84,12,8448912.890526341,0.1442027506302534,0.07793062895032232,0.18087023544257527,-0.027069582107523058
choque_05pct_permanente,permanente,0.95,0.050000000000000044,True,43,84,13,8612740.54048531,0.13652745864053062,0.05763544293256917,0.17512059007075248,-0.0356989997311421
choque_05pct_permanente,permanente,0.95,0.050000000000000044,True,43,84,14,9067240.84102957,0.11585541845440704,0.04142294372155031,0.15854874180064285,-0.036744338617425334
choque_05pct_permanente,permanente,0.95,0.050000000000000044,True,43,84,15,9707316.57531172,0.08671528278814385,0.03650662819776196,0.13788044709851435,-0.027171850501253845
choque_05pct_permanente,permanente,0.95,0.050000000000000044,True,43,84,16,9934991.892025772,0.06916745203955035,0.05279745227548549,0.12592399553190606,-0.019884629541322984
choque_05pct_permanente,permanente,0.95,0.050000000000000044,True,43,84,17,10292941.866835706,0.06014298188064248,0.08690583517586825,0.12128392157400163,-0.01678450261893211
choque_05pct_permanente,permanente,0.95,0.050000000000000044,True,43,84,18,10642418.4682806,0.05774863929823669,0.13426988928878147,0.12294667857687332,-0.004246871174234371
choque_05pct_permanente,permanente,0.95,0.050000000000000044,True,43,84,19,10939726.065938756,0.05903277237384812,0.18197950415089714,0.13265204266340264,0.0024043418628761563
choque_05pct_permanente,permanente,0.95,0.050000000000000044,True,43,84,20,10957629.005583743,0.06518446744316056,0.21927174458974474,0.14886804904736872,0.008849911008226845
choque_05pct_permanente,permanente,0.95,0.050000000000000044,True,43,84,21,10957049.607329804,0.07159217459399843,0.23996616690760142,0.16588753158310215,0.005155824543744561
choque_05pct_permanente,permanente,0.95,0.050000000000000044,True,43,84,22,10809092.973972512,0.08137950596756209,0.24005109075214293,0.18237811096119988,-0.0029650049736445997
choque_05pct_permanente,permanente,0.95,0.050000000000000044,True,43,84,23,10664363.867050353,0.08939617962331756,0.22462823354982198,0.197684676669406,-0.018740959384548873
choque_05pct_permanente,permanente,0.95,0.050000000000000044,True,43,84,24,10466519.827736033,0.09396472229004525,0.1981205900970373,0.20918966455676974,-0.03450404033190985
choque_05pct_permanente,permanente,0.95,0.050000000000000044,True,43,84,25,10507641.349103227,0.09038053918826558,0.17113085847361043,0.20873235139132276,-0.049532441406493405
choque_05pct_permanente,permanente,0.95,0.050000000000000044,True,44,85,0,7609597.0,0.138,0.03,0.12063832026847152,0.010583740505574736
choque_05pct_permanente,permanente,0.95,0.050000000000000044,True,44,85,1,7652724.38733265,0.14039181650999813,0.030000000000000027,0.11859183719691781,0.007984885903803248
choque_05pct_permanente,permanente,0.95,0.050000000000000044,True,44,85,2,7807316.642150581,0.13522708141572493,0.02418726956457662,0.12045697700954835,0.00614458450597104
choque_05pct_permanente,permanente,0.95,0.050000000000000044,True,44,85,3,8024777.877599951,0.12522467831065154,0.026840922670184897,0.11319498608561496,0.007415745857610678
choque_05pct_permanente,permanente,0.95,0.050000000000000044,True,44,85,4,8323193.018146642,0.11403624152876227,0.030038288331314833,0.10781530558373625,0.004971503868447743
choque_05pct_permanente,permanente,0.95,0.050000000000000044,True,44,85,5,8569715.959006611,0.10209902219789493,0.04239695260081211,0.10197379396101307,0.00826558349026707
choque_05pct_permanente,permanente,0.95,0.050000000000000044,True,44,85,6,8752191.002329705,0.09378023311362797,0.05826841854198994,0.10174233275556335,0.011163518140816564
choque_05pct_permanente,permanente,0.95,0.050000000000000044,True,44,85,7,8816010.367009718,0.09849876492042403,0.08053473430584734,0.10824979494992658,0.009954488852364406
choque_05pct_permanente,permanente,0.95,0.050000000000000044,True,44,85,8,8771413.120358529,0.11119803213981108,0.09560436265627104,0.12576250024742575,0.007955432032605991
choque_05pct_permanente,permanente,0.95,0.050000000000000044,True,44,85,9,8762076.55608928,0.11864784478363194,0.1005475510387892,0.1403047552533128,0.003172697710430864
choque_05pct_permanente,permanente,0.95,0.050000000000000044,True,44,85,10,8719743.916033313,0.12430160925829987,0.0962148208635667,0.15192349574106384,-0.006637178162685376
choque_05pct_permanente,permanente,0.95,0.050000000000000044,True,44,85,11,8659364.389888128,0.13138135003633916,0.08522871535448973,0.16319035567335186,-0.01770145450131794
choque_05pct_permanente,permanente,0.95,0.050000000000000044,True,44,85,12,8704828.124814244,0.13351607635463544,0.07107704057218522,0.16827920540235175,-0.024434838201459454
choque_05pct_permanente,permanente,0.95,0.050000000000000044,True,44,85,13,8827257.321851237,0.12516807463363663,0.05797677376689059,0.16514854696874287,-0.030947167557473548
choque_05pct_permanente,permanente,0.95,0.050000000000000044,True,44,85,14,9197436.422838239,0.10670139205705825,0.0487048680187836,0.15148676957692414,-0.030689217263138335
choque_05pct_permanente,permanente,0.95,0.050000000000000044,True,44,85,15,9786254.889606688,0.07934775311170009,0.0517227259729669,0.13248460265324888,-0.024302655349211395
choque_05pct_permanente,permanente,0.95,0.050000000000000044,True,44,85,16,10129846.096073579,0.06227184501653491,0.07482140316379349,0.11937978964553797,-0.01736317833483458
choque_05pct_permanente,permanente,0.95,0.050000000000000044,True,44,85,17,10487484.352625486,0.050616051305092905,0.11614735054579595,0.11408878801861881,-0.005760381191675992
choque_05pct_permanente,permanente,0.95,0.050000000000000044,True,44,85,18,10801276.259575073,0.05230616757934579,0.174839525025269,0.1158895762682945,0.0057764118602526004
choque_05pct_permanente,permanente,0.95,0.050000000000000044,True,44,85,19,10928108.02401075,0.06472096481891183,0.22452580263854194,0.13948305791177013,0.011651187475453857
choque_05pct_permanente,permanente,0.95,0.050000000000000044,True,44,85,20,10814924.738658119,0.08303390498193587,0.24622724387760075,0.16977502524694243,0.009774162898217073
choque_05pct_permanente,permanente,0.95,0.050000000000000044,True,44,85,21,10526379.282888435,0.09764150062752057,0.2381193258690546,0.19486453672778742,-0.006460825292651169
choque_05pct_permanente,permanente,0.95,0.050000000000000044,True,44,85,22,10189283.791098742,0.10890135542283173,0.2107038609412546,0.2104243022228861,-0.025694359450244408
choque_05pct_permanente,permanente,0.95,0.050000000000000044,True,44,85,23,10033692.135769544,0.11166812914023273,0.17253514764233846,0.2174515139595123,-0.045947989529455086
choque_05pct_permanente,permanente,0.95,0.050000000000000044,True,44,85,24,10130113.212208826,0.10210590535966713,0.1360240342689507,0.21050405233568528,-0.05466064945934169
choque_05pct_permanente,permanente,0.95,0.050000000000000044,True,44,85,25,10599976.27167161,0.07586670814442173,0.1099303590690126,0.1904220911750259,-0.05883762176323035
choque_05pct_permanente,permanente,0.95,0.050000000000000044,True,45,86,0,7609597.0,0.138,0.03,0.12063832026847152,0.010583740505574736
choque_05pct_permanente,permanente,0.95,0.050000000000000044,True,45,86,1,7652724.38733265,0.14039181650999813,0.030000000000000027,0.11859183719691781,0.007984885903803248
choque_05pct_permanente,permanente,0.95,0.050000000000000044,True,45,86,2,7804821.945893089,0.13522708141572493,0.024181660520726123,0.1204409798147925,0.004452771995248942
choque_05pct_permanente,permanente,0.95,0.050000000000000044,True,45,86,3,8054069.1350224465,0.12563695437298492,0.026768397176334613,0.11233442999303887,0.004438612209676164
choque_05pct_permanente,permanente,0.95,0.050000000000000044,True,45,86,4,8369146.936572825,0.11160588803108798,0.029904714004077126,0.1059762311345866,0.004618977743506862
choque_05pct_permanente,permanente,0.95,0.050000000000000044,True,45,86,5,8609259.94119697,0.0958761675042918,0.04445578474383005,0.09795970200688152,0.010132773519155494
choque_05pct_permanente,permanente,0.95,0.050000000000000044,True,45,86,6,8770674.941706255,0.09148512205608639,0.06364996756780728,0.09738712275981967,0.010236080342577
choque_05pct_permanente,permanente,0.95,0.050000000000000044,True,45,86,7,8911061.239154957,0.09191906846801676,0.085992661057402,0.1046786381931926,0.011142284893516948
choque_05pct_permanente,permanente,0.95,0.050000000000000044,True,45,86,8,8921462.495502114,0.10013589101257506,0.10486519303504593,0.11810789733941161,0.013001955683328145
choque_05pct_permanente,permanente,0.95,0.050000000000000044,True,45,86,9,8847982.614014551,0.111886289316608,0.11364819367115042,0.1368050540958438,0.007747520702722809
choque_05pct_permanente,permanente,0.95,0.050000000000000044,True,45,86,10,8712659.131803079,0.1251356777859446,0.11192409179001928,0.1553697555878617,-0.0017645440089448488
choque_05pct_permanente,permanente,0.95,0.050000000000000044,True,45,86,11,8576231.494462162,0.13663768373876634,0.10042605844702956,0.16981199089296764,-0.012789870688110877
choque_05pct_permanente,permanente,0.95,0.050000000000000044,True,45,86,12,8522385.108669054,0.13813117431892982,0.08270024863499414,0.17612881632777938,-0.025815588703828593
choque_05pct_permanente,permanente,0.95,0.050000000000000044,True,45,86,13,8724284.231358316,0.12888323492861128,0.06354207382325283,0.16932071452262462,-0.031231182969369498
choque_05pct_permanente,permanente,0.95,0.050000000000000044,True,45,86,14,9107426.9761562,0.10840428207470504,0.049099445543532294,0.15499264579470726,-0.029875668774079846
choque_05pct_permanente,permanente,0.95,0.050000000000000044,True,45,86,15,9621407.26000216,0.08362976795305274,0.04734808906334842,0.13683290074897456,-0.02525823013213915
choque_05pct_permanente,permanente,0.95,0.050000000000000044,True,45,86,16,10043139.885258414,0.06281216392591854,0.06446814336953866,0.12243003164416574,-0.018520896203096573
choque_05pct_permanente,permanente,0.95,0.050000000000000044,True,45,86,17,10448662.887225175,0.0514807298040673,0.10331532169898261,0.11364963375096844,-0.011403642150049504
choque_05pct_permanente,permanente,0.95,0.050000000000000044,True,45,86,18,10805994.69203208,0.05069741992014457,0.1611498419224815,0.11476984191699838,0.005516390444353098
choque_05pct_permanente,permanente,0.95,0.050000000000000044,True,45,86,19,10963334.256883515,0.05759103250305186,0.21537083545673275,0.13297647493394915,0.013381890890576469
choque_05pct_permanente,permanente,0.95,0.050000000000000044,True,45,86,20,11005614.925040584,0.07396199779741719,0.25058603450334105,0.156946872425003,0.012900987632361173
choque_05pct_permanente,permanente,0.95,0.050000000000000044,True,45,86,21,10750465.543505652,0.08843670925123731,0.25164746147566786,0.18612954338029802,0.0027958754264921226
choque_05pct_permanente,permanente,0.95,0.050000000000000044,True,45,86,22,10471427.356103385,0.09718597595671156,0.2328274752129107,0.200731662910436,-0.013415582428963473
choque_05pct_permanente,permanente,0.95,0.050000000000000044,True,45,86,23,10202532.829906957,0.10337679905734548,0.19992055035436063,0.21182369197925865,-0.033670956725689996
choque_05pct_permanente,permanente,0.95,0.050000000000000044,True,45,86,24,10201718.47927284,0.09967350743418066,0.1647324549530802,0.21275659015183285,-0.0520587442514795
choque_05pct_permanente,permanente,0.95,0.050000000000000044,True,45,86,25,10405883.118542816,0.08539169307641772,0.13444389161591586,0.20094832833538187,-0.05575121663838767
choque_05pct_permanente,permanente,0.95,0.050000000000000044,True,46,87,0,7609597.0,0.138,0.03,0.12063832026847152,0.010583740505574736
choque_05pct_permanente,permanente,0.95,0.050000000000000044,True,46,87,1,7652724.38733265,0.14039181650999813,0.030000000000000027,0.11859183719691781,0.007984885903803248
choque_05pct_permanente,permanente,0.95,0.050000000000000044,True,46,87,2,7799057.932954765,0.13522708141572493,0.02417880353602997,0.12044503908376385,0.003936019571987566
choque_05pct_permanente,permanente,0.95,0.050000000000000044,True,46,87,3,8061381.212170868,0.12405664699595019,0.026876224925362457,0.11158195730001623,0.009199841516495342
choque_05pct_permanente,permanente,0.95,0.050000000000000044,True,46,87,4,8340000.641661577,0.109250903028756,0.030534198898975573,0.10527597395173473,0.00863498322432612
choque_05pct_permanente,permanente,0.95,0.050000000000000044,True,46,87,5,8566352.755710062,0.09838272599070022,0.04570529112183497,0.09905908096677146,0.013396124516036584
choque_05pct_permanente,permanente,0.95,0.050000000000000044,True,46,87,6,8746133.90098645,0.09318578376000788,0.0635701820873793,0.10111273447529827,0.013131337928407108
choque_05pct_permanente,permanente,0.95,0.050000000000000044,True,46,87,7,8790672.56318407,0.09911906817084468,0.0859809122752857,0.10992430269789998,0.012114571566284309
choque_05pct_permanente,permanente,0.95,0.050000000000000044,True,46,87,8,8751529.156714668,0.11158757040129148,0.09905483268879389,0.12834645059933603,0.0051702068208827915
choque_05pct_permanente,permanente,0.95,0.050000000000000044,True,46,87,9,8711611.518103382,0.12183282093153033,0.10301466828930472,0.14300964883028966,0.00323858035087858
choque_05pct_permanente,permanente,0.95,0.050000000000000044,True,46,87,10,8680280.886935834,0.12316679759902636,0.09603240869770646,0.1530423615622682,-0.004108631666903252
choque_05pct_permanente,permanente,0.95,0.050000000000000044,True,46,87,11,8723426.125332033,0.12189553707674261,0.08683183361670777,0.15610263657426574,-0.012332949945499688
choque_05pct_permanente,permanente,0.95,0.050000000000000044,True,46,87,12,8757878.96875359,0.12186965346872466,0.07578227742565957,0.1596816676355191,-0.02115253735347623
choque_05pct_permanente,permanente,0.95,0.050000000000000044,True,46,87,13,8952591.53498993,0.11395853178048909,0.06519959474803105,0.15700825935627732,-0.024104132892779545
choque_05pct_permanente,permanente,0.95,0.050000000000000044,True,46,87,14,9305138.510319635,0.09836118144393227,0.061216348098997564,0.14697225798191582,-0.027129518348717754
choque_05pct_permanente,permanente,0.95,0.050000000000000044,True,46,87,15,9683567.061490752,0.0809454668437175,0.0669521795016168,0.1339206568290183,-0.019991212817220765
choque_05pct_permanente,permanente,0.95,0.050000000000000044,True,46,87,16,10187630.460773224,0.05967575113482066,0.0876047778882203,0.12165710587471408,-0.015200911334117582
choque_05pct_permanente,permanente,0.95,0.050000000000000044,True,46,87,17,10478200.160431359,0.053173192210901526,0.12915227013902908,0.11378538883043739,-0.0015173716673603354
choque_05pct_permanente,permanente,0.95,0.050000000000000044,True,46,87,18,10703324.194203496,0.05747440533945192,0.1794452265192772,0.12470040477901628,0.007036771115581505
choque_05pct_permanente,permanente,0.95,0.050000000000000044,True,46,87,19,10808209.419885261,0.06802988578871917,0.21761463075170262,0.14620603008159264,0.008821498259555508
choque_05pct_permanente,permanente,0.95,0.050000000000000044,True,46,87,20,10729393.438697115,0.07875045070009065,0.23490212776668296,0.16791565194895022,0.0020808305992726524
choque_05pct_permanente,permanente,0.95,0.050000000000000044,True,46,87,21,10578193.435169991,0.08622092947223539,0.22980113978748373,0.1836927169730102,-0.005331416736325327
choque_05pct_permanente,permanente,0.95,0.050000000000000044,True,46,87,22,10355265.918753287,0.09595585846337891,0.21212776659649046,0.19724198406026613,-0.022090341370686495
choque_05pct_permanente,permanente,0.95,0.050000000000000044,True,46,87,23,10147847.756913392,0.10271060841104077,0.18317035339851517,0.21044673773160688,-0.0411284917258757
choque_05pct_permanente,permanente,0.95,0.050000000000000044,True,46,87,24,10239932.1951895,0.09533871844421787,0.15215318923717747,0.20717820151930566,-0.052596034896561485
choque_05pct_permanente,permanente,0.95,0.050000000000000044,True,46,87,25,10689066.541708093,0.07249244345171496,0.1289574044769255,0.18881720000552196,-0.055763336797958925
choque_05pct_permanente,permanente,0.95,0.050000000000000044,True,47,88,0,7609597.0,0.138,0.03,0.12063832026847152,0.010583740505574736
choque_05pct_permanente,permanente,0.95,0.050000000000000044,True,47,88,1,7652724.38733265,0.14039181650999813,0.030000000000000027,0.11859183719691781,0.007984885903803248
choque_05pct_permanente,permanente,0.95,0.050000000000000044,True,47,88,2,7808631.364526237,0.13523419500888026,0.02417618686562495,0.12038232720780183,0.002896805755014863
choque_05pct_permanente,permanente,0.95,0.050000000000000044,True,47,88,3,8052859.520215026,0.1263795441160846,0.026869213399270064,0.11216218388148072,0.0031332543447060643
choque_05pct_permanente,permanente,0.95,0.050000000000000044,True,47,88,4,8400373.818193762,0.10703699749929799,0.02958760648219072,0.10359226048046012,0.009143811631612814
choque_05pct_permanente,permanente,0.95,0.050000000000000044,True,47,88,5,8679430.1108481,0.09129715863748919,0.04758485802603829,0.0933057600368751,0.011841307650378467
choque_05pct_permanente,permanente,0.95,0.050000000000000044,True,47,88,6,8728175.600995658,0.09177874292493107,0.06864989176878922,0.09799519992362714,0.012953067683417393
choque_05pct_permanente,permanente,0.95,0.050000000000000044,True,47,88,7,8842357.601562403,0.09638697136748042,0.09114652097504572,0.1092810517706135,0.01591018635478461
choque_05pct_permanente,permanente,0.95,0.050000000000000044,True,47,88,8,8824045.356371958,0.10766291770993666,0.10573053425192569,0.12609285155519656,0.010201253025649781
choque_05pct_permanente,permanente,0.95,0.050000000000000044,True,47,88,9,8659732.04105957,0.12429233922872221,0.11031588611764542,0.14725550227735865,0.003886919196238559
choque_05pct_permanente,permanente,0.95,0.050000000000000044,True,47,88,10,8540653.083812613,0.1367089761385008,0.10127327013147314,0.16446711315859502,-0.007153077653440053
choque_05pct_permanente,permanente,0.95,0.050000000000000044,True,47,88,11,8459132.49602433,0.14139277395458164,0.08497628921840095,0.17407300747726318,-0.021512537400525663
choque_05pct_permanente,permanente,0.95,0.050000000000000044,True,47,88,12,8478722.548980903,0.14068586044590578,0.06466956414954517,0.1759824588106074,-0.03041766159758612
choque_05pct_permanente,permanente,0.95,0.050000000000000044,True,47,88,13,8822064.459195191,0.12249447759794749,0.0466316589691822,0.16310833266135905,-0.03259648138353866
choque_05pct_permanente,permanente,0.95,0.050000000000000044,True,47,88,14,9366883.83338771,0.09724768861827889,0.039778393216178154,0.14245464975009092,-0.028632725951121537
choque_05pct_permanente,permanente,0.95,0.050000000000000044,True,47,88,15,9823217.463153945,0.07169120124921273,0.04772907249580771,0.12567690134537668,-0.019004676679966897
choque_05pct_permanente,permanente,0.95,0.050000000000000044,True,47,88,16,10211772.440947985,0.054927684985477065,0.07833009421269188,0.11362692428391416,-0.009812474452029981
choque_05pct_permanente,permanente,0.95,0.050000000000000044,True,47,88,17,10505166.569898937,0.054160406674876975,0.13139952340849326,0.1122990326481573,-0.0011465172411826254
choque_05pct_permanente,permanente,0.95,0.050000000000000044,True,47,88,18,10777941.381490089,0.06251340809102837,0.18359205226731712,0.12994902652767024,0.005852351909294087
choque_05pct_permanente,permanente,0.95,0.050000000000000044,True,47,88,19,10824003.844222499,0.07160048223234312,0.219273227160389,0.15157349294862332,0.011030480140558444
choque_05pct_permanente,permanente,0.95,0.050000000000000044,True,47,88,20,10711756.208585154,0.07989960876321858,0.2307966739656806,0.1704354926392844,0.006340918430402667
choque_05pct_permanente,permanente,0.95,0.050000000000000044,True,47,88,21,10508281.43513541,0.09272250786336511,0.22540032940062615,0.18817626155438258,-0.007890370323732234
choque_05pct_permanente,permanente,0.95,0.050000000000000044,True,47,88,22,10199062.716782438,0.10793443940939977,0.20134624007898783,0.20940231784667931,-0.02648238986664289
choque_05pct_permanente,permanente,0.95,0.050000000000000044,True,47,88,23,10010692.060922321,0.11157700335839406,0.16916282757682866,0.21945637829169698,-0.04584678873747462
choque_05pct_permanente,permanente,0.95,0.050000000000000044,True,47,88,24,10119562.92257058,0.10098071304872665,0.1348557207524559,0.2114062223553507,-0.0589791038136936
choque_05pct_permanente,permanente,0.95,0.050000000000000044,True,47,88,25,10677473.41239583,0.07379395090698457,0.11150921027144567,0.18777375918715156,-0.05953237189421753
choque_05pct_permanente,permanente,0.95,0.050000000000000044,True,48,89,0,7609597.0,0.138,0.03,0.12063832026847152,0.010583740505574736
choque_05pct_permanente,permanente,0.95,0.050000000000000044,True,48,89,1,7652724.38733265,0.14039181650999813,0.030000000000000027,0.11859183719691781,0.007984885903803248
choque_05pct_permanente,permanente,0.95,0.050000000000000044,True,48,89,2,7788745.534371189,0.13522725419176146,0.024165029508418367,0.12051410624778447,0.0004695602660518319
choque_05pct_permanente,permanente,0.95,0.050000000000000044,True,48,89,3,8119351.715349137,0.1231283471989342,0.0269347042854573,0.10961603161549026,0.006568009040158408
choque_05pct_permanente,permanente,0.95,0.050000000000000044,True,48,89,4,8407795.74756418,0.10437202362240687,0.030987716684738098,0.10167342605621753,0.009470362556327314
choque_05pct_permanente,permanente,0.95,0.050000000000000044,True,48,89,5,8667756.124925142,0.09187096453337462,0.05021855677072784,0.09338891015773815,0.011576753515911026
choque_05pct_permanente,permanente,0.95,0.050000000000000044,True,48,89,6,8778416.62442737,0.09057978129221267,0.07113288068225443,0.09750386188850761,0.013509291000132546
choque_05pct_permanente,permanente,0.95,0.050000000000000044,True,48,89,7,8838788.454743534,0.0972127139738378,0.09463624722012565,0.10901275545941609,0.01071148331273149
choque_05pct_permanente,permanente,0.95,0.050000000000000044,True,48,89,8,8828962.522853179,0.1087634037526202,0.10789717641835295,0.12587163849551625,0.0077658372965463
choque_05pct_permanente,permanente,0.95,0.050000000000000044,True,48,89,9,8744524.4980433,0.11723654765694841,0.11107522652208734,0.14224367985146846,0.003503816155412317
choque_05pct_permanente,permanente,0.95,0.050000000000000044,True,48,89,10,8690420.969441924,0.12467826921605414,0.1037696599132405,0.15504964586955272,-0.005416225212092622
choque_05pct_permanente,permanente,0.95,0.050000000000000044,True,48,89,11,8574576.708805287,0.1343731475035921,0.09046259490109776,0.1680386215470806,-0.016587153460059956
choque_05pct_permanente,permanente,0.95,0.050000000000000044,True,48,89,12,8596722.686333405,0.1364489302641807,0.07092334734424965,0.1746556849382122,-0.026043882176879127
choque_05pct_permanente,permanente,0.95,0.050000000000000044,True,48,89,13,8746863.594072903,0.1274588395660081,0.05629681554836807,0.16888039392925053,-0.029824297469089663
choque_05pct_permanente,permanente,0.95,0.050000000000000044,True,48,89,14,9106104.045607697,0.10913056584841077,0.04530866021259472,0.1545638048615163,-0.0318731323552442
choque_05pct_permanente,permanente,0.95,0.050000000000000044,True,48,89,15,9745282.182962291,0.08330480750260588,0.04782505214307631,0.13468314536795647,-0.02716760174116406
choque_05pct_permanente,permanente,0.95,0.050000000000000044,True,48,89,16,10076309.570919123,0.05966878559295878,0.06775512627506974,0.1204778189014925,-0.017214067785375146
choque_05pct_permanente,permanente,0.95,0.050000000000000044,True,48,89,17,10531532.496543426,0.051943633421354746,0.11213856382484044,0.11115742898600958,-0.009023479967218315
choque_05pct_permanente,permanente,0.95,0.050000000000000044,True,48,89,18,10730717.133985369,0.05746227317273286,0.1668279258069798,0.12200921656700144,0.0052534647165212
choque_05pct_permanente,permanente,0.95,0.050000000000000044,True,48,89,19,10820308.2305159,0.06917626708786627,0.21094978312281398,0.14589114583508603,0.015129812851409349
choque_05pct_permanente,permanente,0.95,0.050000000000000044,True,48,89,20,10737194.497245487,0.07917733970506116,0.2313642110494858,0.16854985973188824,0.008675857000078798
choque_05pct_permanente,permanente,0.95,0.050000000000000044,True,48,89,21,10590960.506295664,0.08933227471129507,0.2288337125974984,0.18416561654292332,-0.004183569722003862
choque_05pct_permanente,permanente,0.95,0.050000000000000044,True,48,89,22,10320961.004380303,0.1006128223246855,0.2086809839700734,0.20211958156181212,-0.020778958553150817
choque_05pct_permanente,permanente,0.95,0.050000000000000044,True,48,89,23,10163167.590418078,0.10552299214044303,0.17855662519160442,0.21197906699236332,-0.04006291418314147
choque_05pct_permanente,permanente,0.95,0.050000000000000044,True,48,89,24,10280301.115258867,0.09393109066073539,0.1479576100565121,0.20559919783712532,-0.05088054306151216
choque_05pct_permanente,permanente,0.95,0.050000000000000044,True,48,89,25,10677126.92987097,0.07109562732588462,0.12681848858592248,0.18677331715850037,-0.052323882824303926
choque_05pct_permanente,permanente,0.95,0.050000000000000044,True,49,90,0,7609597.0,0.138,0.03,0.12063832026847152,0.010583740505574736
choque_05pct_permanente,permanente,0.95,0.050000000000000044,True,49,90,1,7652724.38733265,0.14039181650999813,0.030000000000000027,0.11859183719691781,0.007984885903803248
choque_05pct_permanente,permanente,0.95,0.050000000000000044,True,49,90,2,7804470.642565256,0.1352287573883706,0.024185215647746894,0.12049000488927616,0.005359312760191275
choque_05pct_permanente,permanente,0.95,0.050000000000000044,True,49,90,3,8027849.345759442,0.1255655841411258,0.02684832952137417,0.1125648952498083,0.005585819163961917
choque_05pct_permanente,permanente,0.95,0.050000000000000044,True,49,90,4,8330622.934927858,0.11098565448723459,0.029926568407220522,0.10519451870298377,0.006937813528235144
choque_05pct_permanente,permanente,0.95,0.050000000000000044,True,49,90,5,8657885.79627786,0.09297820174210886,0.045336826112175155,0.09473989612380758,0.011784423906371752
choque_05pct_permanente,permanente,0.95,0.050000000000000044,True,49,90,6,8903119.706031997,0.08295513007714891,0.06601786513480956,0.09268643055421087,0.018353658353228032
choque_05pct_permanente,permanente,0.95,0.050000000000000044,True,49,90,7,8899336.627938448,0.09188569153479444,0.09478343752697915,0.10220162407695431,0.019146431822125172
choque_05pct_permanente,permanente,0.95,0.050000000000000044,True,49,90,8,8818648.696035372,0.10920994168936568,0.11153305597956553,0.1280046902090529,0.011261224256027406
choque_05pct_permanente,permanente,0.95,0.050000000000000044,True,49,90,9,8653778.602905348,0.12829810962992305,0.11558672914711599,0.15136531121609056,0.006060132767810061
choque_05pct_permanente,permanente,0.95,0.050000000000000044,True,49,90,10,8473247.58361712,0.14223633721392112,0.10438463353762595,0.17062632190717342,-0.009709628297712155
choque_05pct_permanente,permanente,0.95,0.050000000000000044,True,49,90,11,8372739.090317146,0.14849162008386577,0.08479718211420373,0.17936742625605942,-0.021792316333258368
choque_05pct_permanente,permanente,0.95,0.050000000000000044,True,49,90,12,8514942.625154825,0.1398641950593329,0.06148708729414931,0.17498282675715837,-0.031467009636328744
choque_05pct_permanente,permanente,0.95,0.050000000000000044,True,49,90,13,8901364.617326926,0.11776990262952704,0.04403164813799565,0.1580782437769198,-0.03350933876994841
choque_05pct_permanente,permanente,0.95,0.050000000000000044,True,49,90,14,9427083.835112115,0.09565869463571923,0.03762090456786482,0.14166256421294157,-0.03010001623983593
choque_05pct_permanente,permanente,0.95,0.050000000000000044,True,49,90,15,9725182.622545455,0.07553314260273673,0.04707638579260465,0.12973706786894032,-0.024098851557120445
choque_05pct_permanente,permanente,0.95,0.050000000000000044,True,49,90,16,10142953.589951167,0.0663662248144262,0.07577648629945344,0.12126267173988381,-0.01690889330559835
choque_05pct_permanente,permanente,0.95,0.050000000000000044,True,49,90,17,10362728.815705974,0.05975004995969425,0.11509782203525676,0.12422853423057106,-0.007514890060158865
choque_05pct_permanente,permanente,0.95,0.050000000000000044,True,49,90,18,10590714.295033423,0.0643791765826664,0.16263419055938666,0.1290784239854408,0.0021546022526960826
choque_05pct_permanente,permanente,0.95,0.050000000000000044,True,49,90,19,10745963.706582023,0.06636350968000759,0.1958532923741385,0.1463980582056062,0.005239982852528692
choque_05pct_permanente,permanente,0.95,0.050000000000000044,True,49,90,20,10855278.938235996,0.06626587239565854,0.21973067803042334,0.15431653748263444,0.00834943765285991
choque_05pct_permanente,permanente,0.95,0.050000000000000044,True,49,90,21,10705647.682696482,0.07772533771662286,0.2301729101526444,0.17092270391593992,0.002380696056011504
choque_05pct_permanente,permanente,0.95,0.050000000000000044,True,49,90,22,10503908.764464216,0.09480583357695849,0.22158070612228498,0.19674732415936425,-0.013504721777115024
choque_05pct_permanente,permanente,0.95,0.050000000000000044,True,49,90,23,10297382.909555925,0.10485316040257556,0.19627902094127148,0.21350297795033754,-0.03402521478227364
choque_05pct_permanente,permanente,0.95,0.050000000000000044,True,49,90,24,10228934.856783956,0.09998498530664983,0.1653348982810101,0.2132911140817162,-0.04917652343415558
choque_05pct_permanente,permanente,0.95,0.050000000000000044,True,49,90,25,10639935.20015394,0.07504939660487431,0.13901344115805814,0.1926390489679426,-0.050946558184653996
choque_05pct_permanente,permanente,0.95,0.050000000000000044,True,50,91,0,7609597.0,0.138,0.03,0.12063832026847152,0.010583740505574736
choque_05pct_permanente,permanente,0.95,0.050000000000000044,True,50,91,1,7652724.38733265,0.14039181650999813,0.030000000000000027,0.11859183719691781,0.007984885903803248
choque_05pct_permanente,permanente,0.95,0.050000000000000044,True,50,91,2,7795691.212022595,0.13522711004353757,0.024180982837973097,0.12052617538019682,0.0038143913401356283
choque_05pct_permanente,permanente,0.95,0.050000000000000044,True,50,91,3,8058841.097905883,0.12372736081596956,0.02684336094838935,0.1116055226809948,0.0057099445711527455
choque_05pct_permanente,permanente,0.95,0.050000000000000044,True,50,91,4,8367516.433513962,0.10797109944096267,0.03072100257889021,0.10361561244515391,0.00820469788828905
choque_05pct_permanente,permanente,0.95,0.050000000000000044,True,50,91,5,8666663.816407701,0.09381594769672423,0.047496407376072414,0.09520603110978341,0.011376749336130754
choque_05pct_permanente,permanente,0.95,0.050000000000000044,True,50,91,6,8799022.710550254,0.0892632304781775,0.06768668328014682,0.09680178775031055,0.012481678375927285
choque_05pct_permanente,permanente,0.95,0.050000000000000044,True,50,91,7,8868320.385844085,0.0961494234095566,0.09189930662174661,0.10659288108629762,0.01573144433198908
choque_05pct_permanente,permanente,0.95,0.050000000000000044,True,50,91,8,8817966.460232925,0.1064873406236691,0.10642635129262024,0.12619237473647055,0.010030895876011369
choque_05pct_permanente,permanente,0.95,0.050000000000000044,True,50,91,9,8700418.31644101,0.12111108490998686,0.1123539873977224,0.14412084609760062,0.0039271966344216576
choque_05pct_permanente,permanente,0.95,0.050000000000000044,True,50,91,10,8559621.504002327,0.13306896153296566,0.10369608824152077,0.16244962457485626,-0.007555728063762567
choque_05pct_permanente,permanente,0.95,0.050000000000000044,True,50,91,11,8502774.819514072,0.13790428133596996,0.08797754567838179,0.17143847970300427,-0.017034054210022444
choque_05pct_permanente,permanente,0.95,0.050000000000000044,True,50,91,12,8560632.657465912,0.13500827023145343,0.06915965509697508,0.17248817677400477,-0.026063327830486985
choque_05pct_permanente,permanente,0.95,0.050000000000000044,True,50,91,13,8779523.299618509,0.12426514335220401,0.053490234182978824,0.16399704872601684,-0.029240631147927423
choque_05pct_permanente,permanente,0.95,0.050000000000000044,True,50,91,14,9228614.905782294,0.10167038247372506,0.04481516844691358,0.14784646169408824,-0.026517193365304424
choque_05pct_permanente,permanente,0.95,0.050000000000000044,True,50,91,15,9729883.482797692,0.07646263560654983,0.04927772555358367,0.1297528625149906,-0.020730047737088635
choque_05pct_permanente,permanente,0.95,0.050000000000000044,True,50,91,16,10180822.608306417,0.058532654484545074,0.073763988431645,0.11694645625558378,-0.012756042861765148
choque_05pct_permanente,permanente,0.95,0.050000000000000044,True,50,91,17,10493390.015356619,0.05157842670983582,0.12071593047559603,0.11268556480783501,-0.001816543475395032
choque_05pct_permanente,permanente,0.95,0.050000000000000044,True,50,91,18,10731417.780472541,0.05811854646112889,0.1762509356000017,0.12336395016646229,0.010992861793057038
choque_05pct_permanente,permanente,0.95,0.050000000000000044,True,50,91,19,10787823.967806106,0.07234209187521624,0.21737196950194737,0.15024521141049788,0.010646106612103296
choque_05pct_permanente,permanente,0.95,0.050000000000000044,True,50,91,20,10703189.947940355,0.08410971273771951,0.23158060795688296,0.17407706359826478,0.0036267548836509613
choque_05pct_permanente,permanente,0.95,0.050000000000000044,True,50,91,21,10480800.418923592,0.09150620636106745,0.2258299375753825,0.1885600519187576,-0.01158356179294958
choque_05pct_permanente,permanente,0.95,0.050000000000000044,True,50,91,22,10281402.669121038,0.0985599554855599,0.20372718846677595,0.19877412875391817,-0.025769146759806738
choque_05pct_permanente,permanente,0.95,0.050000000000000044,True,50,91,23,10338322.33365228,0.09117270524726123,0.17523787352273335,0.19943708923582656,-0.038450580890058324
choque_05pct_permanente,permanente,0.95,0.050000000000000044,True,50,91,24,10470293.395541992,0.07908447027113932,0.15252415265684904,0.19043453071738042,-0.04452540771404304
choque_05pct_permanente,permanente,0.95,0.050000000000000044,True,50,91,25,10900372.474114334,0.05806803788533878,0.14093966746783848,0.17587442980954088,-0.04554630619212967
choque_05pct_permanente,permanente,0.95,0.050000000000000044,True,51,92,0,7609597.0,0.138,0.03,0.12063832026847152,0.010583740505574736
choque_05pct_permanente,permanente,0.95,0.050000000000000044,True,51,92,1,7652724.38733265,0.14039181650999813,0.030000000000000027,0.11859183719691781,0.007984885903803248
choque_05pct_permanente,permanente,0.95,0.050000000000000044,True,51,92,2,7794191.79170623,0.13522784822539224,0.024173084590923155,0.1204959378202569,0.002523905556719615
choque_05pct_permanente,permanente,0.95,0.050000000000000044,True,51,92,3,8078991.28352015,0.12335315284928645,0.02689749666689578,0.11087315923138238,0.006435599892468154
choque_05pct_permanente,permanente,0.95,0.050000000000000044,True,51,92,4,8404384.1083067,0.10751922643493791,0.030918696725338535,0.10305269419279105,0.007446209892611805
choque_05pct_permanente,permanente,0.95,0.050000000000000044,True,51,92,5,8611716.401607167,0.09502681770809313,0.046676670509459894,0.09688209206463168,0.011492271504317461
choque_05pct_permanente,permanente,0.95,0.050000000000000044,True,51,92,6,8858556.950271528,0.08799214241018544,0.06592666794657043,0.09743469108320292,0.008675105931704041
choque_05pct_permanente,permanente,0.95,0.050000000000000044,True,51,92,7,8909926.512616556,0.09351916327710379,0.0922152559337861,0.10437636180320062,0.015438075934904509
choque_05pct_permanente,permanente,0.95,0.050000000000000044,True,51,92,8,8890762.186865574,0.1042667787980562,0.10773631373886894,0.12322393892867978,0.013492370530838085
choque_05pct_permanente,permanente,0.95,0.050000000000000044,True,51,92,9,8790403.468931587,0.11760272613754831,0.11627602210801369,0.14092990642322922,0.0070731119511542465
choque_05pct_permanente,permanente,0.95,0.050000000000000044,True,51,92,10,8614812.194931155,0.13067003341840466,0.10937141802097283,0.1607985924846785,-0.006356459233219703
choque_05pct_permanente,permanente,0.95,0.050000000000000044,True,51,92,11,8477381.696807753,0.1409106181009218,0.09553539908863673,0.17322403715717385,-0.016564071737181968
choque_05pct_permanente,permanente,0.95,0.050000000000000044,True,51,92,12,8495663.663898833,0.13916659835764733,0.07431338481864858,0.17737851635932508,-0.028642929707428055
choque_05pct_permanente,permanente,0.95,0.050000000000000044,True,51,92,13,8668769.934473515,0.130129251706224,0.05590353243679114,0.1698135642922453,-0.03146166189753557
choque_05pct_permanente,permanente,0.95,0.050000000000000044,True,51,92,14,9064086.489059005,0.10943444019431536,0.04242665200344353,0.15564054657587847,-0.03550256111142729
choque_05pct_permanente,permanente,0.95,0.050000000000000044,True,51,92,15,9729955.93925036,0.08192498468880084,0.04331145440990514,0.13467426445025862,-0.02803172797969871
choque_05pct_permanente,permanente,0.95,0.050000000000000044,True,51,92,16,10080443.212545294,0.0634446550747243,0.061731789722264674,0.12252933634704473,-0.024244944578771167
choque_05pct_permanente,permanente,0.95,0.050000000000000044,True,51,92,17,10349544.452455979,0.05841361971710977,0.10252658809708537,0.11904790254200093,-0.011721633621102397
choque_05pct_permanente,permanente,0.95,0.050000000000000044,True,51,92,18,10573180.995860059,0.06171260680541881,0.14998530597615045,0.12858558514787832,-0.0026273889980734824
choque_05pct_permanente,permanente,0.95,0.050000000000000044,True,51,92,19,10815753.896629632,0.0628698988846514,0.191443144993368,0.14122843936248292,0.005217049398859593
choque_05pct_permanente,permanente,0.95,0.050000000000000044,True,51,92,20,10908721.661504604,0.0632376493580008,0.22094920198235624,0.1500413013823253,0.008616504505237356
choque_05pct_permanente,permanente,0.95,0.050000000000000044,True,51,92,21,10865565.584931225,0.07076648297234421,0.23910643736094195,0.1634123226563666,0.0014202296598691958
choque_05pct_permanente,permanente,0.95,0.050000000000000044,True,51,92,22,10776616.070692701,0.08000718966834111,0.23587791955058734,0.18310074591609063,-0.00788040125754888
choque_05pct_permanente,permanente,0.95,0.050000000000000044,True,51,92,23,10670348.789672848,0.08412541505723722,0.22154912195010534,0.19489167802064522,-0.019727113269328266
choque_05pct_permanente,permanente,0.95,0.050000000000000044,True,51,92,24,10649367.193605563,0.08421674698478156,0.1995508242645212,0.19890435497814493,-0.03405727404867161
choque_05pct_permanente,permanente,0.95,0.050000000000000044,True,51,92,25,10657066.730858525,0.08132679204157141,0.18015722740275875,0.19881085545837904,-0.04201579351080379
choque_05pct_permanente,permanente,0.95,0.050000000000000044,True,52,93,0,7609597.0,0.138,0.03,0.12063832026847152,0.010583740505574736
choque_05pct_permanente,permanente,0.95,0.050000000000000044,True,52,93,1,7652724.38733265,0.14039181650999813,0.030000000000000027,0.11859183719691781,0.007984885903803248
choque_05pct_permanente,permanente,0.95,0.050000000000000044,True,52,93,2,7797310.110671256,0.13522708141572493,0.02418730354829446,0.12050356797761655,0.005698489844893109
choque_05pct_permanente,permanente,0.95,0.050000000000000044,True,52,93,3,8067271.3662353465,0.12477863558517775,0.026840350469925278,0.11156715018549192,0.006383646089709615
choque_05pct_permanente,permanente,0.95,0.050000000000000044,True,52,93,4,8369207.6639381265,0.10927626407331568,0.030263740959604712,0.10479874452813549,0.006970959287504312
choque_05pct_permanente,permanente,0.95,0.050000000000000044,True,52,93,5,8619066.473865876,0.09508596925586198,0.04555114011038919,0.09718412531792958,0.01336623132997512
choque_05pct_permanente,permanente,0.95,0.050000000000000044,True,52,93,6,8742576.742530044,0.09160154245483206,0.06538164903035781,0.09931332782609707,0.011859863643611447
choque_05pct_permanente,permanente,0.95,0.050000000000000044,True,52,93,7,8813673.678106846,0.0995007913178027,0.08808405988305523,0.10949474331757948,0.009994398357424406
choque_05pct_permanente,permanente,0.95,0.050000000000000044,True,52,93,8,8811826.854770267,0.10835618397301774,0.10093953149251123,0.12631896857179062,0.00912512883261102
choque_05pct_permanente,permanente,0.95,0.050000000000000044,True,52,93,9,8785741.808998464,0.1148422265899857,0.10650503853533966,0.13923309863473102,0.0004986110835889235
choque_05pct_permanente,permanente,0.95,0.050000000000000044,True,52,93,10,8736192.892753378,0.12271386718527151,0.102183479933742,0.15109596452677604,-0.004378484422795255
choque_05pct_permanente,permanente,0.95,0.050000000000000044,True,52,93,11,8687068.613926893,0.12673464220406327,0.09314863592913913,0.159171813316739,-0.011891361861906627
choque_05pct_permanente,permanente,0.95,0.050000000000000044,True,52,93,12,8789997.32659459,0.1181340048242668,0.07923620283818078,0.15966210165330175,-0.021111025350855833
choque_05pct_permanente,permanente,0.95,0.050000000000000044,True,52,93,13,8982999.60928472,0.109878124009107,0.07037487289583821,0.15292704566940593,-0.023459363916594957
choque_05pct_permanente,permanente,0.95,0.050000000000000044,True,52,93,14,9306148.168475425,0.09689463654016071,0.06445786174521007,0.14648425280148955,-0.024353755943988538
choque_05pct_permanente,permanente,0.95,0.050000000000000044,True,52,93,15,9721213.701629078,0.07875867999755673,0.07105018182476774,0.13520757872491354,-0.020280707128427167
choque_05pct_permanente,permanente,0.95,0.050000000000000044,True,52,93,16,10057984.02441457,0.06631226287555092,0.0908169177895366,0.1262454923690167,-0.013320791672726914
choque_05pct_permanente,permanente,0.95,0.050000000000000044,True,52,93,17,10432757.604458198,0.05955217465481583,0.12467050269700675,0.12474449829799646,-0.008631843438361856
choque_05pct_permanente,permanente,0.95,0.050000000000000044,True,52,93,18,10473477.19426443,0.06591941575330834,0.1660609372931925,0.1342938595958856,-0.0017374481169815015
choque_05pct_permanente,permanente,0.95,0.050000000000000044,True,52,93,19,10601818.64819687,0.07474045150891363,0.19383057995030484,0.15422894012884647,-0.0005699131593183003
choque_05pct_permanente,permanente,0.95,0.050000000000000044,True,52,93,20,10618958.381396376,0.07806376997687776,0.20640998046176295,0.16673961139545118,-0.005567056485998852
choque_05pct_permanente,permanente,0.95,0.050000000000000044,True,52,93,21,10570081.214952344,0.07846122686472247,0.20608674928932125,0.1748044573302837,-0.012132779685362749
choque_05pct_permanente,permanente,0.95,0.050000000000000044,True,52,93,22,10535126.895332307,0.08111306856892404,0.19861963868514287,0.18246019118676532,-0.017910065361162263
choque_05pct_permanente,permanente,0.95,0.050000000000000044,True,52,93,23,10501872.453586547,0.08491322187288655,0.18576576512454857,0.1917007233282912,-0.02621645245363266
choque_05pct_permanente,permanente,0.95,0.050000000000000044,True,52,93,24,10572802.257158952,0.0805240581849741,0.17076585062784666,0.19390650676443386,-0.03832445246358357
choque_05pct_permanente,permanente,0.95,0.050000000000000044,True,52,93,25,10976601.865810776,0.059600412039826314,0.16025336096629594,0.1803526729116889,-0.04179382823556589
choque_05pct_permanente,permanente,0.95,0.050000000000000044,True,53,94,0,7609597.0,0.138,0.03,0.12063832026847152,0.010583740505574736
choque_05pct_permanente,permanente,0.95,0.050000000000000044,True,53,94,1,7652724.38733265,0.14039181650999813,0.030000000000000027,0.11859183719691781,0.007984885903803248
choque_05pct_permanente,permanente,0.95,0.050000000000000044,True,53,94,2,7800364.714578894,0.13522708141572493,0.02417665447498707,0.1205084031857509,0.0031779265503186454
choque_05pct_permanente,permanente,0.95,0.050000000000000044,True,53,94,3,8047421.528964165,0.12384496325063167,0.026878190154184356,0.11172828586546428,0.006616885111921646
choque_05pct_permanente,permanente,0.95,0.050000000000000044,True,53,94,4,8425434.043576663,0.10846612699855748,0.030628215620742028,0.10430124005114454,0.0051303263710420835
choque_05pct_permanente,permanente,0.95,0.050000000000000044,True,53,94,5,8585072.5906147,0.09535961177469235,0.04721618967234442,0.09712521824245147,0.009827445608217853
choque_05pct_permanente,permanente,0.95,0.050000000000000044,True,53,94,6,8780683.073224178,0.09023872072222555,0.0658669965229397,0.09793784281126976,0.010807503114212356
choque_05pct_permanente,permanente,0.95,0.050000000000000044,True,53,94,7,8908849.064467449,0.09247128281908153,0.09004031581556582,0.1046271346199782,0.01423014675138528
choque_05pct_permanente,permanente,0.95,0.050000000000000044,True,53,94,8,8924066.270849431,0.10105858828242884,0.10618375278773984,0.119442968702825,0.012074288726306283
choque_05pct_permanente,permanente,0.95,0.050000000000000044,True,53,94,9,8885310.025527574,0.11097427736782778,0.11493835511527095,0.13613939292655552,0.008333590436377556
choque_05pct_permanente,permanente,0.95,0.050000000000000044,True,53,94,10,8715028.54107456,0.1247157064928474,0.11229992888153939,0.15506917662833017,-0.00303918584395992
choque_05pct_permanente,permanente,0.95,0.050000000000000044,True,53,94,11,8584493.125907792,0.13622106166777675,0.09885909317073471,0.17165587100432142,-0.01667860173072376
choque_05pct_permanente,permanente,0.95,0.050000000000000044,True,53,94,12,8521859.797923673,0.14307998086461038,0.08087565333070845,0.1795199081034908,-0.026474847904526946
choque_05pct_permanente,permanente,0.95,0.050000000000000044,True,53,94,13,8624705.38620307,0.13508610155734416,0.06006425217221878,0.17673052561042812,-0.03310185976253067
choque_05pct_permanente,permanente,0.95,0.050000000000000044,True,53,94,14,9047592.667112233,0.11402139009430545,0.04515067116616245,0.1589062537570188,-0.0318534925127177
choque_05pct_permanente,permanente,0.95,0.050000000000000044,True,53,94,15,9561434.376352603,0.08934901893751727,0.04134666233978557,0.1398144691983703,-0.02799217609574772
choque_05pct_permanente,permanente,0.95,0.050000000000000044,True,53,94,16,10052357.292295055,0.06523228510730614,0.05598104367805856,0.12401998970984388,-0.02242095194212195
choque_05pct_permanente,permanente,0.95,0.050000000000000044,True,53,94,17,10479180.270964332,0.04845632262011313,0.09307477257606567,0.11187961428489841,-0.011565057895751768
choque_05pct_permanente,permanente,0.95,0.050000000000000044,True,53,94,18,10866176.479010785,0.04956611678217765,0.1570645313661927,0.1094818893932564,0.0064437646302058895
choque_05pct_permanente,permanente,0.95,0.050000000000000044,True,53,94,19,10919730.405322742,0.06420743805470501,0.21358622386431625,0.13638465584271428,0.015305616646939572
choque_05pct_permanente,permanente,0.95,0.050000000000000044,True,53,94,20,10927526.359285586,0.07759549503396528,0.2423154582347531,0.1669468054950085,0.011726499714974713
choque_05pct_permanente,permanente,0.95,0.050000000000000044,True,53,94,21,10708307.744350448,0.09160083570537111,0.2441478159398991,0.18644983206865948,0.00027205895069366706
choque_05pct_permanente,permanente,0.95,0.050000000000000044,True,53,94,22,10217229.143013537,0.11057205158896488,0.22281718634364678,0.21118579640577084,-0.020107401738754645
choque_05pct_permanente,permanente,0.95,0.050000000000000044,True,53,94,23,10033340.950501053,0.1165911968002166,0.18438216656542505,0.22354465184327577,-0.041793271301114744
choque_05pct_permanente,permanente,0.95,0.050000000000000044,True,53,94,24,9974439.45354506,0.11078448102141425,0.14404416194776481,0.22035985860395177,-0.05952833371675273
choque_05pct_permanente,permanente,0.95,0.050000000000000044,True,53,94,25,10465958.870263314,0.08453217349601405,0.10962978992107653,0.19919508352058324,-0.06156173788442737
choque_05pct_permanente,permanente,0.95,0.050000000000000044,True,54,95,0,7609597.0,0.138,0.03,0.12063832026847152,0.010583740505574736
choque_05pct_permanente,permanente,0.95,0.050000000000000044,True,54,95,1,7652724.38733265,0.14039181650999813,0.030000000000000027,0.11859183719691781,0.007984885903803248
choque_05pct_permanente,permanente,0.95,0.050000000000000044,True,54,95,2,7798206.076406029,0.13522738819779181,0.024173647852955282,0.1205616531309737,0.0024655141857042283
choque_05pct_permanente,permanente,0.95,0.050000000000000044,True,54,95,3,8036482.831215942,0.12568528094807072,0.026868451437721763,0.11217572816903318,0.00486302077065768
choque_05pct_permanente,permanente,0.95,0.050000000000000044,True,54,95,4,8387971.318033951,0.10840543213340435,0.02984480746403384,0.1036100285899246,0.007320596854689898
choque_05pct_permanente,permanente,0.95,0.050000000000000044,True,54,95,5,8711945.063163279,0.09247070570985032,0.045358697068931475,0.09407770044385678,0.01358042073127264
choque_05pct_permanente,permanente,0.95,0.050000000000000044,True,54,95,6,8833292.236396044,0.08575240334320536,0.06673245035098296,0.09542206516855584,0.014663496333538563
choque_05pct_permanente,permanente,0.95,0.050000000000000044,True,54,95,7,8856063.369176343,0.09651882396447509,0.09412596160882214,0.10649995874156025,0.014759390178879438
choque_05pct_permanente,permanente,0.95,0.050000000000000044,True,54,95,8,8786462.759236364,0.11322341255280267,0.10861207321489452,0.13040740873108553,0.01029324994347305
choque_05pct_permanente,permanente,0.95,0.050000000000000044,True,54,95,9,8638048.547210345,0.12771340260494027,0.11163629795214458,0.1500141758381882,0.0010811401809874902
choque_05pct_permanente,permanente,0.95,0.050000000000000044,True,54,95,10,8532560.948676633,0.13617468213173947,0.10038547158057742,0.1644979147181409,-0.008727743502617912
choque_05pct_permanente,permanente,0.95,0.050000000000000044,True,54,95,11,8465997.365218088,0.14270768107659457,0.08223883747231975,0.1737900702418343,-0.019234659719077594
choque_05pct_permanente,permanente,0.95,0.050000000000000044,True,54,95,12,8477316.601050641,0.14151295352294477,0.06211900094670941,0.1767470010091435,-0.03155776840360227
choque_05pct_permanente,permanente,0.95,0.050000000000000044,True,54,95,13,8802549.340785913,0.12489547111249193,0.04422228092841807,0.16366138924453377,-0.03177620564044372
choque_05pct_permanente,permanente,0.95,0.050000000000000044,True,54,95,14,9341087.126988955,0.09699084090472727,0.03670949629006581,0.14251714390494621,-0.02858351232183441
choque_05pct_permanente,permanente,0.95,0.050000000000000044,True,54,95,15,9863820.458254768,0.07046797836665432,0.04542848265088262,0.12340015474346444,-0.019774229304917592
choque_05pct_permanente,permanente,0.95,0.050000000000000044,True,54,95,16,10257674.974368373,0.05399008108743236,0.07901555391452897,0.11065021350814716,-0.01040711682717643
choque_05pct_permanente,permanente,0.95,0.050000000000000044,True,54,95,17,10533817.424230168,0.05323814869135362,0.13331901149961833,0.11017151038544583,-0.0001268942109239814
choque_05pct_permanente,permanente,0.95,0.050000000000000044,True,54,95,18,10741328.782731578,0.06335367689400188,0.1893817092297725,0.12830753307386225,0.01165156965088524
choque_05pct_permanente,permanente,0.95,0.050000000000000044,True,54,95,19,10814983.722208107,0.07137553124722508,0.2229096469842271,0.15265853580797503,0.012998530651870868
choque_05pct_permanente,permanente,0.95,0.050000000000000044,True,54,95,20,10628135.22724631,0.08229361282523162,0.23646226661683922,0.17098167910331663,0.0040858108805602675
choque_05pct_permanente,permanente,0.95,0.050000000000000044,True,54,95,21,10367142.201684574,0.09644259052930597,0.225753978347633,0.19298604841015846,-0.012307681427161907
choque_05pct_permanente,permanente,0.95,0.050000000000000044,True,54,95,22,10145986.212198762,0.10793395860333638,0.19933676290666913,0.2090086971884862,-0.03179441043533149
choque_05pct_permanente,permanente,0.95,0.050000000000000044,True,54,95,23,10044153.66271337,0.10791079894813758,0.16468550322152864,0.21358768135524506,-0.04684592410312073
choque_05pct_permanente,permanente,0.95,0.050000000000000044,True,54,95,24,10317218.24972767,0.0904010360044013,0.1308508102997834,0.2012791431758628,-0.0549095343590427
choque_05pct_permanente,permanente,0.95,0.050000000000000044,True,54,95,25,10695464.221001934,0.06929964218073385,0.11314122825517292,0.18244301278528405,-0.054821405748772666
choque_05pct_permanente,permanente,0.95,0.050000000000000044,True,55,96,0,7609597.0,0.138,0.03,0.12063832026847152,0.010583740505574736
choque_05pct_permanente,permanente,0.95,0.050000000000000044,True,55,96,1,7652724.38733265,0.14039181650999813,0.030000000000000027,0.11859183719691781,0.007984885903803248
choque_05pct_permanente,permanente,0.95,0.050000000000000044,True,55,96,2,7799628.759329893,0.13522708141572493,0.024181567532336024,0.12043641849580954,0.004489721160279836
choque_05pct_permanente,permanente,0.95,0.050000000000000044,True,55,96,3,8049268.576860042,0.12440072780741109,0.026819913604878787,0.1119123861709011,0.006367074390362885
choque_05pct_permanente,permanente,0.95,0.050000000000000044,True,55,96,4,8372008.636857019,0.10860645147977979,0.03040098219448839,0.1039266163838812,0.01110357224563021
choque_05pct_permanente,permanente,0.95,0.050000000000000044,True,55,96,5,8627831.419308433,0.0913895071007296,0.045741987695451236,0.09575909616671181,0.0117500417477032
choque_05pct_permanente,permanente,0.95,0.050000000000000044,True,55,96,6,8825689.997655796,0.08843445652261836,0.06881754193976741,0.09471987520111996,0.01444428434042875
choque_05pct_permanente,permanente,0.95,0.050000000000000044,True,55,96,7,8880914.15380703,0.0933840515488792,0.09256226532542433,0.10666262053232928,0.01729127731045762
choque_05pct_permanente,permanente,0.95,0.050000000000000044,True,55,96,8,8843467.868779253,0.10788775240890337,0.10952669615013666,0.1256867161728781,0.016101686706309758
choque_05pct_permanente,permanente,0.95,0.050000000000000044,True,55,96,9,8659576.248834597,0.12762449503145062,0.1135091510120243,0.15051374628052713,0.0022979230665228457
choque_05pct_permanente,permanente,0.95,0.050000000000000044,True,55,96,10,8471046.111423085,0.14223085329676663,0.1038250928262685,0.1697382304022679,-0.009345252974115857
choque_05pct_permanente,permanente,0.95,0.050000000000000044,True,55,96,11,8421603.86282101,0.143712816812786,0.08457898770529271,0.17640044540197888,-0.019982727774754353
choque_05pct_permanente,permanente,0.95,0.050000000000000044,True,55,96,12,8503221.789814748,0.13854573144384538,0.06409003000827451,0.17354858050802247,-0.028755465440691564
choque_05pct_permanente,permanente,0.95,0.050000000000000044,True,55,96,13,8768619.185156135,0.12208475985230667,0.04600854433125079,0.16358043991439405,-0.032984740013220486
choque_05pct_permanente,permanente,0.95,0.050000000000000044,True,55,96,14,9320329.638245728,0.09893086779235387,0.038443144400025275,0.14366299716488695,-0.030265235086406748
choque_05pct_permanente,permanente,0.95,0.050000000000000044,True,55,96,15,9806270.79525327,0.07316116239517041,0.04617957700653763,0.12696048634485946,-0.023161773762472714
choque_05pct_permanente,permanente,0.95,0.050000000000000044,True,55,96,16,10245499.484153027,0.05542825006159374,0.07549093883855784,0.11388626349703074,-0.01405370143129062
choque_05pct_permanente,permanente,0.95,0.050000000000000044,True,55,96,17,10474265.950853141,0.055351396151569726,0.12745428983558083,0.11334665059391627,-0.0024479478487100708
choque_05pct_permanente,permanente,0.95,0.050000000000000044,True,55,96,18,10636392.929657878,0.06830599049310856,0.17722079147286096,0.13346260672469842,0.00625719798635043
choque_05pct_permanente,permanente,0.95,0.050000000000000044,True,55,96,19,10784532.128734306,0.06914375322745737,0.20837317687058898,0.15411133027715407,0.00509579780349344
choque_05pct_permanente,permanente,0.95,0.050000000000000044,True,55,96,20,10776865.689041981,0.07108288465048526,0.2254788180832532,0.15827813489296227,0.0042527806246290475
choque_05pct_permanente,permanente,0.95,0.050000000000000044,True,55,96,21,10668336.443870286,0.07658227873765411,0.2289623583085867,0.17316977047324375,-0.004821340738570135
choque_05pct_permanente,permanente,0.95,0.050000000000000044,True,55,96,22,10520856.089383522,0.0871738688591597,0.21920988771970729,0.18935179448214765,-0.01769338988188098
choque_05pct_permanente,permanente,0.95,0.050000000000000044,True,55,96,23,10427122.7091203,0.09154651129460188,0.19750934052124558,0.20180719237762496,-0.032969406183797755
choque_05pct_permanente,permanente,0.95,0.050000000000000044,True,55,96,24,10452394.536333181,0.08622065179145888,0.1735499231244202,0.2008126885477725,-0.041314004515782425
choque_05pct_permanente,permanente,0.95,0.050000000000000044,True,55,96,25,10802327.31983715,0.07000004185631722,0.15491668265556968,0.18718949583087025,-0.04228888396642507
choque_05pct_permanente,permanente,0.95,0.050000000000000044,True,56,97,0,7609597.0,0.138,0.03,0.12063832026847152,0.010583740505574736
choque_05pct_permanente,permanente,0.95,0.050000000000000044,True,56,97,1,7652724.38733265,0.14039181650999813,0.030000000000000027,0.11859183719691781,0.007984885903803248
choque_05pct_permanente,permanente,0.95,0.050000000000000044,True,56,97,2,7800889.8817858,0.13522708141572493,0.02418397581320786,0.12050314319611728,0.005027015558220259
choque_05pct_permanente,permanente,0.95,0.050000000000000044,True,56,97,3,8049071.331758129,0.12454749800016575,0.026845742110161552,0.11191776991396674,0.00630689999576099
choque_05pct_permanente,permanente,0.95,0.050000000000000044,True,56,97,4,8407556.744374042,0.10813007583767523,0.030353612076337688,0.10385349962184844,0.005521636195223185
choque_05pct_permanente,permanente,0.95,0.050000000000000044,True,56,97,5,8621932.565695023,0.09551880895813626,0.04629219582503996,0.09700135245125519,0.00809891488755
choque_05pct_permanente,permanente,0.95,0.050000000000000044,True,56,97,6,8801340.77231675,0.09002501627104069,0.0658358447646763,0.09757575767299549,0.007724459689795166
choque_05pct_permanente,permanente,0.95,0.050000000000000044,True,56,97,7,8951911.666236365,0.09008791281816364,0.08986594992391805,0.1027130651915583,0.014201859782748688
choque_05pct_permanente,permanente,0.95,0.050000000000000044,True,56,97,8,8934507.166213697,0.09777595346001164,0.10833808821741364,0.11805499679321058,0.011923403846085898
choque_05pct_permanente,permanente,0.95,0.050000000000000044,True,56,97,9,8817927.399823368,0.11540603798133044,0.11831977097919655,0.1390747271171158,0.008352142914238381
choque_05pct_permanente,permanente,0.95,0.050000000000000044,True,56,97,10,8663338.996241553,0.13033745991628867,0.11331525476540372,0.16122048627590282,-0.005103315685536541
choque_05pct_permanente,permanente,0.95,0.050000000000000044,True,56,97,11,8507452.100603428,0.14045533915742922,0.09890985601974989,0.1740947819431176,-0.013945498438566267
choque_05pct_permanente,permanente,0.95,0.050000000000000044,True,56,97,12,8518824.411453962,0.1386453808184587,0.07808431083512257,0.17762739347892664,-0.027795585884020427
choque_05pct_permanente,permanente,0.95,0.050000000000000044,True,56,97,13,8707787.976907678,0.12846646739254503,0.059615286264042444,0.1685129328506981,-0.03391694719996877
choque_05pct_permanente,permanente,0.95,0.050000000000000044,True,56,97,14,9217314.589250755,0.10493877349003497,0.04562881942625818,0.15023801947329407,-0.029061586316122545
choque_05pct_permanente,permanente,0.95,0.050000000000000044,True,56,97,15,9771629.385830436,0.07403142775721847,0.0474826016768406,0.1301677055480941,-0.023320807067573522
choque_05pct_permanente,permanente,0.95,0.050000000000000044,True,56,97,16,10119315.423986595,0.05675667995938825,0.07253678057379509,0.11519711706083287,-0.013951056210252548
choque_05pct_permanente,permanente,0.95,0.050000000000000044,True,56,97,17,10414416.576240638,0.055352086463558915,0.12009155556179141,0.11394453467792151,-0.0038507897782992743
choque_05pct_permanente,permanente,0.95,0.050000000000000044,True,56,97,18,10674135.928405339,0.05944779854944419,0.17100699345253334,0.12805485736559072,0.0033848416240261784
choque_05pct_permanente,permanente,0.95,0.050000000000000044,True,56,97,19,10878098.999119185,0.06324893036948277,0.21219451915498033,0.14207823427719604,0.010986603066737146
choque_05pct_permanente,permanente,0.95,0.050000000000000044,True,56,97,20,10864553.381809017,0.06955082590896365,0.23783236491554471,0.15674473063275945,0.008283782508027113
choque_05pct_permanente,permanente,0.95,0.050000000000000044,True,56,97,21,10712669.044195168,0.0813225096347859,0.24315408532329008,0.17579563287402505,0.0014741535326394139
choque_05pct_permanente,permanente,0.95,0.050000000000000044,True,56,97,22,10500066.56345907,0.09140654497061478,0.2282370497887003,0.1955916682324319,-0.014947626837242342
choque_05pct_permanente,permanente,0.95,0.050000000000000044,True,56,97,23,10350449.524309201,0.09776083369732513,0.20084779627028615,0.20614679637628192,-0.030337497477373878
choque_05pct_permanente,permanente,0.95,0.050000000000000044,True,56,97,24,10269178.95569366,0.09815727743308923,0.16933818504491005,0.21057799280287276,-0.0472556376130839
choque_05pct_permanente,permanente,0.95,0.050000000000000044,True,56,97,25,10474357.229149377,0.08178797148830898,0.14124590172034024,0.2014030740781318,-0.05543895710180261
choque_05pct_permanente,permanente,0.95,0.050000000000000044,True,57,98,0,7609597.0,0.138,0.03,0.12063832026847152,0.010583740505574736
choque_05pct_permanente,permanente,0.95,0.050000000000000044,True,57,98,1,7652724.38733265,0.14039181650999813,0.030000000000000027,0.11859183719691781,0.007984885903803248
choque_05pct_permanente,permanente,0.95,0.050000000000000044,True,57,98,2,7799885.383675266,0.13522847005657346,0.024174783235175967,0.1203868529581478,0.0029885909564385184
choque_05pct_permanente,permanente,0.95,0.050000000000000044,True,57,98,3,8068307.960917727,0.12437216865012438,0.026866822551842473,0.11124651956853475,0.00381985212208961
choque_05pct_permanente,permanente,0.95,0.050000000000000044,True,57,98,4,8452765.849020781,0.10522454779155395,0.03046370669027465,0.10218748110996301,0.009919681570373599
choque_05pct_permanente,permanente,0.95,0.050000000000000044,True,57,98,5,8630303.503998367,0.09456865586313783,0.04830658219576178,0.09554868839575652,0.012322545076756265
choque_05pct_permanente,permanente,0.95,0.050000000000000044,True,57,98,6,8797294.700719947,0.09192741666980203,0.06795189680877622,0.10003975846757651,0.009918678351471201
choque_05pct_permanente,permanente,0.95,0.050000000000000044,True,57,98,7,8799449.53036653,0.10123018385015621,0.09065495197809081,0.11111488158737787,0.01572150837810565
choque_05pct_permanente,permanente,0.95,0.050000000000000044,True,57,98,8,8761283.395923162,0.11175084647401753,0.1016754977582226,0.1301517563705586,0.007522390452447683
choque_05pct_permanente,permanente,0.95,0.050000000000000044,True,57,98,9,8673418.283050846,0.12181302096136835,0.10563167520272554,0.14448105459684804,0.0022758413095538784
choque_05pct_permanente,permanente,0.95,0.050000000000000044,True,57,98,10,8606371.007610677,0.12763017709037205,0.0966588714410086,0.15781964244887547,-0.0072850846387318355
choque_05pct_permanente,permanente,0.95,0.050000000000000044,True,57,98,11,8562287.112723289,0.1322332180047645,0.08557469372025972,0.16521793988732777,-0.015648233955684862
choque_05pct_permanente,permanente,0.95,0.050000000000000044,True,57,98,12,8577918.929278195,0.13280383392697945,0.07001468400214894,0.1695425514008653,-0.02175847809240046
choque_05pct_permanente,permanente,0.95,0.050000000000000044,True,57,98,13,8787748.923103763,0.12230419186745972,0.05583560224431672,0.163658369498894,-0.029920728340247893
choque_05pct_permanente,permanente,0.95,0.050000000000000044,True,57,98,14,9252277.925897125,0.10451710262061824,0.04712359702853086,0.1486991092771649,-0.029577122305713098
choque_05pct_permanente,permanente,0.95,0.050000000000000044,True,57,98,15,9748770.271907521,0.0779475146613511,0.05047751181265614,0.13159023919376117,-0.022210393785566322
choque_05pct_permanente,permanente,0.95,0.050000000000000044,True,57,98,16,10286737.570039382,0.05405765119864676,0.0748083156170043,0.1146840233632056,-0.01628153190004964
choque_05pct_permanente,permanente,0.95,0.050000000000000044,True,57,98,17,10567216.55847649,0.04834657538684971,0.12708610848073643,0.10621419572724036,-0.0012420859943241564
choque_05pct_permanente,permanente,0.95,0.050000000000000044,True,57,98,18,10771316.720613418,0.057941474776882454,0.18845461944484643,0.12171784682244008,0.010116509582409661
choque_05pct_permanente,permanente,0.95,0.050000000000000044,True,57,98,19,10862379.54444449,0.07246403123739947,0.22936982234245828,0.15116862836020153,0.012847703930415347
choque_05pct_permanente,permanente,0.95,0.050000000000000044,True,57,98,20,10756670.034579517,0.08107105260725085,0.2410935336404083,0.17289814249359473,0.006627699213407371
choque_05pct_permanente,permanente,0.95,0.050000000000000044,True,57,98,21,10473477.15641944,0.09136318711808648,0.23430234543447437,0.1879781699031619,-0.00676173793887748
choque_05pct_permanente,permanente,0.95,0.050000000000000044,True,57,98,22,10215704.220330404,0.10266232008513364,0.20859445386442843,0.20550200745722352,-0.024945003740983636
choque_05pct_permanente,permanente,0.95,0.050000000000000044,True,57,98,23,10065095.655694282,0.10779331826321074,0.17551214858266162,0.21453726361250114,-0.045495026064539736
choque_05pct_permanente,permanente,0.95,0.050000000000000044,True,57,98,24,10176758.161972176,0.09803325874002813,0.14122345626388033,0.20829913842579478,-0.0555935256739765
choque_05pct_permanente,permanente,0.95,0.050000000000000044,True,57,98,25,10783618.547810044,0.06725940858550905,0.11751383768256152,0.18418127543568422,-0.05406577404035886
choque_05pct_permanente,permanente,0.95,0.050000000000000044,True,58,99,0,7609597.0,0.138,0.03,0.12063832026847152,0.010583740505574736
choque_05pct_permanente,permanente,0.95,0.050000000000000044,True,58,99,1,7652724.38733265,0.14039181650999813,0.030000000000000027,0.11859183719691781,0.007984885903803248
choque_05pct_permanente,permanente,0.95,0.050000000000000044,True,58,99,2,7799062.11548463,0.1352272977704024,0.024185309753672835,0.12058307609119796,0.005341325207426375
choque_05pct_permanente,permanente,0.95,0.050000000000000044,True,58,99,3,8037333.898698519,0.12513506691847362,0.026830286970330297,0.11249869004210589,0.003750026469618264
choque_05pct_permanente,permanente,0.95,0.050000000000000044,True,58,99,4,8388380.545888563,0.11221318857023224,0.030132632684514382,0.10548921881974987,0.004735826407116933
choque_05pct_permanente,permanente,0.95,0.050000000000000044,True,58,99,5,8595141.4902171,0.09758618462480753,0.04428594204150693,0.09883864119033978,0.009323569026527001
choque_05pct_permanente,permanente,0.95,0.050000000000000044,True,58,99,6,8802460.790339947,0.0911488469646345,0.06307032597429152,0.09794238825452323,0.00981404604715801
choque_05pct_permanente,permanente,0.95,0.050000000000000044,True,58,99,7,8849828.137960989,0.09587006240253369,0.08624955180470417,0.10601893542027309,0.010203354754754302
choque_05pct_permanente,permanente,0.95,0.050000000000000044,True,58,99,8,8880615.469158245,0.10320551361383151,0.10191045958541523,0.12115003027165747,0.008122767058736663
choque_05pct_permanente,permanente,0.95,0.050000000000000044,True,58,99,9,8850163.876231957,0.1128229789737001,0.11068920017082862,0.13591170855972656,0.005172341949822762
choque_05pct_permanente,permanente,0.95,0.050000000000000044,True,58,99,10,8648796.923897322,0.1287933392443409,0.1068525041045445,0.15642708662032345,-0.0018313065853089378
choque_05pct_permanente,permanente,0.95,0.050000000000000044,True,58,99,11,8585076.043320758,0.13734964685115128,0.09398904510406147,0.16947249673766712,-0.013933213543809298
choque_05pct_permanente,permanente,0.95,0.050000000000000044,True,58,99,12,8570512.16526117,0.1367386309812738,0.0754856151177945,0.17398957072029614,-0.024405961968145148
choque_05pct_permanente,permanente,0.95,0.050000000000000044,True,58,99,13,8704741.864808926,0.12857003480910448,0.05813722423568923,0.1695894911954508,-0.031122770421466713
choque_05pct_permanente,permanente,0.95,0.050000000000000044,True,58,99,14,9077307.304714119,0.11238081277388001,0.04679950813012512,0.1563764378986554,-0.03262665404760062
choque_05pct_permanente,permanente,0.95,0.050000000000000044,True,58,99,15,9615401.789276708,0.08765489674434564,0.04452693930960416,0.1395922278762524,-0.026808110425568278
choque_05pct_permanente,permanente,0.95,0.050000000000000044,True,58,99,16,9958170.691412793,0.06777925319339874,0.06095076890071627,0.12579724437362133,-0.021487491567338472
choque_05pct_permanente,permanente,0.95,0.050000000000000044,True,58,99,17,10371109.738049908,0.05932653518152767,0.09608903298849203,0.11934294283286424,-0.014337668094590602
choque_05pct_permanente,permanente,0.95,0.050000000000000044,True,58,99,18,10624498.181392493,0.054636479152081335,0.1423450810841742,0.12319408400141751,-0.00018964746316261236
choque_05pct_permanente,permanente,0.95,0.050000000000000044,True,58,99,19,10851595.61440878,0.05963406546957142,0.1919423401329594,0.13315722232348742,0.007879965133940061
choque_05pct_permanente,permanente,0.95,0.050000000000000044,True,58,99,20,10899806.951887289,0.07555153188277669,0.22575042062603257,0.1571773771549672,0.008021588435556228
choque_05pct_permanente,permanente,0.95,0.050000000000000044,True,58,99,21,10678317.953617068,0.08846631179062085,0.23206589380065967,0.18561988140700786,-0.0018634642180445013
choque_05pct_permanente,permanente,0.95,0.050000000000000044,True,58,99,22,10498308.72333115,0.0969571286624672,0.21791204016468546,0.19841464780485066,-0.017139006281438517
choque_05pct_permanente,permanente,0.95,0.050000000000000044,True,58,99,23,10221616.8885131,0.1051984115978252,0.18989167178357613,0.2115422130227655,-0.034414335111732614
choque_05pct_permanente,permanente,0.95,0.050000000000000044,True,58,99,24,10264201.991466472,0.10091047658672118,0.1570248685864648,0.2126309606858575,-0.047421598082922685
choque_05pct_permanente,permanente,0.95,0.050000000000000044,True,58,99,25,10491214.95233419,0.08361837664559083,0.13116187402399504,0.20059973066796633,-0.056258464989221095
choque_05pct_permanente,permanente,0.95,0.050000000000000044,True,59,100,0,7609597.0,0.138,0.03,0.12063832026847152,0.010583740505574736
choque_05pct_permanente,permanente,0.95,0.050000000000000044,True,59,100,1,7652724.38733265,0.14039181650999813,0.030000000000000027,0.11859183719691781,0.007984885903803248
choque_05pct_permanente,permanente,0.95,0.050000000000000044,True,59,100,2,7805420.605247177,0.13522749384151414,0.024184488525404113,0.12049801877331648,0.004661907193755282
choque_05pct_permanente,permanente,0.95,0.050000000000000044,True,59,100,3,8049794.709158673,0.12548596327462314,0.026837842258442324,0.1123105255493822,0.005576432247561984
choque_05pct_permanente,permanente,0.95,0.050000000000000044,True,59,100,4,8338584.981982603,0.11206081579277484,0.029983348496512185,0.10615875213930297,0.0071662046553755835
choque_05pct_permanente,permanente,0.95,0.050000000000000044,True,59,100,5,8594928.552005645,0.09691293136051295,0.04441764846352658,0.09777525127598317,0.009376109557864465
choque_05pct_permanente,permanente,0.95,0.050000000000000044,True,59,100,6,8829903.091612022,0.08894856421708763,0.06324479846653408,0.09625071055181185,0.008898182479486594
choque_05pct_permanente,permanente,0.95,0.050000000000000044,True,59,100,7,8929545.06542521,0.09065826640768877,0.08728573259227712,0.10198666363853724,0.01303886513341534
choque_05pct_permanente,permanente,0.95,0.050000000000000044,True,59,100,8,9003590.556493524,0.09703434137191704,0.10613496525575683,0.11576791640993199,0.012833780098410217
choque_05pct_permanente,permanente,0.95,0.050000000000000044,True,59,100,9,8890276.085850786,0.11089045198295268,0.1177562826982419,0.13474933798486716,0.00898057311154481
choque_05pct_permanente,permanente,0.95,0.050000000000000044,True,59,100,10,8685058.87873308,0.12926704220944557,0.1159633109814453,0.15788261495623623,-0.00013548270294628611
choque_05pct_permanente,permanente,0.95,0.050000000000000044,True,59,100,11,8519349.658618856,0.1429081915565403,0.10085652095568487,0.1761405917800681,-0.012116026854370644
choque_05pct_permanente,permanente,0.95,0.050000000000000044,True,59,100,12,8441683.101936499,0.14801301000598907,0.07877064806258582,0.18523415958307665,-0.024544616469554286
choque_05pct_permanente,permanente,0.95,0.050000000000000044,True,59,100,13,8459449.086935028,0.14490555887475567,0.056442977294488994,0.1849595195442906,-0.036685306886724264
choque_05pct_permanente,permanente,0.95,0.050000000000000044,True,59,100,14,8894387.372858187,0.12678560892628946,0.036897507138399455,0.169296453939695,-0.04158718568523042
choque_05pct_permanente,permanente,0.95,0.050000000000000044,True,59,100,15,9505768.101054668,0.09812860707929419,0.028517126641821378,0.14665893506970928,-0.03677353534926594
choque_05pct_permanente,permanente,0.95,0.050000000000000044,True,59,100,16,9979826.970675247,0.0712328071081402,0.0376783994130776,0.12913408028051265,-0.029494518534556365
choque_05pct_permanente,permanente,0.95,0.050000000000000044,True,59,100,17,10369443.393714024,0.056915938076359945,0.07107171747295404,0.11728471164481412,-0.016368444101181275
choque_05pct_permanente,permanente,0.95,0.050000000000000044,True,59,100,18,10636693.605348783,0.056084863101870705,0.1242275813187721,0.11847617368941024,-0.005858633246044804
choque_05pct_permanente,permanente,0.95,0.050000000000000044,True,59,100,19,10859122.11445573,0.06158451521191449,0.1781369694374435,0.1334514444013068,0.00248751100230193
choque_05pct_permanente,permanente,0.95,0.050000000000000044,True,59,100,20,10970240.083375523,0.06663025641305274,0.21683017953922756,0.15048466352056808,0.008603823160768204
choque_05pct_permanente,permanente,0.95,0.050000000000000044,True,59,100,21,11001704.92316084,0.06660424207147568,0.2369781962253492,0.16214873716015762,0.005433514843248233
choque_05pct_permanente,permanente,0.95,0.050000000000000044,True,59,100,22,10962966.796582557,0.07192666986465378,0.24531336660975245,0.1717273519181868,-0.0007759266512798262
choque_05pct_permanente,permanente,0.95,0.050000000000000044,True,59,100,23,10716205.200135564,0.08683077876398612,0.23687403867742285,0.19374537349352222,-0.013728490573332603
choque_05pct_permanente,permanente,0.95,0.050000000000000044,True,59,100,24,10535185.878486525,0.09630226499734157,0.21197098318369334,0.212535995751445,-0.031563652710832266
choque_05pct_permanente,permanente,0.95,0.050000000000000044,True,59,100,25,10508379.408444468,0.094368034453832,0.18089272708858029,0.2138389799776678,-0.047599457604385234
choque_05pct_permanente,permanente,0.95,0.050000000000000044,True,60,101,0,7609597.0,0.138,0.03,0.12063832026847152,0.010583740505574736
choque_05pct_permanente,permanente,0.95,0.050000000000000044,True,60,101,1,7652724.38733265,0.14039181650999813,0.030000000000000027,0.11859183719691781,0.007984885903803248
choque_05pct_permanente,permanente,0.95,0.050000000000000044,True,60,101,2,7810314.033300547,0.13522708141572493,0.02417722863023286,0.12034456570471717,0.003376331611358988
choque_05pct_permanente,permanente,0.95,0.050000000000000044,True,60,101,3,8057438.034464313,0.12472614910127032,0.02685924023907993,0.1119352966239309,0.0051062560118289085
choque_05pct_permanente,permanente,0.95,0.050000000000000044,True,60,101,4,8428089.873602377,0.10789505329219334,0.030282995463448925,0.10385262074889468,0.004149907900870135
choque_05pct_permanente,permanente,0.95,0.050000000000000044,True,60,101,5,8611299.47248766,0.09408394511404213,0.048053065611033174,0.095600896188004,0.009980162163808346
choque_05pct_permanente,permanente,0.95,0.050000000000000044,True,60,101,6,8752378.848220507,0.09239966309842487,0.06783753913228185,0.09751392685626656,0.011521051174466198
choque_05pct_permanente,permanente,0.95,0.050000000000000044,True,60,101,7,8890592.033294158,0.0921366189100807,0.08950874239538287,0.10536688757618821,0.013226694172786081
choque_05pct_permanente,permanente,0.95,0.050000000000000044,True,60,101,8,8938149.959394969,0.09750582203478421,0.10680917754196484,0.11736884306389614,0.010537225696885637
choque_05pct_permanente,permanente,0.95,0.050000000000000044,True,60,101,9,8855186.315344334,0.11159929463671285,0.1166344888734685,0.13564877545804888,0.006720459016156412
choque_05pct_permanente,permanente,0.95,0.050000000000000044,True,60,101,10,8652444.555872004,0.12952076492904113,0.11353687894200104,0.15883199565937167,-0.003988557216170402
choque_05pct_permanente,permanente,0.95,0.050000000000000044,True,60,101,11,8532214.300452722,0.1398689740576144,0.09879311529605816,0.1740704309157875,-0.014886336583805452
choque_05pct_permanente,permanente,0.95,0.050000000000000044,True,60,101,12,8503744.460248535,0.14295880164062888,0.07730744469866035,0.1800352473021501,-0.02609519673716231
choque_05pct_permanente,permanente,0.95,0.050000000000000044,True,60,101,13,8608195.963781906,0.13564650229022282,0.056494234828863954,0.17678015977797232,-0.03262387789729622
choque_05pct_permanente,permanente,0.95,0.050000000000000044,True,60,101,14,8993666.23201363,0.11580785825812877,0.04031085642665655,0.16132433633592613,-0.034478128508903076
choque_05pct_permanente,permanente,0.95,0.050000000000000044,True,60,101,15,9680180.117402006,0.08521812554366288,0.037188161942901754,0.1378871366397426,-0.02806670487024041
choque_05pct_permanente,permanente,0.95,0.050000000000000044,True,60,101,16,10109813.017599273,0.0628747582757879,0.05482480345037444,0.1212355834808093,-0.01999699763064551
choque_05pct_permanente,permanente,0.95,0.050000000000000044,True,60,101,17,10455635.630547473,0.05320262061796546,0.09708107685786338,0.11394854659021662,-0.010949030370099899
choque_05pct_permanente,permanente,0.95,0.050000000000000044,True,60,101,18,10674789.670720803,0.057892562783395635,0.1531864397920366,0.12138850422030695,0.002105709198237933
choque_05pct_permanente,permanente,0.95,0.050000000000000044,True,60,101,19,10744484.457492039,0.06956979676904831,0.19981568185832188,0.14522145952479376,0.005787513962386722
choque_05pct_permanente,permanente,0.95,0.050000000000000044,True,60,101,20,10859378.871719956,0.07194008460521432,0.22395839797381245,0.16126521123670912,0.006391697045575224
choque_05pct_permanente,permanente,0.95,0.050000000000000044,True,60,101,21,10865623.855206518,0.07060375999374159,0.23227436931983814,0.16597208336382663,0.002451588846537709
choque_05pct_permanente,permanente,0.95,0.050000000000000044,True,60,101,22,10685135.072585568,0.08006079578127684,0.23078188568273883,0.17944789563046262,-0.007530683434599893
choque_05pct_permanente,permanente,0.95,0.050000000000000044,True,60,101,23,10559223.682627505,0.09031047899312708,0.21359681493567617,0.19978006979521187,-0.02123956712214117
choque_05pct_permanente,permanente,0.95,0.050000000000000044,True,60,101,24,10338708.638379186,0.09967131133708443,0.18977638244529982,0.21296789837470365,-0.03733531673642164
choque_05pct_permanente,permanente,0.95,0.050000000000000044,True,60,101,25,10432622.945658488,0.09327269712347291,0.1589551582055344,0.21224937263490523,-0.05045528483440567
choque_05pct_permanente,permanente,0.95,0.050000000000000044,True,61,102,0,7609597.0,0.138,0.03,0.12063832026847152,0.010583740505574736
choque_05pct_permanente,permanente,0.95,0.050000000000000044,True,61,102,1,7650002.471661862,0.14041421592540543,0.030000000000000027,0.11872188524457562,0.007945657219823491
choque_05pct_permanente,permanente,0.95,0.050000000000000044,True,61,102,2,7798683.8567142505,0.13544303527764473,0.024175254533992607,0.12053968788095525,0.005032995265911192
choque_05pct_permanente,permanente,0.95,0.050000000000000044,True,61,102,3,8056100.160966143,0.12551229731767805,0.026759128492234163,0.11194744237407288,0.005468382779039648
choque_05pct_permanente,permanente,0.95,0.050000000000000044,True,61,102,4,8412643.465632271,0.10825346654674162,0.02986846263692411,0.10387941608350315,0.007184095157875705
choque_05pct_permanente,permanente,0.95,0.050000000000000044,True,61,102,5,8639662.23386638,0.09275190169608445,0.04615220073995219,0.09576491992425715,0.01141866556467971
choque_05pct_permanente,permanente,0.95,0.050000000000000044,True,61,102,6,8788762.383387536,0.09223623588507496,0.06760460103563326,0.09788534491574087,0.010898787656919016
choque_05pct_permanente,permanente,0.95,0.050000000000000044,True,61,102,7,8798650.434641842,0.09952396373033692,0.08961934724675413,0.11045767471443817,0.009689356195639045
choque_05pct_permanente,permanente,0.95,0.050000000000000044,True,61,102,8,8817859.092841506,0.1076664366815012,0.10315726243330947,0.1252936699610293,0.010302351812006397
choque_05pct_permanente,permanente,0.95,0.050000000000000044,True,61,102,9,8765923.383215984,0.1154973089098608,0.10788272972196444,0.13961631342474526,0.0017517796854417606
choque_05pct_permanente,permanente,0.95,0.050000000000000044,True,61,102,10,8672297.499003494,0.125096043712989,0.10194391711738016,0.1544256006280675,-0.005822205342136531
choque_05pct_permanente,permanente,0.95,0.050000000000000044,True,61,102,11,8625270.255095847,0.12961588822127432,0.09072794387133865,0.1642955236352516,-0.015421943219191119
choque_05pct_permanente,permanente,0.95,0.050000000000000044,True,61,102,12,8679830.119723175,0.12863949595268107,0.07494945517677465,0.16695466672039103,-0.022692860049012872
choque_05pct_permanente,permanente,0.95,0.050000000000000044,True,61,102,13,8887390.946085926,0.11945243018498986,0.062365362976115835,0.16073442400517926,-0.026066118847073407
choque_05pct_permanente,permanente,0.95,0.050000000000000044,True,61,102,14,9211624.169093478,0.10020910132227617,0.05469292423083982,0.14882279824698966,-0.02623040272665106
choque_05pct_permanente,permanente,0.95,0.050000000000000044,True,61,102,15,9775761.759026013,0.07634348770539874,0.05963741596192529,0.13059960389630676,-0.01984409929955684
choque_05pct_permanente,permanente,0.95,0.050000000000000044,True,61,102,16,10137925.414129976,0.05769445017531341,0.08411929251899997,0.1186239501717228,-0.013923617275771063
choque_05pct_permanente,permanente,0.95,0.050000000000000044,True,61,102,17,10457267.39073684,0.05435267205142666,0.12938401817895273,0.11363136499737769,-0.0010355148378015078
choque_05pct_permanente,permanente,0.95,0.050000000000000044,True,61,102,18,10680526.894108646,0.05890047565159018,0.17821972586710277,0.1277433803736067,0.004008919339903217
choque_05pct_permanente,permanente,0.95,0.050000000000000044,True,61,102,19,10860678.261892125,0.0657198055197453,0.21639343094810615,0.1442949651826698,0.01035843402128102
choque_05pct_permanente,permanente,0.95,0.050000000000000044,True,61,102,20,10783638.104722703,0.07291245213403251,0.23600926736169714,0.16286470263378583,0.005015636020763629
choque_05pct_permanente,permanente,0.95,0.050000000000000044,True,61,102,21,10649173.167279277,0.08384328786796222,0.236303002112066,0.17916636500629005,-0.0012514837253126793
choque_05pct_permanente,permanente,0.95,0.050000000000000044,True,61,102,22,10422241.980783928,0.09422651567650533,0.21928885598268555,0.1973975251887504,-0.017161107897358283
choque_05pct_permanente,permanente,0.95,0.050000000000000044,True,61,102,23,10321371.72321817,0.09813376824411561,0.1909249390584966,0.20620638559036172,-0.032823086971018885
choque_05pct_permanente,permanente,0.95,0.050000000000000044,True,61,102,24,10265429.955682378,0.09445985423927118,0.16249216891737794,0.20729371945162436,-0.05206132558607829
choque_05pct_permanente,permanente,0.95,0.050000000000000044,True,61,102,25,10635069.924826477,0.07645986914407699,0.13804995243859497,0.19287524080343746,-0.05295627759427779
choque_05pct_permanente,permanente,0.95,0.050000000000000044,True,62,103,0,7609597.0,0.138,0.03,0.12063832026847152,0.010583740505574736
choque_05pct_permanente,permanente,0.95,0.050000000000000044,True,62,103,1,7652724.38733265,0.14039181650999813,0.030000000000000027,0.11859183719691781,0.007984885903803248
choque_05pct_permanente,permanente,0.95,0.050000000000000044,True,62,103,2,7801389.463608131,0.13522708141572493,0.02418076482516729,0.12045633882052506,0.0045390471653261434
choque_05pct_permanente,permanente,0.95,0.050000000000000044,True,62,103,3,8065835.647105424,0.12460547721408592,0.0268679008619761,0.11210610703681127,0.003572596108639618
choque_05pct_permanente,permanente,0.95,0.050000000000000044,True,62,103,4,8343083.17549668,0.10942724430667809,0.03031923998380992,0.10479249942583807,0.006601961244087908
choque_05pct_permanente,permanente,0.95,0.050000000000000044,True,62,103,5,8640592.68309757,0.09403131394472485,0.0468300674179698,0.09539567113940489,0.009520399180048628
choque_05pct_permanente,permanente,0.95,0.050000000000000044,True,62,103,6,8860478.293653397,0.08494755375304562,0.06577074201122546,0.09436195253684153,0.012229004955207772
choque_05pct_permanente,permanente,0.95,0.050000000000000044,True,62,103,7,8948090.253527537,0.08978024826726601,0.09376390976671756,0.10074543755061571,0.014808437140162181
choque_05pct_permanente,permanente,0.95,0.050000000000000044,True,62,103,8,8943762.453085352,0.10169850159916484,0.11158561556573665,0.12030614860373974,0.010268609518367338
choque_05pct_permanente,permanente,0.95,0.050000000000000044,True,62,103,9,8829970.785376836,0.11564540407108809,0.12065441677641542,0.13972991083121988,0.006395179987728232
choque_05pct_permanente,permanente,0.95,0.050000000000000044,True,62,103,10,8695192.51127091,0.1271556838303945,0.11319504618581355,0.15831465431909858,-0.004039664471771123
choque_05pct_permanente,permanente,0.95,0.050000000000000044,True,62,103,11,8608645.256228412,0.1336388028169137,0.1004903438078022,0.1685772329301097,-0.01462065918689389
choque_05pct_permanente,permanente,0.95,0.050000000000000044,True,62,103,12,8555229.733211327,0.1367656710847621,0.07971216981452622,0.17613230434771782,-0.02535583140361002
choque_05pct_permanente,permanente,0.95,0.050000000000000044,True,62,103,13,8731238.471118651,0.12929030430524585,0.06174847246608128,0.17088274409206564,-0.029207516415167036
choque_05pct_permanente,permanente,0.95,0.050000000000000044,True,62,103,14,9038524.570251634,0.11082622147112954,0.04757464394713562,0.15822390882147094,-0.03534924884164909
choque_05pct_permanente,permanente,0.95,0.050000000000000044,True,62,103,15,9679695.597665288,0.0841771289686374,0.046389963644156484,0.13628967845444376,-0.028413426730122367
choque_05pct_permanente,permanente,0.95,0.050000000000000044,True,62,103,16,10117056.028092211,0.06026230330327419,0.0634622795460591,0.12059808403258761,-0.020104399426678896
choque_05pct_permanente,permanente,0.95,0.050000000000000044,True,62,103,17,10495898.011064224,0.05034188860923032,0.10766533648316012,0.11022904186568414,-0.005505826231060903
choque_05pct_permanente,permanente,0.95,0.050000000000000044,True,62,103,18,10676731.496771682,0.05516537082747101,0.165040588527277,0.11941888343454919,0.005533068847688011
choque_05pct_permanente,permanente,0.95,0.050000000000000044,True,62,103,19,10832183.620466847,0.06841372214760316,0.212599361795063,0.14368183851416377,0.011240599803849496
choque_05pct_permanente,permanente,0.95,0.050000000000000044,True,62,103,20,10859487.777102638,0.07428523442924036,0.23420630745454374,0.16568093292124178,0.006222193581621571
choque_05pct_permanente,permanente,0.95,0.050000000000000044,True,62,103,21,10649254.85396778,0.08310071076644976,0.23983948436680524,0.17747273374934086,-0.003920801950736225
choque_05pct_permanente,permanente,0.95,0.050000000000000044,True,62,103,22,10521206.118500542,0.09331018503521217,0.2213616141131134,0.19438335008163835,-0.017443223303577702
choque_05pct_permanente,permanente,0.95,0.050000000000000044,True,62,103,23,10263599.852360463,0.10200094556951403,0.19600614939896777,0.20833522322325526,-0.03354745238232967
choque_05pct_permanente,permanente,0.95,0.050000000000000044,True,62,103,24,10250035.219262246,0.09680243830601427,0.16202589776668086,0.21096278519466,-0.052109991517705505
choque_05pct_permanente,permanente,0.95,0.050000000000000044,True,62,103,25,10665077.57313761,0.07585061381742707,0.13711084655786232,0.19135218419024233,-0.05166183815046756
choque_05pct_permanente,permanente,0.95,0.050000000000000044,True,63,104,0,7609597.0,0.138,0.03,0.12063832026847152,0.010583740505574736
choque_05pct_permanente,permanente,0.95,0.050000000000000044,True,63,104,1,7652724.38733265,0.14039181650999813,0.030000000000000027,0.11859183719691781,0.007984885903803248
choque_05pct_permanente,permanente,0.95,0.050000000000000044,True,63,104,2,7800331.918084864,0.13522708141572493,0.024184839601901098,0.12056828844091663,0.005109422131421157
choque_05pct_permanente,permanente,0.95,0.050000000000000044,True,63,104,3,8035590.667129238,0.12544034788120734,0.02684110530888928,0.1128197861269166,0.004372443627964133
choque_05pct_permanente,permanente,0.95,0.050000000000000044,True,63,104,4,8337284.231077738,0.11061192036583727,0.02998433218666996,0.10532738182984704,0.008197021124033055
choque_05pct_permanente,permanente,0.95,0.050000000000000044,True,63,104,5,8672882.693235148,0.0929189731920849,0.04498279165081742,0.09569171654435711,0.01370752500958189
choque_05pct_permanente,permanente,0.95,0.050000000000000044,True,63,104,6,8769769.166051658,0.08870919333207541,0.06592801780493551,0.0970782738319929,0.011845243709221614
choque_05pct_permanente,permanente,0.95,0.050000000000000044,True,63,104,7,8837245.464907885,0.09904008552077814,0.09008683479621848,0.1087412812121979,0.01565264305946731
choque_05pct_permanente,permanente,0.95,0.050000000000000044,True,63,104,8,8820507.062661618,0.11086314537309097,0.10357231752419915,0.12827764500446903,0.008612246301289813
choque_05pct_permanente,permanente,0.95,0.050000000000000044,True,63,104,9,8749721.88799568,0.11769838066381226,0.10802631583120847,0.14167981271812435,0.0060905016985678285
choque_05pct_permanente,permanente,0.95,0.050000000000000044,True,63,104,10,8682151.411637112,0.12380632721860292,0.10149719754689479,0.1541333073051404,-0.005584259104269273
choque_05pct_permanente,permanente,0.95,0.050000000000000044,True,63,104,11,8603104.697035436,0.13108097920952802,0.09086246280437438,0.16406088503073002,-0.01440865053520819
choque_05pct_permanente,permanente,0.95,0.050000000000000044,True,63,104,12,8705824.649093764,0.1279894813530467,0.07480431029257573,0.16618459996755663,-0.023822902792691034
choque_05pct_permanente,permanente,0.95,0.050000000000000044,True,63,104,13,8854916.53071511,0.11798512171672403,0.062217485662410255,0.1605413168126584,-0.02898459897394045
choque_05pct_permanente,permanente,0.95,0.050000000000000044,True,63,104,14,9256408.05479431,0.10003601411099143,0.054440458669171576,0.14758473599431446,-0.028063093919141323
choque_05pct_permanente,permanente,0.95,0.050000000000000044,True,63,104,15,9750896.01288379,0.07483371718428435,0.059039954221147495,0.1313855111368164,-0.02271526370257809
choque_05pct_permanente,permanente,0.95,0.050000000000000044,True,63,104,16,10234734.591357742,0.05690267386289711,0.08494559264845059,0.11573763403990153,-0.013523252381131614
choque_05pct_permanente,permanente,0.95,0.050000000000000044,True,63,104,17,10530682.456188746,0.050494432104257914,0.1313373633626087,0.11211673879234237,-0.0029226284767435236
choque_05pct_permanente,permanente,0.95,0.050000000000000044,True,63,104,18,10812005.648060374,0.05610597179011548,0.187866526169987,0.12134342924986398,0.011523074145130726
choque_05pct_permanente,permanente,0.95,0.050000000000000044,True,63,104,19,10848686.669733146,0.06886747040065776,0.22752568097762382,0.14744512251815725,0.01699239094979753
choque_05pct_permanente,permanente,0.95,0.050000000000000044,True,63,104,20,10721334.521390386,0.07997436769289232,0.24538444165515116,0.17176834031997337,0.0059952046868792476
choque_05pct_permanente,permanente,0.95,0.050000000000000044,True,63,104,21,10434224.274597121,0.09685704739142828,0.23737211310735828,0.19083939521332507,-0.006027617546366904
choque_05pct_permanente,permanente,0.95,0.050000000000000044,True,63,104,22,10149350.109155117,0.10610062503230798,0.20915010436428982,0.2096441017370699,-0.027586870666850866
choque_05pct_permanente,permanente,0.95,0.050000000000000044,True,63,104,23,10072207.834512385,0.10372567548821385,0.1723197797432947,0.21216607577350358,-0.04560853177972729
choque_05pct_permanente,permanente,0.95,0.050000000000000044,True,63,104,24,10162667.660156628,0.09534289764601057,0.13893189272733708,0.20531686375009936,-0.055467435620268034
choque_05pct_permanente,permanente,0.95,0.050000000000000044,True,63,104,25,10733301.05363655,0.06906894927103409,0.1163274129258729,0.185309272858774,-0.054612362996882206
choque_05pct_permanente,permanente,0.95,0.050000000000000044,True,64,105,0,7609597.0,0.138,0.03,0.12063832026847152,0.010583740505574736
choque_05pct_permanente,permanente,0.95,0.050000000000000044,True,64,105,1,7652724.38733265,0.14039181650999813,0.030000000000000027,0.11859183719691781,0.007984885903803248
choque_05pct_permanente,permanente,0.95,0.050000000000000044,True,64,105,2,7800563.818636234,0.13522708141572493,0.024177090049350314,0.12051070114827839,0.003203333660435202
choque_05pct_permanente,permanente,0.95,0.050000000000000044,True,64,105,3,8082200.757450347,0.12415519740479337,0.026867671667129223,0.11145732436299939,0.007161340119026205
choque_05pct_permanente,permanente,0.95,0.050000000000000044,True,64,105,4,8375355.965517943,0.11004903845188879,0.030515382646011835,0.1051377653029078,0.008595683120000875
choque_05pct_permanente,permanente,0.95,0.050000000000000044,True,64,105,5,8547533.970896173,0.10188716546314106,0.04552601481762064,0.10152186469587626,0.005818837295689743
choque_05pct_permanente,permanente,0.95,0.050000000000000044,True,64,105,6,8700816.428844852,0.09715214041227895,0.061210362941138685,0.10393559620291964,0.008923964007239318
choque_05pct_permanente,permanente,0.95,0.050000000000000044,True,64,105,7,8816055.453200784,0.09633621591787907,0.08006035162951042,0.10909195990435427,0.0099079998382056
choque_05pct_permanente,permanente,0.95,0.050000000000000044,True,64,105,8,8878626.501520235,0.10232177153787352,0.09575419842660593,0.1198526160013996,0.0073356048317827815
choque_05pct_permanente,permanente,0.95,0.050000000000000044,True,64,105,9,8828444.068488225,0.1126408878310418,0.10466514348037292,0.13558941704359462,0.00320491469202499
choque_05pct_permanente,permanente,0.95,0.050000000000000044,True,64,105,10,8727272.205483114,0.125737572582076,0.10311706837726642,0.15269103278186755,-0.004134217708672598
choque_05pct_permanente,permanente,0.95,0.050000000000000044,True,64,105,11,8698878.8072595,0.1278603662513323,0.09251726440749164,0.16334550266511638,-0.013878540072222842
choque_05pct_permanente,permanente,0.95,0.050000000000000044,True,64,105,12,8688168.884057498,0.13005131140744902,0.08004856820731776,0.16676255743263343,-0.021939951100539635
choque_05pct_permanente,permanente,0.95,0.050000000000000044,True,64,105,13,8765927.272031521,0.12303201911284463,0.0667313941606924,0.16612559799417012,-0.030327013732043353
choque_05pct_permanente,permanente,0.95,0.050000000000000044,True,64,105,14,9209095.611505577,0.10399780962357244,0.057703128302414086,0.1507399741503305,-0.02886992734839162
choque_05pct_permanente,permanente,0.95,0.050000000000000044,True,64,105,15,9696954.69545744,0.07817108426846515,0.058779942988753664,0.13335994033340345,-0.020833592760480017
choque_05pct_permanente,permanente,0.95,0.050000000000000044,True,64,105,16,10153645.28848371,0.055694701136612686,0.08020629989643968,0.11762864929061298,-0.012925903541807246
choque_05pct_permanente,permanente,0.95,0.050000000000000044,True,64,105,17,10520069.539968163,0.04933152276469023,0.12736190358653499,0.10898844061836875,-0.0016989923082219654
choque_05pct_permanente,permanente,0.95,0.050000000000000044,True,64,105,18,10727250.748560894,0.058348953614177135,0.18457543600686876,0.12254184792954297,0.009726378331421304
choque_05pct_permanente,permanente,0.95,0.050000000000000044,True,64,105,19,10791379.829060491,0.07230351721167028,0.2215950748050295,0.15209533274218748,0.010633213652045205
choque_05pct_permanente,permanente,0.95,0.050000000000000044,True,64,105,20,10734339.168973297,0.08110908685527002,0.2339395063447478,0.1725251905555777,0.006025068432933081
choque_05pct_permanente,permanente,0.95,0.050000000000000044,True,64,105,21,10457751.875626286,0.09303453093818871,0.22781688668674804,0.18867686142223367,-0.010597320759246156
choque_05pct_permanente,permanente,0.95,0.050000000000000044,True,64,105,22,10228917.460704956,0.10330134576834787,0.203947802489445,0.20470628371320734,-0.029171948314463493
choque_05pct_permanente,permanente,0.95,0.050000000000000044,True,64,105,23,10120078.213979164,0.10301246503982465,0.17159293298023837,0.2104482832911684,-0.043602265006710265
choque_05pct_permanente,permanente,0.95,0.050000000000000044,True,64,105,24,10282027.004331239,0.0904199163115945,0.14056955903378765,0.20190999884195057,-0.05044056159184021
choque_05pct_permanente,permanente,0.95,0.050000000000000044,True,64,105,25,10798324.104767501,0.06382959133869272,0.12268751264623923,0.1809797994741309,-0.050475091155814285
choque_05pct_permanente,permanente,0.95,0.050000000000000044,True,65,106,0,7609597.0,0.138,0.03,0.12063832026847152,0.010583740505574736
choque_05pct_permanente,permanente,0.95,0.050000000000000044,True,65,106,1,7652724.38733265,0.14039181650999813,0.030000000000000027,0.11859183719691781,0.007984885903803248
choque_05pct_permanente,permanente,0.95,0.050000000000000044,True,65,106,2,7795759.389025463,0.13522708141572493,0.024174315104845245,0.12053338646317642,0.0028232504809952382
choque_05pct_permanente,permanente,0.95,0.050000000000000044,True,65,106,3,8066722.623080711,0.1240298344420654,0.0268813672610837,0.11103366099375539,0.0065528971094054
choque_05pct_permanente,permanente,0.95,0.050000000000000044,True,65,106,4,8381860.874581563,0.10756815905149672,0.030548426762506242,0.10317564383710648,0.005740841421100333
choque_05pct_permanente,permanente,0.95,0.050000000000000044,True,65,106,5,8675181.221837142,0.09273036330451609,0.046607262489164025,0.09373209703808977,0.010851129376091239
choque_05pct_permanente,permanente,0.95,0.050000000000000044,True,65,106,6,8864712.942743078,0.08432881520577316,0.06833745245018341,0.09278663264050892,0.015153446050684236
choque_05pct_permanente,permanente,0.95,0.050000000000000044,True,65,106,7,9033890.305579128,0.08381248676285527,0.0963112052879127,0.09790413225602541,0.0168163874362637
choque_05pct_permanente,permanente,0.95,0.050000000000000044,True,65,106,8,8974001.12539423,0.09951355103090531,0.1195196807149217,0.11712978329903546,0.01559259979550616
choque_05pct_permanente,permanente,0.95,0.050000000000000044,True,65,106,9,8743269.687183969,0.1227900589357235,0.1274342075884738,0.14732516975382248,0.003320930369217951
choque_05pct_permanente,permanente,0.95,0.050000000000000044,True,65,106,10,8590260.249256415,0.13943269646418466,0.11765766672261035,0.16796671797789092,-0.00694846135524505
choque_05pct_permanente,permanente,0.95,0.050000000000000044,True,65,106,11,8458226.55760359,0.1445501357053768,0.09692333657180763,0.17913856985967955,-0.02076791966861225
choque_05pct_permanente,permanente,0.95,0.050000000000000044,True,65,106,12,8429888.153314864,0.14455083505951624,0.07350813585173577,0.18113600008033032,-0.03147262678736814
choque_05pct_permanente,permanente,0.95,0.050000000000000044,True,65,106,13,8645242.942602305,0.13465065682419608,0.05043541866447332,0.1739057221002051,-0.034924567648936464
choque_05pct_permanente,permanente,0.95,0.050000000000000044,True,65,106,14,9020090.78882703,0.11435105256336837,0.03548339202829931,0.15856736953231243,-0.037437013678386095
choque_05pct_permanente,permanente,0.95,0.050000000000000044,True,65,106,15,9619419.45780582,0.08695996085746709,0.03258805387913255,0.13765227520686732,-0.03004216232234653
choque_05pct_permanente,permanente,0.95,0.050000000000000044,True,65,106,16,10098286.272202397,0.062463462833336106,0.05018398819115122,0.12088717598587155,-0.021087207507665934
choque_05pct_permanente,permanente,0.95,0.050000000000000044,True,65,106,17,10409252.190816551,0.053647008658367475,0.09306001899953231,0.11235261396284796,-0.011156573524593247
choque_05pct_permanente,permanente,0.95,0.050000000000000044,True,65,106,18,10717849.51118331,0.058269538407976974,0.14934874614762728,0.11958799209507638,-0.00010188016548664752
choque_05pct_permanente,permanente,0.95,0.050000000000000044,True,65,106,19,10921627.338789167,0.06218043838295187,0.19631217798313005,0.13905322859616107,0.007870887642341161
choque_05pct_permanente,permanente,0.95,0.050000000000000044,True,65,106,20,11006982.585869364,0.06414423382391234,0.23020791821633924,0.15088658057982782,0.011754191002976876
choque_05pct_permanente,permanente,0.95,0.050000000000000044,True,65,106,21,10984316.763881387,0.07307822454482794,0.2454242657347001,0.1660466674584799,0.005869128952324946
choque_05pct_permanente,permanente,0.95,0.050000000000000044,True,65,106,22,10561094.069124727,0.09643400255845844,0.24188767297846714,0.1964471801684575,-0.00989908436364518
choque_05pct_permanente,permanente,0.95,0.050000000000000044,True,65,106,23,10324993.997383516,0.10773486225647431,0.2139990811540049,0.21831539575588912,-0.027521153741528068
choque_05pct_permanente,permanente,0.95,0.050000000000000044,True,65,106,24,10203874.970150854,0.10419509061146581,0.17739229580872284,0.21713428587540556,-0.04630010756524304
choque_05pct_permanente,permanente,0.95,0.050000000000000044,True,65,106,25,10428726.582668172,0.08790792067460253,0.14239911439704467,0.2047163084567305,-0.05540995845432762
choque_05pct_permanente,permanente,0.95,0.050000000000000044,True,66,107,0,7609597.0,0.138,0.03,0.12063832026847152,0.010583740505574736
choque_05pct_permanente,permanente,0.95,0.050000000000000044,True,66,107,1,7652724.38733265,0.14039181650999813,0.030000000000000027,0.11859183719691781,0.007984885903803248
choque_05pct_permanente,permanente,0.95,0.050000000000000044,True,66,107,2,7813739.9898260655,0.13522708141572493,0.02417499204141582,0.12049542615727203,0.0021218240363874157
choque_05pct_permanente,permanente,0.95,0.050000000000000044,True,66,107,3,8043384.744295323,0.12543951147811472,0.02687169830469127,0.11253875939232066,0.0051791478491445405
choque_05pct_permanente,permanente,0.95,0.050000000000000044,True,66,107,4,8362093.485037438,0.1096698145946373,0.029981432694052845,0.10514966826890736,0.006135468431830707
choque_05pct_permanente,permanente,0.95,0.050000000000000044,True,66,107,5,8601567.730780222,0.09728823158204652,0.04617997740797786,0.09693817828577028,0.009365962725478625
choque_05pct_permanente,permanente,0.95,0.050000000000000044,True,66,107,6,8811520.305645658,0.08989244350444228,0.06474103351616045,0.09727127256249869,0.009145878789222565
choque_05pct_permanente,permanente,0.95,0.050000000000000044,True,66,107,7,8915754.58083318,0.09039604989242335,0.0892020810760843,0.10238455771708363,0.012557703799454844
choque_05pct_permanente,permanente,0.95,0.050000000000000044,True,66,107,8,8915116.491825232,0.10058829231654913,0.10567341353406623,0.11881085943156813,0.013407195969367597
choque_05pct_permanente,permanente,0.95,0.050000000000000044,True,66,107,9,8842230.202100731,0.1137709924170751,0.11462366122156364,0.13880431717594474,0.007015335092102941
choque_05pct_permanente,permanente,0.95,0.050000000000000044,True,66,107,10,8653327.536240842,0.13083376654053178,0.11036711470709015,0.16046443034938895,-0.005297986007432366
choque_05pct_permanente,permanente,0.95,0.050000000000000044,True,66,107,11,8478156.69094999,0.14663370298131506,0.09684015650439703,0.17719386562233613,-0.016357797948302635
choque_05pct_permanente,permanente,0.95,0.050000000000000044,True,66,107,12,8398173.758392876,0.1486810667508308,0.07466141308306362,0.18498423454246257,-0.02566521217954937
choque_05pct_permanente,permanente,0.95,0.050000000000000044,True,66,107,13,8591657.816028437,0.13830213080820875,0.052467140525558564,0.17707559192654543,-0.031901484067576195
choque_05pct_permanente,permanente,0.95,0.050000000000000044,True,66,107,14,8966553.94498363,0.11919265066205803,0.03621283903499162,0.1620842291441882,-0.03552435474734539
choque_05pct_permanente,permanente,0.95,0.050000000000000044,True,66,107,15,9549191.092023956,0.09264724678594236,0.031244139721020137,0.1423476140267201,-0.031232955256491175
choque_05pct_permanente,permanente,0.95,0.050000000000000044,True,66,107,16,10009813.10586738,0.0694838291331191,0.045030221906542156,0.12543359095457507,-0.022525697363635265
choque_05pct_permanente,permanente,0.95,0.050000000000000044,True,66,107,17,10459819.699996581,0.05543734311676467,0.08141484961937495,0.11578747080543865,-0.015602791483829884
choque_05pct_permanente,permanente,0.95,0.050000000000000044,True,66,107,18,10650712.389546268,0.05476518691425977,0.1359964825432447,0.11816388652765904,-0.0013840568094732933
choque_05pct_permanente,permanente,0.95,0.050000000000000044,True,66,107,19,10813449.463326326,0.06732728012511824,0.1892722435957861,0.1373467907126705,0.004566104038069295
choque_05pct_permanente,permanente,0.95,0.050000000000000044,True,66,107,20,10887982.99568394,0.07519910386509682,0.21755984187462185,0.16172504669418847,0.006958413831427886
choque_05pct_permanente,permanente,0.95,0.050000000000000044,True,66,107,21,10767561.825987307,0.07675201047726873,0.22795834074706267,0.17309526927231186,-0.000680320045173739
choque_05pct_permanente,permanente,0.95,0.050000000000000044,True,66,107,22,10698477.903849965,0.08128273229169594,0.22142492907280653,0.18204607686722546,-0.0094040169396146
choque_05pct_permanente,permanente,0.95,0.050000000000000044,True,66,107,23,10553220.425599758,0.08904233691622052,0.20753091722927208,0.19617737464932944,-0.021892770214203945
choque_05pct_permanente,permanente,0.95,0.050000000000000044,True,66,107,24,10429715.438295396,0.09406369298128718,0.18285189418818515,0.20822796477988867,-0.03745621051517279
choque_05pct_permanente,permanente,0.95,0.050000000000000044,True,66,107,25,10541805.78090818,0.0864854185467362,0.1602894353887263,0.20518463779818147,-0.04993198584585205
choque_05pct_permanente,permanente,0.95,0.050000000000000044,True,67,108,0,7609597.0,0.138,0.03,0.12063832026847152,0.010583740505574736
choque_05pct_permanente,permanente,0.95,0.050000000000000044,True,67,108,1,7652724.38733265,0.14039181650999813,0.030000000000000027,0.11859183719691781,0.007984885903803248
choque_05pct_permanente,permanente,0.95,0.050000000000000044,True,67,108,2,7798543.595592602,0.13522708141572493,0.02418362697756926,0.12052372678520605,0.004634758829242098
choque_05pct_permanente,permanente,0.95,0.050000000000000044,True,67,108,3,8040886.970484645,0.12396056022957515,0.026857167535801363,0.11195389893165422,0.005743224782402626
choque_05pct_permanente,permanente,0.95,0.050000000000000044,True,67,108,4,8353898.367464216,0.10895051213167273,0.030661408992612493,0.10392576793204017,0.007348702328343026
choque_05pct_permanente,permanente,0.95,0.050000000000000044,True,67,108,5,8663616.498168256,0.09311157606359406,0.04732125906838358,0.09457756078487205,0.010697432106860166
choque_05pct_permanente,permanente,0.95,0.050000000000000044,True,67,108,6,8854597.477238974,0.08574625911283995,0.06791454468006619,0.09418685341568579,0.011022798319929444
choque_05pct_permanente,permanente,0.95,0.050000000000000044,True,67,108,7,8918161.370607993,0.091780900471272,0.09500973270128377,0.1018029986295287,0.015744963582674895
choque_05pct_permanente,permanente,0.95,0.050000000000000044,True,67,108,8,8935228.047233732,0.10031124357231147,0.11170972780773858,0.12041853030832095,0.012878374860252602
choque_05pct_permanente,permanente,0.95,0.050000000000000044,True,67,108,9,8828656.98353232,0.1162084954792417,0.12002374342565725,0.13920665152434303,0.00657961084781491
choque_05pct_permanente,permanente,0.95,0.050000000000000044,True,67,108,10,8636434.343290716,0.1320385972280249,0.11240947968140547,0.1618373128937915,-0.0019943966489938884
choque_05pct_permanente,permanente,0.95,0.050000000000000044,True,67,108,11,8520352.257040055,0.14185005066284556,0.09583610999341285,0.17575040830688363,-0.01427556020995713
choque_05pct_permanente,permanente,0.95,0.050000000000000044,True,67,108,12,8411590.767071832,0.14937988699495466,0.07366015231709899,0.18532612976272933,-0.029234289723673205
choque_05pct_permanente,permanente,0.95,0.050000000000000044,True,67,108,13,8519883.522881903,0.14378623833411824,0.051268116500088334,0.18188512627601255,-0.04014044135177493
choque_05pct_permanente,permanente,0.95,0.050000000000000044,True,67,108,14,8988192.581049455,0.12203834545029525,0.03402155011308028,0.1622334738531727,-0.03976314825150965
choque_05pct_permanente,permanente,0.95,0.050000000000000044,True,67,108,15,9660655.528166229,0.087215790255593,0.02915812951689678,0.13789275335413842,-0.03343385048631073
choque_05pct_permanente,permanente,0.95,0.050000000000000044,True,67,108,16,10128509.240828093,0.06099241830571776,0.046063196524631866,0.11834906259725006,-0.02393760540072588
choque_05pct_permanente,permanente,0.95,0.050000000000000044,True,67,108,17,10467352.72164791,0.05252252517753257,0.09081836517613007,0.10962541836256263,-0.013466411727160364
choque_05pct_permanente,permanente,0.95,0.050000000000000044,True,67,108,18,10729098.64737546,0.054314094668385854,0.15053327088689494,0.11740588237621769,0.0004971286526792753
choque_05pct_permanente,permanente,0.95,0.050000000000000044,True,67,108,19,10924619.400897106,0.05976739160558259,0.2043843905852225,0.13492089396882823,0.009805086467848192
choque_05pct_permanente,permanente,0.95,0.050000000000000044,True,67,108,20,11033640.468208164,0.06694769333441086,0.23993289779170746,0.15226901893430855,0.009889090379446975
choque_05pct_permanente,permanente,0.95,0.050000000000000044,True,67,108,21,10890660.692855997,0.07790168106803948,0.25375156765396634,0.1712197063278764,0.004107667309147668
choque_05pct_permanente,permanente,0.95,0.050000000000000044,True,67,108,22,10707694.77779354,0.08464113341649135,0.2429420152952515,0.1893645503343916,-0.009735963481460035
choque_05pct_permanente,permanente,0.95,0.050000000000000044,True,67,108,23,10507229.426395992,0.09195858081324981,0.2212264307562355,0.19987904977768128,-0.024034093536051012
choque_05pct_permanente,permanente,0.95,0.050000000000000044,True,67,108,24,10373792.046888614,0.09545725591789213,0.18895099002687754,0.21012983475027772,-0.04031874147253312
choque_05pct_permanente,permanente,0.95,0.050000000000000044,True,67,108,25,10433681.40263879,0.0898385268590589,0.1602838709644776,0.20706631814674906,-0.051071846985484205
choque_05pct_permanente,permanente,0.95,0.050000000000000044,True,68,109,0,7609597.0,0.138,0.03,0.12063832026847152,0.010583740505574736
choque_05pct_permanente,permanente,0.95,0.050000000000000044,True,68,109,1,7652724.38733265,0.14039181650999813,0.030000000000000027,0.11859183719691781,0.007984885903803248
choque_05pct_permanente,permanente,0.95,0.050000000000000044,True,68,109,2,7795564.207145303,0.13522708141572493,0.02418834528460323,0.12055536259422993,0.006009541766542328
choque_05pct_permanente,permanente,0.95,0.050000000000000044,True,68,109,3,8084124.505442788,0.12459673686515614,0.026850664392079837,0.11150158718514273,0.004540910103163122
choque_05pct_permanente,permanente,0.95,0.050000000000000044,True,68,109,4,8339610.36786887,0.11017589977930625,0.03039670273599726,0.10470412203118896,0.007572112323746219
choque_05pct_permanente,permanente,0.95,0.050000000000000044,True,68,109,5,8669404.207801659,0.09355927527636677,0.044997743498807585,0.09624112513123356,0.009045487351635139
choque_05pct_permanente,permanente,0.95,0.050000000000000044,True,68,109,6,8825152.214315007,0.08675316599373646,0.06598313687205626,0.09560504689530175,0.012529410949576983
choque_05pct_permanente,permanente,0.95,0.050000000000000044,True,68,109,7,8913619.291469054,0.09246094442779114,0.09191802741796784,0.10375803941216906,0.014651741907779783
choque_05pct_permanente,permanente,0.95,0.050000000000000044,True,68,109,8,8895016.815116392,0.10365789598540022,0.10904754534883088,0.12304206194592993,0.010020066482769568
choque_05pct_permanente,permanente,0.95,0.050000000000000044,True,68,109,9,8767951.337380353,0.11964193883336809,0.1161831287914008,0.14277530163839963,0.005120768020347358
choque_05pct_permanente,permanente,0.95,0.050000000000000044,True,68,109,10,8659077.965865094,0.1302315037336655,0.10813223085951518,0.16021710151896837,-0.0025864290025625764
choque_05pct_permanente,permanente,0.95,0.050000000000000044,True,68,109,11,8563750.107058497,0.1359635151894331,0.09440317222276673,0.17003141527719304,-0.01415704453102177
choque_05pct_permanente,permanente,0.95,0.050000000000000044,True,68,109,12,8536455.43373017,0.1385169530126433,0.07519478846895322,0.17560425398046006,-0.024829833524632552
choque_05pct_permanente,permanente,0.95,0.050000000000000044,True,68,109,13,8667968.085385837,0.13132411735918648,0.05658244544450142,0.17232718692277027,-0.03305412726921432
choque_05pct_permanente,permanente,0.95,0.050000000000000044,True,68,109,14,9037609.173311662,0.11364360324587645,0.043117174521122514,0.1582664620874171,-0.030976100642147234
choque_05pct_permanente,permanente,0.95,0.050000000000000044,True,68,109,15,9642565.82159443,0.0841260717255138,0.04112933565702903,0.13744193526578682,-0.028014151053623603
choque_05pct_permanente,permanente,0.95,0.050000000000000044,True,68,109,16,10125369.060646392,0.060294986732542674,0.06142350431764432,0.11872523558406796,-0.018739226050523895
choque_05pct_permanente,permanente,0.95,0.050000000000000044,True,68,109,17,10529295.939219633,0.050056142571025336,0.10526572210985874,0.10979195643339448,-0.008791866203665467
choque_05pct_permanente,permanente,0.95,0.050000000000000044,True,68,109,18,10735031.23450404,0.054026869792560335,0.16580888835793384,0.11711204894863649,0.00683156603602325
choque_05pct_permanente,permanente,0.95,0.050000000000000044,True,68,109,19,10876706.439901635,0.06694669485511594,0.21366920343541373,0.14218181490066312,0.013715910829193503
choque_05pct_permanente,permanente,0.95,0.050000000000000044,True,68,109,20,10912160.645824037,0.07653419812808283,0.23706614187491537,0.16586971134614145,0.009418193757416319
choque_05pct_permanente,permanente,0.95,0.050000000000000044,True,68,109,21,10573612.830300555,0.09157218130475833,0.2386286885047968,0.18619289361654554,-0.004050803199554219
choque_05pct_permanente,permanente,0.95,0.050000000000000044,True,68,109,22,10337111.530379357,0.10376083517473011,0.21660878322511845,0.20609826798631226,-0.022794041694234168
choque_05pct_permanente,permanente,0.95,0.050000000000000044,True,68,109,23,10026666.496151822,0.11145533773292617,0.18474729149418323,0.21763648240101321,-0.041314376370224795
choque_05pct_permanente,permanente,0.95,0.050000000000000044,True,68,109,24,10242782.39530402,0.09772911490877836,0.1470354170902164,0.20934495579530515,-0.05270969771453
choque_05pct_permanente,permanente,0.95,0.050000000000000044,True,68,109,25,10516826.215195857,0.07732704985840455,0.12309004018775016,0.1912304037605271,-0.05677583414586835
choque_05pct_permanente,permanente,0.95,0.050000000000000044,True,69,110,0,7609597.0,0.138,0.03,0.12063832026847152,0.010583740505574736
choque_05pct_permanente,permanente,0.95,0.050000000000000044,True,69,110,1,7652724.38733265,0.14039181650999813,0.030000000000000027,0.11859183719691781,0.007984885903803248
choque_05pct_permanente,permanente,0.95,0.050000000000000044,True,69,110,2,7808005.83577837,0.1352271743258113,0.02417543691180768,0.12048629552242138,0.002645565424754922
choque_05pct_permanente,permanente,0.95,0.050000000000000044,True,69,110,3,8076202.453951858,0.12402598259044004,0.026865393308924235,0.11140889724019841,0.007622436129147782
choque_05pct_permanente,permanente,0.95,0.050000000000000044,True,69,110,4,8328828.854193888,0.1091288507026388,0.0305426236931734,0.10507568759882267,0.00598002081027474
choque_05pct_permanente,permanente,0.95,0.050000000000000044,True,69,110,5,8640967.28814503,0.0962873902793129,0.045726968654514755,0.09689857265840632,0.008043249063625945
choque_05pct_permanente,permanente,0.95,0.050000000000000044,True,69,110,6,8825774.3960663,0.08742330033202148,0.06551676294545672,0.09523897290659875,0.01155850888011606
choque_05pct_permanente,permanente,0.95,0.050000000000000044,True,69,110,7,9027264.154880658,0.08340201597708967,0.09097013151315148,0.09771279954115336,0.016882940413791073
choque_05pct_permanente,permanente,0.95,0.050000000000000044,True,69,110,8,9036781.081687087,0.09359274545540909,0.11491874895885812,0.11105132084435078,0.016272524610126245
choque_05pct_permanente,permanente,0.95,0.050000000000000044,True,69,110,9,8929458.109088156,0.10842786399808933,0.1271178087095195,0.13498225899951524,0.011338010833666663
choque_05pct_permanente,permanente,0.95,0.050000000000000044,True,69,110,10,8706555.80605384,0.12870933837456305,0.12538478755432148,0.15908607233292762,0.00017107032503945545
choque_05pct_permanente,permanente,0.95,0.050000000000000044,True,69,110,11,8486853.736417651,0.1448920296787362,0.10914667127307798,0.17996936225857804,-0.015466872829630225
choque_05pct_permanente,permanente,0.95,0.050000000000000044,True,69,110,12,8377352.317506617,0.15231169894612753,0.08460145135487762,0.18973120990853357,-0.031091067228295785
choque_05pct_permanente,permanente,0.95,0.050000000000000044,True,69,110,13,8470311.63544463,0.14631916289841088,0.05762124594815843,0.18554411088819223,-0.039138863033172315
choque_05pct_permanente,permanente,0.95,0.050000000000000044,True,69,110,14,9006561.19791327,0.11871087335338988,0.03619068547126658,0.16337511672842542,-0.03743676338247455
choque_05pct_permanente,permanente,0.95,0.050000000000000044,True,69,110,15,9606495.833569998,0.08622721231981792,0.029463077414052297,0.1391068501052536,-0.03328710059508688
choque_05pct_permanente,permanente,0.95,0.050000000000000044,True,69,110,16,10064491.946980624,0.06520895259749906,0.04601728730581889,0.12177721731436596,-0.023398454687684225
choque_05pct_permanente,permanente,0.95,0.050000000000000044,True,69,110,17,10390379.430499697,0.05423078810365967,0.08483294032958755,0.11566589784694783,-0.013506188172477564
choque_05pct_permanente,permanente,0.95,0.050000000000000044,True,69,110,18,10639439.904200478,0.05782319091501636,0.1421252130668922,0.11963513991442339,-0.004612509621203166
choque_05pct_permanente,permanente,0.95,0.050000000000000044,True,69,110,19,10924598.490255754,0.06429280135214194,0.18958770556918703,0.1387237103891013,0.008431799755131583
choque_05pct_permanente,permanente,0.95,0.050000000000000044,True,69,110,20,11015647.94547603,0.06590652432553624,0.2226637690277986,0.153325082306175,0.007595879723000863
choque_05pct_permanente,permanente,0.95,0.050000000000000044,True,69,110,21,10878607.522862906,0.07379425527575703,0.24001251131079826,0.16670539003877827,0.005309123747799347
choque_05pct_permanente,permanente,0.95,0.050000000000000044,True,69,110,22,10654958.783829689,0.08778906160254012,0.23783363997428175,0.18902936353035565,-0.008993512550335567
choque_05pct_permanente,permanente,0.95,0.050000000000000044,True,69,110,23,10464865.714823717,0.09664568923037173,0.21567681245900228,0.20666808586940605,-0.025221784029209535
choque_05pct_permanente,permanente,0.95,0.050000000000000044,True,69,110,24,10298895.797961876,0.09919175395441629,0.18688787050789823,0.21272835575955684,-0.04063030997181418
choque_05pct_permanente,permanente,0.95,0.050000000000000044,True,69,110,25,10452228.414414039,0.08828598693292504,0.1554089017809761,0.20652092471357497,-0.0521588272065805
choque_05pct_permanente,permanente,0.95,0.050000000000000044,True,70,111,0,7609597.0,0.138,0.03,0.12063832026847152,0.010583740505574736
choque_05pct_permanente,permanente,0.95,0.050000000000000044,True,70,111,1,7652724.38733265,0.14039181650999813,0.030000000000000027,0.11859183719691781,0.007984885903803248
choque_05pct_permanente,permanente,0.95,0.050000000000000044,True,70,111,2,7810558.145549158,0.13522708141572493,0.02416379221127296,0.1205771870152906,-0.0004998282809616247
choque_05pct_permanente,permanente,0.95,0.050000000000000044,True,70,111,3,8094292.032921445,0.12339508676856754,0.02693906039771976,0.11024539303697212,0.005744063310937772
choque_05pct_permanente,permanente,0.95,0.050000000000000044,True,70,111,4,8415242.424626948,0.10595908311296691,0.03088572155142888,0.1017948972497072,0.009076698661175513
choque_05pct_permanente,permanente,0.95,0.050000000000000044,True,70,111,5,8707898.738514708,0.09193828223266602,0.04727955834978137,0.09363916099467291,0.014167500686706042
choque_05pct_permanente,permanente,0.95,0.050000000000000044,True,70,111,6,8835023.79074649,0.08895890011791138,0.06917106753186841,0.09678734902554229,0.012999797346067665
choque_05pct_permanente,permanente,0.95,0.050000000000000044,True,70,111,7,8840138.352112591,0.09957821526745964,0.09442055964768148,0.10879506176715632,0.015019179710461543
choque_05pct_permanente,permanente,0.95,0.050000000000000044,True,70,111,8,8763220.425867839,0.11191507638429903,0.10803746973493245,0.12963435530345632,0.0071003342000759626
choque_05pct_permanente,permanente,0.95,0.050000000000000044,True,70,111,9,8704628.226587,0.12347192043785403,0.11045401867468896,0.14464871727631545,0.004016997094534276
choque_05pct_permanente,permanente,0.95,0.050000000000000044,True,70,111,10,8574955.181536214,0.1304225601096484,0.10174461413096969,0.15919605443905863,-0.00869034730307849
choque_05pct_permanente,permanente,0.95,0.050000000000000044,True,70,111,11,8570231.490016561,0.13294489037718654,0.08503340781017421,0.1667645738567987,-0.0188591333367347
choque_05pct_permanente,permanente,0.95,0.050000000000000044,True,70,111,12,8569641.970902417,0.13422544540863554,0.06863692088548023,0.17047172897463642,-0.0267759505670096
choque_05pct_permanente,permanente,0.95,0.050000000000000044,True,70,111,13,8814391.721840162,0.12408195679691171,0.051652220674221594,0.1644838795887709,-0.033572495154386754
choque_05pct_permanente,permanente,0.95,0.050000000000000044,True,70,111,14,9232519.509211699,0.10397776849311023,0.04330174381699137,0.14937934985901183,-0.03225668117164283
choque_05pct_permanente,permanente,0.95,0.050000000000000044,True,70,111,15,9749877.45767817,0.0788126709897524,0.04735177480059205,0.13201385126023202,-0.025492883443568173
choque_05pct_permanente,permanente,0.95,0.050000000000000044,True,70,111,16,10131022.2007247,0.06146973521233601,0.0720835781896354,0.11861643914529038,-0.01725601683894974
choque_05pct_permanente,permanente,0.95,0.050000000000000044,True,70,111,17,10472101.666190345,0.05508336297209863,0.11504538464554126,0.1145313196884911,-0.005587455067751938
choque_05pct_permanente,permanente,0.95,0.050000000000000044,True,70,111,18,10747942.024438618,0.055710732705256866,0.16733056703888383,0.12220930160061531,0.007397301153179113
choque_05pct_permanente,permanente,0.95,0.050000000000000044,True,70,111,19,10911754.164707854,0.06268521204391934,0.2143121553518137,0.13863874588691033,0.010096962717022125
choque_05pct_permanente,permanente,0.95,0.050000000000000044,True,70,111,20,10860762.348791042,0.07584271215001291,0.23941418433840855,0.16109589560119272,0.008234375805168146
choque_05pct_permanente,permanente,0.95,0.050000000000000044,True,70,111,21,10709687.634808587,0.08559942922683787,0.2398177110776918,0.18289270946470473,-0.0007832828150815171
choque_05pct_permanente,permanente,0.95,0.050000000000000044,True,70,111,22,10344509.40786339,0.09798165001246592,0.2231175879595806,0.20088545356018925,-0.017261023285554133
choque_05pct_permanente,permanente,0.95,0.050000000000000044,True,70,111,23,10176548.233418506,0.10570164953301864,0.19151686445088112,0.21367397870116567,-0.037598607184929016
choque_05pct_permanente,permanente,0.95,0.050000000000000044,True,70,111,24,10112699.4727455,0.10287129722858379,0.15783982564416554,0.2150689704629565,-0.053294590106647485
choque_05pct_permanente,permanente,0.95,0.050000000000000044,True,70,111,25,10452967.674193082,0.08417147054535358,0.12694261303703192,0.20034750207583424,-0.05867273639293054
choque_05pct_permanente,permanente,0.95,0.050000000000000044,True,71,112,0,7609597.0,0.138,0.03,0.12063832026847152,0.010583740505574736
choque_05pct_permanente,permanente,0.95,0.050000000000000044,True,71,112,1,7652724.38733265,0.14039181650999813,0.030000000000000027,0.11859183719691781,0.007984885903803248
choque_05pct_permanente,permanente,0.95,0.050000000000000044,True,71,112,2,7805611.452779818,0.13522708141572493,0.02418121984506083,0.12046544943382044,0.004319352369148146
choque_05pct_permanente,permanente,0.95,0.050000000000000044,True,71,112,3,8047260.082707708,0.1251054153332465,0.026885194440390503,0.1121243346618294,0.008478895790693221
choque_05pct_permanente,permanente,0.95,0.050000000000000044,True,71,112,4,8333472.804163698,0.11111636507355624,0.03011629428964957,0.10642870105332793,0.009084732858890353
choque_05pct_permanente,permanente,0.95,0.050000000000000044,True,71,112,5,8519652.116863566,0.09973760656296937,0.044386419136065,0.10101653271429205,0.009295110263511753
choque_05pct_permanente,permanente,0.95,0.050000000000000044,True,71,112,6,8722745.793163765,0.09661070490421413,0.06077076721906782,0.10230957630546765,0.010018138876215847
choque_05pct_permanente,permanente,0.95,0.050000000000000044,True,71,112,7,8841233.850839049,0.09630415053772858,0.08140371389925538,0.1084008124502558,0.010949151544551146
choque_05pct_permanente,permanente,0.95,0.050000000000000044,True,71,112,8,8867829.859706672,0.10317727024331742,0.09680915553669922,0.12069114501615098,0.008807914449788536
choque_05pct_permanente,permanente,0.95,0.050000000000000044,True,71,112,9,8834658.317852154,0.11419007748415738,0.10555764961426717,0.13662124273110834,0.004712398369103269
choque_05pct_permanente,permanente,0.95,0.050000000000000044,True,71,112,10,8680012.451747805,0.12574787110415367,0.10272203824914761,0.15499828992398937,-0.00467818360762929
choque_05pct_permanente,permanente,0.95,0.050000000000000044,True,71,112,11,8652351.252472611,0.1306345455995953,0.09235296491909861,0.1648809826662346,-0.014277459786406963
choque_05pct_permanente,permanente,0.95,0.050000000000000044,True,71,112,12,8647012.299597256,0.13244870438248948,0.0780043805261359,0.16940061794095373,-0.023433306270572007
choque_05pct_permanente,permanente,0.95,0.050000000000000044,True,71,112,13,8801658.303082427,0.12521181495757577,0.06322041846881987,0.1660616895628231,-0.02752171843990008
choque_05pct_permanente,permanente,0.95,0.050000000000000044,True,71,112,14,9127584.198129358,0.1078043888700024,0.05300087356855232,0.1544753008360831,-0.027406994473225345
choque_05pct_permanente,permanente,0.95,0.050000000000000044,True,71,112,15,9624594.626016982,0.08307181858888672,0.05299142638644727,0.13742281781481636,-0.024492484847131193
choque_05pct_permanente,permanente,0.95,0.050000000000000044,True,71,112,16,10102912.069534702,0.06408613235012793,0.07064802352485344,0.12239710137514127,-0.01760315209601728
choque_05pct_permanente,permanente,0.95,0.050000000000000044,True,71,112,17,10452663.480552023,0.05221505048227405,0.10890405655843538,0.11533383283363444,-0.008086777850201718
choque_05pct_permanente,permanente,0.95,0.050000000000000044,True,71,112,18,10785456.735033657,0.05286243349721891,0.16359807553196815,0.11681110779018815,0.006879379720827531
choque_05pct_permanente,permanente,0.95,0.050000000000000044,True,71,112,19,10902170.48145826,0.06303123532535415,0.21284440860790466,0.1381146950712232,0.011406330688684315
choque_05pct_permanente,permanente,0.95,0.050000000000000044,True,71,112,20,10853490.669582287,0.07926836248006887,0.23952541576251618,0.16515142481975392,0.009715651374910386
choque_05pct_permanente,permanente,0.95,0.050000000000000044,True,71,112,21,10650743.748715317,0.09124075835965362,0.23743858958433006,0.1882787552310098,-0.004915907700544994
choque_05pct_permanente,permanente,0.95,0.050000000000000044,True,71,112,22,10316462.050969837,0.10091736465689495,0.21732467628895868,0.203465004171774,-0.021062959084329456
choque_05pct_permanente,permanente,0.95,0.050000000000000044,True,71,112,23,10166990.232675582,0.10563517518880966,0.1843568959306614,0.21191111335512725,-0.0386179854485156
choque_05pct_permanente,permanente,0.95,0.050000000000000044,True,71,112,24,10189487.764405977,0.09865246069929683,0.15100933676761397,0.209844999429204,-0.05167308675186587
choque_05pct_permanente,permanente,0.95,0.050000000000000044,True,71,112,25,10642899.481856996,0.07725615854889935,0.12559681637192255,0.19203717616833266,-0.05953517628679931
choque_05pct_permanente,permanente,0.95,0.050000000000000044,True,72,113,0,7609597.0,0.138,0.03,0.12063832026847152,0.010583740505574736
choque_05pct_permanente,permanente,0.95,0.050000000000000044,True,72,113,1,7652724.38733265,0.14039181650999813,0.030000000000000027,0.11859183719691781,0.007984885903803248
choque_05pct_permanente,permanente,0.95,0.050000000000000044,True,72,113,2,7794028.0849892935,0.13522708141572493,0.024178506740961447,0.12052591699044952,0.0034360613904552326
choque_05pct_permanente,permanente,0.95,0.050000000000000044,True,72,113,3,8057296.142543379,0.124924758241077,0.026850035628960045,0.1110388691167739,0.0042623634323819826
choque_05pct_permanente,permanente,0.95,0.050000000000000044,True,72,113,4,8431196.382067263,0.10579124766058694,0.030229701823787147,0.10201324763371468,0.007982660159781696
choque_05pct_permanente,permanente,0.95,0.050000000000000044,True,72,113,5,8662628.847154863,0.09074392641994608,0.04805686902387807,0.09276672945795988,0.01405396515638585
choque_05pct_permanente,permanente,0.95,0.050000000000000044,True,72,113,6,8844500.983102113,0.08596610903899991,0.07072348372998394,0.09433223857278665,0.013088471751883404
choque_05pct_permanente,permanente,0.95,0.050000000000000044,True,72,113,7,8866698.325757075,0.09508206218928031,0.09762578606662609,0.1053928415805516,0.012250470219546384
choque_05pct_permanente,permanente,0.95,0.050000000000000044,True,72,113,8,8857166.424363624,0.10792937851294825,0.1122115590371422,0.12586633586505702,0.010161137508214301
choque_05pct_permanente,permanente,0.95,0.050000000000000044,True,72,113,9,8719316.495177217,0.12083034611933252,0.11721479378504474,0.14381695446494577,0.004966761027618614
choque_05pct_permanente,permanente,0.95,0.050000000000000044,True,72,113,10,8637630.426782323,0.12898157944272445,0.10738500231411319,0.15918565285689934,-0.002488827555946444
choque_05pct_permanente,permanente,0.95,0.050000000000000044,True,72,113,11,8447600.414239015,0.1407440492605263,0.09249908238163651,0.17253528183353214,-0.017449577902844907
choque_05pct_permanente,permanente,0.95,0.050000000000000044,True,72,113,12,8527151.115058258,0.13885109497614415,0.06901090994062353,0.17722500644402428,-0.027611985387487523
choque_05pct_permanente,permanente,0.95,0.050000000000000044,True,72,113,13,8681925.468081322,0.13050697778739087,0.05118666199110167,0.16975317570919127,-0.03498725355951559
choque_05pct_permanente,permanente,0.95,0.050000000000000044,True,72,113,14,9217130.710457232,0.10826639321167769,0.03791816168449769,0.15239853406622886,-0.031245471139893656
choque_05pct_permanente,permanente,0.95,0.050000000000000044,True,72,113,15,9651433.651954036,0.08241611723025147,0.040417516273949294,0.134641809929766,-0.026373896589165627
choque_05pct_permanente,permanente,0.95,0.050000000000000044,True,72,113,16,10081290.55387375,0.0621588251182702,0.06118465463112566,0.12030616036890024,-0.018497129155015446
choque_05pct_permanente,permanente,0.95,0.050000000000000044,True,72,113,17,10469145.263146345,0.05411717872487538,0.10481295760530895,0.11281597884414293,-0.005869364381159923
choque_05pct_permanente,permanente,0.95,0.050000000000000044,True,72,113,18,10702611.091347175,0.05574980584019514,0.15988491424821394,0.12104092619936163,0.0025834730389602805
choque_05pct_permanente,permanente,0.95,0.050000000000000044,True,72,113,19,10919888.850378904,0.06296959546123534,0.20915411346247081,0.13741183180288283,0.009169378012180488
choque_05pct_permanente,permanente,0.95,0.050000000000000044,True,72,113,20,10930915.830166608,0.07025379474238595,0.23694026304300286,0.1572826756153938,0.011340479789696127
choque_05pct_permanente,permanente,0.95,0.050000000000000044,True,72,113,21,10833997.514962796,0.07765435433219554,0.2442581784232043,0.17385750890883847,0.0021827230389073415
choque_05pct_permanente,permanente,0.95,0.050000000000000044,True,72,113,22,10530069.784523776,0.09463432018224138,0.23258931853921272,0.19535588156530198,-0.012882646780562423
choque_05pct_permanente,permanente,0.95,0.050000000000000044,True,72,113,23,10297119.489840718,0.10783713866410621,0.2036640554366611,0.21572268597218927,-0.03436561627657518
choque_05pct_permanente,permanente,0.95,0.050000000000000044,True,72,113,24,10131547.046229582,0.1096497392776749,0.1663494901398559,0.22113737686061039,-0.04984175488005918
choque_05pct_permanente,permanente,0.95,0.050000000000000044,True,72,113,25,10383114.5103255,0.08977750829707001,0.1332950946274014,0.20684240128573525,-0.05832898796718995
choque_05pct_permanente,permanente,0.95,0.050000000000000044,True,73,114,0,7609597.0,0.138,0.03,0.12063832026847152,0.010583740505574736
choque_05pct_permanente,permanente,0.95,0.050000000000000044,True,73,114,1,7652724.38733265,0.14039181650999813,0.030000000000000027,0.11859183719691781,0.007984885903803248
choque_05pct_permanente,permanente,0.95,0.050000000000000044,True,73,114,2,7803938.248452482,0.13522708141572493,0.024171205035228738,0.1204696728912532,0.0017659017151863054
choque_05pct_permanente,permanente,0.95,0.050000000000000044,True,73,114,3,8070055.354512611,0.12383237140664796,0.0268923827646963,0.11082135458963349,0.006516168638564196
choque_05pct_permanente,permanente,0.95,0.050000000000000044,True,73,114,4,8409588.05069833,0.10686605374964518,0.030661257405107945,0.10296330418664272,0.009073684120354806
choque_05pct_permanente,permanente,0.95,0.050000000000000044,True,73,114,5,8644551.936063418,0.09418064867019814,0.04764619838249007,0.09525711894293934,0.010840625843330572
choque_05pct_permanente,permanente,0.95,0.050000000000000044,True,73,114,6,8799031.536096564,0.0893706345629322,0.06713182378142424,0.09802905582000854,0.015309546915105509
choque_05pct_permanente,permanente,0.95,0.050000000000000044,True,73,114,7,8836194.537219847,0.0982297049262306,0.0914377649133562,0.10860061244741939,0.015659096113055476
choque_05pct_permanente,permanente,0.95,0.050000000000000044,True,73,114,8,8765750.301260158,0.1130842426953144,0.10457910078771149,0.1306390236315428,0.009574539459868142
choque_05pct_permanente,permanente,0.95,0.050000000000000044,True,73,114,9,8632565.693844683,0.12838351069080894,0.10665317373108696,0.15080706289968315,-0.0009801545991825083
choque_05pct_permanente,permanente,0.95,0.050000000000000044,True,73,114,10,8487108.72019924,0.139230173476735,0.09628965847023818,0.16622905803989863,-0.010238511639867678
choque_05pct_permanente,permanente,0.95,0.050000000000000044,True,73,114,11,8523512.14924449,0.13774420883509034,0.07889791594570372,0.16965888161736356,-0.020344671201320202
choque_05pct_permanente,permanente,0.95,0.050000000000000044,True,73,114,12,8652013.158622583,0.1287916514548831,0.06265683901453589,0.16441631278509655,-0.026766387767824154
choque_05pct_permanente,permanente,0.95,0.050000000000000044,True,73,114,13,9015894.798523003,0.1107011074889958,0.04933378287820256,0.15234474170712886,-0.02731568992154023
choque_05pct_permanente,permanente,0.95,0.050000000000000044,True,73,114,14,9425644.987584168,0.0904404304647117,0.048217532218929104,0.13770490808951977,-0.026072825306084103
choque_05pct_permanente,permanente,0.95,0.050000000000000044,True,73,114,15,9844333.589147182,0.07256411680493714,0.06059702093695374,0.12585123575649468,-0.015488222581493717
choque_05pct_permanente,permanente,0.95,0.050000000000000044,True,73,114,16,10218585.854960414,0.061811125870135535,0.09122393220716529,0.11924861572818007,-0.010387882446650272
choque_05pct_permanente,permanente,0.95,0.050000000000000044,True,73,114,17,10329073.156287277,0.0636570990929787,0.13515113584601757,0.12453647595511187,-0.004778365818992426
choque_05pct_permanente,permanente,0.95,0.050000000000000044,True,73,114,18,10518849.481788956,0.06867869608898515,0.1732059595742752,0.13936206724947547,0.00013277964775535006
choque_05pct_permanente,permanente,0.95,0.050000000000000044,True,73,114,19,10653611.101263024,0.0718017559259323,0.1997482964462165,0.15133831315440133,0.00022246310128470388
choque_05pct_permanente,permanente,0.95,0.050000000000000044,True,73,114,20,10604815.231030196,0.0746430665494419,0.21172273900784666,0.1637202057954014,-0.002326351049247353
choque_05pct_permanente,permanente,0.95,0.050000000000000044,True,73,114,21,10559411.161231913,0.07931164216927186,0.2136146075027936,0.17483426992478643,-0.011030912873711333
choque_05pct_permanente,permanente,0.95,0.050000000000000044,True,73,114,22,10483455.667670973,0.0870431697921258,0.20264830632063635,0.18776626975801838,-0.020337608724011993
choque_05pct_permanente,permanente,0.95,0.050000000000000044,True,73,114,23,10416346.643485973,0.0898577712103614,0.18394955610612063,0.19817665303924137,-0.030995140657262808
choque_05pct_permanente,permanente,0.95,0.050000000000000044,True,73,114,24,10517955.634499336,0.08301155939726702,0.16316538291697613,0.19652030038631124,-0.04126261962199089
choque_05pct_permanente,permanente,0.95,0.050000000000000044,True,73,114,25,10924311.473032035,0.06385779948301591,0.15016397151943295,0.1817195491525673,-0.04141886851794099
choque_05pct_permanente,permanente,0.95,0.050000000000000044,True,74,115,0,7609597.0,0.138,0.03,0.12063832026847152,0.010583740505574736
choque_05pct_permanente,permanente,0.95,0.050000000000000044,True,74,115,1,7652724.38733265,0.14039181650999813,0.030000000000000027,0.11859183719691781,0.007984885903803248
choque_05pct_permanente,permanente,0.95,0.050000000000000044,True,74,115,2,7797854.872602894,0.13522708141572493,0.024176415315312783,0.120507620870698,0.0031333612775650693
choque_05pct_permanente,permanente,0.95,0.050000000000000044,True,74,115,3,8061191.37312812,0.1241742778079178,0.026871773875818405,0.11103835258707462,0.0055315949819529815
choque_05pct_permanente,permanente,0.95,0.050000000000000044,True,74,115,4,8442460.281722438,0.10644855078835286,0.030210368559190792,0.1020538858139113,0.00654447535495347
choque_05pct_permanente,permanente,0.95,0.050000000000000044,True,74,115,5,8661313.165532729,0.09213842267482096,0.04758448259381298,0.09459140537997374,0.009805657224849027
choque_05pct_permanente,permanente,0.95,0.050000000000000044,True,74,115,6,8822407.898608854,0.08787376612135146,0.06877355621789971,0.09604179238330107,0.010456875777320553
choque_05pct_permanente,permanente,0.95,0.050000000000000044,True,74,115,7,8930984.21859376,0.09260204910847943,0.09461746667805682,0.1044847767030469,0.016639442808512785
choque_05pct_permanente,permanente,0.95,0.050000000000000044,True,74,115,8,8882760.868097555,0.10544037209751218,0.11109250750800159,0.12314007224952486,0.013292451624164961
choque_05pct_permanente,permanente,0.95,0.050000000000000044,True,74,115,9,8765858.901589131,0.11727428655325331,0.11710183397277696,0.1434222346008383,0.006959134174682605
choque_05pct_permanente,permanente,0.95,0.050000000000000044,True,74,115,10,8582202.719273517,0.13414496912132942,0.11049757828932538,0.16251727721939993,-0.006425665020188312
choque_05pct_permanente,permanente,0.95,0.050000000000000044,True,74,115,11,8442993.483968725,0.14442398154698866,0.09276490724482556,0.17742610381762008,-0.015256619669216646
choque_05pct_permanente,permanente,0.95,0.050000000000000044,True,74,115,12,8496068.090025678,0.1425811358100073,0.07037468866669272,0.178888455602711,-0.027939747944416955
choque_05pct_permanente,permanente,0.95,0.050000000000000044,True,74,115,13,8653629.100470638,0.13191139067260144,0.049294951940543674,0.1725715530707852,-0.03578642628768752
choque_05pct_permanente,permanente,0.95,0.050000000000000044,True,74,115,14,9087743.872299716,0.11074244552244684,0.03737596617393657,0.15491383560475297,-0.036756782090814843
choque_05pct_permanente,permanente,0.95,0.050000000000000044,True,74,115,15,9765082.072176073,0.07933216262212116,0.037830435214208924,0.13201894507089443,-0.029418337599575246
choque_05pct_permanente,permanente,0.95,0.050000000000000044,True,74,115,16,10162220.475370951,0.05750077742368273,0.06223796352967681,0.11479533147210735,-0.01902418022995432
choque_05pct_permanente,permanente,0.95,0.050000000000000044,True,74,115,17,10528325.767543344,0.050912255348690545,0.11024171704707397,0.10868044307110014,-0.007298042572524039
choque_05pct_permanente,permanente,0.95,0.050000000000000044,True,74,115,18,10778189.112742063,0.05752548695618821,0.17029295080472062,0.11957034596602932,0.00757190504902207
choque_05pct_permanente,permanente,0.95,0.050000000000000044,True,74,115,19,10903786.166705942,0.06433959667367642,0.2145967496618133,0.14355522398730378,0.009194356775218435
choque_05pct_permanente,permanente,0.95,0.050000000000000044,True,74,115,20,10947462.791288136,0.069522550895192,0.24099848153980297,0.1577402839152627,0.011857908086662212
choque_05pct_permanente,permanente,0.95,0.050000000000000044,True,74,115,21,10734338.501213543,0.08184824033114016,0.2469104396741182,0.1761589055393074,0.00311835590753731
choque_05pct_permanente,permanente,0.95,0.050000000000000044,True,74,115,22,10456264.665251821,0.09545286880699047,0.2315838909930834,0.19908344769541864,-0.014765157579461804
choque_05pct_permanente,permanente,0.95,0.050000000000000044,True,74,115,23,10265193.95886555,0.10243587423258652,0.20276838220709847,0.211012761532496,-0.03273359043726332
choque_05pct_permanente,permanente,0.95,0.050000000000000044,True,74,115,24,10167153.481978932,0.1001270374263505,0.16804099542619233,0.2133644413151923,-0.049587597389105
choque_05pct_permanente,permanente,0.95,0.050000000000000044,True,74,115,25,10426129.330324227,0.08338991241054731,0.13785242589862512,0.20093021551286033,-0.0599570040526758
choque_05pct_permanente,permanente,0.95,0.050000000000000044,True,75,116,0,7609597.0,0.138,0.03,0.12063832026847152,0.010583740505574736
choque_05pct_permanente,permanente,0.95,0.050000000000000044,True,75,116,1,7652724.579038038,0.14039189608182145,0.030000000000000027,0.11859185275440487,0.007984881356440793
choque_05pct_permanente,permanente,0.95,0.050000000000000044,True,75,116,2,7809324.871989589,0.1352271750006601,0.024175229326598213,0.12054642987694983,0.0028991851980060416
choque_05pct_permanente,permanente,0.95,0.050000000000000044,True,75,116,3,8045676.713770765,0.12456320144846394,0.026917137836538263,0.11166952037492268,0.006524233783878088
choque_05pct_permanente,permanente,0.95,0.050000000000000044,True,75,116,4,8367882.365678304,0.10899340955611103,0.030356887595798687,0.10424698838332234,0.006556670900162653
choque_05pct_permanente,permanente,0.95,0.050000000000000044,True,75,116,5,8630431.831867404,0.09435181813192814,0.0459639074153928,0.09585800432957241,0.010445325853876777
choque_05pct_permanente,permanente,0.95,0.050000000000000044,True,75,116,6,8842123.724717487,0.08739124631324965,0.06604731299656907,0.09475614270159953,0.012601856698820647
choque_05pct_permanente,permanente,0.95,0.050000000000000044,True,75,116,7,8954413.284956077,0.08819903816482148,0.09235474214183825,0.10077433765670447,0.016429354537029275
choque_05pct_permanente,permanente,0.95,0.050000000000000044,True,75,116,8,8935370.60514191,0.09765367725541123,0.11339437310833689,0.1168954870722415,0.012570359400402178
choque_05pct_permanente,permanente,0.95,0.050000000000000044,True,75,116,9,8844881.244454207,0.11318677308202954,0.12310872888759805,0.1369994172944989,0.011592877336531623
choque_05pct_permanente,permanente,0.95,0.050000000000000044,True,75,116,10,8704433.30119748,0.12591900982075216,0.1181033679885588,0.1575810589897062,-0.0013440565992123487
choque_05pct_permanente,permanente,0.95,0.050000000000000044,True,75,116,11,8552895.709587445,0.13729892432572374,0.10351549823897388,0.17185056604764984,-0.012469177739317465
choque_05pct_permanente,permanente,0.95,0.050000000000000044,True,75,116,12,8506936.140347842,0.13942641340908618,0.08253355060114309,0.1787210874311603,-0.024206544508201505
choque_05pct_permanente,permanente,0.95,0.050000000000000044,True,75,116,13,8650149.284836885,0.13190088506826939,0.06149832126355825,0.17430039326920937,-0.03303869880354526
choque_05pct_permanente,permanente,0.95,0.050000000000000044,True,75,116,14,8985046.712655583,0.11584178342138367,0.04617534075594665,0.16113216027144675,-0.03619068710534941
choque_05pct_permanente,permanente,0.95,0.050000000000000044,True,75,116,15,9541307.297583036,0.09040744727820146,0.041280166461109546,0.14227157654350867,-0.02800003942722968
choque_05pct_permanente,permanente,0.95,0.050000000000000044,True,75,116,16,9995436.048010573,0.06527298555266459,0.054442104258125346,0.12491550968660467,-0.018909136785438603
choque_05pct_permanente,permanente,0.95,0.050000000000000044,True,75,116,17,10431688.272176327,0.0536632299643874,0.09239991198026654,0.11397085467293377,-0.008679715807137691
choque_05pct_permanente,permanente,0.95,0.050000000000000044,True,75,116,18,10560265.248503875,0.05918565449242866,0.14685871258836514,0.12137003129272936,0.001557413080629575
choque_05pct_permanente,permanente,0.95,0.050000000000000044,True,75,116,19,10714744.262154697,0.06739560518746192,0.1913713061825113,0.14448994267094434,0.0033966511000389573
choque_05pct_permanente,permanente,0.95,0.050000000000000044,True,75,116,20,10868629.703910025,0.06916375902156703,0.21809821742231184,0.15641598374891025,0.00601144863616884
choque_05pct_permanente,permanente,0.95,0.050000000000000044,True,75,116,21,10903822.737970918,0.06891138062493618,0.22981296792677797,0.16347793166280958,0.002013999843777564
choque_05pct_permanente,permanente,0.95,0.050000000000000044,True,75,116,22,10774916.285009688,0.07757824190784604,0.2308719611827348,0.1769976313574639,-0.004379991370489605
choque_05pct_permanente,permanente,0.95,0.050000000000000044,True,75,116,23,10665102.606070222,0.08712588634575415,0.2183792332043406,0.19519199991258984,-0.021450652941271357
choque_05pct_permanente,permanente,0.95,0.050000000000000044,True,75,116,24,10572863.688716512,0.08888131151702124,0.19736085819918503,0.2033485680892996,-0.030983045216949008
choque_05pct_permanente,permanente,0.95,0.050000000000000044,True,75,116,25,10621854.451329833,0.08114320873993362,0.1742055271956071,0.20121284600535821,-0.04336241666107707
choque_05pct_permanente,permanente,0.95,0.050000000000000044,True,76,117,0,7609597.0,0.138,0.03,0.12063832026847152,0.010583740505574736
choque_05pct_permanente,permanente,0.95,0.050000000000000044,True,76,117,1,7652724.38733265,0.14039181650999813,0.030000000000000027,0.11859183719691781,0.007984885903803248
choque_05pct_permanente,permanente,0.95,0.050000000000000044,True,76,117,2,7805488.027980565,0.13522708141572493,0.02419449839717136,0.12056463140978832,0.007207996900182124
choque_05pct_permanente,permanente,0.95,0.050000000000000044,True,76,117,3,8009778.56014661,0.12590529462287176,0.02682565191731734,0.11343135952449074,0.006287645245984479
choque_05pct_permanente,permanente,0.95,0.050000000000000044,True,76,117,4,8329320.709956502,0.11228174128418944,0.029758649407786386,0.10680573339598308,0.0067387783354811185
choque_05pct_permanente,permanente,0.95,0.050000000000000044,True,76,117,5,8664975.6751563,0.09766466256513835,0.043030675319264855,0.09934916483175099,0.008875988048927329
choque_05pct_permanente,permanente,0.95,0.050000000000000044,True,76,117,6,8739288.744249301,0.09320413738551049,0.061880890781197406,0.10133956176348928,0.01061312304902704
choque_05pct_permanente,permanente,0.95,0.050000000000000044,True,76,117,7,8756907.12476085,0.10332644865386227,0.08324834430220296,0.11229932022568087,0.009363327074182274
choque_05pct_permanente,permanente,0.95,0.050000000000000044,True,76,117,8,8729082.098302115,0.11546752952814875,0.09492594181330949,0.1311206299321912,0.006508882110597178
choque_05pct_permanente,permanente,0.95,0.050000000000000044,True,76,117,9,8707580.892292619,0.12021499099997465,0.09810387380230146,0.14324268434076723,0.002700102270285183
choque_05pct_permanente,permanente,0.95,0.050000000000000044,True,76,117,10,8634231.373676697,0.1263717160634002,0.09180719152195138,0.15470367632302057,-0.007553104038594652
choque_05pct_permanente,permanente,0.95,0.050000000000000044,True,76,117,11,8595454.086001871,0.13113088975919782,0.08207921562872222,0.16322780488713992,-0.017406172367268144
choque_05pct_permanente,permanente,0.95,0.050000000000000044,True,76,117,12,8741357.100163652,0.12440617123137361,0.06854975464090596,0.16221456989880606,-0.02363388208059087
choque_05pct_permanente,permanente,0.95,0.050000000000000044,True,76,117,13,9014081.065502614,0.11098252482268181,0.05996389885991782,0.1520265579428485,-0.02452474732628103
choque_05pct_permanente,permanente,0.95,0.050000000000000044,True,76,117,14,9431148.976394221,0.09173199290427142,0.05659667187553108,0.13998385273338815,-0.020652579089398965
choque_05pct_permanente,permanente,0.95,0.050000000000000044,True,76,117,15,9793652.334339792,0.07043330386701402,0.069533171374347,0.12660947809808454,-0.015385019266965982
choque_05pct_permanente,permanente,0.95,0.050000000000000044,True,76,117,16,10237571.621331112,0.05665971984449526,0.09951162745869957,0.1158302438094787,-0.006323115389584265
choque_05pct_permanente,permanente,0.95,0.050000000000000044,True,76,117,17,10483124.370816734,0.054325151763987986,0.14718045324120022,0.11609357553114849,0.003519254705711702
choque_05pct_permanente,permanente,0.95,0.050000000000000044,True,76,117,18,10657326.478212003,0.06356677084651839,0.1951951904056899,0.13169604990245748,0.010508663244887733
choque_05pct_permanente,permanente,0.95,0.050000000000000044,True,76,117,19,10678305.238514213,0.07342726541554342,0.223399206585285,0.15651364585792185,0.006465753119610584
choque_05pct_permanente,permanente,0.95,0.050000000000000044,True,76,117,20,10575983.242448332,0.0847717011547065,0.2302602822363904,0.17389719728981864,-0.0005432091783201015
choque_05pct_permanente,permanente,0.95,0.050000000000000044,True,76,117,21,10350488.064300463,0.09352570906853919,0.2166529667041177,0.19181435578642717,-0.011636144523167661
choque_05pct_permanente,permanente,0.95,0.050000000000000044,True,76,117,22,10186171.133706128,0.09922118800768681,0.19277635023592832,0.20227089487147162,-0.0291003627909931
choque_05pct_permanente,permanente,0.95,0.050000000000000044,True,76,117,23,10111066.49282758,0.10160017806170644,0.1639455456570642,0.20691910538635364,-0.04364536240407255
choque_05pct_permanente,permanente,0.95,0.050000000000000044,True,76,117,24,10334012.451689534,0.08598781483151294,0.13559769933546795,0.19904293057105002,-0.051152028493721954
choque_05pct_permanente,permanente,0.95,0.050000000000000044,True,76,117,25,10959036.633277105,0.059140575958643145,0.1225405316173589,0.17455077860802548,-0.050024411713154755
choque_05pct_permanente,permanente,0.95,0.050000000000000044,True,77,118,0,7609597.0,0.138,0.03,0.12063832026847152,0.010583740505574736
choque_05pct_permanente,permanente,0.95,0.050000000000000044,True,77,118,1,7652724.38733265,0.14039181650999813,0.030000000000000027,0.11859183719691781,0.007984885903803248
choque_05pct_permanente,permanente,0.95,0.050000000000000044,True,77,118,2,7807863.249785816,0.13522708141572493,0.024176460803517985,0.12037272580961207,0.003178472297050573
choque_05pct_permanente,permanente,0.95,0.050000000000000044,True,77,118,3,8091459.477274288,0.12487881669289998,0.026871460126831614,0.11220438366202046,0.0025244830363842447
choque_05pct_permanente,permanente,0.95,0.050000000000000044,True,77,118,4,8350556.120635731,0.10942480308503862,0.03024228073029267,0.10534389169296642,0.00687273447880183
choque_05pct_permanente,permanente,0.95,0.050000000000000044,True,77,118,5,8592999.083191736,0.09652562299972237,0.045813493741516886,0.09786857225553754,0.008688523180686771
choque_05pct_permanente,permanente,0.95,0.050000000000000044,True,77,118,6,8792049.679776886,0.09105496244551732,0.06409391362701045,0.09852333727498294,0.011894792587053341
choque_05pct_permanente,permanente,0.95,0.050000000000000044,True,77,118,7,8854216.05059497,0.09373531446721645,0.08846966084265029,0.10615233820259644,0.013438678329238712
choque_05pct_permanente,permanente,0.95,0.050000000000000044,True,77,118,8,8851376.121278794,0.10512336676847002,0.10426597753345801,0.1226322340717785,0.011219457543076372
choque_05pct_permanente,permanente,0.95,0.050000000000000044,True,77,118,9,8747755.104137383,0.11740136293103005,0.11236138857064115,0.14123574181928508,0.0031701968334631367
choque_05pct_permanente,permanente,0.95,0.050000000000000044,True,77,118,10,8650853.052536579,0.12928703181784731,0.10609785378038383,0.15733304626805228,-0.005681305196053019
choque_05pct_permanente,permanente,0.95,0.050000000000000044,True,77,118,11,8577357.75720594,0.13508515705912041,0.09284252437228346,0.16771557339684035,-0.01610605236681442
choque_05pct_permanente,permanente,0.95,0.050000000000000044,True,77,118,12,8613873.055709556,0.13218935005950058,0.07437182877845694,0.16985273721845703,-0.023794636389574846
choque_05pct_permanente,permanente,0.95,0.050000000000000044,True,77,118,13,8868085.974393997,0.11799017342229552,0.058686880780758566,0.16012951343112614,-0.02934099707909307
choque_05pct_permanente,permanente,0.95,0.050000000000000044,True,77,118,14,9341108.376206938,0.09645645986530453,0.050288584330906216,0.1438993505639603,-0.02494792759206953
choque_05pct_permanente,permanente,0.95,0.050000000000000044,True,77,118,15,9737859.736604473,0.07427352499181383,0.05803123642795094,0.12891267071693735,-0.02050812971704507
choque_05pct_permanente,permanente,0.95,0.050000000000000044,True,77,118,16,10191609.771020468,0.058335740519983664,0.08337475047801957,0.11723703281606404,-0.011469847789652288
choque_05pct_permanente,permanente,0.95,0.050000000000000044,True,77,118,17,10477616.251990808,0.05379713067073284,0.12974336841510303,0.11501629733470196,-0.001660188871278609
choque_05pct_permanente,permanente,0.95,0.050000000000000044,True,77,118,18,10696667.529263532,0.06281121869405748,0.17987750337602493,0.12823397495439004,0.004724383624527141
choque_05pct_permanente,permanente,0.95,0.050000000000000044,True,77,118,19,10711825.414713372,0.07410843732775801,0.2135636284174438,0.15446753184003423,0.006365256014266253
choque_05pct_permanente,permanente,0.95,0.050000000000000044,True,77,118,20,10679753.174974944,0.0826601195027327,0.224174290553951,0.1711809642523138,0.0014323455329955188
choque_05pct_permanente,permanente,0.95,0.050000000000000044,True,77,118,21,10419936.83982188,0.09107344511448101,0.2183360469844855,0.18725476425594054,-0.01353829464465206
choque_05pct_permanente,permanente,0.95,0.050000000000000044,True,77,118,22,10265250.726580532,0.09924442022840668,0.19770198370348813,0.1991455718333845,-0.025851584036720606
choque_05pct_permanente,permanente,0.95,0.050000000000000044,True,77,118,23,10176901.728104144,0.09734488955064448,0.17000578266269573,0.20525198154724636,-0.04306364811109814
choque_05pct_permanente,permanente,0.95,0.050000000000000044,True,77,118,24,10421040.799061742,0.08414403378565123,0.14428768088615795,0.19463667683282732,-0.051396468776549825
choque_05pct_permanente,permanente,0.95,0.050000000000000044,True,77,118,25,11004285.604689665,0.05910241005481273,0.13136398135120464,0.1743529366885663,-0.0485535348854392
choque_05pct_permanente,permanente,0.95,0.050000000000000044,True,78,119,0,7609597.0,0.138,0.03,0.12063832026847152,0.010583740505574736
choque_05pct_permanente,permanente,0.95,0.050000000000000044,True,78,119,1,7652724.38733265,0.14039181650999813,0.030000000000000027,0.11859183719691781,0.007984885903803248
choque_05pct_permanente,permanente,0.95,0.050000000000000044,True,78,119,2,7818223.5783487465,0.13522708141572493,0.02418105325900255,0.12030128955621903,0.004142972174128414
choque_05pct_permanente,permanente,0.95,0.050000000000000044,True,78,119,3,8006043.922971146,0.12757971749307523,0.02684099709088561,0.11337615789790098,0.00517831539825302
choque_05pct_permanente,permanente,0.95,0.050000000000000044,True,78,119,4,8343293.412392825,0.11064024740679089,0.029006504054563065,0.10570734694368063,0.005516497424441709
choque_05pct_permanente,permanente,0.95,0.050000000000000044,True,78,119,5,8659961.302208759,0.09260119826501026,0.04368842547391938,0.09477917524855385,0.01032884330652468
choque_05pct_permanente,permanente,0.95,0.050000000000000044,True,78,119,6,8909004.045736358,0.08249918511054052,0.065944838766689,0.09101980566080971,0.012756762848578455
choque_05pct_permanente,permanente,0.95,0.050000000000000044,True,78,119,7,8974832.920325775,0.0873989457968304,0.09415056608050332,0.09908715088080702,0.017518347426204603
choque_05pct_permanente,permanente,0.95,0.050000000000000044,True,78,119,8,8939363.571158966,0.10184413620301573,0.1152520370377288,0.12073433071911653,0.01375411597262279
choque_05pct_permanente,permanente,0.95,0.050000000000000044,True,78,119,9,8756509.566798808,0.12147624819385437,0.12393812236235124,0.1454040610145198,0.007454549938428629
choque_05pct_permanente,permanente,0.95,0.050000000000000044,True,78,119,10,8560146.075042814,0.1377340424255178,0.1156883553053909,0.16683935357326465,-0.005273460861313339
choque_05pct_permanente,permanente,0.95,0.050000000000000044,True,78,119,11,8419705.764075004,0.14728585966446614,0.09700941024713905,0.17957177010134542,-0.017371185753568563
choque_05pct_permanente,permanente,0.95,0.050000000000000044,True,78,119,12,8376933.125950126,0.14831117900693344,0.07157547392184482,0.18485752035412978,-0.02831346053669351
choque_05pct_permanente,permanente,0.95,0.050000000000000044,True,78,119,13,8583333.299011543,0.1378978230834374,0.04863255192180849,0.17664366839022527,-0.03597558801063073
choque_05pct_permanente,permanente,0.95,0.050000000000000044,True,78,119,14,9011405.043093301,0.11709227901640538,0.03194580373948819,0.15985559621927908,-0.03768279858421177
choque_05pct_permanente,permanente,0.95,0.050000000000000044,True,78,119,15,9656065.995409135,0.08816369298123868,0.02938765320167458,0.1373303919937608,-0.029628883283005596
choque_05pct_permanente,permanente,0.95,0.050000000000000044,True,78,119,16,10065743.767466571,0.06499806292496811,0.046890080379800025,0.12203960899288427,-0.023637709233154933
choque_05pct_permanente,permanente,0.95,0.050000000000000044,True,78,119,17,10348820.697603393,0.05882647366533556,0.0872633195772754,0.11554167814001702,-0.01484225095597247
choque_05pct_permanente,permanente,0.95,0.050000000000000044,True,78,119,18,10644561.91589217,0.059514294183181465,0.13668445341100743,0.12444375552595008,-0.0016647123988982506
choque_05pct_permanente,permanente,0.95,0.050000000000000044,True,78,119,19,10831392.658319972,0.06092009900903482,0.18394817542957886,0.13707876626081977,0.005888280745930582
choque_05pct_permanente,permanente,0.95,0.050000000000000044,True,78,119,20,10963359.994825765,0.06439337272820929,0.21983013055525902,0.1489334973939883,0.009223967144293214
choque_05pct_permanente,permanente,0.95,0.050000000000000044,True,78,119,21,10965092.320627667,0.06977746688559154,0.24062603414236672,0.163650573210449,0.0047316673040897666
choque_05pct_permanente,permanente,0.95,0.050000000000000044,True,78,119,22,10781749.210031904,0.08172445938452153,0.2426407408375768,0.18263897006405239,-0.004749850733418957
choque_05pct_permanente,permanente,0.95,0.050000000000000044,True,78,119,23,10551233.478825623,0.09342553307855217,0.22613352319229807,0.20278055705723663,-0.020620671443028156
choque_05pct_permanente,permanente,0.95,0.050000000000000044,True,78,119,24,10443076.404104747,0.09478905405306147,0.197164079210993,0.21078327898599558,-0.03607669746623231
choque_05pct_permanente,permanente,0.95,0.050000000000000044,True,78,119,25,10493695.5946819,0.08751080736327072,0.16836889194948879,0.20634880000041683,-0.04762026474926557
choque_05pct_permanente,permanente,0.95,0.050000000000000044,True,79,120,0,7609597.0,0.138,0.03,0.12063832026847152,0.010583740505574736
choque_05pct_permanente,permanente,0.95,0.050000000000000044,True,79,120,1,7652724.38733265,0.14039181650999813,0.030000000000000027,0.11859183719691781,0.007984885903803248
choque_05pct_permanente,permanente,0.95,0.050000000000000044,True,79,120,2,7796702.1299916925,0.13522708141572493,0.02417585326340732,0.12047117973595105,0.0025925013762329633
choque_05pct_permanente,permanente,0.95,0.050000000000000044,True,79,120,3,8100742.079409424,0.12461043311555883,0.026877128720985466,0.11109881516745244,0.0035559244002142183
choque_05pct_permanente,permanente,0.95,0.050000000000000044,True,79,120,4,8392772.191530926,0.10841617084417787,0.03035165877891166,0.10336816384288341,0.006367091397048251
choque_05pct_permanente,permanente,0.95,0.050000000000000044,True,79,120,5,8664308.78688659,0.09202582465690863,0.04696044039510272,0.09398451195205051,0.009463553283529711
choque_05pct_permanente,permanente,0.95,0.050000000000000044,True,79,120,6,8850563.526614908,0.08663934800867173,0.06806663923754419,0.09447946489175904,0.012856496393468673
choque_05pct_permanente,permanente,0.95,0.050000000000000044,True,79,120,7,8925084.637990981,0.093782982699165,0.09400034580881034,0.10368414899953289,0.016934487588621143
choque_05pct_permanente,permanente,0.95,0.050000000000000044,True,79,120,8,8893909.031395331,0.10459138965404996,0.11047586878699955,0.12347520980852512,0.01288696859327712
choque_05pct_permanente,permanente,0.95,0.050000000000000044,True,79,120,9,8736558.036473198,0.12150084424100659,0.11679228725910029,0.14461896620271647,0.0026039795638691274
choque_05pct_permanente,permanente,0.95,0.050000000000000044,True,79,120,10,8539179.239599468,0.13966215885721753,0.1074203622072889,0.1668344859927046,-0.00815236974669338
choque_05pct_permanente,permanente,0.95,0.050000000000000044,True,79,120,11,8412610.565074103,0.148132783432882,0.08858153768910237,0.18032385522434147,-0.018864909365395123
choque_05pct_permanente,permanente,0.95,0.050000000000000044,True,79,120,12,8403013.12092264,0.14934324733860063,0.06552579436441586,0.18289331036242318,-0.031077087715681028
choque_05pct_permanente,permanente,0.95,0.050000000000000044,True,79,120,13,8617521.959435085,0.1347205852607072,0.04343030821514837,0.17352441944777824,-0.037867118681551244
choque_05pct_permanente,permanente,0.95,0.050000000000000044,True,79,120,14,9237007.456114447,0.10750094639628428,0.030949592862027142,0.1504909151917065,-0.036724266680321915
choque_05pct_permanente,permanente,0.95,0.050000000000000044,True,79,120,15,9697297.955101915,0.07956307465778158,0.033605991587177364,0.13114936988915116,-0.026932415427738374
choque_05pct_permanente,permanente,0.95,0.050000000000000044,True,79,120,16,10197103.903631274,0.05966949641889313,0.05779464553725422,0.1158615393304207,-0.019075919307480625
choque_05pct_permanente,permanente,0.95,0.050000000000000044,True,79,120,17,10485643.678203847,0.052811062873398276,0.10578154524184402,0.11099170603857175,-0.008226304694770089
choque_05pct_permanente,permanente,0.95,0.050000000000000044,True,79,120,18,10770446.477621816,0.05463467638113261,0.16414651498337363,0.1196193266298947,0.0033707919112546713
choque_05pct_permanente,permanente,0.95,0.050000000000000044,True,79,120,19,10964324.173552396,0.06291796842804173,0.21502802463673176,0.13724473115633762,0.013412150256903827
choque_05pct_permanente,permanente,0.95,0.050000000000000044,True,79,120,20,11000326.312235383,0.07087252186213877,0.2423528655272693,0.15846432972945018,0.012246610005359275
choque_05pct_permanente,permanente,0.95,0.050000000000000044,True,79,120,21,10795662.10451986,0.08343633174297993,0.24876501246508886,0.1779160816440506,0.002438094767650812
choque_05pct_permanente,permanente,0.95,0.050000000000000044,True,79,120,22,10427453.670286896,0.10006416099463035,0.23260767862908005,0.20240910485697844,-0.01673026825219514
choque_05pct_permanente,permanente,0.95,0.050000000000000044,True,79,120,23,10219291.067431683,0.1081426187983631,0.20054205500660416,0.21581580521127247,-0.0339190532270183
choque_05pct_permanente,permanente,0.95,0.050000000000000044,True,79,120,24,10110843.475379173,0.10728986946662122,0.16308139555999768,0.21784321477525448,-0.05396600973116312
choque_05pct_permanente,permanente,0.95,0.050000000000000044,True,79,120,25,10270897.668752754,0.0930026850578707,0.12939039549855913,0.20819219727344665,-0.06175517965089187
choque_05pct_permanente,permanente,0.95,0.050000000000000044,True,80,121,0,7609597.0,0.138,0.03,0.12063832026847152,0.010583740505574736
choque_05pct_permanente,permanente,0.95,0.050000000000000044,True,80,121,1,7652573.991429995,0.14039305416049105,0.030000000000000027,0.11859902041763505,0.00798271910238141
choque_05pct_permanente,permanente,0.95,0.050000000000000044,True,80,121,2,7804486.276482563,0.13523901142061226,0.02417850367126717,0.12052519454051844,0.003581230186057112
choque_05pct_permanente,permanente,0.95,0.050000000000000044,True,80,121,3,8047401.449201927,0.124111171294953,0.026885999758877288,0.11180929191007453,0.0076211013655126895
choque_05pct_permanente,permanente,0.95,0.050000000000000044,True,80,121,4,8325500.899528214,0.11035559337624637,0.030537710877676094,0.10549358135259178,0.007457463940241571
choque_05pct_permanente,permanente,0.95,0.050000000000000044,True,80,121,5,8590118.747582257,0.0970076043243737,0.046106272612459476,0.0972941164788015,0.009492930276755646
choque_05pct_permanente,permanente,0.95,0.050000000000000044,True,80,121,6,8808088.44619288,0.08795455055272955,0.06532810350644769,0.0956791617007375,0.010246718949815202
choque_05pct_permanente,permanente,0.95,0.050000000000000044,True,80,121,7,8959185.593738561,0.08687242366319185,0.09014083799368056,0.0994456734545914,0.015338644626851108
choque_05pct_permanente,permanente,0.95,0.050000000000000044,True,80,121,8,9010332.3227008,0.09389493761498939,0.11139310582239004,0.1135020039394398,0.012856886105410817
choque_05pct_permanente,permanente,0.95,0.050000000000000044,True,80,121,9,8859636.9146059,0.11245881543209996,0.12405643722272663,0.1355713303020152,0.009021656033590255
choque_05pct_permanente,permanente,0.95,0.050000000000000044,True,80,121,10,8732534.937607931,0.12794427097880817,0.11959883502773949,0.1582230107474168,-0.0007952383935658286
choque_05pct_permanente,permanente,0.95,0.050000000000000044,True,80,121,11,8535624.710371513,0.1396449738646536,0.10389848373297883,0.17433833703010151,-0.012622633145343105
choque_05pct_permanente,permanente,0.95,0.050000000000000044,True,80,121,12,8513398.874551056,0.14242524588918343,0.08112299074429985,0.18134376631334823,-0.027071602938433238
choque_05pct_permanente,permanente,0.95,0.050000000000000044,True,80,121,13,8627270.870029384,0.13744737193820203,0.05873644006744971,0.17803879820145935,-0.03556409894797693
choque_05pct_permanente,permanente,0.95,0.050000000000000044,True,80,121,14,8922666.586877562,0.12271015454980871,0.04116944245086063,0.16634119297647307,-0.038244065964946804
choque_05pct_permanente,permanente,0.95,0.050000000000000044,True,80,121,15,9511958.530877374,0.09287058769195607,0.034247342515951296,0.1450076218120048,-0.03269722484855568
choque_05pct_permanente,permanente,0.95,0.050000000000000044,True,80,121,16,10048635.16050163,0.06646438105078394,0.0472657056385668,0.12419657306931424,-0.023993146203704633
choque_05pct_permanente,permanente,0.95,0.050000000000000044,True,80,121,17,10443236.353891253,0.05057745232847312,0.08392086837666657,0.11231354338881677,-0.01360645031773976
choque_05pct_permanente,permanente,0.95,0.050000000000000044,True,80,121,18,10767020.131876629,0.050537678190659255,0.14702634377002988,0.1111191902302039,0.0023929886599757043
choque_05pct_permanente,permanente,0.95,0.050000000000000044,True,80,121,19,10917007.352927195,0.05977511187109991,0.20509732761665367,0.13227414808283214,0.01195894569102518
choque_05pct_permanente,permanente,0.95,0.050000000000000044,True,80,121,20,11034113.48967389,0.06874222656480172,0.24119271995846048,0.15500618722374349,0.012327680692057759
choque_05pct_permanente,permanente,0.95,0.050000000000000044,True,80,121,21,10986917.876686437,0.07372721310814713,0.2527252013118082,0.17034781914607322,0.006317808753583988
choque_05pct_permanente,permanente,0.95,0.050000000000000044,True,80,121,22,10761313.316909254,0.08610811542024084,0.24551801262621908,0.18650581480700557,-0.005143716919252328
choque_05pct_permanente,permanente,0.95,0.050000000000000044,True,80,121,23,10407759.566621877,0.10130459092356477,0.22232914476885202,0.2102159843500187,-0.024255553218954316
choque_05pct_permanente,permanente,0.95,0.050000000000000044,True,80,121,24,10223965.963134002,0.10634324691933818,0.18658675776173772,0.22108661937713955,-0.04569756525885937
choque_05pct_permanente,permanente,0.95,0.050000000000000044,True,80,121,25,10280760.878453046,0.10007722096818429,0.1507972621226974,0.21546462236676955,-0.05945044062116802
choque_05pct_permanente,permanente,0.95,0.050000000000000044,True,81,122,0,7609597.0,0.138,0.03,0.12063832026847152,0.010583740505574736
choque_05pct_permanente,permanente,0.95,0.050000000000000044,True,81,122,1,7652724.38733265,0.14039181650999813,0.030000000000000027,0.11859183719691781,0.007984885903803248
choque_05pct_permanente,permanente,0.95,0.050000000000000044,True,81,122,2,7795379.849416762,0.13522708141572493,0.0241842277719575,0.1205845456106104,0.004510733785755456
choque_05pct_permanente,permanente,0.95,0.050000000000000044,True,81,122,3,8056509.159232635,0.12497344504408324,0.026820851116044375,0.11186970008014051,0.0029754842669861238
choque_05pct_permanente,permanente,0.95,0.050000000000000044,True,81,122,4,8420474.897092907,0.11076271379297056,0.030214536598981656,0.10429357309469969,0.0026372846618984013
choque_05pct_permanente,permanente,0.95,0.050000000000000044,True,81,122,5,8635520.72968538,0.09481737634300466,0.044973376671467724,0.0967693109029809,0.00911037990183397
choque_05pct_permanente,permanente,0.95,0.050000000000000044,True,81,122,6,8796692.882729264,0.08921691108112602,0.06514081693514018,0.09670246917412591,0.010714866042337878
choque_05pct_permanente,permanente,0.95,0.050000000000000044,True,81,122,7,8858582.419311715,0.09661368441868763,0.08905371502788584,0.10646938327692824,0.011933282911462098
choque_05pct_permanente,permanente,0.95,0.050000000000000044,True,81,122,8,8858843.02670436,0.10579651581544905,0.10380222820001639,0.12443679634492562,0.011820650210406016
choque_05pct_permanente,permanente,0.95,0.050000000000000044,True,81,122,9,8782256.983422074,0.11718769076775175,0.10998183657751293,0.14138473177362776,0.0053231469078239505
choque_05pct_permanente,permanente,0.95,0.050000000000000044,True,81,122,10,8585348.37927549,0.1327950305480034,0.1044138914691557,0.16156669217058628,-0.006097996881545278
choque_05pct_permanente,permanente,0.95,0.050000000000000044,True,81,122,11,8471708.857619967,0.14290944386961082,0.08998896646955545,0.17498219655226221,-0.01803941142193008
choque_05pct_permanente,permanente,0.95,0.050000000000000044,True,81,122,12,8532888.959460372,0.14019809357114127,0.06975801638266388,0.17619180394568187,-0.028642727860277523
choque_05pct_permanente,permanente,0.95,0.050000000000000044,True,81,122,13,8755675.399687374,0.12720380683133414,0.052365703052908996,0.16662451619567611,-0.031894897342256374
choque_05pct_permanente,permanente,0.95,0.050000000000000044,True,81,122,14,9218924.947548037,0.10163592008487939,0.041352746230336024,0.14861728677069908,-0.028125340826817433
choque_05pct_permanente,permanente,0.95,0.050000000000000044,True,81,122,15,9774318.476043846,0.0766774763898513,0.046985761796149106,0.12865162123020976,-0.023315755699055373
choque_05pct_permanente,permanente,0.95,0.050000000000000044,True,81,122,16,10187147.084781133,0.05794221653891083,0.07160387203443408,0.116734813615207,-0.01633352570675685
choque_05pct_permanente,permanente,0.95,0.050000000000000044,True,81,122,17,10503530.88720071,0.05182328290535189,0.11956779564482978,0.11159549042986049,-0.003855714330826067
choque_05pct_permanente,permanente,0.95,0.050000000000000044,True,81,122,18,10731776.557705475,0.05941401861172633,0.17539404998123476,0.12336939366801697,0.007715879002589472
choque_05pct_permanente,permanente,0.95,0.050000000000000044,True,81,122,19,10846425.585868997,0.06829857091166917,0.21517544931523003,0.14772615274264864,0.012023722325063936
choque_05pct_permanente,permanente,0.95,0.050000000000000044,True,81,122,20,10855546.968522165,0.07344434791164832,0.2355040095811538,0.16318960437173555,0.007748759225197393
choque_05pct_permanente,permanente,0.95,0.050000000000000044,True,81,122,21,10589411.990518618,0.08680733735778878,0.23680532350129346,0.18100278338302248,-0.004589247994927436
choque_05pct_permanente,permanente,0.95,0.050000000000000044,True,81,122,22,10415493.746144108,0.09787098039366021,0.218182712718207,0.19983767132788638,-0.019915988529432056
choque_05pct_permanente,permanente,0.95,0.050000000000000044,True,81,122,23,10245603.730017375,0.1006178717340778,0.18885832004965253,0.20873516226934502,-0.03927720135606952
choque_05pct_permanente,permanente,0.95,0.050000000000000044,True,81,122,24,10271522.591414645,0.09585890009234459,0.15731470446173645,0.2057707191738461,-0.0500156733942518
choque_05pct_permanente,permanente,0.95,0.050000000000000044,True,81,122,25,10686207.486689419,0.07235663572914426,0.1334735136095233,0.18986580455367277,-0.050630635803380813
choque_05pct_permanente,permanente,0.95,0.050000000000000044,True,82,123,0,7609597.0,0.138,0.03,0.12063832026847152,0.010583740505574736
choque_05pct_permanente,permanente,0.95,0.050000000000000044,True,82,123,1,7652724.38733265,0.14039181650999813,0.030000000000000027,0.11859183719691781,0.007984885903803248
choque_05pct_permanente,permanente,0.95,0.050000000000000044,True,82,123,2,7806433.00710526,0.13522708141572493,0.024178944487317944,0.120353731246704,0.003649076713633944
choque_05pct_permanente,permanente,0.95,0.050000000000000044,True,82,123,3,8032410.8051144425,0.12487928273260135,0.026875867130523368,0.1118198239033449,0.00458695006557052
choque_05pct_permanente,permanente,0.95,0.050000000000000044,True,82,123,4,8414461.464442732,0.10616415904473137,0.030242462656994817,0.10202646385824518,0.006773814412007024
choque_05pct_permanente,permanente,0.95,0.050000000000000044,True,82,123,5,8722340.844058271,0.08815710122361893,0.047660917622587506,0.09098237125784163,0.012961686059031079
choque_05pct_permanente,permanente,0.95,0.050000000000000044,True,82,123,6,8904653.434712857,0.08075260812766724,0.07210560286241452,0.09014339155946796,0.015449284114052017
choque_05pct_permanente,permanente,0.95,0.050000000000000044,True,82,123,7,8960232.28033172,0.090563639960984,0.10249354571794633,0.10101601044583781,0.017585485285894348
choque_05pct_permanente,permanente,0.95,0.050000000000000044,True,82,123,8,8864326.170605488,0.10756803355769577,0.12061505263438921,0.12599922952819356,0.014220074482868644
choque_05pct_permanente,permanente,0.95,0.050000000000000044,True,82,123,9,8725577.565971078,0.12290906318003693,0.1236972444473472,0.14838204595162843,0.006245408478587785
choque_05pct_permanente,permanente,0.95,0.050000000000000044,True,82,123,10,8513507.53926859,0.13934910733504044,0.11275427829009632,0.16836167913364872,-0.0034485140169677074
choque_05pct_permanente,permanente,0.95,0.050000000000000044,True,82,123,11,8313389.931191531,0.15198057530496817,0.09183450589416187,0.18486308413007946,-0.021048951242294816
choque_05pct_permanente,permanente,0.95,0.050000000000000044,True,82,123,12,8307092.298018068,0.1532306406619837,0.06625700025830406,0.18821164674592092,-0.035286861811408186
choque_05pct_permanente,permanente,0.95,0.050000000000000044,True,82,123,13,8564891.215486022,0.13988423394370003,0.041839534038998094,0.1758046204224985,-0.03816252141410259
choque_05pct_permanente,permanente,0.95,0.050000000000000044,True,82,123,14,9176663.472312262,0.10974968857098301,0.026184899180457633,0.15245788982560704,-0.03676787325580124
choque_05pct_permanente,permanente,0.95,0.050000000000000044,True,82,123,15,9744722.911491891,0.07731223318033281,0.02699973245009879,0.12957269040297498,-0.028007575857098822
choque_05pct_permanente,permanente,0.95,0.050000000000000044,True,82,123,16,10143804.923198722,0.05806880749705882,0.05294566455454697,0.11441005457657834,-0.020360275831266914
choque_05pct_permanente,permanente,0.95,0.050000000000000044,True,82,123,17,10487588.847910775,0.05280392668045071,0.10275475063272266,0.10994396360875655,-0.0080681251673876
choque_05pct_permanente,permanente,0.95,0.050000000000000044,True,82,123,18,10815608.31317143,0.05481853808385402,0.1630548355785999,0.11958138395500914,0.004437019508867798
choque_05pct_permanente,permanente,0.95,0.050000000000000044,True,82,123,19,11050088.861918831,0.06051282121470748,0.21423504459324882,0.13557814269713156,0.013032483798273271
choque_05pct_permanente,permanente,0.95,0.050000000000000044,True,82,123,20,10981737.930824658,0.07350569907363257,0.24784847128054688,0.15866630982090163,0.008383447574630816
choque_05pct_permanente,permanente,0.95,0.050000000000000044,True,82,123,21,10734910.929078437,0.0895048663073655,0.24873020207635554,0.18448677578210845,0.0009467455459301434
choque_05pct_permanente,permanente,0.95,0.050000000000000044,True,82,123,22,10453937.254361825,0.096587033699522,0.22956708425661598,0.20186247487294565,-0.016046896382034753
choque_05pct_permanente,permanente,0.95,0.050000000000000044,True,82,123,23,10273730.802455597,0.10006129855926382,0.19803637426237697,0.20832185591468938,-0.03636089468779051
choque_05pct_permanente,permanente,0.95,0.050000000000000044,True,82,123,24,10231929.424418962,0.09625353045371918,0.16444025344605073,0.20952579577163888,-0.05010571261237165
choque_05pct_permanente,permanente,0.95,0.050000000000000044,True,82,123,25,10517148.511997314,0.08078351440386954,0.13711506113702532,0.19721781717927048,-0.05686398827740476
choque_05pct_permanente,permanente,0.95,0.050000000000000044,True,83,124,0,7609597.0,0.138,0.03,0.12063832026847152,0.010583740505574736
choque_05pct_permanente,permanente,0.95,0.050000000000000044,True,83,124,1,7652724.38733265,0.14039181650999813,0.030000000000000027,0.11859183719691781,0.007984885903803248
choque_05pct_permanente,permanente,0.95,0.050000000000000044,True,83,124,2,7801793.704639675,0.13522708141572493,0.024181009460047642,0.12050544446928059,0.004164884073127168
choque_05pct_permanente,permanente,0.95,0.050000000000000044,True,83,124,3,8044972.28389028,0.12460078112289083,0.026850990735577174,0.11197679002817187,0.0061413704915950764
choque_05pct_permanente,permanente,0.95,0.050000000000000044,True,83,124,4,8362112.177517751,0.10861772897194737,0.030331040422638234,0.10416154567940726,0.006517364219078112
choque_05pct_permanente,permanente,0.95,0.050000000000000044,True,83,124,5,8636787.543995295,0.09318840405938142,0.04750341040867623,0.09462301480520487,0.01320815090693671
choque_05pct_permanente,permanente,0.95,0.050000000000000044,True,83,124,6,8834663.198216302,0.08560060398119589,0.06829127728348805,0.09405885598943702,0.011800202563475429
choque_05pct_permanente,permanente,0.95,0.050000000000000044,True,83,124,7,8926362.596202388,0.09002271735599737,0.09522183381689131,0.10154854718833019,0.01727673362555885
choque_05pct_permanente,permanente,0.95,0.050000000000000044,True,83,124,8,8929041.712207219,0.10240516621526223,0.11190460874017649,0.1213589242516062,0.01154806925707194
choque_05pct_permanente,permanente,0.95,0.050000000000000044,True,83,124,9,8746258.580469478,0.11927337587867283,0.12020424022749521,0.14365919684787967,0.0033194349055132313
choque_05pct_permanente,permanente,0.95,0.050000000000000044,True,83,124,10,8618992.446948377,0.132775257501149,0.11044191964287964,0.16251627620477144,-0.0032830655700127357
choque_05pct_permanente,permanente,0.95,0.050000000000000044,True,83,124,11,8543968.608013127,0.13737532281808487,0.09530729470504773,0.17151291724755346,-0.017526720743436267
choque_05pct_permanente,permanente,0.95,0.050000000000000044,True,83,124,12,8515366.589035828,0.1373355302897392,0.07433991996184242,0.1754346129511108,-0.029968652608064878
choque_05pct_permanente,permanente,0.95,0.050000000000000044,True,83,124,13,8795459.648438301,0.12449169377343797,0.055661367895211145,0.1653051257041074,-0.03029219687365207
choque_05pct_permanente,permanente,0.95,0.050000000000000044,True,83,124,14,9236575.796344602,0.10022369510086082,0.04460813736192759,0.1484697659556669,-0.03017138616965945
choque_05pct_permanente,permanente,0.95,0.050000000000000044,True,83,124,15,9777092.854356147,0.07478168860868287,0.04946043458867644,0.129284325286333,-0.025072921742104286
choque_05pct_permanente,permanente,0.95,0.050000000000000044,True,83,124,16,10148180.206023974,0.058570712590197097,0.07514357367454694,0.11646983370162313,-0.01426464609499708
choque_05pct_permanente,permanente,0.95,0.050000000000000044,True,83,124,17,10529125.214278791,0.05072440751139245,0.122311156103176,0.11236720806833644,-0.0044006719091859246
choque_05pct_permanente,permanente,0.95,0.050000000000000044,True,83,124,18,10804323.585620923,0.05388325312198871,0.18023565601138003,0.11952045005346103,0.00846352130661621
choque_05pct_permanente,permanente,0.95,0.050000000000000044,True,83,124,19,10856858.183665758,0.06774158746350155,0.22799961449476935,0.14295579013867693,0.013497229707086389
choque_05pct_permanente,permanente,0.95,0.050000000000000044,True,83,124,20,10866868.966107951,0.0767663952249083,0.24409513900503388,0.16844623082503193,0.011040053157209226
choque_05pct_permanente,permanente,0.95,0.050000000000000044,True,83,124,21,10587288.711374922,0.08875859145847835,0.2413984464707517,0.18539687294416607,-0.0019072094867880712
choque_05pct_permanente,permanente,0.95,0.050000000000000044,True,83,124,22,10306755.75214583,0.10603478743453783,0.21769145564213876,0.20646122231543496,-0.023004337128404623
choque_05pct_permanente,permanente,0.95,0.050000000000000044,True,83,124,23,10017932.119622089,0.11466021720668781,0.18184578425193942,0.22152091234686952,-0.040169435853831634
choque_05pct_permanente,permanente,0.95,0.050000000000000044,True,83,124,24,10064086.893865975,0.10168932504858036,0.1439609983117669,0.21575308840145296,-0.05954122857829201
choque_05pct_permanente,permanente,0.95,0.050000000000000044,True,83,124,25,10530904.12577949,0.07758737724610913,0.11692591573441669,0.19139944527831632,-0.0599391992344485
choque_05pct_permanente,permanente,0.95,0.050000000000000044,True,84,125,0,7609597.0,0.138,0.03,0.12063832026847152,0.010583740505574736
choque_05pct_permanente,permanente,0.95,0.050000000000000044,True,84,125,1,7652724.38733265,0.14039181650999813,0.030000000000000027,0.11859183719691781,0.007984885903803248
choque_05pct_permanente,permanente,0.95,0.050000000000000044,True,84,125,2,7812520.143181676,0.135227137041172,0.024170779470006565,0.12031541546280497,0.0018868192985360191
choque_05pct_permanente,permanente,0.95,0.050000000000000044,True,84,125,3,8052047.131993262,0.1249071485739216,0.026888059745781456,0.11186830547398513,0.00509071657013345
choque_05pct_permanente,permanente,0.95,0.050000000000000044,True,84,125,4,8380278.68250678,0.10978591018042659,0.030223051918467858,0.10420220551095581,0.010086270974714965
choque_05pct_permanente,permanente,0.95,0.050000000000000044,True,84,125,5,8594647.912686028,0.09555072610984963,0.04570534665592296,0.09766066572250408,0.010086894330502976
choque_05pct_permanente,permanente,0.95,0.050000000000000044,True,84,125,6,8743511.211235877,0.0940429212148525,0.06563446666548156,0.09896038972797433,0.008195272772596794
choque_05pct_permanente,permanente,0.95,0.050000000000000044,True,84,125,7,8883758.953055099,0.09392748086839067,0.08616903888584493,0.10598166520308513,0.012788312923413255
choque_05pct_permanente,permanente,0.95,0.050000000000000044,True,84,125,8,8981712.718050662,0.09660946375020964,0.103982494882082,0.11575079293865065,0.012563259876759008
choque_05pct_permanente,permanente,0.95,0.050000000000000044,True,84,125,9,8846913.635658901,0.11067096125558935,0.11474292930615593,0.13349451429345127,0.006840374314152071
choque_05pct_permanente,permanente,0.95,0.050000000000000044,True,84,125,10,8745788.144132294,0.12362379339706372,0.1113741677318345,0.1550928590811615,-0.0024589977471281064
choque_05pct_permanente,permanente,0.95,0.050000000000000044,True,84,125,11,8551879.99027045,0.13878093154628354,0.10092384988221959,0.17152243977866316,-0.01510538427232574
choque_05pct_permanente,permanente,0.95,0.050000000000000044,True,84,125,12,8531859.050337974,0.1419204851336621,0.07953345796940559,0.179969376946505,-0.02735793116175112
choque_05pct_permanente,permanente,0.95,0.050000000000000044,True,84,125,13,8662295.618646204,0.13426998242395302,0.0610469889759826,0.17373934455813,-0.03180537475588691
choque_05pct_permanente,permanente,0.95,0.050000000000000044,True,84,125,14,9020362.364775065,0.11417220958609899,0.045473700434568,0.15963603799837367,-0.033658689777487795
choque_05pct_permanente,permanente,0.95,0.050000000000000044,True,84,125,15,9566580.886972368,0.08821382214867148,0.042221277939840096,0.13927771354579013,-0.028912284771586822
choque_05pct_permanente,permanente,0.95,0.050000000000000044,True,84,125,16,10087315.123291906,0.06514676547027785,0.05627474424028689,0.12294681671661215,-0.022184978947651382
choque_05pct_permanente,permanente,0.95,0.050000000000000044,True,84,125,17,10460980.976134583,0.051160807303874886,0.0950669507019124,0.11247454455238917,-0.008531089230550055
choque_05pct_permanente,permanente,0.95,0.050000000000000044,True,84,125,18,10733536.838778926,0.05357579589754888,0.15355254578457678,0.11457163850624759,0.0016135570858929154
choque_05pct_permanente,permanente,0.95,0.050000000000000044,True,84,125,19,10853709.989290671,0.0634257533522113,0.20554283871140244,0.13803765760253994,0.010353593603559749
choque_05pct_permanente,permanente,0.95,0.050000000000000044,True,84,125,20,10938394.724009514,0.07121204144767014,0.23537305363946626,0.1587253695995484,0.009684419243138351
choque_05pct_permanente,permanente,0.95,0.050000000000000044,True,84,125,21,10763386.577960087,0.08158462094506591,0.24438883566789493,0.17562410586632723,0.0029263336095214395
choque_05pct_permanente,permanente,0.95,0.050000000000000044,True,84,125,22,10505229.130764224,0.09497807897108818,0.23028773183326945,0.1959901164687706,-0.012538516448338241
choque_05pct_permanente,permanente,0.95,0.050000000000000044,True,84,125,23,10302522.443824096,0.10210324362678999,0.20175701941220603,0.21035388412255962,-0.03055286103414219
choque_05pct_permanente,permanente,0.95,0.050000000000000044,True,84,125,24,10198125.976521246,0.10252049547627134,0.1679871491544016,0.21467589246889543,-0.05149993610048699
choque_05pct_permanente,permanente,0.95,0.050000000000000044,True,84,125,25,10430645.786250466,0.08949979974836023,0.13600147759536352,0.2050467345855962,-0.05742340940752701
choque_05pct_permanente,permanente,0.95,0.050000000000000044,True,85,126,0,7609597.0,0.138,0.03,0.12063832026847152,0.010583740505574736
choque_05pct_permanente,permanente,0.95,0.050000000000000044,True,85,126,1,7652724.38733265,0.14039181650999813,0.030000000000000027,0.11859183719691781,0.007984885903803248
choque_05pct_permanente,permanente,0.95,0.050000000000000044,True,85,126,2,7805447.292951422,0.13522708141572493,0.024177560936350373,0.12041051553029103,0.003442631022190316
choque_05pct_permanente,permanente,0.95,0.050000000000000044,True,85,126,3,8047102.756847766,0.12540575991661,0.0268617181089843,0.11207736339959044,0.00782253732451517
choque_05pct_permanente,permanente,0.95,0.050000000000000044,True,85,126,4,8338889.719430038,0.11015036409885649,0.029952288573705355,0.10518033393075292,0.005962536053419879
choque_05pct_permanente,permanente,0.95,0.050000000000000044,True,85,126,5,8640054.66571687,0.09710414679637065,0.04502357438830473,0.09650074425516761,0.009306301518992078
choque_05pct_permanente,permanente,0.95,0.050000000000000044,True,85,126,6,8818918.228778617,0.08937128360354821,0.06367606884644439,0.09676588394376255,0.01166607405801338
choque_05pct_permanente,permanente,0.95,0.050000000000000044,True,85,126,7,8921356.604897806,0.09096729690527795,0.08948205435800793,0.10179080503380601,0.015366474886120017
choque_05pct_permanente,permanente,0.95,0.050000000000000044,True,85,126,8,8906822.454456044,0.1006729679599851,0.10737724809305482,0.1190763796502676,0.011743091348868582
choque_05pct_permanente,permanente,0.95,0.050000000000000044,True,85,126,9,8776717.27618042,0.1177052425050457,0.11718880582867897,0.14048756149256986,0.005118454528517824
choque_05pct_permanente,permanente,0.95,0.050000000000000044,True,85,126,10,8591541.383486092,0.1360031927070654,0.11020696323449286,0.16368016121614634,-0.005719294609812396
choque_05pct_permanente,permanente,0.95,0.050000000000000044,True,85,126,11,8456571.199194774,0.14712783191472104,0.09382378690268234,0.17825356732836647,-0.01802226839293282
choque_05pct_permanente,permanente,0.95,0.050000000000000044,True,85,126,12,8375103.430200363,0.15041612578685234,0.0704846458095727,0.1847692552447679,-0.030363283302829405
choque_05pct_permanente,permanente,0.95,0.050000000000000044,True,85,126,13,8646202.518769152,0.13619045069258648,0.048075228814388415,0.17437409084346758,-0.03848115484278285
choque_05pct_permanente,permanente,0.95,0.050000000000000044,True,85,126,14,9058562.17620407,0.11319653908380134,0.032545153455031395,0.15651851978855125,-0.03808370887383709
choque_05pct_permanente,permanente,0.95,0.050000000000000044,True,85,126,15,9713422.241852488,0.0819101576321914,0.031129155417185306,0.13421789499208533,-0.029464304001828055
choque_05pct_permanente,permanente,0.95,0.050000000000000044,True,85,126,16,10085178.506657578,0.06166088536986723,0.053000868126105605,0.11792021592758556,-0.018602218183823592
choque_05pct_permanente,permanente,0.95,0.050000000000000044,True,85,126,17,10484165.333787479,0.052503037564395096,0.09731156435309174,0.11176850585725731,-0.008077537576115894
choque_05pct_permanente,permanente,0.95,0.050000000000000044,True,85,126,18,10739348.942440316,0.05394876774712496,0.15809116611368745,0.11777155925312088,0.004844939902417055
choque_05pct_permanente,permanente,0.95,0.050000000000000044,True,85,126,19,10925492.858900007,0.06477316046647918,0.2102944057341447,0.13737784301953299,0.012343030953052605
choque_05pct_permanente,permanente,0.95,0.050000000000000044,True,85,126,20,10929042.986199303,0.07437131358084262,0.23752735095804312,0.1617923072191594,0.01246131186202441
choque_05pct_permanente,permanente,0.95,0.050000000000000044,True,85,126,21,10739127.306744384,0.08355741113717864,0.24243016635845294,0.17942685935744335,-0.0019162021525084174
choque_05pct_permanente,permanente,0.95,0.050000000000000044,True,85,126,22,10534503.743598131,0.09467744885461056,0.2256277924764929,0.19519998844666872,-0.016043333648475332
choque_05pct_permanente,permanente,0.95,0.050000000000000044,True,85,126,23,10348508.337185968,0.09809040510526681,0.19755192162313273,0.20730144544291845,-0.032695081514305065
choque_05pct_permanente,permanente,0.95,0.050000000000000044,True,85,126,24,10336068.675898753,0.09515995562395932,0.16676593495902647,0.20739814208002202,-0.044565690966563466
choque_05pct_permanente,permanente,0.95,0.050000000000000044,True,85,126,25,10486852.123729391,0.08516743799889456,0.14023627203715305,0.20070632155647444,-0.05357065502867518
choque_05pct_permanente,permanente,0.95,0.050000000000000044,True,86,127,0,7609597.0,0.138,0.03,0.12063832026847152,0.010583740505574736
choque_05pct_permanente,permanente,0.95,0.050000000000000044,True,86,127,1,7652724.38733265,0.14039181650999813,0.030000000000000027,0.11859183719691781,0.007984885903803248
choque_05pct_permanente,permanente,0.95,0.050000000000000044,True,86,127,2,7797535.540496843,0.13522792692462418,0.0241780864483494,0.12055006007782303,0.0037504461675591247
choque_05pct_permanente,permanente,0.95,0.050000000000000044,True,86,127,3,8049301.5324522955,0.12439918088385989,0.02687613792222887,0.11153603568962524,0.006701927754935272
choque_05pct_permanente,permanente,0.95,0.050000000000000044,True,86,127,4,8409254.830489524,0.1075790112323599,0.030423671999403323,0.10343575734547547,0.0068154161687141255
choque_05pct_permanente,permanente,0.95,0.050000000000000044,True,86,127,5,8642192.780604376,0.09314366770472088,0.046565523122548136,0.09573646575080867,0.011055268176026893
choque_05pct_permanente,permanente,0.95,0.050000000000000044,True,86,127,6,8780221.64600017,0.08982049861119863,0.06762911868008148,0.09742750765257607,0.013129803649270142
choque_05pct_permanente,permanente,0.95,0.050000000000000044,True,86,127,7,8897230.331296194,0.09600630809170277,0.09082119858829896,0.10784028077004897,0.012960440439278265
choque_05pct_permanente,permanente,0.95,0.050000000000000044,True,86,127,8,8822743.350672718,0.1090626508331158,0.10649127459033836,0.12588856096533949,0.012470688411888501
choque_05pct_permanente,permanente,0.95,0.050000000000000044,True,86,127,9,8737089.471783273,0.11776452948733566,0.11130915704328515,0.1430558432294093,0.005844022875551966
choque_05pct_permanente,permanente,0.95,0.050000000000000044,True,86,127,10,8592237.331651293,0.12909209914096567,0.10676293524788782,0.1576784005543556,-0.006375114485833304
choque_05pct_permanente,permanente,0.95,0.050000000000000044,True,86,127,11,8487722.823426267,0.1393981459063412,0.09108162333597236,0.17177501200028686,-0.016795623281849047
choque_05pct_permanente,permanente,0.95,0.050000000000000044,True,86,127,12,8523787.930680882,0.14009146284035792,0.07119461243034686,0.1757960392157337,-0.028042304645106302
choque_05pct_permanente,permanente,0.95,0.050000000000000044,True,86,127,13,8785113.793284787,0.12738637227866376,0.052639410277888876,0.16688724492290083,-0.0343801175640757
choque_05pct_permanente,permanente,0.95,0.050000000000000044,True,86,127,14,9208226.127421984,0.1028759236861805,0.041911520319950046,0.14868690106042037,-0.030939884360958337
choque_05pct_permanente,permanente,0.95,0.050000000000000044,True,86,127,15,9823385.128164688,0.07484750920438024,0.04589259139724189,0.12810413002723167,-0.02063827024348503
choque_05pct_permanente,permanente,0.95,0.050000000000000044,True,86,127,16,10151654.729598306,0.05839961068683913,0.07292575549755065,0.11594323370025031,-0.013433962681734888
choque_05pct_permanente,permanente,0.95,0.050000000000000044,True,86,127,17,10438662.105933355,0.05829915811829241,0.11945644555917312,0.11662474315734521,-0.0062534169264867314
choque_05pct_permanente,permanente,0.95,0.050000000000000044,True,86,127,18,10606080.25062689,0.06550926970178705,0.16610890927089628,0.13367487050509863,0.0021673365650344556
choque_05pct_permanente,permanente,0.95,0.050000000000000044,True,86,127,19,10716019.206980305,0.0718847511052652,0.2006792056868416,0.15101441531182583,0.005475169410744135
choque_05pct_permanente,permanente,0.95,0.050000000000000044,True,86,127,20,10651257.643756822,0.07648411850222143,0.21656086814620168,0.16536321008898194,0.0001981764010862749
choque_05pct_permanente,permanente,0.95,0.050000000000000044,True,86,127,21,10672813.603559298,0.08083886098389495,0.21740926270782968,0.17529387390781023,-0.005091675983070962
choque_05pct_permanente,permanente,0.95,0.050000000000000044,True,86,127,22,10394784.105655273,0.09279669599371032,0.20677256961505464,0.19299947841896298,-0.02081419133913914
choque_05pct_permanente,permanente,0.95,0.050000000000000044,True,86,127,23,10344573.817052636,0.09574682702210448,0.1839016923036807,0.20378836394747848,-0.036079670080063825
choque_05pct_permanente,permanente,0.95,0.050000000000000044,True,86,127,24,10522601.000621216,0.08296803635430293,0.16052511814903747,0.19533976454398347,-0.04346421608297582
choque_05pct_permanente,permanente,0.95,0.050000000000000044,True,86,127,25,10916048.493954059,0.06397548989641226,0.14698499762053396,0.17936115990439988,-0.04485144581283839
choque_05pct_permanente,permanente,0.95,0.050000000000000044,True,87,128,0,7609597.0,0.138,0.03,0.12063832026847152,0.010583740505574736
choque_05pct_permanente,permanente,0.95,0.050000000000000044,True,87,128,1,7652720.659059336,0.14039204578760067,0.029999999999999805,0.11859203669881745,0.007984787537176637
choque_05pct_permanente,permanente,0.95,0.050000000000000044,True,87,128,2,7804124.837337487,0.1352273782580663,0.024168849806441184,0.12052584486839978,0.0010953879704119623
choque_05pct_permanente,permanente,0.95,0.050000000000000044,True,87,128,3,8072253.135584136,0.1240199349331775,0.0269042900410168,0.11062706680294176,0.00585107735170701
choque_05pct_permanente,permanente,0.95,0.050000000000000044,True,87,128,4,8434950.959153848,0.10542390156394663,0.030613616160076962,0.10187731707976172,0.0070381854335560285
choque_05pct_permanente,permanente,0.95,0.050000000000000044,True,87,128,5,8699212.05827489,0.09082236158390085,0.047634039840449116,0.09348881786389233,0.009988293350750506
choque_05pct_permanente,permanente,0.95,0.050000000000000044,True,87,128,6,8825488.733502535,0.08800035911489554,0.07052684448233282,0.09535716785505595,0.01257977976819276
choque_05pct_permanente,permanente,0.95,0.050000000000000044,True,87,128,7,8906082.679367453,0.09363571597442817,0.09586731881011623,0.10555129118594252,0.013557905488828624
choque_05pct_permanente,permanente,0.95,0.050000000000000044,True,87,128,8,8904211.895045592,0.10534281746822528,0.11248732756907387,0.12332979794759392,0.011052629694516484
choque_05pct_permanente,permanente,0.95,0.050000000000000044,True,87,128,9,8684892.459359717,0.12340019733895788,0.11786009135628239,0.14598837963960212,0.004772831491581923
choque_05pct_permanente,permanente,0.95,0.050000000000000044,True,87,128,10,8614872.571266254,0.13233109938630555,0.1071096012555619,0.16280527816474674,-0.006154440977222826
choque_05pct_permanente,permanente,0.95,0.050000000000000044,True,87,128,11,8510567.130775979,0.1403232653029847,0.09074829267737372,0.17325897377228025,-0.018620338345426587
choque_05pct_permanente,permanente,0.95,0.050000000000000044,True,87,128,12,8416132.749081204,0.14635761171840173,0.06923054502653203,0.18217192973771684,-0.03174619873287212
choque_05pct_permanente,permanente,0.95,0.050000000000000044,True,87,128,13,8648246.22142825,0.13518982654311198,0.048372794747402414,0.1742083512325869,-0.03644360318764459
choque_05pct_permanente,permanente,0.95,0.050000000000000044,True,87,128,14,9090243.07890614,0.11046669521604265,0.03459118390204807,0.1554194320883783,-0.03439650096058546
choque_05pct_permanente,permanente,0.95,0.050000000000000044,True,87,128,15,9706166.487662666,0.08173304785316356,0.03496619880693852,0.13303653426344567,-0.027548152166316182
choque_05pct_permanente,permanente,0.95,0.050000000000000044,True,87,128,16,10176873.688124802,0.0602900257652976,0.05662803292760277,0.11746109109717229,-0.019673441597450252
choque_05pct_permanente,permanente,0.95,0.050000000000000044,True,87,128,17,10534975.35980281,0.049234193399195984,0.10266975409735224,0.11003192198831101,-0.007198121893045401
choque_05pct_permanente,permanente,0.95,0.050000000000000044,True,87,128,18,10804695.158886528,0.05395936092754017,0.1670372052810405,0.11536458673153346,0.0054196330411372985
choque_05pct_permanente,permanente,0.95,0.050000000000000044,True,87,128,19,10937000.836139353,0.06639613609253237,0.21782443573441235,0.14141680433021192,0.01754941599678259
choque_05pct_permanente,permanente,0.95,0.050000000000000044,True,87,128,20,10958883.729606701,0.07334880764370111,0.2417719772955984,0.16327292983766983,0.014595770177049197
choque_05pct_permanente,permanente,0.95,0.050000000000000044,True,87,128,21,10730146.560269142,0.08289558994060513,0.2461487860298317,0.17879087587716894,0.00299202587439533
choque_05pct_permanente,permanente,0.95,0.050000000000000044,True,87,128,22,10392036.528251158,0.10017568231428842,0.22929114018871966,0.20199992301403846,-0.017846592881854095
choque_05pct_permanente,permanente,0.95,0.050000000000000044,True,87,128,23,10109641.275377236,0.11203874323218567,0.19709453121248655,0.22026184814548608,-0.04024665924415081
choque_05pct_permanente,permanente,0.95,0.050000000000000044,True,87,128,24,10082618.518634634,0.10740929649781607,0.15908751010885713,0.21857599538507982,-0.05410969572465208
choque_05pct_permanente,permanente,0.95,0.050000000000000044,True,87,128,25,10476771.437036643,0.080381519108695,0.12577715945717038,0.19801158057850535,-0.058938623576516684
choque_05pct_permanente,permanente,0.95,0.050000000000000044,True,88,129,0,7609597.0,0.138,0.03,0.12063832026847152,0.010583740505574736
choque_05pct_permanente,permanente,0.95,0.050000000000000044,True,88,129,1,7652724.38733265,0.14039181650999813,0.030000000000000027,0.11859183719691781,0.007984885903803248
choque_05pct_permanente,permanente,0.95,0.050000000000000044,True,88,129,2,7808289.09623282,0.13522708141572493,0.024187119658762857,0.12051502462550072,0.005397028494644425
choque_05pct_permanente,permanente,0.95,0.050000000000000044,True,88,129,3,8049485.526277566,0.12525597693612542,0.026888565255428487,0.11219644139580276,0.01017827549538741
choque_05pct_permanente,permanente,0.95,0.050000000000000044,True,88,129,4,8330359.607230663,0.11067790504381587,0.030020543546724454,0.1067251057535951,0.0068774589943856115
choque_05pct_permanente,permanente,0.95,0.050000000000000044,True,88,129,5,8516910.892226817,0.10136532851257556,0.04565613936974855,0.10032640068541347,0.010504943891190619
choque_05pct_permanente,permanente,0.95,0.050000000000000044,True,88,129,6,8709777.538119169,0.09585774954309276,0.06018493939915981,0.1028040994130042,0.00905415613215083
choque_05pct_permanente,permanente,0.95,0.050000000000000044,True,88,129,7,8855578.211786956,0.09522232933966905,0.08123597944946903,0.10667632566004594,0.011076211109434339
choque_05pct_permanente,permanente,0.95,0.050000000000000044,True,88,129,8,8885056.598511681,0.10055330493926942,0.09676210559235687,0.11876692735922094,0.011990255194024633
choque_05pct_permanente,permanente,0.95,0.050000000000000044,True,88,129,9,8889093.332654348,0.10877829875967916,0.10719231743712343,0.13255493174842464,0.005570097948274811
choque_05pct_permanente,permanente,0.95,0.050000000000000044,True,88,129,10,8760119.077672374,0.12134296686466213,0.1074997918590439,0.14968304289176884,-0.00031732833304295717
choque_05pct_permanente,permanente,0.95,0.050000000000000044,True,88,129,11,8697613.933475647,0.12674216305822697,0.09878383162890025,0.16226023608749154,-0.01020393951396157
choque_05pct_permanente,permanente,0.95,0.050000000000000044,True,88,129,12,8681403.510066295,0.1294495926873273,0.08520019830787495,0.16834063217461842,-0.022925148653544135
choque_05pct_permanente,permanente,0.95,0.050000000000000044,True,88,129,13,8832231.644172741,0.12680055303836588,0.06971004911183787,0.16771795703870263,-0.029407376153642407
choque_05pct_permanente,permanente,0.95,0.050000000000000044,True,88,129,14,9096089.08043989,0.11137708774183001,0.05766077450104157,0.1581699213763993,-0.029902299579926035
choque_05pct_permanente,permanente,0.95,0.050000000000000044,True,88,129,15,9529633.929753669,0.08894034599611365,0.05587006448567444,0.14221449206811265,-0.025659285052072434
choque_05pct_permanente,permanente,0.95,0.050000000000000044,True,88,129,16,9992427.684166275,0.06512117982816357,0.06746841922055058,0.12642715325233106,-0.019108846726937665
choque_05pct_permanente,permanente,0.95,0.050000000000000044,True,88,129,17,10422055.386522364,0.05275586367114956,0.10374542776427842,0.11463403986556052,-0.008667954745442491
choque_05pct_permanente,permanente,0.95,0.050000000000000044,True,88,129,18,10732901.661946408,0.05069140332921379,0.15525378530516787,0.11688725817865572,0.004201875524894591
choque_05pct_permanente,permanente,0.95,0.050000000000000044,True,88,129,19,10948239.216451474,0.06062860625231546,0.20929977421211898,0.13294729206837236,0.010086979745129777
choque_05pct_permanente,permanente,0.95,0.050000000000000044,True,88,129,20,10959493.452197395,0.07413475485286226,0.2382192141297934,0.1606999714024269,0.012532475918113429
choque_05pct_permanente,permanente,0.95,0.050000000000000044,True,88,129,21,10776144.735363752,0.08384881401530506,0.24315411346683846,0.18158646252895747,0.0022132204006778716
choque_05pct_permanente,permanente,0.95,0.050000000000000044,True,88,129,22,10466006.203652224,0.09585308784725008,0.22907085243912717,0.1981052683294758,-0.015225717462506876
choque_05pct_permanente,permanente,0.95,0.050000000000000044,True,88,129,23,10213804.450925888,0.10498360183809062,0.2007217310891376,0.21282273187892897,-0.033752713950692764
choque_05pct_permanente,permanente,0.95,0.050000000000000044,True,88,129,24,10109865.421817679,0.10519137395471047,0.1663179603644005,0.2164054334935562,-0.04963571190822616
choque_05pct_permanente,permanente,0.95,0.050000000000000044,True,88,129,25,10367675.215473795,0.08737063633081403,0.13392660191611272,0.20438191785449608,-0.06006891659135867
choque_05pct_permanente,permanente,0.95,0.050000000000000044,True,89,130,0,7609597.0,0.138,0.03,0.12063832026847152,0.010583740505574736
choque_05pct_permanente,permanente,0.95,0.050000000000000044,True,89,130,1,7652724.38733265,0.14039181650999813,0.030000000000000027,0.11859183719691781,0.007984885903803248
choque_05pct_permanente,permanente,0.95,0.050000000000000044,True,89,130,2,7801131.533210283,0.13522708141572493,0.024176097254847484,0.12044669281179464,0.0030417857503093047
choque_05pct_permanente,permanente,0.95,0.050000000000000044,True,89,130,3,8059153.92921016,0.12417412939401595,0.02687761941643685,0.11154847411721842,0.007084643781682758
choque_05pct_permanente,permanente,0.95,0.050000000000000044,True,89,130,4,8390863.432128724,0.10872350158653497,0.03050180757062515,0.10396384789263141,0.008765905085723733
choque_05pct_permanente,permanente,0.95,0.050000000000000044,True,89,130,5,8613171.076713521,0.09580575000888773,0.04635496620875612,0.0975800408887755,0.01109132913192804
choque_05pct_permanente,permanente,0.95,0.050000000000000044,True,89,130,6,8740440.87076243,0.0944086204045448,0.0652504089343433,0.10036455474290254,0.01275741517672816
choque_05pct_permanente,permanente,0.95,0.050000000000000044,True,89,130,7,8852386.532671113,0.09849122751876682,0.0861644230824119,0.11116579581134818,0.01027701716047983
choque_05pct_permanente,permanente,0.95,0.050000000000000044,True,89,130,8,8738146.666962795,0.11128834787945839,0.1006212779965594,0.12811719268367158,0.00908470928433095
choque_05pct_permanente,permanente,0.95,0.050000000000000044,True,89,130,9,8628295.609530885,0.12380190836214632,0.10423996786902712,0.14708129460162755,-0.0005230338310673565
choque_05pct_permanente,permanente,0.95,0.050000000000000044,True,89,130,10,8563297.70377523,0.13186360145061962,0.09682467895360602,0.15954117520822414,-0.009665271034887398
choque_05pct_permanente,permanente,0.95,0.050000000000000044,True,89,130,11,8565561.869981349,0.1317419869420775,0.08367458204043765,0.16428294209358854,-0.01903157200065875
choque_05pct_permanente,permanente,0.95,0.050000000000000044,True,89,130,12,8761466.056656027,0.12178736542173674,0.06771531454700908,0.15946841462039887,-0.022295340079381144
choque_05pct_permanente,permanente,0.95,0.050000000000000044,True,89,130,13,9080422.728097714,0.10448633776468993,0.058192030312474996,0.1482876545903194,-0.021045054325688414
choque_05pct_permanente,permanente,0.95,0.050000000000000044,True,89,130,14,9441569.941525906,0.08675233793369098,0.058561437848874354,0.13609488048193588,-0.020210094668747205
choque_05pct_permanente,permanente,0.95,0.050000000000000044,True,89,130,15,9848678.211130846,0.0708066306271476,0.07351965469970945,0.12566401251732684,-0.014794633218260224
choque_05pct_permanente,permanente,0.95,0.050000000000000044,True,89,130,16,10214937.259823767,0.05961166482693594,0.10313511064304692,0.12031039023722097,-0.010196281654670115
choque_05pct_permanente,permanente,0.95,0.050000000000000044,True,89,130,17,10394718.189973187,0.06315182269127985,0.1466912417070736,0.12325726866282756,-2.831059669617995e-05
choque_05pct_permanente,permanente,0.95,0.050000000000000044,True,89,130,18,10541726.777656337,0.06567625634586109,0.18187554744564527,0.14058332688083433,0.004582618225744914
choque_05pct_permanente,permanente,0.95,0.050000000000000044,True,89,130,19,10685598.974743346,0.06712956974427738,0.2084226434101195,0.1496249596757896,0.005339920229403117
choque_05pct_permanente,permanente,0.95,0.050000000000000044,True,89,130,20,10601612.6992781,0.08003406883174316,0.2223974622938678,0.16584657410973397,0.001097392863329078
choque_05pct_permanente,permanente,0.95,0.050000000000000044,True,89,130,21,10378715.238306824,0.09553963115895905,0.21431268592947594,0.19254352528330917,-0.012922308544240821
choque_05pct_permanente,permanente,0.95,0.050000000000000044,True,89,130,22,10192976.080836486,0.10425706201455749,0.1929236917464836,0.20629521627035174,-0.028019850883819523
choque_05pct_permanente,permanente,0.95,0.050000000000000044,True,89,130,23,10120899.436151333,0.09971159406272367,0.16350041978412055,0.2081543897363348,-0.043486021633908876
choque_05pct_permanente,permanente,0.95,0.050000000000000044,True,89,130,24,10357505.202974036,0.08446960942361223,0.13642332737741092,0.19553332353902472,-0.05035729093472322
choque_05pct_permanente,permanente,0.95,0.050000000000000044,True,89,130,25,11025309.162019495,0.0555450024077072,0.12371405393682222,0.17180629082992885,-0.046278051985856106
choque_05pct_permanente,permanente,0.95,0.050000000000000044,True,90,131,0,7609597.0,0.138,0.03,0.12063832026847152,0.010583740505574736
choque_05pct_permanente,permanente,0.95,0.050000000000000044,True,90,131,1,7652724.38733265,0.14039181650999813,0.030000000000000027,0.11859183719691781,0.007984885903803248
choque_05pct_permanente,permanente,0.95,0.050000000000000044,True,90,131,2,7796327.271840712,0.13522708141572493,0.02417908667902502,0.12053614894020194,0.0036874241421439445
choque_05pct_permanente,permanente,0.95,0.050000000000000044,True,90,131,3,8073772.352932212,0.12445445098908703,0.02685216709778704,0.11139253261013682,0.008022676142664413
choque_05pct_permanente,permanente,0.95,0.050000000000000044,True,90,131,4,8358422.61210144,0.10933433741714887,0.030366269773322463,0.10495242619812452,0.006489299326391141
choque_05pct_permanente,permanente,0.95,0.050000000000000044,True,90,131,5,8625761.728590587,0.09584908809980736,0.044795806489978496,0.09841100954163758,0.008808072395702977
choque_05pct_permanente,permanente,0.95,0.050000000000000044,True,90,131,6,8763322.69030758,0.09241810248587533,0.06465550146862076,0.09958486158266955,0.011001381814252505
choque_05pct_permanente,permanente,0.95,0.050000000000000044,True,90,131,7,8843966.726774791,0.09865963044526722,0.08763436676975034,0.10855510347421114,0.011788229181017252
choque_05pct_permanente,permanente,0.95,0.050000000000000044,True,90,131,8,8823992.173890611,0.10623085913207964,0.10119557814777647,0.12456616355874525,0.00861354106201095
choque_05pct_permanente,permanente,0.95,0.050000000000000044,True,90,131,9,8791743.136086432,0.11311890146512393,0.1089373302448211,0.13720405939789077,0.00521140619309786
choque_05pct_permanente,permanente,0.95,0.050000000000000044,True,90,131,10,8714353.529265676,0.12270346331985617,0.10511064042102092,0.15124262311624348,-0.00487075668763649
choque_05pct_permanente,permanente,0.95,0.050000000000000044,True,90,131,11,8666213.120846337,0.12739284307704768,0.09492764711987056,0.16201913995671569,-0.011361895176720415
choque_05pct_permanente,permanente,0.95,0.050000000000000044,True,90,131,12,8719166.578056196,0.12973711788500444,0.0803645074684547,0.16642909205479509,-0.023733535578755325
choque_05pct_permanente,permanente,0.95,0.050000000000000044,True,90,131,13,8779607.092177222,0.12572310687220414,0.06484305883312547,0.1676190518141047,-0.028952349899477106
choque_05pct_permanente,permanente,0.95,0.050000000000000044,True,90,131,14,9080628.006370926,0.10843022687342813,0.05422800695785801,0.15606245959771173,-0.03263669555799392
choque_05pct_permanente,permanente,0.95,0.050000000000000044,True,90,131,15,9678679.842714973,0.08103409887258839,0.053366199114182944,0.13527785931398958,-0.024115058604081325
choque_05pct_permanente,permanente,0.95,0.050000000000000044,True,90,131,16,10194023.038807373,0.05652272730956177,0.07392921233938998,0.11736871883548541,-0.01536874909069444
choque_05pct_permanente,permanente,0.95,0.050000000000000044,True,90,131,17,10500309.631776469,0.051274509360538865,0.11922212746125727,0.11050449449434653,-0.0003004786451709264
choque_05pct_permanente,permanente,0.95,0.050000000000000044,True,90,131,18,10609852.468342707,0.06285002657130374,0.17418520540255544,0.12731567485352968,0.007375077020690319
choque_05pct_permanente,permanente,0.95,0.050000000000000044,True,90,131,19,10733759.006822046,0.07681319480144656,0.20838988016581705,0.1566949595292953,0.005630721049283863
choque_05pct_permanente,permanente,0.95,0.050000000000000044,True,90,131,20,10589164.16780757,0.08818875334239101,0.22030367547417073,0.17519265036071915,0.0010277102478849192
choque_05pct_permanente,permanente,0.95,0.050000000000000044,True,90,131,21,10496475.654813465,0.08817038096460862,0.2100700719637001,0.18634809402976438,-0.013954908494230178
choque_05pct_permanente,permanente,0.95,0.050000000000000044,True,90,131,22,10304008.514823528,0.09662656527830249,0.1930298285399632,0.1941099527845197,-0.026854072264317037
choque_05pct_permanente,permanente,0.95,0.050000000000000044,True,90,131,23,10263851.034668,0.09716799586370661,0.16719011896379987,0.20351332330247976,-0.04166580269634386
choque_05pct_permanente,permanente,0.95,0.050000000000000044,True,90,131,24,10472078.455709154,0.0818591600898297,0.14414139633068768,0.19379209814407622,-0.049161022296608535
choque_05pct_permanente,permanente,0.95,0.050000000000000044,True,90,131,25,11025731.853760455,0.055709812487093786,0.13492092837790692,0.17209860708828642,-0.04798664232213727
choque_05pct_permanente,permanente,0.95,0.050000000000000044,True,91,132,0,7609597.0,0.138,0.03,0.12063832026847152,0.010583740505574736
choque_05pct_permanente,permanente,0.95,0.050000000000000044,True,91,132,1,7652724.38733265,0.14039181650999813,0.030000000000000027,0.11859183719691781,0.007984885903803248
choque_05pct_permanente,permanente,0.95,0.050000000000000044,True,91,132,2,7801363.801246859,0.13522775574117843,0.024178310632268163,0.12045568678891584,0.0037154610565848633
choque_05pct_permanente,permanente,0.95,0.050000000000000044,True,91,132,3,8059334.64543444,0.12592379526682104,0.02682999834979438,0.11198446921286653,0.006524334105458648
choque_05pct_permanente,permanente,0.95,0.050000000000000044,True,91,132,4,8352743.551038203,0.10882169687550454,0.029664268414322237,0.10493080772983111,0.006315199390668331
choque_05pct_permanente,permanente,0.95,0.050000000000000044,True,91,132,5,8665213.633104,0.0943157271419803,0.045162275050778744,0.09555632795995593,0.011867779048552029
choque_05pct_permanente,permanente,0.95,0.050000000000000044,True,91,132,6,8804845.064369712,0.08837152197872199,0.06433703311829797,0.09737622387048588,0.012754109247753118
choque_05pct_permanente,permanente,0.95,0.050000000000000044,True,91,132,7,8880007.113885473,0.09541478333929157,0.09041825268554082,0.10562277176217556,0.014549414612020927
choque_05pct_permanente,permanente,0.95,0.050000000000000044,True,91,132,8,8871024.556475127,0.10565483692727565,0.10624328515244308,0.12421298093798766,0.012230768903543217
choque_05pct_permanente,permanente,0.95,0.050000000000000044,True,91,132,9,8744337.351101562,0.11876858999200712,0.11371351865889912,0.14281139177339278,0.0034255847638040493
choque_05pct_permanente,permanente,0.95,0.050000000000000044,True,91,132,10,8570913.32967174,0.1348053644930789,0.10615956515835112,0.16298255003326656,-0.008491591307933866
choque_05pct_permanente,permanente,0.95,0.050000000000000044,True,91,132,11,8497081.390175462,0.14102853017285627,0.09070630874654118,0.17335261252981518,-0.01782841740672477
choque_05pct_permanente,permanente,0.95,0.050000000000000044,True,91,132,12,8557432.490210535,0.13368982169719007,0.07090806131892391,0.17221778620859865,-0.02890999619213547
choque_05pct_permanente,permanente,0.95,0.050000000000000044,True,91,132,13,8847665.344051896,0.11876042371827752,0.05547212543767732,0.15904973695095795,-0.03158970657379981
choque_05pct_permanente,permanente,0.95,0.050000000000000044,True,91,132,14,9408592.876387054,0.09507416083909129,0.04731725925565011,0.14156545353455322,-0.026098552024976414
choque_05pct_permanente,permanente,0.95,0.050000000000000044,True,91,132,15,9804673.46883503,0.07259655900957272,0.055207544005465126,0.12677937900519493,-0.019952228615994175
choque_05pct_permanente,permanente,0.95,0.050000000000000044,True,91,132,16,10105362.080043854,0.06118242759857457,0.08232272096145321,0.11904559635486518,-0.013514548644405825
choque_05pct_permanente,permanente,0.95,0.050000000000000044,True,91,132,17,10429105.100639207,0.060325330720276606,0.12468257124823912,0.12079257423183357,-0.005714505752551092
choque_05pct_permanente,permanente,0.95,0.050000000000000044,True,91,132,18,10658764.06789779,0.062264020955850305,0.16762803319152586,0.13277260538366764,0.0030411767966373247
choque_05pct_permanente,permanente,0.95,0.050000000000000044,True,91,132,19,10748189.515742945,0.06812495971834792,0.20464811532714378,0.14645607132208796,0.0057496348709189776
choque_05pct_permanente,permanente,0.95,0.050000000000000044,True,91,132,20,10625173.459729489,0.0797938210927336,0.22281291282796656,0.16689003308806163,0.00028208633263235815
choque_05pct_permanente,permanente,0.95,0.050000000000000044,True,91,132,21,10537408.743952734,0.08701183499381018,0.22050558150772526,0.18363412615639804,-0.008957992451988249
choque_05pct_permanente,permanente,0.95,0.050000000000000044,True,91,132,22,10402917.444940649,0.08995249501633693,0.2039218290195206,0.1933652775850092,-0.022652563225934005
choque_05pct_permanente,permanente,0.95,0.050000000000000044,True,91,132,23,10322396.190480236,0.09213530750906873,0.18277063798480553,0.1988192597954695,-0.03574742340905595
choque_05pct_permanente,permanente,0.95,0.050000000000000044,True,91,132,24,10470093.347573822,0.0848222096805467,0.15820200539911355,0.19673414411860632,-0.044243199232917134
choque_05pct_permanente,permanente,0.95,0.050000000000000044,True,91,132,25,10901236.650289278,0.060327910515452596,0.14434980913065631,0.17961893363160064,-0.04431764117559363
choque_05pct_permanente,permanente,0.95,0.050000000000000044,True,92,133,0,7609597.0,0.138,0.03,0.12063832026847152,0.010583740505574736
choque_05pct_permanente,permanente,0.95,0.050000000000000044,True,92,133,1,7652724.38733265,0.14039181650999813,0.030000000000000027,0.11859183719691781,0.007984885903803248
choque_05pct_permanente,permanente,0.95,0.050000000000000044,True,92,133,2,7801479.359865671,0.13522708141572493,0.024178922557531957,0.12044770636349743,0.00402440506770513
choque_05pct_permanente,permanente,0.95,0.050000000000000044,True,92,133,3,8050993.841168452,0.12459715352845571,0.02687422926141636,0.11180636352009912,0.007969732121799262
choque_05pct_permanente,permanente,0.95,0.050000000000000044,True,92,133,4,8410107.79912457,0.10957150747133619,0.030290844516926763,0.10526271395701767,0.005509297045593013
choque_05pct_permanente,permanente,0.95,0.050000000000000044,True,92,133,5,8566805.080429774,0.09726158255892951,0.046054846524976156,0.09894490919912968,0.011987575747395
choque_05pct_permanente,permanente,0.95,0.050000000000000044,True,92,133,6,8687100.072640909,0.09587869106062653,0.06379990579907613,0.10212304223086226,0.009772524758335732
choque_05pct_permanente,permanente,0.95,0.050000000000000044,True,92,133,7,8813029.85301056,0.0989917857485087,0.08390049381055298,0.10994363815713216,0.010501142361183123
choque_05pct_permanente,permanente,0.95,0.050000000000000044,True,92,133,8,8854428.711085295,0.10375387598536145,0.09796129457823444,0.12176173806359412,0.006336848699446356
choque_05pct_permanente,permanente,0.95,0.050000000000000044,True,92,133,9,8864623.125157893,0.11010208786816877,0.10495672822105195,0.13381440017008644,0.0062162540247527095
choque_05pct_permanente,permanente,0.95,0.050000000000000044,True,92,133,10,8771697.384833625,0.11883070302313797,0.10388714502941543,0.14832333415437526,3.884927430316959e-06
choque_05pct_permanente,permanente,0.95,0.050000000000000044,True,92,133,11,8746243.651714379,0.12255697596261547,0.09629017753086133,0.1585669309622077,-0.008329173069847358
choque_05pct_permanente,permanente,0.95,0.050000000000000044,True,92,133,12,8738547.325923964,0.12684698270690625,0.08526120281781346,0.1647604706519775,-0.017610444013087468
choque_05pct_permanente,permanente,0.95,0.050000000000000044,True,92,133,13,8763489.652917262,0.12652208282348806,0.0720598446761811,0.16923071383731708,-0.02822115827003609
choque_05pct_permanente,permanente,0.95,0.050000000000000044,True,92,133,14,9018522.414662167,0.11343296897768088,0.06016212538952548,0.161556115822831,-0.029573988181673058
choque_05pct_permanente,permanente,0.95,0.050000000000000044,True,92,133,15,9519902.602401063,0.09142485768632642,0.05530035685191459,0.14492413014435815,-0.02640498901031432
choque_05pct_permanente,permanente,0.95,0.050000000000000044,True,92,133,16,10025523.671482842,0.06740867396576729,0.06660532829674981,0.12874716954210996,-0.021792436695114478
choque_05pct_permanente,permanente,0.95,0.050000000000000044,True,92,133,17,10353422.314167835,0.053954175624317265,0.09939384100810056,0.11725780367193313,-0.009436483735250125
choque_05pct_permanente,permanente,0.95,0.050000000000000044,True,92,133,18,10685402.38141782,0.05194934794551124,0.1501616076861385,0.11754613599656397,0.0030084147602659882
choque_05pct_permanente,permanente,0.95,0.050000000000000044,True,92,133,19,10948882.596581163,0.05587691726703924,0.2022465860889877,0.13054676330490883,0.011903440589415787
choque_05pct_permanente,permanente,0.95,0.050000000000000044,True,92,133,20,11089564.651270067,0.06186346343214522,0.2417310442882874,0.14774599886571999,0.015585567348543716
choque_05pct_permanente,permanente,0.95,0.050000000000000044,True,92,133,21,10937613.493753595,0.07577627934163113,0.2601416456925556,0.17010353745122275,0.009099881472193289
choque_05pct_permanente,permanente,0.95,0.050000000000000044,True,92,133,22,10591030.353162138,0.09812007634560568,0.2519618862202073,0.199392565109085,-0.004510414808083065
choque_05pct_permanente,permanente,0.95,0.050000000000000044,True,92,133,23,10216671.29221749,0.11183186959748224,0.21886947277429636,0.22283349383293882,-0.029424857185702643
choque_05pct_permanente,permanente,0.95,0.050000000000000044,True,92,133,24,10042604.253071062,0.11253374931639774,0.17679087831876217,0.22587096874698476,-0.050332312040764556
choque_05pct_permanente,permanente,0.95,0.050000000000000044,True,92,133,25,10159012.436906762,0.09915791791023498,0.13698157628487917,0.21619131253282653,-0.06648534770681408
choque_05pct_permanente,permanente,0.95,0.050000000000000044,True,93,134,0,7609597.0,0.138,0.03,0.12063832026847152,0.010583740505574736
choque_05pct_permanente,permanente,0.95,0.050000000000000044,True,93,134,1,7652724.38733265,0.14039181650999813,0.030000000000000027,0.11859183719691781,0.007984885903803248
choque_05pct_permanente,permanente,0.95,0.050000000000000044,True,93,134,2,7798098.989714469,0.13522810176033073,0.0241804149381053,0.12052631703445287,0.0040433509135451556
choque_05pct_permanente,permanente,0.95,0.050000000000000044,True,93,134,3,8048611.260242105,0.1255889199486209,0.02682862022488619,0.11183314389958024,0.004645982787195535
choque_05pct_permanente,permanente,0.95,0.050000000000000044,True,93,134,4,8387757.11730165,0.1095433858285508,0.029893537236607592,0.10429907243203539,0.003134140866338429
choque_05pct_permanente,permanente,0.95,0.050000000000000044,True,93,134,5,8687019.903553195,0.09051220791382197,0.04665475721710499,0.092583317968144,0.010413507258949916
choque_05pct_permanente,permanente,0.95,0.050000000000000044,True,93,134,6,8865986.250685805,0.08310437748194185,0.06837846859448793,0.09090653020246321,0.012848138368563002
choque_05pct_permanente,permanente,0.95,0.050000000000000044,True,93,134,7,9051398.34547353,0.08524952524956875,0.09758699629850565,0.09787273938794969,0.01425403464430878
choque_05pct_permanente,permanente,0.95,0.050000000000000044,True,93,134,8,8992077.064946316,0.09804444635617833,0.11808522736842719,0.1172595654247582,0.014057512818356972
choque_05pct_permanente,permanente,0.95,0.050000000000000044,True,93,134,9,8860393.37426582,0.11709483843225278,0.12796060330975645,0.1413863403428111,0.00621776773317434
choque_05pct_permanente,permanente,0.95,0.050000000000000044,True,93,134,10,8605926.971575717,0.137669117770174,0.11936261348258936,0.1666838806329603,-0.0023059680298008235
choque_05pct_permanente,permanente,0.95,0.050000000000000044,True,93,134,11,8431700.11467098,0.1470324252474763,0.10122180809457593,0.18077141255117282,-0.016660131497622733
choque_05pct_permanente,permanente,0.95,0.050000000000000044,True,93,134,12,8427038.555742443,0.14749846045733625,0.0748621293468783,0.18435290578770352,-0.027480882231054216
choque_05pct_permanente,permanente,0.95,0.050000000000000044,True,93,134,13,8519601.817852352,0.14020104436789044,0.05053291953601824,0.18013474203097765,-0.03542874282378692
choque_05pct_permanente,permanente,0.95,0.050000000000000044,True,93,134,14,8976244.593306953,0.11774908126769561,0.032298673993852445,0.16283734750633083,-0.03889639328761072
choque_05pct_permanente,permanente,0.95,0.050000000000000044,True,93,134,15,9561860.621357182,0.0926322286321897,0.0282969365860799,0.14130067282208333,-0.03107855059848319
choque_05pct_permanente,permanente,0.95,0.050000000000000044,True,93,134,16,9971234.39308421,0.06929362448741011,0.04283762023777982,0.1261512776812564,-0.022451142150377714
choque_05pct_permanente,permanente,0.95,0.050000000000000044,True,93,134,17,10385715.672065463,0.054972527950564294,0.07923800846174078,0.11570484704359768,-0.014671034271121194
choque_05pct_permanente,permanente,0.95,0.050000000000000044,True,93,134,18,10725642.456745444,0.05312219666686332,0.13505704634301563,0.11563103442725424,-0.0030679714099344046
choque_05pct_permanente,permanente,0.95,0.050000000000000044,True,93,134,19,10972449.46321388,0.057697660119277815,0.19202494809766657,0.12988944739922303,0.009454089921261856
choque_05pct_permanente,permanente,0.95,0.050000000000000044,True,93,134,20,11073033.743221644,0.06265651631262432,0.2337024977466673,0.1480188794098186,0.010899180551279706
choque_05pct_permanente,permanente,0.95,0.050000000000000044,True,93,134,21,11048562.752164992,0.07143720060982033,0.25578501536559695,0.1637148687906439,0.009579629800262947
choque_05pct_permanente,permanente,0.95,0.050000000000000044,True,93,134,22,10810878.554725578,0.08222057415505808,0.2539800885419945,0.18622289894632768,-0.003994634245735462
choque_05pct_permanente,permanente,0.95,0.050000000000000044,True,93,134,23,10527659.214472705,0.09698300994496938,0.23491012822536517,0.2047394729732213,-0.02106436328627589
choque_05pct_permanente,permanente,0.95,0.050000000000000044,True,93,134,24,10337622.210455773,0.10244054604669739,0.20054184949342058,0.21684156924416514,-0.03845786171559578
choque_05pct_permanente,permanente,0.95,0.050000000000000044,True,93,134,25,10369364.404901104,0.09256133438167727,0.16526424415479823,0.2115736574259608,-0.053515488979663774
choque_05pct_permanente,permanente,0.95,0.050000000000000044,True,94,135,0,7609597.0,0.138,0.03,0.12063832026847152,0.010583740505574736
choque_05pct_permanente,permanente,0.95,0.050000000000000044,True,94,135,1,7652724.38733265,0.14039181650999813,0.030000000000000027,0.11859183719691781,0.007984885903803248
choque_05pct_permanente,permanente,0.95,0.050000000000000044,True,94,135,2,7814558.009882068,0.13522708141572493,0.02416989095586297,0.12054108862533205,0.0012728111507551688
choque_05pct_permanente,permanente,0.95,0.050000000000000044,True,94,135,3,8076496.256585935,0.1242160764431626,0.026895033381705735,0.11156298160437003,0.003305740956036101
choque_05pct_permanente,permanente,0.95,0.050000000000000044,True,94,135,4,8386552.982165404,0.10785965708358848,0.030525618130137655,0.10333090132562817,0.007313327755591004
choque_05pct_permanente,permanente,0.95,0.050000000000000044,True,94,135,5,8700653.948257297,0.09363039011301062,0.04662155253861733,0.09562041309763089,0.011575540166677977
choque_05pct_permanente,permanente,0.95,0.050000000000000044,True,94,135,6,8779646.85585165,0.09074688689745292,0.06703083684537203,0.09886869718531123,0.012239170092193892
choque_05pct_permanente,permanente,0.95,0.050000000000000044,True,94,135,7,8784613.258890593,0.10200733298561032,0.090436754601535,0.11110266540603553,0.013592494441956406
choque_05pct_permanente,permanente,0.95,0.050000000000000044,True,94,135,8,8763071.56244222,0.11150233495864961,0.10149952762200809,0.13104580742276276,0.010601642725701473
choque_05pct_permanente,permanente,0.95,0.050000000000000044,True,94,135,9,8640497.575480996,0.12329122745131446,0.10499425809644847,0.146696985829186,0.0038101805047980985
choque_05pct_permanente,permanente,0.95,0.050000000000000044,True,94,135,10,8535692.122737406,0.13356012074199733,0.09736211091390423,0.16175091573280548,-0.006514545070766532
choque_05pct_permanente,permanente,0.95,0.050000000000000044,True,94,135,11,8468554.256246159,0.1382952907352568,0.08283037786087255,0.17101673738379075,-0.018897444474471496
choque_05pct_permanente,permanente,0.95,0.050000000000000044,True,94,135,12,8570149.477370005,0.13538663923070335,0.06406257870414267,0.17098660006012759,-0.02648288726814471
choque_05pct_permanente,permanente,0.95,0.050000000000000044,True,94,135,13,8917430.134738734,0.11773762668933199,0.04885473684634878,0.15912300339483137,-0.03203013382895188
choque_05pct_permanente,permanente,0.95,0.050000000000000044,True,94,135,14,9426606.298467623,0.09197305448335645,0.04405447192088263,0.13943781529530194,-0.027628688746110797
choque_05pct_permanente,permanente,0.95,0.050000000000000044,True,94,135,15,9947796.181870062,0.06791722534994335,0.0562221444306541,0.12171937265086187,-0.016727983528540435
choque_05pct_permanente,permanente,0.95,0.050000000000000044,True,94,135,16,10235233.888774393,0.0565388856996554,0.09040071239210201,0.11353497417259266,-0.009565720705427536
choque_05pct_permanente,permanente,0.95,0.050000000000000044,True,94,135,17,10470007.49106662,0.06149771983551105,0.13948051854149024,0.11906057476384684,-0.0017131193195539982
choque_05pct_permanente,permanente,0.95,0.050000000000000044,True,94,135,18,10631547.721141506,0.06645636901538331,0.18093134530574417,0.13909673682294554,0.0028291004844192926
choque_05pct_permanente,permanente,0.95,0.050000000000000044,True,94,135,19,10783714.620446563,0.06808460946747624,0.21007551413711933,0.1488987629550018,0.007994088076058704
choque_05pct_permanente,permanente,0.95,0.050000000000000044,True,94,135,20,10713280.49257839,0.07263346497041408,0.22580065276332295,0.1621053226358773,0.0039935292399338445
choque_05pct_permanente,permanente,0.95,0.050000000000000044,True,94,135,21,10501954.860593172,0.08910270050916953,0.22671269459344034,0.18257785916506894,-0.007291284596689142
choque_05pct_permanente,permanente,0.95,0.050000000000000044,True,94,135,22,10276046.199957902,0.10099341180966077,0.20660950476693962,0.2054589906807194,-0.024424359310832127
choque_05pct_permanente,permanente,0.95,0.050000000000000044,True,94,135,23,10196434.166559678,0.10062800527089902,0.17816706629806212,0.20882534293694852,-0.040316088516177934
choque_05pct_permanente,permanente,0.95,0.050000000000000044,True,94,135,24,10352146.031116793,0.08834979180395168,0.14970647668639003,0.20007441468930232,-0.047792723526280195
choque_05pct_permanente,permanente,0.95,0.050000000000000044,True,94,135,25,10762737.62520598,0.06599089625282592,0.1326006162059259,0.18195041021667668,-0.049281133340362805
choque_05pct_permanente,permanente,0.95,0.050000000000000044,True,95,136,0,7609597.0,0.138,0.03,0.12063832026847152,0.010583740505574736
choque_05pct_permanente,permanente,0.95,0.050000000000000044,True,95,136,1,7652724.38733265,0.14039181650999813,0.030000000000000027,0.11859183719691781,0.007984885903803248
choque_05pct_permanente,permanente,0.95,0.050000000000000044,True,95,136,2,7791841.006889455,0.13522708141572493,0.02416993713401272,0.12054171548594818,0.0015157794382182946
choque_05pct_permanente,permanente,0.95,0.050000000000000044,True,95,136,3,8081011.821040164,0.12322916479603245,0.026898449786931566,0.11010989397625592,0.006030762642024128
choque_05pct_permanente,permanente,0.95,0.050000000000000044,True,95,136,4,8434833.621726869,0.1048644735683798,0.030979533433947326,0.10127758298797512,0.006380445045708283
choque_05pct_permanente,permanente,0.95,0.050000000000000044,True,95,136,5,8696537.344383795,0.08983748680776558,0.049047879409366724,0.0919854613007528,0.012557662677090447
choque_05pct_permanente,permanente,0.95,0.050000000000000044,True,95,136,6,8889537.020148559,0.08483099585868811,0.07180552800661011,0.09308914220880671,0.014215029132964878
choque_05pct_permanente,permanente,0.95,0.050000000000000044,True,95,136,7,8919307.723495184,0.09379498197249528,0.09918455455734199,0.1044842715702042,0.015710975215597736
choque_05pct_permanente,permanente,0.95,0.050000000000000044,True,95,136,8,8845652.86475967,0.10890090456723232,0.11472216364862642,0.12703595237282403,0.01276179379595422
choque_05pct_permanente,permanente,0.95,0.050000000000000044,True,95,136,9,8714355.804356214,0.12310833373612817,0.1177008141081175,0.1474530838579846,0.004940272887389837
choque_05pct_permanente,permanente,0.95,0.050000000000000044,True,95,136,10,8543918.39444953,0.1363541995847097,0.10762947646124021,0.1650826853924229,-0.005959887526443311
choque_05pct_permanente,permanente,0.95,0.050000000000000044,True,95,136,11,8420551.251007635,0.1454439378724067,0.08857728831991807,0.1776302326880159,-0.01972698593731515
choque_05pct_permanente,permanente,0.95,0.050000000000000044,True,95,136,12,8439854.862204067,0.14429051195463086,0.06528123288084009,0.18036989021957117,-0.030952041322203035
choque_05pct_permanente,permanente,0.95,0.050000000000000044,True,95,136,13,8700682.620139744,0.12895855902037692,0.045459838766043426,0.1687389620585041,-0.03626226666038674
choque_05pct_permanente,permanente,0.95,0.050000000000000044,True,95,136,14,9296788.267573018,0.10130474132176095,0.034339777211092715,0.1467111939116822,-0.03021548679363859
choque_05pct_permanente,permanente,0.95,0.050000000000000044,True,95,136,15,9751114.258542053,0.07657488826620865,0.04072377957070139,0.1288359097923169,-0.02169504871078064
choque_05pct_permanente,permanente,0.95,0.050000000000000044,True,95,136,16,10081689.056930702,0.06179438479501614,0.06680581444779432,0.11926158967834737,-0.016586765454576772
choque_05pct_permanente,permanente,0.95,0.050000000000000044,True,95,136,17,10414488.321386117,0.060867995213104646,0.11222949409177363,0.11888637401741352,-0.0074048740605361756
choque_05pct_permanente,permanente,0.95,0.050000000000000044,True,95,136,18,10602971.16959832,0.06558909131759165,0.15745033185923174,0.1333283750125866,-0.0019206672542169444
choque_05pct_permanente,permanente,0.95,0.050000000000000044,True,95,136,19,10721893.521670306,0.06984807358739276,0.19253913129213251,0.1476759202463336,0.0036013263091664973
choque_05pct_permanente,permanente,0.95,0.050000000000000044,True,95,136,20,10787491.919378428,0.06899096239855286,0.21252862860723098,0.15797275096407626,0.0042790569731427286
choque_05pct_permanente,permanente,0.95,0.050000000000000044,True,95,136,21,10758530.362322077,0.07287881463670923,0.22414485300196962,0.16614994799507285,-0.0038762448880311795
choque_05pct_permanente,permanente,0.95,0.050000000000000044,True,95,136,22,10708719.718402132,0.0808676414425224,0.22175971554658314,0.18072168957205528,-0.01165984435207508
choque_05pct_permanente,permanente,0.95,0.050000000000000044,True,95,136,23,10571937.7822292,0.08538901825171909,0.2077234320809973,0.19478504648119185,-0.0213708074065039
choque_05pct_permanente,permanente,0.95,0.050000000000000044,True,95,136,24,10515904.231079448,0.08596253383229013,0.18796537475643937,0.20046331168724527,-0.035354888024583385
choque_05pct_permanente,permanente,0.95,0.050000000000000044,True,95,136,25,10730999.403518092,0.07546318334698834,0.16786083539013652,0.19473531517028111,-0.04083898360710077
choque_05pct_permanente,permanente,0.95,0.050000000000000044,True,96,137,0,7609597.0,0.138,0.03,0.12063832026847152,0.010583740505574736
choque_05pct_permanente,permanente,0.95,0.050000000000000044,True,96,137,1,7652724.38733265,0.14039181650999813,0.030000000000000027,0.11859183719691781,0.007984885903803248
choque_05pct_permanente,permanente,0.95,0.050000000000000044,True,96,137,2,7813027.885430509,0.13522708432242495,0.024179061925142076,0.12049817557678394,0.0031318405278757608
choque_05pct_permanente,permanente,0.95,0.050000000000000044,True,96,137,3,8040872.652646854,0.12468852058595005,0.026848908663881232,0.11206414546989411,0.005599839883894634
choque_05pct_permanente,permanente,0.95,0.050000000000000044,True,96,137,4,8406439.841158686,0.10919936659850601,0.030339077686677873,0.1046511731072642,0.006451696617850414
choque_05pct_permanente,permanente,0.95,0.050000000000000044,True,96,137,5,8607680.004340125,0.09482039239016622,0.04595242666474553,0.09749606203800293,0.009931670883489535
choque_05pct_permanente,permanente,0.95,0.050000000000000044,True,96,137,6,8759144.993237397,0.09253214732355898,0.0649917700113225,0.09923112560349949,0.011152427403941248
choque_05pct_permanente,permanente,0.95,0.050000000000000044,True,96,137,7,8871046.57719311,0.09578753488724229,0.08713781830577516,0.10791842341510835,0.011298331531849972
choque_05pct_permanente,permanente,0.95,0.050000000000000044,True,96,137,8,8883658.463635923,0.1038510999852953,0.10330153272303177,0.12200353816335407,0.009382538750131226
choque_05pct_permanente,permanente,0.95,0.050000000000000044,True,96,137,9,8813117.416970199,0.11550616428568439,0.11038383456709688,0.13866511602590392,0.002354873436898513
choque_05pct_permanente,permanente,0.95,0.050000000000000044,True,96,137,10,8703357.641576411,0.12509739007070322,0.1060318306503023,0.15487259059931496,-0.0031318387536367316
choque_05pct_permanente,permanente,0.95,0.050000000000000044,True,96,137,11,8651932.38787511,0.13139985446016214,0.0934015654252478,0.16533405844891394,-0.010635019955357013
choque_05pct_permanente,permanente,0.95,0.050000000000000044,True,96,137,12,8642744.3490703,0.13286976458632052,0.07724388909350743,0.17064529560000688,-0.02160951869240339
choque_05pct_permanente,permanente,0.95,0.050000000000000044,True,96,137,13,8776331.001417056,0.12395585233156756,0.062338232048841924,0.16689517266708792,-0.03061730186669851
choque_05pct_permanente,permanente,0.95,0.050000000000000044,True,96,137,14,9156589.462207025,0.10511355872622036,0.05184014189060848,0.15263933253381182,-0.03039456914034714
choque_05pct_permanente,permanente,0.95,0.050000000000000044,True,96,137,15,9671123.571133832,0.08141182825866411,0.05402268710088842,0.13487892441939872,-0.02308312812430512
choque_05pct_permanente,permanente,0.95,0.050000000000000044,True,96,137,16,10153617.957358757,0.061123974868614296,0.07407100813606382,0.12038549179719442,-0.01642204437485358
choque_05pct_permanente,permanente,0.95,0.050000000000000044,True,96,137,17,10432974.148379555,0.05244921305458849,0.1165370879937635,0.114253386095652,-0.004669294208658191
choque_05pct_permanente,permanente,0.95,0.050000000000000044,True,96,137,18,10692222.397593284,0.05646404673957922,0.16973998285465264,0.12182867342065617,0.006371775025336376
choque_05pct_permanente,permanente,0.95,0.050000000000000044,True,96,137,19,10804973.290155193,0.06922585771994023,0.21272725429963724,0.1455081935142874,0.010526590042801797
choque_05pct_permanente,permanente,0.95,0.050000000000000044,True,96,137,20,10719764.515298937,0.08168765809533705,0.23065439806025267,0.17082906675737713,0.004177564586172075
choque_05pct_permanente,permanente,0.95,0.050000000000000044,True,96,137,21,10534796.563761558,0.0897312745790276,0.22689656177631856,0.18654920510402975,-0.006638714182167639
choque_05pct_permanente,permanente,0.95,0.050000000000000044,True,96,137,22,10323217.975646265,0.09642747804720549,0.2068076859155732,0.198814092652108,-0.022233981684851842
choque_05pct_permanente,permanente,0.95,0.050000000000000044,True,96,137,23,10242427.015984423,0.10061334199109814,0.1793045424071289,0.20617171251341967,-0.03772359223315806
choque_05pct_permanente,permanente,0.95,0.050000000000000044,True,96,137,24,10231654.365603209,0.09634892192100651,0.14928003916333665,0.2076694491204715,-0.05059985158218451
choque_05pct_permanente,permanente,0.95,0.050000000000000044,True,96,137,25,10659748.790286636,0.07592385936313403,0.12710177596508632,0.19116749053999926,-0.053294246432634106
choque_05pct_permanente,permanente,0.95,0.050000000000000044,True,97,138,0,7609597.0,0.138,0.03,0.12063832026847152,0.010583740505574736
choque_05pct_permanente,permanente,0.95,0.050000000000000044,True,97,138,1,7652724.38733265,0.14039181650999813,0.030000000000000027,0.11859183719691781,0.007984885903803248
choque_05pct_permanente,permanente,0.95,0.050000000000000044,True,97,138,2,7792516.673478031,0.13522708141572493,0.02417133521630066,0.12050939138616175,0.0021572772662048624
choque_05pct_permanente,permanente,0.95,0.050000000000000044,True,97,138,3,8087776.762550788,0.12326248517856582,0.02690406073487961,0.11054110655687731,0.004331462366566635
choque_05pct_permanente,permanente,0.95,0.050000000000000044,True,97,138,4,8417668.149880655,0.10671053746039795,0.030957958271249364,0.10219570201673295,0.008306399212989061
choque_05pct_permanente,permanente,0.95,0.050000000000000044,True,97,138,5,8643119.254943326,0.09062846683540277,0.04789705271044942,0.09388576411379886,0.009864899631588953
choque_05pct_permanente,permanente,0.95,0.050000000000000044,True,97,138,6,8881899.802457253,0.08506535364316732,0.0705350555267461,0.09224827988435419,0.011303222487787992
choque_05pct_permanente,permanente,0.95,0.050000000000000044,True,97,138,7,9021589.205495581,0.08720490316554878,0.09809817414827271,0.09978600740596195,0.010676302901110482
choque_05pct_permanente,permanente,0.95,0.050000000000000044,True,97,138,8,9053189.528692603,0.0952821845733591,0.11861855521481801,0.1146949451630811,0.014592284315985509
choque_05pct_permanente,permanente,0.95,0.050000000000000044,True,97,138,9,8907595.949823543,0.11109688902628209,0.1291740127512475,0.13574600212872218,0.010109097833589898
choque_05pct_permanente,permanente,0.95,0.050000000000000044,True,97,138,10,8700260.461024556,0.12703989822031153,0.1243604486102321,0.15914386651261894,-5.0720427570532056e-05
choque_05pct_permanente,permanente,0.95,0.050000000000000044,True,97,138,11,8546526.34210355,0.1409505019801903,0.10717367342043471,0.1758870183015903,-0.011450003353578358
choque_05pct_permanente,permanente,0.95,0.050000000000000044,True,97,138,12,8369845.619510922,0.15044938767052268,0.08333442282486114,0.18906157883805966,-0.029320123249561538
choque_05pct_permanente,permanente,0.95,0.050000000000000044,True,97,138,13,8477349.761321982,0.14446729548386053,0.05749806950447711,0.18615368524414647,-0.040282747550338484
choque_05pct_permanente,permanente,0.95,0.050000000000000044,True,97,138,14,8843900.145469785,0.12803896686724478,0.035899212699952665,0.17083516349503897,-0.0410515260348528
choque_05pct_permanente,permanente,0.95,0.050000000000000044,True,97,138,15,9393250.15248726,0.1001082367835474,0.02597279888070636,0.1496476256542663,-0.03630082453884424
choque_05pct_permanente,permanente,0.95,0.050000000000000044,True,97,138,16,10002158.197475072,0.07093683073608748,0.03367815377945993,0.12932849399190738,-0.029078219854210583
choque_05pct_permanente,permanente,0.95,0.050000000000000044,True,97,138,17,10353471.078563094,0.056704270326570154,0.06786407824677387,0.11651416101097681,-0.018253972846624795
choque_05pct_permanente,permanente,0.95,0.050000000000000044,True,97,138,18,10645136.270909116,0.055388029126275704,0.12144443371778535,0.11830935063543833,-0.00614381186102938
choque_05pct_permanente,permanente,0.95,0.050000000000000044,True,97,138,19,10831304.854053859,0.06165887551814387,0.1765323533615919,0.13367648221504172,0.001696377204353793
choque_05pct_permanente,permanente,0.95,0.050000000000000044,True,97,138,20,11019233.404605407,0.06593065669892965,0.21655052922104168,0.15000917880148776,0.008931956181009622
choque_05pct_permanente,permanente,0.95,0.050000000000000044,True,97,138,21,11063082.222681195,0.06403542926123619,0.23900875355633033,0.16012151520914195,0.0049760418474084625
choque_05pct_permanente,permanente,0.95,0.050000000000000044,True,97,138,22,10967850.055237295,0.07182425679262813,0.25078244034709507,0.16910152866529518,0.0012003366789090574
choque_05pct_permanente,permanente,0.95,0.050000000000000044,True,97,138,23,10825440.113853568,0.07964944379627403,0.24351363926791958,0.1899377589564132,-0.010759399715575834
choque_05pct_permanente,permanente,0.95,0.050000000000000044,True,97,138,24,10674703.768541757,0.08589800985890211,0.2250013692831816,0.20110471498789748,-0.02533076431776979
choque_05pct_permanente,permanente,0.95,0.050000000000000044,True,97,138,25,10631294.4703767,0.08708623900657148,0.19936218315486154,0.2067422531899381,-0.03855237091726714
choque_05pct_permanente,permanente,0.95,0.050000000000000044,True,98,139,0,7609597.0,0.138,0.03,0.12063832026847152,0.010583740505574736
choque_05pct_permanente,permanente,0.95,0.050000000000000044,True,98,139,1,7652724.38733265,0.14039181650999813,0.030000000000000027,0.11859183719691781,0.007984885903803248
choque_05pct_permanente,permanente,0.95,0.050000000000000044,True,98,139,2,7791176.984601235,0.13522708141572493,0.024176573067919094,0.12056388131881558,0.0029782509548097824
choque_05pct_permanente,permanente,0.95,0.050000000000000044,True,98,139,3,8077587.527142993,0.12298341873572093,0.026879518518780676,0.11085046237074993,0.006609840584271137
choque_05pct_permanente,permanente,0.95,0.050000000000000044,True,98,139,4,8396773.557631504,0.1074262511673506,0.031023745620961884,0.10331439728094882,0.005231938978961271
choque_05pct_permanente,permanente,0.95,0.050000000000000044,True,98,139,5,8626699.23525353,0.09364693187510376,0.04803832081226478,0.09518718741536476,0.012188709765042636
choque_05pct_permanente,permanente,0.95,0.050000000000000044,True,98,139,6,8868296.307111865,0.08621643879070487,0.06773595654991249,0.09543628394992192,0.01233692007931606
choque_05pct_permanente,permanente,0.95,0.050000000000000044,True,98,139,7,8907858.538581781,0.09237556406642003,0.0951989845891037,0.10376560678563229,0.015363423112159246
choque_05pct_permanente,permanente,0.95,0.050000000000000044,True,98,139,8,8835394.932843475,0.10762215205308884,0.11134683819401814,0.12559909416631657,0.011732421107215823
choque_05pct_permanente,permanente,0.95,0.050000000000000044,True,98,139,9,8688129.626154367,0.12327189467956229,0.11635724420362625,0.14718847604384966,0.0048112326167551985
choque_05pct_permanente,permanente,0.95,0.050000000000000044,True,98,139,10,8555088.70063365,0.1340163970524707,0.1064728151519605,0.16386133654699767,-0.0069001080132258365
choque_05pct_permanente,permanente,0.95,0.050000000000000044,True,98,139,11,8505768.21682896,0.13838487258521714,0.09029359166091289,0.17193392593275464,-0.01828217500733311
choque_05pct_permanente,permanente,0.95,0.050000000000000044,True,98,139,12,8478648.764715742,0.14010570409145243,0.07006569774594351,0.17614818424513767,-0.02837859619452017
choque_05pct_permanente,permanente,0.95,0.050000000000000044,True,98,139,13,8716985.224305639,0.12468327639266737,0.051814650118931826,0.1664702252330949,-0.03284956416445894
choque_05pct_permanente,permanente,0.95,0.050000000000000044,True,98,139,14,9328485.86485189,0.09866271500470172,0.041405457006681745,0.14426642642582416,-0.027460202546717792
choque_05pct_permanente,permanente,0.95,0.050000000000000044,True,98,139,15,9736042.81218202,0.07409284238628737,0.048637270352143824,0.12756271226969557,-0.020735603331283863
choque_05pct_permanente,permanente,0.95,0.050000000000000044,True,98,139,16,10198438.831948958,0.056008782028051166,0.07549052943238022,0.1149976005185516,-0.015360904637516236
choque_05pct_permanente,permanente,0.95,0.050000000000000044,True,98,139,17,10518691.222430993,0.05347706929507818,0.12533077736377662,0.11182701361403909,-0.004700718062726472
choque_05pct_permanente,permanente,0.95,0.050000000000000044,True,98,139,18,10746213.441586135,0.059132764385159624,0.17857704137758734,0.12762626942506097,0.004781633623832473
choque_05pct_permanente,permanente,0.95,0.050000000000000044,True,98,139,19,10772613.987088941,0.0714122866198022,0.21883992283554443,0.14887008455247405,0.009915968153740459
choque_05pct_permanente,permanente,0.95,0.050000000000000044,True,98,139,20,10708858.01495582,0.07875204436642523,0.23387709493847741,0.17001464645267342,0.003875711748116712
choque_05pct_permanente,permanente,0.95,0.050000000000000044,True,98,139,21,10559637.687940981,0.08703206038201115,0.2296317665954719,0.18259116395680564,-0.007391851663506965
choque_05pct_permanente,permanente,0.95,0.050000000000000044,True,98,139,22,10281227.79995551,0.0987554709643312,0.20851729798517238,0.20043803309153294,-0.022885659150431437
choque_05pct_permanente,permanente,0.95,0.050000000000000044,True,98,139,23,10254189.22372408,0.09608552241869238,0.1803031040988261,0.20566027881755664,-0.038509718080541065
choque_05pct_permanente,permanente,0.95,0.050000000000000044,True,98,139,24,10437636.985980289,0.08359196075884986,0.15302950093650036,0.19558318632111346,-0.04759111582797105
choque_05pct_permanente,permanente,0.95,0.050000000000000044,True,98,139,25,10834659.507248329,0.06380836095917525,0.1371507255895723,0.1797007644582324,-0.04581103344829246
choque_05pct_permanente,permanente,0.95,0.050000000000000044,True,99,140,0,7609597.0,0.138,0.03,0.12063832026847152,0.010583740505574736
choque_05pct_permanente,permanente,0.95,0.050000000000000044,True,99,140,1,7652724.38733265,0.14039181650999813,0.030000000000000027,0.11859183719691781,0.007984885903803248
choque_05pct_permanente,permanente,0.95,0.050000000000000044,True,99,140,2,7795327.83536456,0.13522708141572493,0.024174051391479878,0.12047902239624562,0.0026796102647845804
choque_05pct_permanente,permanente,0.95,0.050000000000000044,True,99,140,3,8075055.299517041,0.12307489409115986,0.026902124736925215,0.11074995544754243,0.007937866252290222
choque_05pct_permanente,permanente,0.95,0.050000000000000044,True,99,140,4,8390549.284744043,0.10692613401726477,0.031011507185691123,0.10355406861179088,0.008436292792070154
choque_05pct_permanente,permanente,0.95,0.050000000000000044,True,99,140,5,8611022.396153912,0.09589668418198825,0.04672016289974401,0.09781373000103229,0.011530130951223004
choque_05pct_permanente,permanente,0.95,0.050000000000000044,True,99,140,6,8751980.742775138,0.0931583887547593,0.0661248804533261,0.10077483330676104,0.010397359492922705
choque_05pct_permanente,permanente,0.95,0.050000000000000044,True,99,140,7,8847968.17045056,0.09878962160308452,0.08740706133828957,0.10953738155287236,0.01074672614968159
choque_05pct_permanente,permanente,0.95,0.050000000000000044,True,99,140,8,8901556.035614729,0.10396781027000304,0.10158550073746442,0.12198565245560215,0.011481286891899575
choque_05pct_permanente,permanente,0.95,0.050000000000000044,True,99,140,9,8846919.368910564,0.10891597333074643,0.10795175596367246,0.13571507591872506,0.0054027035754986965
choque_05pct_permanente,permanente,0.95,0.050000000000000044,True,99,140,10,8755084.517091833,0.12091779473149128,0.10752807894962135,0.1508255276282704,-0.003628701938786135
choque_05pct_permanente,permanente,0.95,0.050000000000000044,True,99,140,11,8613241.48963791,0.1332258237661512,0.09726481588308555,0.16753747215065404,-0.01296716853589045
choque_05pct_permanente,permanente,0.95,0.050000000000000044,True,99,140,12,8590812.561815476,0.13428913950397234,0.08248704455032696,0.17385283927279535,-0.023303668588721148
choque_05pct_permanente,permanente,0.95,0.050000000000000044,True,99,140,13,8737227.484885804,0.12927204142784238,0.06506911438963314,0.1701165124812977,-0.030788861431710387
choque_05pct_permanente,permanente,0.95,0.050000000000000044,True,99,140,14,9043156.504928932,0.11330309025349428,0.052067301801685506,0.15905135007744384,-0.030950288218607683
choque_05pct_permanente,permanente,0.95,0.050000000000000044,True,99,140,15,9684639.095433174,0.08155817151546114,0.04800160800867226,0.13770351829570207,-0.027562536937800128
choque_05pct_permanente,permanente,0.95,0.050000000000000044,True,99,140,16,10158022.824893296,0.057643878784754694,0.06865584962417026,0.11743183123087171,-0.015347414946118814
choque_05pct_permanente,permanente,0.95,0.050000000000000044,True,99,140,17,10512975.518895427,0.049659627541863656,0.11288261281979994,0.11023459834775992,-0.004930195405139734
choque_05pct_permanente,permanente,0.95,0.050000000000000044,True,99,140,18,10665012.115243215,0.059175961299454065,0.1722248438943923,0.12263295007751332,0.007221010799504802
choque_05pct_permanente,permanente,0.95,0.050000000000000044,True,99,140,19,10704299.102629215,0.07660795413008743,0.21232116159466563,0.15415324181249646,0.006676293130220427
choque_05pct_permanente,permanente,0.95,0.050000000000000044,True,99,140,20,10739426.597463656,0.07992239850897224,0.2257273269369111,0.17111613454932875,0.003209924067446929
choque_05pct_permanente,permanente,0.95,0.050000000000000044,True,99,140,21,10607199.331978135,0.07776880788437816,0.2229211055618614,0.1759746433481282,-0.006374006818855343
choque_05pct_permanente,permanente,0.95,0.050000000000000044,True,99,140,22,10446381.939859087,0.0872645428531162,0.21125335710839477,0.1868722451955212,-0.01734537279841055
choque_05pct_permanente,permanente,0.95,0.050000000000000044,True,99,140,23,10373000.696926951,0.0925942685396725,0.18986591586176393,0.2020945235515176,-0.033697838582302256
choque_05pct_permanente,permanente,0.95,0.050000000000000044,True,99,140,24,10394539.773847044,0.09002094550233672,0.16810605914774457,0.20101901600921485,-0.04274435064669233
choque_05pct_permanente,permanente,0.95,0.050000000000000044,True,99,140,25,10833643.707537891,0.06569870387541157,0.14764880684009607,0.18530021955854997,-0.043712835627103395
choque_05pct_permanente,permanente,0.95,0.050000000000000044,True,100,141,0,7609597.0,0.138,0.03,0.12063832026847152,0.010583740505574736
choque_05pct_permanente,permanente,0.95,0.050000000000000044,True,100,141,1,7652724.38733265,0.14039181650999813,0.030000000000000027,0.11859183719691781,0.007984885903803248
choque_05pct_permanente,permanente,0.95,0.050000000000000044,True,100,141,2,7822240.22552026,0.13522711927864675,0.02419579929599891,0.12044990292903582,0.0077188554837203625
choque_05pct_permanente,permanente,0.95,0.050000000000000044,True,100,141,3,7988013.693750611,0.1261973454419161,0.02679736935593513,0.11425573544146683,0.004003712692359937
choque_05pct_permanente,permanente,0.95,0.050000000000000044,True,100,141,4,8321407.764512992,0.11294184618736966,0.02967880280855928,0.106573375233791,0.004700691061358224
choque_05pct_permanente,permanente,0.95,0.050000000000000044,True,100,141,5,8645190.101447053,0.09427614041921777,0.043241945810456484,0.09656876204848941,0.010418881142462538
choque_05pct_permanente,permanente,0.95,0.050000000000000044,True,100,141,6,8851698.81432801,0.08590960934208981,0.06455103031045395,0.09355804605496108,0.010605463901980918
choque_05pct_permanente,permanente,0.95,0.050000000000000044,True,100,141,7,8940388.844066435,0.08789187706179602,0.09188859935221894,0.09984765951804343,0.017830105224461115
choque_05pct_permanente,permanente,0.95,0.050000000000000044,True,100,141,8,8903945.939053187,0.09961071223569934,0.11250889966018929,0.11849422071794292,0.013628882324050651
choque_05pct_permanente,permanente,0.95,0.050000000000000044,True,100,141,9,8772012.335211126,0.11855346203702688,0.12136869871766454,0.14175665685761155,0.008841993634452277
choque_05pct_permanente,permanente,0.95,0.050000000000000044,True,100,141,10,8613286.757549152,0.13168914972049897,0.11416186632058456,0.16322436953654113,-0.0051051727487327675
choque_05pct_permanente,permanente,0.95,0.050000000000000044,True,100,141,11,8501538.194859922,0.14238188511232316,0.09712219737180883,0.17528782676647145,-0.017434311912068075
choque_05pct_permanente,permanente,0.95,0.050000000000000044,True,100,141,12,8518065.348246178,0.1441299732712465,0.07469829144526319,0.17920115599928205,-0.029012905119487606
choque_05pct_permanente,permanente,0.95,0.050000000000000044,True,100,141,13,8770660.429915538,0.12995512600616932,0.05277051335227845,0.17060972862963933,-0.035418517215201034
choque_05pct_permanente,permanente,0.95,0.050000000000000044,True,100,141,14,9149134.964767339,0.1074515178053048,0.03938995067962914,0.1535916203858012,-0.03240433021029515
choque_05pct_permanente,permanente,0.95,0.050000000000000044,True,100,141,15,9707736.319702081,0.08099376917248029,0.039544158083741676,0.13541865065596306,-0.030507288191071458
choque_05pct_permanente,permanente,0.95,0.050000000000000044,True,100,141,16,10065364.479600681,0.06541376713308096,0.06231779460937181,0.12166024256068776,-0.021055549056798205
choque_05pct_permanente,permanente,0.95,0.050000000000000044,True,100,141,17,10382987.113941742,0.05732982472267388,0.10268548183248671,0.11854131412980586,-0.011862148982240866
choque_05pct_permanente,permanente,0.95,0.050000000000000044,True,100,141,18,10720473.528274173,0.055783947342214854,0.15193857922298393,0.1224164409074066,0.00266888358729019
choque_05pct_permanente,permanente,0.95,0.050000000000000044,True,100,141,19,10863709.570906382,0.06182284956542067,0.20204727597845729,0.1357806283436009,0.009291806181336213
choque_05pct_permanente,permanente,0.95,0.050000000000000044,True,100,141,20,10915546.514081966,0.07019665934564476,0.2301139658552145,0.15664285699789116,0.007198939210603133
choque_05pct_permanente,permanente,0.95,0.050000000000000044,True,100,141,21,10833557.563235672,0.0772132530725065,0.24151164089802535,0.1725368955287947,0.0008765955630096021
choque_05pct_permanente,permanente,0.95,0.050000000000000044,True,100,141,22,10670276.183449259,0.08447339632784921,0.2317536474470876,0.1876088932664169,-0.011508694454368718
choque_05pct_permanente,permanente,0.95,0.050000000000000044,True,100,141,23,10450191.070789373,0.09341445360743814,0.21163863846494757,0.2017606051782206,-0.025426663244399236
choque_05pct_permanente,permanente,0.95,0.050000000000000044,True,100,141,24,10398396.324384658,0.09453741333465465,0.18275629341947486,0.2090690466111385,-0.041920455908522884
choque_05pct_permanente,permanente,0.95,0.050000000000000044,True,100,141,25,10512033.651969448,0.08326849445775887,0.15756602033883804,0.20183753269046556,-0.05235544313246508
