cenario,tipo_choque,multiplicador_produtividade,perda_produtividade,choque_permanente,simulacao,seed,periodo,pib_real,taxa_desemprego,inflacao,deficit_governo,deficit_externo
choque_10pct_permanente,permanente,0.9,0.09999999999999998,True,1,42,0,7609597.0,0.138,0.03,0.12063832026847152,0.010583740505574736
choque_10pct_permanente,permanente,0.9,0.09999999999999998,True,1,42,1,7652724.38733265,0.14039181650999813,0.030000000000000027,0.11859183719691781,0.007984885903803248
choque_10pct_permanente,permanente,0.9,0.09999999999999998,True,1,42,2,7801103.962356615,0.13522744274108023,0.02418925667905869,0.12049839550176797,0.0062871968075281755
choque_10pct_permanente,permanente,0.9,0.09999999999999998,True,1,42,3,8022931.17537678,0.12581917429507655,0.026808879878366332,0.11284390543883532,0.005699729118197142
choque_10pct_permanente,permanente,0.9,0.09999999999999998,True,1,42,4,8394049.117589632,0.11075441073636484,0.029794467562436644,0.10562257887155795,0.0052840663367776635
choque_10pct_permanente,permanente,0.9,0.09999999999999998,True,1,42,5,8585680.493210029,0.09647749845923845,0.04510368814554,0.09836789915715399,0.008252876513353904
choque_10pct_permanente,permanente,0.9,0.09999999999999998,True,1,42,6,8769579.9331552,0.09084504029376396,0.06452631080189142,0.09837798377566315,0.011583599745725955
choque_10pct_permanente,permanente,0.9,0.09999999999999998,True,1,42,7,8869622.004720088,0.09173804035997117,0.08849284097699672,0.10522322316724472,0.013649072549417456
choque_10pct_permanente,permanente,0.9,0.09999999999999998,True,1,42,8,8920269.458251491,0.0964485499362208,0.10790319205634713,0.11770990047036652,0.011790535441376456
choque_10pct_permanente,permanente,0.9,0.09999999999999998,True,1,42,9,8836063.225824386,0.10896338045492245,0.12125876747320063,0.13416398010073405,0.007640677519167812
choque_10pct_permanente,permanente,0.9,0.09999999999999998,True,1,42,10,8697271.107528161,0.12434319049005728,0.11967378399049,0.1556376724982452,-9.390261882723201e-05
choque_10pct_permanente,permanente,0.9,0.09999999999999998,True,1,42,11,8499145.494298717,0.1389666254437177,0.10860394646690463,0.17342878639117287,-0.011229718877414665
choque_10pct_permanente,permanente,0.9,0.09999999999999998,True,1,42,12,8383010.550401915,0.14366408742056586,0.08721498294583707,0.1844335635930596,-0.02650634867679626
choque_10pct_permanente,permanente,0.9,0.09999999999999998,True,1,42,13,8522287.982898694,0.13701147492316107,0.0666104887041874,0.1785861207369867,-0.035953416060231
choque_10pct_permanente,permanente,0.9,0.09999999999999998,True,1,42,14,8811594.337115698,0.11957681473056542,0.04843700058175071,0.16581240519642831,-0.03865464470599295
choque_10pct_permanente,permanente,0.9,0.09999999999999998,True,1,42,15,9466894.998053491,0.08969217547086551,0.041540330131752956,0.14281225610013346,-0.02908322215787872
choque_10pct_permanente,permanente,0.9,0.09999999999999998,True,1,42,16,9873656.737994907,0.06552126315056317,0.05382286942655634,0.12613472460097075,-0.024026992554649
choque_10pct_permanente,permanente,0.9,0.09999999999999998,True,1,42,17,10185285.79192275,0.05541924986228634,0.08984701230277858,0.11815441640218256,-0.014797243535179283
choque_10pct_permanente,permanente,0.9,0.09999999999999998,True,1,42,18,10441657.781017724,0.05722539278167975,0.14011041798282187,0.12328463989775733,-0.0052015003876237885
choque_10pct_permanente,permanente,0.9,0.09999999999999998,True,1,42,19,10742945.801964583,0.06138673559758249,0.1869738705465851,0.1376375460451243,0.003359242462887097
choque_10pct_permanente,permanente,0.9,0.09999999999999998,True,1,42,20,10803154.44946697,0.062241035406819425,0.22088707426693066,0.15174209593711493,0.00522770098082426
choque_10pct_permanente,permanente,0.9,0.09999999999999998,True,1,42,21,10864343.200315168,0.06630679537318476,0.24353242333682568,0.1604127712944641,0.00543532672756115
choque_10pct_permanente,permanente,0.9,0.09999999999999998,True,1,42,22,10726176.987845471,0.07646614505432722,0.24912224658222204,0.17844133913200638,-0.0055039936669979425
choque_10pct_permanente,permanente,0.9,0.09999999999999998,True,1,42,23,10543068.282480456,0.08509616134490196,0.23871245267696795,0.1967665393065843,-0.0207504438156589
choque_10pct_permanente,permanente,0.9,0.09999999999999998,True,1,42,24,10393780.95461547,0.09235360864501849,0.21561672349752614,0.20601747476045174,-0.033431381669490126
choque_10pct_permanente,permanente,0.9,0.09999999999999998,True,1,42,25,10353304.019990921,0.08627012854139253,0.18685102853394842,0.20851805666324424,-0.04936454250168945
choque_10pct_permanente,permanente,0.9,0.09999999999999998,True,2,43,0,7609597.0,0.138,0.03,0.12063832026847152,0.010583740505574736
choque_10pct_permanente,permanente,0.9,0.09999999999999998,True,2,43,1,7652724.38733265,0.14039181650999813,0.030000000000000027,0.11859183719691781,0.007984885903803248
choque_10pct_permanente,permanente,0.9,0.09999999999999998,True,2,43,2,7795020.874483838,0.13522708141572493,0.024191530163762076,0.12053436588815551,0.006861983543173556
choque_10pct_permanente,permanente,0.9,0.09999999999999998,True,2,43,3,8037316.46680246,0.12476063426065676,0.026811775187928433,0.11260565842351052,0.00624820585705405
choque_10pct_permanente,permanente,0.9,0.09999999999999998,True,2,43,4,8348844.63122399,0.11108254305111744,0.030217521397929215,0.10567504655299073,0.007147843342347539
choque_10pct_permanente,permanente,0.9,0.09999999999999998,True,2,43,5,8574390.673074855,0.09868761900003245,0.045130120030228316,0.09976624913103042,0.008961721166939517
choque_10pct_permanente,permanente,0.9,0.09999999999999998,True,2,43,6,8764494.433382211,0.08924638438521325,0.06424006454742504,0.09827680434940744,0.009689385281031896
choque_10pct_permanente,permanente,0.9,0.09999999999999998,True,2,43,7,8929309.703905908,0.08794085034618945,0.08958583788516905,0.10115531042174722,0.013297190277066303
choque_10pct_permanente,permanente,0.9,0.09999999999999998,True,2,43,8,8944544.385157285,0.09618954095877508,0.11100700591608614,0.11533673830047476,0.015515679749515168
choque_10pct_permanente,permanente,0.9,0.09999999999999998,True,2,43,9,8854117.621350534,0.11066582243956644,0.12331055457941442,0.13589153217091332,0.009477875757697755
choque_10pct_permanente,permanente,0.9,0.09999999999999998,True,2,43,10,8660873.463449314,0.12735355177718857,0.12195957737200858,0.15780241299730904,0.0003822610904956799
choque_10pct_permanente,permanente,0.9,0.09999999999999998,True,2,43,11,8467325.093272403,0.1399126269900249,0.1078721995183245,0.176018735664087,-0.013959209793266529
choque_10pct_permanente,permanente,0.9,0.09999999999999998,True,2,43,12,8367903.889375961,0.14759342334623354,0.08610527064957307,0.1862741235377772,-0.02845002214444694
choque_10pct_permanente,permanente,0.9,0.09999999999999998,True,2,43,13,8391481.199224962,0.14491818826861988,0.06249689370771283,0.18636470660484777,-0.0380016817654495
choque_10pct_permanente,permanente,0.9,0.09999999999999998,True,2,43,14,8744760.185177492,0.12491350395212088,0.042784269694428945,0.17030211695456812,-0.04069952276993672
choque_10pct_permanente,permanente,0.9,0.09999999999999998,True,2,43,15,9364672.30547793,0.09630916212110621,0.033709371700020974,0.1468761949838596,-0.03542405919918001
choque_10pct_permanente,permanente,0.9,0.09999999999999998,True,2,43,16,9884483.847811129,0.06962227509757818,0.042296677117953596,0.1282326420668495,-0.027556039547720713
choque_10pct_permanente,permanente,0.9,0.09999999999999998,True,2,43,17,10228993.872284053,0.055278303368293605,0.07476426751327936,0.11681980851912381,-0.01634909959619063
choque_10pct_permanente,permanente,0.9,0.09999999999999998,True,2,43,18,10539718.034508709,0.054738734338621614,0.12693910719366386,0.11829115235531018,-0.008364653523186345
choque_10pct_permanente,permanente,0.9,0.09999999999999998,True,2,43,19,10740541.733745698,0.060394081394151936,0.1806424870798813,0.13393135041212365,0.001889213070580814
choque_10pct_permanente,permanente,0.9,0.09999999999999998,True,2,43,20,10908646.553662647,0.06105515742456531,0.2218160196694985,0.14842849933582494,0.005708563266930185
choque_10pct_permanente,permanente,0.9,0.09999999999999998,True,2,43,21,10919646.570575127,0.06219933500402698,0.24967451800317764,0.15696588375718865,0.006447915011394655
choque_10pct_permanente,permanente,0.9,0.09999999999999998,True,2,43,22,10822108.09884315,0.0745357822813297,0.2610969236205831,0.17393097756352824,-0.0011903867789709605
choque_10pct_permanente,permanente,0.9,0.09999999999999998,True,2,43,23,10499911.716676103,0.09443429125063361,0.24886221360058847,0.2034189741317732,-0.01634020835354153
choque_10pct_permanente,permanente,0.9,0.09999999999999998,True,2,43,24,10277308.398326363,0.10151952126665266,0.2186070926618633,0.21937259909290546,-0.037027416555873854
choque_10pct_permanente,permanente,0.9,0.09999999999999998,True,2,43,25,10210090.059308793,0.09835428287356512,0.1835800347724159,0.21608950531432514,-0.05251847951330255
choque_10pct_permanente,permanente,0.9,0.09999999999999998,True,3,44,0,7609597.0,0.138,0.03,0.12063832026847152,0.010583740505574736
choque_10pct_permanente,permanente,0.9,0.09999999999999998,True,3,44,1,7652724.38733265,0.14039181650999813,0.030000000000000027,0.11859183719691781,0.007984885903803248
choque_10pct_permanente,permanente,0.9,0.09999999999999998,True,3,44,2,7809568.471876611,0.13522708141572493,0.024184146560761954,0.12045454734906626,0.004914800534182451
choque_10pct_permanente,permanente,0.9,0.09999999999999998,True,3,44,3,8040221.635573903,0.126620717904688,0.02683058200310473,0.1129004970675796,0.005202146882133367
choque_10pct_permanente,permanente,0.9,0.09999999999999998,True,3,44,4,8301408.8178097345,0.11185275020171319,0.02943467336483363,0.1069562413332863,0.006637518469462689
choque_10pct_permanente,permanente,0.9,0.09999999999999998,True,3,44,5,8616203.76863251,0.09487633399097552,0.04413566515527023,0.09752338236503968,0.010359740962124962
choque_10pct_permanente,permanente,0.9,0.09999999999999998,True,3,44,6,8822650.806408145,0.08722781131945848,0.0638057055662653,0.0961339249528835,0.010522696279626655
choque_10pct_permanente,permanente,0.9,0.09999999999999998,True,3,44,7,8934117.976235965,0.09130566689746718,0.09160092806027231,0.10230592198597377,0.015768752871092043
choque_10pct_permanente,permanente,0.9,0.09999999999999998,True,3,44,8,8917554.234013932,0.09976238052874066,0.11121271455617121,0.11965619108289242,0.014699690975334374
choque_10pct_permanente,permanente,0.9,0.09999999999999998,True,3,44,9,8789619.017492006,0.11485979092256271,0.12286270335784444,0.13879286422627438,0.010297485657962971
choque_10pct_permanente,permanente,0.9,0.09999999999999998,True,3,44,10,8570574.825220741,0.13144130645659569,0.11749702578088494,0.16274466158123388,-0.002956555696294219
choque_10pct_permanente,permanente,0.9,0.09999999999999998,True,3,44,11,8429491.299422398,0.14460880085012695,0.10258432637231651,0.17780944590217634,-0.014614866837960283
choque_10pct_permanente,permanente,0.9,0.09999999999999998,True,3,44,12,8347988.08381747,0.14878667269068388,0.0782906765998661,0.18721330998286267,-0.030772370722430376
choque_10pct_permanente,permanente,0.9,0.09999999999999998,True,3,44,13,8460641.297700632,0.1429928075706583,0.05538510200354296,0.18297442135861455,-0.03958004339023326
choque_10pct_permanente,permanente,0.9,0.09999999999999998,True,3,44,14,8806024.995801417,0.12433857691359129,0.036192547630256255,0.16783377018644938,-0.04019028595648749
choque_10pct_permanente,permanente,0.9,0.09999999999999998,True,3,44,15,9482388.414259806,0.09059478632092458,0.03061875743211173,0.14263838106346252,-0.03211931015505582
choque_10pct_permanente,permanente,0.9,0.09999999999999998,True,3,44,16,9868196.759447832,0.06729001537124588,0.04493277131410345,0.1247921116347084,-0.02465833263606324
choque_10pct_permanente,permanente,0.9,0.09999999999999998,True,3,44,17,10211658.856405368,0.05678812746274261,0.08201161909418353,0.11729733689127833,-0.015589977482491066
choque_10pct_permanente,permanente,0.9,0.09999999999999998,True,3,44,18,10531295.243300423,0.056180042907616724,0.13387569361732576,0.12099717644791698,-0.005149903657460527
choque_10pct_permanente,permanente,0.9,0.09999999999999998,True,3,44,19,10770151.572828334,0.05819241397895401,0.18495319377845787,0.13401176968752007,0.0016771335499453362
choque_10pct_permanente,permanente,0.9,0.09999999999999998,True,3,44,20,10872017.975264871,0.06292366891727103,0.22636790050303301,0.14759044817956948,0.008983399910641312
choque_10pct_permanente,permanente,0.9,0.09999999999999998,True,3,44,21,10927599.61698584,0.06827545984640668,0.24772238622228726,0.1634387715809841,0.006332216710197339
choque_10pct_permanente,permanente,0.9,0.09999999999999998,True,3,44,22,10598247.090489881,0.08415917491250122,0.253220704190223,0.18634900076296382,-0.0056224668219006
choque_10pct_permanente,permanente,0.9,0.09999999999999998,True,3,44,23,10349107.880356275,0.10270125431804412,0.23335021062859096,0.2103074041173962,-0.02133471167143175
choque_10pct_permanente,permanente,0.9,0.09999999999999998,True,3,44,24,10111285.880096732,0.10366032768161103,0.2008692316750229,0.22028201598191322,-0.04166188354965645
choque_10pct_permanente,permanente,0.9,0.09999999999999998,True,3,44,25,10157256.05927547,0.0920764181541296,0.16613319316525588,0.21123677615730235,-0.05678477305186197
choque_10pct_permanente,permanente,0.9,0.09999999999999998,True,4,45,0,7609597.0,0.138,0.03,0.12063832026847152,0.010583740505574736
choque_10pct_permanente,permanente,0.9,0.09999999999999998,True,4,45,1,7652724.38733265,0.14039181650999813,0.030000000000000027,0.11859183719691781,0.007984885903803248
choque_10pct_permanente,permanente,0.9,0.09999999999999998,True,4,45,2,7814812.885350098,0.1352272363957795,0.024167914260627477,0.12047025073739162,0.0002517658046662367
choque_10pct_permanente,permanente,0.9,0.09999999999999998,True,4,45,3,8061832.066014055,0.12454088935781311,0.02691702625247161,0.11091685391220972,0.005843555817130261
choque_10pct_permanente,permanente,0.9,0.09999999999999998,True,4,45,4,8416869.697292035,0.10590819741008001,0.030404630255944864,0.10248911947636828,0.00711891178292889
choque_10pct_permanente,permanente,0.9,0.09999999999999998,True,4,45,5,8674046.59780386,0.09089803992012098,0.048584871303416044,0.0935337520375203,0.012469185500869052
choque_10pct_permanente,permanente,0.9,0.09999999999999998,True,4,45,6,8802721.599838953,0.08808643731157112,0.07179890546653933,0.0961200047331364,0.013926209519880857
choque_10pct_permanente,permanente,0.9,0.09999999999999998,True,4,45,7,8830797.600410385,0.09857993723346971,0.09773029229648533,0.10871389951245104,0.015409179479539167
choque_10pct_permanente,permanente,0.9,0.09999999999999998,True,4,45,8,8741468.437569086,0.11398893561704342,0.11077008694305568,0.1315292049841722,0.010886048060978449
choque_10pct_permanente,permanente,0.9,0.09999999999999998,True,4,45,9,8618639.697088996,0.12400728735387834,0.11360611885198679,0.1490958382321539,0.0011098274381853906
choque_10pct_permanente,permanente,0.9,0.09999999999999998,True,4,45,10,8463847.560508348,0.13493610400866277,0.10387172360563723,0.16388010814892232,-0.008662077281584081
choque_10pct_permanente,permanente,0.9,0.09999999999999998,True,4,45,11,8400521.190711502,0.14033367937713456,0.08751354062474781,0.1737552355084031,-0.018206010865985372
choque_10pct_permanente,permanente,0.9,0.09999999999999998,True,4,45,12,8387040.545623812,0.14131115708942174,0.06837927286278189,0.17761835106594584,-0.031014781653982557
choque_10pct_permanente,permanente,0.9,0.09999999999999998,True,4,45,13,8641501.276723599,0.1299487339783683,0.050526236089285304,0.168978300927831,-0.03843660584074105
choque_10pct_permanente,permanente,0.9,0.09999999999999998,True,4,45,14,9117535.371266227,0.10496635169361034,0.03941070744579411,0.14979126062965806,-0.03328687928651565
choque_10pct_permanente,permanente,0.9,0.09999999999999998,True,4,45,15,9667995.103222065,0.07759015530188018,0.042864679717008025,0.12982369638648608,-0.026672140243231304
choque_10pct_permanente,permanente,0.9,0.09999999999999998,True,4,45,16,10102930.72930703,0.0566996710339035,0.0674522941082003,0.11595156408035114,-0.01742190920043368
choque_10pct_permanente,permanente,0.9,0.09999999999999998,True,4,45,17,10343466.135767821,0.051755775049723673,0.11707877996161553,0.11104873768580671,-0.007876928861510476
choque_10pct_permanente,permanente,0.9,0.09999999999999998,True,4,45,18,10606374.310360383,0.06080930054003025,0.17371556009740896,0.12462508459916573,0.0032074832970445956
choque_10pct_permanente,permanente,0.9,0.09999999999999998,True,4,45,19,10702031.809678704,0.06842925679237843,0.21356677781269373,0.1500164655269046,0.0062042937016524085
choque_10pct_permanente,permanente,0.9,0.09999999999999998,True,4,45,20,10603508.100214032,0.07650896125927839,0.23349814589828188,0.16652581924875112,0.0030931076167032786
choque_10pct_permanente,permanente,0.9,0.09999999999999998,True,4,45,21,10486575.416256601,0.08836417365007275,0.23125049245405016,0.18349228850771648,-0.007712519147278794
choque_10pct_permanente,permanente,0.9,0.09999999999999998,True,4,45,22,10231855.651355319,0.09920382434376863,0.2118193141212863,0.2014751421354409,-0.022440248276014207
choque_10pct_permanente,permanente,0.9,0.09999999999999998,True,4,45,23,10138390.814334482,0.09619466411195861,0.18267764914732876,0.20739241542437536,-0.03741696899477649
choque_10pct_permanente,permanente,0.9,0.09999999999999998,True,4,45,24,10234219.873461293,0.0869138596192006,0.157188695596038,0.19949589008777452,-0.05131155247560996
choque_10pct_permanente,permanente,0.9,0.09999999999999998,True,4,45,25,10579279.321792217,0.06968048522940055,0.1397602001005953,0.1859785487426599,-0.0518518199032018
choque_10pct_permanente,permanente,0.9,0.09999999999999998,True,5,46,0,7609597.0,0.138,0.03,0.12063832026847152,0.010583740505574736
choque_10pct_permanente,permanente,0.9,0.09999999999999998,True,5,46,1,7652724.38733265,0.14039181650999813,0.030000000000000027,0.11859183719691781,0.007984885903803248
choque_10pct_permanente,permanente,0.9,0.09999999999999998,True,5,46,2,7797215.319153447,0.13522708141572493,0.024179487090514318,0.12051989825221197,0.0041342857537788645
choque_10pct_permanente,permanente,0.9,0.09999999999999998,True,5,46,3,8035873.995249559,0.12508298596838335,0.02687093670821583,0.11205807000098585,0.004644653766855659
choque_10pct_permanente,permanente,0.9,0.09999999999999998,True,5,46,4,8390869.856344638,0.10862684435133034,0.030136559988063416,0.10364952165876039,0.005818291909813966
choque_10pct_permanente,permanente,0.9,0.09999999999999998,True,5,46,5,8674314.761403752,0.09098629378448543,0.04707044610013722,0.09399578429105987,0.014995770001119754
choque_10pct_permanente,permanente,0.9,0.09999999999999998,True,5,46,6,8825613.008609833,0.08449253443856476,0.0692752079187604,0.09492934566256654,0.01367420315670051
choque_10pct_permanente,permanente,0.9,0.09999999999999998,True,5,46,7,8863756.697408002,0.09520366808141668,0.09881182512601927,0.10568745607512915,0.015473127009440093
choque_10pct_permanente,permanente,0.9,0.09999999999999998,True,5,46,8,8774019.8413588,0.11096703226496923,0.11403498156581215,0.13023225005003786,0.01129137564456924
choque_10pct_permanente,permanente,0.9,0.09999999999999998,True,5,46,9,8614067.007231517,0.12643331052289938,0.11834125163383047,0.15037863224229372,0.00363723351153074
choque_10pct_permanente,permanente,0.9,0.09999999999999998,True,5,46,10,8467774.00569579,0.13552162429370504,0.10703305017836495,0.1673972187298942,-0.012322755912644218
choque_10pct_permanente,permanente,0.9,0.09999999999999998,True,5,46,11,8377478.956001698,0.14316239301421868,0.08997346393184347,0.17543041250291638,-0.019680484588080215
choque_10pct_permanente,permanente,0.9,0.09999999999999998,True,5,46,12,8482530.380396182,0.1369803270543832,0.067067969695632,0.1760593190573541,-0.031098976088116757
choque_10pct_permanente,permanente,0.9,0.09999999999999998,True,5,46,13,8674741.902047265,0.12643000441247593,0.05069047178601016,0.16644245118197146,-0.03674427855529199
choque_10pct_permanente,permanente,0.9,0.09999999999999998,True,5,46,14,9213234.188331848,0.1002213014184869,0.04066501812365675,0.1471154451384442,-0.033081027434770406
choque_10pct_permanente,permanente,0.9,0.09999999999999998,True,5,46,15,9744897.10007437,0.07185851176155542,0.049208060772951256,0.12573292504968997,-0.02521499570169353
choque_10pct_permanente,permanente,0.9,0.09999999999999998,True,5,46,16,10114404.379000977,0.05241156123769467,0.07843763843589557,0.11263071081150866,-0.01619523065221163
choque_10pct_permanente,permanente,0.9,0.09999999999999998,True,5,46,17,10417325.63586757,0.05232922859600292,0.13411575351862282,0.10917561952217321,-0.0017205450008273163
choque_10pct_permanente,permanente,0.9,0.09999999999999998,True,5,46,18,10560347.296888402,0.06258312044292426,0.18811374681870197,0.1316709861274599,0.005687824954610454
choque_10pct_permanente,permanente,0.9,0.09999999999999998,True,5,46,19,10570964.822242092,0.075523403144624,0.22378637597249962,0.15629852499922703,0.007039767234029403
choque_10pct_permanente,permanente,0.9,0.09999999999999998,True,5,46,20,10502004.771555198,0.08284685685797753,0.23137571567824744,0.1750372388579582,-0.00023580851561617072
choque_10pct_permanente,permanente,0.9,0.09999999999999998,True,5,46,21,10292252.573582912,0.09414847077122225,0.22174967105835997,0.18956299918887412,-0.0118281357172317
choque_10pct_permanente,permanente,0.9,0.09999999999999998,True,5,46,22,9985571.466020353,0.10715040255010887,0.19610127474113215,0.2099593142639152,-0.03547831638562781
choque_10pct_permanente,permanente,0.9,0.09999999999999998,True,5,46,23,9953398.728817517,0.10696275758031602,0.1627845371992951,0.21320626602937712,-0.047430445130189645
choque_10pct_permanente,permanente,0.9,0.09999999999999998,True,5,46,24,10256327.925715294,0.08582747184344063,0.13216767885078617,0.19895860841960017,-0.0577822679017297
choque_10pct_permanente,permanente,0.9,0.09999999999999998,True,5,46,25,10709568.40908665,0.06288540986069706,0.11895933908920875,0.17671597354628962,-0.05357912530029372
choque_10pct_permanente,permanente,0.9,0.09999999999999998,True,6,47,0,7609597.0,0.138,0.03,0.12063832026847152,0.010583740505574736
choque_10pct_permanente,permanente,0.9,0.09999999999999998,True,6,47,1,7652724.38733265,0.14039181650999813,0.030000000000000027,0.11859183719691781,0.007984885903803248
choque_10pct_permanente,permanente,0.9,0.09999999999999998,True,6,47,2,7806695.322937048,0.13522715831904936,0.02418130759722459,0.12044374550797671,0.003889724574032977
choque_10pct_permanente,permanente,0.9,0.09999999999999998,True,6,47,3,8029826.139430107,0.12474783037646296,0.026825061711583054,0.11202749061872302,0.0039396781131172
choque_10pct_permanente,permanente,0.9,0.09999999999999998,True,6,47,4,8415642.929382542,0.10768615566961245,0.030291553993439413,0.10273611525593153,0.0071680838275023345
choque_10pct_permanente,permanente,0.9,0.09999999999999998,True,6,47,5,8718060.458384553,0.08992570796894339,0.04680842106546579,0.093676597611912,0.010793766220578075
choque_10pct_permanente,permanente,0.9,0.09999999999999998,True,6,47,6,8823156.622198803,0.0864105665340715,0.07054735685209712,0.09458753036565502,0.013578153790172326
choque_10pct_permanente,permanente,0.9,0.09999999999999998,True,6,47,7,8889503.657680841,0.09410366472112672,0.09721104051565366,0.10617211447218,0.015270050158964705
choque_10pct_permanente,permanente,0.9,0.09999999999999998,True,6,47,8,8843027.045407321,0.10667439815962122,0.11491759617117636,0.12584951266507485,0.011281846334310999
choque_10pct_permanente,permanente,0.9,0.09999999999999998,True,6,47,9,8662282.726152206,0.12169643469460505,0.12132144656613764,0.14628164724739576,0.006407809813345177
choque_10pct_permanente,permanente,0.9,0.09999999999999998,True,6,47,10,8534093.294611314,0.13425264645471977,0.1122047122470573,0.16425925858131132,-0.0064825086442846964
choque_10pct_permanente,permanente,0.9,0.09999999999999998,True,6,47,11,8336070.486280278,0.14520756680451782,0.09538929584507949,0.178501421055435,-0.018076551105509854
choque_10pct_permanente,permanente,0.9,0.09999999999999998,True,6,47,12,8384132.972927912,0.14164008813399195,0.0719493527127546,0.18093384869258133,-0.029937848951753485
choque_10pct_permanente,permanente,0.9,0.09999999999999998,True,6,47,13,8600752.06388415,0.12948138792596725,0.05276332017205898,0.16990847441120716,-0.035512289687584866
choque_10pct_permanente,permanente,0.9,0.09999999999999998,True,6,47,14,9107081.048871346,0.10518641830533416,0.03953240468651953,0.1517829003310202,-0.034004062905096666
choque_10pct_permanente,permanente,0.9,0.09999999999999998,True,6,47,15,9628668.19812748,0.07884890191741897,0.04315179488770293,0.1316045279301419,-0.026291000980585937
choque_10pct_permanente,permanente,0.9,0.09999999999999998,True,6,47,16,10032414.016473418,0.05946994732726758,0.06651614250538151,0.11806092198645181,-0.01626216051711717
choque_10pct_permanente,permanente,0.9,0.09999999999999998,True,6,47,17,10279459.781377615,0.052879418430169266,0.112215452750005,0.11395269244424144,-0.006648621872165512
choque_10pct_permanente,permanente,0.9,0.09999999999999998,True,6,47,18,10552060.10430996,0.05941172890930559,0.16726899657967165,0.12413369403389453,0.003876466026362104
choque_10pct_permanente,permanente,0.9,0.09999999999999998,True,6,47,19,10650390.952271545,0.06649019077906923,0.20858629813764207,0.1476842650602541,0.006602708900132508
choque_10pct_permanente,permanente,0.9,0.09999999999999998,True,6,47,20,10659853.896285668,0.07683801755138168,0.2334358201340132,0.16322226938857673,0.004589116656011596
choque_10pct_permanente,permanente,0.9,0.09999999999999998,True,6,47,21,10411857.409283638,0.08734903739834794,0.23335742577361418,0.18410938751563474,-0.008151582385365312
choque_10pct_permanente,permanente,0.9,0.09999999999999998,True,6,47,22,10283006.544379769,0.0901420404838835,0.21680982283488248,0.1948327052740114,-0.01884245810017502
choque_10pct_permanente,permanente,0.9,0.09999999999999998,True,6,47,23,10235159.240285246,0.08934531456235335,0.19259353562968173,0.19731347616042036,-0.03231165978461917
choque_10pct_permanente,permanente,0.9,0.09999999999999998,True,6,47,24,10348774.233576674,0.07968983231548898,0.1690765080768426,0.19453870737537213,-0.0440262292041261
choque_10pct_permanente,permanente,0.9,0.09999999999999998,True,6,47,25,10626852.625670956,0.06584992288557366,0.15667401673141845,0.18251379085297773,-0.04930136315977428
choque_10pct_permanente,permanente,0.9,0.09999999999999998,True,7,48,0,7609597.0,0.138,0.03,0.12063832026847152,0.010583740505574736
choque_10pct_permanente,permanente,0.9,0.09999999999999998,True,7,48,1,7652724.38733265,0.14039181650999813,0.030000000000000027,0.11859183719691781,0.007984885903803248
choque_10pct_permanente,permanente,0.9,0.09999999999999998,True,7,48,2,7797185.690724047,0.13522708141572493,0.024184715365616505,0.12051681259663678,0.005153394554576406
choque_10pct_permanente,permanente,0.9,0.09999999999999998,True,7,48,3,8059557.759189848,0.1243107042400101,0.026832363549653904,0.11216813611438263,0.007414710374897581
choque_10pct_permanente,permanente,0.9,0.09999999999999998,True,7,48,4,8293368.105793962,0.1121343928723936,0.030428679684245674,0.10677040889614853,0.0069399067028215215
choque_10pct_permanente,permanente,0.9,0.09999999999999998,True,7,48,5,8590934.581128178,0.10079120198630308,0.044160152864470836,0.1007206132662722,0.009384959456611093
choque_10pct_permanente,permanente,0.9,0.09999999999999998,True,7,48,6,8759768.778191796,0.09346498646049138,0.062453983100917654,0.10128304815260536,0.009729591709734186
choque_10pct_permanente,permanente,0.9,0.09999999999999998,True,7,48,7,8810583.081586352,0.0972469236259628,0.08500217225462858,0.10807980260777766,0.010536640856258911
choque_10pct_permanente,permanente,0.9,0.09999999999999998,True,7,48,8,8797357.89479938,0.10591912388459979,0.10109689425736379,0.12411135061798972,0.007542753919244515
choque_10pct_permanente,permanente,0.9,0.09999999999999998,True,7,48,9,8711518.561313428,0.11741589875894053,0.10926077155324299,0.14089853428719917,-1.9627724075758563e-05
choque_10pct_permanente,permanente,0.9,0.09999999999999998,True,7,48,10,8605530.955051184,0.1295947388181883,0.10486272176236233,0.15767492497234264,-0.008211543845316534
choque_10pct_permanente,permanente,0.9,0.09999999999999998,True,7,48,11,8519768.521495892,0.13554677600452913,0.091933168051753,0.16970915628481612,-0.0176636806961993
choque_10pct_permanente,permanente,0.9,0.09999999999999998,True,7,48,12,8534873.758156564,0.13672027430351313,0.07442255598980196,0.17356710339067663,-0.025032910473762035
choque_10pct_permanente,permanente,0.9,0.09999999999999998,True,7,48,13,8714905.319436032,0.12626547824704717,0.058083985987353204,0.1684259667429688,-0.0328338235075631
choque_10pct_permanente,permanente,0.9,0.09999999999999998,True,7,48,14,9024867.481803678,0.11092846021670627,0.04850442414959222,0.15503744253715895,-0.03496461852399757
choque_10pct_permanente,permanente,0.9,0.09999999999999998,True,7,48,15,9599489.208814196,0.08359154651209903,0.049032558562867035,0.13664266870222982,-0.027196646168971838
choque_10pct_permanente,permanente,0.9,0.09999999999999998,True,7,48,16,9989593.033073064,0.06182721659345273,0.06906256084417661,0.12081068450648197,-0.020232172790650055
choque_10pct_permanente,permanente,0.9,0.09999999999999998,True,7,48,17,10296532.541067481,0.05386223721913443,0.10994344644408605,0.11497499553552784,-0.011899539976195564
choque_10pct_permanente,permanente,0.9,0.09999999999999998,True,7,48,18,10602542.352507252,0.05594082828394314,0.16074094313674903,0.1222244662714242,0.0001898826398192224
choque_10pct_permanente,permanente,0.9,0.09999999999999998,True,7,48,19,10761233.661092125,0.06309957059060714,0.20556819800291826,0.14131300844595063,0.007625478216674751
choque_10pct_permanente,permanente,0.9,0.09999999999999998,True,7,48,20,10690467.44488542,0.0776006732626449,0.23317248167447646,0.16436142389577493,0.003407509789994157
choque_10pct_permanente,permanente,0.9,0.09999999999999998,True,7,48,21,10431608.821241017,0.09611307862869586,0.23369653112229716,0.19071795213087733,-0.009001038333135501
choque_10pct_permanente,permanente,0.9,0.09999999999999998,True,7,48,22,10184807.572881121,0.10250069904688051,0.21274779369298225,0.20696271489945559,-0.024354903422458402
choque_10pct_permanente,permanente,0.9,0.09999999999999998,True,7,48,23,10004060.81338565,0.10522088536696493,0.18321829929784172,0.21102364122971035,-0.04104773672061897
choque_10pct_permanente,permanente,0.9,0.09999999999999998,True,7,48,24,10012492.790731873,0.09971649309488598,0.15149154077120364,0.21037457173080656,-0.05744695303498953
choque_10pct_permanente,permanente,0.9,0.09999999999999998,True,7,48,25,10397616.500924729,0.0814348070261429,0.12632768462123223,0.1947290378165579,-0.05838360399711109
choque_10pct_permanente,permanente,0.9,0.09999999999999998,True,8,49,0,7609597.0,0.138,0.03,0.12063832026847152,0.010583740505574736
choque_10pct_permanente,permanente,0.9,0.09999999999999998,True,8,49,1,7652680.1194738075,0.14039218080275034,0.030000000000000027,0.11859395149248815,0.007984248131579937
choque_10pct_permanente,permanente,0.9,0.09999999999999998,True,8,49,2,7797461.924073542,0.1352305929194483,0.02418201686638133,0.12053293984619885,0.004206096336633925
choque_10pct_permanente,permanente,0.9,0.09999999999999998,True,8,49,3,8030416.085393261,0.12467846937162512,0.026840862108314045,0.11219011963106826,0.005492046194023671
choque_10pct_permanente,permanente,0.9,0.09999999999999998,True,8,49,4,8373891.582932308,0.10896896335053496,0.03029725656623916,0.1041589478448662,0.009708080240454362
choque_10pct_permanente,permanente,0.9,0.09999999999999998,True,8,49,5,8629830.816981984,0.09306105969716272,0.045804502139842995,0.09674928786555852,0.013743897810217282
choque_10pct_permanente,permanente,0.9,0.09999999999999998,True,8,49,6,8771423.702871062,0.08997836269906097,0.06872960493213776,0.09790437342395275,0.013228750333888527
choque_10pct_permanente,permanente,0.9,0.09999999999999998,True,8,49,7,8816655.438353369,0.09814927653603986,0.09200923387400284,0.10948226517064528,0.014789975155032971
choque_10pct_permanente,permanente,0.9,0.09999999999999998,True,8,49,8,8818620.461570375,0.10767418900054275,0.10666637925549827,0.12702466559153203,0.01227157798027504
choque_10pct_permanente,permanente,0.9,0.09999999999999998,True,8,49,9,8704419.706418835,0.11859473118333874,0.11239360799539178,0.14401590695654384,0.006484003746043995
choque_10pct_permanente,permanente,0.9,0.09999999999999998,True,8,49,10,8542512.744659234,0.13255520545074936,0.10609921456938776,0.16288334263469115,-0.00411756865264119
choque_10pct_permanente,permanente,0.9,0.09999999999999998,True,8,49,11,8352155.605406105,0.1464676945594178,0.09182684565017363,0.17973424353878917,-0.016999846646684424
choque_10pct_permanente,permanente,0.9,0.09999999999999998,True,8,49,12,8312949.555299976,0.1491694077937007,0.0711067166274355,0.18599856238471482,-0.02973939260325495
choque_10pct_permanente,permanente,0.9,0.09999999999999998,True,8,49,13,8481920.55193531,0.1386668824982674,0.05178682814057156,0.17719006635315004,-0.037405674947330624
choque_10pct_permanente,permanente,0.9,0.09999999999999998,True,8,49,14,9021241.641283935,0.11471957638786157,0.03708198576907895,0.15684394302708785,-0.036546126224625296
choque_10pct_permanente,permanente,0.9,0.09999999999999998,True,8,49,15,9552934.686294213,0.08354115616347355,0.035069498586032255,0.13632647132659598,-0.029161767741839626
choque_10pct_permanente,permanente,0.9,0.09999999999999998,True,8,49,16,10010364.299670937,0.06259116310656582,0.05413213205825396,0.12013516004867689,-0.019168636687119565
choque_10pct_permanente,permanente,0.9,0.09999999999999998,True,8,49,17,10247699.60039011,0.05531768615371881,0.09652493504251969,0.11600434872880602,-0.012087212926194283
choque_10pct_permanente,permanente,0.9,0.09999999999999998,True,8,49,18,10519291.919970449,0.05873790604073325,0.1496545422175517,0.12405375161381169,-0.0017274186813645892
choque_10pct_permanente,permanente,0.9,0.09999999999999998,True,8,49,19,10687495.524613418,0.06465997693663786,0.19622310525886233,0.14145619230960135,0.0032075049568563224
choque_10pct_permanente,permanente,0.9,0.09999999999999998,True,8,49,20,10826929.197449284,0.06351977988727812,0.22554179944360886,0.1532804075537337,0.005629267527399237
choque_10pct_permanente,permanente,0.9,0.09999999999999998,True,8,49,21,10776863.617413804,0.06713380271119483,0.24517113779186395,0.16157722623742155,0.0017259089871249707
choque_10pct_permanente,permanente,0.9,0.09999999999999998,True,8,49,22,10688057.94866837,0.07825816869548317,0.24599958437561464,0.1800213193930907,-0.004877140778885961
choque_10pct_permanente,permanente,0.9,0.09999999999999998,True,8,49,23,10405804.397057582,0.0927326299270561,0.2318984090041316,0.2024450381126331,-0.02080068234098856
choque_10pct_permanente,permanente,0.9,0.09999999999999998,True,8,49,24,10330134.172068015,0.0944260067046439,0.20294485331360268,0.2118307924708094,-0.038960676636816356
choque_10pct_permanente,permanente,0.9,0.09999999999999998,True,8,49,25,10334030.660380084,0.08862369871444305,0.17416582633333633,0.2074201717570079,-0.05117871118291238
choque_10pct_permanente,permanente,0.9,0.09999999999999998,True,9,50,0,7609597.0,0.138,0.03,0.12063832026847152,0.010583740505574736
choque_10pct_permanente,permanente,0.9,0.09999999999999998,True,9,50,1,7652724.38733265,0.14039181650999813,0.030000000000000027,0.11859183719691781,0.007984885903803248
choque_10pct_permanente,permanente,0.9,0.09999999999999998,True,9,50,2,7831409.32990096,0.13522716034711857,0.024173664527332495,0.12036563899223725,0.002236261692935209
choque_10pct_permanente,permanente,0.9,0.09999999999999998,True,9,50,3,8026506.635385992,0.1267433618628575,0.02668482282338025,0.11308383998688466,0.0037816012161875647
choque_10pct_permanente,permanente,0.9,0.09999999999999998,True,9,50,4,8342369.38516489,0.11005903290652905,0.02940007021204516,0.10505441455471272,0.006648124191824206
choque_10pct_permanente,permanente,0.9,0.09999999999999998,True,9,50,5,8707072.136135686,0.09055749788931523,0.045298353583705486,0.0936485014030417,0.01368616431659862
choque_10pct_permanente,permanente,0.9,0.09999999999999998,True,9,50,6,8816137.533882134,0.08445022495086982,0.06892396790158606,0.09413783657432268,0.01321679057575945
choque_10pct_permanente,permanente,0.9,0.09999999999999998,True,9,50,7,8879203.82964488,0.09335713565494187,0.09745930555030391,0.10496876597075806,0.01404698647569869
choque_10pct_permanente,permanente,0.9,0.09999999999999998,True,9,50,8,8802385.758777691,0.11040230523300452,0.11479461514432199,0.12802191194630932,0.008638114191067942
choque_10pct_permanente,permanente,0.9,0.09999999999999998,True,9,50,9,8705729.146733372,0.12231943786013985,0.11878854034009434,0.14724950291563285,0.0049140079322015666
choque_10pct_permanente,permanente,0.9,0.09999999999999998,True,9,50,10,8544770.03887113,0.13273358003042537,0.11014717511446714,0.16329567484938207,-0.006421421831066142
choque_10pct_permanente,permanente,0.9,0.09999999999999998,True,9,50,11,8393662.75703289,0.14472426382859474,0.09355331425981994,0.1767269270742351,-0.01942870273540213
choque_10pct_permanente,permanente,0.9,0.09999999999999998,True,9,50,12,8360176.801226165,0.14571197777800482,0.07137426308842842,0.18290083429572335,-0.030852013802260773
choque_10pct_permanente,permanente,0.9,0.09999999999999998,True,9,50,13,8564084.348885363,0.13291881309811868,0.05141492163258432,0.17311449408371957,-0.0358883333012236
choque_10pct_permanente,permanente,0.9,0.09999999999999998,True,9,50,14,9009370.446896555,0.10926891610021418,0.038366034538869,0.15451337846766108,-0.03516513107289956
choque_10pct_permanente,permanente,0.9,0.09999999999999998,True,9,50,15,9608160.101097262,0.08060152938364358,0.03938984531063561,0.1334206816018582,-0.02842806266308253
choque_10pct_permanente,permanente,0.9,0.09999999999999998,True,9,50,16,9964366.247671347,0.06078002695004211,0.06159511002667184,0.11918200907572842,-0.02052672488105963
choque_10pct_permanente,permanente,0.9,0.09999999999999998,True,9,50,17,10329887.876171071,0.05302821865375145,0.10571316654324048,0.11323048631817455,-0.008252549812126262
choque_10pct_permanente,permanente,0.9,0.09999999999999998,True,9,50,18,10571709.734182512,0.05667550231369744,0.16108536639538285,0.12198676840605058,0.0029695299289317894
choque_10pct_permanente,permanente,0.9,0.09999999999999998,True,9,50,19,10710584.406442078,0.06458262912441723,0.20712519345249358,0.1428040933573801,0.0082690594226541
choque_10pct_permanente,permanente,0.9,0.09999999999999998,True,9,50,20,10711744.702771466,0.07510905754276263,0.23314258091931994,0.16306133079258167,0.007995414850670093
choque_10pct_permanente,permanente,0.9,0.09999999999999998,True,9,50,21,10480437.704140896,0.08805834571246082,0.23618936763692977,0.18474121232954496,-0.0053346380361957175
choque_10pct_permanente,permanente,0.9,0.09999999999999998,True,9,50,22,10260858.995455496,0.09583154283007776,0.22037884238293115,0.2004071206991322,-0.019131156598481868
choque_10pct_permanente,permanente,0.9,0.09999999999999998,True,9,50,23,10123567.765000729,0.09839152983205601,0.19375762707785005,0.20664390278872707,-0.0377235332875243
choque_10pct_permanente,permanente,0.9,0.09999999999999998,True,9,50,24,10137908.78449366,0.09317793737096026,0.1651103391614266,0.20470038823464434,-0.04925650211037417
choque_10pct_permanente,permanente,0.9,0.09999999999999998,True,9,50,25,10560657.942012485,0.06906944685789994,0.14239089871855604,0.1878444584286259,-0.05195257693072001
choque_10pct_permanente,permanente,0.9,0.09999999999999998,True,10,51,0,7609597.0,0.138,0.03,0.12063832026847152,0.010583740505574736
choque_10pct_permanente,permanente,0.9,0.09999999999999998,True,10,51,1,7652724.38733265,0.14039181650999813,0.030000000000000027,0.11859183719691781,0.007984885903803248
choque_10pct_permanente,permanente,0.9,0.09999999999999998,True,10,51,2,7808830.30150961,0.13522708141572493,0.024182135936617666,0.12046137816018762,0.004525243561641617
choque_10pct_permanente,permanente,0.9,0.09999999999999998,True,10,51,3,8045196.615186768,0.12487391165295975,0.0268557789158812,0.11196849357641461,0.006371024970089953
choque_10pct_permanente,permanente,0.9,0.09999999999999998,True,10,51,4,8375348.455186851,0.10904007403663422,0.030196860666761305,0.10416662220504334,0.008187462286959962
choque_10pct_permanente,permanente,0.9,0.09999999999999998,True,10,51,5,8621247.333501693,0.0935991271072159,0.046872785505125636,0.09575326741499493,0.011150120333785101
choque_10pct_permanente,permanente,0.9,0.09999999999999998,True,10,51,6,8806994.357621867,0.08742630796121813,0.06773922495184248,0.0957274383696771,0.011327063651016699
choque_10pct_permanente,permanente,0.9,0.09999999999999998,True,10,51,7,8904470.922845963,0.08971646936367642,0.09564031989220578,0.1023378251336068,0.01301365878613753
choque_10pct_permanente,permanente,0.9,0.09999999999999998,True,10,51,8,8919861.450124936,0.0987547960816023,0.11507219321550544,0.11871578997638524,0.010610014338375766
choque_10pct_permanente,permanente,0.9,0.09999999999999998,True,10,51,9,8813243.886521503,0.11351942386087262,0.12458136401329889,0.13914733251101888,0.010067370747795594
choque_10pct_permanente,permanente,0.9,0.09999999999999998,True,10,51,10,8542783.913642803,0.13424949306427122,0.11990720108278508,0.16370855484555388,-0.00045093781823885216
choque_10pct_permanente,permanente,0.9,0.09999999999999998,True,10,51,11,8415003.802491639,0.14187098664844425,0.10264424810114425,0.17854582166372437,-0.017802311683121685
choque_10pct_permanente,permanente,0.9,0.09999999999999998,True,10,51,12,8385382.769771852,0.1433916636596873,0.08019423101456691,0.1814398265637001,-0.02856152121581425
choque_10pct_permanente,permanente,0.9,0.09999999999999998,True,10,51,13,8544372.605811508,0.13206196347228774,0.0588562987797443,0.1748797434624831,-0.03641344568073807
choque_10pct_permanente,permanente,0.9,0.09999999999999998,True,10,51,14,8987263.023703678,0.11176796207385652,0.044633544313113394,0.15686519537751778,-0.035394802050786864
choque_10pct_permanente,permanente,0.9,0.09999999999999998,True,10,51,15,9482586.328199448,0.08474677362976285,0.04195393113140189,0.1381620604210101,-0.0286913202244609
choque_10pct_permanente,permanente,0.9,0.09999999999999998,True,10,51,16,10000143.002559466,0.061821804609181935,0.05846540981511428,0.12169766018351513,-0.022013672276325516
choque_10pct_permanente,permanente,0.9,0.09999999999999998,True,10,51,17,10343260.449356668,0.05142401691089922,0.09922138266246305,0.11361605723473386,-0.012101827979978767
choque_10pct_permanente,permanente,0.9,0.09999999999999998,True,10,51,18,10570970.42007761,0.0545509571892857,0.1568840794137809,0.11942748315253923,0.0009022605338551281
choque_10pct_permanente,permanente,0.9,0.09999999999999998,True,10,51,19,10693287.66584619,0.06774694783092074,0.2055866152195147,0.1431571859780645,0.007043397677308059
choque_10pct_permanente,permanente,0.9,0.09999999999999998,True,10,51,20,10703193.539893739,0.0780904005961969,0.2307018072669833,0.1669604180958755,0.004665109443406741
choque_10pct_permanente,permanente,0.9,0.09999999999999998,True,10,51,21,10534059.274707705,0.08396838716965056,0.23444854592328457,0.17951615031867155,-0.005407733498698781
choque_10pct_permanente,permanente,0.9,0.09999999999999998,True,10,51,22,10462095.071880532,0.0819374372721046,0.22140998583694693,0.18672584233247394,-0.018331550905621764
choque_10pct_permanente,permanente,0.9,0.09999999999999998,True,10,51,23,10269031.413779464,0.0891929949767864,0.20537435367127,0.19413206212390333,-0.030339867437692
choque_10pct_permanente,permanente,0.9,0.09999999999999998,True,10,51,24,10342181.816674355,0.08674427170427988,0.1802542803592566,0.20110892381227186,-0.04424311921855163
choque_10pct_permanente,permanente,0.9,0.09999999999999998,True,10,51,25,10495554.292050248,0.07603065129616121,0.16293356255399116,0.19319629450732978,-0.04856695621428813
choque_10pct_permanente,permanente,0.9,0.09999999999999998,True,11,52,0,7609597.0,0.138,0.03,0.12063832026847152,0.010583740505574736
choque_10pct_permanente,permanente,0.9,0.09999999999999998,True,11,52,1,7652724.38733265,0.14039181650999813,0.030000000000000027,0.11859183719691781,0.007984885903803248
choque_10pct_permanente,permanente,0.9,0.09999999999999998,True,11,52,2,7794150.70035044,0.13522708141572493,0.024181342948803586,0.12055946615055155,0.004474582070652111
choque_10pct_permanente,permanente,0.9,0.09999999999999998,True,11,52,3,8045408.101835962,0.125016729793005,0.02685070248142485,0.11179698091246432,0.006333034331458802
choque_10pct_permanente,permanente,0.9,0.09999999999999998,True,11,52,4,8421298.268562252,0.10971390983816728,0.030149964508237037,0.10454853378646511,0.004937923117649243
choque_10pct_permanente,permanente,0.9,0.09999999999999998,True,11,52,5,8634508.613382742,0.09580934251737203,0.04561854921416453,0.09800481053074311,0.011735024277963912
choque_10pct_permanente,permanente,0.9,0.09999999999999998,True,11,52,6,8707339.023166995,0.0939661071594922,0.0660295807190765,0.1013638675237465,0.01264617323092607
choque_10pct_permanente,permanente,0.9,0.09999999999999998,True,11,52,7,8754028.140403861,0.1008904815648509,0.0886392193383585,0.11250748070752302,0.011470235706059671
choque_10pct_permanente,permanente,0.9,0.09999999999999998,True,11,52,8,8706931.558114056,0.11463287515316989,0.10171677082664776,0.13099339328749293,0.0045109765922967905
choque_10pct_permanente,permanente,0.9,0.09999999999999998,True,11,52,9,8589279.831626767,0.1267106679626384,0.10437033427918996,0.148819694083875,3.5141614489009374e-05
choque_10pct_permanente,permanente,0.9,0.09999999999999998,True,11,52,10,8536732.548039073,0.13134668604414917,0.09554738746070535,0.16051904822238477,-0.008937359676105447
choque_10pct_permanente,permanente,0.9,0.09999999999999998,True,11,52,11,8477208.96729872,0.13600999782768364,0.0829623909041719,0.1678817038172424,-0.017678535208134904
choque_10pct_permanente,permanente,0.9,0.09999999999999998,True,11,52,12,8504502.932975078,0.13641560022390295,0.06696340292257341,0.171516437524305,-0.025229946543096446
choque_10pct_permanente,permanente,0.9,0.09999999999999998,True,11,52,13,8717087.338259272,0.12353148704525149,0.05319131577434533,0.16406371529157887,-0.029315276526817684
choque_10pct_permanente,permanente,0.9,0.09999999999999998,True,11,52,14,9145356.28943583,0.10210747562657384,0.046130546267270534,0.14807249357428537,-0.029208724705932814
choque_10pct_permanente,permanente,0.9,0.09999999999999998,True,11,52,15,9652057.604857806,0.07788604023917076,0.05237204205338375,0.13146161596291808,-0.022864440398004043
choque_10pct_permanente,permanente,0.9,0.09999999999999998,True,11,52,16,9932942.760049207,0.06230400170293108,0.07640492506669494,0.12126623865601054,-0.017044412726970246
choque_10pct_permanente,permanente,0.9,0.09999999999999998,True,11,52,17,10362405.665089553,0.05467030762541266,0.1175034453945385,0.117655300302033,-0.009521180774004871
choque_10pct_permanente,permanente,0.9,0.09999999999999998,True,11,52,18,10548838.8799959,0.05656733369489164,0.16966725403606708,0.12500069739222583,-0.0003501178311983608
choque_10pct_permanente,permanente,0.9,0.09999999999999998,True,11,52,19,10648412.584861437,0.06903097880055382,0.21257832561006107,0.14473247111107404,0.0038516530623733812
choque_10pct_permanente,permanente,0.9,0.09999999999999998,True,11,52,20,10600708.968538612,0.07975024485340232,0.2302350013317631,0.16909132118640108,0.0023008657762890955
choque_10pct_permanente,permanente,0.9,0.09999999999999998,True,11,52,21,10564430.193890134,0.08065043881845571,0.2277851453022719,0.1798617682835975,-0.005044727392033168
choque_10pct_permanente,permanente,0.9,0.09999999999999998,True,11,52,22,10269853.138799414,0.09155659763831822,0.21523758601399146,0.19267898316000767,-0.018676173442236096
choque_10pct_permanente,permanente,0.9,0.09999999999999998,True,11,52,23,10148390.756841982,0.10102856630252442,0.19009694132754906,0.20887986795059685,-0.03651474443816088
choque_10pct_permanente,permanente,0.9,0.09999999999999998,True,11,52,24,10082334.229007728,0.10052228355684288,0.16202223152505746,0.2124301161245085,-0.05196668533365085
choque_10pct_permanente,permanente,0.9,0.09999999999999998,True,11,52,25,10360329.900570637,0.08226326247948887,0.13596340903022397,0.19943096091980567,-0.058654531660372315
choque_10pct_permanente,permanente,0.9,0.09999999999999998,True,12,53,0,7609597.0,0.138,0.03,0.12063832026847152,0.010583740505574736
choque_10pct_permanente,permanente,0.9,0.09999999999999998,True,12,53,1,7652724.38733265,0.14039181650999813,0.030000000000000027,0.11859183719691781,0.007984885903803248
choque_10pct_permanente,permanente,0.9,0.09999999999999998,True,12,53,2,7810046.971376143,0.13522708141572493,0.024171673884584965,0.12046543237799465,0.0018144858104566254
choque_10pct_permanente,permanente,0.9,0.09999999999999998,True,12,53,3,8087844.994179144,0.12398966059012682,0.026889909704855164,0.11135094701790316,0.0014586061754799763
choque_10pct_permanente,permanente,0.9,0.09999999999999998,True,12,53,4,8395421.426605148,0.10672299870031342,0.03067375202996403,0.10237724749614502,0.006233183318655189
choque_10pct_permanente,permanente,0.9,0.09999999999999998,True,12,53,5,8741146.601660179,0.09006717058332163,0.04890804552080397,0.09221118908024771,0.014694416571773103
choque_10pct_permanente,permanente,0.9,0.09999999999999998,True,12,53,6,8803497.166021736,0.08497358610096349,0.07194141009200772,0.0948016789813386,0.012638110106030668
choque_10pct_permanente,permanente,0.9,0.09999999999999998,True,12,53,7,8865197.984976098,0.0950320484692217,0.10034502329930772,0.10586308102783294,0.013809597483603107
choque_10pct_permanente,permanente,0.9,0.09999999999999998,True,12,53,8,8803353.362192957,0.10972045459083153,0.11499762346458287,0.12928327564934325,0.012710141445894793
choque_10pct_permanente,permanente,0.9,0.09999999999999998,True,12,53,9,8616385.210477166,0.12712919098197673,0.11937710707402105,0.15080738312391953,0.0037376551491923723
choque_10pct_permanente,permanente,0.9,0.09999999999999998,True,12,53,10,8428989.858280893,0.14026887916802153,0.10704701471661249,0.17050928434883236,-0.007737789250641511
choque_10pct_permanente,permanente,0.9,0.09999999999999998,True,12,53,11,8292786.986655478,0.14832720100330826,0.0884736471801637,0.18148520826932749,-0.02171767187216886
choque_10pct_permanente,permanente,0.9,0.09999999999999998,True,12,53,12,8319901.038686206,0.1475212595773455,0.06557012533424333,0.18223484161419756,-0.0325915349066677
choque_10pct_permanente,permanente,0.9,0.09999999999999998,True,12,53,13,8649674.69038418,0.12941854234059652,0.04563098624205164,0.16772751291505544,-0.0360439465587148
choque_10pct_permanente,permanente,0.9,0.09999999999999998,True,12,53,14,9142201.243861334,0.10137851175816777,0.03499081973893303,0.1470374331580139,-0.03204722167872423
choque_10pct_permanente,permanente,0.9,0.09999999999999998,True,12,53,15,9705230.31001385,0.07260525960872759,0.041109997055319925,0.12615533038205656,-0.025889592281859896
choque_10pct_permanente,permanente,0.9,0.09999999999999998,True,12,53,16,10058173.488756092,0.05888121977733711,0.07030152348660934,0.11437457547342146,-0.020105141824608135
choque_10pct_permanente,permanente,0.9,0.09999999999999998,True,12,53,17,10372095.770264164,0.053867702784852284,0.1175946503584564,0.1144927267774967,-0.007990967237357559
choque_10pct_permanente,permanente,0.9,0.09999999999999998,True,12,53,18,10604785.890490087,0.05668119194963153,0.1728915939390565,0.12383216415144212,0.003368942524171272
choque_10pct_permanente,permanente,0.9,0.09999999999999998,True,12,53,19,10741482.138702964,0.06452792768016433,0.21699691657166542,0.1427326233283089,0.007397631028500898
choque_10pct_permanente,permanente,0.9,0.09999999999999998,True,12,53,20,10714147.764635215,0.07637475233169251,0.239749295922409,0.16425959511660831,0.0057269124349240115
choque_10pct_permanente,permanente,0.9,0.09999999999999998,True,12,53,21,10449106.392219145,0.09057972778818069,0.23909724861679815,0.1878683128042589,-0.0075338153104190795
choque_10pct_permanente,permanente,0.9,0.09999999999999998,True,12,53,22,10168764.401311696,0.10296886813982835,0.21887246511831804,0.20539971314702155,-0.02397737903847365
choque_10pct_permanente,permanente,0.9,0.09999999999999998,True,12,53,23,10041008.692588009,0.10295011282320002,0.18689752157606687,0.21208685405874983,-0.04332841421249595
choque_10pct_permanente,permanente,0.9,0.09999999999999998,True,12,53,24,10015958.733354026,0.09814865634472641,0.15480566848483157,0.20851564213709395,-0.05500651766225539
choque_10pct_permanente,permanente,0.9,0.09999999999999998,True,12,53,25,10490845.544419682,0.07321173275486768,0.12873417513817453,0.19106745748123383,-0.05962360937550853
choque_10pct_permanente,permanente,0.9,0.09999999999999998,True,13,54,0,7609597.0,0.138,0.03,0.12063832026847152,0.010583740505574736
choque_10pct_permanente,permanente,0.9,0.09999999999999998,True,13,54,1,7652724.38733265,0.14039181650999813,0.030000000000000027,0.11859183719691781,0.007984885903803248
choque_10pct_permanente,permanente,0.9,0.09999999999999998,True,13,54,2,7807882.025855416,0.1352284517914167,0.024191249950330507,0.12042664381191594,0.00693153572118296
choque_10pct_permanente,permanente,0.9,0.09999999999999998,True,13,54,3,8010822.675969156,0.12609412635990758,0.02682132259231884,0.11362985002848908,0.003909160612021878
choque_10pct_permanente,permanente,0.9,0.09999999999999998,True,13,54,4,8353037.674028627,0.1122005496088554,0.029735017778547812,0.10600443750644371,0.00784903943743556
choque_10pct_permanente,permanente,0.9,0.09999999999999998,True,13,54,5,8590351.446297733,0.09646908917494514,0.04391190465967143,0.09920166153663645,0.008758443397811403
choque_10pct_permanente,permanente,0.9,0.09999999999999998,True,13,54,6,8770793.681224048,0.09067148670273795,0.06352482919831748,0.09810320865442612,0.012334977902709935
choque_10pct_permanente,permanente,0.9,0.09999999999999998,True,13,54,7,8901095.350990398,0.09072745742473685,0.08925776318144019,0.10410590299902406,0.010311680854289216
choque_10pct_permanente,permanente,0.9,0.09999999999999998,True,13,54,8,8868237.190852886,0.10065594703047893,0.10958428200225412,0.11799343288251327,0.012593272267055824
choque_10pct_permanente,permanente,0.9,0.09999999999999998,True,13,54,9,8811196.832906397,0.10977935833140125,0.11967852158273984,0.1367165535011367,0.006541148710268179
choque_10pct_permanente,permanente,0.9,0.09999999999999998,True,13,54,10,8646817.8485164,0.12601085006148297,0.11852337451246941,0.15563961759545394,-0.004189364541749343
choque_10pct_permanente,permanente,0.9,0.09999999999999998,True,13,54,11,8467883.525447667,0.1396181509107265,0.10430556081149556,0.17446894464982,-0.01318542070355621
choque_10pct_permanente,permanente,0.9,0.09999999999999998,True,13,54,12,8459967.641144156,0.1405301684844391,0.08343068307237167,0.18016337068000035,-0.022992416714610543
choque_10pct_permanente,permanente,0.9,0.09999999999999998,True,13,54,13,8592604.325025605,0.13155731465889695,0.06222647648134094,0.17509881603894462,-0.03269685621736402
choque_10pct_permanente,permanente,0.9,0.09999999999999998,True,13,54,14,8895963.249770703,0.11434674091065873,0.047948629221823635,0.16135420567832934,-0.035159871477545505
choque_10pct_permanente,permanente,0.9,0.09999999999999998,True,13,54,15,9454337.825810052,0.08702299647131904,0.04456584061018409,0.1411588410791639,-0.030820058842183785
choque_10pct_permanente,permanente,0.9,0.09999999999999998,True,13,54,16,9998161.694903474,0.060396157837420056,0.06087236596953893,0.12179180155797646,-0.022822743236958154
choque_10pct_permanente,permanente,0.9,0.09999999999999998,True,13,54,17,10352760.370585037,0.050091170103306146,0.10314107298274666,0.11105028428283455,-0.00877967013063337
choque_10pct_permanente,permanente,0.9,0.09999999999999998,True,13,54,18,10518393.843461469,0.05792199137512486,0.16126258523445225,0.12037013702275265,0.0013958888825863947
choque_10pct_permanente,permanente,0.9,0.09999999999999998,True,13,54,19,10625897.10474539,0.06874047297150944,0.20526257645819013,0.14796681589355692,0.004951859280271664
choque_10pct_permanente,permanente,0.9,0.09999999999999998,True,13,54,20,10691366.689655684,0.07187048092795703,0.22850780954124295,0.16276839712032246,0.004090704752595841
choque_10pct_permanente,permanente,0.9,0.09999999999999998,True,13,54,21,10563424.951010965,0.0774931520314828,0.23529327382755905,0.17363342602697177,-0.004426707963521196
choque_10pct_permanente,permanente,0.9,0.09999999999999998,True,13,54,22,10376124.02296909,0.08937024423258859,0.22605110454279598,0.19077731499344144,-0.01773756634810071
choque_10pct_permanente,permanente,0.9,0.09999999999999998,True,13,54,23,10281152.277094273,0.09279160710702838,0.20351803945368374,0.2029864525044743,-0.03164599514718105
choque_10pct_permanente,permanente,0.9,0.09999999999999998,True,13,54,24,10244436.682116369,0.09060261264429875,0.17820636177549853,0.2030323088002963,-0.0456231500368437
choque_10pct_permanente,permanente,0.9,0.09999999999999998,True,13,54,25,10556439.841512194,0.0752269318332543,0.15513678645563456,0.19201371923469893,-0.04785064342754388
choque_10pct_permanente,permanente,0.9,0.09999999999999998,True,14,55,0,7609597.0,0.138,0.03,0.12063832026847152,0.010583740505574736
choque_10pct_permanente,permanente,0.9,0.09999999999999998,True,14,55,1,7652724.38733265,0.14039181650999813,0.030000000000000027,0.11859183719691781,0.007984885903803248
choque_10pct_permanente,permanente,0.9,0.09999999999999998,True,14,55,2,7803747.8971590325,0.13522708141572493,0.024175498106025595,0.120415382402965,0.0032971674482037134
choque_10pct_permanente,permanente,0.9,0.09999999999999998,True,14,55,3,8074617.987863225,0.12423025497525701,0.02688704207308823,0.11150621873013597,0.003946045070084616
choque_10pct_permanente,permanente,0.9,0.09999999999999998,True,14,55,4,8376568.068342616,0.10717627813955055,0.030506877646086616,0.10282315139671222,0.005642319273890538
choque_10pct_permanente,permanente,0.9,0.09999999999999998,True,14,55,5,8712029.91911298,0.08961025597610527,0.04803086093133313,0.09251188481979283,0.011799778647183238
choque_10pct_permanente,permanente,0.9,0.09999999999999998,True,14,55,6,8881200.656821182,0.08197609535478984,0.07212944844095404,0.0917571844567764,0.01578435211754382
choque_10pct_permanente,permanente,0.9,0.09999999999999998,True,14,55,7,8921861.409715358,0.09120832452837055,0.10328430836970481,0.10189294801963762,0.017817544454116315
choque_10pct_permanente,permanente,0.9,0.09999999999999998,True,14,55,8,8800474.542638766,0.10869864708895666,0.1204235967844427,0.12817673994160717,0.013735501683935681
choque_10pct_permanente,permanente,0.9,0.09999999999999998,True,14,55,9,8690132.420300301,0.12562294962932735,0.12439325156667258,0.1494323192048342,0.010195759505083692
choque_10pct_permanente,permanente,0.9,0.09999999999999998,True,14,55,10,8432314.184407523,0.14092045490224023,0.11334987029268828,0.17031096798683254,-0.005323587243949134
choque_10pct_permanente,permanente,0.9,0.09999999999999998,True,14,55,11,8281855.58030725,0.14926645637064564,0.0933666440865335,0.18252082465036942,-0.02052452797277875
choque_10pct_permanente,permanente,0.9,0.09999999999999998,True,14,55,12,8267565.052676914,0.15019795785487805,0.06861087611777861,0.18652524990026015,-0.03445397870445353
choque_10pct_permanente,permanente,0.9,0.09999999999999998,True,14,55,13,8412760.004656572,0.14287131831643943,0.045476066943153315,0.1804852352053964,-0.04150921019648777
choque_10pct_permanente,permanente,0.9,0.09999999999999998,True,14,55,14,8965644.98828161,0.11918101086266851,0.029017114791541232,0.16109649299109144,-0.043849753081368466
choque_10pct_permanente,permanente,0.9,0.09999999999999998,True,14,55,15,9421891.16240327,0.09065654069530564,0.02548119823678463,0.14096223040478922,-0.0335890430735159
choque_10pct_permanente,permanente,0.9,0.09999999999999998,True,14,55,16,9884982.712356793,0.06855451349390076,0.0412278569086002,0.12536748051421648,-0.024247897728949877
choque_10pct_permanente,permanente,0.9,0.09999999999999998,True,14,55,17,10165519.872296927,0.05786604666273681,0.07865784973178047,0.118464260383817,-0.014906300864310747
choque_10pct_permanente,permanente,0.9,0.09999999999999998,True,14,55,18,10502076.706111666,0.05713788226293751,0.12961880092109057,0.12198794437873678,-0.0062901151371204805
choque_10pct_permanente,permanente,0.9,0.09999999999999998,True,14,55,19,10750551.79163241,0.06018923316694994,0.17955480303629168,0.1352829962791764,0.0028371867335196593
choque_10pct_permanente,permanente,0.9,0.09999999999999998,True,14,55,20,10894745.508043088,0.061849259230234134,0.21940953373412309,0.14826439739499897,0.005661806560366205
choque_10pct_permanente,permanente,0.9,0.09999999999999998,True,14,55,21,10970950.145942453,0.06375692215761865,0.2445534284554871,0.1582974895279529,0.0047253620282864455
choque_10pct_permanente,permanente,0.9,0.09999999999999998,True,14,55,22,10806346.290617464,0.07326345919879368,0.25543334323378386,0.1751090416749188,-0.003953020187297775
choque_10pct_permanente,permanente,0.9,0.09999999999999998,True,14,55,23,10649751.09347621,0.08547150580443597,0.24663133397706627,0.19505535016226094,-0.01492372628061625
choque_10pct_permanente,permanente,0.9,0.09999999999999998,True,14,55,24,10449475.55361998,0.08866732188627074,0.22406516639075136,0.2072354218032579,-0.031175139015324746
choque_10pct_permanente,permanente,0.9,0.09999999999999998,True,14,55,25,10496708.7700834,0.08283823758427412,0.1973192802275916,0.2033311472728334,-0.04504566615952723
choque_10pct_permanente,permanente,0.9,0.09999999999999998,True,15,56,0,7609597.0,0.138,0.03,0.12063832026847152,0.010583740505574736
choque_10pct_permanente,permanente,0.9,0.09999999999999998,True,15,56,1,7652724.38733265,0.14039181650999813,0.030000000000000027,0.11859183719691781,0.007984885903803248
choque_10pct_permanente,permanente,0.9,0.09999999999999998,True,15,56,2,7803739.127105768,0.13522708141572493,0.024178098798171233,0.12051654365317306,0.0031981574481878784
choque_10pct_permanente,permanente,0.9,0.09999999999999998,True,15,56,3,8065391.775771203,0.12431866702072024,0.026870259070886693,0.1111530460226252,0.007187670970995964
choque_10pct_permanente,permanente,0.9,0.09999999999999998,True,15,56,4,8387501.122808974,0.10714595804044674,0.03046905717065429,0.10368308254123614,0.006782423317646223
choque_10pct_permanente,permanente,0.9,0.09999999999999998,True,15,56,5,8621526.57890215,0.09430521025055745,0.047571141921644244,0.09582415266878438,0.009328278181957748
choque_10pct_permanente,permanente,0.9,0.09999999999999998,True,15,56,6,8822574.929348312,0.08895486179202818,0.06827549741528638,0.09693933316833031,0.014380322135366354
choque_10pct_permanente,permanente,0.9,0.09999999999999998,True,15,56,7,8872758.158739269,0.09208291375668926,0.09486399095684561,0.10569446242967447,0.014175201656160506
choque_10pct_permanente,permanente,0.9,0.09999999999999998,True,15,56,8,8755432.319351805,0.10887347897699805,0.11299361649879125,0.1263863832724119,0.01052827365381424
choque_10pct_permanente,permanente,0.9,0.09999999999999998,True,15,56,9,8646714.52600993,0.12400166978988517,0.1175058808627194,0.14860971804673626,0.0035490559623617
choque_10pct_permanente,permanente,0.9,0.09999999999999998,True,15,56,10,8478283.84002934,0.13662196332138374,0.1090168726551286,0.16488514807549595,-0.006688625916570311
choque_10pct_permanente,permanente,0.9,0.09999999999999998,True,15,56,11,8397468.068120146,0.1395006890051393,0.09091513908665805,0.1747689363985659,-0.018838232619798532
choque_10pct_permanente,permanente,0.9,0.09999999999999998,True,15,56,12,8482780.188920015,0.13694400480154414,0.0714584092739512,0.1736651767609556,-0.02914362789075006
choque_10pct_permanente,permanente,0.9,0.09999999999999998,True,15,56,13,8668456.79852845,0.1260088955853879,0.053225424580145564,0.16662010443684802,-0.031117799312561773
choque_10pct_permanente,permanente,0.9,0.09999999999999998,True,15,56,14,9184005.265995149,0.09928102710332692,0.04228312655227495,0.14865512953264043,-0.031952254368460484
choque_10pct_permanente,permanente,0.9,0.09999999999999998,True,15,56,15,9621480.114146901,0.07755340359176834,0.04822226158224274,0.13064840739944686,-0.02523853698286437
choque_10pct_permanente,permanente,0.9,0.09999999999999998,True,15,56,16,10062212.244463462,0.05906131658790815,0.07241692589318105,0.11957770997974952,-0.01814815244628593
choque_10pct_permanente,permanente,0.9,0.09999999999999998,True,15,56,17,10383857.31014062,0.05377058123875521,0.11929305118403533,0.11387331337300696,-0.006954612551743543
choque_10pct_permanente,permanente,0.9,0.09999999999999998,True,15,56,18,10536743.466850864,0.060841946474597626,0.17165793767401238,0.12744558505414855,0.002004022728232023
choque_10pct_permanente,permanente,0.9,0.09999999999999998,True,15,56,19,10637932.592953268,0.07080550244297396,0.21064512468543795,0.15042523096262106,0.0051077824370073825
choque_10pct_permanente,permanente,0.9,0.09999999999999998,True,15,56,20,10577129.79271725,0.07779652716219913,0.22809444005085178,0.16854242617293255,-5.446760489006141e-05
choque_10pct_permanente,permanente,0.9,0.09999999999999998,True,15,56,21,10383506.543390451,0.08737062057625981,0.2271404277985991,0.18317859087841773,-0.007589448909383287
choque_10pct_permanente,permanente,0.9,0.09999999999999998,True,15,56,22,10232811.672782868,0.0924131920213632,0.21010850155901872,0.1965552281294587,-0.02262326001251207
choque_10pct_permanente,permanente,0.9,0.09999999999999998,True,15,56,23,10208358.126843607,0.0898755666168462,0.18669912550979317,0.19907974498772008,-0.03569749086635841
choque_10pct_permanente,permanente,0.9,0.09999999999999998,True,15,56,24,10266502.97898778,0.08380922564325596,0.1648627467819601,0.1964490650394301,-0.04573213546713926
choque_10pct_permanente,permanente,0.9,0.09999999999999998,True,15,56,25,10650452.359955452,0.06778114152541409,0.1493054596408807,0.18520508032202831,-0.05036683121351124
choque_10pct_permanente,permanente,0.9,0.09999999999999998,True,16,57,0,7609597.0,0.138,0.03,0.12063832026847152,0.010583740505574736
choque_10pct_permanente,permanente,0.9,0.09999999999999998,True,16,57,1,7652724.38733265,0.14039181650999813,0.030000000000000027,0.11859183719691781,0.007984885903803248
choque_10pct_permanente,permanente,0.9,0.09999999999999998,True,16,57,2,7798149.185335477,0.13522708141572493,0.02417888502677079,0.12050270894061646,0.0034953853031676287
choque_10pct_permanente,permanente,0.9,0.09999999999999998,True,16,57,3,8058476.3955916595,0.12462896071866911,0.02686294330919381,0.11165030530206593,0.004615175905555728
choque_10pct_permanente,permanente,0.9,0.09999999999999998,True,16,57,4,8385237.313331587,0.10741247831602448,0.030342160743449753,0.10345300497362986,0.009326952688435478
choque_10pct_permanente,permanente,0.9,0.09999999999999998,True,16,57,5,8643916.440802315,0.09272716010106417,0.046459857543921235,0.09594446225583195,0.014363909920175914
choque_10pct_permanente,permanente,0.9,0.09999999999999998,True,16,57,6,8782093.843994437,0.09037683763086311,0.06896317987267553,0.09799257669736439,0.015851296708004312
choque_10pct_permanente,permanente,0.9,0.09999999999999998,True,16,57,7,8803995.37827707,0.09928385282057768,0.09273137653395724,0.11075117660771047,0.012114396399486955
choque_10pct_permanente,permanente,0.9,0.09999999999999998,True,16,57,8,8785351.666564897,0.10925300167832872,0.10740518231947727,0.12780337497570973,0.010905979577283415
choque_10pct_permanente,permanente,0.9,0.09999999999999998,True,16,57,9,8737926.456172263,0.1162955386442876,0.11164075678371765,0.1424404669122244,0.005107560775388696
choque_10pct_permanente,permanente,0.9,0.09999999999999998,True,16,57,10,8583266.367631042,0.1288939886016185,0.10751615258788028,0.15793741743584502,-0.0065145173725362285
choque_10pct_permanente,permanente,0.9,0.09999999999999998,True,16,57,11,8455816.325476507,0.1386993102699621,0.09371013075269596,0.17237455421624095,-0.016803890543279503
choque_10pct_permanente,permanente,0.9,0.09999999999999998,True,16,57,12,8456654.922143858,0.1382616917202606,0.07669085146096677,0.17588330039788133,-0.026873371795677368
choque_10pct_permanente,permanente,0.9,0.09999999999999998,True,16,57,13,8636974.421425391,0.12960049979746555,0.0582936436817032,0.17028432015267667,-0.03466292438947186
choque_10pct_permanente,permanente,0.9,0.09999999999999998,True,16,57,14,8959603.900638545,0.11183014976804267,0.04704769527395247,0.1571852275537635,-0.034449963861399924
choque_10pct_permanente,permanente,0.9,0.09999999999999998,True,16,57,15,9602776.792286504,0.08192430713609326,0.04513371334538441,0.13619552552696554,-0.027926876107606222
choque_10pct_permanente,permanente,0.9,0.09999999999999998,True,16,57,16,10012892.806603974,0.06001480146424716,0.06573157349762448,0.11972490614154495,-0.01885994536794696
choque_10pct_permanente,permanente,0.9,0.09999999999999998,True,16,57,17,10292298.350427061,0.053271969623820456,0.10801599661609695,0.11462688002653072,-0.010699704703265013
choque_10pct_permanente,permanente,0.9,0.09999999999999998,True,16,57,18,10491548.517377147,0.05966093517203353,0.16209756669250042,0.12535202652635927,0.0002014367247569218
choque_10pct_permanente,permanente,0.9,0.09999999999999998,True,16,57,19,10618613.742085978,0.06791830095431535,0.2033610718505232,0.14761333978884986,0.0056764101728414154
choque_10pct_permanente,permanente,0.9,0.09999999999999998,True,16,57,20,10705929.424582418,0.07188266935889737,0.22670526450919581,0.16131782930678362,0.003727165847606081
choque_10pct_permanente,permanente,0.9,0.09999999999999998,True,16,57,21,10521292.213636052,0.08097648993059403,0.23323025396084973,0.17641683188323037,-0.007441387019214893
choque_10pct_permanente,permanente,0.9,0.09999999999999998,True,16,57,22,10330118.534625756,0.09319663768787308,0.22105808768162594,0.19493712864026294,-0.01735617187874851
choque_10pct_permanente,permanente,0.9,0.09999999999999998,True,16,57,23,10198080.810534343,0.09546679437964659,0.19750507743892776,0.2060255365070532,-0.03573357979307561
choque_10pct_permanente,permanente,0.9,0.09999999999999998,True,16,57,24,10220885.407580206,0.09190657506977722,0.1704090620393648,0.20321272937755547,-0.04635582281473541
choque_10pct_permanente,permanente,0.9,0.09999999999999998,True,16,57,25,10486900.05392141,0.075023354788762,0.14819697032295798,0.1929012678091411,-0.053466902339205126
choque_10pct_permanente,permanente,0.9,0.09999999999999998,True,17,58,0,7609597.0,0.138,0.03,0.12063832026847152,0.010583740505574736
choque_10pct_permanente,permanente,0.9,0.09999999999999998,True,17,58,1,7652724.38733265,0.14039181650999813,0.030000000000000027,0.11859183719691781,0.007984885903803248
choque_10pct_permanente,permanente,0.9,0.09999999999999998,True,17,58,2,7802161.346453733,0.13522791937893172,0.024174926556558063,0.12037381947310465,0.0028043715900083316
choque_10pct_permanente,permanente,0.9,0.09999999999999998,True,17,58,3,8059652.985903531,0.12473132222678276,0.026858027179900823,0.11102645403276418,0.005185265446354202
choque_10pct_permanente,permanente,0.9,0.09999999999999998,True,17,58,4,8453070.564015096,0.10693851959265516,0.030329238507252443,0.10211269007592062,0.00914744216823397
choque_10pct_permanente,permanente,0.9,0.09999999999999998,True,17,58,5,8627105.598149477,0.09169795926741263,0.04843574027051667,0.09485728985029503,0.014374411993917383
choque_10pct_permanente,permanente,0.9,0.09999999999999998,True,17,58,6,8768250.74043327,0.09053714631331623,0.07062892433665913,0.09763792267735799,0.01385742254405995
choque_10pct_permanente,permanente,0.9,0.09999999999999998,True,17,58,7,8787430.66746479,0.10001080549827188,0.09505727833370448,0.11094628567040764,0.013083467706531545
choque_10pct_permanente,permanente,0.9,0.09999999999999998,True,17,58,8,8720361.521387901,0.11324258303510604,0.10790734141501157,0.131620110320002,0.004931671380458317
choque_10pct_permanente,permanente,0.9,0.09999999999999998,True,17,58,9,8574916.002962887,0.12608534751526287,0.10988381855461848,0.14934613963040147,-0.002517210859151941
choque_10pct_permanente,permanente,0.9,0.09999999999999998,True,17,58,10,8592417.068156987,0.1273565303900401,0.09937425787105236,0.1584528976880804,-0.008709486415785667
choque_10pct_permanente,permanente,0.9,0.09999999999999998,True,17,58,11,8563070.784094166,0.1288869881475792,0.08742587186299566,0.16226639089316527,-0.018044202295007805
choque_10pct_permanente,permanente,0.9,0.09999999999999998,True,17,58,12,8635938.229984166,0.12486800495318426,0.07226678035004763,0.16397362685880443,-0.026628489512630214
choque_10pct_permanente,permanente,0.9,0.09999999999999998,True,17,58,13,8883250.367562424,0.11259798877104192,0.061482672998997456,0.15611736283884445,-0.027560148567815152
choque_10pct_permanente,permanente,0.9,0.09999999999999998,True,17,58,14,9228200.743060954,0.09532584447152097,0.05756301517407714,0.14468225471229576,-0.025958745472698764
choque_10pct_permanente,permanente,0.9,0.09999999999999998,True,17,58,15,9616081.348452326,0.07627359014593481,0.06643869568861671,0.1318287732067314,-0.021587143051177874
choque_10pct_permanente,permanente,0.9,0.09999999999999998,True,17,58,16,10036726.195764929,0.06139570414140385,0.09073523091148616,0.12111805410978468,-0.01125248445865668
choque_10pct_permanente,permanente,0.9,0.09999999999999998,True,17,58,17,10349286.480193192,0.054790277721989925,0.13130149778768052,0.11922444801301083,-0.007163412675073746
choque_10pct_permanente,permanente,0.9,0.09999999999999998,True,17,58,18,10529710.05278218,0.06029968178401735,0.1790202612581855,0.12828523891322846,0.0036082397216986944
choque_10pct_permanente,permanente,0.9,0.09999999999999998,True,17,58,19,10569558.219871262,0.06915992320536109,0.213323437637706,0.15094920367322107,0.005291726279920077
choque_10pct_permanente,permanente,0.9,0.09999999999999998,True,17,58,20,10555855.30418556,0.07659629169578339,0.2295172996698085,0.1675586343180858,0.0019444491964125898
choque_10pct_permanente,permanente,0.9,0.09999999999999998,True,17,58,21,10355015.050858049,0.08703057990422002,0.227350544820772,0.18469877368889545,-0.011629189340817992
choque_10pct_permanente,permanente,0.9,0.09999999999999998,True,17,58,22,10174383.562780082,0.0988926617314711,0.20996727369610801,0.20018927970486375,-0.027243600838882696
choque_10pct_permanente,permanente,0.9,0.09999999999999998,True,17,58,23,10077480.743763393,0.10004893105036214,0.18123036212761345,0.20697779455635648,-0.03882635893118523
choque_10pct_permanente,permanente,0.9,0.09999999999999998,True,17,58,24,10321075.699939383,0.08137187557033904,0.1529023362110251,0.1959654310508937,-0.05147444523004167
choque_10pct_permanente,permanente,0.9,0.09999999999999998,True,17,58,25,10782365.252995579,0.05772461297470709,0.13984443066483299,0.17430275191281694,-0.049443533666086656
choque_10pct_permanente,permanente,0.9,0.09999999999999998,True,18,59,0,7609597.0,0.138,0.03,0.12063832026847152,0.010583740505574736
choque_10pct_permanente,permanente,0.9,0.09999999999999998,True,18,59,1,7652724.38733265,0.14039181650999813,0.030000000000000027,0.11859183719691781,0.007984885903803248
choque_10pct_permanente,permanente,0.9,0.09999999999999998,True,18,59,2,7795331.867327983,0.13522708141572493,0.0241798548657024,0.12054274951344701,0.0039060437221932294
choque_10pct_permanente,permanente,0.9,0.09999999999999998,True,18,59,3,8076751.23502447,0.12376025350159268,0.026841265069014852,0.11144878433202092,0.005049452077611797
choque_10pct_permanente,permanente,0.9,0.09999999999999998,True,18,59,4,8398153.82331242,0.10856080677944041,0.030715111787881444,0.10452471034896345,0.010690508268069185
choque_10pct_permanente,permanente,0.9,0.09999999999999998,True,18,59,5,8532010.838049363,0.09813883498900267,0.047029726755870804,0.10006342475639439,0.01043048304127108
choque_10pct_permanente,permanente,0.9,0.09999999999999998,True,18,59,6,8700632.412377853,0.09531232159556198,0.06657291085944306,0.10147621432321016,0.009187514597018878
choque_10pct_permanente,permanente,0.9,0.09999999999999998,True,18,59,7,8850564.798972858,0.09518061742730181,0.08719106901751239,0.10776465338154434,0.012186748954011447
choque_10pct_permanente,permanente,0.9,0.09999999999999998,True,18,59,8,8841500.089827392,0.10128385544578329,0.10412672507082377,0.12074382647149676,0.009240809999404775
choque_10pct_permanente,permanente,0.9,0.09999999999999998,True,18,59,9,8763918.964149809,0.11336207181880625,0.11260889554904963,0.13805709038232222,0.004013219842970956
choque_10pct_permanente,permanente,0.9,0.09999999999999998,True,18,59,10,8635648.803760635,0.12625701372290782,0.11019858223177459,0.1559874644535303,-0.0017514499744997853
choque_10pct_permanente,permanente,0.9,0.09999999999999998,True,18,59,11,8547618.629860858,0.13360875092891505,0.09804283931961488,0.16900348291607736,-0.013536077293241381
choque_10pct_permanente,permanente,0.9,0.09999999999999998,True,18,59,12,8459364.301099544,0.1376004211759856,0.08221817540171128,0.17660178279263417,-0.024104016361131384
choque_10pct_permanente,permanente,0.9,0.09999999999999998,True,18,59,13,8571086.207100136,0.13227230267701112,0.0642660365787806,0.1746073108833772,-0.03455685356677528
choque_10pct_permanente,permanente,0.9,0.09999999999999998,True,18,59,14,8916518.599231368,0.11593722398734796,0.05130923785505215,0.16052149178644937,-0.034105733301588295
choque_10pct_permanente,permanente,0.9,0.09999999999999998,True,18,59,15,9559414.910281574,0.08441789729978572,0.04635560834585051,0.13927957641159278,-0.026855510212317385
choque_10pct_permanente,permanente,0.9,0.09999999999999998,True,18,59,16,9935574.729438225,0.0605494003420125,0.06345087539540972,0.12182130469824545,-0.020500674587280148
choque_10pct_permanente,permanente,0.9,0.09999999999999998,True,18,59,17,10300379.881164892,0.05285004358707846,0.10376511925141796,0.11386978144639216,-0.012218117625991145
choque_10pct_permanente,permanente,0.9,0.09999999999999998,True,18,59,18,10573395.35184867,0.05436156548869087,0.15815831150004023,0.1212121408186667,-0.0008866094395541197
choque_10pct_permanente,permanente,0.9,0.09999999999999998,True,18,59,19,10763445.520385822,0.060002878633900275,0.20769652318876353,0.1370528698582535,0.00668346594448536
choque_10pct_permanente,permanente,0.9,0.09999999999999998,True,18,59,20,10873986.649513686,0.06493402002482251,0.23961760122810238,0.15356798684530706,0.007861036006902978
choque_10pct_permanente,permanente,0.9,0.09999999999999998,True,18,59,21,10779287.173447432,0.07342186794513013,0.2532234422457349,0.1688789577714184,0.004455724870407262
choque_10pct_permanente,permanente,0.9,0.09999999999999998,True,18,59,22,10550024.27479569,0.08626969477136467,0.24716615102417316,0.18966872502869428,-0.01157104198725934
choque_10pct_permanente,permanente,0.9,0.09999999999999998,True,18,59,23,10280450.906586414,0.09826758165467879,0.2233428540228719,0.20788145173249742,-0.02758792537535404
choque_10pct_permanente,permanente,0.9,0.09999999999999998,True,18,59,24,10157031.650129585,0.09861865311460419,0.19124389937807806,0.21349734551942642,-0.04403091806411568
choque_10pct_permanente,permanente,0.9,0.09999999999999998,True,18,59,25,10304037.314736875,0.0851764278664001,0.16013904308417426,0.20402751405543892,-0.05519254589925476
choque_10pct_permanente,permanente,0.9,0.09999999999999998,True,19,60,0,7609597.0,0.138,0.03,0.12063832026847152,0.010583740505574736
choque_10pct_permanente,permanente,0.9,0.09999999999999998,True,19,60,1,7652724.38733265,0.14039181650999813,0.030000000000000027,0.11859183719691781,0.007984885903803248
choque_10pct_permanente,permanente,0.9,0.09999999999999998,True,19,60,2,7801015.79439375,0.13522708141572493,0.02416779563427518,0.12036188788452327,0.0013312017868427292
choque_10pct_permanente,permanente,0.9,0.09999999999999998,True,19,60,3,8078810.5600800365,0.12319753467485918,0.026894303678024034,0.1102956269785451,0.004462778928094357
choque_10pct_permanente,permanente,0.9,0.09999999999999998,True,19,60,4,8453387.904864522,0.10460968212277172,0.030999778610697692,0.10072658162169798,0.010358840622038597
choque_10pct_permanente,permanente,0.9,0.09999999999999998,True,19,60,5,8654599.581058018,0.09015488010182884,0.050163981471773145,0.09332319254608587,0.01196177245929091
choque_10pct_permanente,permanente,0.9,0.09999999999999998,True,19,60,6,8846507.076884609,0.08747550101154296,0.0725459467386047,0.09606792092412801,0.012042112660461684
choque_10pct_permanente,permanente,0.9,0.09999999999999998,True,19,60,7,8858033.392170966,0.09532895259160354,0.09865193669299321,0.10847858391855676,0.011467677559983557
choque_10pct_permanente,permanente,0.9,0.09999999999999998,True,19,60,8,8787806.943127904,0.11149634182310685,0.11368841879646996,0.12897172298470264,0.009487308951579737
choque_10pct_permanente,permanente,0.9,0.09999999999999998,True,19,60,9,8683785.532277316,0.12044714413904066,0.1165992014500743,0.14751739195178815,0.001376297950705656
choque_10pct_permanente,permanente,0.9,0.09999999999999998,True,19,60,10,8557843.089249229,0.13071900153168434,0.1094407621067297,0.16006054698023556,-0.007696984091985619
choque_10pct_permanente,permanente,0.9,0.09999999999999998,True,19,60,11,8453542.522951776,0.1380007251423461,0.09380362298232514,0.17173382463274436,-0.016320112249251898
choque_10pct_permanente,permanente,0.9,0.09999999999999998,True,19,60,12,8446945.789875565,0.1384453273120291,0.07449521970450945,0.1759629283423604,-0.02784564190964678
choque_10pct_permanente,permanente,0.9,0.09999999999999998,True,19,60,13,8630913.281643016,0.12630962955144917,0.05663032113562583,0.16844678999642002,-0.03531064265687624
choque_10pct_permanente,permanente,0.9,0.09999999999999998,True,19,60,14,9170877.137708975,0.10127129388917895,0.04641525264781765,0.14794737838052652,-0.032678982441794735
choque_10pct_permanente,permanente,0.9,0.09999999999999998,True,19,60,15,9720314.20075342,0.07520204123339584,0.050963493566400064,0.1288007107766299,-0.02478077229003618
choque_10pct_permanente,permanente,0.9,0.09999999999999998,True,19,60,16,9899392.423067845,0.05986980403516064,0.07672712304768381,0.11954749262330708,-0.01829194008506538
choque_10pct_permanente,permanente,0.9,0.09999999999999998,True,19,60,17,10332087.145438416,0.05499051300259043,0.12087293888441142,0.11563908287172087,-0.008091495777594755
choque_10pct_permanente,permanente,0.9,0.09999999999999998,True,19,60,18,10531802.427434556,0.056069548857746884,0.17050118464727015,0.12586405510743054,0.0035447361616954506
choque_10pct_permanente,permanente,0.9,0.09999999999999998,True,19,60,19,10687097.741127636,0.06395824180418415,0.2143528923247333,0.14148873231575898,0.008174611007304605
choque_10pct_permanente,permanente,0.9,0.09999999999999998,True,19,60,20,10663135.056948682,0.07573640149608296,0.2364228558802457,0.16421918648758319,0.0063827492849340105
choque_10pct_permanente,permanente,0.9,0.09999999999999998,True,19,60,21,10432214.648932828,0.09009652495170556,0.2367156413917959,0.18674679730563404,-0.005845688836300903
choque_10pct_permanente,permanente,0.9,0.09999999999999998,True,19,60,22,10140216.765608111,0.10283213645998585,0.2160714277759057,0.2065757646956908,-0.024734426805720126
choque_10pct_permanente,permanente,0.9,0.09999999999999998,True,19,60,23,9950444.273200758,0.10742940282361664,0.1853891670903165,0.21476637397116177,-0.042373254638036636
choque_10pct_permanente,permanente,0.9,0.09999999999999998,True,19,60,24,10057903.878467562,0.0939910876252029,0.15125058135444447,0.20757870463001774,-0.05295852802655263
choque_10pct_permanente,permanente,0.9,0.09999999999999998,True,19,60,25,10615548.196621982,0.06901523504160552,0.12925437071637136,0.18392531431156958,-0.053828744992799105
choque_10pct_permanente,permanente,0.9,0.09999999999999998,True,20,61,0,7609597.0,0.138,0.03,0.12063832026847152,0.010583740505574736
choque_10pct_permanente,permanente,0.9,0.09999999999999998,True,20,61,1,7652724.38733265,0.14039181650999813,0.030000000000000027,0.11859183719691781,0.007984885903803248
choque_10pct_permanente,permanente,0.9,0.09999999999999998,True,20,61,2,7810192.315640007,0.135228353675209,0.02418820227567564,0.12035104403884442,0.0064052811322713905
choque_10pct_permanente,permanente,0.9,0.09999999999999998,True,20,61,3,8015479.294843943,0.12555636859119154,0.02682757863734886,0.11360296565960566,0.004290313158361185
choque_10pct_permanente,permanente,0.9,0.09999999999999998,True,20,61,4,8307641.492175498,0.1138708630209111,0.029925372509651327,0.10701674676196118,0.00478835745997645
choque_10pct_permanente,permanente,0.9,0.09999999999999998,True,20,61,5,8646051.31459824,0.09559627134965765,0.043896901107134845,0.097744801793514,0.008961712330250343
choque_10pct_permanente,permanente,0.9,0.09999999999999998,True,20,61,6,8779658.083661947,0.08822517350283235,0.06526711746058034,0.09571117900649653,0.00938562097144065
choque_10pct_permanente,permanente,0.9,0.09999999999999998,True,20,61,7,8918218.272035047,0.08987314191339854,0.09048690009386195,0.10202027258332234,0.012433031553085887
choque_10pct_permanente,permanente,0.9,0.09999999999999998,True,20,61,8,8958635.422642274,0.09675617495293935,0.11072211232671858,0.11675648698538854,0.012237140987122133
choque_10pct_permanente,permanente,0.9,0.09999999999999998,True,20,61,9,8809051.982194088,0.11287280491940549,0.12281880103982457,0.13751476596321457,0.00681886722909726
choque_10pct_permanente,permanente,0.9,0.09999999999999998,True,20,61,10,8615019.736642808,0.13205861200652047,0.1192309769277815,0.1609615607608771,-0.0055549129927703195
choque_10pct_permanente,permanente,0.9,0.09999999999999998,True,20,61,11,8493062.050299352,0.14051520269408693,0.10439696601492798,0.174559110047919,-0.016943864382894205
choque_10pct_permanente,permanente,0.9,0.09999999999999998,True,20,61,12,8455806.672454977,0.14221628470015915,0.08235021339038595,0.1800631063945407,-0.029192962188625823
choque_10pct_permanente,permanente,0.9,0.09999999999999998,True,20,61,13,8534014.855674742,0.13695710053187723,0.061628731417473714,0.17737915874715637,-0.03697892863066081
choque_10pct_permanente,permanente,0.9,0.09999999999999998,True,20,61,14,8877964.990649212,0.11970631575192586,0.04489762567947575,0.16324653360465252,-0.037798577921236774
choque_10pct_permanente,permanente,0.9,0.09999999999999998,True,20,61,15,9436467.79670383,0.09229286405406453,0.03991062671358225,0.1426277237357813,-0.03378327037193659
choque_10pct_permanente,permanente,0.9,0.09999999999999998,True,20,61,16,9943017.45893016,0.06736236666651275,0.05125158887211079,0.12586009342785134,-0.02295801102929891
choque_10pct_permanente,permanente,0.9,0.09999999999999998,True,20,61,17,10161508.122072212,0.0573813941786031,0.0862242131918054,0.1182208883908719,-0.017376947962541352
choque_10pct_permanente,permanente,0.9,0.09999999999999998,True,20,61,18,10520056.997713875,0.05906835609669537,0.13465094017091728,0.12321036353763018,-0.00909449989069339
choque_10pct_permanente,permanente,0.9,0.09999999999999998,True,20,61,19,10650707.65747592,0.06542434689560217,0.17996946565375094,0.140321739942658,0.0016803044593437521
choque_10pct_permanente,permanente,0.9,0.09999999999999998,True,20,61,20,10668994.670295622,0.07212512534123962,0.21028588394676784,0.15865916868696145,0.001628056301117786
choque_10pct_permanente,permanente,0.9,0.09999999999999998,True,20,61,21,10557009.58047649,0.08180962881510387,0.2228143954551809,0.17597900389568016,-0.007650858096568194
choque_10pct_permanente,permanente,0.9,0.09999999999999998,True,20,61,22,10413940.981437813,0.09060212437219473,0.21683834955559722,0.19219885541643683,-0.021007945629965136
choque_10pct_permanente,permanente,0.9,0.09999999999999998,True,20,61,23,10316774.218717976,0.09412880517914027,0.19816087019656248,0.20090318726254236,-0.034399829000752766
choque_10pct_permanente,permanente,0.9,0.09999999999999998,True,20,61,24,10328755.487771625,0.08907977234401143,0.17398107919293926,0.20066671155558072,-0.04441409477481434
choque_10pct_permanente,permanente,0.9,0.09999999999999998,True,20,61,25,10663098.601232644,0.06729820420451466,0.15473224449056033,0.1870317780341017,-0.047901921056354664
choque_10pct_permanente,permanente,0.9,0.09999999999999998,True,21,62,0,7609597.0,0.138,0.03,0.12063832026847152,0.010583740505574736
choque_10pct_permanente,permanente,0.9,0.09999999999999998,True,21,62,1,7652724.38733265,0.14039181650999813,0.030000000000000027,0.11859183719691781,0.007984885903803248
choque_10pct_permanente,permanente,0.9,0.09999999999999998,True,21,62,2,7801883.245391858,0.13522709376288386,0.02416952371014558,0.12040707251402727,0.00129724124654278
choque_10pct_permanente,permanente,0.9,0.09999999999999998,True,21,62,3,8073871.66073165,0.12380185095192778,0.026912392182091516,0.11076434189347534,0.007752548773458605
choque_10pct_permanente,permanente,0.9,0.09999999999999998,True,21,62,4,8448430.68338447,0.10560762373411392,0.030690812225202757,0.10257360419698286,0.0062379533316305105
choque_10pct_permanente,permanente,0.9,0.09999999999999998,True,21,62,5,8618401.53574231,0.09394142466452234,0.04926654177149792,0.09562387143350504,0.010664269679576725
choque_10pct_permanente,permanente,0.9,0.09999999999999998,True,21,62,6,8750072.082100688,0.09246450018796121,0.07026468551954035,0.09972359769245932,0.012420591654317133
choque_10pct_permanente,permanente,0.9,0.09999999999999998,True,21,62,7,8771898.751930274,0.09947761604358069,0.09321010652821538,0.11144413936460126,0.011786473229401902
choque_10pct_permanente,permanente,0.9,0.09999999999999998,True,21,62,8,8739099.167179078,0.11131965795896358,0.10657863957216418,0.1289460488281532,0.01071087252055028
choque_10pct_permanente,permanente,0.9,0.09999999999999998,True,21,62,9,8648125.995489107,0.12012852510624554,0.10977953027515963,0.14546063846910878,0.002651329431716049
choque_10pct_permanente,permanente,0.9,0.09999999999999998,True,21,62,10,8518854.222595911,0.12991344093093585,0.10302638757594051,0.1601507393342895,-0.007907370061064815
choque_10pct_permanente,permanente,0.9,0.09999999999999998,True,21,62,11,8436936.002087373,0.13879448029971556,0.08870463041494081,0.17182257332235323,-0.018285791703118958
choque_10pct_permanente,permanente,0.9,0.09999999999999998,True,21,62,12,8489695.985176278,0.1375788876152665,0.0703902371301568,0.1749784375642903,-0.029066635688158836
choque_10pct_permanente,permanente,0.9,0.09999999999999998,True,21,62,13,8658784.0863941,0.12956535961728288,0.05437406285719493,0.16795660210325805,-0.03216989192260639
choque_10pct_permanente,permanente,0.9,0.09999999999999998,True,21,62,14,9150935.895953158,0.10359392936850181,0.044035608334971554,0.15030834279705177,-0.02970459119551791
choque_10pct_permanente,permanente,0.9,0.09999999999999998,True,21,62,15,9627058.694298062,0.07628635799938958,0.04749061809058408,0.13096956602500368,-0.02466355169105367
choque_10pct_permanente,permanente,0.9,0.09999999999999998,True,21,62,16,10062530.506292375,0.06020215631041201,0.07170906266149135,0.11871324184191592,-0.016190287385328718
choque_10pct_permanente,permanente,0.9,0.09999999999999998,True,21,62,17,10253371.71573804,0.056967270590777094,0.11679455120684445,0.11856403218460615,-0.0058735977352540126
choque_10pct_permanente,permanente,0.9,0.09999999999999998,True,21,62,18,10476058.783225525,0.06215143985845351,0.16564320523640763,0.1307109455000606,-5.094496812089726e-05
choque_10pct_permanente,permanente,0.9,0.09999999999999998,True,21,62,19,10599775.676334199,0.07051334292835684,0.20297814349216403,0.14902781655699954,0.004088387076146577
choque_10pct_permanente,permanente,0.9,0.09999999999999998,True,21,62,20,10607442.362875396,0.07368104889996596,0.2212453646807948,0.16499910888357777,0.0008622103287497072
choque_10pct_permanente,permanente,0.9,0.09999999999999998,True,21,62,21,10494091.998737652,0.08135135123932835,0.22613784890016464,0.17678181322789271,-0.010086719688459847
choque_10pct_permanente,permanente,0.9,0.09999999999999998,True,21,62,22,10250151.388270043,0.09337515684640164,0.21450138038592592,0.1956179711358841,-0.02199140003461976
choque_10pct_permanente,permanente,0.9,0.09999999999999998,True,21,62,23,10270910.405857585,0.09025433580518004,0.1913217808254868,0.20100037095832207,-0.03356034339186645
choque_10pct_permanente,permanente,0.9,0.09999999999999998,True,21,62,24,10367199.039677689,0.08039593186926094,0.17052588473697794,0.19333544078106274,-0.04295657395674485
choque_10pct_permanente,permanente,0.9,0.09999999999999998,True,21,62,25,10658450.986493122,0.0658158818729598,0.15751917100111346,0.18266969593731266,-0.045512794712776534
choque_10pct_permanente,permanente,0.9,0.09999999999999998,True,22,63,0,7609597.0,0.138,0.03,0.12063832026847152,0.010583740505574736
choque_10pct_permanente,permanente,0.9,0.09999999999999998,True,22,63,1,7652724.38733265,0.14039181650999813,0.030000000000000027,0.11859183719691781,0.007984885903803248
choque_10pct_permanente,permanente,0.9,0.09999999999999998,True,22,63,2,7797633.467722029,0.13522708141572493,0.024172637767157834,0.12049082387403716,0.0020602817057532043
choque_10pct_permanente,permanente,0.9,0.09999999999999998,True,22,63,3,8066639.8832752425,0.12356017619271581,0.026889606517262132,0.11054900799237515,0.005915720547520968
choque_10pct_permanente,permanente,0.9,0.09999999999999998,True,22,63,4,8425947.271434534,0.10521602740270865,0.030783332100446703,0.10127578506833448,0.008483989433225536
choque_10pct_permanente,permanente,0.9,0.09999999999999998,True,22,63,5,8676414.270788893,0.09016591344306797,0.04936258588048981,0.09233530966528174,0.011576303378417096
choque_10pct_permanente,permanente,0.9,0.09999999999999998,True,22,63,6,8880612.45402648,0.08404003066309071,0.07190494524387225,0.09284810848882107,0.01631615569490084
choque_10pct_permanente,permanente,0.9,0.09999999999999998,True,22,63,7,8978875.70663164,0.0884369219003927,0.10079617209451697,0.10190166298259852,0.01757784856844534
choque_10pct_permanente,permanente,0.9,0.09999999999999998,True,22,63,8,8847366.838606028,0.10625440165876135,0.1207777736547293,0.12474931009922191,0.015359888929806574
choque_10pct_permanente,permanente,0.9,0.09999999999999998,True,22,63,9,8679470.91179167,0.12371375826547269,0.12636691119984933,0.14940487478172151,0.007671653412776346
choque_10pct_permanente,permanente,0.9,0.09999999999999998,True,22,63,10,8459442.925916685,0.14005028372105333,0.116044353241463,0.17001986263656232,-0.005781386434750045
choque_10pct_permanente,permanente,0.9,0.09999999999999998,True,22,63,11,8271053.40616733,0.15223627095092823,0.0953334050715322,0.18532389376574404,-0.018548536757694797
choque_10pct_permanente,permanente,0.9,0.09999999999999998,True,22,63,12,8255823.524809192,0.15316296506048377,0.06981911719067857,0.18894364500737387,-0.034050383998603564
choque_10pct_permanente,permanente,0.9,0.09999999999999998,True,22,63,13,8458689.370755278,0.13991854862634492,0.04654731396452516,0.1779903824279044,-0.04104962601052368
choque_10pct_permanente,permanente,0.9,0.09999999999999998,True,22,63,14,8999922.443353245,0.11426435097640827,0.030754915452144704,0.15581472098679097,-0.037630045764258706
choque_10pct_permanente,permanente,0.9,0.09999999999999998,True,22,63,15,9554764.768137913,0.0840795931477004,0.0295516576564121,0.13462257390036791,-0.030400075561450548
choque_10pct_permanente,permanente,0.9,0.09999999999999998,True,22,63,16,9928136.601095246,0.06211520108479564,0.04916554496307768,0.1196571962675546,-0.023017182808411824
choque_10pct_permanente,permanente,0.9,0.09999999999999998,True,22,63,17,10340223.583824383,0.05312266802226264,0.0921593665735283,0.11261896263360255,-0.015547055032985932
choque_10pct_permanente,permanente,0.9,0.09999999999999998,True,22,63,18,10663323.997690264,0.054557050996119565,0.14984291979654896,0.11808982475404216,-0.0020073841861616313
choque_10pct_permanente,permanente,0.9,0.09999999999999998,True,22,63,19,10790146.623377228,0.06142272284062756,0.2018766608484539,0.13714341517550604,0.005288105267846532
choque_10pct_permanente,permanente,0.9,0.09999999999999998,True,22,63,20,10843189.913893593,0.0698175668250567,0.23579022940922156,0.15654061947449735,0.008773437635357585
choque_10pct_permanente,permanente,0.9,0.09999999999999998,True,22,63,21,10719139.321372297,0.07895241761592785,0.24624507739355117,0.1752598424624111,0.0022468594878934925
choque_10pct_permanente,permanente,0.9,0.09999999999999998,True,22,63,22,10476510.96015336,0.0922314838369637,0.2370034414399369,0.194433693135897,-0.014024200697789143
choque_10pct_permanente,permanente,0.9,0.09999999999999998,True,22,63,23,10137403.277888525,0.10549513652845632,0.2121649607103857,0.21394159619832853,-0.03327690862849688
choque_10pct_permanente,permanente,0.9,0.09999999999999998,True,22,63,24,10041080.41317279,0.1051920223698982,0.17677642101982904,0.21903497692689905,-0.051764856930891404
choque_10pct_permanente,permanente,0.9,0.09999999999999998,True,22,63,25,10191783.715245554,0.09272066837318464,0.144097081879337,0.20845234181328734,-0.059465462432380094
choque_10pct_permanente,permanente,0.9,0.09999999999999998,True,23,64,0,7609597.0,0.138,0.03,0.12063832026847152,0.010583740505574736
choque_10pct_permanente,permanente,0.9,0.09999999999999998,True,23,64,1,7652716.012269475,0.14039188543076578,0.030000000000000027,0.11859223719990825,0.007984765243853872
choque_10pct_permanente,permanente,0.9,0.09999999999999998,True,23,64,2,7799964.972859484,0.13522774575925392,0.024174680748029198,0.12042437573142113,0.002252602548337618
choque_10pct_permanente,permanente,0.9,0.09999999999999998,True,23,64,3,8073273.91683056,0.12453055810975092,0.02689811845523793,0.11105088284388162,0.004794454360915522
choque_10pct_permanente,permanente,0.9,0.09999999999999998,True,23,64,4,8408704.665028108,0.10800077269270865,0.030427564671585916,0.10352117790806743,0.010270680580806822
choque_10pct_permanente,permanente,0.9,0.09999999999999998,True,23,64,5,8637786.311285831,0.09403998105480091,0.04875640221844191,0.09546157448352462,0.012637694600289094
choque_10pct_permanente,permanente,0.9,0.09999999999999998,True,23,64,6,8752975.656948643,0.08905996357808697,0.06875794007129366,0.09853004963891367,0.014078125861207404
choque_10pct_permanente,permanente,0.9,0.09999999999999998,True,23,64,7,8739356.824052641,0.10096697905343911,0.09550090199735362,0.10998060046772704,0.014055965004097167
choque_10pct_permanente,permanente,0.9,0.09999999999999998,True,23,64,8,8709784.940730697,0.11284717838455118,0.1066066328137012,0.1321956547249281,0.0075607554506711624
choque_10pct_permanente,permanente,0.9,0.09999999999999998,True,23,64,9,8574446.38356433,0.1277333351114948,0.11003125634866517,0.14937431408551402,0.00016594546963338264
choque_10pct_permanente,permanente,0.9,0.09999999999999998,True,23,64,10,8456760.225557277,0.1367390762894983,0.09763167023564656,0.16670198562262858,-0.012977036457785144
choque_10pct_permanente,permanente,0.9,0.09999999999999998,True,23,64,11,8380868.392081247,0.14085249515699924,0.08214029882021512,0.1733879968107873,-0.023165489479425785
choque_10pct_permanente,permanente,0.9,0.09999999999999998,True,23,64,12,8551942.226065988,0.13343483773015016,0.06173655886684881,0.16982576865874588,-0.02670141791852751
choque_10pct_permanente,permanente,0.9,0.09999999999999998,True,23,64,13,8910293.747963587,0.11197015372570057,0.049194676136496085,0.1543178247396242,-0.027268513358700272
choque_10pct_permanente,permanente,0.9,0.09999999999999998,True,23,64,14,9340275.579533434,0.08886363921819032,0.04727557381784564,0.13767840463049932,-0.028037757592083778
choque_10pct_permanente,permanente,0.9,0.09999999999999998,True,23,64,15,9687332.893519118,0.06966293912220284,0.06291912621237161,0.12446963608885105,-0.019565373970497617
choque_10pct_permanente,permanente,0.9,0.09999999999999998,True,23,64,16,10074193.033902712,0.05795486110885448,0.095544077085016,0.11656719956760889,-0.010333301934042246
choque_10pct_permanente,permanente,0.9,0.09999999999999998,True,23,64,17,10371672.22934364,0.05511053611608184,0.14214304484342932,0.11790650890305272,-0.001058349896476811
choque_10pct_permanente,permanente,0.9,0.09999999999999998,True,23,64,18,10554749.729708431,0.06373479094934723,0.18883862036612764,0.13245252407977162,0.006335647724347843
choque_10pct_permanente,permanente,0.9,0.09999999999999998,True,23,64,19,10616145.872002263,0.07174973781827718,0.21825423418308265,0.15509166421950557,0.004290037448078737
choque_10pct_permanente,permanente,0.9,0.09999999999999998,True,23,64,20,10482474.222533789,0.08008681035217963,0.23045122600398282,0.17080597279216844,0.0005039644827014525
choque_10pct_permanente,permanente,0.9,0.09999999999999998,True,23,64,21,10340718.01429573,0.08882105687686179,0.2226580638705622,0.18653789032617454,-0.011587661428440648
choque_10pct_permanente,permanente,0.9,0.09999999999999998,True,23,64,22,10102115.59361608,0.10002801062267354,0.20340712524703086,0.20223637789563684,-0.02987520847836617
choque_10pct_permanente,permanente,0.9,0.09999999999999998,True,23,64,23,9973347.617793236,0.10366853446466695,0.17362650430967852,0.21150593772998696,-0.043718973820095576
choque_10pct_permanente,permanente,0.9,0.09999999999999998,True,23,64,24,10173449.95344844,0.08837047977283148,0.14509472676890334,0.20180815113058648,-0.05326137565197273
choque_10pct_permanente,permanente,0.9,0.09999999999999998,True,23,64,25,10642328.142854948,0.0643355200359093,0.12949061588939448,0.1792800320633455,-0.05105306768092074
choque_10pct_permanente,permanente,0.9,0.09999999999999998,True,24,65,0,7609597.0,0.138,0.03,0.12063832026847152,0.010583740505574736
choque_10pct_permanente,permanente,0.9,0.09999999999999998,True,24,65,1,7652724.38733265,0.14039181650999813,0.030000000000000027,0.11859183719691781,0.007984885903803248
choque_10pct_permanente,permanente,0.9,0.09999999999999998,True,24,65,2,7811000.538868851,0.13522708141572493,0.024179974508985014,0.12037724168036791,0.004105968256665243
choque_10pct_permanente,permanente,0.9,0.09999999999999998,True,24,65,3,8048256.56650207,0.12512236681927072,0.02685950699639661,0.11238739144816397,0.006408866234632061
choque_10pct_permanente,permanente,0.9,0.09999999999999998,True,24,65,4,8347790.850875747,0.11065721591481087,0.030106875136219236,0.10582500206069302,0.010101933259679244
choque_10pct_permanente,permanente,0.9,0.09999999999999998,True,24,65,5,8531995.898386667,0.09622285835296893,0.046204873057402285,0.09970013338414804,0.010904190733542287
choque_10pct_permanente,permanente,0.9,0.09999999999999998,True,24,65,6,8708792.872580647,0.09542120356504666,0.06521712383330214,0.10135737905269902,0.011349766049114928
choque_10pct_permanente,permanente,0.9,0.09999999999999998,True,24,65,7,8773419.86294678,0.0995078264399176,0.08653935779290567,0.11169046687690613,0.011919726841120004
choque_10pct_permanente,permanente,0.9,0.09999999999999998,True,24,65,8,8793116.906340012,0.10754124912086997,0.10046022700997237,0.12519765558837326,0.00970583828702733
choque_10pct_permanente,permanente,0.9,0.09999999999999998,True,24,65,9,8722070.717035405,0.11574470353678719,0.10675492101658568,0.14050229425447489,0.004856638581583995
choque_10pct_permanente,permanente,0.9,0.09999999999999998,True,24,65,10,8601489.72514959,0.12566612254725226,0.10347945773453504,0.15638019109987197,-0.0056726717625791645
choque_10pct_permanente,permanente,0.9,0.09999999999999998,True,24,65,11,8485687.854044337,0.13708447481923708,0.09308466938775162,0.16970376482723012,-0.017407255835630298
choque_10pct_permanente,permanente,0.9,0.09999999999999998,True,24,65,12,8502188.367254449,0.1383526905947594,0.07570307211079053,0.17502556071914724,-0.026746558530037424
choque_10pct_permanente,permanente,0.9,0.09999999999999998,True,24,65,13,8708824.142223962,0.12444534774066375,0.059001397516773135,0.16705020605964227,-0.03189955597836308
choque_10pct_permanente,permanente,0.9,0.09999999999999998,True,24,65,14,9153672.2315424,0.10291800460373597,0.04960264688554794,0.149623398207964,-0.030555522488327543
choque_10pct_permanente,permanente,0.9,0.09999999999999998,True,24,65,15,9596978.714606036,0.079356898415384,0.05389515378707288,0.1329596442438611,-0.02518365655080741
choque_10pct_permanente,permanente,0.9,0.09999999999999998,True,24,65,16,10047961.596601218,0.057815278761950285,0.07627494395037915,0.11848232408898372,-0.017295861170238874
choque_10pct_permanente,permanente,0.9,0.09999999999999998,True,24,65,17,10377217.785831612,0.04888297495653221,0.12185839732538661,0.11047239862103465,-0.003154857211309218
choque_10pct_permanente,permanente,0.9,0.09999999999999998,True,24,65,18,10655489.989808321,0.05404241213211042,0.18031976719348286,0.11941177559511,0.006010823700506466
choque_10pct_permanente,permanente,0.9,0.09999999999999998,True,24,65,19,10704775.527225053,0.0693430320802007,0.2259675485433048,0.14704463932907944,0.010483331071716978
choque_10pct_permanente,permanente,0.9,0.09999999999999998,True,24,65,20,10651951.168996772,0.0828814832111242,0.2433498510984391,0.17303260320672936,0.0030486060274344446
choque_10pct_permanente,permanente,0.9,0.09999999999999998,True,24,65,21,10351160.56643777,0.09275930999959087,0.23651035038282187,0.19098798765391717,-0.01326012630228962
choque_10pct_permanente,permanente,0.9,0.09999999999999998,True,24,65,22,10130412.512223884,0.1030289213520535,0.21241138807413207,0.20295353699484447,-0.02706090192898321
choque_10pct_permanente,permanente,0.9,0.09999999999999998,True,24,65,23,10002887.346316025,0.10609040669661884,0.17952352952580708,0.2106510274464317,-0.042658394503424596
choque_10pct_permanente,permanente,0.9,0.09999999999999998,True,24,65,24,10009755.444878843,0.09822281951080379,0.146904337112288,0.20772933653177328,-0.05544615732505499
choque_10pct_permanente,permanente,0.9,0.09999999999999998,True,24,65,25,10412211.451122118,0.07393369953293279,0.12310774129052415,0.18983560768562477,-0.059953871851136875
choque_10pct_permanente,permanente,0.9,0.09999999999999998,True,25,66,0,7609597.0,0.138,0.03,0.12063832026847152,0.010583740505574736
choque_10pct_permanente,permanente,0.9,0.09999999999999998,True,25,66,1,7652724.38733265,0.14039181650999813,0.030000000000000027,0.11859183719691781,0.007984885903803248
choque_10pct_permanente,permanente,0.9,0.09999999999999998,True,25,66,2,7806025.207333408,0.13522708141572493,0.02419070526074041,0.12053080037724065,0.006494694575653181
choque_10pct_permanente,permanente,0.9,0.09999999999999998,True,25,66,3,8014411.443215474,0.12585162707208036,0.026847842606084305,0.11326242954591245,0.007177146718474983
choque_10pct_permanente,permanente,0.9,0.09999999999999998,True,25,66,4,8320767.546912376,0.11240054564810806,0.029743182232860654,0.10729361149162317,0.0050639834034992975
choque_10pct_permanente,permanente,0.9,0.09999999999999998,True,25,66,5,8601789.09297505,0.0977668057045985,0.044176711187763784,0.0994402587547117,0.011861054087165205
choque_10pct_permanente,permanente,0.9,0.09999999999999998,True,25,66,6,8743164.814279336,0.09093408762699913,0.06309872244579995,0.09977972046366211,0.011461689503342346
choque_10pct_permanente,permanente,0.9,0.09999999999999998,True,25,66,7,8817838.904540455,0.0951643111089885,0.08775608581992445,0.10688010065730469,0.0117733121463516
choque_10pct_permanente,permanente,0.9,0.09999999999999998,True,25,66,8,8820702.421266919,0.10473484939968097,0.10401570061227394,0.12344342762630398,0.010104953042710581
choque_10pct_permanente,permanente,0.9,0.09999999999999998,True,25,66,9,8739853.254818946,0.1139955821495985,0.1135010225717239,0.13936471440912587,0.0034641262289105824
choque_10pct_permanente,permanente,0.9,0.09999999999999998,True,25,66,10,8653682.377657257,0.12400161786426002,0.1099922233356243,0.15437651573528266,-0.005403614840097981
choque_10pct_permanente,permanente,0.9,0.09999999999999998,True,25,66,11,8555881.948825052,0.13141686362546193,0.09977129028081144,0.1655441361230804,-0.011400479591356465
choque_10pct_permanente,permanente,0.9,0.09999999999999998,True,25,66,12,8586434.61629596,0.12816442077184345,0.0836770359301231,0.16950449772181583,-0.02277456867931378
choque_10pct_permanente,permanente,0.9,0.09999999999999998,True,25,66,13,8724796.2583445,0.12121683842322513,0.07018781949352793,0.163654144159265,-0.028180668299541783
choque_10pct_permanente,permanente,0.9,0.09999999999999998,True,25,66,14,9074851.758818941,0.10328725436610074,0.05962515546139713,0.1517932890557325,-0.02854844987004326
choque_10pct_permanente,permanente,0.9,0.09999999999999998,True,25,66,15,9660714.542570751,0.07589456419832993,0.06097092521101821,0.13275975078003274,-0.02200403843637365
choque_10pct_permanente,permanente,0.9,0.09999999999999998,True,25,66,16,9958091.483242555,0.06071350381209914,0.08276254856449206,0.12054619481856071,-0.01711606441591788
choque_10pct_permanente,permanente,0.9,0.09999999999999998,True,25,66,17,10287089.941228306,0.05597433148518899,0.12114103285149369,0.11898575373281386,-0.008841264515065672
choque_10pct_permanente,permanente,0.9,0.09999999999999998,True,25,66,18,10517385.192372395,0.05814893008819628,0.16838444474670444,0.12768368928383128,-0.000691629140715778
choque_10pct_permanente,permanente,0.9,0.09999999999999998,True,25,66,19,10695916.159459641,0.06319377329786297,0.20851820101435514,0.14217558086075913,0.006098521507113156
choque_10pct_permanente,permanente,0.9,0.09999999999999998,True,25,66,20,10660355.009227647,0.06995249936194803,0.23348239152796912,0.159366575584493,0.004506938758781805
choque_10pct_permanente,permanente,0.9,0.09999999999999998,True,25,66,21,10588467.815440126,0.07972294266193611,0.23940352057454395,0.17659772521466474,-0.005104986928541983
choque_10pct_permanente,permanente,0.9,0.09999999999999998,True,25,66,22,10266455.351875748,0.09569101278785619,0.22769031176109222,0.19837269907032498,-0.018556799686434446
choque_10pct_permanente,permanente,0.9,0.09999999999999998,True,25,66,23,10131902.705364017,0.10035311539009253,0.19927199943435148,0.21114385007143965,-0.03485181213235692
choque_10pct_permanente,permanente,0.9,0.09999999999999998,True,25,66,24,10134178.784841202,0.09272876941499525,0.17004305041972634,0.2068060987058059,-0.04991147357370662
choque_10pct_permanente,permanente,0.9,0.09999999999999998,True,25,66,25,10488659.944083598,0.07651563441640132,0.14606162064436323,0.19198204925462148,-0.05486208328030791
choque_10pct_permanente,permanente,0.9,0.09999999999999998,True,26,67,0,7609597.0,0.138,0.03,0.12063832026847152,0.010583740505574736
choque_10pct_permanente,permanente,0.9,0.09999999999999998,True,26,67,1,7652724.38733265,0.14039181650999813,0.030000000000000027,0.11859183719691781,0.007984885903803248
choque_10pct_permanente,permanente,0.9,0.09999999999999998,True,26,67,2,7799123.633712431,0.13522708141572493,0.024180903493515427,0.12050235364216014,0.0043964104199011155
choque_10pct_permanente,permanente,0.9,0.09999999999999998,True,26,67,3,8066110.764472973,0.12450351006558343,0.02683880877740563,0.11181684559593191,0.0075489375286364535
choque_10pct_permanente,permanente,0.9,0.09999999999999998,True,26,67,4,8373125.180119823,0.11118072733869838,0.03034392109640316,0.10569594012752165,0.007143538309476752
choque_10pct_permanente,permanente,0.9,0.09999999999999998,True,26,67,5,8556467.705902046,0.09859752287128114,0.04541566789934759,0.10056394528861798,0.009481911708105683
choque_10pct_permanente,permanente,0.9,0.09999999999999998,True,26,67,6,8673993.525525918,0.09701911038112258,0.06472245979983793,0.10262675778863645,0.00837162482083502
choque_10pct_permanente,permanente,0.9,0.09999999999999998,True,26,67,7,8776037.860034991,0.0996574158691,0.08455919526367062,0.11067190629211018,0.009823881229116321
choque_10pct_permanente,permanente,0.9,0.09999999999999998,True,26,67,8,8832578.887604399,0.10216924599750199,0.09888568981117696,0.12147148735472554,0.008748715639100813
choque_10pct_permanente,permanente,0.9,0.09999999999999998,True,26,67,9,8801549.711128071,0.10842060176797742,0.1085340998016866,0.13391624351105363,0.004593972630889082
choque_10pct_permanente,permanente,0.9,0.09999999999999998,True,26,67,10,8676037.91502363,0.12226336991320706,0.10866651722274123,0.15158708431629703,-0.005620089006700914
choque_10pct_permanente,permanente,0.9,0.09999999999999998,True,26,67,11,8568588.538117575,0.13364197196606736,0.09967955940611772,0.16690515447751195,-0.013766334484136679
choque_10pct_permanente,permanente,0.9,0.09999999999999998,True,26,67,12,8570125.191430187,0.13308544664655592,0.08340895783629287,0.17303540993596297,-0.02415323994802804
choque_10pct_permanente,permanente,0.9,0.09999999999999998,True,26,67,13,8673704.815816365,0.12953894091561902,0.06766532096421907,0.16999362118229683,-0.03184396140475646
choque_10pct_permanente,permanente,0.9,0.09999999999999998,True,26,67,14,8968520.007915651,0.11275055050452262,0.054072502949806145,0.16008428335148056,-0.03253665939551431
choque_10pct_permanente,permanente,0.9,0.09999999999999998,True,26,67,15,9460821.479281325,0.08470144793932695,0.05190467405034438,0.1406080687691686,-0.026866334555400915
choque_10pct_permanente,permanente,0.9,0.09999999999999998,True,26,67,16,9943353.685164886,0.06381793705891606,0.06849658138365244,0.12340925054858212,-0.022890602936366286
choque_10pct_permanente,permanente,0.9,0.09999999999999998,True,26,67,17,10278573.874290293,0.053644957654970786,0.10541602092625402,0.11626634739415129,-0.010674913744619144
choque_10pct_permanente,permanente,0.9,0.09999999999999998,True,26,67,18,10570678.062981527,0.0520500592975914,0.1562631596039432,0.12018080077022016,0.0012936360116788596
choque_10pct_permanente,permanente,0.9,0.09999999999999998,True,26,67,19,10755525.79443905,0.05978668053272197,0.2076497778033306,0.13532299424501926,0.008915868847151584
choque_10pct_permanente,permanente,0.9,0.09999999999999998,True,26,67,20,10789267.401634196,0.07132314929144806,0.2387100565648006,0.15937161024338045,0.0066697057226677865
choque_10pct_permanente,permanente,0.9,0.09999999999999998,True,26,67,21,10631785.274281647,0.08245758787048248,0.24670507975265332,0.1798831380159384,0.00046080172151523113
choque_10pct_permanente,permanente,0.9,0.09999999999999998,True,26,67,22,10399273.07628718,0.09393199385847653,0.23366698534602381,0.19594840024385596,-0.01528988068338791
choque_10pct_permanente,permanente,0.9,0.09999999999999998,True,26,67,23,10204765.542140715,0.09791726462283723,0.20540617314630305,0.20793220617451214,-0.030243773338992783
choque_10pct_permanente,permanente,0.9,0.09999999999999998,True,26,67,24,10145914.405891493,0.09754073087543035,0.17462416549755,0.2099498272823484,-0.04816092642793712
choque_10pct_permanente,permanente,0.9,0.09999999999999998,True,26,67,25,10217661.007156184,0.08791453584308928,0.14605815624119578,0.20638225695518878,-0.057617358823606316
choque_10pct_permanente,permanente,0.9,0.09999999999999998,True,27,68,0,7609597.0,0.138,0.03,0.12063832026847152,0.010583740505574736
choque_10pct_permanente,permanente,0.9,0.09999999999999998,True,27,68,1,7652724.38733265,0.14039181650999813,0.030000000000000027,0.11859183719691781,0.007984885903803248
choque_10pct_permanente,permanente,0.9,0.09999999999999998,True,27,68,2,7803606.52800467,0.13522836016629058,0.02418238230458636,0.1204530561548775,0.004901181952719952
choque_10pct_permanente,permanente,0.9,0.09999999999999998,True,27,68,3,8038167.275428596,0.12547100655449164,0.02685167752437434,0.11256271258668386,0.006364351378910687
choque_10pct_permanente,permanente,0.9,0.09999999999999998,True,27,68,4,8331637.030607186,0.11103178212371803,0.029934240917900867,0.10605050895862568,0.007911519456749182
choque_10pct_permanente,permanente,0.9,0.09999999999999998,True,27,68,5,8568830.601695834,0.09740633392919598,0.046334524415753586,0.09815383436449374,0.009084425205670802
choque_10pct_permanente,permanente,0.9,0.09999999999999998,True,27,68,6,8795436.414858943,0.08921951008127117,0.06499043896913359,0.09771419329142571,0.00964364861189443
choque_10pct_permanente,permanente,0.9,0.09999999999999998,True,27,68,7,8915476.102407468,0.0902163825800754,0.09051362367457627,0.10243294588767375,0.0152944811720168
choque_10pct_permanente,permanente,0.9,0.09999999999999998,True,27,68,8,8851223.088919438,0.10154309051781703,0.10944310734388818,0.12055549656595209,0.012146249310044979
choque_10pct_permanente,permanente,0.9,0.09999999999999998,True,27,68,9,8779351.226316806,0.11575787777361511,0.1194312775280546,0.1395582066420407,0.008240432263660032
choque_10pct_permanente,permanente,0.9,0.09999999999999998,True,27,68,10,8640941.17352479,0.12814859583093668,0.11428943588592189,0.15868305947771114,-0.0015707575087643025
choque_10pct_permanente,permanente,0.9,0.09999999999999998,True,27,68,11,8447081.076567626,0.14103890001734085,0.10136419141521924,0.1747557448399971,-0.01655681035566607
choque_10pct_permanente,permanente,0.9,0.09999999999999998,True,27,68,12,8373616.153674205,0.14640443777163015,0.07988671644385592,0.18392214224218814,-0.02703911313457694
choque_10pct_permanente,permanente,0.9,0.09999999999999998,True,27,68,13,8486312.765926428,0.14015468897162342,0.05896960756714531,0.18011429042717125,-0.03674375693099801
choque_10pct_permanente,permanente,0.9,0.09999999999999998,True,27,68,14,8752495.238586063,0.12501768879282585,0.040811689874893586,0.1690058806957692,-0.039261952946176404
choque_10pct_permanente,permanente,0.9,0.09999999999999998,True,27,68,15,9349332.794958957,0.09643603766506315,0.032680499468666024,0.1477165246341465,-0.03342636761702944
choque_10pct_permanente,permanente,0.9,0.09999999999999998,True,27,68,16,9829719.447827175,0.07044833410848367,0.042449720309524874,0.1289236068347297,-0.02596275937472465
choque_10pct_permanente,permanente,0.9,0.09999999999999998,True,27,68,17,10290964.611070313,0.05313918568716256,0.07604154176616196,0.11592526081861106,-0.017889569644108247
choque_10pct_permanente,permanente,0.9,0.09999999999999998,True,27,68,18,10524749.980201343,0.051678220578573214,0.1324377611836134,0.11447318817019228,-0.005020110885429296
choque_10pct_permanente,permanente,0.9,0.09999999999999998,True,27,68,19,10801483.746334096,0.06019835784990782,0.1896928504091786,0.1308783064966035,0.008225166576217378
choque_10pct_permanente,permanente,0.9,0.09999999999999998,True,27,68,20,10945771.096102227,0.06098326309803448,0.2279714826945609,0.15123418868391902,0.013532234420768825
choque_10pct_permanente,permanente,0.9,0.09999999999999998,True,27,68,21,10957005.66911946,0.06588076202089535,0.2554113169805208,0.15907904921173704,0.008266784289131655
choque_10pct_permanente,permanente,0.9,0.09999999999999998,True,27,68,22,10684053.163754188,0.08423870328113796,0.26013524470491944,0.1842361681484546,-0.003332701012812951
choque_10pct_permanente,permanente,0.9,0.09999999999999998,True,27,68,23,10362826.823268954,0.10274646938296633,0.23982261799864024,0.21297277592743252,-0.022174555528007515
choque_10pct_permanente,permanente,0.9,0.09999999999999998,True,27,68,24,10111678.726510487,0.10893019449822475,0.20434201474964597,0.22393292136682438,-0.04541292659620175
choque_10pct_permanente,permanente,0.9,0.09999999999999998,True,27,68,25,10096708.801776286,0.10080018297305542,0.16426996491970147,0.21828329927655502,-0.057551199788858
choque_10pct_permanente,permanente,0.9,0.09999999999999998,True,28,69,0,7609597.0,0.138,0.03,0.12063832026847152,0.010583740505574736
choque_10pct_permanente,permanente,0.9,0.09999999999999998,True,28,69,1,7652724.38733265,0.14039181650999813,0.030000000000000027,0.11859183719691781,0.007984885903803248
choque_10pct_permanente,permanente,0.9,0.09999999999999998,True,28,69,2,7806733.0736326575,0.13522708141572493,0.02417705148225502,0.12042382786782006,0.002973484525824733
choque_10pct_permanente,permanente,0.9,0.09999999999999998,True,28,69,3,8039766.112708442,0.12607195076600336,0.026852381109290446,0.11215130020560106,0.003988912437766958
choque_10pct_permanente,permanente,0.9,0.09999999999999998,True,28,69,4,8417312.78290177,0.10813151097748176,0.02971501739047744,0.10317126294956817,0.0044319043942346375
choque_10pct_permanente,permanente,0.9,0.09999999999999998,True,28,69,5,8670322.81649135,0.09175605009226874,0.047120468962891904,0.09361494392632226,0.009895424984692524
choque_10pct_permanente,permanente,0.9,0.09999999999999998,True,28,69,6,8876746.551236862,0.0850254617437142,0.06875365668833533,0.09366959952231972,0.014301335929859129
choque_10pct_permanente,permanente,0.9,0.09999999999999998,True,28,69,7,8925474.804451773,0.09202149480411946,0.0976090385407633,0.10360627083269382,0.017268638651591877
choque_10pct_permanente,permanente,0.9,0.09999999999999998,True,28,69,8,8773571.831868999,0.10967202530990125,0.11543004791458844,0.1285696800488894,0.013210458983744951
choque_10pct_permanente,permanente,0.9,0.09999999999999998,True,28,69,9,8643460.336105043,0.1290474123021531,0.11920962774544308,0.15245341244590674,0.0026099760826402496
choque_10pct_permanente,permanente,0.9,0.09999999999999998,True,28,69,10,8362032.707944969,0.14813511531049683,0.10737591207826447,0.17563858387227899,-0.009600221507510692
choque_10pct_permanente,permanente,0.9,0.09999999999999998,True,28,69,11,8230807.075464132,0.15499041981368186,0.08593486185613752,0.187200864788309,-0.02443265434153294
choque_10pct_permanente,permanente,0.9,0.09999999999999998,True,28,69,12,8263635.6691375915,0.15178047634313988,0.06102078582287551,0.1862723316664857,-0.03480407356970467
choque_10pct_permanente,permanente,0.9,0.09999999999999998,True,28,69,13,8518818.027698582,0.1379816178469199,0.03945891166285165,0.1741436057682962,-0.04132443366789955
choque_10pct_permanente,permanente,0.9,0.09999999999999998,True,28,69,14,9124234.452560265,0.10763348986734161,0.02655477991777322,0.15006886294902624,-0.03420806247329935
choque_10pct_permanente,permanente,0.9,0.09999999999999998,True,28,69,15,9679427.369059818,0.07841750744504472,0.030345350049702624,0.12880251101824175,-0.026392194825817193
choque_10pct_permanente,permanente,0.9,0.09999999999999998,True,28,69,16,10022431.291937951,0.06057541819034582,0.055164859416972245,0.11792466845865622,-0.02208418624924946
choque_10pct_permanente,permanente,0.9,0.09999999999999998,True,28,69,17,10264497.484729428,0.059572483615847875,0.101580417461695,0.11755353946576867,-0.014222273044454297
choque_10pct_permanente,permanente,0.9,0.09999999999999998,True,28,69,18,10471775.775649386,0.06654876617787887,0.15043590812593055,0.13221877570584945,-0.0023974044443813886
choque_10pct_permanente,permanente,0.9,0.09999999999999998,True,28,69,19,10681772.811667519,0.06416316195899863,0.1878723074061761,0.14588043932731073,-0.0003406888131028701
choque_10pct_permanente,permanente,0.9,0.09999999999999998,True,28,69,20,10808069.071589231,0.06327355281562981,0.218368158640182,0.14891343969308715,0.005820613513958163
choque_10pct_permanente,permanente,0.9,0.09999999999999998,True,28,69,21,10756690.152319703,0.07144828228826135,0.23685686927811633,0.16410263603161432,0.0020984119947551373
choque_10pct_permanente,permanente,0.9,0.09999999999999998,True,28,69,22,10505143.003364883,0.08544658514045572,0.23758159506474064,0.1892521475433284,-0.009054394689798264
choque_10pct_permanente,permanente,0.9,0.09999999999999998,True,28,69,23,10345353.60555414,0.0966545138352663,0.21957850399567325,0.20606155025855052,-0.025066455671869447
choque_10pct_permanente,permanente,0.9,0.09999999999999998,True,28,69,24,10199532.504396813,0.09869936265926686,0.1919416667676983,0.21280328324488454,-0.04349136610694214
choque_10pct_permanente,permanente,0.9,0.09999999999999998,True,28,69,25,10302431.776657524,0.08700964999228816,0.1629205880514002,0.20543219133804738,-0.05499418680983024
choque_10pct_permanente,permanente,0.9,0.09999999999999998,True,29,70,0,7609597.0,0.138,0.03,0.12063832026847152,0.010583740505574736
choque_10pct_permanente,permanente,0.9,0.09999999999999998,True,29,70,1,7652724.38733265,0.14039181650999813,0.030000000000000027,0.11859183719691781,0.007984885903803248
choque_10pct_permanente,permanente,0.9,0.09999999999999998,True,29,70,2,7793908.918816493,0.13522708141572493,0.024179988109196637,0.12056402716108525,0.003817102098398722
choque_10pct_permanente,permanente,0.9,0.09999999999999998,True,29,70,3,8077686.681735072,0.12411570269766257,0.026810744714600876,0.11133125850897442,0.004050078983218172
choque_10pct_permanente,permanente,0.9,0.09999999999999998,True,29,70,4,8408213.34759326,0.10734523513754805,0.03016333054236031,0.10323583965387939,0.008238099446535783
choque_10pct_permanente,permanente,0.9,0.09999999999999998,True,29,70,5,8658586.14416522,0.0929627254558542,0.046947871294422905,0.09599840838614239,0.010800448990228076
choque_10pct_permanente,permanente,0.9,0.09999999999999998,True,29,70,6,8775248.91532272,0.09168764842055314,0.06908653655301178,0.09955770513967421,0.008089081695233293
choque_10pct_permanente,permanente,0.9,0.09999999999999998,True,29,70,7,8798886.00367761,0.10089780265548084,0.09290040764548224,0.11096557552312494,0.011227119182979375
choque_10pct_permanente,permanente,0.9,0.09999999999999998,True,29,70,8,8800804.599437073,0.10683106221182914,0.10565664707430633,0.1272507606072793,0.007165168326408311
choque_10pct_permanente,permanente,0.9,0.09999999999999998,True,29,70,9,8745113.102051634,0.1155165512721071,0.1126085091580038,0.1388373767533531,0.009300966351796416
choque_10pct_permanente,permanente,0.9,0.09999999999999998,True,29,70,10,8624796.24658358,0.12346882930328505,0.10679021037538572,0.15532530578943252,-0.0024344600298740453
choque_10pct_permanente,permanente,0.9,0.09999999999999998,True,29,70,11,8562567.796511607,0.13112199676525585,0.09640253633073481,0.16573787306850313,-0.013779175501620153
choque_10pct_permanente,permanente,0.9,0.09999999999999998,True,29,70,12,8509976.13426099,0.13506558834996518,0.0798258641586218,0.17422035379597448,-0.024883298872774223
choque_10pct_permanente,permanente,0.9,0.09999999999999998,True,29,70,13,8645886.49974849,0.12822062429113842,0.06474639850426533,0.1706540680001124,-0.03323432096839639
choque_10pct_permanente,permanente,0.9,0.09999999999999998,True,29,70,14,8953053.48769383,0.11545026229936756,0.052987384889127576,0.1594083138939806,-0.034471533110865676
choque_10pct_permanente,permanente,0.9,0.09999999999999998,True,29,70,15,9398926.388123615,0.08952564439569478,0.05038291532618322,0.14259687811855756,-0.030792257083968294
choque_10pct_permanente,permanente,0.9,0.09999999999999998,True,29,70,16,9972107.957306668,0.06429427752559243,0.06374450254509201,0.12392858542132476,-0.022231694506726078
choque_10pct_permanente,permanente,0.9,0.09999999999999998,True,29,70,17,10288231.422767606,0.05107060330950289,0.09989733141560952,0.11413520934768961,-0.010444913229441567
choque_10pct_permanente,permanente,0.9,0.09999999999999998,True,29,70,18,10524914.148153324,0.05416549145800392,0.15452632245775377,0.11865736480674872,0.0007103183464604938
choque_10pct_permanente,permanente,0.9,0.09999999999999998,True,29,70,19,10669277.658356747,0.06547053495939185,0.2023166188465373,0.14228623627400616,0.00576743541391174
choque_10pct_permanente,permanente,0.9,0.09999999999999998,True,29,70,20,10773167.242003601,0.07371450040555243,0.2293332100651,0.1627160058349677,0.0020949881799474253
choque_10pct_permanente,permanente,0.9,0.09999999999999998,True,29,70,21,10615271.4526802,0.08157973699580648,0.23532423602495967,0.1769905537197491,-0.0060692786956721536
choque_10pct_permanente,permanente,0.9,0.09999999999999998,True,29,70,22,10458648.295451377,0.08467223286982614,0.22512438340650287,0.18886238803429184,-0.016159084973952263
choque_10pct_permanente,permanente,0.9,0.09999999999999998,True,29,70,23,10386213.35348511,0.08430776527875547,0.20665664612733448,0.19369801665437522,-0.026905484048695787
choque_10pct_permanente,permanente,0.9,0.09999999999999998,True,29,70,24,10347469.271283071,0.08394894214939799,0.18680592711637134,0.19732391674353125,-0.03877230264899936
choque_10pct_permanente,permanente,0.9,0.09999999999999998,True,29,70,25,10490366.694595672,0.07744190959477369,0.16995931285917232,0.19466126723185412,-0.04787278271780913
choque_10pct_permanente,permanente,0.9,0.09999999999999998,True,30,71,0,7609597.0,0.138,0.03,0.12063832026847152,0.010583740505574736
choque_10pct_permanente,permanente,0.9,0.09999999999999998,True,30,71,1,7652724.38733265,0.14039181650999813,0.030000000000000027,0.11859183719691781,0.007984885903803248
choque_10pct_permanente,permanente,0.9,0.09999999999999998,True,30,71,2,7798724.13808399,0.13522708141572493,0.024171687956530574,0.1204136488021475,0.0023558645248872114
choque_10pct_permanente,permanente,0.9,0.09999999999999998,True,30,71,3,8054625.753905785,0.12462994789303233,0.026899655657140142,0.11113475461850242,0.006612365752353059
choque_10pct_permanente,permanente,0.9,0.09999999999999998,True,30,71,4,8408271.606461918,0.10649883576022703,0.030318046293073442,0.10252030583947239,0.006779272021392102
choque_10pct_permanente,permanente,0.9,0.09999999999999998,True,30,71,5,8687367.589509532,0.09021877419350036,0.04872476415028659,0.09291642648555723,0.011997798753729312
choque_10pct_permanente,permanente,0.9,0.09999999999999998,True,30,71,6,8842640.95017338,0.08545544545743763,0.0711258635488452,0.09455098151719082,0.014513515925701156
choque_10pct_permanente,permanente,0.9,0.09999999999999998,True,30,71,7,8886519.492050258,0.09343713954313122,0.09910839344212197,0.1056053945155503,0.017586058966365208
choque_10pct_permanente,permanente,0.9,0.09999999999999998,True,30,71,8,8801829.065764118,0.10916283494642112,0.11576117498890115,0.12868172636829897,0.01140605693841643
choque_10pct_permanente,permanente,0.9,0.09999999999999998,True,30,71,9,8583633.83927819,0.1286870033621885,0.12055676476151755,0.15226729131553277,0.0035563077588966503
choque_10pct_permanente,permanente,0.9,0.09999999999999998,True,30,71,10,8413585.524209801,0.14157299164217613,0.10766576817464024,0.1719453667300877,-0.007881718950991004
choque_10pct_permanente,permanente,0.9,0.09999999999999998,True,30,71,11,8282416.603249497,0.14886381217414385,0.08886937082444768,0.18203292235709828,-0.0217496414041561
choque_10pct_permanente,permanente,0.9,0.09999999999999998,True,30,71,12,8277062.012262684,0.14806340707522134,0.06477655015389683,0.18464766905250368,-0.03370845997386169
choque_10pct_permanente,permanente,0.9,0.09999999999999998,True,30,71,13,8590873.420679752,0.13231825407998632,0.04400955978861165,0.1710452429206463,-0.03956954566360086
choque_10pct_permanente,permanente,0.9,0.09999999999999998,True,30,71,14,9224611.225702934,0.1033624314561688,0.031758099995155886,0.14746219089755772,-0.032620577093721514
choque_10pct_permanente,permanente,0.9,0.09999999999999998,True,30,71,15,9739748.736491814,0.07328872604434385,0.03747833267343581,0.1269986050628785,-0.026422302342067393
choque_10pct_permanente,permanente,0.9,0.09999999999999998,True,30,71,16,10065799.114678662,0.057318283217099406,0.06720514735022132,0.1147924279806288,-0.02062098861409852
choque_10pct_permanente,permanente,0.9,0.09999999999999998,True,30,71,17,10265985.605201092,0.05795459257555168,0.11719344277800836,0.11606602481542928,-0.008525176074636487
choque_10pct_permanente,permanente,0.9,0.09999999999999998,True,30,71,18,10509844.22893457,0.06678766665903023,0.16563608855373868,0.13290915791233832,5.522419607375248e-05
choque_10pct_permanente,permanente,0.9,0.09999999999999998,True,30,71,19,10678877.35289919,0.06326300900965597,0.19919379492998468,0.14806674332251588,0.004173574720939434
choque_10pct_permanente,permanente,0.9,0.09999999999999998,True,30,71,20,10794363.427417487,0.06118496945385123,0.22721452192560676,0.14895760452563125,0.004003931304023375
choque_10pct_permanente,permanente,0.9,0.09999999999999998,True,30,71,21,10722882.838666601,0.07440609430262161,0.24274245096472025,0.16578982592009442,0.000339732313734803
choque_10pct_permanente,permanente,0.9,0.09999999999999998,True,30,71,22,10416681.4627615,0.0934984537727785,0.23698559510933648,0.1972761445581219,-0.011980248282382536
choque_10pct_permanente,permanente,0.9,0.09999999999999998,True,30,71,23,10232991.082000583,0.0999421912714834,0.21197719686842187,0.21219091415977828,-0.03207920550900548
choque_10pct_permanente,permanente,0.9,0.09999999999999998,True,30,71,24,10170524.715847732,0.09696593338322639,0.18167217404544922,0.2094858070430032,-0.04502091509719102
choque_10pct_permanente,permanente,0.9,0.09999999999999998,True,30,71,25,10356778.666064255,0.07949474623908308,0.15317214237344667,0.1995642404776111,-0.052860655789495434
choque_10pct_permanente,permanente,0.9,0.09999999999999998,True,31,72,0,7609597.0,0.138,0.03,0.12063832026847152,0.010583740505574736
choque_10pct_permanente,permanente,0.9,0.09999999999999998,True,31,72,1,7652724.38733265,0.14039181650999813,0.030000000000000027,0.11859183719691781,0.007984885903803248
choque_10pct_permanente,permanente,0.9,0.09999999999999998,True,31,72,2,7798943.542504845,0.13522708141572493,0.024186540020322278,0.12055318810911574,0.005573485531992079
choque_10pct_permanente,permanente,0.9,0.09999999999999998,True,31,72,3,8033871.603258951,0.12505829932360707,0.026859604820157257,0.11232426066780227,0.004300717423559229
choque_10pct_permanente,permanente,0.9,0.09999999999999998,True,31,72,4,8384971.505487379,0.10985609237692037,0.030204546394460463,0.10425054266943844,0.00631900207828983
choque_10pct_permanente,permanente,0.9,0.09999999999999998,True,31,72,5,8655221.687527278,0.09390570591481173,0.04729637179794399,0.095462052882893,0.013312798508027439
choque_10pct_permanente,permanente,0.9,0.09999999999999998,True,31,72,6,8755739.15762591,0.0893645581787218,0.06786959799721437,0.09729752502819343,0.015397914086265334
choque_10pct_permanente,permanente,0.9,0.09999999999999998,True,31,72,7,8823588.56443407,0.09536314562500785,0.09363458316239459,0.1070910401711441,0.014506699695144029
choque_10pct_permanente,permanente,0.9,0.09999999999999998,True,31,72,8,8773568.717626223,0.11009451009572467,0.1081788895471214,0.12810863113575569,0.009170222947367601
choque_10pct_permanente,permanente,0.9,0.09999999999999998,True,31,72,9,8587560.688505383,0.12727738955151482,0.11209664597248103,0.15128290723560403,0.0019017659619332604
choque_10pct_permanente,permanente,0.9,0.09999999999999998,True,31,72,10,8430618.107369758,0.14124968526273607,0.10207221980186065,0.16964804768886982,-0.013649758567709643
choque_10pct_permanente,permanente,0.9,0.09999999999999998,True,31,72,11,8347382.644624441,0.14665408425773208,0.08448384376170459,0.1774241669795944,-0.023281174168771616
choque_10pct_permanente,permanente,0.9,0.09999999999999998,True,31,72,12,8495008.715207586,0.13656995848236161,0.06387069624978814,0.17218736980159094,-0.029723807750316036
choque_10pct_permanente,permanente,0.9,0.09999999999999998,True,31,72,13,8808629.87528982,0.11676251839977787,0.04870086715463984,0.15778344227783964,-0.031354003835985994
choque_10pct_permanente,permanente,0.9,0.09999999999999998,True,31,72,14,9287085.403968142,0.09346796792507663,0.04297613451188864,0.1407982703152706,-0.024602263972248708
choque_10pct_permanente,permanente,0.9,0.09999999999999998,True,31,72,15,9657834.130299088,0.07120024456845002,0.053822078201013035,0.1279305127595185,-0.018570310920070013
choque_10pct_permanente,permanente,0.9,0.09999999999999998,True,31,72,16,9959294.518118652,0.0631103294317906,0.08490735330886201,0.11986376163538218,-0.014352951974260232
choque_10pct_permanente,permanente,0.9,0.09999999999999998,True,31,72,17,10237727.930002712,0.06263652297852304,0.12672304985794036,0.12467328402444,-0.006223283708939297
choque_10pct_permanente,permanente,0.9,0.09999999999999998,True,31,72,18,10475557.520120755,0.06115158468016155,0.1682215153551787,0.13304759156758011,0.001049494756931423
choque_10pct_permanente,permanente,0.9,0.09999999999999998,True,31,72,19,10694216.8512874,0.05699013684994694,0.20533074340524982,0.13854822661097282,0.004791320500195585
choque_10pct_permanente,permanente,0.9,0.09999999999999998,True,31,72,20,10821544.350201435,0.06212636367381841,0.23642594459518174,0.14646313716162826,0.006287261566679206
choque_10pct_permanente,permanente,0.9,0.09999999999999998,True,31,72,21,10648752.354442745,0.07706671064158467,0.2488878076551071,0.17280764810507046,0.0015219197550282455
choque_10pct_permanente,permanente,0.9,0.09999999999999998,True,31,72,22,10459921.372285984,0.08967479690474037,0.23991652557185272,0.1960085715522323,-0.010756956452776863
choque_10pct_permanente,permanente,0.9,0.09999999999999998,True,31,72,23,10231373.526962671,0.09768204810867101,0.2159581726814075,0.2075873804693446,-0.03018781651995111
choque_10pct_permanente,permanente,0.9,0.09999999999999998,True,31,72,24,10148368.25639921,0.09579087921622292,0.18398122027938135,0.21083384298688285,-0.046154568217593075
choque_10pct_permanente,permanente,0.9,0.09999999999999998,True,31,72,25,10317527.206234908,0.08398391404023092,0.15595032571339562,0.20141192490505808,-0.052432077548942885
choque_10pct_permanente,permanente,0.9,0.09999999999999998,True,32,73,0,7609597.0,0.138,0.03,0.12063832026847152,0.010583740505574736
choque_10pct_permanente,permanente,0.9,0.09999999999999998,True,32,73,1,7652724.38733265,0.14039181650999813,0.030000000000000027,0.11859183719691781,0.007984885903803248
choque_10pct_permanente,permanente,0.9,0.09999999999999998,True,32,73,2,7806073.029954594,0.13522708141572493,0.024178725948676094,0.12041078392684051,0.003719667309244016
choque_10pct_permanente,permanente,0.9,0.09999999999999998,True,32,73,3,8057010.31901437,0.12508063335150787,0.026885833553207172,0.11199793960515526,0.00608347432816441
choque_10pct_permanente,permanente,0.9,0.09999999999999998,True,32,73,4,8349383.641723143,0.11011762460498523,0.03010814174193599,0.10529663561854516,0.006974375694473791
choque_10pct_permanente,permanente,0.9,0.09999999999999998,True,32,73,5,8597612.340899015,0.09671976754258066,0.04663309274169802,0.09723862130814641,0.010658662447859004
choque_10pct_permanente,permanente,0.9,0.09999999999999998,True,32,73,6,8771028.60185735,0.08974059856137862,0.0661583864198998,0.09815595809085374,0.009502373306734233
choque_10pct_permanente,permanente,0.9,0.09999999999999998,True,32,73,7,8844306.73968898,0.09470619228846575,0.09089671289298784,0.10541116321218247,0.012116175470191944
choque_10pct_permanente,permanente,0.9,0.09999999999999998,True,32,73,8,8853894.647546697,0.10347388056784045,0.10678821891930879,0.12227748048583396,0.010028418992066877
choque_10pct_permanente,permanente,0.9,0.09999999999999998,True,32,73,9,8797752.032525735,0.11200899602642075,0.11490932523947262,0.13821186586000483,0.0028005089875054266
choque_10pct_permanente,permanente,0.9,0.09999999999999998,True,32,73,10,8678075.584248273,0.12647509955142816,0.11083329369989525,0.155838163942045,-0.004641997248739738
choque_10pct_permanente,permanente,0.9,0.09999999999999998,True,32,73,11,8533268.538917126,0.1365337390257107,0.09848884333470243,0.17151367559860756,-0.013309746950771084
choque_10pct_permanente,permanente,0.9,0.09999999999999998,True,32,73,12,8476610.196352817,0.13900942954583753,0.08063212995543889,0.17814142824497717,-0.025592702558818667
choque_10pct_permanente,permanente,0.9,0.09999999999999998,True,32,73,13,8577965.172019774,0.13402160007484884,0.06264843576026546,0.1749350808883479,-0.033042106721683805
choque_10pct_permanente,permanente,0.9,0.09999999999999998,True,32,73,14,8890817.903840924,0.11673097321720827,0.049174290964295375,0.16246596785806036,-0.038801730119966314
choque_10pct_permanente,permanente,0.9,0.09999999999999998,True,32,73,15,9517656.302328128,0.0911172729232876,0.045478313097420564,0.14115341572607448,-0.031330322213971834
choque_10pct_permanente,permanente,0.9,0.09999999999999998,True,32,73,16,9909007.933451124,0.06768789609950228,0.05924299361038643,0.12607255369970294,-0.024548441496250382
choque_10pct_permanente,permanente,0.9,0.09999999999999998,True,32,73,17,10198663.642180951,0.05584970130419266,0.09304701892945078,0.11751939463199354,-0.015426511898970506
choque_10pct_permanente,permanente,0.9,0.09999999999999998,True,32,73,18,10514952.62760078,0.05404373427708644,0.14204961719058606,0.11999443187069705,-0.004506889159767235
choque_10pct_permanente,permanente,0.9,0.09999999999999998,True,32,73,19,10765439.44592684,0.058164232624403435,0.19064603622088927,0.13344269782652363,0.003568835557306419
choque_10pct_permanente,permanente,0.9,0.09999999999999998,True,32,73,20,10831752.336935781,0.06561139916828149,0.2281949944222048,0.15206795138801743,0.0064640196608458066
choque_10pct_permanente,permanente,0.9,0.09999999999999998,True,32,73,21,10804932.468664799,0.07528639528496846,0.2452771476108695,0.1697429879016434,0.0029403134852089307
choque_10pct_permanente,permanente,0.9,0.09999999999999998,True,32,73,22,10566549.698061794,0.08622463137929531,0.24212534406998243,0.18922359508145314,-0.008337185988826434
choque_10pct_permanente,permanente,0.9,0.09999999999999998,True,32,73,23,10280120.316115059,0.09759637808356283,0.221066666137695,0.20705570804935444,-0.02762713479439673
choque_10pct_permanente,permanente,0.9,0.09999999999999998,True,32,73,24,10186640.358101245,0.09981883780305459,0.19027765167072053,0.21407615130583174,-0.04409392008983249
choque_10pct_permanente,permanente,0.9,0.09999999999999998,True,32,73,25,10280969.993057223,0.09133412903823462,0.16031305469375834,0.20745042179997686,-0.05651121037800089
choque_10pct_permanente,permanente,0.9,0.09999999999999998,True,33,74,0,7609597.0,0.138,0.03,0.12063832026847152,0.010583740505574736
choque_10pct_permanente,permanente,0.9,0.09999999999999998,True,33,74,1,7652724.38733265,0.14039181650999813,0.030000000000000027,0.11859183719691781,0.007984885903803248
choque_10pct_permanente,permanente,0.9,0.09999999999999998,True,33,74,2,7794346.244993998,0.13522708141572493,0.024178878871325082,0.12053897788241605,0.003676100436403369
choque_10pct_permanente,permanente,0.9,0.09999999999999998,True,33,74,3,8047832.960766992,0.12410537040483062,0.026843123093230004,0.11151557258643194,0.004083187292728948
choque_10pct_permanente,permanente,0.9,0.09999999999999998,True,33,74,4,8407755.108021477,0.10742200071065763,0.030562487666643934,0.10256323619986542,0.007674030567074797
choque_10pct_permanente,permanente,0.9,0.09999999999999998,True,33,74,5,8670944.21194158,0.09122571500832963,0.04843893177747982,0.09349000325766925,0.011798185150633385
choque_10pct_permanente,permanente,0.9,0.09999999999999998,True,33,74,6,8854385.783796966,0.08499391330103587,0.07139132599973252,0.09300091334787745,0.01355851782585766
choque_10pct_permanente,permanente,0.9,0.09999999999999998,True,33,74,7,8933670.964695001,0.08796190679058646,0.09960022861427076,0.1021582170519208,0.01639708848349203
choque_10pct_permanente,permanente,0.9,0.09999999999999998,True,33,74,8,8838642.358296067,0.105570604597587,0.1202886193152981,0.1231120242716959,0.011598165148790963
choque_10pct_permanente,permanente,0.9,0.09999999999999998,True,33,74,9,8692877.096309911,0.12319249725084946,0.12466468280088971,0.14815594058407847,0.0026639908687816644
choque_10pct_permanente,permanente,0.9,0.09999999999999998,True,33,74,10,8548159.814667854,0.13304349118981854,0.11461904786057486,0.16504711102125327,-0.00585705790024201
choque_10pct_permanente,permanente,0.9,0.09999999999999998,True,33,74,11,8388068.4484225605,0.1419956790382106,0.09768195487000675,0.17649997981584561,-0.019841615474751984
choque_10pct_permanente,permanente,0.9,0.09999999999999998,True,33,74,12,8399813.932806676,0.14282232303274864,0.07486727593169351,0.18067590529109392,-0.029732155182107315
choque_10pct_permanente,permanente,0.9,0.09999999999999998,True,33,74,13,8538303.863346081,0.1369035278209812,0.05415436469820678,0.17599091042981602,-0.03784833556073199
choque_10pct_permanente,permanente,0.9,0.09999999999999998,True,33,74,14,8972911.501251196,0.11801465796630771,0.03827004693634484,0.16033814819792444,-0.03731840422796489
choque_10pct_permanente,permanente,0.9,0.09999999999999998,True,33,74,15,9494762.745112598,0.08802356000257879,0.03478592985813078,0.1402310245814421,-0.030494855440658334
choque_10pct_permanente,permanente,0.9,0.09999999999999998,True,33,74,16,9948534.420778284,0.0637663367274387,0.05130213663506966,0.12306645497359747,-0.02336064046975489
choque_10pct_permanente,permanente,0.9,0.09999999999999998,True,33,74,17,10201836.966273041,0.05689115105997628,0.09179718513056723,0.1164825055211329,-0.013809585550455658
choque_10pct_permanente,permanente,0.9,0.09999999999999998,True,33,74,18,10476586.379105078,0.06040408182358178,0.14226802999431531,0.12539427762433294,-0.005509531481772042
choque_10pct_permanente,permanente,0.9,0.09999999999999998,True,33,74,19,10704180.08448246,0.06091811905160744,0.18731625873114144,0.1404171431586152,0.0018327405184892474
choque_10pct_permanente,permanente,0.9,0.09999999999999998,True,33,74,20,10823437.446109585,0.06351926368979696,0.22311102323603316,0.14913804676309683,0.005595344559616829
choque_10pct_permanente,permanente,0.9,0.09999999999999998,True,33,74,21,10716186.782708606,0.0752830252481055,0.24273773080935146,0.16780979126205975,0.0017102849100613074
choque_10pct_permanente,permanente,0.9,0.09999999999999998,True,33,74,22,10509301.68746344,0.09010153338423905,0.23969571237044351,0.19205882126028045,-0.012094290868457985
choque_10pct_permanente,permanente,0.9,0.09999999999999998,True,33,74,23,10315141.73092218,0.09694067194848714,0.21747451652043526,0.2068336847034987,-0.028067300192026003
choque_10pct_permanente,permanente,0.9,0.09999999999999998,True,33,74,24,10176300.93894668,0.09791021717402969,0.18707758168511956,0.21131211861430121,-0.041437524554190724
choque_10pct_permanente,permanente,0.9,0.09999999999999998,True,33,74,25,10261594.22440343,0.08845519912462829,0.1581279456024598,0.20689189467973695,-0.05732483143059498
choque_10pct_permanente,permanente,0.9,0.09999999999999998,True,34,75,0,7609597.0,0.138,0.03,0.12063832026847152,0.010583740505574736
choque_10pct_permanente,permanente,0.9,0.09999999999999998,True,34,75,1,7652724.38733265,0.14039181650999813,0.030000000000000027,0.11859183719691781,0.007984885903803248
choque_10pct_permanente,permanente,0.9,0.09999999999999998,True,34,75,2,7817153.350781714,0.13522708141572493,0.02417296767197974,0.12048837995070284,0.0018178776575865354
choque_10pct_permanente,permanente,0.9,0.09999999999999998,True,34,75,3,8050037.339651956,0.12429583628352474,0.02688580318537337,0.11173020254586101,0.007924258932568783
choque_10pct_permanente,permanente,0.9,0.09999999999999998,True,34,75,4,8371491.188757262,0.10879330674736361,0.03042871911511269,0.10406100712413781,0.00859011546035212
choque_10pct_permanente,permanente,0.9,0.09999999999999998,True,34,75,5,8614169.256828764,0.09342263751107893,0.04766629212348428,0.09616072618367914,0.011271390366733509
choque_10pct_permanente,permanente,0.9,0.09999999999999998,True,34,75,6,8766268.928350186,0.09079387567160362,0.0695796837793845,0.09667544129715264,0.013955685595602129
choque_10pct_permanente,permanente,0.9,0.09999999999999998,True,34,75,7,8822650.095649475,0.09451886732595326,0.09337658056123033,0.10752923906444779,0.012058700264226696
choque_10pct_permanente,permanente,0.9,0.09999999999999998,True,34,75,8,8822789.574669607,0.10470115229294141,0.11013296820597684,0.12227915921497284,0.012752091982598286
choque_10pct_permanente,permanente,0.9,0.09999999999999998,True,34,75,9,8759957.034813883,0.11173822606531625,0.11631074878951075,0.13927608529655422,0.005378097408872819
choque_10pct_permanente,permanente,0.9,0.09999999999999998,True,34,75,10,8630917.12595092,0.12471607784758368,0.11357322030471995,0.15458789809385198,-0.0036768740183353095
choque_10pct_permanente,permanente,0.9,0.09999999999999998,True,34,75,11,8501135.15753153,0.1347191793889311,0.10033423435693267,0.17044003319516168,-0.015209457894822972
choque_10pct_permanente,permanente,0.9,0.09999999999999998,True,34,75,12,8464369.680468692,0.13802374470295617,0.08293383836945822,0.17666955494613365,-0.02681029801166502
choque_10pct_permanente,permanente,0.9,0.09999999999999998,True,34,75,13,8579566.363460677,0.1326115932119764,0.06395074275030055,0.1738253627936845,-0.034260285640899134
choque_10pct_permanente,permanente,0.9,0.09999999999999998,True,34,75,14,8918511.253957156,0.11359767711305946,0.05027642282731959,0.15951063181221334,-0.03263504396364488
choque_10pct_permanente,permanente,0.9,0.09999999999999998,True,34,75,15,9479156.735457344,0.08439466097192037,0.04633009225744056,0.13911310006055058,-0.026393805814641253
choque_10pct_permanente,permanente,0.9,0.09999999999999998,True,34,75,16,9980752.933490396,0.061905192441766,0.0625598247565855,0.12186623198040199,-0.019435112725936246
choque_10pct_permanente,permanente,0.9,0.09999999999999998,True,34,75,17,10274891.036591636,0.05370000757054096,0.10181659966773338,0.11582428395639742,-0.010873142495604008
choque_10pct_permanente,permanente,0.9,0.09999999999999998,True,34,75,18,10556681.005252257,0.05848841070506377,0.1540486623082098,0.12399785368926837,-0.005441303528220995
choque_10pct_permanente,permanente,0.9,0.09999999999999998,True,34,75,19,10671393.074507823,0.06605516696799403,0.196746213784748,0.14475634034194196,0.0021552888226900333
choque_10pct_permanente,permanente,0.9,0.09999999999999998,True,34,75,20,10701644.745486317,0.07005635574672522,0.22496975146992004,0.15910317993102702,0.004280237606222023
choque_10pct_permanente,permanente,0.9,0.09999999999999998,True,34,75,21,10707613.842797961,0.07316299755409016,0.23429196949294373,0.1693276026156783,-0.001243608562811798
choque_10pct_permanente,permanente,0.9,0.09999999999999998,True,34,75,22,10462778.602462756,0.08735953417438427,0.2312453713498177,0.18766493006383342,-0.01373919307297997
choque_10pct_permanente,permanente,0.9,0.09999999999999998,True,34,75,23,10268954.032960387,0.09980400040893803,0.20942759683502765,0.20899525892771317,-0.032449423308952764
choque_10pct_permanente,permanente,0.9,0.09999999999999998,True,34,75,24,10185524.879946036,0.09851253549461407,0.1806292952996893,0.21170427985790508,-0.04572680014603035
choque_10pct_permanente,permanente,0.9,0.09999999999999998,True,34,75,25,10466368.805194816,0.0768192538757614,0.1530639802695386,0.1961992082420141,-0.053566973483715176
choque_10pct_permanente,permanente,0.9,0.09999999999999998,True,35,76,0,7609597.0,0.138,0.03,0.12063832026847152,0.010583740505574736
choque_10pct_permanente,permanente,0.9,0.09999999999999998,True,35,76,1,7652724.38733265,0.14039181650999813,0.030000000000000027,0.11859183719691781,0.007984885903803248
choque_10pct_permanente,permanente,0.9,0.09999999999999998,True,35,76,2,7802730.70561669,0.13522708141572493,0.024187296796349456,0.12044641053496434,0.005865835900893691
choque_10pct_permanente,permanente,0.9,0.09999999999999998,True,35,76,3,8027902.525663208,0.12540384160263557,0.026819468875616703,0.11289647103876752,0.006960385247261418
choque_10pct_permanente,permanente,0.9,0.09999999999999998,True,35,76,4,8376829.146149594,0.11162612961673007,0.029935621438338167,0.10612176885383172,0.008587531342233808
choque_10pct_permanente,permanente,0.9,0.09999999999999998,True,35,76,5,8541745.592219677,0.10021206181876256,0.04533769069479199,0.10098395745529587,0.010258007646122233
choque_10pct_permanente,permanente,0.9,0.09999999999999998,True,35,76,6,8699979.947081404,0.09623666417312214,0.06217979417408581,0.10322200418446967,0.007771175310090357
choque_10pct_permanente,permanente,0.9,0.09999999999999998,True,35,76,7,8790374.43702958,0.09892001072357456,0.08405256504807701,0.10977256039762567,0.008354957674240732
choque_10pct_permanente,permanente,0.9,0.09999999999999998,True,35,76,8,8815064.055426326,0.10516003160464207,0.09797510151384126,0.12261489382534667,0.007508987781396857
choque_10pct_permanente,permanente,0.9,0.09999999999999998,True,35,76,9,8786199.978087934,0.11172735341077468,0.10567262937120847,0.13603674973853752,0.004516866770632944
choque_10pct_permanente,permanente,0.9,0.09999999999999998,True,35,76,10,8704185.994772702,0.11758727506122728,0.10487423362685533,0.14966332380791902,-0.0047548825396830875
choque_10pct_permanente,permanente,0.9,0.09999999999999998,True,35,76,11,8691969.200594585,0.12400913713353909,0.09832522691498391,0.15879481986943533,-0.013211014622687596
choque_10pct_permanente,permanente,0.9,0.09999999999999998,True,35,76,12,8609326.207873315,0.12763346398940958,0.08769081041726423,0.16770484993300375,-0.023497798930711057
choque_10pct_permanente,permanente,0.9,0.09999999999999998,True,35,76,13,8771386.137300445,0.12269774568964216,0.0743433909267679,0.1655000090327505,-0.02675534414316242
choque_10pct_permanente,permanente,0.9,0.09999999999999998,True,35,76,14,9019263.61997335,0.1077146793277163,0.06467894481217806,0.155953565084328,-0.029499604831468917
choque_10pct_permanente,permanente,0.9,0.09999999999999998,True,35,76,15,9510474.669022923,0.0813700308980153,0.06367197115759482,0.13851473293204722,-0.02603217594635979
choque_10pct_permanente,permanente,0.9,0.09999999999999998,True,35,76,16,9962882.234591143,0.059430439676491545,0.08180460067943263,0.12106677297346227,-0.016538028751956122
choque_10pct_permanente,permanente,0.9,0.09999999999999998,True,35,76,17,10340004.982998349,0.04860794935001214,0.12165476723097202,0.11246510796053251,-0.008130081345255039
choque_10pct_permanente,permanente,0.9,0.09999999999999998,True,35,76,18,10622852.201932633,0.052009020978397456,0.1781455203202711,0.11746719964835324,0.004123428662513054
choque_10pct_permanente,permanente,0.9,0.09999999999999998,True,35,76,19,10762714.041903755,0.06409458839896814,0.22401155052095634,0.141916598966348,0.011023944913097931
choque_10pct_permanente,permanente,0.9,0.09999999999999998,True,35,76,20,10747355.92155428,0.07464344537501887,0.24748789421636563,0.1656253315405557,0.005504584428314694
choque_10pct_permanente,permanente,0.9,0.09999999999999998,True,35,76,21,10440571.170958677,0.08945023918640106,0.24549954320813638,0.18663039859866629,-0.00565266993117476
choque_10pct_permanente,permanente,0.9,0.09999999999999998,True,35,76,22,10159217.761655826,0.10249768776608705,0.22370773486389872,0.20604269795667293,-0.022735895203108748
choque_10pct_permanente,permanente,0.9,0.09999999999999998,True,35,76,23,9987373.854525238,0.10603935535134408,0.18992394801274015,0.21439773655490216,-0.040292542259522765
choque_10pct_permanente,permanente,0.9,0.09999999999999998,True,35,76,24,9962764.562401468,0.10108235601830039,0.15446585368648846,0.21237561820893144,-0.054495530286443515
choque_10pct_permanente,permanente,0.9,0.09999999999999998,True,35,76,25,10332393.72973558,0.07944930792826953,0.12533192862892428,0.19655952215385505,-0.05955461032201323
choque_10pct_permanente,permanente,0.9,0.09999999999999998,True,36,77,0,7609597.0,0.138,0.03,0.12063832026847152,0.010583740505574736
choque_10pct_permanente,permanente,0.9,0.09999999999999998,True,36,77,1,7652717.703786862,0.14039187151079002,0.030000000000000027,0.1185921564109529,0.007984789613649897
choque_10pct_permanente,permanente,0.9,0.09999999999999998,True,36,77,2,7797301.432333067,0.13522817256822742,0.024176348789232804,0.12054391703875096,0.003132824924809708
choque_10pct_permanente,permanente,0.9,0.09999999999999998,True,36,77,3,8066839.669660508,0.12445129646435647,0.026875541848083717,0.11137101778441127,0.005848889384789103
choque_10pct_permanente,permanente,0.9,0.09999999999999998,True,36,77,4,8376962.371772485,0.10843775438185499,0.030392987511353997,0.10400930667425655,0.007681942462052319
choque_10pct_permanente,permanente,0.9,0.09999999999999998,True,36,77,5,8622613.825713694,0.09417031561435789,0.047098013018238793,0.09607032110528584,0.00950699723689454
choque_10pct_permanente,permanente,0.9,0.09999999999999998,True,36,77,6,8833704.274852855,0.08943362838015816,0.06728802776250253,0.09635501787000146,0.012504017882037215
choque_10pct_permanente,permanente,0.9,0.09999999999999998,True,36,77,7,8918397.023034306,0.09093399170501403,0.09272223960582049,0.10437754836007568,0.014826891977777815
choque_10pct_permanente,permanente,0.9,0.09999999999999998,True,36,77,8,8894304.308447624,0.10149481455624608,0.11282593953343323,0.12035252348003067,0.01376921928467517
choque_10pct_permanente,permanente,0.9,0.09999999999999998,True,36,77,9,8708699.879623357,0.11955016744138765,0.12179773745505051,0.14392886337060168,0.005981786358458788
choque_10pct_permanente,permanente,0.9,0.09999999999999998,True,36,77,10,8509491.745582357,0.13797928910912455,0.1139309974271474,0.16780048521150967,-0.006054190597485667
choque_10pct_permanente,permanente,0.9,0.09999999999999998,True,36,77,11,8311287.7070802525,0.15055625144771742,0.09629032920128,0.18424153877558894,-0.02108967088618973
choque_10pct_permanente,permanente,0.9,0.09999999999999998,True,36,77,12,8283902.317416567,0.15212921317083863,0.07163842942918341,0.18893142795544204,-0.03501613899764155
choque_10pct_permanente,permanente,0.9,0.09999999999999998,True,36,77,13,8444899.120611764,0.143560423495811,0.04937214452015959,0.18049622433591397,-0.04182531672616859
choque_10pct_permanente,permanente,0.9,0.09999999999999998,True,36,77,14,8950610.296909953,0.12009346115377421,0.032398529128031095,0.1605126575638398,-0.040056603521365176
choque_10pct_permanente,permanente,0.9,0.09999999999999998,True,36,77,15,9572652.225715881,0.08769815911016939,0.028722954130239176,0.1375616486576608,-0.03315943429542691
choque_10pct_permanente,permanente,0.9,0.09999999999999998,True,36,77,16,9921336.816648442,0.06589245190488845,0.045767777649135644,0.12311393112695251,-0.0249222721152285
choque_10pct_permanente,permanente,0.9,0.09999999999999998,True,36,77,17,10211776.092600558,0.058972872347051945,0.08390044579216194,0.11886594219542011,-0.018701176496121123
choque_10pct_permanente,permanente,0.9,0.09999999999999998,True,36,77,18,10355545.662981,0.06668106423620816,0.13373238389000797,0.12925607124810973,-0.009169507160989306
choque_10pct_permanente,permanente,0.9,0.09999999999999998,True,36,77,19,10630822.941588305,0.06648718833648638,0.17038730323861762,0.14652873786743398,-0.0035361634943949904
choque_10pct_permanente,permanente,0.9,0.09999999999999998,True,36,77,20,10797679.719974197,0.06277045483174848,0.20336714095401387,0.1490900450852135,0.002327350424917294
choque_10pct_permanente,permanente,0.9,0.09999999999999998,True,36,77,21,10715001.218530739,0.07166422044436199,0.22574430645125054,0.16152275963375273,0.0004596736931424366
choque_10pct_permanente,permanente,0.9,0.09999999999999998,True,36,77,22,10627620.77339651,0.08048214008432945,0.229608070974747,0.18405140099601214,-0.010682997820504093
choque_10pct_permanente,permanente,0.9,0.09999999999999998,True,36,77,23,10517374.235561108,0.08631603297320371,0.21932605382685688,0.19507965735838687,-0.019468646365065834
choque_10pct_permanente,permanente,0.9,0.09999999999999998,True,36,77,24,10499182.996343287,0.08317562369966153,0.200587805075358,0.19881619322894822,-0.03368612680237379
choque_10pct_permanente,permanente,0.9,0.09999999999999998,True,36,77,25,10577538.829025477,0.07799039807541637,0.18305782430875928,0.19507054923105055,-0.041441930734028486
choque_10pct_permanente,permanente,0.9,0.09999999999999998,True,37,78,0,7609597.0,0.138,0.03,0.12063832026847152,0.010583740505574736
choque_10pct_permanente,permanente,0.9,0.09999999999999998,True,37,78,1,7652724.38733265,0.14039181650999813,0.030000000000000027,0.11859183719691781,0.007984885903803248
choque_10pct_permanente,permanente,0.9,0.09999999999999998,True,37,78,2,7811944.858553902,0.13522720206223762,0.0241666286569604,0.12058669013549693,0.00018585739055203764
choque_10pct_permanente,permanente,0.9,0.09999999999999998,True,37,78,3,8094525.125686543,0.12367789968368018,0.026920387337477703,0.11080671413169939,0.0052715041838161504
choque_10pct_permanente,permanente,0.9,0.09999999999999998,True,37,78,4,8350276.109201933,0.10863709884444168,0.030769941322713823,0.10373413893051436,0.005768933818499963
choque_10pct_permanente,permanente,0.9,0.09999999999999998,True,37,78,5,8674141.719411755,0.09120224481746551,0.04825621101515143,0.09335758391097809,0.011859979663454765
choque_10pct_permanente,permanente,0.9,0.09999999999999998,True,37,78,6,8877491.796583027,0.08328245879845556,0.07061565302895456,0.09207566083567092,0.016058061905996405
choque_10pct_permanente,permanente,0.9,0.09999999999999998,True,37,78,7,8934148.83732949,0.08996483634674457,0.09970437761496664,0.10146757621785783,0.016211681579683068
choque_10pct_permanente,permanente,0.9,0.09999999999999998,True,37,78,8,8886951.254769027,0.10317575765095184,0.11745710167943701,0.12342942431946348,0.013769443249225128
choque_10pct_permanente,permanente,0.9,0.09999999999999998,True,37,78,9,8753414.82560651,0.11731197259023754,0.12515188072509553,0.14453502785035993,0.006573868632540832
choque_10pct_permanente,permanente,0.9,0.09999999999999998,True,37,78,10,8536971.203323616,0.13701861238462223,0.11727199215320949,0.16632212677530595,-0.004593711933108738
choque_10pct_permanente,permanente,0.9,0.09999999999999998,True,37,78,11,8360478.032433295,0.1483038054784449,0.0985765456127361,0.18226718532166625,-0.015198055210858352
choque_10pct_permanente,permanente,0.9,0.09999999999999998,True,37,78,12,8340819.839115115,0.14582970285372396,0.07436444908614459,0.18473476694297447,-0.030570349576537464
choque_10pct_permanente,permanente,0.9,0.09999999999999998,True,37,78,13,8520505.44082446,0.1323097448668588,0.05266248645300964,0.17530881961041764,-0.0350948200692935
choque_10pct_permanente,permanente,0.9,0.09999999999999998,True,37,78,14,8964717.750749819,0.11315526822490875,0.038977078462068215,0.15751544321428304,-0.034132547342991246
choque_10pct_permanente,permanente,0.9,0.09999999999999998,True,37,78,15,9451968.095597025,0.08789744231105354,0.03773279852046185,0.14015712884995304,-0.030123170067813475
choque_10pct_permanente,permanente,0.9,0.09999999999999998,True,37,78,16,9893255.104982136,0.064978267981481,0.05479688337369959,0.12414086154447943,-0.024648058807970052
choque_10pct_permanente,permanente,0.9,0.09999999999999998,True,37,78,17,10317939.688522274,0.05248424838693452,0.09411766905295238,0.11435031515076406,-0.01410702859108117
choque_10pct_permanente,permanente,0.9,0.09999999999999998,True,37,78,18,10586713.096502328,0.050636001064988556,0.15176656295287105,0.11645916610684699,-0.0008057273209989214
choque_10pct_permanente,permanente,0.9,0.09999999999999998,True,37,78,19,10745068.857023302,0.06047119712880409,0.20795868763583214,0.1336164553252752,0.008675773184760711
choque_10pct_permanente,permanente,0.9,0.09999999999999998,True,37,78,20,10812963.0368844,0.07347466602436686,0.23992704439796375,0.16031230821002923,0.008085164944792328
choque_10pct_permanente,permanente,0.9,0.09999999999999998,True,37,78,21,10671339.227285454,0.0793750747305583,0.24661638526984175,0.17887439446053502,0.0005384636708206509
choque_10pct_permanente,permanente,0.9,0.09999999999999998,True,37,78,22,10469951.01173227,0.08471974556635402,0.23656940705591833,0.1890395983751908,-0.012168344176721215
choque_10pct_permanente,permanente,0.9,0.09999999999999998,True,37,78,23,10302174.640650904,0.09276723753445282,0.2137444775291486,0.20162114020205224,-0.026292440148448372
choque_10pct_permanente,permanente,0.9,0.09999999999999998,True,37,78,24,10173060.647050494,0.09775762110420357,0.18577719969275797,0.21125027213311026,-0.043221629967110896
choque_10pct_permanente,permanente,0.9,0.09999999999999998,True,37,78,25,10290586.497289402,0.08746634289478379,0.15715054399962858,0.20701673927358,-0.05646354862736677
choque_10pct_permanente,permanente,0.9,0.09999999999999998,True,38,79,0,7609597.0,0.138,0.03,0.12063832026847152,0.010583740505574736
choque_10pct_permanente,permanente,0.9,0.09999999999999998,True,38,79,1,7652724.38733265,0.14039181650999813,0.030000000000000027,0.11859183719691781,0.007984885903803248
choque_10pct_permanente,permanente,0.9,0.09999999999999998,True,38,79,2,7805467.640744476,0.13522708141572493,0.02418630659483445,0.12056947695808339,0.005628385718672757
choque_10pct_permanente,permanente,0.9,0.09999999999999998,True,38,79,3,8017292.966872868,0.1252915579837711,0.026864732214723297,0.11286921658241382,0.005709835360944892
choque_10pct_permanente,permanente,0.9,0.09999999999999998,True,38,79,4,8334416.405343128,0.11107775116975839,0.030036851707745837,0.10528397704826867,0.006842628413261025
choque_10pct_permanente,permanente,0.9,0.09999999999999998,True,38,79,5,8644370.617748749,0.09472112025751303,0.04549866276843284,0.09634453702465764,0.01046287295956584
choque_10pct_permanente,permanente,0.9,0.09999999999999998,True,38,79,6,8812708.420563616,0.08600180335500852,0.066286817708743,0.09517802969530893,0.012642500302032391
choque_10pct_permanente,permanente,0.9,0.09999999999999998,True,38,79,7,8919863.54304553,0.08849975411056724,0.09313666539819887,0.10188127280512725,0.013260142810658022
choque_10pct_permanente,permanente,0.9,0.09999999999999998,True,38,79,8,8917971.445863156,0.10069248773532165,0.114887113802556,0.11851909420144383,0.012887477893473512
choque_10pct_permanente,permanente,0.9,0.09999999999999998,True,38,79,9,8828310.902420308,0.11231992667774758,0.12397013466587681,0.13833611517731204,0.008676478922451764
choque_10pct_permanente,permanente,0.9,0.09999999999999998,True,38,79,10,8664204.8416659,0.12393421147265907,0.1213846735164057,0.15613317179725597,-0.0028257635429631803
choque_10pct_permanente,permanente,0.9,0.09999999999999998,True,38,79,11,8501976.82315605,0.13732718457927467,0.10786892170656515,0.1712703833866109,-0.012275634247969507
choque_10pct_permanente,permanente,0.9,0.09999999999999998,True,38,79,12,8456099.292093713,0.1391346710015525,0.08738435856429505,0.17928316620949167,-0.025520734329045176
choque_10pct_permanente,permanente,0.9,0.09999999999999998,True,38,79,13,8563106.963084843,0.13430511475444487,0.06646823982942163,0.17589842928908844,-0.032762343190957804
choque_10pct_permanente,permanente,0.9,0.09999999999999998,True,38,79,14,8824263.841687618,0.11983296039583148,0.049436042656152424,0.16607192498867535,-0.03761034529405133
choque_10pct_permanente,permanente,0.9,0.09999999999999998,True,38,79,15,9305247.315849787,0.09595306919224085,0.04181781189640099,0.14810656487069865,-0.03329488606824246
choque_10pct_permanente,permanente,0.9,0.09999999999999998,True,38,79,16,9880303.997311024,0.06681278846943216,0.05041825866585303,0.12795436944802818,-0.025384130265799745
choque_10pct_permanente,permanente,0.9,0.09999999999999998,True,38,79,17,10327860.653836388,0.05074451114924223,0.08499945839083156,0.11294545298731971,-0.016157507982660916
choque_10pct_permanente,permanente,0.9,0.09999999999999998,True,38,79,18,10591083.861113604,0.04925145118001152,0.14263178494374884,0.11296908454479597,-0.001366988599668736
choque_10pct_permanente,permanente,0.9,0.09999999999999998,True,38,79,19,10774634.709952423,0.05978138011344037,0.20261368843443694,0.13190919437659435,0.007694832670672838
choque_10pct_permanente,permanente,0.9,0.09999999999999998,True,38,79,20,10856471.238774667,0.07126303482760381,0.23954596623998747,0.1581736113796164,0.008725492919190253
choque_10pct_permanente,permanente,0.9,0.09999999999999998,True,38,79,21,10712346.83647971,0.07743746804341674,0.2507271460387268,0.17553973800080136,0.0036882069961584945
choque_10pct_permanente,permanente,0.9,0.09999999999999998,True,38,79,22,10508913.184666932,0.08563821428410226,0.24327445029585082,0.18827890231739117,-0.010873221272163957
choque_10pct_permanente,permanente,0.9,0.09999999999999998,True,38,79,23,10269099.035758369,0.09599246380079503,0.22062095001441429,0.20351411610903875,-0.025837643548517558
choque_10pct_permanente,permanente,0.9,0.09999999999999998,True,38,79,24,10200124.41112749,0.09428843018671948,0.18885231639626054,0.2101974353790671,-0.04278338671988367
choque_10pct_permanente,permanente,0.9,0.09999999999999998,True,38,79,25,10371363.667165408,0.08373763913705627,0.16122112895870822,0.20092224891900518,-0.05356958524992424
choque_10pct_permanente,permanente,0.9,0.09999999999999998,True,39,80,0,7609597.0,0.138,0.03,0.12063832026847152,0.010583740505574736
choque_10pct_permanente,permanente,0.9,0.09999999999999998,True,39,80,1,7652724.38733265,0.14039181650999813,0.030000000000000027,0.11859183719691781,0.007984885903803248
choque_10pct_permanente,permanente,0.9,0.09999999999999998,True,39,80,2,7808200.792774914,0.13522708141572493,0.02418544137591594,0.12034762689050274,0.005220372836864475
choque_10pct_permanente,permanente,0.9,0.09999999999999998,True,39,80,3,8035062.194423687,0.12596384584639977,0.02686556713124344,0.1127589891774157,0.007163916986414155
choque_10pct_permanente,permanente,0.9,0.09999999999999998,True,39,80,4,8339641.154430015,0.11184337766396084,0.029721019123407633,0.10672704748153952,0.005265422493528874
choque_10pct_permanente,permanente,0.9,0.09999999999999998,True,39,80,5,8596965.80667722,0.09744172137768675,0.044412195966737844,0.09867713732163955,0.012035727618717311
choque_10pct_permanente,permanente,0.9,0.09999999999999998,True,39,80,6,8750114.820522547,0.09042558032631275,0.06369545008924171,0.09878535600168245,0.010752497563785985
choque_10pct_permanente,permanente,0.9,0.09999999999999998,True,39,80,7,8848654.710623188,0.0936223608778448,0.08851777118384585,0.10524890211355004,0.013572373674016381
choque_10pct_permanente,permanente,0.9,0.09999999999999998,True,39,80,8,8863601.284489555,0.10052282847439406,0.10661245677687914,0.12092486687646296,0.012050457304178556
choque_10pct_permanente,permanente,0.9,0.09999999999999998,True,39,80,9,8757763.663832499,0.1155208067597719,0.11679686499727815,0.13930653386686026,0.0072388455368773245
choque_10pct_permanente,permanente,0.9,0.09999999999999998,True,39,80,10,8579364.67596041,0.131097378202329,0.11285123509134554,0.16125721091193465,-0.005433101489832463
choque_10pct_permanente,permanente,0.9,0.09999999999999998,True,39,80,11,8429620.510248903,0.14153720259380254,0.09888618012041905,0.17581940621122366,-0.016582869811191964
choque_10pct_permanente,permanente,0.9,0.09999999999999998,True,39,80,12,8414043.401103988,0.1434592624668158,0.07919524480532258,0.18022577761417877,-0.024040874402173278
choque_10pct_permanente,permanente,0.9,0.09999999999999998,True,39,80,13,8533522.844935937,0.13476580628214763,0.05822571748831362,0.17608127688134395,-0.0323074041959681
choque_10pct_permanente,permanente,0.9,0.09999999999999998,True,39,80,14,8912188.617561346,0.1138205047197298,0.043226152235139814,0.16063171894578396,-0.03521116916521398
choque_10pct_permanente,permanente,0.9,0.09999999999999998,True,39,80,15,9475376.685013015,0.08655774781849719,0.040688673344905,0.13980251718223322,-0.031096684157911184
choque_10pct_permanente,permanente,0.9,0.09999999999999998,True,39,80,16,9936175.561665459,0.06198547982495535,0.05755713248684424,0.12244852806549522,-0.023132595387613017
choque_10pct_permanente,permanente,0.9,0.09999999999999998,True,39,80,17,10309206.205384262,0.05010092713575431,0.09938215040681375,0.11134441820892256,-0.011089155960779619
choque_10pct_permanente,permanente,0.9,0.09999999999999998,True,39,80,18,10665014.22761648,0.04943244302510714,0.1590174946886065,0.11360591641588692,0.0025004632590202172
choque_10pct_permanente,permanente,0.9,0.09999999999999998,True,39,80,19,10807615.746662376,0.05850542864696829,0.21633903603204607,0.13251556862774444,0.012628947291937774
choque_10pct_permanente,permanente,0.9,0.09999999999999998,True,39,80,20,10945506.229549196,0.0659745259812292,0.24937848411727925,0.1561344947466701,0.011796881727451013
choque_10pct_permanente,permanente,0.9,0.09999999999999998,True,39,80,21,10800927.508458907,0.0786673660195395,0.2618855468692811,0.17413401038393764,0.003591399076377924
choque_10pct_permanente,permanente,0.9,0.09999999999999998,True,39,80,22,10417655.274893507,0.09794332664267012,0.2470292959538316,0.20174564698873604,-0.01110247669929175
choque_10pct_permanente,permanente,0.9,0.09999999999999998,True,39,80,23,10056160.002267962,0.11206480629820038,0.21534170471311032,0.22222141453740557,-0.033422855321687414
choque_10pct_permanente,permanente,0.9,0.09999999999999998,True,39,80,24,9911908.982682286,0.1106802531243738,0.17450625594011826,0.2248802702717454,-0.050616036080502365
choque_10pct_permanente,permanente,0.9,0.09999999999999998,True,39,80,25,10072765.527299114,0.09682977817145008,0.1382592449674953,0.21212182322687387,-0.062116553508557604
choque_10pct_permanente,permanente,0.9,0.09999999999999998,True,40,81,0,7609597.0,0.138,0.03,0.12063832026847152,0.010583740505574736
choque_10pct_permanente,permanente,0.9,0.09999999999999998,True,40,81,1,7652724.38733265,0.14039181650999813,0.030000000000000027,0.11859183719691781,0.007984885903803248
choque_10pct_permanente,permanente,0.9,0.09999999999999998,True,40,81,2,7791795.83856827,0.13522708141572493,0.024180090599306148,0.1205498280887741,0.0038389432304243515
choque_10pct_permanente,permanente,0.9,0.09999999999999998,True,40,81,3,8075670.949947581,0.12380897409330736,0.02686445481971589,0.11098593246899349,0.00915771220492161
choque_10pct_permanente,permanente,0.9,0.09999999999999998,True,40,81,4,8342893.204058298,0.10814366766662828,0.030637668217898817,0.10456875380432996,0.007661717681852086
choque_10pct_permanente,permanente,0.9,0.09999999999999998,True,40,81,5,8608632.054551736,0.09704767392517928,0.047669162722120406,0.09721722990681778,0.010196786740786005
choque_10pct_permanente,permanente,0.9,0.09999999999999998,True,40,81,6,8764519.449444316,0.09328438390976557,0.06665552997174018,0.09964153593167434,0.01073313919642874
choque_10pct_permanente,permanente,0.9,0.09999999999999998,True,40,81,7,8857082.995287137,0.09417981545982335,0.08960659049983599,0.1064214676844375,0.011443339601622885
choque_10pct_permanente,permanente,0.9,0.09999999999999998,True,40,81,8,8872930.968725732,0.10052551357766416,0.10633584316362898,0.11969079543453118,0.00988630528866387
choque_10pct_permanente,permanente,0.9,0.09999999999999998,True,40,81,9,8803834.595682716,0.11119645184090277,0.11595249145903286,0.13651543533582278,0.0052595387188890215
choque_10pct_permanente,permanente,0.9,0.09999999999999998,True,40,81,10,8665085.530106232,0.12547743957634258,0.11277148448080854,0.15580539774162688,-0.004890431250651918
choque_10pct_permanente,permanente,0.9,0.09999999999999998,True,40,81,11,8539229.162344564,0.13540983870546078,0.10035923631684995,0.17076590455720364,-0.016904969796895573
choque_10pct_permanente,permanente,0.9,0.09999999999999998,True,40,81,12,8531703.920853736,0.13665937237405015,0.08217277879676654,0.17577220367317417,-0.025864551636358396
choque_10pct_permanente,permanente,0.9,0.09999999999999998,True,40,81,13,8652378.991555266,0.1294950568413616,0.06508011380042311,0.17044425590393616,-0.03090855754883968
choque_10pct_permanente,permanente,0.9,0.09999999999999998,True,40,81,14,9009243.424831202,0.10615478883395492,0.052534554514858334,0.15599533791987122,-0.03111594008231194
choque_10pct_permanente,permanente,0.9,0.09999999999999998,True,40,81,15,9466004.121301806,0.08507075906732722,0.05339232385037129,0.13788850724545057,-0.02643930623480588
choque_10pct_permanente,permanente,0.9,0.09999999999999998,True,40,81,16,9912693.360509256,0.0652472724192546,0.06914513137037437,0.12580403456456854,-0.021503177250696042
choque_10pct_permanente,permanente,0.9,0.09999999999999998,True,40,81,17,10331642.681539772,0.05176923692416929,0.10492071558474159,0.11649556018923837,-0.009590695418245523
choque_10pct_permanente,permanente,0.9,0.09999999999999998,True,40,81,18,10540493.259124065,0.0536809596193271,0.15899739441647687,0.11926301311947221,0.0011760405906085238
choque_10pct_permanente,permanente,0.9,0.09999999999999998,True,40,81,19,10694530.900607333,0.06652005826267961,0.2070117009196768,0.1409263765629134,0.008118637117914858
choque_10pct_permanente,permanente,0.9,0.09999999999999998,True,40,81,20,10717889.65812006,0.07285854602118579,0.23125549868240847,0.16486660760950325,0.004955612205139844
choque_10pct_permanente,permanente,0.9,0.09999999999999998,True,40,81,21,10602805.418856377,0.081972119068413,0.2383027830594684,0.1754671781034498,-0.0024949854184652385
choque_10pct_permanente,permanente,0.9,0.09999999999999998,True,40,81,22,10349952.904460989,0.0909954613562316,0.22453500340406918,0.19502831616758995,-0.01808356267831305
choque_10pct_permanente,permanente,0.9,0.09999999999999998,True,40,81,23,10210360.460623858,0.096174272410991,0.20112830486739552,0.20504655587079335,-0.0328291162980493
choque_10pct_permanente,permanente,0.9,0.09999999999999998,True,40,81,24,10124239.83076616,0.09631327661298635,0.17264060991964647,0.20944570144819416,-0.05000450067185874
choque_10pct_permanente,permanente,0.9,0.09999999999999998,True,40,81,25,10399224.90056162,0.08178510811798662,0.14729990969652085,0.19865529964777312,-0.05456016045956362
choque_10pct_permanente,permanente,0.9,0.09999999999999998,True,41,82,0,7609597.0,0.138,0.03,0.12063832026847152,0.010583740505574736
choque_10pct_permanente,permanente,0.9,0.09999999999999998,True,41,82,1,7652724.38733265,0.14039181650999813,0.030000000000000027,0.11859183719691781,0.007984885903803248
choque_10pct_permanente,permanente,0.9,0.09999999999999998,True,41,82,2,7804161.342545421,0.13522708141572493,0.024181451857486325,0.12048374104937541,0.004463367105977549
choque_10pct_permanente,permanente,0.9,0.09999999999999998,True,41,82,3,8037306.605265866,0.12521985422798892,0.026870543244538414,0.11227156104350028,0.006428005564398915
choque_10pct_permanente,permanente,0.9,0.09999999999999998,True,41,82,4,8376623.174433023,0.11150345996583516,0.0300461811692454,0.1054722248192005,0.007758729041679784
choque_10pct_permanente,permanente,0.9,0.09999999999999998,True,41,82,5,8550247.694561174,0.09766375379350647,0.04440031216991991,0.10020855277178255,0.009695140538509924
choque_10pct_permanente,permanente,0.9,0.09999999999999998,True,41,82,6,8746015.556417176,0.0928102367303589,0.06429505343166664,0.0997459772190553,0.01119447985037518
choque_10pct_permanente,permanente,0.9,0.09999999999999998,True,41,82,7,8815772.632852443,0.09448792967016885,0.08815806358345335,0.1072084056553302,0.011062002714706767
choque_10pct_permanente,permanente,0.9,0.09999999999999998,True,41,82,8,8799911.827362226,0.10569818219770184,0.10639156368307745,0.12164587785333382,0.010366288542368396
choque_10pct_permanente,permanente,0.9,0.09999999999999998,True,41,82,9,8722892.428733874,0.11482012048972902,0.11263258378377294,0.14049014568538512,0.003829303146365401
choque_10pct_permanente,permanente,0.9,0.09999999999999998,True,41,82,10,8616699.284733208,0.12431913990849579,0.1101587507526045,0.15401532049898264,-0.0019738346749218994
choque_10pct_permanente,permanente,0.9,0.09999999999999998,True,41,82,11,8585722.539618902,0.12912036297580107,0.09747906948871443,0.16410320786100596,-0.011948470082202418
choque_10pct_permanente,permanente,0.9,0.09999999999999998,True,41,82,12,8587781.621855486,0.12761281015907902,0.08218475518905244,0.16871008219155537,-0.025167557724584802
choque_10pct_permanente,permanente,0.9,0.09999999999999998,True,41,82,13,8738108.557043947,0.12336868216465692,0.06718810800007957,0.1651703287708509,-0.02843762961721432
choque_10pct_permanente,permanente,0.9,0.09999999999999998,True,41,82,14,9100461.678391438,0.10417260106725536,0.05661550179058383,0.15388065426311098,-0.03055942672991726
choque_10pct_permanente,permanente,0.9,0.09999999999999998,True,41,82,15,9540052.855344128,0.08278514360607445,0.05869558072392733,0.13697268391409714,-0.026121041037477005
choque_10pct_permanente,permanente,0.9,0.09999999999999998,True,41,82,16,9949595.991668884,0.06261270951622698,0.07605784260294612,0.12489499670853706,-0.019116289413761946
choque_10pct_permanente,permanente,0.9,0.09999999999999998,True,41,82,17,10301782.403348984,0.053425960020928774,0.11444035029145772,0.1168455753441398,-0.009869761136783624
choque_10pct_permanente,permanente,0.9,0.09999999999999998,True,41,82,18,10532051.779584229,0.05676797575432298,0.16430508251260134,0.12387648000757381,0.00017686024181060212
choque_10pct_permanente,permanente,0.9,0.09999999999999998,True,41,82,19,10680258.65270851,0.06576476778672286,0.2073949540082154,0.14306130073906473,0.004896756225170338
choque_10pct_permanente,permanente,0.9,0.09999999999999998,True,41,82,20,10780705.033246955,0.06829698325118269,0.22939113169303504,0.1594241489162919,0.006438855651251901
choque_10pct_permanente,permanente,0.9,0.09999999999999998,True,41,82,21,10661446.998089781,0.073968314938802,0.2405275836704086,0.1700566803778753,-0.0016052098857155036
choque_10pct_permanente,permanente,0.9,0.09999999999999998,True,41,82,22,10461480.09800195,0.0876594510959304,0.23312262197719846,0.18918072615722373,-0.013457360225778097
choque_10pct_permanente,permanente,0.9,0.09999999999999998,True,41,82,23,10266765.024839379,0.09700602111153372,0.21206814841257304,0.2065296669202178,-0.028304051316327225
choque_10pct_permanente,permanente,0.9,0.09999999999999998,True,41,82,24,10164083.639905851,0.09663765526495696,0.18350430667418638,0.21079362007738286,-0.046591372564527854
choque_10pct_permanente,permanente,0.9,0.09999999999999998,True,41,82,25,10335125.101923676,0.08496778095001954,0.156637168584828,0.20103521244672806,-0.050785949504854766
choque_10pct_permanente,permanente,0.9,0.09999999999999998,True,42,83,0,7609597.0,0.138,0.03,0.12063832026847152,0.010583740505574736
choque_10pct_permanente,permanente,0.9,0.09999999999999998,True,42,83,1,7652724.38733265,0.14039181650999813,0.030000000000000027,0.11859183719691781,0.007984885903803248
choque_10pct_permanente,permanente,0.9,0.09999999999999998,True,42,83,2,7809911.119751594,0.13522708141572493,0.024186657377943677,0.12048474702435293,0.005776961624849792
choque_10pct_permanente,permanente,0.9,0.09999999999999998,True,42,83,3,8018061.038339455,0.12665789346615375,0.02685962375110229,0.11348078533846509,0.007979938804951722
choque_10pct_permanente,permanente,0.9,0.09999999999999998,True,42,83,4,8305617.180034985,0.11399259819694661,0.029405143029064273,0.10821630138304673,0.005959566471408082
choque_10pct_permanente,permanente,0.9,0.09999999999999998,True,42,83,5,8559459.370570581,0.09947994463656892,0.04354899479292018,0.10116819758327483,0.006674585026339032
choque_10pct_permanente,permanente,0.9,0.09999999999999998,True,42,83,6,8742777.68405168,0.09420083262850507,0.061378378093168706,0.1007366718492307,0.009794750774461103
choque_10pct_permanente,permanente,0.9,0.09999999999999998,True,42,83,7,8800314.281924115,0.09754903376917096,0.08321774680929916,0.10896695107103865,0.010937241045492416
choque_10pct_permanente,permanente,0.9,0.09999999999999998,True,42,83,8,8789382.018393982,0.10586570444271773,0.09963978533047912,0.12400963902318857,0.006223779220205874
choque_10pct_permanente,permanente,0.9,0.09999999999999998,True,42,83,9,8745763.199726917,0.11621955414765696,0.10715783317938254,0.13945230306751405,0.0046999851573454755
choque_10pct_permanente,permanente,0.9,0.09999999999999998,True,42,83,10,8655079.930712558,0.12388926491165889,0.10377962807388275,0.15323259444780196,-0.00132205091426243
choque_10pct_permanente,permanente,0.9,0.09999999999999998,True,42,83,11,8633126.035487957,0.12349804854571406,0.09490408136126849,0.16044864931106817,-0.01334904631268045
choque_10pct_permanente,permanente,0.9,0.09999999999999998,True,42,83,12,8698676.811920812,0.12355166660965049,0.0830248393095896,0.16218546341601583,-0.020533806503646945
choque_10pct_permanente,permanente,0.9,0.09999999999999998,True,42,83,13,8800053.006290315,0.11915127440377707,0.07200137874660295,0.16238474496126426,-0.024708461738350614
choque_10pct_permanente,permanente,0.9,0.09999999999999998,True,42,83,14,9021169.626891183,0.10551802170858905,0.0644406601879921,0.15526384154398648,-0.030208100173485575
choque_10pct_permanente,permanente,0.9,0.09999999999999998,True,42,83,15,9508054.516835986,0.0834731169237237,0.06574886023907656,0.13894203039120778,-0.026742304136187504
choque_10pct_permanente,permanente,0.9,0.09999999999999998,True,42,83,16,9989641.347372843,0.061105595380950034,0.08258379254551174,0.12302954753129608,-0.017565301651737496
choque_10pct_permanente,permanente,0.9,0.09999999999999998,True,42,83,17,10298810.840013394,0.04941401930636266,0.12067959291659869,0.11428153457591635,-0.008641037086637248
choque_10pct_permanente,permanente,0.9,0.09999999999999998,True,42,83,18,10653919.532992803,0.05225097018432418,0.17533537510580266,0.11699272972858289,0.0033984199034454974
choque_10pct_permanente,permanente,0.9,0.09999999999999998,True,42,83,19,10739945.223530456,0.061304574394728126,0.22143909501655168,0.14112910448299607,0.007872195793654642
choque_10pct_permanente,permanente,0.9,0.09999999999999998,True,42,83,20,10774019.24967047,0.07301378937116697,0.24678060913548094,0.16177659070874176,0.008406452422015065
choque_10pct_permanente,permanente,0.9,0.09999999999999998,True,42,83,21,10616216.016132224,0.08211549946134478,0.2476750175288509,0.18192777172924152,-0.003039319304599083
choque_10pct_permanente,permanente,0.9,0.09999999999999998,True,42,83,22,10303943.869594915,0.09861165229114556,0.2334379360776342,0.1993031574833252,-0.020368628835013284
choque_10pct_permanente,permanente,0.9,0.09999999999999998,True,42,83,23,10008702.406808753,0.11001529288962467,0.20036465513597657,0.21856517454776944,-0.03911930372653894
choque_10pct_permanente,permanente,0.9,0.09999999999999998,True,42,83,24,9964230.466436496,0.1063830363509664,0.1644163071559117,0.2172679575663371,-0.055365851154932394
choque_10pct_permanente,permanente,0.9,0.09999999999999998,True,42,83,25,10185593.87677652,0.08825596736928282,0.13166913607888642,0.20284029988497412,-0.061523701994620546
choque_10pct_permanente,permanente,0.9,0.09999999999999998,True,43,84,0,7609597.0,0.138,0.03,0.12063832026847152,0.010583740505574736
choque_10pct_permanente,permanente,0.9,0.09999999999999998,True,43,84,1,7652724.38733265,0.14039181650999813,0.030000000000000027,0.11859183719691781,0.007984885903803248
choque_10pct_permanente,permanente,0.9,0.09999999999999998,True,43,84,2,7810811.761430795,0.13522708141572493,0.024182515913943492,0.1203253310066372,0.004817003313949821
choque_10pct_permanente,permanente,0.9,0.09999999999999998,True,43,84,3,8019206.633895097,0.1253927685392432,0.026857880032511217,0.11300784677369528,0.004979565564166392
choque_10pct_permanente,permanente,0.9,0.09999999999999998,True,43,84,4,8368616.786595549,0.11060214541053523,0.02994788564086881,0.10499444770872926,0.006099185562851557
choque_10pct_permanente,permanente,0.9,0.09999999999999998,True,43,84,5,8612913.741950447,0.09393061889855056,0.04638642929060688,0.0962539516767838,0.009202212614944054
choque_10pct_permanente,permanente,0.9,0.09999999999999998,True,43,84,6,8833688.11065678,0.08679698039502697,0.06721993439512386,0.0953539034876008,0.011467228127193948
choque_10pct_permanente,permanente,0.9,0.09999999999999998,True,43,84,7,8889860.802972743,0.0925442395449245,0.09413155486810343,0.1037434273142693,0.01572046476294472
choque_10pct_permanente,permanente,0.9,0.09999999999999998,True,43,84,8,8854035.596978616,0.10424703248734368,0.11064832157607807,0.12391398303634506,0.012500039398090813
choque_10pct_permanente,permanente,0.9,0.09999999999999998,True,43,84,9,8747868.257600332,0.11683186089089322,0.11873651362780846,0.14238807928708033,0.007093289394411174
choque_10pct_permanente,permanente,0.9,0.09999999999999998,True,43,84,10,8596704.637631433,0.12911365336687047,0.11291384851484243,0.16038935801515983,-0.003923835036723857
choque_10pct_permanente,permanente,0.9,0.09999999999999998,True,43,84,11,8430367.605974283,0.14053417526534356,0.09920604067638017,0.17518056935126036,-0.017012324049895205
choque_10pct_permanente,permanente,0.9,0.09999999999999998,True,43,84,12,8354492.30400797,0.14587290866596994,0.07955517066486784,0.1828866043427806,-0.028562522054112735
choque_10pct_permanente,permanente,0.9,0.09999999999999998,True,43,84,13,8510758.103364235,0.13788675194110228,0.05943904268049183,0.17671073434966275,-0.03722899727124872
choque_10pct_permanente,permanente,0.9,0.09999999999999998,True,43,84,14,8949706.613413503,0.1173241060602412,0.04322623322823538,0.1600971187134897,-0.03850348075162391
choque_10pct_permanente,permanente,0.9,0.09999999999999998,True,43,84,15,9569888.80223743,0.08837576815141943,0.03778998470790107,0.13979512890359103,-0.02931465700812532
choque_10pct_permanente,permanente,0.9,0.09999999999999998,True,43,84,16,9786518.23499094,0.0706658666518531,0.05202396490911809,0.12838598590057493,-0.02283398875424663
choque_10pct_permanente,permanente,0.9,0.09999999999999998,True,43,84,17,10127324.351814456,0.06104176888267793,0.08386909367069229,0.12351528720983922,-0.020494497691428547
choque_10pct_permanente,permanente,0.9,0.09999999999999998,True,43,84,18,10468942.8895755,0.058010167767032966,0.12909984735639535,0.1244841839857383,-0.008687601444247083
choque_10pct_permanente,permanente,0.9,0.09999999999999998,True,43,84,19,10772503.552664008,0.05849842450889726,0.17593901043642668,0.13311107726527288,-0.001968071803030525
choque_10pct_permanente,permanente,0.9,0.09999999999999998,True,43,84,20,10811314.733459635,0.06345707400871327,0.21468147848570274,0.14803442014109144,0.0051813092647937965
choque_10pct_permanente,permanente,0.9,0.09999999999999998,True,43,84,21,10844679.170294398,0.06851590101270645,0.2383215496078539,0.16360627633083819,0.002939705911607083
choque_10pct_permanente,permanente,0.9,0.09999999999999998,True,43,84,22,10744814.29350927,0.0766616216662488,0.2440471148761052,0.1783584723883196,-0.002922075608694628
choque_10pct_permanente,permanente,0.9,0.09999999999999998,True,43,84,23,10616076.282178167,0.08472599593351234,0.2338478134208124,0.19378422476580107,-0.01717319371665866
choque_10pct_permanente,permanente,0.9,0.09999999999999998,True,43,84,24,10410041.60913465,0.09067633547939545,0.21178303877992777,0.20692780686095508,-0.032045393180531886
choque_10pct_permanente,permanente,0.9,0.09999999999999998,True,43,84,25,10397923.176374672,0.0900769790841476,0.18635721346424305,0.2094052507021185,-0.04785108490884078
choque_10pct_permanente,permanente,0.9,0.09999999999999998,True,44,85,0,7609597.0,0.138,0.03,0.12063832026847152,0.010583740505574736
choque_10pct_permanente,permanente,0.9,0.09999999999999998,True,44,85,1,7652724.38733265,0.14039181650999813,0.030000000000000027,0.11859183719691781,0.007984885903803248
choque_10pct_permanente,permanente,0.9,0.09999999999999998,True,44,85,2,7807316.642150581,0.13522708141572493,0.02418726956457662,0.12045697700954835,0.00614458450597104
choque_10pct_permanente,permanente,0.9,0.09999999999999998,True,44,85,3,8024777.877599951,0.12522467831065154,0.026840922670184897,0.11319498608561496,0.007415745857610678
choque_10pct_permanente,permanente,0.9,0.09999999999999998,True,44,85,4,8323193.018146642,0.11403624152876227,0.030038288331314833,0.10781530558373625,0.004971503868447743
choque_10pct_permanente,permanente,0.9,0.09999999999999998,True,44,85,5,8563524.44876052,0.10216233241640747,0.043092934805424976,0.10233488660781505,0.008224940893068935
choque_10pct_permanente,permanente,0.9,0.09999999999999998,True,44,85,6,8735152.133612271,0.0940911874060589,0.05963499670549366,0.10248503162642114,0.011062675807278466
choque_10pct_permanente,permanente,0.9,0.09999999999999998,True,44,85,7,8784961.384477532,0.09908076636192953,0.08259977556832943,0.10939424193227792,0.009785533723571226
choque_10pct_permanente,permanente,0.9,0.09999999999999998,True,44,85,8,8724435.392202357,0.11210008104287401,0.09798710968986413,0.12734421354556147,0.007563560059372603
choque_10pct_permanente,permanente,0.9,0.09999999999999998,True,44,85,9,8698091.339817282,0.11986381341165873,0.10317046358304305,0.14218079977206524,0.002533005738154122
choque_10pct_permanente,permanente,0.9,0.09999999999999998,True,44,85,10,8639935.063660678,0.12583201720538137,0.09866149233623411,0.15419075275144206,-0.007657606201492824
choque_10pct_permanente,permanente,0.9,0.09999999999999998,True,44,85,11,8566291.207025476,0.13306029038129238,0.08737868754701483,0.16567179402219576,-0.019080938942894445
choque_10pct_permanente,permanente,0.9,0.09999999999999998,True,44,85,12,8601613.933894401,0.13519883995588164,0.07245498371982162,0.17080203633871588,-0.026218931315458358
choque_10pct_permanente,permanente,0.9,0.09999999999999998,True,44,85,13,8718222.856785621,0.12667859094700348,0.05874129275807349,0.1672902014375858,-0.03289868595740668
choque_10pct_permanente,permanente,0.9,0.09999999999999998,True,44,85,14,9080763.439946594,0.10797725385656859,0.04918429939937452,0.15328173529389033,-0.032782492783104925
choque_10pct_permanente,permanente,0.9,0.09999999999999998,True,44,85,15,9659081.072654668,0.08045978551698359,0.051269007860849314,0.13427920391539128,-0.02671798787145324
choque_10pct_permanente,permanente,0.9,0.09999999999999998,True,44,85,16,9989401.376684042,0.06317388089207153,0.0732756103015404,0.12122017718068424,-0.020223740862375328
choque_10pct_permanente,permanente,0.9,0.09999999999999998,True,44,85,17,10332294.512862334,0.05112917596764648,0.11312349491139395,0.1158247499291661,-0.009239304201656771
choque_10pct_permanente,permanente,0.9,0.09999999999999998,True,44,85,18,10638570.902753113,0.052237957507663385,0.17064238027580259,0.11700170915034032,0.0019466632240470196
choque_10pct_permanente,permanente,0.9,0.09999999999999998,True,44,85,19,10779292.446010804,0.06298986683487852,0.22047232934754346,0.13903079203818608,0.008162142012876765
choque_10pct_permanente,permanente,0.9,0.09999999999999998,True,44,85,20,10696615.850657009,0.0797849836705395,0.2458446032808319,0.1670029142279145,0.007829903400225798
choque_10pct_permanente,permanente,0.9,0.09999999999999998,True,44,85,21,10445257.853617465,0.09369643941751318,0.24157309050260678,0.1918165120013557,-0.006956883828411994
choque_10pct_permanente,permanente,0.9,0.09999999999999998,True,44,85,22,10131495.92745976,0.10449161677931619,0.21816703630013645,0.2072682519656119,-0.0247624548188293
choque_10pct_permanente,permanente,0.9,0.09999999999999998,True,44,85,23,9960873.831458818,0.10847905731733763,0.18318720893336882,0.21531365671281974,-0.04453515524476531
choque_10pct_permanente,permanente,0.9,0.09999999999999998,True,44,85,24,10011258.66864543,0.10146088764213639,0.1482154570184966,0.21068907515853705,-0.05381075555019922
choque_10pct_permanente,permanente,0.9,0.09999999999999998,True,44,85,25,10385567.754475161,0.07805323348158237,0.12207036182319797,0.1932641576202568,-0.05977817632738372
choque_10pct_permanente,permanente,0.9,0.09999999999999998,True,45,86,0,7609597.0,0.138,0.03,0.12063832026847152,0.010583740505574736
choque_10pct_permanente,permanente,0.9,0.09999999999999998,True,45,86,1,7652724.38733265,0.14039181650999813,0.030000000000000027,0.11859183719691781,0.007984885903803248
choque_10pct_permanente,permanente,0.9,0.09999999999999998,True,45,86,2,7804821.945893089,0.13522708141572493,0.024181660520726123,0.1204409798147925,0.004452771995248942
choque_10pct_permanente,permanente,0.9,0.09999999999999998,True,45,86,3,8054069.1350224465,0.12563695437298492,0.026768397176334613,0.11233442999303887,0.004438612209676164
choque_10pct_permanente,permanente,0.9,0.09999999999999998,True,45,86,4,8369146.936572825,0.11160588803108798,0.029904714004077126,0.1059762311345866,0.004618977743506862
choque_10pct_permanente,permanente,0.9,0.09999999999999998,True,45,86,5,8603239.09006856,0.09593947348548101,0.045150974780860054,0.09831806771301262,0.010093178011157028
choque_10pct_permanente,permanente,0.9,0.09999999999999998,True,45,86,6,8753321.916139498,0.09178413839757277,0.06501786709717017,0.09812540830852445,0.010138852239917643
choque_10pct_permanente,permanente,0.9,0.09999999999999998,True,45,86,7,8878710.02870845,0.09253289495073304,0.08810425674585431,0.10583596354696273,0.010963896690562766
choque_10pct_permanente,permanente,0.9,0.09999999999999998,True,45,86,8,8872789.61576028,0.10102974727415871,0.10721280737272543,0.11978228526223218,0.012558200346278001
choque_10pct_permanente,permanente,0.9,0.09999999999999998,True,45,86,9,8783428.525554942,0.11295889509712466,0.11610711831336151,0.13873381749412803,0.007046892531124499
choque_10pct_permanente,permanente,0.9,0.09999999999999998,True,45,86,10,8634981.485933475,0.1263807798959356,0.11404314821508987,0.15752659299226884,-0.002824655816745671
choque_10pct_permanente,permanente,0.9,0.09999999999999998,True,45,86,11,8490300.893387878,0.13793077595049236,0.10227978325910714,0.17182532926808133,-0.01402590749803355
choque_10pct_permanente,permanente,0.9,0.09999999999999998,True,45,86,12,8430642.02424635,0.13938662199476867,0.08444437049182962,0.1778212506196278,-0.027185790389206016
choque_10pct_permanente,permanente,0.9,0.09999999999999998,True,45,86,13,8621576.33091527,0.1302320775762693,0.06554428451650396,0.17084574918665532,-0.03270897089223506
choque_10pct_permanente,permanente,0.9,0.09999999999999998,True,45,86,14,8985181.119972678,0.11018838914818463,0.05095483750158669,0.15691147851491938,-0.03172863618964035
choque_10pct_permanente,permanente,0.9,0.09999999999999998,True,45,86,15,9479613.450135076,0.08550884250411667,0.04812130618386856,0.13919561853700624,-0.027634353791352373
choque_10pct_permanente,permanente,0.9,0.09999999999999998,True,45,86,16,9888338.62696927,0.06440003272731591,0.06327468609406339,0.12494130272218597,-0.02160945546050076
choque_10pct_permanente,permanente,0.9,0.09999999999999998,True,45,86,17,10276730.398629589,0.05256621546281656,0.09951472049521448,0.1161620379151206,-0.015401077041285734
choque_10pct_permanente,permanente,0.9,0.09999999999999998,True,45,86,18,10626062.374102041,0.05078949630104331,0.154109291590123,0.11656863046665968,0.0006338603957779629
choque_10pct_permanente,permanente,0.9,0.09999999999999998,True,45,86,19,10801459.707171807,0.05588829989847728,0.20842622431128177,0.13225392303584263,0.008963937980018637
choque_10pct_permanente,permanente,0.9,0.09999999999999998,True,45,86,20,10880413.806617733,0.07048179711793313,0.2469900290296554,0.15395802821186383,0.01004557517551666
choque_10pct_permanente,permanente,0.9,0.09999999999999998,True,45,86,21,10679728.88184156,0.08380863336480293,0.2535922024041497,0.1820737472371972,0.002270277653086753
choque_10pct_permanente,permanente,0.9,0.09999999999999998,True,45,86,22,10436985.307706485,0.09182240647749568,0.23997552859519633,0.19662056623381133,-0.012131322060116745
choque_10pct_permanente,permanente,0.9,0.09999999999999998,True,45,86,23,10170328.251509147,0.0986095673771806,0.21210017079932486,0.2080913368214516,-0.03103343461132181
choque_10pct_permanente,permanente,0.9,0.09999999999999998,True,45,86,24,10120502.81074719,0.0978340182426126,0.17996836157692697,0.21171450410290915,-0.04966153012175124
choque_10pct_permanente,permanente,0.9,0.09999999999999998,True,45,86,25,10241580.44051872,0.08715096663292833,0.15043969513428168,0.20327790885562852,-0.054866223236498764
choque_10pct_permanente,permanente,0.9,0.09999999999999998,True,46,87,0,7609597.0,0.138,0.03,0.12063832026847152,0.010583740505574736
choque_10pct_permanente,permanente,0.9,0.09999999999999998,True,46,87,1,7652724.38733265,0.14039181650999813,0.030000000000000027,0.11859183719691781,0.007984885903803248
choque_10pct_permanente,permanente,0.9,0.09999999999999998,True,46,87,2,7799057.932954765,0.13522708141572493,0.02417880353602997,0.12044503908376385,0.003936019571987566
choque_10pct_permanente,permanente,0.9,0.09999999999999998,True,46,87,3,8061381.212170868,0.12405664699595019,0.026876224925362457,0.11158195730001623,0.009199841516495342
choque_10pct_permanente,permanente,0.9,0.09999999999999998,True,46,87,4,8340000.641661577,0.109250903028756,0.030534198898975573,0.10527597395173473,0.00863498322432612
choque_10pct_permanente,permanente,0.9,0.09999999999999998,True,46,87,5,8560513.023440218,0.09844990218803486,0.046402795529271845,0.09942083827272585,0.013354182445033653
choque_10pct_permanente,permanente,0.9,0.09999999999999998,True,46,87,6,8728741.936998023,0.09353049343217756,0.0649315966673849,0.10188067163054663,0.013017624142975671
choque_10pct_permanente,permanente,0.9,0.09999999999999998,True,46,87,7,8758450.66682801,0.09979122952684068,0.08804380967038417,0.11112699619123668,0.011922642398847409
choque_10pct_permanente,permanente,0.9,0.09999999999999998,True,46,87,8,8701925.165085368,0.11256760678007144,0.1014267112171725,0.13004139980432503,0.004720156312849287
choque_10pct_permanente,permanente,0.9,0.09999999999999998,True,46,87,9,8647198.148901371,0.12306903570260058,0.10548351980468529,0.14494711164948895,0.0025519869451786944
choque_10pct_permanente,permanente,0.9,0.09999999999999998,True,46,87,10,8604174.8039397,0.12440476462626175,0.09836063063498823,0.155066673873794,-0.005052723294110955
choque_10pct_permanente,permanente,0.9,0.09999999999999998,True,46,87,11,8635314.509974923,0.12326194184652421,0.08888576151744165,0.15815167034500457,-0.013539486069142214
choque_10pct_permanente,permanente,0.9,0.09999999999999998,True,46,87,12,8659628.523901973,0.12326067186353175,0.07748261070899276,0.16171561363286172,-0.02264349145373132
choque_10pct_permanente,permanente,0.9,0.09999999999999998,True,46,87,13,8841834.62821035,0.11535519183531195,0.06669193912161098,0.15898175401776518,-0.02590293183904104
choque_10pct_permanente,permanente,0.9,0.09999999999999998,True,46,87,14,9180439.624920331,0.09992453926164654,0.06170683335293026,0.14916595512169947,-0.029371057670044623
choque_10pct_permanente,permanente,0.9,0.09999999999999998,True,46,87,15,9547561.236639569,0.08228370069556688,0.06655585101721395,0.13600293584224393,-0.022547624259581747
choque_10pct_permanente,permanente,0.9,0.09999999999999998,True,46,87,16,10040934.094675388,0.060719153798624706,0.08553762089649974,0.12364288826514233,-0.018307406340581575
choque_10pct_permanente,permanente,0.9,0.09999999999999998,True,46,87,17,10316456.918573666,0.05386076325314786,0.12566933921334011,0.11566269742574997,-0.005210302337532936
choque_10pct_permanente,permanente,0.9,0.09999999999999998,True,46,87,18,10544658.393321516,0.057149828983156986,0.1740266218185862,0.12573153290073025,0.0028494116803651917
choque_10pct_permanente,permanente,0.9,0.09999999999999998,True,46,87,19,10668464.306039333,0.06560956769727146,0.21373176960615203,0.1448806279698814,0.005515180537938831
choque_10pct_permanente,permanente,0.9,0.09999999999999998,True,46,87,20,10619550.300778622,0.07556270735334342,0.23434753046851253,0.16509988455162916,0.00010245278113147736
choque_10pct_permanente,permanente,0.9,0.09999999999999998,True,46,87,21,10502129.392129553,0.08277728347589643,0.23379150957399686,0.18102068514965575,-0.005582606535087867
choque_10pct_permanente,permanente,0.9,0.09999999999999998,True,46,87,22,10293522.871368505,0.0922445910087413,0.2200445571347629,0.194646850280083,-0.021093662787180282
choque_10pct_permanente,permanente,0.9,0.09999999999999998,True,46,87,23,10075307.186677469,0.09982149622466277,0.19452817219386342,0.20840796865600217,-0.03948491520216095
choque_10pct_permanente,permanente,0.9,0.09999999999999998,True,46,87,24,10121993.100621497,0.09469962908314973,0.16514542305788993,0.20743341742307653,-0.05169032202720199
choque_10pct_permanente,permanente,0.9,0.09999999999999998,True,46,87,25,10466276.256549323,0.07525679974056868,0.14157998245557635,0.19216707189845317,-0.05680782244105762
choque_10pct_permanente,permanente,0.9,0.09999999999999998,True,47,88,0,7609597.0,0.138,0.03,0.12063832026847152,0.010583740505574736
choque_10pct_permanente,permanente,0.9,0.09999999999999998,True,47,88,1,7652724.38733265,0.14039181650999813,0.030000000000000027,0.11859183719691781,0.007984885903803248
choque_10pct_permanente,permanente,0.9,0.09999999999999998,True,47,88,2,7808631.364526237,0.13523419500888026,0.02417618686562495,0.12038232720780183,0.002896805755014863
choque_10pct_permanente,permanente,0.9,0.09999999999999998,True,47,88,3,8052859.520215026,0.1263795441160846,0.026869213399270064,0.11216218388148072,0.0031332543447060643
choque_10pct_permanente,permanente,0.9,0.09999999999999998,True,47,88,4,8400373.818193762,0.10703699749929799,0.02958760648219072,0.10359226048046012,0.009143811631612814
choque_10pct_permanente,permanente,0.9,0.09999999999999998,True,47,88,5,8673407.142292095,0.09136742744212711,0.04827715334044913,0.09366302788546789,0.011802497195140425
choque_10pct_permanente,permanente,0.9,0.09999999999999998,True,47,88,6,8711360.245884124,0.09208279881404054,0.07001925446802115,0.09873569007668652,0.012852005287046364
choque_10pct_permanente,permanente,0.9,0.09999999999999998,True,47,88,7,8809817.04004759,0.09707548378606956,0.09325294838567122,0.1104806609001923,0.015712399064807387
choque_10pct_permanente,permanente,0.9,0.09999999999999998,True,47,88,8,8774423.988854704,0.1087025964184085,0.10812365024472381,0.12785355923475178,0.009740991051911532
choque_10pct_permanente,permanente,0.9,0.09999999999999998,True,47,88,9,8595104.19019901,0.12552465399179413,0.11269526417133191,0.1493051107188603,0.003154457785866575
choque_10pct_permanente,permanente,0.9,0.09999999999999998,True,47,88,10,8464045.329410905,0.1380115505896577,0.10351133635200194,0.16654399425547653,-0.008147995957456262
choque_10pct_permanente,permanente,0.9,0.09999999999999998,True,47,88,11,8373450.649131188,0.14277620045559483,0.08709171047392172,0.17611345395866032,-0.022736304799880258
choque_10pct_permanente,permanente,0.9,0.09999999999999998,True,47,88,12,8382044.623906401,0.14225716403155594,0.06669545507809516,0.1781069713518017,-0.03190178345095313
choque_10pct_permanente,permanente,0.9,0.09999999999999998,True,47,88,13,8710193.551769407,0.12425846608656005,0.048299573277458485,0.1653344832670582,-0.034366410868342724
choque_10pct_permanente,permanente,0.9,0.09999999999999998,True,47,88,14,9242765.162167812,0.099039667749324,0.04053886988490274,0.1446445618245259,-0.03070784094125462
choque_10pct_permanente,permanente,0.9,0.09999999999999998,True,47,88,15,9687083.39402639,0.07322211988096594,0.04755914767861169,0.12774491537512755,-0.021442051026306995
choque_10pct_permanente,permanente,0.9,0.09999999999999998,True,47,88,16,10053592.16180181,0.05621333035041289,0.07619053192548186,0.11604846378393446,-0.013148290014622635
choque_10pct_permanente,permanente,0.9,0.09999999999999998,True,47,88,17,10334752.411538607,0.05480968970071016,0.12637536187787046,0.11457815587611753,-0.005430134429213209
choque_10pct_permanente,permanente,0.9,0.09999999999999998,True,47,88,18,10611863.772708606,0.0618479338802093,0.17731777151080808,0.13050019130844057,0.0014002349651119435
choque_10pct_permanente,permanente,0.9,0.09999999999999998,True,47,88,19,10678426.039805003,0.06928837082121952,0.2140303234623604,0.1502801182022251,0.00726046603198467
choque_10pct_permanente,permanente,0.9,0.09999999999999998,True,47,88,20,10604674.702196825,0.07645418904755678,0.22978623072324456,0.16771826974010434,0.004278033379713629
choque_10pct_permanente,permanente,0.9,0.09999999999999998,True,47,88,21,10436655.407062216,0.08868181382918118,0.2287395872739133,0.18517765033440622,-0.008280277843549493
choque_10pct_permanente,permanente,0.9,0.09999999999999998,True,47,88,22,10152473.483084477,0.10358863318701819,0.20930102265793127,0.20617841440105283,-0.025167655330732418
choque_10pct_permanente,permanente,0.9,0.09999999999999998,True,47,88,23,9952322.050983671,0.10802693720419423,0.18003596896867702,0.21730223815465147,-0.04401117862622173
choque_10pct_permanente,permanente,0.9,0.09999999999999998,True,47,88,24,10015295.061314689,0.09967601529056012,0.14834490278758095,0.2108539901386079,-0.05727070565554943
choque_10pct_permanente,permanente,0.9,0.09999999999999998,True,47,88,25,10464960.53706449,0.0751284284858916,0.12489544022120791,0.1902637770608174,-0.059978477728892955
choque_10pct_permanente,permanente,0.9,0.09999999999999998,True,48,89,0,7609597.0,0.138,0.03,0.12063832026847152,0.010583740505574736
choque_10pct_permanente,permanente,0.9,0.09999999999999998,True,48,89,1,7652724.38733265,0.14039181650999813,0.030000000000000027,0.11859183719691781,0.007984885903803248
choque_10pct_permanente,permanente,0.9,0.09999999999999998,True,48,89,2,7788745.534371189,0.13522725419176146,0.024165029508418367,0.12051410624778447,0.0004695602660518319
choque_10pct_permanente,permanente,0.9,0.09999999999999998,True,48,89,3,8119351.715349137,0.1231283471989342,0.0269347042854573,0.10961603161549026,0.006568009040158408
choque_10pct_permanente,permanente,0.9,0.09999999999999998,True,48,89,4,8407795.74756418,0.10437202362240687,0.030987716684738098,0.10167342605621753,0.009470362556327314
choque_10pct_permanente,permanente,0.9,0.09999999999999998,True,48,89,5,8661699.424718726,0.0919342655470856,0.05091331860821602,0.09374468019031348,0.011538306837494797
choque_10pct_permanente,permanente,0.9,0.09999999999999998,True,48,89,6,8761480.209443167,0.09088589899970603,0.07250462542307035,0.09823328890908464,0.013411865025710757
choque_10pct_permanente,permanente,0.9,0.09999999999999998,True,48,89,7,8806225.20066309,0.09788034983147671,0.09674622815225398,0.11018627700947692,0.010535203469824774
choque_10pct_permanente,permanente,0.9,0.09999999999999998,True,48,89,8,8780787.574180756,0.1097498881700891,0.11030908893340174,0.12753993663253407,0.0073398092964649326
choque_10pct_permanente,permanente,0.9,0.09999999999999998,True,48,89,9,8679385.667962698,0.11864191193569835,0.11359064854016276,0.14424527153988134,0.0028111143099863274
choque_10pct_permanente,permanente,0.9,0.09999999999999998,True,48,89,10,8610506.098282833,0.12613805289145213,0.10597798230705058,0.15739028199926947,-0.006513102441339496
choque_10pct_permanente,permanente,0.9,0.09999999999999998,True,48,89,11,8482380.88523164,0.13605613524435115,0.09234616795438355,0.17044835008583847,-0.018011401270583507
choque_10pct_permanente,permanente,0.9,0.09999999999999998,True,48,89,12,8495208.371544737,0.13810273578523538,0.072402268316897,0.1771030479892439,-0.027791229917345284
choque_10pct_permanente,permanente,0.9,0.09999999999999998,True,48,89,13,8640554.120373555,0.12888055043003413,0.05676228506324077,0.17113319040381203,-0.03187506579246426
choque_10pct_permanente,permanente,0.9,0.09999999999999998,True,48,89,14,8995243.43711902,0.11022908224015288,0.045705608593834324,0.1560827667787299,-0.03380221257115209
choque_10pct_permanente,permanente,0.9,0.09999999999999998,True,48,89,15,9623610.55083651,0.08427493343924221,0.04761297707162404,0.1361281930320946,-0.029353223435853712
choque_10pct_permanente,permanente,0.9,0.09999999999999998,True,48,89,16,9936470.13173733,0.06068555916624985,0.06704394427811744,0.12203768554796147,-0.019777700088452446
choque_10pct_permanente,permanente,0.9,0.09999999999999998,True,48,89,17,10369510.62672545,0.052870771621116266,0.10995838249157974,0.11323483099413265,-0.012458125567502504
choque_10pct_permanente,permanente,0.9,0.09999999999999998,True,48,89,18,10558117.039562365,0.05783463811378528,0.16251925287160418,0.12377654604991242,0.0010336525511755457
choque_10pct_permanente,permanente,0.9,0.09999999999999998,True,48,89,19,10659498.509880159,0.06764723134634042,0.20586989515596676,0.14592563190814667,0.011023714151614737
choque_10pct_permanente,permanente,0.9,0.09999999999999998,True,48,89,20,10608122.572209941,0.07632857817612489,0.2288451552528672,0.1662458864414172,0.005888823631344835
choque_10pct_permanente,permanente,0.9,0.09999999999999998,True,48,89,21,10490254.164436104,0.08618763759789347,0.2305397813754122,0.18170742116414937,-0.00548654624166869
choque_10pct_permanente,permanente,0.9,0.09999999999999998,True,48,89,22,10241429.501641665,0.0973108517469323,0.21414300878047454,0.19987626900982663,-0.020703700682692987
choque_10pct_permanente,permanente,0.9,0.09999999999999998,True,48,89,23,10090291.281271638,0.1019580252969868,0.18703512883977735,0.20977379570223761,-0.03911467844365477
choque_10pct_permanente,permanente,0.9,0.09999999999999998,True,48,89,24,10182251.294959962,0.09160995562053509,0.15848298295047103,0.2043340526071938,-0.04991878864805725
choque_10pct_permanente,permanente,0.9,0.09999999999999998,True,48,89,25,10511630.028630896,0.07151779395854588,0.13908906214897088,0.1875411218352433,-0.05208733406593385
choque_10pct_permanente,permanente,0.9,0.09999999999999998,True,49,90,0,7609597.0,0.138,0.03,0.12063832026847152,0.010583740505574736
choque_10pct_permanente,permanente,0.9,0.09999999999999998,True,49,90,1,7652724.38733265,0.14039181650999813,0.030000000000000027,0.11859183719691781,0.007984885903803248
choque_10pct_permanente,permanente,0.9,0.09999999999999998,True,49,90,2,7804470.642565256,0.1352287573883706,0.024185215647746894,0.12049000488927616,0.005359312760191275
choque_10pct_permanente,permanente,0.9,0.09999999999999998,True,49,90,3,8027849.345759442,0.1255655841411258,0.02684832952137417,0.1125648952498083,0.005585819163961917
choque_10pct_permanente,permanente,0.9,0.09999999999999998,True,49,90,4,8330622.934927858,0.11098565448723459,0.029926568407220522,0.10519451870298377,0.006937813528235144
choque_10pct_permanente,permanente,0.9,0.09999999999999998,True,49,90,5,8651688.293865817,0.09307686033703655,0.046029472924373316,0.09510360391783944,0.01174425857715865
choque_10pct_permanente,permanente,0.9,0.09999999999999998,True,49,90,6,8885472.431836316,0.0832222978746058,0.06736583685810382,0.0934225840949841,0.01824077493100358
choque_10pct_permanente,permanente,0.9,0.09999999999999998,True,49,90,7,8867099.927372543,0.09254808872264751,0.09688166273892063,0.10335672336855577,0.018953035718247146
choque_10pct_permanente,permanente,0.9,0.09999999999999998,True,49,90,8,8770352.7304731,0.11011125661552383,0.11387218311870195,0.12971534888880953,0.010807459557148145
choque_10pct_permanente,permanente,0.9,0.09999999999999998,True,49,90,9,8590739.156275699,0.12933733371286962,0.11807460056176433,0.1532815058505719,0.005345051700911765
choque_10pct_permanente,permanente,0.9,0.09999999999999998,True,49,90,10,8397734.648218092,0.14356847072360376,0.10664933826864242,0.1727963059513148,-0.010734333166795087
choque_10pct_permanente,permanente,0.9,0.09999999999999998,True,49,90,11,8287790.872777708,0.14992467281860003,0.08705254620177816,0.18150916976765205,-0.02296569959552923
choque_10pct_permanente,permanente,0.9,0.09999999999999998,True,49,90,12,8419808.650337769,0.14133941069141998,0.06351989787624834,0.1771018554753752,-0.03290640195549691
choque_10pct_permanente,permanente,0.9,0.09999999999999998,True,49,90,13,8793449.721942024,0.11935689032916112,0.045769098247342876,0.16009918369378157,-0.0351287811396745
choque_10pct_permanente,permanente,0.9,0.09999999999999998,True,49,90,14,9304904.790814048,0.09727010799636766,0.03880779923961031,0.14371702042242504,-0.03203850769954757
choque_10pct_permanente,permanente,0.9,0.09999999999999998,True,49,90,15,9587011.52446297,0.07697221985882531,0.047086447601500714,0.1319519510487755,-0.026612281436615655
choque_10pct_permanente,permanente,0.9,0.09999999999999998,True,49,90,16,9991005.278732639,0.06743557445857039,0.07385156701754236,0.12345162546958893,-0.02013670941137839
choque_10pct_permanente,permanente,0.9,0.09999999999999998,True,49,90,17,10201479.933393447,0.06023357172991755,0.11148603547091174,0.12582418232404666,-0.011336743719014398
choque_10pct_permanente,permanente,0.9,0.09999999999999998,True,49,90,18,10429831.784421857,0.0641617796616547,0.15784733371685444,0.12985219017625654,-0.00189122032155714
choque_10pct_permanente,permanente,0.9,0.09999999999999998,True,49,90,19,10601632.105700921,0.065065383477807,0.191681732968203,0.14581331763539582,0.0017930894901918258
choque_10pct_permanente,permanente,0.9,0.09999999999999998,True,49,90,20,10738685.268761639,0.06367907476050763,0.21804527504820448,0.15239707087699947,0.006018064330186313
choque_10pct_permanente,permanente,0.9,0.09999999999999998,True,49,90,21,10624940.330199072,0.0741418020326498,0.23283534121018357,0.16761529865818128,0.0017031898419319605
choque_10pct_permanente,permanente,0.9,0.09999999999999998,True,49,90,22,10434931.969903447,0.09144217600420027,0.22880447588459862,0.19386988927655413,-0.012856696036851346
choque_10pct_permanente,permanente,0.9,0.09999999999999998,True,49,90,23,10222387.295064297,0.1026406973912183,0.20655968519478818,0.2122006755131186,-0.03287546792892655
choque_10pct_permanente,permanente,0.9,0.09999999999999998,True,49,90,24,10115700.614869043,0.09966417653593967,0.17668581340107936,0.21386504066339956,-0.048651091324307665
choque_10pct_permanente,permanente,0.9,0.09999999999999998,True,49,90,25,10441717.676047632,0.07772502266429597,0.14990157920220804,0.19561808110112922,-0.0520986516463368
choque_10pct_permanente,permanente,0.9,0.09999999999999998,True,50,91,0,7609597.0,0.138,0.03,0.12063832026847152,0.010583740505574736
choque_10pct_permanente,permanente,0.9,0.09999999999999998,True,50,91,1,7652724.38733265,0.14039181650999813,0.030000000000000027,0.11859183719691781,0.007984885903803248
choque_10pct_permanente,permanente,0.9,0.09999999999999998,True,50,91,2,7795691.212022595,0.13522711004353757,0.024180982837973097,0.12052617538019682,0.0038143913401356283
choque_10pct_permanente,permanente,0.9,0.09999999999999998,True,50,91,3,8058841.097905883,0.12372736081596956,0.02684336094838935,0.1116055226809948,0.0057099445711527455
choque_10pct_permanente,permanente,0.9,0.09999999999999998,True,50,91,4,8367516.433513962,0.10797109944096267,0.03072100257889021,0.10361561244515391,0.00820469788828905
choque_10pct_permanente,permanente,0.9,0.09999999999999998,True,50,91,5,8660356.060296115,0.0939214753732302,0.04819148481587576,0.09556993063961458,0.011336384379114476
choque_10pct_permanente,permanente,0.9,0.09999999999999998,True,50,91,6,8781627.336373162,0.08957452135017042,0.06902685564742406,0.09754997297667674,0.012376168574212873
choque_10pct_permanente,permanente,0.9,0.09999999999999998,True,50,91,7,8836639.763422025,0.09674065052959477,0.09397666763574053,0.10771761224516956,0.015551687164779395
choque_10pct_permanente,permanente,0.9,0.09999999999999998,True,50,91,8,8770514.36102288,0.1074404861087524,0.1088233072559821,0.12779549343976487,0.00962390571166791
choque_10pct_permanente,permanente,0.9,0.09999999999999998,True,50,91,9,8637854.629934914,0.12214259384403064,0.11482738453840469,0.1460242765502183,0.003253434396137491
choque_10pct_permanente,permanente,0.9,0.09999999999999998,True,50,91,10,8483228.213620933,0.13438819351258585,0.10614722027722556,0.16449416514266424,-0.008521002037056278
choque_10pct_permanente,permanente,0.9,0.09999999999999998,True,50,91,11,8413713.592758691,0.13950496972932788,0.09025700457469199,0.17373532512677473,-0.01830904371266752
choque_10pct_permanente,permanente,0.9,0.09999999999999998,True,50,91,12,8461233.321423339,0.1367083085443264,0.0709533939588669,0.17485860058186928,-0.027660875234263235
choque_10pct_permanente,permanente,0.9,0.09999999999999998,True,50,91,13,8668587.119225712,0.12607390793836304,0.05490762572154573,0.16616870588779822,-0.031049616978518418
choque_10pct_permanente,permanente,0.9,0.09999999999999998,True,50,91,14,9105904.394859126,0.10341230233993404,0.045580951830374694,0.1498422648065602,-0.028596024769892824
choque_10pct_permanente,permanente,0.9,0.09999999999999998,True,50,91,15,9591250.091918655,0.07809563221680405,0.04946893284608889,0.13172135341521993,-0.02313949369520304
choque_10pct_permanente,permanente,0.9,0.09999999999999998,True,50,91,16,10023540.488340763,0.05996428847711473,0.07189072841034783,0.11941055338805713,-0.01605817634077522
choque_10pct_permanente,permanente,0.9,0.09999999999999998,True,50,91,17,10323758.181974828,0.05226118674018626,0.11599927114134512,0.11497194971448464,-0.005996906348733412
choque_10pct_permanente,permanente,0.9,0.09999999999999998,True,50,91,18,10563910.426169986,0.057477112887370084,0.1699797289448346,0.12408882990110232,0.006435302077025431
choque_10pct_permanente,permanente,0.9,0.09999999999999998,True,50,91,19,10638572.919741767,0.0697724454851438,0.21200957335030246,0.14881245801708318,0.006826992480130297
choque_10pct_permanente,permanente,0.9,0.09999999999999998,True,50,91,20,10602806.48914254,0.08046370884543574,0.23014685863303153,0.17087633831221946,0.001659061508939999
choque_10pct_permanente,permanente,0.9,0.09999999999999998,True,50,91,21,10428314.088068921,0.08670986995923535,0.22877022005446346,0.1849135165186859,-0.011600825337859747
choque_10pct_permanente,permanente,0.9,0.09999999999999998,True,50,91,22,10253913.803316554,0.0928774931836671,0.21228862994795317,0.19429207281442037,-0.023833354777696575
choque_10pct_permanente,permanente,0.9,0.09999999999999998,True,50,91,23,10291311.645946546,0.08719948598629822,0.18820644668343034,0.1964505582310754,-0.03587354845231004
choque_10pct_permanente,permanente,0.9,0.09999999999999998,True,50,91,24,10361281.024248209,0.07807218403057008,0.16862281212242936,0.19038137788482073,-0.042469904679391546
choque_10pct_permanente,permanente,0.9,0.09999999999999998,True,50,91,25,10676215.44652913,0.06080506533845883,0.15717780678754,0.17966719906880033,-0.045847685815409565
choque_10pct_permanente,permanente,0.9,0.09999999999999998,True,51,92,0,7609597.0,0.138,0.03,0.12063832026847152,0.010583740505574736
choque_10pct_permanente,permanente,0.9,0.09999999999999998,True,51,92,1,7652724.38733265,0.14039181650999813,0.030000000000000027,0.11859183719691781,0.007984885903803248
choque_10pct_permanente,permanente,0.9,0.09999999999999998,True,51,92,2,7794191.79170623,0.13522784822539224,0.024173084590923155,0.1204959378202569,0.002523905556719615
choque_10pct_permanente,permanente,0.9,0.09999999999999998,True,51,92,3,8078991.28352015,0.12335315284928645,0.02689749666689578,0.11087315923138238,0.006435599892468154
choque_10pct_permanente,permanente,0.9,0.09999999999999998,True,51,92,4,8404384.1083067,0.10751922643493791,0.030918696725338535,0.10305269419279105,0.007446209892611805
choque_10pct_permanente,permanente,0.9,0.09999999999999998,True,51,92,5,8605611.80171426,0.09509011966663267,0.047375948171060056,0.09724191109881193,0.011451719754144959
choque_10pct_permanente,permanente,0.9,0.09999999999999998,True,51,92,6,8841202.5625159,0.08829959624462676,0.0673039086155156,0.09817735278984646,0.008574412152762017
choque_10pct_permanente,permanente,0.9,0.09999999999999998,True,51,92,7,8877674.214741822,0.09412988888391323,0.0942641194529914,0.10555336428579093,0.015249058915648997
choque_10pct_permanente,permanente,0.9,0.09999999999999998,True,51,92,8,8843101.276131084,0.10510099461173295,0.11012518915244485,0.12481418210172929,0.013075469122681024
choque_10pct_permanente,permanente,0.9,0.09999999999999998,True,51,92,9,8727511.128654424,0.11865342453332733,0.1186402024718285,0.14281590777864692,0.006371012995152637
choque_10pct_permanente,permanente,0.9,0.09999999999999998,True,51,92,10,8539665.724896112,0.13193257266433747,0.1117282618601223,0.1627796584808957,-0.007280584158395184
choque_10pct_permanente,permanente,0.9,0.09999999999999998,True,51,92,11,8392881.442251237,0.14227561536989214,0.09766554444754272,0.17523505645586238,-0.01773756038913448
choque_10pct_permanente,permanente,0.9,0.09999999999999998,True,51,92,12,8401512.153130775,0.1406330469187765,0.07648107533479842,0.17922747359028182,-0.029985866723892352
choque_10pct_permanente,permanente,0.9,0.09999999999999998,True,51,92,13,8559942.860522918,0.1319290870538355,0.05793051140210781,0.17183138928901281,-0.033120358558763434
choque_10pct_permanente,permanente,0.9,0.09999999999999998,True,51,92,14,8937514.731817529,0.11148538446452283,0.04393130043589011,0.1578267771669122,-0.03752870609854912
choque_10pct_permanente,permanente,0.9,0.09999999999999998,True,51,92,15,9588202.628876947,0.08399122419567069,0.043728290659613256,0.13686642098322704,-0.030434435450649718
choque_10pct_permanente,permanente,0.9,0.09999999999999998,True,51,92,16,9916386.199452022,0.06530165967766657,0.060609729605558105,0.12506150760142365,-0.02740634659337641
choque_10pct_permanente,permanente,0.9,0.09999999999999998,True,51,92,17,10173689.6521156,0.059618024011136056,0.09782727025126658,0.12177412283842753,-0.016184644650659153
choque_10pct_permanente,permanente,0.9,0.09999999999999998,True,51,92,18,10399940.38770985,0.06150520147788025,0.14310892467318181,0.1296361414008982,-0.007401613261138593
choque_10pct_permanente,permanente,0.9,0.09999999999999998,True,51,92,19,10660108.58685329,0.06178800417974515,0.18447881921028997,0.1405074848789423,0.000748359071711417
choque_10pct_permanente,permanente,0.9,0.09999999999999998,True,51,92,20,10770806.258387573,0.06154860335888143,0.2165762538692002,0.1487303250676321,0.005351251317568694
choque_10pct_permanente,permanente,0.9,0.09999999999999998,True,51,92,21,10760641.72360271,0.06809924695028743,0.23841683823572635,0.16129662485536578,-0.0004010009272305594
choque_10pct_permanente,permanente,0.9,0.09999999999999998,True,51,92,22,10708911.834496949,0.07590433679899514,0.24016708895285532,0.1795984356710444,-0.007734470568078429
choque_10pct_permanente,permanente,0.9,0.09999999999999998,True,51,92,23,10630030.601604778,0.0789186774685956,0.2302398266660015,0.19085224433460807,-0.01817248210170182
choque_10pct_permanente,permanente,0.9,0.09999999999999998,True,51,92,24,10598036.094477106,0.08059546174266954,0.21314764914958495,0.19580252106616142,-0.03152875144445052
choque_10pct_permanente,permanente,0.9,0.09999999999999998,True,51,92,25,10547573.600581923,0.0815519148747897,0.19560673812241602,0.19981234932962905,-0.040433506382563975
choque_10pct_permanente,permanente,0.9,0.09999999999999998,True,52,93,0,7609597.0,0.138,0.03,0.12063832026847152,0.010583740505574736
choque_10pct_permanente,permanente,0.9,0.09999999999999998,True,52,93,1,7652724.38733265,0.14039181650999813,0.030000000000000027,0.11859183719691781,0.007984885903803248
choque_10pct_permanente,permanente,0.9,0.09999999999999998,True,52,93,2,7797310.110671256,0.13522708141572493,0.02418730354829446,0.12050356797761655,0.005698489844893109
choque_10pct_permanente,permanente,0.9,0.09999999999999998,True,52,93,3,8067271.3662353465,0.12477863558517775,0.026840350469925278,0.11156715018549192,0.006383646089709615
choque_10pct_permanente,permanente,0.9,0.09999999999999998,True,52,93,4,8369207.6639381265,0.10927626407331568,0.030263740959604712,0.10479874452813549,0.006970959287504312
choque_10pct_permanente,permanente,0.9,0.09999999999999998,True,52,93,5,8613096.851730939,0.09515162031523265,0.046248109233287815,0.09754364911927393,0.013325052924755647
choque_10pct_permanente,permanente,0.9,0.09999999999999998,True,52,93,6,8725562.483592905,0.09191220164849695,0.0667450755752741,0.10006885459758934,0.011750188839181611
choque_10pct_permanente,permanente,0.9,0.09999999999999998,True,52,93,7,8780648.939954137,0.10017478544271041,0.09017832390095726,0.1106901104113256,0.00980453721728519
choque_10pct_permanente,permanente,0.9,0.09999999999999998,True,52,93,8,8763011.937851494,0.10935125917583652,0.10333111965524666,0.12800827277036333,0.008680370060294736
choque_10pct_permanente,permanente,0.9,0.09999999999999998,True,52,93,9,8721998.218816375,0.11600715117092998,0.10892387895008637,0.14118210574031861,-0.00018623427764986967
choque_10pct_permanente,permanente,0.9,0.09999999999999998,True,52,93,10,8658241.09619528,0.12403503814068838,0.10438768088114503,0.15324113468569464,-0.00540024892782324
choque_10pct_permanente,permanente,0.9,0.09999999999999998,True,52,93,11,8598144.40458152,0.12823742727707266,0.0949190687166368,0.1613505522475371,-0.013210043854903373
choque_10pct_permanente,permanente,0.9,0.09999999999999998,True,52,93,12,8690032.578181498,0.11974331333980065,0.0809277369057817,0.16167195903518833,-0.02260981066044936
choque_10pct_permanente,permanente,0.9,0.09999999999999998,True,52,93,13,8870389.060256666,0.11158281699607764,0.07154489572425016,0.1550760898473678,-0.025352726922709828
choque_10pct_permanente,permanente,0.9,0.09999999999999998,True,52,93,14,9179985.217323806,0.09850944878679702,0.06514178110825064,0.14858096811554167,-0.026569190883505005
choque_10pct_permanente,permanente,0.9,0.09999999999999998,True,52,93,15,9583044.516261244,0.08030230455633858,0.07019373780911353,0.13744301491370325,-0.02306660094675682
choque_10pct_permanente,permanente,0.9,0.09999999999999998,True,52,93,16,9909835.284708815,0.06731245606594359,0.08851270613729678,0.12828285558032793,-0.01652811360471223
choque_10pct_permanente,permanente,0.9,0.09999999999999998,True,52,93,17,10276627.83076232,0.0598893866753675,0.12064930481489688,0.12630033726025536,-0.012416847852179442
choque_10pct_permanente,permanente,0.9,0.09999999999999998,True,52,93,18,10324696.144808283,0.06542895723968632,0.16132112309035662,0.1347673277661505,-0.005569984617928924
choque_10pct_permanente,permanente,0.9,0.09999999999999998,True,52,93,19,10471646.843738362,0.07319389860181727,0.19034215646415786,0.153350424243155,-0.0037494219517650042
choque_10pct_permanente,permanente,0.9,0.09999999999999998,True,52,93,20,10503131.733955411,0.07597167636570071,0.20575190680621525,0.16518066226235026,-0.007659693773457582
choque_10pct_permanente,permanente,0.9,0.09999999999999998,True,52,93,21,10467561.449941332,0.07614431889287843,0.20866763284987222,0.17321527532029057,-0.013244704253921803
choque_10pct_permanente,permanente,0.9,0.09999999999999998,True,52,93,22,10442980.076208198,0.07880485977210376,0.20460095797987132,0.18073262410667024,-0.018036420414152588
choque_10pct_permanente,permanente,0.9,0.09999999999999998,True,52,93,23,10397087.554472238,0.08323579531685214,0.19425658713972616,0.19074323846505956,-0.026002965437225137
choque_10pct_permanente,permanente,0.9,0.09999999999999998,True,52,93,24,10437473.544378122,0.08040023690837637,0.18067485126007288,0.19441806548695617,-0.03848632973150639
choque_10pct_permanente,permanente,0.9,0.09999999999999998,True,52,93,25,10772085.790344816,0.061682276285291736,0.16958651535550762,0.18319439012798533,-0.04345462084874541
choque_10pct_permanente,permanente,0.9,0.09999999999999998,True,53,94,0,7609597.0,0.138,0.03,0.12063832026847152,0.010583740505574736
choque_10pct_permanente,permanente,0.9,0.09999999999999998,True,53,94,1,7652724.38733265,0.14039181650999813,0.030000000000000027,0.11859183719691781,0.007984885903803248
choque_10pct_permanente,permanente,0.9,0.09999999999999998,True,53,94,2,7800364.714578894,0.13522708141572493,0.02417665447498707,0.1205084031857509,0.0031779265503186454
choque_10pct_permanente,permanente,0.9,0.09999999999999998,True,53,94,3,8047421.528964165,0.12384496325063167,0.026878190154184356,0.11172828586546428,0.006616885111921646
choque_10pct_permanente,permanente,0.9,0.09999999999999998,True,53,94,4,8425434.043576663,0.10846612699855748,0.030628215620742028,0.10430124005114454,0.0051303263710420835
choque_10pct_permanente,permanente,0.9,0.09999999999999998,True,53,94,5,8579187.860677382,0.095436286319677,0.0479108989726722,0.09748759760380513,0.009787548579642561
choque_10pct_permanente,permanente,0.9,0.09999999999999998,True,53,94,6,8762947.009766046,0.09055197078795069,0.0672363418603743,0.09869173092466091,0.010701772934687805
choque_10pct_permanente,permanente,0.9,0.09999999999999998,True,53,94,7,8875719.690743474,0.09319507778713669,0.09211086371914923,0.10582894705287366,0.014025642890447252
choque_10pct_permanente,permanente,0.9,0.09999999999999998,True,53,94,8,8874212.172723968,0.1021408789201278,0.1085234064096372,0.1211868124930533,0.011607331142706553
choque_10pct_permanente,permanente,0.9,0.09999999999999998,True,53,94,9,8819708.677232789,0.11197138574119685,0.11714044450338501,0.1381755111775332,0.007527034820280231
choque_10pct_permanente,permanente,0.9,0.09999999999999998,True,53,94,10,8636900.98067562,0.1259405072835812,0.1143063325526561,0.1571296103565738,-0.004121739175746439
choque_10pct_permanente,permanente,0.9,0.09999999999999998,True,53,94,11,8497160.33732465,0.13747562569602972,0.10075348620931068,0.1737698722898144,-0.018012384327116247
choque_10pct_permanente,permanente,0.9,0.09999999999999998,True,53,94,12,8428822.940742237,0.14429629693955082,0.08229263569096124,0.1815435169598676,-0.028061409081479458
choque_10pct_permanente,permanente,0.9,0.09999999999999998,True,53,94,13,8526093.430318486,0.13616939228935382,0.06158641798117359,0.17830375193754433,-0.03465503805868859
choque_10pct_permanente,permanente,0.9,0.09999999999999998,True,53,94,14,8934634.090252092,0.11574155776805445,0.04654700592854932,0.1605894419896977,-0.033632195782901615
choque_10pct_permanente,permanente,0.9,0.09999999999999998,True,53,94,15,9434281.390499376,0.0904773576521114,0.04215672231830658,0.14166262444279884,-0.030078720147838873
choque_10pct_permanente,permanente,0.9,0.09999999999999998,True,53,94,16,9910241.252778418,0.06621104595735956,0.055714265326047174,0.12575374759121186,-0.025031505689215774
choque_10pct_permanente,permanente,0.9,0.09999999999999998,True,53,94,17,10314732.122979859,0.04944463253749032,0.09127879238997916,0.11399820130690348,-0.014911599449435075
choque_10pct_permanente,permanente,0.9,0.09999999999999998,True,53,94,18,10689385.219069082,0.04995294278973505,0.15206701811786094,0.1117741566098467,0.002104381076721173
choque_10pct_permanente,permanente,0.9,0.09999999999999998,True,53,94,19,10753290.125376645,0.06277724427403819,0.20802510376870376,0.13634916204612568,0.011041600855790082
choque_10pct_permanente,permanente,0.9,0.09999999999999998,True,53,94,20,10783334.37808992,0.07486645066255711,0.23900121557587894,0.16481243246655453,0.008475380833029064
choque_10pct_permanente,permanente,0.9,0.09999999999999998,True,53,94,21,10607721.185013037,0.08813238205002935,0.24484141618538136,0.1838415805322676,-0.0012474095490171576
choque_10pct_permanente,permanente,0.9,0.09999999999999998,True,53,94,22,10146904.403216522,0.10667998284198922,0.22780289366478623,0.20823863755789881,-0.019922351759913345
choque_10pct_permanente,permanente,0.9,0.09999999999999998,True,53,94,23,9972009.43055329,0.11245364969410487,0.19312683509221262,0.22059586681745788,-0.04046213644582176
choque_10pct_permanente,permanente,0.9,0.09999999999999998,True,53,94,24,9889817.082125802,0.10795019546644846,0.1557973658755969,0.21828601607056897,-0.0578764660504468
choque_10pct_permanente,permanente,0.9,0.09999999999999998,True,53,94,25,10309770.000063088,0.08414152341125346,0.1224510756244892,0.19984913002850918,-0.06117776661633381
choque_10pct_permanente,permanente,0.9,0.09999999999999998,True,54,95,0,7609597.0,0.138,0.03,0.12063832026847152,0.010583740505574736
choque_10pct_permanente,permanente,0.9,0.09999999999999998,True,54,95,1,7652724.38733265,0.14039181650999813,0.030000000000000027,0.11859183719691781,0.007984885903803248
choque_10pct_permanente,permanente,0.9,0.09999999999999998,True,54,95,2,7798206.076406029,0.13522738819779181,0.024173647852955282,0.1205616531309737,0.0024655141857042283
choque_10pct_permanente,permanente,0.9,0.09999999999999998,True,54,95,3,8036482.831215942,0.12568528094807072,0.026868451437721763,0.11217572816903318,0.00486302077065768
choque_10pct_permanente,permanente,0.9,0.09999999999999998,True,54,95,4,8387971.318033951,0.10840543213340435,0.02984480746403384,0.1036100285899246,0.007320596854689898
choque_10pct_permanente,permanente,0.9,0.09999999999999998,True,54,95,5,8705651.99780544,0.09255212371593873,0.04605662917688047,0.09443566039179091,0.01353939887154627
choque_10pct_permanente,permanente,0.9,0.09999999999999998,True,54,95,6,8815918.840196991,0.0860861498003995,0.068088672866915,0.09618112575264223,0.014548696845147296
choque_10pct_permanente,permanente,0.9,0.09999999999999998,True,54,95,7,8823954.926095469,0.09714304329880434,0.09615866224630354,0.10769545625266837,0.014551835143123732
choque_10pct_permanente,permanente,0.9,0.09999999999999998,True,54,95,8,8738046.78294867,0.11416072417352138,0.11094424972194505,0.13204872666879786,0.009851252437292448
choque_10pct_permanente,permanente,0.9,0.09999999999999998,True,54,95,9,8575874.502933947,0.12879310659884224,0.11408587879513332,0.15187503233823954,0.0004201571711596492
choque_10pct_permanente,permanente,0.9,0.09999999999999998,True,54,95,10,8458133.439058743,0.13742089976622332,0.10282831745094811,0.16647544976486936,-0.009636795637789793
choque_10pct_permanente,permanente,0.9,0.09999999999999998,True,54,95,11,8378930.621304092,0.14416718323050526,0.08474437035508031,0.1759631841310224,-0.020421249367762316
choque_10pct_permanente,permanente,0.9,0.09999999999999998,True,54,95,12,8380267.880620952,0.14317004290095586,0.06396726215132009,0.17917074393212223,-0.03314870455674702
choque_10pct_permanente,permanente,0.9,0.09999999999999998,True,54,95,13,8691825.211425215,0.12662413759043345,0.04596414344455679,0.16583446473640817,-0.03349940836967804
choque_10pct_permanente,permanente,0.9,0.09999999999999998,True,54,95,14,9216564.46056823,0.09883703231391548,0.037493285139698296,0.14476760045845896,-0.030717983301893195
choque_10pct_permanente,permanente,0.9,0.09999999999999998,True,54,95,15,9724518.833809808,0.0721293104609834,0.04533254504114148,0.12559519178980524,-0.022226315308394185
choque_10pct_permanente,permanente,0.9,0.09999999999999998,True,54,95,16,10101922.663551316,0.05527846301365146,0.076367148549074,0.11315243118417416,-0.013806355043565966
choque_10pct_permanente,permanente,0.9,0.09999999999999998,True,54,95,17,10362535.988772336,0.053744807351816776,0.12846935399236248,0.1121387076677222,-0.004278401301232083
choque_10pct_permanente,permanente,0.9,0.09999999999999998,True,54,95,18,10578634.816041099,0.06263302069734138,0.18282236496633697,0.12863390612841785,0.007146649509191581
choque_10pct_permanente,permanente,0.9,0.09999999999999998,True,54,95,19,10671037.729944954,0.06897401895433777,0.2183649149550786,0.15096711050521688,0.009614620930019791
choque_10pct_permanente,permanente,0.9,0.09999999999999998,True,54,95,20,10530090.574629826,0.07866623344487625,0.23584700110150902,0.1678314771909619,0.0023599375603706833
choque_10pct_permanente,permanente,0.9,0.09999999999999998,True,54,95,21,10307100.043290809,0.0917522109537176,0.23016060507166514,0.1891971453938842,-0.012124593821640639
choque_10pct_permanente,permanente,0.9,0.09999999999999998,True,54,95,22,10099586.54837275,0.10347550450302923,0.20832982133832245,0.20553354773945276,-0.03027203835161736
choque_10pct_permanente,permanente,0.9,0.09999999999999998,True,54,95,23,9972930.409806347,0.10524629700319715,0.176567373538274,0.21202562288891233,-0.045087296259872754
choque_10pct_permanente,permanente,0.9,0.09999999999999998,True,54,95,24,10176759.454844734,0.0905848394447324,0.1447376868161383,0.20237384302446063,-0.05410208978562455
choque_10pct_permanente,permanente,0.9,0.09999999999999998,True,54,95,25,10458495.469423518,0.07265647884256132,0.12532932696725263,0.18684193674596158,-0.056599003741568794
choque_10pct_permanente,permanente,0.9,0.09999999999999998,True,55,96,0,7609597.0,0.138,0.03,0.12063832026847152,0.010583740505574736
choque_10pct_permanente,permanente,0.9,0.09999999999999998,True,55,96,1,7652724.38733265,0.14039181650999813,0.030000000000000027,0.11859183719691781,0.007984885903803248
choque_10pct_permanente,permanente,0.9,0.09999999999999998,True,55,96,2,7799628.759329893,0.13522708141572493,0.024181567532336024,0.12043641849580954,0.004489721160279836
choque_10pct_permanente,permanente,0.9,0.09999999999999998,True,55,96,3,8049268.576860042,0.12440072780741109,0.026819913604878787,0.1119123861709011,0.006367074390362885
choque_10pct_permanente,permanente,0.9,0.09999999999999998,True,55,96,4,8372008.636857019,0.10860645147977979,0.03040098219448839,0.1039266163838812,0.01110357224563021
choque_10pct_permanente,permanente,0.9,0.09999999999999998,True,55,96,5,8621889.993342418,0.09145806783786568,0.0464400091928765,0.09611960508535834,0.011708869462837359
choque_10pct_permanente,permanente,0.9,0.09999999999999998,True,55,96,6,8808259.321808828,0.08876763813898957,0.07017201128338191,0.09547772486074221,0.014333407357264858
choque_10pct_permanente,permanente,0.9,0.09999999999999998,True,55,96,7,8848431.09385786,0.09403256398617685,0.09465091880570231,0.10784833604042811,0.017087820344464152
choque_10pct_permanente,permanente,0.9,0.09999999999999998,True,55,96,8,8794140.718372827,0.1088926816382577,0.11186693271277148,0.12741913988063774,0.015615208773996319
choque_10pct_permanente,permanente,0.9,0.09999999999999998,True,55,96,9,8595481.191557113,0.12876702877787585,0.11586100774494001,0.15253909151479803,0.0015518045081041173
choque_10pct_permanente,permanente,0.9,0.09999999999999998,True,55,96,10,8395706.919850009,0.1435287670216587,0.1060087997911261,0.1718109297451461,-0.010358056782578045
choque_10pct_permanente,permanente,0.9,0.09999999999999998,True,55,96,11,8336670.358076978,0.14514263253807932,0.08678663888284333,0.17839381766236287,-0.021161231931905916
choque_10pct_permanente,permanente,0.9,0.09999999999999998,True,55,96,12,8408736.599492498,0.14009190887786663,0.0661584438713767,0.17552900849262595,-0.03013095823813574
choque_10pct_permanente,permanente,0.9,0.09999999999999998,True,55,96,13,8660838.363554087,0.12371866446771324,0.048011474683438804,0.1655141965493639,-0.03457570969556064
choque_10pct_permanente,permanente,0.9,0.09999999999999998,True,55,96,14,9194300.51119145,0.10072840994985574,0.03977383962800274,0.14577630693309415,-0.032253012987422225
choque_10pct_permanente,permanente,0.9,0.09999999999999998,True,55,96,15,9664848.45165101,0.07489477203384505,0.0462140500386381,0.12916504172381307,-0.0256245226704908
choque_10pct_permanente,permanente,0.9,0.09999999999999998,True,55,96,16,10085936.91196693,0.05678228905388666,0.07365804008752863,0.11626734061327615,-0.01731019148359295
choque_10pct_permanente,permanente,0.9,0.09999999999999998,True,55,96,17,10299119.246085756,0.05616644163595739,0.12252232351412173,0.11570862818558257,-0.006837642052648115
choque_10pct_permanente,permanente,0.9,0.09999999999999998,True,55,96,18,10466247.482953014,0.06781758123423419,0.17073690138498332,0.13419325656105266,0.0015150023036102714
choque_10pct_permanente,permanente,0.9,0.09999999999999998,True,55,96,19,10639786.342489492,0.06698150327012789,0.20209700525642482,0.1530407118202264,0.0010140393954025597
choque_10pct_permanente,permanente,0.9,0.09999999999999998,True,55,96,20,10661194.841343459,0.06806141384935387,0.22358126236548714,0.1558173075968989,0.0019439948581211365
choque_10pct_permanente,permanente,0.9,0.09999999999999998,True,55,96,21,10589146.009581797,0.07320963714185375,0.2313007784195109,0.17050248200514923,-0.0056079410650318445
choque_10pct_permanente,permanente,0.9,0.09999999999999998,True,55,96,22,10468187.202333016,0.08312093442219368,0.22702364236955974,0.18605234921858896,-0.016343526666170206
choque_10pct_permanente,permanente,0.9,0.09999999999999998,True,55,96,23,10378089.810010077,0.08721795455689657,0.20906197488336176,0.19893334710411148,-0.03086615603029045
choque_10pct_permanente,permanente,0.9,0.09999999999999998,True,55,96,24,10372110.399963107,0.08370183266296545,0.1882354175168106,0.1993459037939153,-0.03911032552714839
choque_10pct_permanente,permanente,0.9,0.09999999999999998,True,55,96,25,10625500.743340898,0.07136617124845834,0.17030242298130616,0.18953767100808938,-0.041782650648270234
choque_10pct_permanente,permanente,0.9,0.09999999999999998,True,56,97,0,7609597.0,0.138,0.03,0.12063832026847152,0.010583740505574736
choque_10pct_permanente,permanente,0.9,0.09999999999999998,True,56,97,1,7652724.38733265,0.14039181650999813,0.030000000000000027,0.11859183719691781,0.007984885903803248
choque_10pct_permanente,permanente,0.9,0.09999999999999998,True,56,97,2,7800889.8817858,0.13522708141572493,0.02418397581320786,0.12050314319611728,0.005027015558220259
choque_10pct_permanente,permanente,0.9,0.09999999999999998,True,56,97,3,8049071.331758129,0.12454749800016575,0.026845742110161552,0.11191776991396674,0.00630689999576099
choque_10pct_permanente,permanente,0.9,0.09999999999999998,True,56,97,4,8407556.744374042,0.10813007583767523,0.030353612076337688,0.10385349962184844,0.005521636195223185
choque_10pct_permanente,permanente,0.9,0.09999999999999998,True,56,97,5,8615781.623272423,0.09558454204534461,0.046989763020843345,0.09735908466663616,0.008059190115599805
choque_10pct_permanente,permanente,0.9,0.09999999999999998,True,56,97,6,8784076.50770341,0.09033565252265945,0.06719719087520026,0.09831623260572049,0.007622496087836426
choque_10pct_permanente,permanente,0.9,0.09999999999999998,True,56,97,7,8919283.399945082,0.09075833142227432,0.09196071051369303,0.10386778267483311,0.014017940248584547
choque_10pct_permanente,permanente,0.9,0.09999999999999998,True,56,97,8,8885001.758205209,0.09872459994808405,0.11067959567916263,0.11976889372529677,0.011446745244094834
choque_10pct_permanente,permanente,0.9,0.09999999999999998,True,56,97,9,8752421.870907107,0.11650041208085851,0.12065179214033228,0.1411061318374117,0.007556281671408082
choque_10pct_permanente,permanente,0.9,0.09999999999999998,True,56,97,10,8584734.761986537,0.13161793454695372,0.11534757453257538,0.16340478076028153,-0.006223951753613956
choque_10pct_permanente,permanente,0.9,0.09999999999999998,True,56,97,11,8420558.539192995,0.14181952433363174,0.10076526448858458,0.1762186997068606,-0.015268850923451418
choque_10pct_permanente,permanente,0.9,0.09999999999999998,True,56,97,12,8425538.43809283,0.13991549257404928,0.07973144084335115,0.1795389797781791,-0.02926543775106016
choque_10pct_permanente,permanente,0.9,0.09999999999999998,True,56,97,13,8607896.694939947,0.12962668905289915,0.0612296904966847,0.1700792123092259,-0.03544654286699516
choque_10pct_permanente,permanente,0.9,0.09999999999999998,True,56,97,14,9103515.896853602,0.10615826625268213,0.04730515525651913,0.15169838644152372,-0.03071564354451521
choque_10pct_permanente,permanente,0.9,0.09999999999999998,True,56,97,15,9638630.760575868,0.07541028151223719,0.048384365331142876,0.1320169667127283,-0.02543732786229261
choque_10pct_permanente,permanente,0.9,0.09999999999999998,True,56,97,16,9965518.485061351,0.05807189701308995,0.07192753033103383,0.11755049936388091,-0.01682327058634692
choque_10pct_permanente,permanente,0.9,0.09999999999999998,True,56,97,17,10242611.762474483,0.05626562239277521,0.11665139569105021,0.11644034552326966,-0.007828204438278781
choque_10pct_permanente,permanente,0.9,0.09999999999999998,True,56,97,18,10503258.298859369,0.059292181935493085,0.16540021412344874,0.12917351526547866,-0.0010578985628331447
choque_10pct_permanente,permanente,0.9,0.09999999999999998,True,56,97,19,10721477.466022415,0.061344094491152246,0.20667382661795997,0.14137712292044308,0.007005265699725659
choque_10pct_permanente,permanente,0.9,0.09999999999999998,True,56,97,20,10749707.759161422,0.06618858693058585,0.23558542797381632,0.15392484449098212,0.005906034642047322
choque_10pct_permanente,permanente,0.9,0.09999999999999998,True,56,97,21,10637167.620439317,0.0771573625122836,0.24624137409432323,0.17209819660202907,0.0010959751284339238
choque_10pct_permanente,permanente,0.9,0.09999999999999998,True,56,97,22,10451392.393630015,0.08712657240549165,0.2367607662400053,0.19210193532519035,-0.013593696637622547
choque_10pct_permanente,permanente,0.9,0.09999999999999998,True,56,97,23,10291382.72764359,0.09449579570994333,0.2133778868197429,0.20386803115957924,-0.028199913821625337
choque_10pct_permanente,permanente,0.9,0.09999999999999998,True,56,97,24,10170726.663149033,0.09707328425478502,0.18372883707798748,0.2104819192514674,-0.04556711036020614
choque_10pct_permanente,permanente,0.9,0.09999999999999998,True,56,97,25,10295966.477380013,0.08423189325375138,0.1551136040590435,0.20446321842108162,-0.05569933808670872
choque_10pct_permanente,permanente,0.9,0.09999999999999998,True,57,98,0,7609597.0,0.138,0.03,0.12063832026847152,0.010583740505574736
choque_10pct_permanente,permanente,0.9,0.09999999999999998,True,57,98,1,7652724.38733265,0.14039181650999813,0.030000000000000027,0.11859183719691781,0.007984885903803248
choque_10pct_permanente,permanente,0.9,0.09999999999999998,True,57,98,2,7799885.383675266,0.13522847005657346,0.024174783235175967,0.1203868529581478,0.0029885909564385184
choque_10pct_permanente,permanente,0.9,0.09999999999999998,True,57,98,3,8068307.960917727,0.12437216865012438,0.026866822551842473,0.11124651956853475,0.00381985212208961
choque_10pct_permanente,permanente,0.9,0.09999999999999998,True,57,98,4,8452765.849020781,0.10522454779155395,0.03046370669027465,0.10218748110996301,0.009919681570373599
choque_10pct_permanente,permanente,0.9,0.09999999999999998,True,57,98,5,8624160.968258794,0.09465141505429088,0.0490043813281813,0.09591119715044553,0.01228177442618863
choque_10pct_permanente,permanente,0.9,0.09999999999999998,True,57,98,6,8779784.400917009,0.09226222148639066,0.06930465205805891,0.10079335470910497,0.009812946729727766
choque_10pct_permanente,permanente,0.9,0.09999999999999998,True,57,98,7,8766378.515015922,0.102038549120482,0.09274047023305543,0.11231640710092596,0.015529849818888058
choque_10pct_permanente,permanente,0.9,0.09999999999999998,True,57,98,8,8712868.727180686,0.1126153366982719,0.10396298337558485,0.13183173511227933,0.007077846805632527
choque_10pct_permanente,permanente,0.9,0.09999999999999998,True,57,98,9,8612370.645205846,0.12278665611909098,0.10807511883188425,0.14618636827938533,0.0016545209660667373
choque_10pct_permanente,permanente,0.9,0.09999999999999998,True,57,98,10,8532785.661159264,0.1287824783882967,0.09913114957326896,0.159711949375823,-0.008162550305745067
choque_10pct_permanente,permanente,0.9,0.09999999999999998,True,57,98,11,8477699.753689975,0.1334697110335754,0.08771355935996916,0.16728193844004854,-0.016848779403461286
choque_10pct_permanente,permanente,0.9,0.09999999999999998,True,57,98,12,8481506.981882146,0.13432710065392525,0.07202860631839747,0.17150876227151174,-0.023146695464613058
choque_10pct_permanente,permanente,0.9,0.09999999999999998,True,57,98,13,8677411.413652677,0.12405853870673723,0.05780273634450839,0.16570143621619327,-0.0316148775818738
choque_10pct_permanente,permanente,0.9,0.09999999999999998,True,57,98,14,9121199.416492043,0.106499154445567,0.04833587425374075,0.1510923275556966,-0.03175294216200814
choque_10pct_permanente,permanente,0.9,0.09999999999999998,True,57,98,15,9605299.625450969,0.07984983118867864,0.05031776942190902,0.13407209172448523,-0.024890862584415155
choque_10pct_permanente,permanente,0.9,0.09999999999999998,True,57,98,16,10131184.575039927,0.05546785002291955,0.07228846238139841,0.11723196530704222,-0.019651539838980905
choque_10pct_permanente,permanente,0.9,0.09999999999999998,True,57,98,17,10395881.826271301,0.04894036247803163,0.12170823846774304,0.1085679430607063,-0.005550543264871783
choque_10pct_permanente,permanente,0.9,0.09999999999999998,True,57,98,18,10606553.640827289,0.057253350376801466,0.1812809214748492,0.12223849740400018,0.005446454454163457
choque_10pct_permanente,permanente,0.9,0.09999999999999998,True,57,98,19,10721018.901852792,0.06965400268051197,0.22390367846189552,0.14924434251256127,0.009256044115893699
choque_10pct_permanente,permanente,0.9,0.09999999999999998,True,57,98,20,10658879.168102177,0.07694332020149684,0.24034881764761673,0.1693221896405803,0.004944674116492559
choque_10pct_permanente,permanente,0.9,0.09999999999999998,True,57,98,21,10428307.515917948,0.08631955404361075,0.23871568250705488,0.18380638279636435,-0.00637405414135313
choque_10pct_permanente,permanente,0.9,0.09999999999999998,True,57,98,22,10181372.199802952,0.0976684428853651,0.2186547659158451,0.20152990813782884,-0.0228155198449548
choque_10pct_permanente,permanente,0.9,0.09999999999999998,True,57,98,23,10008987.564505994,0.10471861864524466,0.18936878538318092,0.21246277818306397,-0.04295348473080048
choque_10pct_permanente,permanente,0.9,0.09999999999999998,True,57,98,24,10061002.203909703,0.09772044528588372,0.15655064251174244,0.2090318282693998,-0.05388304179097826
choque_10pct_permanente,permanente,0.9,0.09999999999999998,True,57,98,25,10542470.851227807,0.0700747198911411,0.13221408087100994,0.18795645285950768,-0.054920808678870316
choque_10pct_permanente,permanente,0.9,0.09999999999999998,True,58,99,0,7609597.0,0.138,0.03,0.12063832026847152,0.010583740505574736
choque_10pct_permanente,permanente,0.9,0.09999999999999998,True,58,99,1,7652724.38733265,0.14039181650999813,0.030000000000000027,0.11859183719691781,0.007984885903803248
choque_10pct_permanente,permanente,0.9,0.09999999999999998,True,58,99,2,7799062.11548463,0.1352272977704024,0.024185309753672835,0.12058307609119796,0.005341325207426375
choque_10pct_permanente,permanente,0.9,0.09999999999999998,True,58,99,3,8037333.898698519,0.12513506691847362,0.026830286970330297,0.11249869004210589,0.003750026469618264
choque_10pct_permanente,permanente,0.9,0.09999999999999998,True,58,99,4,8388380.545888563,0.11221318857023224,0.030132632684514382,0.10548921881974987,0.004735826407116933
choque_10pct_permanente,permanente,0.9,0.09999999999999998,True,58,99,5,8589242.18926045,0.09764949449218371,0.04498049649768987,0.09919813054996561,0.009283848454368516
choque_10pct_permanente,permanente,0.9,0.09999999999999998,True,58,99,6,8784810.52405854,0.0914647930241197,0.06442733118195565,0.09868104755076819,0.009715594118938596
choque_10pct_permanente,permanente,0.9,0.09999999999999998,True,58,99,7,8817736.437598623,0.09648965157847952,0.08834234914939798,0.10714645885116869,0.010040221068707025
choque_10pct_permanente,permanente,0.9,0.09999999999999998,True,58,99,8,8833412.212971833,0.10409649389044266,0.10432297137383695,0.1227116241292427,0.007733160397149861
choque_10pct_permanente,permanente,0.9,0.09999999999999998,True,58,99,9,8786885.705085786,0.11386345161370408,0.1131857413964048,0.1377438799982782,0.004535232031012766
choque_10pct_permanente,permanente,0.9,0.09999999999999998,True,58,99,10,8570346.802629601,0.1303311221028103,0.10930048484674693,0.15854718122410505,-0.0028149444945329755
choque_10pct_permanente,permanente,0.9,0.09999999999999998,True,58,99,11,8495576.101681702,0.13884869509675582,0.09599079023539514,0.17177323568527678,-0.015263753055578208
choque_10pct_permanente,permanente,0.9,0.09999999999999998,True,58,99,12,8471113.022963338,0.1383818587653494,0.077330557792618,0.17609546667979814,-0.025967090228472864
choque_10pct_permanente,permanente,0.9,0.09999999999999998,True,58,99,13,8595427.862439914,0.13030767157699635,0.05952544460607334,0.17174904644127156,-0.03299904943685695
choque_10pct_permanente,permanente,0.9,0.09999999999999998,True,58,99,14,8957425.285636695,0.11400334431128896,0.047602940512470715,0.15829829148673413,-0.034687937081127274
choque_10pct_permanente,permanente,0.9,0.09999999999999998,True,58,99,15,9479378.01110837,0.08930212209109004,0.044971796252916585,0.14140667351723238,-0.02912934306507963
choque_10pct_permanente,permanente,0.9,0.09999999999999998,True,58,99,16,9807753.268447336,0.06935699167037217,0.0596108340766448,0.12807887480097416,-0.02456595778755129
choque_10pct_permanente,permanente,0.9,0.09999999999999998,True,58,99,17,10207252.667751415,0.060375171097285435,0.092688385828956,0.12146477389248983,-0.018010101851615074
choque_10pct_permanente,permanente,0.9,0.09999999999999998,True,58,99,18,10451024.21188585,0.05482454077700854,0.13693891176058615,0.12459375972626048,-0.0045754504549766605
choque_10pct_permanente,permanente,0.9,0.09999999999999998,True,58,99,19,10687855.788517429,0.05878646839088479,0.18616346082495494,0.1331473968963031,0.0036438949228329966
choque_10pct_permanente,permanente,0.9,0.09999999999999998,True,58,99,20,10762048.306812394,0.07281601888896219,0.22142523303971928,0.15559828059308872,0.004691057222598429
choque_10pct_permanente,permanente,0.9,0.09999999999999998,True,58,99,21,10585675.251965737,0.08449965975816619,0.23196836911463103,0.18217321687806234,-0.003249080425561301
choque_10pct_permanente,permanente,0.9,0.09999999999999998,True,58,99,22,10446315.292515116,0.09193129828084037,0.22254981448600653,0.19460741444801596,-0.016772608982431134
choque_10pct_permanente,permanente,0.9,0.09999999999999998,True,58,99,23,10178138.946918339,0.10042217143244145,0.19954528890572032,0.20775448745112868,-0.03248749064068876
choque_10pct_permanente,permanente,0.9,0.09999999999999998,True,58,99,24,10197559.989907555,0.09781018085086467,0.1697354992463629,0.2108559877729747,-0.04536961592551748
choque_10pct_permanente,permanente,0.9,0.09999999999999998,True,58,99,25,10344693.400305964,0.08331738326726969,0.14539935582653674,0.20157364271396724,-0.05527185666312846
choque_10pct_permanente,permanente,0.9,0.09999999999999998,True,59,100,0,7609597.0,0.138,0.03,0.12063832026847152,0.010583740505574736
choque_10pct_permanente,permanente,0.9,0.09999999999999998,True,59,100,1,7652724.38733265,0.14039181650999813,0.030000000000000027,0.11859183719691781,0.007984885903803248
choque_10pct_permanente,permanente,0.9,0.09999999999999998,True,59,100,2,7805420.605247177,0.13522749384151414,0.024184488525404113,0.12049801877331648,0.004661907193755282
choque_10pct_permanente,permanente,0.9,0.09999999999999998,True,59,100,3,8049794.709158673,0.12548596327462314,0.026837842258442324,0.1123105255493822,0.005576432247561984
choque_10pct_permanente,permanente,0.9,0.09999999999999998,True,59,100,4,8338584.981982603,0.11206081579277484,0.029983348496512185,0.10615875213930297,0.0071662046553755835
choque_10pct_permanente,permanente,0.9,0.09999999999999998,True,59,100,5,8588964.21954142,0.09698420379502729,0.04511147910079538,0.0981371452787996,0.009336259052786355
choque_10pct_permanente,permanente,0.9,0.09999999999999998,True,59,100,6,8812326.51089514,0.08923800746988725,0.06460059966879061,0.09698505117911695,0.008800423461232696
choque_10pct_permanente,permanente,0.9,0.09999999999999998,True,59,100,7,8897107.627881004,0.09129860753393905,0.08941229336932621,0.10312268051907494,0.012866462232506712
choque_10pct_permanente,permanente,0.9,0.09999999999999998,True,59,100,8,8954121.385986762,0.09795799787041179,0.1084777027401147,0.11745872886090954,0.012375081302188553
choque_10pct_permanente,permanente,0.9,0.09999999999999998,True,59,100,9,8825616.05620199,0.11195749977139882,0.12012121276606846,0.13668201755697948,0.00827246957222556
choque_10pct_permanente,permanente,0.9,0.09999999999999998,True,59,100,10,8609782.3843399,0.13035319862958303,0.11797442288372872,0.15987760164035014,-0.0011625861040479536
choque_10pct_permanente,permanente,0.9,0.09999999999999998,True,59,100,11,8434866.644577542,0.14400645402824164,0.10303604549239354,0.1779529152619467,-0.013287573039288444
choque_10pct_permanente,permanente,0.9,0.09999999999999998,True,59,100,12,8349163.052853704,0.14926538840617487,0.08069559014668148,0.18721803855172228,-0.026015770640085714
choque_10pct_permanente,permanente,0.9,0.09999999999999998,True,59,100,13,8360782.760407482,0.1461983124447423,0.058169301578012034,0.1867943131522955,-0.03826013683069872
choque_10pct_permanente,permanente,0.9,0.09999999999999998,True,59,100,14,8781712.229385432,0.12802532565217994,0.03859851409389892,0.170987702538581,-0.04335020198569918
choque_10pct_permanente,permanente,0.9,0.09999999999999998,True,59,100,15,9376267.853862466,0.09960905416398269,0.029737746805020615,0.14851062316531938,-0.03887706303877924
choque_10pct_permanente,permanente,0.9,0.09999999999999998,True,59,100,16,9833322.218115773,0.07265087868695436,0.03772821239748669,0.13130647917522204,-0.032116331220653584
choque_10pct_permanente,permanente,0.9,0.09999999999999998,True,59,100,17,10208652.560395516,0.05798041897626054,0.0689948269546452,0.11962291234839854,-0.019800338540653325
choque_10pct_permanente,permanente,0.9,0.09999999999999998,True,59,100,18,10464527.269817144,0.056568753381908095,0.11956388445203414,0.12034323129352838,-0.010070764620328444
choque_10pct_permanente,permanente,0.9,0.09999999999999998,True,59,100,19,10694239.17260348,0.06096289955952389,0.172324409365036,0.13381466912552425,-0.0018746719883278578
choque_10pct_permanente,permanente,0.9,0.09999999999999998,True,59,100,20,10822826.068340987,0.06442985464480358,0.21255673603632252,0.14917011485985837,0.0050364678993459035
choque_10pct_permanente,permanente,0.9,0.09999999999999998,True,59,100,21,10882260.191355897,0.06376481984959019,0.23676853001389486,0.1595328730840361,0.0035113887914276576
choque_10pct_permanente,permanente,0.9,0.09999999999999998,True,59,100,22,10882043.968571419,0.06819489961044149,0.24981518086512788,0.16855830290779802,-0.0008013526964452364
choque_10pct_permanente,permanente,0.9,0.09999999999999998,True,59,100,23,10666473.732182944,0.08205371801902668,0.24681586126190735,0.18974342386224677,-0.012003400350352873
choque_10pct_permanente,permanente,0.9,0.09999999999999998,True,59,100,24,10468025.538612438,0.09325283045178698,0.22598486198443757,0.21016445322773353,-0.029287975191480495
choque_10pct_permanente,permanente,0.9,0.09999999999999998,True,59,100,25,10392528.842875618,0.09426248899162405,0.1960910751594882,0.2150213182572003,-0.04634156396862716
choque_10pct_permanente,permanente,0.9,0.09999999999999998,True,60,101,0,7609597.0,0.138,0.03,0.12063832026847152,0.010583740505574736
choque_10pct_permanente,permanente,0.9,0.09999999999999998,True,60,101,1,7652724.38733265,0.14039181650999813,0.030000000000000027,0.11859183719691781,0.007984885903803248
choque_10pct_permanente,permanente,0.9,0.09999999999999998,True,60,101,2,7810314.033300547,0.13522708141572493,0.02417722863023286,0.12034456570471717,0.003376331611358988
choque_10pct_permanente,permanente,0.9,0.09999999999999998,True,60,101,3,8057438.034464313,0.12472614910127032,0.02685924023907993,0.1119352966239309,0.0051062560118289085
choque_10pct_permanente,permanente,0.9,0.09999999999999998,True,60,101,4,8428089.873602377,0.10789505329219334,0.030282995463448925,0.10385262074889468,0.004149907900870135
choque_10pct_permanente,permanente,0.9,0.09999999999999998,True,60,101,5,8605257.689282728,0.0941472531769292,0.04874368731362266,0.09595815345360259,0.009942114925650983
choque_10pct_permanente,permanente,0.9,0.09999999999999998,True,60,101,6,8732613.250879807,0.09330045508883157,0.06920219579693954,0.09835262927113587,0.011409055994449774
choque_10pct_permanente,permanente,0.9,0.09999999999999998,True,60,101,7,8856945.373831717,0.09259936734886516,0.09122784117159588,0.10678674919967872,0.012910164605199045
choque_10pct_permanente,permanente,0.9,0.09999999999999998,True,60,101,8,8890273.470339648,0.0981385374687361,0.10904601585703788,0.11868958368959821,0.01007641545002431
choque_10pct_permanente,permanente,0.9,0.09999999999999998,True,60,101,9,8789317.020582652,0.1127315864207656,0.11892369917516343,0.13761604348492376,0.005947106325155888
choque_10pct_permanente,permanente,0.9,0.09999999999999998,True,60,101,10,8574169.119468883,0.1309011460170336,0.11564836353487085,0.1610713896689909,-0.005039094628153504
choque_10pct_permanente,permanente,0.9,0.09999999999999998,True,60,101,11,8445579.28240844,0.1411477494614423,0.10073896305151786,0.17614705323221397,-0.01616302076307263
choque_10pct_permanente,permanente,0.9,0.09999999999999998,True,60,101,12,8408723.266935432,0.1442290001096629,0.07922401806308565,0.18199944177147132,-0.027564053883853183
choque_10pct_permanente,permanente,0.9,0.09999999999999998,True,60,101,13,8507212.187653715,0.13685497428953944,0.05794664705288599,0.17872875562349969,-0.03431821587250284
choque_10pct_permanente,permanente,0.9,0.09999999999999998,True,60,101,14,8883521.828933451,0.1168379757522335,0.041680007331644564,0.16297221819559715,-0.03622781020959875
choque_10pct_permanente,permanente,0.9,0.09999999999999998,True,60,101,15,9553734.099779053,0.08636183323599803,0.03780020977094933,0.13968185611168388,-0.030211666897177036
choque_10pct_permanente,permanente,0.9,0.09999999999999998,True,60,101,16,9966717.63867086,0.0639177128679721,0.054439496267210785,0.12325573682423147,-0.02261188694663588
choque_10pct_permanente,permanente,0.9,0.09999999999999998,True,60,101,17,10295576.173647378,0.05406888935106555,0.09455576072423688,0.11616966957792771,-0.0144627573560219
choque_10pct_permanente,permanente,0.9,0.09999999999999998,True,60,101,18,10507452.130358828,0.05800529510171787,0.14893711737048032,0.12293314097155222,-0.0020017813066119873
choque_10pct_permanente,permanente,0.9,0.09999999999999998,True,60,101,19,10590219.337573074,0.0679750024259023,0.19510990598934508,0.1450422914168908,0.0017509652154929487
choque_10pct_permanente,permanente,0.9,0.09999999999999998,True,60,101,20,10721930.43907681,0.06965888704871662,0.22186135550324848,0.15941352123670033,0.0037161796683911124
choque_10pct_permanente,permanente,0.9,0.09999999999999998,True,60,101,21,10762190.81712573,0.06758944111587681,0.23404483429729894,0.1638039757594714,0.001143315543176538
choque_10pct_permanente,permanente,0.9,0.09999999999999998,True,60,101,22,10612454.4385165,0.07621484794683762,0.23719216095139783,0.17626276803912375,-0.007128284984512538
choque_10pct_permanente,permanente,0.9,0.09999999999999998,True,60,101,23,10488335.871174512,0.08691667418266168,0.2242387783326274,0.1971221677026974,-0.019794488451930405
choque_10pct_permanente,permanente,0.9,0.09999999999999998,True,60,101,24,10243721.165366814,0.09819301458723219,0.2028485779509095,0.21232518023925193,-0.035850664036644074
choque_10pct_permanente,permanente,0.9,0.09999999999999998,True,60,101,25,10279260.013781952,0.09450096130828486,0.17250618550297347,0.21428137873895317,-0.05020147688904552
choque_10pct_permanente,permanente,0.9,0.09999999999999998,True,61,102,0,7609597.0,0.138,0.03,0.12063832026847152,0.010583740505574736
choque_10pct_permanente,permanente,0.9,0.09999999999999998,True,61,102,1,7650002.471661862,0.14041421592540543,0.030000000000000027,0.11872188524457562,0.007945657219823491
choque_10pct_permanente,permanente,0.9,0.09999999999999998,True,61,102,2,7798683.8567142505,0.13544303527764473,0.024175254533992607,0.12053968788095525,0.005032995265911192
choque_10pct_permanente,permanente,0.9,0.09999999999999998,True,61,102,3,8056100.160966143,0.12551229731767805,0.026759128492234163,0.11194744237407288,0.005468382779039648
choque_10pct_permanente,permanente,0.9,0.09999999999999998,True,61,102,4,8412643.465632271,0.10825346654674162,0.02986846263692411,0.10387941608350315,0.007184095157875705
choque_10pct_permanente,permanente,0.9,0.09999999999999998,True,61,102,5,8633599.533259878,0.09282135741801509,0.046848227335362536,0.09612333361294371,0.01137850310169342
choque_10pct_permanente,permanente,0.9,0.09999999999999998,True,61,102,6,8771404.225004125,0.09254234857122602,0.0689608007327025,0.09862450792988393,0.010800247778077504
choque_10pct_permanente,permanente,0.9,0.09999999999999998,True,61,102,7,8767467.69571158,0.1001395772806158,0.09172766917407849,0.1115879137778066,0.009525639207364532
choque_10pct_permanente,permanente,0.9,0.09999999999999998,True,61,102,8,8769715.5329844,0.10862671221775291,0.10557615516000096,0.12693624229143352,0.009882240291830947
choque_10pct_permanente,permanente,0.9,0.09999999999999998,True,61,102,9,8701011.15102794,0.11684418269694988,0.11043359912288686,0.14160615636738894,0.001063275619985261
choque_10pct_permanente,permanente,0.9,0.09999999999999998,True,61,102,10,8591968.95736663,0.12665257766794788,0.10427927899896083,0.15679335438274275,-0.006926930679237409
choque_10pct_permanente,permanente,0.9,0.09999999999999998,True,61,102,11,8532537.327360103,0.1314018987297002,0.09245442110851276,0.1668037070855682,-0.016904570960589952
choque_10pct_permanente,permanente,0.9,0.09999999999999998,True,61,102,12,8575821.094860412,0.13051506926842993,0.07639532189005482,0.16935646899044896,-0.02444565143710362
choque_10pct_permanente,permanente,0.9,0.09999999999999998,True,61,102,13,8775555.21616262,0.12119263541810059,0.06293674178436559,0.16299851645124575,-0.028147049256446857
choque_10pct_permanente,permanente,0.9,0.09999999999999998,True,61,102,14,9094736.298244193,0.10160077610908912,0.05491957382570112,0.1505076414500268,-0.02832332298488372
choque_10pct_permanente,permanente,0.9,0.09999999999999998,True,61,102,15,9646516.671787664,0.07751194667203011,0.0591075387708182,0.1322605433068951,-0.022282006757689283
choque_10pct_permanente,permanente,0.9,0.09999999999999998,True,61,102,16,9993751.165499656,0.05864654489619867,0.08220493249270877,0.12045978693310418,-0.01691477715071372
choque_10pct_permanente,permanente,0.9,0.09999999999999998,True,61,102,17,10296909.441072917,0.05494282442357895,0.12597345470365795,0.11541448848118688,-0.004743792250706836
choque_10pct_permanente,permanente,0.9,0.09999999999999998,True,61,102,18,10518845.822182972,0.05884646058208408,0.17356954014605686,0.1287109775644877,-8.622088599810377e-05
choque_10pct_permanente,permanente,0.9,0.09999999999999998,True,61,102,19,10707472.275205879,0.06403973634712971,0.21198669577888563,0.14403027639629423,0.006629691516400963
choque_10pct_permanente,permanente,0.9,0.09999999999999998,True,61,102,20,10665065.991404884,0.07017583284394265,0.23449278515142002,0.1606579009871414,0.002628221679562067
choque_10pct_permanente,permanente,0.9,0.09999999999999998,True,61,102,21,10566525.259421721,0.0802981051574657,0.2388523372964504,0.17639622680695888,-0.0019478372782065763
choque_10pct_permanente,permanente,0.9,0.09999999999999998,True,61,102,22,10367936.568649963,0.0897664341044871,0.226169290814336,0.1941205176673308,-0.016227139837932277
choque_10pct_permanente,permanente,0.9,0.09999999999999998,True,61,102,23,10263096.50533331,0.09418157333820741,0.20186926673165995,0.20336001930297848,-0.03100392634971479
choque_10pct_permanente,permanente,0.9,0.09999999999999998,True,61,102,24,10174534.662029972,0.0927770577458294,0.17566566104993164,0.20663645487932691,-0.05052349408156682
choque_10pct_permanente,permanente,0.9,0.09999999999999998,True,61,102,25,10452349.48251963,0.07823678746510276,0.1518896571177153,0.19549436658695318,-0.053026394139478725
choque_10pct_permanente,permanente,0.9,0.09999999999999998,True,62,103,0,7609597.0,0.138,0.03,0.12063832026847152,0.010583740505574736
choque_10pct_permanente,permanente,0.9,0.09999999999999998,True,62,103,1,7652724.38733265,0.14039181650999813,0.030000000000000027,0.11859183719691781,0.007984885903803248
choque_10pct_permanente,permanente,0.9,0.09999999999999998,True,62,103,2,7801389.463608131,0.13522708141572493,0.02418076482516729,0.12045633882052506,0.0045390471653261434
choque_10pct_permanente,permanente,0.9,0.09999999999999998,True,62,103,3,8065835.647105424,0.12460547721408592,0.0268679008619761,0.11210610703681127,0.003572596108639618
choque_10pct_permanente,permanente,0.9,0.09999999999999998,True,62,103,4,8343083.17549668,0.10942724430667809,0.03031923998380992,0.10479249942583807,0.006601961244087908
choque_10pct_permanente,permanente,0.9,0.09999999999999998,True,62,103,5,8634384.584227655,0.09411416889299003,0.047522106055015945,0.09575549879256871,0.009481670233027064
choque_10pct_permanente,permanente,0.9,0.09999999999999998,True,62,103,6,8843039.59509905,0.08526337170291944,0.06714268684093039,0.09509795031469515,0.012124928322508548
choque_10pct_permanente,permanente,0.9,0.09999999999999998,True,62,103,7,8915579.763623228,0.09042280246097571,0.09581223112542436,0.10195107711387746,0.01459715957045936
choque_10pct_permanente,permanente,0.9,0.09999999999999998,True,62,103,8,8894136.156171532,0.10260614495767696,0.11391831053162438,0.12201317126721566,0.009794657128558235
choque_10pct_permanente,permanente,0.9,0.09999999999999998,True,62,103,9,8764094.724315576,0.11682248141197733,0.12296292500230832,0.14176224354208697,0.005605435128570407
choque_10pct_permanente,permanente,0.9,0.09999999999999998,True,62,103,10,8615828.816936905,0.1285170410985189,0.11538453613773236,0.1605432936702964,-0.005132115497378192
choque_10pct_permanente,permanente,0.9,0.09999999999999998,True,62,103,11,8520634.389052698,0.13505696583216859,0.10213337690673963,0.17084153707306854,-0.016020882266455923
choque_10pct_permanente,permanente,0.9,0.09999999999999998,True,62,103,12,8460465.721450906,0.13806817390339043,0.08148413540526356,0.17803828222149917,-0.026831482894909487
choque_10pct_permanente,permanente,0.9,0.09999999999999998,True,62,103,13,8629522.733735962,0.13056212243299076,0.06301662967269439,0.17273053074817965,-0.030954001666200985
choque_10pct_permanente,permanente,0.9,0.09999999999999998,True,62,103,14,8927623.514979294,0.11191067290375639,0.04883157999864651,0.15974910102801776,-0.03708911300043714
choque_10pct_permanente,permanente,0.9,0.09999999999999998,True,62,103,15,9552616.233647766,0.08529434363181056,0.04701292548404101,0.13795517544338376,-0.030532420370399542
choque_10pct_permanente,permanente,0.9,0.09999999999999998,True,62,103,16,9971412.124942528,0.06139635594683642,0.06313690565374541,0.1225365240248642,-0.022714493770147892
choque_10pct_permanente,permanente,0.9,0.09999999999999998,True,62,103,17,10331926.289316239,0.051268921538445394,0.10498523928001502,0.11256018854146004,-0.009088101770055432
choque_10pct_permanente,permanente,0.9,0.09999999999999998,True,62,103,18,10503708.674594238,0.055278742057316414,0.16047331803332976,0.1210006888363198,0.0013093882475945704
choque_10pct_permanente,permanente,0.9,0.09999999999999998,True,62,103,19,10673084.717926664,0.06697043268681196,0.20743607612291637,0.14334231389344732,0.00710049117414965
choque_10pct_permanente,permanente,0.9,0.09999999999999998,True,62,103,20,10728790.049434815,0.07139488419103666,0.2314525224782833,0.1635132625789667,0.0035058357383389404
choque_10pct_permanente,permanente,0.9,0.09999999999999998,True,62,103,21,10566282.746730085,0.07893469073427056,0.24110997420260127,0.17414418553049255,-0.004910849159942316
choque_10pct_permanente,permanente,0.9,0.09999999999999998,True,62,103,22,10463060.098461352,0.08881779746270241,0.22843009375059142,0.19054061768202094,-0.016547916060851785
choque_10pct_permanente,permanente,0.9,0.09999999999999998,True,62,103,23,10204287.511484612,0.09866339893920158,0.20673834715709782,0.2058650123256035,-0.031850829059450934
choque_10pct_permanente,permanente,0.9,0.09999999999999998,True,62,103,24,10148656.233392669,0.09521911747418445,0.1756389874009947,0.21034454263435504,-0.05034242652857855
choque_10pct_permanente,permanente,0.9,0.09999999999999998,True,62,103,25,10497086.754431603,0.07663991304437602,0.15082597422656852,0.1930017133053885,-0.051536694151925834
choque_10pct_permanente,permanente,0.9,0.09999999999999998,True,63,104,0,7609597.0,0.138,0.03,0.12063832026847152,0.010583740505574736
choque_10pct_permanente,permanente,0.9,0.09999999999999998,True,63,104,1,7652724.38733265,0.14039181650999813,0.030000000000000027,0.11859183719691781,0.007984885903803248
choque_10pct_permanente,permanente,0.9,0.09999999999999998,True,63,104,2,7800331.918084864,0.13522708141572493,0.024184839601901098,0.12056828844091663,0.005109422131421157
choque_10pct_permanente,permanente,0.9,0.09999999999999998,True,63,104,3,8035590.667129238,0.12544034788120734,0.02684110530888928,0.1128197861269166,0.004372443627964133
choque_10pct_permanente,permanente,0.9,0.09999999999999998,True,63,104,4,8337284.231077738,0.11061192036583727,0.02998433218666996,0.10532738182984704,0.008197021124033055
choque_10pct_permanente,permanente,0.9,0.09999999999999998,True,63,104,5,8666810.299429193,0.09298228440866146,0.04567794484472798,0.09604733027356295,0.013667419622001638
choque_10pct_permanente,permanente,0.9,0.09999999999999998,True,63,104,6,8752764.1409515,0.08898331884159791,0.06729832107068279,0.0978161378503028,0.011742491009325569
choque_10pct_permanente,permanente,0.9,0.09999999999999998,True,63,104,7,8805000.257204346,0.09968821769976685,0.09220575291138511,0.10991713515571704,0.015465709093015935
choque_10pct_permanente,permanente,0.9,0.09999999999999998,True,63,104,8,8771353.248269172,0.11182381066204657,0.10596289589669827,0.12997601656681743,0.008175440172079116
choque_10pct_permanente,permanente,0.9,0.09999999999999998,True,63,104,9,8686392.718745999,0.11891269683480582,0.1104806178539921,0.1435868249806086,0.005423344826994401
choque_10pct_permanente,permanente,0.9,0.09999999999999998,True,63,104,10,8606342.605327696,0.12506986860688674,0.1038526666630315,0.15618451237386152,-0.006537336409749391
choque_10pct_permanente,permanente,0.9,0.09999999999999998,True,63,104,11,8516185.449658934,0.13250903560499608,0.09280952493707839,0.16620311392260023,-0.015687320399329047
choque_10pct_permanente,permanente,0.9,0.09999999999999998,True,63,104,12,8608150.476727933,0.1294018583994572,0.07656427256834286,0.16819409409716285,-0.025318772127731745
choque_10pct_permanente,permanente,0.9,0.09999999999999998,True,63,104,13,8746141.68282907,0.11955799890073553,0.06357373410334533,0.1625989261552919,-0.03081275319248805
choque_10pct_permanente,permanente,0.9,0.09999999999999998,True,63,104,14,9131651.564695505,0.10176859545053427,0.05527587441455695,0.14971750700339168,-0.030189758230304255
choque_10pct_permanente,permanente,0.9,0.09999999999999998,True,63,104,15,9610248.85894645,0.0764969446637296,0.058819064307304325,0.1337003134952379,-0.02533017331736088
choque_10pct_permanente,permanente,0.9,0.09999999999999998,True,63,104,16,10081599.070815388,0.058182193481153104,0.08247616181186102,0.1181997961157698,-0.016841641052780347
choque_10pct_permanente,permanente,0.9,0.09999999999999998,True,63,104,17,10366557.86964244,0.05098564100149133,0.12671929438801177,0.11409257162828788,-0.006906654518579645
choque_10pct_permanente,permanente,0.9,0.09999999999999998,True,63,104,18,10651611.360697936,0.05544136624129434,0.1817556193028489,0.12193334867149677,0.007184950592747099
choque_10pct_permanente,permanente,0.9,0.09999999999999998,True,63,104,19,10703006.670672793,0.06651080231104994,0.22333243658951596,0.1460123458771599,0.013526072920249961
choque_10pct_permanente,permanente,0.9,0.09999999999999998,True,63,104,20,10616455.142834445,0.07689234358410169,0.24457861426311123,0.1690523254861668,0.004079071535475059
choque_10pct_permanente,permanente,0.9,0.09999999999999998,True,63,104,21,10367087.166554423,0.09292423951497601,0.24168503963249344,0.18760658382894646,-0.0059433079624762585
choque_10pct_permanente,permanente,0.9,0.09999999999999998,True,63,104,22,10093708.257946486,0.1020715187193116,0.21775912578199996,0.20649885187753014,-0.026346896709925793
choque_10pct_permanente,permanente,0.9,0.09999999999999998,True,63,104,23,9994542.877113156,0.10113967462237362,0.184405946593859,0.21028832583598567,-0.04394603323627527
choque_10pct_permanente,permanente,0.9,0.09999999999999998,True,63,104,24,10029598.158283949,0.09565972498868375,0.1520230083956169,0.2062350874893951,-0.05480040420353295
choque_10pct_permanente,permanente,0.9,0.09999999999999998,True,63,104,25,10494194.896960625,0.07248718836624159,0.12811622004282075,0.18938171376174562,-0.05622903451626112
choque_10pct_permanente,permanente,0.9,0.09999999999999998,True,64,105,0,7609597.0,0.138,0.03,0.12063832026847152,0.010583740505574736
choque_10pct_permanente,permanente,0.9,0.09999999999999998,True,64,105,1,7652724.38733265,0.14039181650999813,0.030000000000000027,0.11859183719691781,0.007984885903803248
choque_10pct_permanente,permanente,0.9,0.09999999999999998,True,64,105,2,7800563.818636234,0.13522708141572493,0.024177090049350314,0.12051070114827839,0.003203333660435202
choque_10pct_permanente,permanente,0.9,0.09999999999999998,True,64,105,3,8082200.757450347,0.12415519740479337,0.026867671667129223,0.11145732436299939,0.007161340119026205
choque_10pct_permanente,permanente,0.9,0.09999999999999998,True,64,105,4,8375355.965517943,0.11004903845188879,0.030515382646011835,0.1051377653029078,0.008595683120000875
choque_10pct_permanente,permanente,0.9,0.09999999999999998,True,64,105,5,8541565.655851372,0.10195865147657368,0.046222430426295036,0.10188405947091426,0.0057788672894643085
choque_10pct_permanente,permanente,0.9,0.09999999999999998,True,64,105,6,8683656.07287747,0.09746490489245727,0.06256938108484733,0.10469068379619305,0.008820928200911285
choque_10pct_permanente,permanente,0.9,0.09999999999999998,True,64,105,7,8784210.62937915,0.09698276923829086,0.08219178374789671,0.11025500069070307,0.009737699580727037
choque_10pct_permanente,permanente,0.9,0.09999999999999998,True,64,105,8,8829572.18931079,0.1032940095305561,0.0980892016331536,0.12159864762823344,0.006872065587488634
choque_10pct_permanente,permanente,0.9,0.09999999999999998,True,64,105,9,8763103.951579297,0.11383459560506148,0.10706091283422814,0.1376087668616596,0.0024747825241221025
choque_10pct_permanente,permanente,0.9,0.09999999999999998,True,64,105,10,8647348.98481058,0.12716083223045682,0.1052317541165182,0.1549460728656993,-0.005251476176450005
choque_10pct_permanente,permanente,0.9,0.09999999999999998,True,64,105,11,8607742.722582888,0.12935591297747973,0.09432970634081528,0.16561466460506924,-0.015253457984639833
choque_10pct_permanente,permanente,0.9,0.09999999999999998,True,64,105,12,8589119.535830287,0.13155059400238633,0.08135958917088981,0.16895944897006027,-0.02359515981892656
choque_10pct_permanente,permanente,0.9,0.09999999999999998,True,64,105,13,8663407.527988454,0.12425875441686855,0.06766105917431786,0.16781998522896477,-0.032067310232246744
choque_10pct_permanente,permanente,0.9,0.09999999999999998,True,64,105,14,9097004.885246292,0.10502974329683162,0.0587702872085869,0.15198548147213878,-0.030631211615952864
choque_10pct_permanente,permanente,0.9,0.09999999999999998,True,64,105,15,9567732.173787862,0.07931237731492868,0.05952446038993231,0.13488283223505335,-0.022948099811559552
choque_10pct_permanente,permanente,0.9,0.09999999999999998,True,64,105,16,10004839.08810632,0.05682401974604384,0.07957836755318004,0.11968498208147307,-0.01566875795032474
choque_10pct_permanente,permanente,0.9,0.09999999999999998,True,64,105,17,10353625.968749313,0.05012201736512102,0.12439901694469091,0.11129082901909448,-0.00536433314006728
choque_10pct_permanente,permanente,0.9,0.09999999999999998,True,64,105,18,10556248.246851666,0.05820405165455393,0.17944908211158173,0.1238477196393478,0.00537900933918189
choque_10pct_permanente,permanente,0.9,0.09999999999999998,True,64,105,19,10633887.324332904,0.07053848946408892,0.21706552746936159,0.15132067161998541,0.006751150799428338
choque_10pct_permanente,permanente,0.9,0.09999999999999998,True,64,105,20,10606407.173893178,0.07837798022830691,0.23174893710810274,0.17061524878396436,0.003303230735513038
choque_10pct_permanente,permanente,0.9,0.09999999999999998,True,64,105,21,10377125.95939375,0.08919707684116164,0.22914202158485586,0.18596120989830128,-0.011656211366255132
choque_10pct_permanente,permanente,0.9,0.09999999999999998,True,64,105,22,10169359.95494744,0.09909056205870276,0.20948095912673592,0.20150468149023731,-0.02862540592923044
choque_10pct_permanente,permanente,0.9,0.09999999999999998,True,64,105,23,10060225.980083404,0.0992522794253166,0.18089894434154186,0.20784822372949696,-0.04220075004833465
choque_10pct_permanente,permanente,0.9,0.09999999999999998,True,64,105,24,10182539.681547612,0.08863156187273405,0.15264733405417785,0.20101809373820848,-0.0491402652310412
choque_10pct_permanente,permanente,0.9,0.09999999999999998,True,64,105,25,10618869.930287322,0.06489762422177783,0.13544952421947598,0.18283501045746303,-0.050557599575198266
choque_10pct_permanente,permanente,0.9,0.09999999999999998,True,65,106,0,7609597.0,0.138,0.03,0.12063832026847152,0.010583740505574736
choque_10pct_permanente,permanente,0.9,0.09999999999999998,True,65,106,1,7652724.38733265,0.14039181650999813,0.030000000000000027,0.11859183719691781,0.007984885903803248
choque_10pct_permanente,permanente,0.9,0.09999999999999998,True,65,106,2,7795759.389025463,0.13522708141572493,0.024174315104845245,0.12053338646317642,0.0028232504809952382
choque_10pct_permanente,permanente,0.9,0.09999999999999998,True,65,106,3,8066722.623080711,0.1240298344420654,0.0268813672610837,0.11103366099375539,0.0065528971094054
choque_10pct_permanente,permanente,0.9,0.09999999999999998,True,65,106,4,8381860.874581563,0.10756815905149672,0.030548426762506242,0.10317564383710648,0.005740841421100333
choque_10pct_permanente,permanente,0.9,0.09999999999999998,True,65,106,5,8669128.235161694,0.09280568107480179,0.047305673446291774,0.09409068531189145,0.01081067027667742
choque_10pct_permanente,permanente,0.9,0.09999999999999998,True,65,106,6,8847353.636172317,0.08462878318348006,0.06968994361835956,0.09353675606770336,0.015040445777491387
choque_10pct_permanente,permanente,0.9,0.09999999999999998,True,65,106,7,9000749.724459546,0.0844707723471859,0.09839442948297616,0.09906807183607796,0.016618821803160277
choque_10pct_permanente,permanente,0.9,0.09999999999999998,True,65,106,8,8923746.719151521,0.10053070117346163,0.1217881899669051,0.1188965965806053,0.01507621631465924
choque_10pct_permanente,permanente,0.9,0.09999999999999998,True,65,106,9,8677798.102460127,0.12399887068801593,0.12968853781408085,0.14936559676985364,0.002532045435941699
choque_10pct_permanente,permanente,0.9,0.09999999999999998,True,65,106,10,8512555.50042032,0.1407114267004817,0.11971683750919504,0.17010130549238328,-0.008055812754562486
choque_10pct_permanente,permanente,0.9,0.09999999999999998,True,65,106,11,8371089.156662708,0.14604596319802607,0.09886588274682606,0.18129619615315498,-0.022070232390910906
choque_10pct_permanente,permanente,0.9,0.09999999999999998,True,65,106,12,8336996.765458072,0.14609458296047104,0.07512925741075871,0.18319959853741954,-0.03295820160086316
choque_10pct_permanente,permanente,0.9,0.09999999999999998,True,65,106,13,8543243.100599041,0.13599939596211202,0.05224883590128515,0.17556182466664977,-0.03642752792771713
choque_10pct_permanente,permanente,0.9,0.09999999999999998,True,65,106,14,8904696.571755825,0.11587940533578815,0.036990356713320516,0.16030444374020597,-0.03924137291780734
choque_10pct_permanente,permanente,0.9,0.09999999999999998,True,65,106,15,9484796.463176863,0.08864482587862442,0.033579723361042424,0.1395340489368221,-0.03214364051149574
choque_10pct_permanente,permanente,0.9,0.09999999999999998,True,65,106,16,9947113.518526832,0.06378122217546807,0.04947997307252594,0.12315750379555876,-0.023951588408961923
choque_10pct_permanente,permanente,0.9,0.09999999999999998,True,65,106,17,10241378.694614558,0.05460360630892849,0.08997569008629958,0.11464904261140253,-0.014922963299685293
choque_10pct_permanente,permanente,0.9,0.09999999999999998,True,65,106,18,10540460.867489964,0.05841545087509844,0.1437265583436056,0.12122596361745737,-0.004664130251661636
choque_10pct_permanente,permanente,0.9,0.09999999999999998,True,65,106,19,10754749.821166586,0.061211289775634954,0.19020823053073577,0.1388892913668336,0.0034973634941438017
choque_10pct_permanente,permanente,0.9,0.09999999999999998,True,65,106,20,10871615.907373441,0.061674775619536215,0.22595587251155602,0.1492218999507577,0.008486579727582521
choque_10pct_permanente,permanente,0.9,0.09999999999999998,True,65,106,21,10893701.369350066,0.06885909295357961,0.24615804008119402,0.16242753308292732,0.004657990235627274
choque_10pct_permanente,permanente,0.9,0.09999999999999998,True,65,106,22,10514925.017127637,0.0914324253255954,0.2481043952608244,0.19193951269121848,-0.009094983051951092
choque_10pct_permanente,permanente,0.9,0.09999999999999998,True,65,106,23,10288036.748868719,0.10350384719607165,0.22448241687235204,0.21531109692873954,-0.025408976873387928
choque_10pct_permanente,permanente,0.9,0.09999999999999998,True,65,106,24,10134157.217639042,0.10198375631560462,0.1917720099211282,0.21570592470024744,-0.04384973962878098
choque_10pct_permanente,permanente,0.9,0.09999999999999998,True,65,106,25,10283984.326764474,0.08880545513241213,0.15724381926723496,0.20651182771765464,-0.05469958467008383
choque_10pct_permanente,permanente,0.9,0.09999999999999998,True,66,107,0,7609597.0,0.138,0.03,0.12063832026847152,0.010583740505574736
choque_10pct_permanente,permanente,0.9,0.09999999999999998,True,66,107,1,7652724.38733265,0.14039181650999813,0.030000000000000027,0.11859183719691781,0.007984885903803248
choque_10pct_permanente,permanente,0.9,0.09999999999999998,True,66,107,2,7813739.9898260655,0.13522708141572493,0.02417499204141582,0.12049542615727203,0.0021218240363874157
choque_10pct_permanente,permanente,0.9,0.09999999999999998,True,66,107,3,8043384.744295323,0.12543951147811472,0.02687169830469127,0.11253875939232066,0.0051791478491445405
choque_10pct_permanente,permanente,0.9,0.09999999999999998,True,66,107,4,8362093.485037438,0.1096698145946373,0.029981432694052845,0.10514966826890736,0.006135468431830707
choque_10pct_permanente,permanente,0.9,0.09999999999999998,True,66,107,5,8593901.90925753,0.09766538071357274,0.0468732224781605,0.09736190528232036,0.009316008794842592
choque_10pct_permanente,permanente,0.9,0.09999999999999998,True,66,107,6,8793949.999264752,0.09009968225572483,0.06589032058150468,0.09811572693087116,0.0089827088293226
choque_10pct_permanente,permanente,0.9,0.09999999999999998,True,66,107,7,8884328.9784822,0.09089403629383128,0.09123750453301316,0.10330870984946339,0.01239667103510784
choque_10pct_permanente,permanente,0.9,0.09999999999999998,True,66,107,8,8866231.830756756,0.10149230005643747,0.10812273128402117,0.12042785366439761,0.012962821540264905
choque_10pct_permanente,permanente,0.9,0.09999999999999998,True,66,107,9,8777383.529819626,0.11487682033605769,0.1170519588245833,0.14086114656492046,0.006263892191872693
choque_10pct_permanente,permanente,0.9,0.09999999999999998,True,66,107,10,8575608.013606362,0.13211070528404648,0.11254888443443734,0.1626797443283764,-0.006359072168911405
choque_10pct_permanente,permanente,0.9,0.09999999999999998,True,66,107,11,8391915.894569017,0.14798364953106508,0.09864235980982472,0.17937435369855811,-0.01769161723110862
choque_10pct_permanente,permanente,0.9,0.09999999999999998,True,66,107,12,8305804.262238238,0.15004919470592973,0.07645815044242532,0.1868533170169185,-0.027105695449280424
choque_10pct_permanente,permanente,0.9,0.09999999999999998,True,66,107,13,8488742.713103252,0.13976491617460826,0.05438612866120862,0.1788683863681853,-0.033480414486428176
choque_10pct_permanente,permanente,0.9,0.09999999999999998,True,66,107,14,8851988.668576237,0.1206972471790687,0.037723899400981864,0.16396102603528054,-0.03734090745139706
choque_10pct_permanente,permanente,0.9,0.09999999999999998,True,66,107,15,9418159.46629138,0.09410884287317207,0.03228566491367868,0.1441939224515711,-0.03330780359016189
choque_10pct_permanente,permanente,0.9,0.09999999999999998,True,66,107,16,9861806.506063836,0.07093817430482373,0.04452360629497254,0.12764716977512344,-0.02530654780385406
choque_10pct_permanente,permanente,0.9,0.09999999999999998,True,66,107,17,10296417.500522524,0.05655175186105845,0.07867018199290299,0.11804788705664303,-0.019113970276104855
choque_10pct_permanente,permanente,0.9,0.09999999999999998,True,66,107,18,10474235.146422455,0.05528281025395961,0.13099905222603958,0.11999836766955749,-0.005729981560696865
choque_10pct_permanente,permanente,0.9,0.09999999999999998,True,66,107,19,10644385.883519854,0.06684808705558024,0.18305479849335882,0.1378001517247445,-1.2767418326884172e-05
choque_10pct_permanente,permanente,0.9,0.09999999999999998,True,66,107,20,10736153.114672532,0.07312209077712226,0.2126501043069433,0.1605793464485604,0.0032505895083848775
choque_10pct_permanente,permanente,0.9,0.09999999999999998,True,66,107,21,10656960.56522664,0.07353581976601692,0.22661494220563316,0.17043518445782968,-0.002800387530094211
choque_10pct_permanente,permanente,0.9,0.09999999999999998,True,66,107,22,10621131.46116962,0.07705085362913039,0.22515437408533856,0.1786247613727563,-0.0096666757856162
choque_10pct_permanente,permanente,0.9,0.09999999999999998,True,66,107,23,10496134.861876976,0.08478700045106087,0.21579947465045723,0.1927531436965751,-0.020744559967676376
choque_10pct_permanente,permanente,0.9,0.09999999999999998,True,66,107,24,10355906.075647997,0.09136273288612864,0.19549889875021953,0.20633600232996946,-0.035517832821717485
choque_10pct_permanente,permanente,0.9,0.09999999999999998,True,66,107,25,10412403.493392494,0.08639919883229334,0.17384700622270666,0.2063237234509435,-0.04900744060274374
choque_10pct_permanente,permanente,0.9,0.09999999999999998,True,67,108,0,7609597.0,0.138,0.03,0.12063832026847152,0.010583740505574736
choque_10pct_permanente,permanente,0.9,0.09999999999999998,True,67,108,1,7652724.38733265,0.14039181650999813,0.030000000000000027,0.11859183719691781,0.007984885903803248
choque_10pct_permanente,permanente,0.9,0.09999999999999998,True,67,108,2,7798543.595592602,0.13522708141572493,0.02418362697756926,0.12052372678520605,0.004634758829242098
choque_10pct_permanente,permanente,0.9,0.09999999999999998,True,67,108,3,8040886.970484645,0.12396056022957515,0.026857167535801363,0.11195389893165422,0.005743224782402626
choque_10pct_permanente,permanente,0.9,0.09999999999999998,True,67,108,4,8353898.367464216,0.10895051213167273,0.030661408992612493,0.10392576793204017,0.007348702328343026
choque_10pct_permanente,permanente,0.9,0.09999999999999998,True,67,108,5,8657632.836439721,0.0931748807705821,0.04801413727188075,0.09493413313875661,0.010659240880211928
choque_10pct_permanente,permanente,0.9,0.09999999999999998,True,67,108,6,8836919.607427914,0.08605844780148161,0.06928450033230305,0.09491416325077025,0.010925541590830088
choque_10pct_permanente,permanente,0.9,0.09999999999999998,True,67,108,7,8885756.576599432,0.09244337919039372,0.0970848708751384,0.102971766794417,0.015554539207783899
choque_10pct_permanente,permanente,0.9,0.09999999999999998,True,67,108,8,8886633.792822795,0.10125587820604909,0.11408939415674957,0.12204609884825822,0.01245250234025857
choque_10pct_permanente,permanente,0.9,0.09999999999999998,True,67,108,9,8763650.306033526,0.11730833396211315,0.12249212344948468,0.1411483223197592,0.005864774119413552
choque_10pct_permanente,permanente,0.9,0.09999999999999998,True,67,108,10,8558823.978495255,0.1333369879778754,0.11460354980908938,0.1639926869879264,-0.0030552442815754643
choque_10pct_permanente,permanente,0.9,0.09999999999999998,True,67,108,11,8433225.163078004,0.1431693382266513,0.09786432912428888,0.17790418230380997,-0.015564665299684312
choque_10pct_permanente,permanente,0.9,0.09999999999999998,True,67,108,12,8317978.69622937,0.15070024271917437,0.07528666908879211,0.18749866656670244,-0.03083297671863006
choque_10pct_permanente,permanente,0.9,0.09999999999999998,True,67,108,13,8418014.554006545,0.14519261833064742,0.05275147945826553,0.18384520786707845,-0.04185304182783905
choque_10pct_permanente,permanente,0.9,0.09999999999999998,True,67,108,14,8874663.401138594,0.12349980759868218,0.035214625902912244,0.16405251971235488,-0.04163857703237328
choque_10pct_permanente,permanente,0.9,0.09999999999999998,True,67,108,15,9533543.925619096,0.08864940667417497,0.029949674714310426,0.1395766868700663,-0.03548071659480595
choque_10pct_permanente,permanente,0.9,0.09999999999999998,True,67,108,16,9981112.35961791,0.06239576592813699,0.04584962846029206,0.12041960996895035,-0.026574889400634242
choque_10pct_permanente,permanente,0.9,0.09999999999999998,True,67,108,17,10299541.759613018,0.05365825528609958,0.08797901510620232,0.11218212686445408,-0.017172091674574057
choque_10pct_permanente,permanente,0.9,0.09999999999999998,True,67,108,18,10553002.810712283,0.05459084155474813,0.1449597497735915,0.11910992682397731,-0.003971164055499933
choque_10pct_permanente,permanente,0.9,0.09999999999999998,True,67,108,19,10757635.51548171,0.058452962158849334,0.19831985026986443,0.13465738980170414,0.005473226322518844
choque_10pct_permanente,permanente,0.9,0.09999999999999998,True,67,108,20,10896568.428370517,0.06417585825679113,0.23632116942788728,0.15008641884945761,0.006763529645987639
choque_10pct_permanente,permanente,0.9,0.09999999999999998,True,67,108,21,10800110.884290857,0.07404209096940462,0.25457292896434414,0.16797785358657338,0.0028970502713511876
choque_10pct_permanente,permanente,0.9,0.09999999999999998,True,67,108,22,10653854.78607701,0.08008431993985546,0.24931331743135177,0.18569995306955586,-0.009000783048931309
choque_10pct_permanente,permanente,0.9,0.09999999999999998,True,67,108,23,10457106.387989841,0.08818632994726146,0.23238603495779397,0.1968252552018192,-0.022049406453014956
choque_10pct_permanente,permanente,0.9,0.09999999999999998,True,67,108,24,10295626.983356444,0.09355031341691337,0.2033883297557073,0.2092052300190157,-0.03820457818653014
choque_10pct_permanente,permanente,0.9,0.09999999999999998,True,67,108,25,10284070.765882757,0.09117976598605004,0.17503353357764162,0.20925823161533094,-0.05045483751380089
choque_10pct_permanente,permanente,0.9,0.09999999999999998,True,68,109,0,7609597.0,0.138,0.03,0.12063832026847152,0.010583740505574736
choque_10pct_permanente,permanente,0.9,0.09999999999999998,True,68,109,1,7652724.38733265,0.14039181650999813,0.030000000000000027,0.11859183719691781,0.007984885903803248
choque_10pct_permanente,permanente,0.9,0.09999999999999998,True,68,109,2,7795564.207145303,0.13522708141572493,0.02418834528460323,0.12055536259422993,0.006009541766542328
choque_10pct_permanente,permanente,0.9,0.09999999999999998,True,68,109,3,8084124.505442788,0.12459673686515614,0.026850664392079837,0.11150158718514273,0.004540910103163122
choque_10pct_permanente,permanente,0.9,0.09999999999999998,True,68,109,4,8339610.36786887,0.11017589977930625,0.03039670273599726,0.10470412203118896,0.007572112323746219
choque_10pct_permanente,permanente,0.9,0.09999999999999998,True,68,109,5,8663263.956057398,0.09362302545010069,0.04569489694304463,0.09659760972530426,0.009005861934640263
choque_10pct_permanente,permanente,0.9,0.09999999999999998,True,68,109,6,8807716.534559824,0.08707087465431469,0.06735090192007864,0.09634891881861238,0.012423402684858363
choque_10pct_permanente,permanente,0.9,0.09999999999999998,True,68,109,7,8881296.457770048,0.09309191785995265,0.09398725571727273,0.10493376790878246,0.014458536867473618
choque_10pct_permanente,permanente,0.9,0.09999999999999998,True,68,109,8,8846678.430598488,0.10455140060366526,0.11140402306917707,0.12468913159438297,0.009579971751918614
choque_10pct_permanente,permanente,0.9,0.09999999999999998,True,68,109,9,8704202.716102071,0.1206625758574499,0.1185795763580364,0.14472351563410832,0.004377449225454266
choque_10pct_permanente,permanente,0.9,0.09999999999999998,True,68,109,10,8581846.866619514,0.13148707490319905,0.11040503753144204,0.162343963550327,-0.0036277847984879943
choque_10pct_permanente,permanente,0.9,0.09999999999999998,True,68,109,11,8477063.91890513,0.137336771472823,0.09631802056870908,0.17224970603435794,-0.015455268257028686
choque_10pct_permanente,permanente,0.9,0.09999999999999998,True,68,109,12,8442372.413083974,0.1398711495101903,0.07698971590494108,0.17757931451840409,-0.02626540989458846
choque_10pct_permanente,permanente,0.9,0.09999999999999998,True,68,109,13,8565312.97731114,0.13261883985265446,0.05833282908605897,0.17412256093365938,-0.034672520925616616
choque_10pct_permanente,permanente,0.9,0.09999999999999998,True,68,109,14,8923145.391812464,0.11496338342146879,0.04447737188826584,0.16008726027549253,-0.0328545276079446
choque_10pct_permanente,permanente,0.9,0.09999999999999998,True,68,109,15,9510722.020499501,0.08547876461416444,0.0418287623151965,0.1393295035973743,-0.030186215253125384
choque_10pct_permanente,permanente,0.9,0.09999999999999998,True,68,109,16,9978778.190328116,0.06153087774853683,0.06045855499633612,0.12085015433749428,-0.02152934521481054
choque_10pct_permanente,permanente,0.9,0.09999999999999998,True,68,109,17,10365899.991915919,0.0508220897977445,0.10258907968477615,0.11179758314916022,-0.012244556754924007
choque_10pct_permanente,permanente,0.9,0.09999999999999998,True,68,109,18,10564848.455128064,0.05400085885917907,0.16089803126309699,0.11846642204546087,0.002556952811862262
choque_10pct_permanente,permanente,0.9,0.09999999999999998,True,68,109,19,10713480.675994005,0.06549525243414697,0.20900391409244912,0.14175473561670807,0.00975249612690294
choque_10pct_permanente,permanente,0.9,0.09999999999999998,True,68,109,20,10776272.14588209,0.07391460273857106,0.23434614629712636,0.16409704851425047,0.006489583866710072
choque_10pct_permanente,permanente,0.9,0.09999999999999998,True,68,109,21,10483531.415896354,0.08771872641187198,0.23969058261213694,0.18338787779962581,-0.005252805601115452
choque_10pct_permanente,permanente,0.9,0.09999999999999998,True,68,109,22,10277434.896715673,0.09921313590585198,0.2220162679946287,0.20265743868735078,-0.02231275580520446
choque_10pct_permanente,permanente,0.9,0.09999999999999998,True,68,109,23,9975831.510210725,0.10719355468894046,0.1941055043737525,0.21442942605933277,-0.0396960083128607
choque_10pct_permanente,permanente,0.9,0.09999999999999998,True,68,109,24,10149104.383057814,0.09539080949283132,0.15944333721979742,0.20797955833801746,-0.051030186943468316
choque_10pct_permanente,permanente,0.9,0.09999999999999998,True,68,109,25,10362827.817716973,0.07744274413858201,0.1367676081251059,0.19202056431303946,-0.056179458347430516
choque_10pct_permanente,permanente,0.9,0.09999999999999998,True,69,110,0,7609597.0,0.138,0.03,0.12063832026847152,0.010583740505574736
choque_10pct_permanente,permanente,0.9,0.09999999999999998,True,69,110,1,7652724.38733265,0.14039181650999813,0.030000000000000027,0.11859183719691781,0.007984885903803248
choque_10pct_permanente,permanente,0.9,0.09999999999999998,True,69,110,2,7808005.83577837,0.1352271743258113,0.02417543691180768,0.12048629552242138,0.002645565424754922
choque_10pct_permanente,permanente,0.9,0.09999999999999998,True,69,110,3,8076202.453951858,0.12402598259044004,0.026865393308924235,0.11140889724019841,0.007622436129147782
choque_10pct_permanente,permanente,0.9,0.09999999999999998,True,69,110,4,8328828.854193888,0.1091288507026388,0.0305426236931734,0.10507568759882267,0.00598002081027474
choque_10pct_permanente,permanente,0.9,0.09999999999999998,True,69,110,5,8634933.323125621,0.09635352545400641,0.0464247865947891,0.09725649629797874,0.008003536628780278
choque_10pct_permanente,permanente,0.9,0.09999999999999998,True,69,110,6,8808045.40589939,0.08781008758068293,0.0668706112755455,0.09599775538509514,0.0114515974745016
choque_10pct_permanente,permanente,0.9,0.09999999999999998,True,69,110,7,8993678.374946216,0.08401178629884079,0.0930145568062406,0.09888846756882463,0.0166801691543818
choque_10pct_permanente,permanente,0.9,0.09999999999999998,True,69,110,8,8986780.815862294,0.09447142806639126,0.11718309378428193,0.11269797017228092,0.01577906656037093
choque_10pct_permanente,permanente,0.9,0.09999999999999998,True,69,110,9,8864838.224944217,0.1094332744773648,0.12937782057827296,0.13684926071530976,0.010604530054678714
choque_10pct_permanente,permanente,0.9,0.09999999999999998,True,69,110,10,8631399.877421374,0.12966089679820955,0.1274488456975229,0.16100128169111935,-0.000842110804684696
choque_10pct_permanente,permanente,0.9,0.09999999999999998,True,69,110,11,8404369.215624517,0.14586598399137352,0.11108187288279292,0.18180290927200893,-0.0166920484464241
choque_10pct_permanente,permanente,0.9,0.09999999999999998,True,69,110,12,8287335.523541307,0.15346239496360645,0.08661352630548813,0.19154601232449708,-0.03246665317285041
choque_10pct_permanente,permanente,0.9,0.09999999999999998,True,69,110,13,8371043.021228483,0.1476695074899694,0.0596251728556656,0.18740429465792055,-0.04068451351748295
choque_10pct_permanente,permanente,0.9,0.09999999999999998,True,69,110,14,8894095.998121593,0.12004551179165301,0.03799080829459456,0.16519601300193382,-0.039164907526063615
choque_10pct_permanente,permanente,0.9,0.09999999999999998,True,69,110,15,9476062.391964132,0.08761612767596745,0.030661299357426453,0.14106038794685175,-0.03535573564851189
choque_10pct_permanente,permanente,0.9,0.09999999999999998,True,69,110,16,9918923.288649406,0.06655261324285287,0.04567604967176475,0.12400461296960898,-0.026083867688705766
choque_10pct_permanente,permanente,0.9,0.09999999999999998,True,69,110,17,10226837.115988638,0.05523316564517814,0.08248657238253876,0.1179059735680018,-0.016946633539444634
choque_10pct_permanente,permanente,0.9,0.09999999999999998,True,69,110,18,10467193.984829433,0.05788208092565609,0.13714071815165352,0.12133744256430957,-0.00894351925701074
choque_10pct_permanente,permanente,0.9,0.09999999999999998,True,69,110,19,10762979.201377816,0.06320780101737956,0.18443129990944884,0.13841721646559496,0.004343096028857623
choque_10pct_permanente,permanente,0.9,0.09999999999999998,True,69,110,20,10876609.719330542,0.06364488409822658,0.21923357958106493,0.1520338208892628,0.004336000692838243
choque_10pct_permanente,permanente,0.9,0.09999999999999998,True,69,110,21,10770611.224971604,0.07089740785582271,0.24055187779801224,0.16438653181421978,0.0035908242953517156
choque_10pct_permanente,permanente,0.9,0.09999999999999998,True,69,110,22,10569054.45210904,0.08493014901877005,0.24274410042402073,0.18673362324638115,-0.009163531819813761
choque_10pct_permanente,permanente,0.9,0.09999999999999998,True,69,110,23,10389125.711615557,0.09363642258925957,0.22446063081901935,0.20468098066323712,-0.0242856893918134
choque_10pct_permanente,permanente,0.9,0.09999999999999998,True,69,110,24,10210331.664890453,0.0969020172982803,0.197966360522295,0.2112533307743966,-0.03943218942279356
choque_10pct_permanente,permanente,0.9,0.09999999999999998,True,69,110,25,10315578.018459354,0.08817705511760683,0.1680835249546937,0.20683586886819216,-0.05155156936399435
choque_10pct_permanente,permanente,0.9,0.09999999999999998,True,70,111,0,7609597.0,0.138,0.03,0.12063832026847152,0.010583740505574736
choque_10pct_permanente,permanente,0.9,0.09999999999999998,True,70,111,1,7652724.38733265,0.14039181650999813,0.030000000000000027,0.11859183719691781,0.007984885903803248
choque_10pct_permanente,permanente,0.9,0.09999999999999998,True,70,111,2,7810558.145549158,0.13522708141572493,0.02416379221127296,0.1205771870152906,-0.0004998282809616247
choque_10pct_permanente,permanente,0.9,0.09999999999999998,True,70,111,3,8094292.032921445,0.12339508676856754,0.02693906039771976,0.11024539303697212,0.005744063310937772
choque_10pct_permanente,permanente,0.9,0.09999999999999998,True,70,111,4,8415242.424626948,0.10595908311296691,0.03088572155142888,0.1017948972497072,0.009076698661175513
choque_10pct_permanente,permanente,0.9,0.09999999999999998,True,70,111,5,8701500.8124153,0.09204388051870993,0.047979707516407455,0.09400210869831639,0.014125087762993982
choque_10pct_permanente,permanente,0.9,0.09999999999999998,True,70,111,6,8817883.217437543,0.08924110929232756,0.07051025118878851,0.09755150884073163,0.012880998284749461
choque_10pct_permanente,permanente,0.9,0.09999999999999998,True,70,111,7,8808463.248705868,0.10019165045925062,0.0964754201724265,0.109931720242047,0.014833796395850776
choque_10pct_permanente,permanente,0.9,0.09999999999999998,True,70,111,8,8716053.892425116,0.1128536165855309,0.11037816506601694,0.13122081367160585,0.0066995280002787915
choque_10pct_permanente,permanente,0.9,0.09999999999999998,True,70,111,9,8641708.325240215,0.12468415074241868,0.11308416921396103,0.14645878851480718,0.003400340056043394
choque_10pct_permanente,permanente,0.9,0.09999999999999998,True,70,111,10,8497544.949642193,0.13198382501490263,0.10414391893977815,0.16130938393480593,-0.009648651786375797
choque_10pct_permanente,permanente,0.9,0.09999999999999998,True,70,111,11,8479079.76202856,0.13470691485469835,0.08765074790561123,0.1689449645765266,-0.020030127781238097
choque_10pct_permanente,permanente,0.9,0.09999999999999998,True,70,111,12,8469282.258873668,0.13606558294575039,0.07022278636759527,0.17296421839178308,-0.028465500841137387
choque_10pct_permanente,permanente,0.9,0.09999999999999998,True,70,111,13,8702408.390131408,0.12576880039014202,0.05316637646608835,0.16653371674520812,-0.03532892188891767
choque_10pct_permanente,permanente,0.9,0.09999999999999998,True,70,111,14,9104737.482124934,0.10582964316645231,0.04366776820129803,0.15177467785588186,-0.03467838171447169
choque_10pct_permanente,permanente,0.9,0.09999999999999998,True,70,111,15,9610878.264504978,0.08048352676051786,0.04658649457150266,0.13426175039283778,-0.028193963468700584
choque_10pct_permanente,permanente,0.9,0.09999999999999998,True,70,111,16,9980355.622702664,0.06275976883363996,0.06939655055577432,0.12091228843481296,-0.02064092726850615
choque_10pct_permanente,permanente,0.9,0.09999999999999998,True,70,111,17,10309461.286876122,0.05568689974840966,0.11047828532772597,0.11638964698301528,-0.009609727733622338
choque_10pct_permanente,permanente,0.9,0.09999999999999998,True,70,111,18,10587254.02704085,0.055314837151948376,0.16141198709315008,0.12287920762964379,0.003110268833875618
choque_10pct_permanente,permanente,0.9,0.09999999999999998,True,70,111,19,10776638.455516076,0.06085258604343222,0.2093108817770153,0.13750114268889205,0.0065768982808267614
choque_10pct_permanente,permanente,0.9,0.09999999999999998,True,70,111,20,10746854.89183434,0.07266735954590486,0.2383165525033515,0.15862776602323603,0.0060764631753147825
choque_10pct_permanente,permanente,0.9,0.09999999999999998,True,70,111,21,10623072.250448572,0.08257836628038041,0.24317137219947038,0.18030774768032906,-0.0013910546959574786
choque_10pct_permanente,permanente,0.9,0.09999999999999998,True,70,111,22,10281952.280129049,0.09442743669896282,0.23046701544061143,0.19853233873552417,-0.016476821085158307
choque_10pct_permanente,permanente,0.9,0.09999999999999998,True,70,111,23,10103654.02946454,0.10284788039927587,0.20253952210903203,0.2115014764037419,-0.03605693713571106
choque_10pct_permanente,permanente,0.9,0.09999999999999998,True,70,111,24,10002381.288898097,0.10215959110646605,0.17032532116266919,0.21500416019637403,-0.05229217298633937
choque_10pct_permanente,permanente,0.9,0.09999999999999998,True,70,111,25,10256397.300567336,0.08643019556018154,0.13990339687216724,0.2030406825114135,-0.05923129374969574
choque_10pct_permanente,permanente,0.9,0.09999999999999998,True,71,112,0,7609597.0,0.138,0.03,0.12063832026847152,0.010583740505574736
choque_10pct_permanente,permanente,0.9,0.09999999999999998,True,71,112,1,7652724.38733265,0.14039181650999813,0.030000000000000027,0.11859183719691781,0.007984885903803248
choque_10pct_permanente,permanente,0.9,0.09999999999999998,True,71,112,2,7805611.452779818,0.13522708141572493,0.02418121984506083,0.12046544943382044,0.004319352369148146
choque_10pct_permanente,permanente,0.9,0.09999999999999998,True,71,112,3,8047260.082707708,0.1251054153332465,0.026885194440390503,0.1121243346618294,0.008478895790693221
choque_10pct_permanente,permanente,0.9,0.09999999999999998,True,71,112,4,8333472.804163698,0.11111636507355624,0.03011629428964957,0.10642870105332793,0.009084732858890353
choque_10pct_permanente,permanente,0.9,0.09999999999999998,True,71,112,5,8513869.818994189,0.09981428297032957,0.045082584633309386,0.10138273729926096,0.009253272513976587
choque_10pct_permanente,permanente,0.9,0.09999999999999998,True,71,112,6,8705329.370993337,0.09692995916312411,0.06213597773929469,0.10308465080240072,0.009904891525157201
choque_10pct_permanente,permanente,0.9,0.09999999999999998,True,71,112,7,8808475.092095574,0.09699330915880613,0.08345934945153055,0.10961161780385961,0.010745932672744487
choque_10pct_permanente,permanente,0.9,0.09999999999999998,True,71,112,8,8812148.353030259,0.10544578168394214,0.0991761408765528,0.12267434890726242,0.008309397438481258
choque_10pct_permanente,permanente,0.9,0.09999999999999998,True,71,112,9,8768015.67283079,0.11500832806373754,0.10712462395568445,0.13912781528192417,0.003698482570814418
choque_10pct_permanente,permanente,0.9,0.09999999999999998,True,71,112,10,8602277.266314408,0.12660107297361392,0.1045399797910489,0.15650774656413888,-0.005797706023988042
choque_10pct_permanente,permanente,0.9,0.09999999999999998,True,71,112,11,8562698.253647484,0.13202319431385284,0.09375417125740415,0.16707721688928745,-0.015789939346804047
choque_10pct_permanente,permanente,0.9,0.09999999999999998,True,71,112,12,8551122.099162187,0.13379609254507072,0.07940916096692963,0.17137790271217437,-0.024956207620736436
choque_10pct_permanente,permanente,0.9,0.09999999999999998,True,71,112,13,8700183.681116918,0.12637534650872198,0.06441846281981456,0.16769117655172225,-0.029197083074608984
choque_10pct_permanente,permanente,0.9,0.09999999999999998,True,71,112,14,9018892.251822285,0.10875943149516262,0.05421665955259991,0.15577109436556363,-0.029095162878878138
choque_10pct_permanente,permanente,0.9,0.09999999999999998,True,71,112,15,9500876.241097141,0.08397476656084768,0.0537704512909134,0.13889567853524923,-0.02651600575167372
choque_10pct_permanente,permanente,0.9,0.09999999999999998,True,71,112,16,9950835.090128375,0.06632340729581464,0.07051742193989985,0.1245209260444512,-0.02023856082994785
choque_10pct_permanente,permanente,0.9,0.09999999999999998,True,71,112,17,10287524.387656247,0.052545509359815085,0.1052128088586306,0.11844661114321242,-0.012045448130049603
choque_10pct_permanente,permanente,0.9,0.09999999999999998,True,71,112,18,10629655.540822072,0.051743047280323695,0.15911516418338767,0.11678969441190544,0.002971038139506893
choque_10pct_permanente,permanente,0.9,0.09999999999999998,True,71,112,19,10746567.094357891,0.0616374760497063,0.2093992769286237,0.13720401093435095,0.00788056361001162
choque_10pct_permanente,permanente,0.9,0.09999999999999998,True,71,112,20,10724093.98337743,0.07757492721125485,0.23881613637100596,0.1642887988508203,0.007447949507364407
choque_10pct_permanente,permanente,0.9,0.09999999999999998,True,71,112,21,10562972.399697619,0.087716085308533,0.23957027689155153,0.18630099301889932,-0.00595947784703902
choque_10pct_permanente,permanente,0.9,0.09999999999999998,True,71,112,22,10250312.726526955,0.0966004626740809,0.22344009767022488,0.1999638769159893,-0.020575260891962426
choque_10pct_permanente,permanente,0.9,0.09999999999999998,True,71,112,23,10095894.889233366,0.10242388768711883,0.1940253276381032,0.20944510096449673,-0.037384992300276226
choque_10pct_permanente,permanente,0.9,0.09999999999999998,True,71,112,24,10081974.955929216,0.09759335519139732,0.16273005907662763,0.20956257183316596,-0.050682741286124364
choque_10pct_permanente,permanente,0.9,0.09999999999999998,True,71,112,25,10453797.125649335,0.07867098560095492,0.13764484900523444,0.19418975663123456,-0.06002558085946112
choque_10pct_permanente,permanente,0.9,0.09999999999999998,True,72,113,0,7609597.0,0.138,0.03,0.12063832026847152,0.010583740505574736
choque_10pct_permanente,permanente,0.9,0.09999999999999998,True,72,113,1,7652724.38733265,0.14039181650999813,0.030000000000000027,0.11859183719691781,0.007984885903803248
choque_10pct_permanente,permanente,0.9,0.09999999999999998,True,72,113,2,7794028.0849892935,0.13522708141572493,0.024178506740961447,0.12052591699044952,0.0034360613904552326
choque_10pct_permanente,permanente,0.9,0.09999999999999998,True,72,113,3,8057296.142543379,0.124924758241077,0.026850035628960045,0.1110388691167739,0.0042623634323819826
choque_10pct_permanente,permanente,0.9,0.09999999999999998,True,72,113,4,8431196.382067263,0.10579124766058694,0.030229701823787147,0.10201324763371468,0.007982660159781696
choque_10pct_permanente,permanente,0.9,0.09999999999999998,True,72,113,5,8656695.767661668,0.0908095271015617,0.048753477108704146,0.0931237045620319,0.014013859166697512
choque_10pct_permanente,permanente,0.9,0.09999999999999998,True,72,113,6,8826936.241835536,0.08627728438535948,0.07207964576410952,0.09507165745327185,0.012983592176958608
choque_10pct_permanente,permanente,0.9,0.09999999999999998,True,72,113,7,8834499.011860652,0.09575908875001488,0.09971697662925583,0.10655354676618246,0.012068725480824946
choque_10pct_permanente,permanente,0.9,0.09999999999999998,True,72,113,8,8808283.003061082,0.10892662357659944,0.11458582254077143,0.12753395805218445,0.009719497272362387
choque_10pct_permanente,permanente,0.9,0.09999999999999998,True,72,113,9,8655791.115069835,0.12200778685078112,0.11962179007166718,0.14571727366660592,0.004288351788761079
choque_10pct_permanente,permanente,0.9,0.09999999999999998,True,72,113,10,8560411.73118645,0.13035375800326826,0.1097865976643384,0.1611713724945614,-0.0034229898480039192
choque_10pct_permanente,permanente,0.9,0.09999999999999998,True,72,113,11,8360446.304731189,0.1423038222683895,0.09469064805234728,0.1746738007864099,-0.01870038388173814
choque_10pct_permanente,permanente,0.9,0.09999999999999998,True,72,113,12,8427276.82034446,0.14051630040028376,0.07116227872629244,0.17943432518526642,-0.029146518784617034
choque_10pct_permanente,permanente,0.9,0.09999999999999998,True,72,113,13,8568778.32739296,0.13253995832162682,0.052580113118741556,0.17233989665034682,-0.0369980487354798
choque_10pct_permanente,permanente,0.9,0.09999999999999998,True,72,113,14,9088945.866047647,0.11030025108459238,0.0385007037367282,0.15485020692650855,-0.033493036652516586
choque_10pct_permanente,permanente,0.9,0.09999999999999998,True,72,113,15,9513497.057910575,0.08426023065952272,0.03985402218910017,0.13696683461911305,-0.029058165031438384
choque_10pct_permanente,permanente,0.9,0.09999999999999998,True,72,113,16,9929787.483508121,0.06352087259410968,0.05882037576613963,0.12261329213606773,-0.021766601998991948
choque_10pct_permanente,permanente,0.9,0.09999999999999998,True,72,113,17,10307211.029152334,0.054768636687969614,0.1003777669910777,0.11474061639850071,-0.009827253204285673
choque_10pct_permanente,permanente,0.9,0.09999999999999998,True,72,113,18,10538031.215577606,0.05534044284698949,0.1537317629370507,0.12187031880476328,-0.001772422968608634
choque_10pct_permanente,permanente,0.9,0.09999999999999998,True,72,113,19,10775077.636281606,0.061115604119500774,0.20390909293110315,0.13622202838298,0.005560432713605734
choque_10pct_permanente,permanente,0.9,0.09999999999999998,True,72,113,20,10827217.040180085,0.06656895684163688,0.235386544936796,0.15430962397216336,0.009263798965472811
choque_10pct_permanente,permanente,0.9,0.09999999999999998,True,72,113,21,10765395.525724132,0.07326737272925528,0.2485604612442085,0.1698139647678185,0.002232179799918239
choque_10pct_permanente,permanente,0.9,0.09999999999999998,True,72,113,22,10484624.207831597,0.09032504371621176,0.242278291183061,0.19199226307989462,-0.011265046200060809
choque_10pct_permanente,permanente,0.9,0.09999999999999998,True,72,113,23,10245378.35835522,0.10475465097826932,0.216712590755614,0.21404482488248378,-0.032172334661397003
choque_10pct_permanente,permanente,0.9,0.09999999999999998,True,72,113,24,10024159.312785646,0.10924656647383754,0.18096650727125918,0.22201202406537682,-0.04831174407409597
choque_10pct_permanente,permanente,0.9,0.09999999999999998,True,72,113,25,10199899.750846513,0.09250807482050595,0.14636427032009225,0.2105198168328733,-0.058930328302300286
choque_10pct_permanente,permanente,0.9,0.09999999999999998,True,73,114,0,7609597.0,0.138,0.03,0.12063832026847152,0.010583740505574736
choque_10pct_permanente,permanente,0.9,0.09999999999999998,True,73,114,1,7652724.38733265,0.14039181650999813,0.030000000000000027,0.11859183719691781,0.007984885903803248
choque_10pct_permanente,permanente,0.9,0.09999999999999998,True,73,114,2,7803938.248452482,0.13522708141572493,0.024171205035228738,0.1204696728912532,0.0017659017151863054
choque_10pct_permanente,permanente,0.9,0.09999999999999998,True,73,114,3,8070055.354512611,0.12383237140664796,0.0268923827646963,0.11082135458963349,0.006516168638564196
choque_10pct_permanente,permanente,0.9,0.09999999999999998,True,73,114,4,8409588.05069833,0.10686605374964518,0.030661257405107945,0.10296330418664272,0.009073684120354806
choque_10pct_permanente,permanente,0.9,0.09999999999999998,True,73,114,5,8638466.791549468,0.09426791062473901,0.048343318662422474,0.09561893157119533,0.010800127673636365
choque_10pct_permanente,permanente,0.9,0.09999999999999998,True,73,114,6,8781504.40506953,0.08970866088333448,0.06849241934713635,0.09879544121047311,0.015192432900418506
choque_10pct_permanente,permanente,0.9,0.09999999999999998,True,73,114,7,8803212.874689028,0.09896181087209119,0.09349611939244351,0.10983419237311455,0.0154424800866758
choque_10pct_permanente,permanente,0.9,0.09999999999999998,True,73,114,8,8717069.488715503,0.11403977579461776,0.10685614308776548,0.13236595477493157,0.009107952560393708
choque_10pct_permanente,permanente,0.9,0.09999999999999998,True,73,114,9,8570411.140161077,0.1293644838945704,0.10910770691609328,0.1526577537199558,-0.0016543264983710205
choque_10pct_permanente,permanente,0.9,0.09999999999999998,True,73,114,10,8413615.564745389,0.14039356553260157,0.09855522521238158,0.16824990211281657,-0.011206439945321618
choque_10pct_permanente,permanente,0.9,0.09999999999999998,True,73,114,11,8439039.009038748,0.13901163915932255,0.08123945044986547,0.17165810713219767,-0.021468237874368447
choque_10pct_permanente,permanente,0.9,0.09999999999999998,True,73,114,12,8556610.851707239,0.13026424035660578,0.06450110958668875,0.1665403795971679,-0.028209378999328825
choque_10pct_permanente,permanente,0.9,0.09999999999999998,True,73,114,13,8903300.935532046,0.11251659569716639,0.051302777621279994,0.1543471831028015,-0.028887340201267715
choque_10pct_permanente,permanente,0.9,0.09999999999999998,True,73,114,14,9299455.806097185,0.0920012407845151,0.04900984415447884,0.14005605949284494,-0.0282634148177897
choque_10pct_permanente,permanente,0.9,0.09999999999999998,True,73,114,15,9704652.038280768,0.07390442654708754,0.060365501307473535,0.12792937253988426,-0.018030138165568338
choque_10pct_permanente,permanente,0.9,0.09999999999999998,True,73,114,16,10063752.070923598,0.06290253660093661,0.08881391064997568,0.12151887402745597,-0.013778833528462946
choque_10pct_permanente,permanente,0.9,0.09999999999999998,True,73,114,17,10169023.74722319,0.0640865232706838,0.13071045121739822,0.1261920508273345,-0.008666607426960647
choque_10pct_permanente,permanente,0.9,0.09999999999999998,True,73,114,18,10364675.288712353,0.06804442138018185,0.16837916012846366,0.13952824027853455,-0.0037008461180104706
choque_10pct_permanente,permanente,0.9,0.09999999999999998,True,73,114,19,10520418.957403736,0.07001998816168066,0.19615621742789902,0.15014866518202094,-0.00285786497923293
choque_10pct_permanente,permanente,0.9,0.09999999999999998,True,73,114,20,10504615.033448609,0.07168805759607294,0.21122715068721387,0.1612900118436223,-0.0040532541571445925
choque_10pct_permanente,permanente,0.9,0.09999999999999998,True,73,114,21,10490846.297445089,0.07546337204510173,0.21714297578055386,0.1714813630088609,-0.011161141731504537
choque_10pct_permanente,permanente,0.9,0.09999999999999998,True,73,114,22,10424454.684558097,0.08322220289209813,0.21117277928459122,0.1844314216525704,-0.019083931569890578
choque_10pct_permanente,permanente,0.9,0.09999999999999998,True,73,114,23,10338301.99034471,0.08774660018999318,0.19570320414439935,0.19681840579471072,-0.029592550378876554
choque_10pct_permanente,permanente,0.9,0.09999999999999998,True,73,114,24,10382240.200176151,0.08373950685864634,0.17622183676593806,0.19812457882967402,-0.04078377970472917
choque_10pct_permanente,permanente,0.9,0.09999999999999998,True,73,114,25,10691003.009233281,0.06764394234184844,0.16112333018949854,0.1867446022408304,-0.04354513820558494
choque_10pct_permanente,permanente,0.9,0.09999999999999998,True,74,115,0,7609597.0,0.138,0.03,0.12063832026847152,0.010583740505574736
choque_10pct_permanente,permanente,0.9,0.09999999999999998,True,74,115,1,7652724.38733265,0.14039181650999813,0.030000000000000027,0.11859183719691781,0.007984885903803248
choque_10pct_permanente,permanente,0.9,0.09999999999999998,True,74,115,2,7797854.872602894,0.13522708141572493,0.024176415315312783,0.120507620870698,0.0031333612775650693
choque_10pct_permanente,permanente,0.9,0.09999999999999998,True,74,115,3,8061191.37312812,0.1241742778079178,0.026871773875818405,0.11103835258707462,0.0055315949819529815
choque_10pct_permanente,permanente,0.9,0.09999999999999998,True,74,115,4,8442460.281722438,0.10644855078835286,0.030210368559190792,0.1020538858139113,0.00654447535495347
choque_10pct_permanente,permanente,0.9,0.09999999999999998,True,74,115,5,8655004.455758026,0.09222818593865313,0.048285703179059336,0.0949522144492716,0.009765718592469812
choque_10pct_permanente,permanente,0.9,0.09999999999999998,True,74,115,6,8805279.541945659,0.08817423571125022,0.07012266512433918,0.09679178789824185,0.010349264631722447
choque_10pct_permanente,permanente,0.9,0.09999999999999998,True,74,115,7,8898933.584467383,0.093208629203647,0.09668323475204943,0.10562655999928412,0.016455460117867447
choque_10pct_permanente,permanente,0.9,0.09999999999999998,True,74,115,8,8834049.792810611,0.106356900361358,0.11347072502274602,0.12479967855197954,0.012836252925927024
choque_10pct_permanente,permanente,0.9,0.09999999999999998,True,74,115,9,8701401.713768052,0.11847571448154427,0.11950484489346813,0.14540022979180256,0.006238961542235416
choque_10pct_permanente,permanente,0.9,0.09999999999999998,True,74,115,10,8505194.761241773,0.13552962730178725,0.11274173498182738,0.16464963200443586,-0.0074268456061482085
choque_10pct_permanente,permanente,0.9,0.09999999999999998,True,74,115,11,8356960.660944151,0.14582827572090526,0.09491541445683493,0.17948012260749852,-0.01649954761696108
choque_10pct_permanente,permanente,0.9,0.09999999999999998,True,74,115,12,8398628.485166373,0.1442925038196774,0.0723883822771696,0.1810112271239114,-0.029450769392440204
choque_10pct_permanente,permanente,0.9,0.09999999999999998,True,74,115,13,8545649.625294108,0.13361874810154417,0.050967690597931936,0.17482814868194035,-0.037577015201902396
choque_10pct_permanente,permanente,0.9,0.09999999999999998,True,74,115,14,8969056.440108554,0.112314972636712,0.038095100740096255,0.15705726767852476,-0.038851968170924685
choque_10pct_permanente,permanente,0.9,0.09999999999999998,True,74,115,15,9630994.399087273,0.08087299504813363,0.038008904885809214,0.13382617452295098,-0.0316458858921239
choque_10pct_permanente,permanente,0.9,0.09999999999999998,True,74,115,16,10010579.69118268,0.05893161887493476,0.06081081964245172,0.11702628056962552,-0.02200540476970214
choque_10pct_permanente,permanente,0.9,0.09999999999999998,True,74,115,17,10359456.73236667,0.05180759461702829,0.10652652146838437,0.11097457669127067,-0.011197964002467716
choque_10pct_permanente,permanente,0.9,0.09999999999999998,True,74,115,18,10602215.433254812,0.057634782413347956,0.16415954284796253,0.120904449622761,0.0029133162619488615
choque_10pct_permanente,permanente,0.9,0.09999999999999998,True,74,115,19,10739394.932911186,0.0627102923443319,0.20845436473558432,0.14313260507864553,0.00491082680599717
choque_10pct_permanente,permanente,0.9,0.09999999999999998,True,74,115,20,10821754.16651874,0.06648600725342863,0.2377135643595072,0.15532682742840537,0.00899554526525619
choque_10pct_permanente,permanente,0.9,0.09999999999999998,True,74,115,21,10657316.541752437,0.0776881727986117,0.24853754539964235,0.17260561959541093,0.002342217280744398
choque_10pct_permanente,permanente,0.9,0.09999999999999998,True,74,115,22,10408337.651415,0.09077795776252959,0.23860516915115415,0.19538868944347093,-0.013747498012366199
choque_10pct_permanente,permanente,0.9,0.09999999999999998,True,74,115,23,10218284.365161205,0.09880201615826086,0.21400676965534027,0.20821341025371037,-0.03060316341386227
choque_10pct_permanente,permanente,0.9,0.09999999999999998,True,74,115,24,10083105.042788696,0.09845091101204957,0.18231259734367922,0.21250968074813822,-0.04747505121110038
choque_10pct_permanente,permanente,0.9,0.09999999999999998,True,74,115,25,10261142.144089494,0.08492962243709545,0.15276907825071429,0.20313595383999003,-0.059577235554323905
choque_10pct_permanente,permanente,0.9,0.09999999999999998,True,75,116,0,7609597.0,0.138,0.03,0.12063832026847152,0.010583740505574736
choque_10pct_permanente,permanente,0.9,0.09999999999999998,True,75,116,1,7652724.579038038,0.14039189608182145,0.030000000000000027,0.11859185275440487,0.007984881356440793
choque_10pct_permanente,permanente,0.9,0.09999999999999998,True,75,116,2,7809324.871989589,0.1352271750006601,0.024175229326598213,0.12054642987694983,0.0028991851980060416
choque_10pct_permanente,permanente,0.9,0.09999999999999998,True,75,116,3,8045676.713770765,0.12456320144846394,0.026917137836538263,0.11166952037492268,0.006524233783878088
choque_10pct_permanente,permanente,0.9,0.09999999999999998,True,75,116,4,8367882.365678304,0.10899340955611103,0.030356887595798687,0.10424698838332234,0.006556670900162653
choque_10pct_permanente,permanente,0.9,0.09999999999999998,True,75,116,5,8624342.137898667,0.09444191146624106,0.04666073048676611,0.09622128310030358,0.010404478536097645
choque_10pct_permanente,permanente,0.9,0.09999999999999998,True,75,116,6,8824517.714662638,0.0877187893296861,0.06739753741544163,0.09551902251025808,0.012489629019269905
choque_10pct_permanente,permanente,0.9,0.09999999999999998,True,75,116,7,8921249.237138664,0.08891127029864732,0.09439129165074855,0.10196782792917075,0.016219501294672267
choque_10pct_permanente,permanente,0.9,0.09999999999999998,True,75,116,8,8885818.682450661,0.09863502955340103,0.11560156924491638,0.11859465751872628,0.012084698672133362
choque_10pct_permanente,permanente,0.9,0.09999999999999998,True,75,116,9,8779285.764787909,0.11426451464796791,0.12545863362670873,0.13886845564368805,0.010853930447705103
choque_10pct_permanente,permanente,0.9,0.09999999999999998,True,75,116,10,8625764.307645867,0.1272205371777043,0.12025456986664618,0.159639221774582,-0.002422297743663655
choque_10pct_permanente,permanente,0.9,0.09999999999999998,True,75,116,11,8464917.870640121,0.13867213881715873,0.1054622549463391,0.17397617383950775,-0.013781130807546341
choque_10pct_permanente,permanente,0.9,0.09999999999999998,True,75,116,12,8411994.692510879,0.14078528556479308,0.08415021423148805,0.18073924479086606,-0.025753613312222427
choque_10pct_permanente,permanente,0.9,0.09999999999999998,True,75,116,13,8545722.045208288,0.13331152230646212,0.06312795649495784,0.17612358191873334,-0.03469482643163353
choque_10pct_permanente,permanente,0.9,0.09999999999999998,True,75,116,14,8870549.904441183,0.11727047896887659,0.04732120436346987,0.1629867876923294,-0.03814061412755723
choque_10pct_permanente,permanente,0.9,0.09999999999999998,True,75,116,15,9411598.54070587,0.09183218502180117,0.04199954434234554,0.14401987031490723,-0.030116410588161696
choque_10pct_permanente,permanente,0.9,0.09999999999999998,True,75,116,16,9846159.565495951,0.06677220904407613,0.053900162692122056,0.1270513143060408,-0.021694989614855588
choque_10pct_permanente,permanente,0.9,0.09999999999999998,True,75,116,17,10266099.866221527,0.054814049668497344,0.08953425787503289,0.11637471965015586,-0.012308033414920946
choque_10pct_permanente,permanente,0.9,0.09999999999999998,True,75,116,18,10386706.310250357,0.05943982515024742,0.14153428665176015,0.12305786127045486,-0.0029077115343879223
choque_10pct_permanente,permanente,0.9,0.09999999999999998,True,75,116,19,10556273.99452501,0.0665311792838379,0.18555982720303077,0.1441276934174143,-0.0008555163025679948
choque_10pct_permanente,permanente,0.9,0.09999999999999998,True,75,116,20,10726342.67612371,0.0668881116902244,0.2139996519176055,0.15510344624251307,0.0026585003932609414
choque_10pct_permanente,permanente,0.9,0.09999999999999998,True,75,116,21,10796243.876613744,0.0659406203726834,0.22957439897473453,0.16100336657245654,0.000153723837880455
choque_10pct_permanente,permanente,0.9,0.09999999999999998,True,75,116,22,10699103.93534662,0.07403845597068927,0.23523745332562296,0.17409126223766633,-0.0044666286085042525
choque_10pct_permanente,permanente,0.9,0.09999999999999998,True,75,116,23,10609313.048547853,0.08272050824824992,0.2269541260521002,0.1922110233211259,-0.02009684647525108
choque_10pct_permanente,permanente,0.9,0.09999999999999998,True,75,116,24,10515067.244886518,0.08491031860872687,0.2096675670087822,0.20064893720771376,-0.02882549651994502
choque_10pct_permanente,permanente,0.9,0.09999999999999998,True,75,116,25,10519643.086340448,0.07982712756144124,0.1894540864330736,0.20071959402845255,-0.04151358529579698
choque_10pct_permanente,permanente,0.9,0.09999999999999998,True,76,117,0,7609597.0,0.138,0.03,0.12063832026847152,0.010583740505574736
choque_10pct_permanente,permanente,0.9,0.09999999999999998,True,76,117,1,7652724.38733265,0.14039181650999813,0.030000000000000027,0.11859183719691781,0.007984885903803248
choque_10pct_permanente,permanente,0.9,0.09999999999999998,True,76,117,2,7805488.027980565,0.13522708141572493,0.02419449839717136,0.12056463140978832,0.007207996900182124
choque_10pct_permanente,permanente,0.9,0.09999999999999998,True,76,117,3,8009778.56014661,0.12590529462287176,0.02682565191731734,0.11343135952449074,0.006287645245984479
choque_10pct_permanente,permanente,0.9,0.09999999999999998,True,76,117,4,8329320.709956502,0.11228174128418944,0.029758649407786386,0.10680573339598308,0.0067387783354811185
choque_10pct_permanente,permanente,0.9,0.09999999999999998,True,76,117,5,8658758.817184806,0.09775927168128688,0.04372707496112227,0.09971158604021682,0.008834296399942262
choque_10pct_permanente,permanente,0.9,0.09999999999999998,True,76,117,6,8721991.419759288,0.09350855029407829,0.06322144980401201,0.10210791367146652,0.010499796872784765
choque_10pct_permanente,permanente,0.9,0.09999999999999998,True,76,117,7,8725413.454003448,0.10393048968069674,0.08534007533636889,0.11344974448152759,0.009191424283422565
choque_10pct_permanente,permanente,0.9,0.09999999999999998,True,76,117,8,8681411.452649804,0.11638605687673781,0.09731679881193545,0.13277861498155016,0.006082180603252467
choque_10pct_permanente,permanente,0.9,0.09999999999999998,True,76,117,9,8644065.941754194,0.12146303992155334,0.10062210388607373,0.14518169968340272,0.00204714955374172
choque_10pct_permanente,permanente,0.9,0.09999999999999998,True,76,117,10,8556341.377545824,0.127844239027829,0.09427904146661947,0.15692812415982146,-0.008529742730728034
choque_10pct_permanente,permanente,0.9,0.09999999999999998,True,76,117,11,8506827.011408692,0.1326601163345909,0.08395313146416883,0.16561105109286137,-0.018772983627923456
choque_10pct_permanente,permanente,0.9,0.09999999999999998,True,76,117,12,8640110.03527739,0.12604168026129844,0.07019583618707048,0.1644009409543174,-0.025190000360548935
choque_10pct_permanente,permanente,0.9,0.09999999999999998,True,76,117,13,8900901.489389414,0.11271901099214406,0.060955470177494364,0.15424838419117107,-0.02645698304867208
choque_10pct_permanente,permanente,0.9,0.09999999999999998,True,76,117,14,9306387.572643118,0.09327625882804513,0.05717657092070594,0.14200941612666962,-0.022771908685290755
choque_10pct_permanente,permanente,0.9,0.09999999999999998,True,76,117,15,9658360.440226614,0.07176617239848426,0.06842667919125578,0.12876727145756608,-0.01813202772044992
choque_10pct_permanente,permanente,0.9,0.09999999999999998,True,76,117,16,10088209.862026501,0.05750774523397269,0.09710884183593693,0.11768010981221613,-0.009462867249583047
choque_10pct_permanente,permanente,0.9,0.09999999999999998,True,76,117,17,10325277.167148612,0.05457546740230641,0.14300026485557193,0.11755334273108055,-0.0003299819223258003
choque_10pct_permanente,permanente,0.9,0.09999999999999998,True,76,117,18,10503679.023653891,0.06293658725261331,0.19063499597293188,0.13184519578349393,0.006765346615693362
choque_10pct_permanente,permanente,0.9,0.09999999999999998,True,76,117,19,10542784.500011293,0.07116770972731586,0.2203025550466009,0.15529922669046578,0.0034418651982918887
choque_10pct_permanente,permanente,0.9,0.09999999999999998,True,76,117,20,10477380.710169246,0.08136365985232984,0.23079517747103018,0.17114417663644874,-0.0020573570468316376
choque_10pct_permanente,permanente,0.9,0.09999999999999998,True,76,117,21,10280719.367757605,0.08952349557177663,0.2209746172228837,0.1889394961409941,-0.01179342058644785
choque_10pct_permanente,permanente,0.9,0.09999999999999998,True,76,117,22,10121208.333912354,0.09571104870291702,0.20109646817271232,0.19975957053650362,-0.0280714434883193
choque_10pct_permanente,permanente,0.9,0.09999999999999998,True,76,117,23,10026078.290728495,0.0996629587312824,0.17475492283671357,0.20596312540621198,-0.04249155952809738
choque_10pct_permanente,permanente,0.9,0.09999999999999998,True,76,117,24,10185510.237455787,0.08654814673124664,0.14800286104052418,0.20040528816018552,-0.05088888962169536
choque_10pct_permanente,permanente,0.9,0.09999999999999998,True,76,117,25,10704509.481804619,0.062481450174138316,0.13347817069857593,0.17875820366322898,-0.052155178182907914
choque_10pct_permanente,permanente,0.9,0.09999999999999998,True,77,118,0,7609597.0,0.138,0.03,0.12063832026847152,0.010583740505574736
choque_10pct_permanente,permanente,0.9,0.09999999999999998,True,77,118,1,7652724.38733265,0.14039181650999813,0.030000000000000027,0.11859183719691781,0.007984885903803248
choque_10pct_permanente,permanente,0.9,0.09999999999999998,True,77,118,2,7807863.249785816,0.13522708141572493,0.024176460803517985,0.12037272580961207,0.003178472297050573
choque_10pct_permanente,permanente,0.9,0.09999999999999998,True,77,118,3,8091459.477274288,0.12487881669289998,0.026871460126831614,0.11220438366202046,0.0025244830363842447
choque_10pct_permanente,permanente,0.9,0.09999999999999998,True,77,118,4,8350556.120635731,0.10942480308503862,0.03024228073029267,0.10534389169296642,0.00687273447880183
choque_10pct_permanente,permanente,0.9,0.09999999999999998,True,77,118,5,8586406.858368149,0.09670660886644583,0.04650941864924585,0.09825122009217775,0.008644575624026674
choque_10pct_permanente,permanente,0.9,0.09999999999999998,True,77,118,6,8772295.417045621,0.0917776166777713,0.06539057226624156,0.0994063901388042,0.011747371140382754
choque_10pct_permanente,permanente,0.9,0.09999999999999998,True,77,118,7,8821710.119358277,0.09417311523106135,0.09016809369041434,0.10746108278728302,0.01313263507914465
choque_10pct_permanente,permanente,0.9,0.09999999999999998,True,77,118,8,8803464.931675358,0.1057964088190796,0.10654798783413533,0.12395043806473853,0.010778723017593115
choque_10pct_permanente,permanente,0.9,0.09999999999999998,True,77,118,9,8684964.53054022,0.11850858650413187,0.11463994988112236,0.14309620676287182,0.0024529590360262243
choque_10pct_permanente,permanente,0.9,0.09999999999999998,True,77,118,10,8574903.452301918,0.1305540662592208,0.10858511792083081,0.15929988804593037,-0.006564437570109572
choque_10pct_permanente,permanente,0.9,0.09999999999999998,True,77,118,11,8490766.644477034,0.1364729299779018,0.09499702234769236,0.16982395983001541,-0.017356238921025387
choque_10pct_permanente,permanente,0.9,0.09999999999999998,True,77,118,12,8516979.207063176,0.13366614169159613,0.07645312271693072,0.17185225910202195,-0.02520099175146343
choque_10pct_permanente,permanente,0.9,0.09999999999999998,True,77,118,13,8757895.315167112,0.11965315319973008,0.06034069069026948,0.16226688700027206,-0.031104296431906816
choque_10pct_permanente,permanente,0.9,0.09999999999999998,True,77,118,14,9214829.130712992,0.0981584905826746,0.051329684733524505,0.1461128267444,-0.027015483944829083
choque_10pct_permanente,permanente,0.9,0.09999999999999998,True,77,118,15,9599268.346339561,0.07589492904963274,0.057514756934995415,0.1312709510041993,-0.023169829900767866
choque_10pct_permanente,permanente,0.9,0.09999999999999998,True,77,118,16,10036660.366350126,0.059568938852496235,0.08130769331926868,0.11949761057813116,-0.01469970308056156
choque_10pct_permanente,permanente,0.9,0.09999999999999998,True,77,118,17,10310810.393703736,0.05437717179691163,0.1250113954311014,0.11708498932287068,-0.005825308775763452
choque_10pct_permanente,permanente,0.9,0.09999999999999998,True,77,118,18,10533918.438479101,0.062116262052968364,0.17417758058344623,0.12871722473706848,0.0005306147105336316
choque_10pct_permanente,permanente,0.9,0.09999999999999998,True,77,118,19,10573396.322277347,0.07145867333823917,0.20867248707345976,0.15297669114409732,0.0029111683027080925
choque_10pct_permanente,permanente,0.9,0.09999999999999998,True,77,118,20,10589330.858893814,0.07834529344503857,0.22359878802691702,0.16765890098393035,-0.00012705453960325542
choque_10pct_permanente,permanente,0.9,0.09999999999999998,True,77,118,21,10366152.470505726,0.08625598587612789,0.22258612378291098,0.18335132780496607,-0.013291643646810724
choque_10pct_permanente,permanente,0.9,0.09999999999999998,True,77,118,22,10227846.767715828,0.09469708508738624,0.2072179313458118,0.1954828658935955,-0.023786778555668867
choque_10pct_permanente,permanente,0.9,0.09999999999999998,True,77,118,23,10126293.0732555,0.09383910589814168,0.1834231664128001,0.20281806277149095,-0.04046893314494044
choque_10pct_permanente,permanente,0.9,0.09999999999999998,True,77,118,24,10303047.020616988,0.08341705447595131,0.16010242302220656,0.19482804276499596,-0.049641965099609255
choque_10pct_permanente,permanente,0.9,0.09999999999999998,True,77,118,25,10748319.240285873,0.0619344028959919,0.14626339395295096,0.17816939262662748,-0.049355413313500664
choque_10pct_permanente,permanente,0.9,0.09999999999999998,True,78,119,0,7609597.0,0.138,0.03,0.12063832026847152,0.010583740505574736
choque_10pct_permanente,permanente,0.9,0.09999999999999998,True,78,119,1,7652724.38733265,0.14039181650999813,0.030000000000000027,0.11859183719691781,0.007984885903803248
choque_10pct_permanente,permanente,0.9,0.09999999999999998,True,78,119,2,7818223.5783487465,0.13522708141572493,0.02418105325900255,0.12030128955621903,0.004142972174128414
choque_10pct_permanente,permanente,0.9,0.09999999999999998,True,78,119,3,8006043.922971146,0.12757971749307523,0.02684099709088561,0.11337615789790098,0.00517831539825302
choque_10pct_permanente,permanente,0.9,0.09999999999999998,True,78,119,4,8343293.412392825,0.11064024740679089,0.029006504054563065,0.10570734694368063,0.005516497424441709
choque_10pct_permanente,permanente,0.9,0.09999999999999998,True,78,119,5,8653936.672043469,0.09267457185374418,0.04438437560016362,0.09513762156760544,0.010288418759653053
choque_10pct_permanente,permanente,0.9,0.09999999999999998,True,78,119,6,8891032.002497582,0.08278096319267621,0.06728778484928899,0.09176453419844201,0.012648095485051724
choque_10pct_permanente,permanente,0.9,0.09999999999999998,True,78,119,7,8942430.623026714,0.08802189808056916,0.09629124483083751,0.10021432321294703,0.0173390520776777
choque_10pct_permanente,permanente,0.9,0.09999999999999998,True,78,119,8,8890327.745411009,0.10274427812065255,0.11752247926376014,0.12247446323246433,0.013255268776501673
choque_10pct_permanente,permanente,0.9,0.09999999999999998,True,78,119,9,8693129.052017236,0.12248847068441512,0.12626473626668067,0.1473023109114571,0.006743938541364245
choque_10pct_permanente,permanente,0.9,0.09999999999999998,True,78,119,10,8484760.719487606,0.13902509579212657,0.11788618584387867,0.16884113301854448,-0.006261749745783828
choque_10pct_permanente,permanente,0.9,0.09999999999999998,True,78,119,11,8335880.627882146,0.14857841224178306,0.09916837825736469,0.18152682705948014,-0.01852311064695733
choque_10pct_permanente,permanente,0.9,0.09999999999999998,True,78,119,12,8285176.019642134,0.14968367031977184,0.07388366061251572,0.18668757068781913,-0.02962332598415885
choque_10pct_permanente,permanente,0.9,0.09999999999999998,True,78,119,13,8478923.781617548,0.13954174471850658,0.05066878583857859,0.1786520212624777,-0.03757663140643468
choque_10pct_permanente,permanente,0.9,0.09999999999999998,True,78,119,14,8890075.164059289,0.11887367974722876,0.03368144521637939,0.1618915200881476,-0.03952427298146964
choque_10pct_permanente,permanente,0.9,0.09999999999999998,True,78,119,15,9519303.436483314,0.09002664180011112,0.030077926567032565,0.13943294037852258,-0.03190396113411235
choque_10pct_permanente,permanente,0.9,0.09999999999999998,True,78,119,16,9915395.195814602,0.06649514516160507,0.045992241190593974,0.12419827035511405,-0.026440043083999165
choque_10pct_permanente,permanente,0.9,0.09999999999999998,True,78,119,17,10180757.094086127,0.059784074443891846,0.0841493334844694,0.1177311709074541,-0.018639466347986872
choque_10pct_permanente,permanente,0.9,0.09999999999999998,True,78,119,18,10467182.07690045,0.05985727442207081,0.13129601867027008,0.12591256954554164,-0.006239553074970074
choque_10pct_permanente,permanente,0.9,0.09999999999999998,True,78,119,19,10658729.580912666,0.060400926376055396,0.17764346486361493,0.13749897601813593,0.0013218727328951647
choque_10pct_permanente,permanente,0.9,0.09999999999999998,True,78,119,20,10813951.48162856,0.06275624722534699,0.21472217492389079,0.1480168734075833,0.005465034484525881
choque_10pct_permanente,permanente,0.9,0.09999999999999998,True,78,119,21,10858980.657049801,0.06649764349203674,0.23881774343196738,0.16091877567075397,0.002706407382876201
choque_10pct_permanente,permanente,0.9,0.09999999999999998,True,78,119,22,10727164.699899275,0.0767503128365177,0.24656875852676263,0.17783429941678786,-0.004393914023244467
choque_10pct_permanente,permanente,0.9,0.09999999999999998,True,78,119,23,10522943.351714145,0.08804078659341388,0.23574716081743863,0.19792560839382928,-0.018495973324884566
choque_10pct_permanente,permanente,0.9,0.09999999999999998,True,78,119,24,10397213.18720925,0.09135206300727973,0.2115553534132677,0.20795946526595582,-0.03319652177775669
choque_10pct_permanente,permanente,0.9,0.09999999999999998,True,78,119,25,10381683.210709853,0.08763010418864395,0.18454471756961155,0.20724109946076774,-0.04582430828950047
choque_10pct_permanente,permanente,0.9,0.09999999999999998,True,79,120,0,7609597.0,0.138,0.03,0.12063832026847152,0.010583740505574736
choque_10pct_permanente,permanente,0.9,0.09999999999999998,True,79,120,1,7652724.38733265,0.14039181650999813,0.030000000000000027,0.11859183719691781,0.007984885903803248
choque_10pct_permanente,permanente,0.9,0.09999999999999998,True,79,120,2,7796702.1299916925,0.13522708141572493,0.02417585326340732,0.12047117973595105,0.0025925013762329633
choque_10pct_permanente,permanente,0.9,0.09999999999999998,True,79,120,3,8100742.079409424,0.12461043311555883,0.026877128720985466,0.11109881516745244,0.0035559244002142183
choque_10pct_permanente,permanente,0.9,0.09999999999999998,True,79,120,4,8392772.191530926,0.10841617084417787,0.03035165877891166,0.10336816384288341,0.006367091397048251
choque_10pct_permanente,permanente,0.9,0.09999999999999998,True,79,120,5,8658215.188644433,0.09211165059615473,0.047655017890077644,0.09434606568889237,0.009424006106390775
choque_10pct_permanente,permanente,0.9,0.09999999999999998,True,79,120,6,8833047.863807647,0.08695542752643481,0.0694246162707628,0.09522378644462681,0.012751559256317485
choque_10pct_permanente,permanente,0.9,0.09999999999999998,True,79,120,7,8892633.755574228,0.09441579018461119,0.09607234110643148,0.10486007946425227,0.016731807016874607
choque_10pct_permanente,permanente,0.9,0.09999999999999998,True,79,120,8,8845223.442721128,0.1055207408610461,0.11279885333268225,0.12513773690935687,0.01243218755244884
choque_10pct_permanente,permanente,0.9,0.09999999999999998,True,79,120,9,8672529.225714216,0.12263483778911581,0.1192588962438923,0.14653734463272838,0.0019175273042524024
choque_10pct_permanente,permanente,0.9,0.09999999999999998,True,79,120,10,8462814.343303135,0.14098304802538034,0.10971276716893863,0.16896823734558558,-0.009174141827713842
choque_10pct_permanente,permanente,0.9,0.09999999999999998,True,79,120,11,8326597.950976842,0.14955575431796791,0.09074200074902738,0.1824685438062204,-0.020100490919412652
choque_10pct_permanente,permanente,0.9,0.09999999999999998,True,79,120,12,8308834.696915191,0.15083032024682042,0.06741754521208643,0.18501421012371472,-0.03254882197628825
choque_10pct_permanente,permanente,0.9,0.09999999999999998,True,79,120,13,8512828.74384698,0.13626095493778081,0.04527410958272382,0.17550815840950362,-0.0395224057126051
choque_10pct_permanente,permanente,0.9,0.09999999999999998,True,79,120,14,9116362.370431539,0.10913411040083455,0.03211031503772244,0.15252978150050844,-0.03867893549989052
choque_10pct_permanente,permanente,0.9,0.09999999999999998,True,79,120,15,9563960.878767094,0.08112247856936504,0.034108950351348755,0.1330881187709361,-0.029151295011966227
choque_10pct_permanente,permanente,0.9,0.09999999999999998,True,79,120,16,10043543.267409116,0.06105834297271316,0.05664769639853762,0.118144122459956,-0.022063653845493567
choque_10pct_permanente,permanente,0.9,0.09999999999999998,True,79,120,17,10315343.747304777,0.05372717444224771,0.10194167751054661,0.1133706283498139,-0.012213200684105065
choque_10pct_permanente,permanente,0.9,0.09999999999999998,True,79,120,18,10597252.230065817,0.05441278472552865,0.15806597789501842,0.12084632995227998,-0.0011640466062002703
choque_10pct_permanente,permanente,0.9,0.09999999999999998,True,79,120,19,10810203.276094327,0.0609351145463844,0.20922738373337468,0.1363076205642852,0.009338912566324622
choque_10pct_permanente,permanente,0.9,0.09999999999999998,True,79,120,20,10879196.135057695,0.06767871103341754,0.2401809773299206,0.15572876227861734,0.009804728477675289
choque_10pct_permanente,permanente,0.9,0.09999999999999998,True,79,120,21,10718482.069878565,0.07945378631647637,0.25145988758774873,0.17464415072081624,0.001954349815941529
choque_10pct_permanente,permanente,0.9,0.09999999999999998,True,79,120,22,10388451.747688923,0.09494386030241325,0.24009887685752052,0.1986784881748519,-0.015446784469074312
choque_10pct_permanente,permanente,0.9,0.09999999999999998,True,79,120,23,10176514.765182981,0.10400450124569795,0.21241303151965174,0.21262140638425409,-0.03159223045898477
choque_10pct_permanente,permanente,0.9,0.09999999999999998,True,79,120,24,10020490.944470977,0.10603139449965651,0.17781978997131032,0.21729694342267314,-0.05188719617779996
choque_10pct_permanente,permanente,0.9,0.09999999999999998,True,79,120,25,10099058.773349833,0.09503229287171029,0.1442521954401903,0.21096875322716696,-0.061599791276602145
choque_10pct_permanente,permanente,0.9,0.09999999999999998,True,80,121,0,7609597.0,0.138,0.03,0.12063832026847152,0.010583740505574736
choque_10pct_permanente,permanente,0.9,0.09999999999999998,True,80,121,1,7652573.991429995,0.14039305416049105,0.030000000000000027,0.11859902041763505,0.00798271910238141
choque_10pct_permanente,permanente,0.9,0.09999999999999998,True,80,121,2,7804486.276482563,0.13523901142061226,0.02417850367126717,0.12052519454051844,0.003581230186057112
choque_10pct_permanente,permanente,0.9,0.09999999999999998,True,80,121,3,8047401.449201927,0.124111171294953,0.026885999758877288,0.11180929191007453,0.0076211013655126895
choque_10pct_permanente,permanente,0.9,0.09999999999999998,True,80,121,4,8325500.899528214,0.11035559337624637,0.030537710877676094,0.10549358135259178,0.007457463940241571
choque_10pct_permanente,permanente,0.9,0.09999999999999998,True,80,121,5,8584256.667292057,0.09707587001255588,0.04680013261744631,0.09765464980961085,0.009453703360853776
choque_10pct_permanente,permanente,0.9,0.09999999999999998,True,80,121,6,8790794.953244034,0.08826528503876208,0.06667537805368529,0.09641641308526376,0.010147759608603462
choque_10pct_permanente,permanente,0.9,0.09999999999999998,True,80,121,7,8926406.172743963,0.08753567195814801,0.09226885181380351,0.10059351064845243,0.015159754098028135
choque_10pct_permanente,permanente,0.9,0.09999999999999998,True,80,121,8,8959622.162105432,0.0949317175661735,0.11369376420299115,0.11525781918545357,0.012367444654828365
choque_10pct_permanente,permanente,0.9,0.09999999999999998,True,80,121,9,8792699.131007843,0.11370074858768146,0.12633384125580416,0.1376224790600389,0.008238248659905805
choque_10pct_permanente,permanente,0.9,0.09999999999999998,True,80,121,10,8652109.601861674,0.12932406372107647,0.12158559543753711,0.16036863657786807,-0.0019331959926594804
choque_10pct_permanente,permanente,0.9,0.09999999999999998,True,80,121,11,8446840.533200607,0.14090495362366975,0.10580846256438181,0.17645357209511728,-0.013989266855526653
choque_10pct_permanente,permanente,0.9,0.09999999999999998,True,80,121,12,8417487.301749341,0.14368127758374807,0.08261655527152079,0.18348224325030363,-0.02872495360216367
choque_10pct_permanente,permanente,0.9,0.09999999999999998,True,80,121,13,8524847.916227618,0.13859870379170108,0.06010360058050379,0.17997091145512853,-0.037304442324973056
choque_10pct_permanente,permanente,0.9,0.09999999999999998,True,80,121,14,8814374.08477959,0.12374076269723064,0.04207849463271418,0.16812503520277755,-0.04018488739712647
choque_10pct_permanente,permanente,0.9,0.09999999999999998,True,80,121,15,9392605.414844831,0.09382007678225895,0.03483171096740323,0.1465761970377196,-0.03471805265718282
choque_10pct_permanente,permanente,0.9,0.09999999999999998,True,80,121,16,9910242.390021808,0.06744605033308174,0.046993503905682577,0.12602698310772417,-0.02648797882022757
choque_10pct_permanente,permanente,0.9,0.09999999999999998,True,80,121,17,10285881.289952038,0.0514252339541434,0.08240502357195445,0.11438238824390246,-0.016777175260385642
choque_10pct_permanente,permanente,0.9,0.09999999999999998,True,80,121,18,10598866.81349775,0.05091840186883466,0.14278852429444622,0.11309734278114679,-0.001636456508059983
choque_10pct_permanente,permanente,0.9,0.09999999999999998,True,80,121,19,10753494.157571167,0.05886159892996284,0.20063432037595974,0.1323713331350199,0.008068325528247376
choque_10pct_permanente,permanente,0.9,0.09999999999999998,True,80,121,20,10885770.484493127,0.06643011813254786,0.2386027503397783,0.153452266306616,0.00920348950231405
choque_10pct_permanente,permanente,0.9,0.09999999999999998,True,80,121,21,10878095.64190453,0.07020077050449389,0.25372463166711623,0.16770181274581278,0.004776918488561093
choque_10pct_permanente,permanente,0.9,0.09999999999999998,True,80,121,22,10689835.8220621,0.08189965874666127,0.2514225785455606,0.18306741470399612,-0.004897849534831359
choque_10pct_permanente,permanente,0.9,0.09999999999999998,True,80,121,23,10346591.19221402,0.09755520651543217,0.2318069358468191,0.20762551869981236,-0.02293880940493343
choque_10pct_permanente,permanente,0.9,0.09999999999999998,True,80,121,24,10143761.726574996,0.10421097378016439,0.19935892824872492,0.2198128954407833,-0.043836347301503556
choque_10pct_permanente,permanente,0.9,0.09999999999999998,True,80,121,25,10141657.338268433,0.10019958904520135,0.16416100979321469,0.2166656867481359,-0.058858584069365526
choque_10pct_permanente,permanente,0.9,0.09999999999999998,True,81,122,0,7609597.0,0.138,0.03,0.12063832026847152,0.010583740505574736
choque_10pct_permanente,permanente,0.9,0.09999999999999998,True,81,122,1,7652724.38733265,0.14039181650999813,0.030000000000000027,0.11859183719691781,0.007984885903803248
choque_10pct_permanente,permanente,0.9,0.09999999999999998,True,81,122,2,7795379.849416762,0.13522708141572493,0.0241842277719575,0.1205845456106104,0.004510733785755456
choque_10pct_permanente,permanente,0.9,0.09999999999999998,True,81,122,3,8056509.159232635,0.12497344504408324,0.026820851116044375,0.11186970008014051,0.0029754842669861238
choque_10pct_permanente,permanente,0.9,0.09999999999999998,True,81,122,4,8420474.897092907,0.11076271379297056,0.030214536598981656,0.10429357309469969,0.0026372846618984013
choque_10pct_permanente,permanente,0.9,0.09999999999999998,True,81,122,5,8629548.33369929,0.09488068551893167,0.045669362711840744,0.09712670909551951,0.009070798771988886
choque_10pct_permanente,permanente,0.9,0.09999999999999998,True,81,122,6,8779410.161436517,0.08954621845072971,0.06650473245317423,0.09745511664721218,0.010607655587753286
choque_10pct_permanente,permanente,0.9,0.09999999999999998,True,81,122,7,8825734.060300311,0.09734299126952342,0.09113802027657791,0.10769077827935772,0.011732358707130358
choque_10pct_permanente,permanente,0.9,0.09999999999999998,True,81,122,8,8808931.64339485,0.10683008885822082,0.10610370004293657,0.12620595277164232,0.011322937067170863
choque_10pct_permanente,permanente,0.9,0.09999999999999998,True,81,122,9,8716115.913196154,0.11843701088696454,0.11235100912254947,0.14342843838427025,0.004567374608901235
choque_10pct_permanente,permanente,0.9,0.09999999999999998,True,81,122,10,8507093.065249141,0.13414773952569115,0.10643037194274152,0.16383331007988458,-0.0072052825153837725
choque_10pct_permanente,permanente,0.9,0.09999999999999998,True,81,122,11,8386579.696786353,0.14414273637563263,0.09177058613675926,0.17700655439009277,-0.019303808189168277
choque_10pct_permanente,permanente,0.9,0.09999999999999998,True,81,122,12,8440248.955639493,0.1413487086632906,0.0715102784812709,0.17798472936281004,-0.030072865606488784
choque_10pct_permanente,permanente,0.9,0.09999999999999998,True,81,122,13,8654533.422648557,0.1284635551597838,0.05393590172955465,0.1683327167795256,-0.03348577067009848
choque_10pct_permanente,permanente,0.9,0.09999999999999998,True,81,122,14,9103509.812191607,0.10291529139441266,0.04281423545990615,0.15028886959335275,-0.029861376777975374
choque_10pct_permanente,permanente,0.9,0.09999999999999998,True,81,122,15,9641034.742659006,0.0780303936070877,0.04758318142117379,0.13056749333200185,-0.025493877954095412
choque_10pct_permanente,permanente,0.9,0.09999999999999998,True,81,122,16,10034288.280483617,0.059166292792138475,0.07084488838556502,0.1189035276997668,-0.019163386847622435
choque_10pct_permanente,permanente,0.9,0.09999999999999998,True,81,122,17,10333672.248980429,0.052619410439795254,0.11626563004779111,0.11392016897175952,-0.007729735986905897
choque_10pct_permanente,permanente,0.9,0.09999999999999998,True,81,122,18,10561214.278983515,0.059167013048331864,0.17003778154385518,0.12453359193639746,0.003318469573303922
choque_10pct_permanente,permanente,0.9,0.09999999999999998,True,81,122,19,10694885.278137347,0.06600700740394397,0.21010428075774157,0.14670999565620346,0.008181072542565735
choque_10pct_permanente,permanente,0.9,0.09999999999999998,True,81,122,20,10745682.753805162,0.06986854983999535,0.23391817106585866,0.16015370264236442,0.0055640960741620985
choque_10pct_permanente,permanente,0.9,0.09999999999999998,True,81,122,21,10521118.664540775,0.08259935748122699,0.24032000905521267,0.17747125792067567,-0.0048719790086235075
choque_10pct_permanente,permanente,0.9,0.09999999999999998,True,81,122,22,10362172.97871319,0.09390528984885194,0.22632837379863813,0.1968693644014187,-0.018596476182658736
choque_10pct_permanente,permanente,0.9,0.09999999999999998,True,81,122,23,10190050.826267365,0.09715110643920542,0.20085435222395898,0.20644340119634613,-0.03719048020693975
choque_10pct_permanente,permanente,0.9,0.09999999999999998,True,81,122,24,10162945.885951472,0.09483402738211226,0.17143915512798413,0.2055726009539064,-0.04851117677782905
choque_10pct_permanente,permanente,0.9,0.09999999999999998,True,81,122,25,10483679.259093355,0.07459067397831458,0.14714110705724126,0.19280020165408662,-0.051016063583447395
choque_10pct_permanente,permanente,0.9,0.09999999999999998,True,82,123,0,7609597.0,0.138,0.03,0.12063832026847152,0.010583740505574736
choque_10pct_permanente,permanente,0.9,0.09999999999999998,True,82,123,1,7652724.38733265,0.14039181650999813,0.030000000000000027,0.11859183719691781,0.007984885903803248
choque_10pct_permanente,permanente,0.9,0.09999999999999998,True,82,123,2,7806433.00710526,0.13522708141572493,0.024178944487317944,0.120353731246704,0.003649076713633944
choque_10pct_permanente,permanente,0.9,0.09999999999999998,True,82,123,3,8032410.8051144425,0.12487928273260135,0.026875867130523368,0.1118198239033449,0.00458695006557052
choque_10pct_permanente,permanente,0.9,0.09999999999999998,True,82,123,4,8414461.464442732,0.10616415904473137,0.030242462656994817,0.10202646385824518,0.006773814412007024
choque_10pct_permanente,permanente,0.9,0.09999999999999998,True,82,123,5,8716104.654530592,0.08822216865417312,0.048358386598865266,0.09133748326435297,0.01292269864679271
choque_10pct_permanente,permanente,0.9,0.09999999999999998,True,82,123,6,8887403.490904033,0.08105803491523773,0.073468400714225,0.0908699888802632,0.01534697703140169
choque_10pct_permanente,permanente,0.9,0.09999999999999998,True,82,123,7,8927596.12235757,0.0912324298031253,0.10457484065402389,0.10219314914629869,0.017388298984302088
choque_10pct_permanente,permanente,0.9,0.09999999999999998,True,82,123,8,8815332.652190838,0.10858017505567871,0.12287865242544305,0.1277009448351537,0.013744230206822078
choque_10pct_permanente,permanente,0.9,0.09999999999999998,True,82,123,9,8661826.972428545,0.1239378629144757,0.1261577967894818,0.1502440900833313,0.005551475797428348
choque_10pct_permanente,permanente,0.9,0.09999999999999998,True,82,123,10,8437496.651521033,0.14065467672981402,0.11499373170550808,0.17045528544274063,-0.004469854830156758
choque_10pct_permanente,permanente,0.9,0.09999999999999998,True,82,123,11,8229970.844523732,0.15331004779385093,0.09402087566590756,0.18689645857723525,-0.02221446239160872
choque_10pct_permanente,permanente,0.9,0.09999999999999998,True,82,123,12,8215082.905702187,0.15466856037606752,0.06835473525001712,0.19012646061331342,-0.03665358559010626
choque_10pct_permanente,permanente,0.9,0.09999999999999998,True,82,123,13,8460659.909765307,0.14151208760611672,0.04406336672107325,0.17764525361939698,-0.03967991466952136
choque_10pct_permanente,permanente,0.9,0.09999999999999998,True,82,123,14,9053359.571466146,0.11164036043398234,0.02789892275085415,0.15449165574928697,-0.03862191510487673
choque_10pct_permanente,permanente,0.9,0.09999999999999998,True,82,123,15,9603721.830268523,0.07922592112400723,0.027874265163113865,0.13177172294421852,-0.030244963578370834
choque_10pct_permanente,permanente,0.9,0.09999999999999998,True,82,123,16,9983754.90322458,0.05964258415361065,0.051474286193084584,0.11709533691018113,-0.023548182408337722
choque_10pct_permanente,permanente,0.9,0.09999999999999998,True,82,123,17,10313489.436718095,0.05353621753734259,0.0982241621058546,0.11233499627054601,-0.01230779363501631
choque_10pct_permanente,permanente,0.9,0.09999999999999998,True,82,123,18,10643805.941183217,0.05431394535389813,0.15609888031102437,0.12042678360420374,-0.0002959772303978854
choque_10pct_permanente,permanente,0.9,0.09999999999999998,True,82,123,19,10888317.601369057,0.05883605510055738,0.2081415601046699,0.13457628622761758,0.008927977044696361
choque_10pct_permanente,permanente,0.9,0.09999999999999998,True,82,123,20,10868147.255040232,0.07061331741000133,0.2446203254361181,0.15646294566512356,0.005686808926533744
choque_10pct_permanente,permanente,0.9,0.09999999999999998,True,82,123,21,10660270.374731166,0.08519504995682463,0.2508643963718322,0.18121131963606332,0.00027497318981124953
choque_10pct_permanente,permanente,0.9,0.09999999999999998,True,82,123,22,10397284.632776653,0.09297529488962955,0.2363069587069606,0.19883628290256158,-0.015349939004628861
choque_10pct_permanente,permanente,0.9,0.09999999999999998,True,82,123,23,10215929.042437842,0.09672388789047992,0.20868233971245242,0.20628442353522794,-0.03465184319686202
choque_10pct_permanente,permanente,0.9,0.09999999999999998,True,82,123,24,10139182.174586896,0.09484271174420363,0.17758742831793306,0.20868321224846514,-0.048411204460832837
choque_10pct_permanente,permanente,0.9,0.09999999999999998,True,82,123,25,10360083.33857916,0.08163802667427814,0.15066854620564052,0.19892303564484418,-0.056514242731565606
choque_10pct_permanente,permanente,0.9,0.09999999999999998,True,83,124,0,7609597.0,0.138,0.03,0.12063832026847152,0.010583740505574736
choque_10pct_permanente,permanente,0.9,0.09999999999999998,True,83,124,1,7652724.38733265,0.14039181650999813,0.030000000000000027,0.11859183719691781,0.007984885903803248
choque_10pct_permanente,permanente,0.9,0.09999999999999998,True,83,124,2,7801793.704639675,0.13522708141572493,0.024181009460047642,0.12050544446928059,0.004164884073127168
choque_10pct_permanente,permanente,0.9,0.09999999999999998,True,83,124,3,8044972.28389028,0.12460078112289083,0.026850990735577174,0.11197679002817187,0.0061413704915950764
choque_10pct_permanente,permanente,0.9,0.09999999999999998,True,83,124,4,8362112.177517751,0.10861772897194737,0.030331040422638234,0.10416154567940726,0.006517364219078112
choque_10pct_permanente,permanente,0.9,0.09999999999999998,True,83,124,5,8630744.112134099,0.093255891541594,0.04819456372045061,0.09498071386026323,0.013169384901917144
choque_10pct_permanente,permanente,0.9,0.09999999999999998,True,83,124,6,8817437.882728746,0.08591003168922323,0.06964777740593542,0.09477436389675292,0.011710602042853513
choque_10pct_permanente,permanente,0.9,0.09999999999999998,True,83,124,7,8894134.429820072,0.09069772643574966,0.09732908672008045,0.10268254223577548,0.01710597683922367
choque_10pct_permanente,permanente,0.9,0.09999999999999998,True,83,124,8,8878067.665960526,0.10378575727106412,0.11432828928564809,0.12313508604776283,0.011082101809826701
choque_10pct_permanente,permanente,0.9,0.09999999999999998,True,83,124,9,8681545.730377816,0.12024214685073391,0.12223599204025737,0.14584959983562082,0.002462995515525115
choque_10pct_permanente,permanente,0.9,0.09999999999999998,True,83,124,10,8540612.27590664,0.13388063131449168,0.1126484266623009,0.16440435271405457,-0.004324696916154534
choque_10pct_permanente,permanente,0.9,0.09999999999999998,True,83,124,11,8456273.514932677,0.13876400113294338,0.0969860401135414,0.1737847422487413,-0.018951838664609418
choque_10pct_permanente,permanente,0.9,0.09999999999999998,True,83,124,12,8420882.600890748,0.13871051781224636,0.07608184533048012,0.17742913211789305,-0.03141590908777806
choque_10pct_permanente,permanente,0.9,0.09999999999999998,True,83,124,13,8690296.880347997,0.1258676621032952,0.05720340460010975,0.16722134152905563,-0.03200386998530196
choque_10pct_permanente,permanente,0.9,0.09999999999999998,True,83,124,14,9120081.992589317,0.10160220471987196,0.04573723673859709,0.15031644688837137,-0.032045576199108826
choque_10pct_permanente,permanente,0.9,0.09999999999999998,True,83,124,15,9644367.738455923,0.07604695820894879,0.04972406097818327,0.13126637741198063,-0.027359890437172494
choque_10pct_permanente,permanente,0.9,0.09999999999999998,True,83,124,16,9997115.4130858,0.05977735017185515,0.07389461059057001,0.11869558672499408,-0.017258978284196678
choque_10pct_permanente,permanente,0.9,0.09999999999999998,True,83,124,17,10364194.986266231,0.051437486990171165,0.11852192384636151,0.11458565234008489,-0.008251004291688431
choque_10pct_permanente,permanente,0.9,0.09999999999999998,True,83,124,18,10636276.969204392,0.05347336175516965,0.17490202185802062,0.12055293591615478,0.00423344499926032
choque_10pct_permanente,permanente,0.9,0.09999999999999998,True,83,124,19,10709416.752850652,0.06558878219825505,0.2231566394015987,0.1418781003914047,0.009770449448947545
choque_10pct_permanente,permanente,0.9,0.09999999999999998,True,83,124,20,10752395.460951863,0.07361415021124308,0.24329014747947797,0.16565792724420977,0.009040859839518687
choque_10pct_permanente,permanente,0.9,0.09999999999999998,True,83,124,21,10515933.477949426,0.08448001332192251,0.2448590558728192,0.18233302108170943,-0.002329575798993329
choque_10pct_permanente,permanente,0.9,0.09999999999999998,True,83,124,22,10252879.557061996,0.10153487602625566,0.22580479910211815,0.20312831475943738,-0.021804763665466836
choque_10pct_permanente,permanente,0.9,0.09999999999999998,True,83,124,23,9957109.82909374,0.11143342011930395,0.19309020130306775,0.21954147917988456,-0.03838132619069295
choque_10pct_permanente,permanente,0.9,0.09999999999999998,True,83,124,24,9955798.143183794,0.1005902788504607,0.1569647121147959,0.2157571524933936,-0.05817246303626287
choque_10pct_permanente,permanente,0.9,0.09999999999999998,True,83,124,25,10335667.406716542,0.0790942471803465,0.13012470062112436,0.19366114522211897,-0.06028187004613484
choque_10pct_permanente,permanente,0.9,0.09999999999999998,True,84,125,0,7609597.0,0.138,0.03,0.12063832026847152,0.010583740505574736
choque_10pct_permanente,permanente,0.9,0.09999999999999998,True,84,125,1,7652724.38733265,0.14039181650999813,0.030000000000000027,0.11859183719691781,0.007984885903803248
choque_10pct_permanente,permanente,0.9,0.09999999999999998,True,84,125,2,7812520.143181676,0.135227137041172,0.024170779470006565,0.12031541546280497,0.0018868192985360191
choque_10pct_permanente,permanente,0.9,0.09999999999999998,True,84,125,3,8052047.131993262,0.1249071485739216,0.026888059745781456,0.11186830547398513,0.00509071657013345
choque_10pct_permanente,permanente,0.9,0.09999999999999998,True,84,125,4,8380278.68250678,0.10978591018042659,0.030223051918467858,0.10420220551095581,0.010086270974714965
choque_10pct_permanente,permanente,0.9,0.09999999999999998,True,84,125,5,8588690.232043609,0.09561403495388814,0.04640075320119941,0.0980220406164435,0.010046888312075768
choque_10pct_permanente,permanente,0.9,0.09999999999999998,True,84,125,6,8726294.229362905,0.09438545234236727,0.06698919191070751,0.09970675258250469,0.008098652474821591
choque_10pct_permanente,permanente,0.9,0.09999999999999998,True,84,125,7,8851388.009325933,0.09456814741946971,0.08827395570310093,0.10713533836272113,0.012612918613253487
choque_10pct_permanente,permanente,0.9,0.09999999999999998,True,84,125,8,8932015.847966488,0.09757340589812352,0.10632780038463574,0.11740174120599421,0.0121215712055506
choque_10pct_permanente,permanente,0.9,0.09999999999999998,True,84,125,9,8781764.567950984,0.1118295604321344,0.11717641550299951,0.13543663903049466,0.006146844435633739
choque_10pct_permanente,permanente,0.9,0.09999999999999998,True,84,125,10,8667229.660779757,0.12475404758089834,0.11359742445721399,0.15720209484405012,-0.0035136282048354645
choque_10pct_permanente,permanente,0.9,0.09999999999999998,True,84,125,11,8463752.015458398,0.14004946955884487,0.10271249484801293,0.17369749375134222,-0.01646839713899147
choque_10pct_permanente,permanente,0.9,0.09999999999999998,True,84,125,12,8436123.960465286,0.14314430015150723,0.0813213955237384,0.18196450427104433,-0.028879153294779178
choque_10pct_permanente,permanente,0.9,0.09999999999999998,True,84,125,13,8559650.137679538,0.13559648875499963,0.06231865303963535,0.1757147282242729,-0.03358492968178821
choque_10pct_permanente,permanente,0.9,0.09999999999999998,True,84,125,14,8909320.606780654,0.11535993680671573,0.04666583111952716,0.16122031206378779,-0.03540762437720027
choque_10pct_permanente,permanente,0.9,0.09999999999999998,True,84,125,15,9438820.560662698,0.08951313107881462,0.04320293851419188,0.1409196224339202,-0.03097053410077355
choque_10pct_permanente,permanente,0.9,0.09999999999999998,True,84,125,16,9940278.266465047,0.06637690474049274,0.05602117833667175,0.12503527740399673,-0.024869782216786568
choque_10pct_permanente,permanente,0.9,0.09999999999999998,True,84,125,17,10297832.755848084,0.0522049856679308,0.09267421238105333,0.11472108361342667,-0.011978350435349661
choque_10pct_permanente,permanente,0.9,0.09999999999999998,True,84,125,18,10559198.60918193,0.054005560748224074,0.14863446917187462,0.11647151074758222,-0.0026747369624819666
choque_10pct_permanente,permanente,0.9,0.09999999999999998,True,84,125,19,10689771.81750187,0.06176405094333874,0.19965899045551594,0.13799352705444148,0.005998557420706483
choque_10pct_permanente,permanente,0.9,0.09999999999999998,True,84,125,20,10798352.625542995,0.06845752344925587,0.23260482652577608,0.15614962433957352,0.006800370796514519
choque_10pct_permanente,permanente,0.9,0.09999999999999998,True,84,125,21,10674181.35655852,0.0781503469454975,0.245499248116531,0.1727936498429149,0.001735816009899549
choque_10pct_permanente,permanente,0.9,0.09999999999999998,True,84,125,22,10445350.90056761,0.09050483573867486,0.2365880727707037,0.19251351193809715,-0.01180390403209207
choque_10pct_permanente,permanente,0.9,0.09999999999999998,True,84,125,23,10246070.67064456,0.0981636268928717,0.21202801902634905,0.20733453205313734,-0.02894287507525515
choque_10pct_permanente,permanente,0.9,0.09999999999999998,True,84,125,24,10101797.758499492,0.10068280547058232,0.1811221015772826,0.21375080810657415,-0.04983919058312418
choque_10pct_permanente,permanente,0.9,0.09999999999999998,True,84,125,25,10269863.965079034,0.0904004291919854,0.1495787411446743,0.20684913278646602,-0.05716215044094024
choque_10pct_permanente,permanente,0.9,0.09999999999999998,True,85,126,0,7609597.0,0.138,0.03,0.12063832026847152,0.010583740505574736
choque_10pct_permanente,permanente,0.9,0.09999999999999998,True,85,126,1,7652724.38733265,0.14039181650999813,0.030000000000000027,0.11859183719691781,0.007984885903803248
choque_10pct_permanente,permanente,0.9,0.09999999999999998,True,85,126,2,7805447.292951422,0.13522708141572493,0.024177560936350373,0.12041051553029103,0.003442631022190316
choque_10pct_permanente,permanente,0.9,0.09999999999999998,True,85,126,3,8047102.756847766,0.12540575991661,0.0268617181089843,0.11207736339959044,0.00782253732451517
choque_10pct_permanente,permanente,0.9,0.09999999999999998,True,85,126,4,8338889.719430038,0.11015036409885649,0.029952288573705355,0.10518033393075292,0.005962536053419879
choque_10pct_permanente,permanente,0.9,0.09999999999999998,True,85,126,5,8633810.606037403,0.097169017935336,0.04571988388635306,0.09685806935871787,0.009266934059964092
choque_10pct_permanente,permanente,0.9,0.09999999999999998,True,85,126,6,8801790.337778257,0.08966070547819696,0.06503698669416713,0.09749743382704347,0.01156495799797637
choque_10pct_permanente,permanente,0.9,0.09999999999999998,True,85,126,7,8889829.867238693,0.0915754381914936,0.09154583173061437,0.10290177838462754,0.015202357800249772
choque_10pct_permanente,permanente,0.9,0.09999999999999998,True,85,126,8,8858528.1190062,0.10158154499014235,0.1098232359669804,0.12064412821294804,0.011353060644313141
choque_10pct_permanente,permanente,0.9,0.09999999999999998,True,85,126,9,8713249.960043749,0.11884306801651655,0.11965344478151319,0.14239169871602406,0.004422538899152
choque_10pct_permanente,permanente,0.9,0.09999999999999998,True,85,126,10,8513057.567743536,0.13745527510951952,0.11263381237801551,0.16581738556561665,-0.006729063357006154
choque_10pct_permanente,permanente,0.9,0.09999999999999998,True,85,126,11,8366530.514468846,0.14887382547684358,0.09592268116806779,0.1805944864597279,-0.019357792713592753
choque_10pct_permanente,permanente,0.9,0.09999999999999998,True,85,126,12,8277305.709429751,0.1522348697728717,0.07239128240152537,0.18701316445051763,-0.03191600725055731
choque_10pct_permanente,permanente,0.9,0.09999999999999998,True,85,126,13,8536072.643332794,0.13809991775332212,0.04968787103159644,0.1765275834509583,-0.040281075135337976
choque_10pct_permanente,permanente,0.9,0.09999999999999998,True,85,126,14,8934899.360259222,0.11521443810179251,0.03376927518603812,0.15868693812296392,-0.04016162464311608
choque_10pct_permanente,permanente,0.9,0.09999999999999998,True,85,126,15,9575222.598199505,0.08380080357997671,0.03114602374414077,0.1365065640080664,-0.031958687690179566
choque_10pct_permanente,permanente,0.9,0.09999999999999998,True,85,126,16,9930435.304112885,0.06325156000144863,0.05108057807064381,0.12043186329217603,-0.021810272152114413
choque_10pct_permanente,permanente,0.9,0.09999999999999998,True,85,126,17,10315094.686438639,0.05345099036232607,0.0926755896141036,0.1141509429292005,-0.012248660049350157
choque_10pct_permanente,permanente,0.9,0.09999999999999998,True,85,126,18,10562439.278941154,0.053988252132478536,0.1510093669317989,0.11911581634215888,-1.3754660911050984e-05
choque_10pct_permanente,permanente,0.9,0.09999999999999998,True,85,126,19,10765495.669694412,0.0632243157642237,0.2036025422370955,0.13669499806365767,0.008003430652547956
choque_10pct_permanente,permanente,0.9,0.09999999999999998,True,85,126,20,10807885.343051665,0.07122088392048417,0.23395522827640747,0.15915979138605466,0.0096529271665632
choque_10pct_permanente,permanente,0.9,0.09999999999999998,True,85,126,21,10662620.319667367,0.07909041982105196,0.2438494389658692,0.17577743569720486,-0.002732695100711518
choque_10pct_permanente,permanente,0.9,0.09999999999999998,True,85,126,22,10488937.595931953,0.08974373821258984,0.23277183845715888,0.19123132015884348,-0.01496973738753665
choque_10pct_permanente,permanente,0.9,0.09999999999999998,True,85,126,23,10303566.969852412,0.09410337811112575,0.20889301036316543,0.20452751101838273,-0.030562676764325444
choque_10pct_permanente,permanente,0.9,0.09999999999999998,True,85,126,24,10257686.784818897,0.09297498801441179,0.18096849618708233,0.20643566204316932,-0.042310775535752305
choque_10pct_permanente,permanente,0.9,0.09999999999999998,True,85,126,25,10343825.679337569,0.08581676018501547,0.15549523287344136,0.20236386274787863,-0.05268002284259878
choque_10pct_permanente,permanente,0.9,0.09999999999999998,True,86,127,0,7609597.0,0.138,0.03,0.12063832026847152,0.010583740505574736
choque_10pct_permanente,permanente,0.9,0.09999999999999998,True,86,127,1,7652724.38733265,0.14039181650999813,0.030000000000000027,0.11859183719691781,0.007984885903803248
choque_10pct_permanente,permanente,0.9,0.09999999999999998,True,86,127,2,7797535.540496843,0.13522792692462418,0.0241780864483494,0.12055006007782303,0.0037504461675591247
choque_10pct_permanente,permanente,0.9,0.09999999999999998,True,86,127,3,8049301.5324522955,0.12439918088385989,0.02687613792222887,0.11153603568962524,0.006701927754935272
choque_10pct_permanente,permanente,0.9,0.09999999999999998,True,86,127,4,8409254.830489524,0.1075790112323599,0.030423671999403323,0.10343575734547547,0.0068154161687141255
choque_10pct_permanente,permanente,0.9,0.09999999999999998,True,86,127,5,8636234.119020626,0.09320697435135472,0.04726362979790388,0.09609341643873164,0.011014936035891603
choque_10pct_permanente,permanente,0.9,0.09999999999999998,True,86,127,6,8762947.906673228,0.09016670633502602,0.0689959922079304,0.09818910131468629,0.013018172171919114
choque_10pct_permanente,permanente,0.9,0.09999999999999998,True,86,127,7,8863371.97221941,0.09671666955210396,0.09290546921644327,0.10907331247953232,0.012750285626294306
choque_10pct_permanente,permanente,0.9,0.09999999999999998,True,86,127,8,8774028.182896305,0.11001580834563983,0.10874257626833783,0.12761614603570676,0.011984778716060119
choque_10pct_permanente,permanente,0.9,0.09999999999999998,True,86,127,9,8674736.42668251,0.11877266780089722,0.1136348902738511,0.14485782649476556,0.005170895097658258
choque_10pct_permanente,permanente,0.9,0.09999999999999998,True,86,127,10,8518155.269790793,0.13032835719094196,0.10900400133199528,0.15954078726988427,-0.00728597820581218
choque_10pct_permanente,permanente,0.9,0.09999999999999998,True,86,127,11,8400363.911766523,0.14106980470763555,0.0935882799419061,0.1737571340149682,-0.017930150105422742
choque_10pct_permanente,permanente,0.9,0.09999999999999998,True,86,127,12,8425151.625526419,0.14169199401246768,0.07327011286092056,0.1781049059530461,-0.029597041715399112
choque_10pct_permanente,permanente,0.9,0.09999999999999998,True,86,127,13,8672560.74791204,0.1291657641183073,0.05425127065226132,0.16911711722917538,-0.03617942199006459
choque_10pct_permanente,permanente,0.9,0.09999999999999998,True,86,127,14,9082194.639784716,0.10481478007663185,0.04280241674596774,0.150950560910158,-0.033090072288990316
choque_10pct_permanente,permanente,0.9,0.09999999999999998,True,86,127,15,9684681.824851597,0.07658854091499344,0.045665677916223224,0.13031534654693705,-0.023139262345674587
choque_10pct_permanente,permanente,0.9,0.09999999999999998,True,86,127,16,9995509.931912018,0.05984755274374277,0.07066313238275956,0.11835801190171201,-0.016717685739054657
choque_10pct_permanente,permanente,0.9,0.09999999999999998,True,86,127,17,10269172.985903602,0.059010000535103226,0.11476514368616364,0.11873744533130659,-0.01042986347476236
choque_10pct_permanente,permanente,0.9,0.09999999999999998,True,86,127,18,10438296.25261781,0.06506691243124717,0.16003206731467423,0.13423890680653386,-0.0023580389456819154
choque_10pct_permanente,permanente,0.9,0.09999999999999998,True,86,127,19,10570802.256953146,0.07002457371073072,0.19510294642324433,0.14995211654009524,0.0016373882183434122
choque_10pct_permanente,permanente,0.9,0.09999999999999998,True,86,127,20,10545296.307526337,0.07309023303928663,0.21446236103059957,0.1626720591657796,-0.001968879323770194
choque_10pct_permanente,permanente,0.9,0.09999999999999998,True,86,127,21,10607370.174628608,0.0763652747843033,0.22011253919973117,0.1714476720596535,-0.005353359421016494
choque_10pct_permanente,permanente,0.9,0.09999999999999998,True,86,127,22,10360797.25097095,0.08759187301616285,0.21497095681924927,0.18865951120811186,-0.019239441622235585
choque_10pct_permanente,permanente,0.9,0.09999999999999998,True,86,127,23,10289774.557980204,0.09237895704457733,0.19650787615332033,0.20131425180472073,-0.03380135178080104
choque_10pct_permanente,permanente,0.9,0.09999999999999998,True,86,127,24,10418318.968442103,0.08231643742885508,0.17544338119666603,0.19586815721665343,-0.04180061519699089
choque_10pct_permanente,permanente,0.9,0.09999999999999998,True,86,127,25,10697371.14150768,0.06673912798348056,0.1615566889281872,0.18305252668483543,-0.04530368193941666
choque_10pct_permanente,permanente,0.9,0.09999999999999998,True,87,128,0,7609597.0,0.138,0.03,0.12063832026847152,0.010583740505574736
choque_10pct_permanente,permanente,0.9,0.09999999999999998,True,87,128,1,7652720.659059336,0.14039204578760067,0.029999999999999805,0.11859203669881745,0.007984787537176637
choque_10pct_permanente,permanente,0.9,0.09999999999999998,True,87,128,2,7804124.837337487,0.1352273782580663,0.024168849806441184,0.12052584486839978,0.0010953879704119623
choque_10pct_permanente,permanente,0.9,0.09999999999999998,True,87,128,3,8072253.135584136,0.1240199349331775,0.0269042900410168,0.11062706680294176,0.00585107735170701
choque_10pct_permanente,permanente,0.9,0.09999999999999998,True,87,128,4,8434950.959153848,0.10542390156394663,0.030613616160076962,0.10187731707976172,0.0070381854335560285
choque_10pct_permanente,permanente,0.9,0.09999999999999998,True,87,128,5,8692925.029047105,0.09089116844284792,0.04833401540539373,0.09384418146767477,0.009948459553633897
choque_10pct_permanente,permanente,0.9,0.09999999999999998,True,87,128,6,8808487.663639687,0.08831220572462817,0.07188602563087332,0.09610300643307403,0.01247270013252164
choque_10pct_permanente,permanente,0.9,0.09999999999999998,True,87,128,7,8873889.969316272,0.09424524140568087,0.09794209343563143,0.10670583431148264,0.013377494888186217
choque_10pct_permanente,permanente,0.9,0.09999999999999998,True,87,128,8,8855692.166452346,0.10628381041922523,0.11485242902314474,0.1249518731428533,0.010626553435078855
choque_10pct_permanente,permanente,0.9,0.09999999999999998,True,87,128,9,8622060.596800901,0.12450537835014693,0.12029618059257152,0.1478893148992614,0.0040845275476428895
choque_10pct_permanente,permanente,0.9,0.09999999999999998,True,87,128,10,8538091.895003073,0.1336393263165524,0.10956682252032612,0.16483686577902645,-0.007125622281361254
choque_10pct_permanente,permanente,0.9,0.09999999999999998,True,87,128,11,8421851.373517687,0.1419176340970914,0.09295185186913346,0.17556240858908648,-0.019914012335832974
choque_10pct_permanente,permanente,0.9,0.09999999999999998,True,87,128,12,8319065.759461639,0.14807251078515657,0.07107823687261305,0.18450737988217866,-0.033320964672000526
choque_10pct_permanente,permanente,0.9,0.09999999999999998,True,87,128,13,8539371.43188136,0.13699982696695062,0.049989615159335976,0.1763831615566728,-0.03824191411950118
choque_10pct_permanente,permanente,0.9,0.09999999999999998,True,87,128,14,8968551.967107134,0.1123348525972737,0.03558778310830135,0.15759738974550203,-0.03649879314180894
choque_10pct_permanente,permanente,0.9,0.09999999999999998,True,87,128,15,9569968.902722955,0.08342905079048113,0.035069011632065106,0.13518438900006713,-0.02996672575878482
choque_10pct_permanente,permanente,0.9,0.09999999999999998,True,87,128,16,10024507.62741844,0.06178461744491743,0.05494696502110652,0.11983979853583276,-0.022817176017046394
choque_10pct_permanente,permanente,0.9,0.09999999999999998,True,87,128,17,10363444.368223421,0.05031394582112831,0.09831952236924768,0.11252992105504984,-0.011349210137548853
choque_10pct_permanente,permanente,0.9,0.09999999999999998,True,87,128,18,10630412.58954647,0.05376740860910766,0.1599208831362917,0.11693041725368222,0.0005027891754708814
choque_10pct_permanente,permanente,0.9,0.09999999999999998,True,87,128,19,10786433.464406582,0.06402987549514766,0.21141326260682813,0.14002599981799166,0.01330589525703038
choque_10pct_permanente,permanente,0.9,0.09999999999999998,True,87,128,20,10833803.185670258,0.07030341371414633,0.23973012093445467,0.16030472215578997,0.012112463457835794
choque_10pct_permanente,permanente,0.9,0.09999999999999998,True,87,128,21,10641810.684861528,0.08025208827845169,0.24866161284425248,0.17645353858060214,0.002070462659694526
choque_10pct_permanente,permanente,0.9,0.09999999999999998,True,87,128,22,10328675.096043698,0.09615465242625339,0.23606511444796352,0.19962420520546023,-0.017200395861038446
choque_10pct_permanente,permanente,0.9,0.09999999999999998,True,87,128,23,10047499.702500828,0.10823443085975377,0.20748906926704036,0.21737869895181,-0.03865423514189259
choque_10pct_permanente,permanente,0.9,0.09999999999999998,True,87,128,24,9988642.265067799,0.10577856067321854,0.17155285963839884,0.21752382322850422,-0.05247258409478575
choque_10pct_permanente,permanente,0.9,0.09999999999999998,True,87,128,25,10308137.654246492,0.08092856745204231,0.1395019652635361,0.19915976899267726,-0.058421822415323
choque_10pct_permanente,permanente,0.9,0.09999999999999998,True,88,129,0,7609597.0,0.138,0.03,0.12063832026847152,0.010583740505574736
choque_10pct_permanente,permanente,0.9,0.09999999999999998,True,88,129,1,7652724.38733265,0.14039181650999813,0.030000000000000027,0.11859183719691781,0.007984885903803248
choque_10pct_permanente,permanente,0.9,0.09999999999999998,True,88,129,2,7808289.09623282,0.13522708141572493,0.024187119658762857,0.12051502462550072,0.005397028494644425
choque_10pct_permanente,permanente,0.9,0.09999999999999998,True,88,129,3,8049485.526277566,0.12525597693612542,0.026888565255428487,0.11219644139580276,0.01017827549538741
choque_10pct_permanente,permanente,0.9,0.09999999999999998,True,88,129,4,8330359.607230663,0.11067790504381587,0.030020543546724454,0.1067251057535951,0.0068774589943856115
choque_10pct_permanente,permanente,0.9,0.09999999999999998,True,88,129,5,8510998.062506275,0.10145157692191464,0.046349071865076974,0.10069407143500823,0.010463978794817539
choque_10pct_permanente,permanente,0.9,0.09999999999999998,True,88,129,6,8692153.786586393,0.09620924894100859,0.06155021278187722,0.10357568671131898,0.008944499711939937
choque_10pct_permanente,permanente,0.9,0.09999999999999998,True,88,129,7,8822992.9732245,0.09590408196516584,0.08328751476203733,0.10789393638125938,0.010871610431331587
choque_10pct_permanente,permanente,0.9,0.09999999999999998,True,88,129,8,8835909.74201212,0.10148527277666389,0.09909006131256892,0.1204574809586825,0.011540410925311653
choque_10pct_permanente,permanente,0.9,0.09999999999999998,True,88,129,9,8823538.596601903,0.10991225837490473,0.10956941745544646,0.13451160707939516,0.004849159663790768
choque_10pct_permanente,permanente,0.9,0.09999999999999998,True,88,129,10,8681418.678958707,0.12262070857242463,0.10953710032021657,0.15185203191050725,-0.0013975811901757059
choque_10pct_permanente,permanente,0.9,0.09999999999999998,True,88,129,11,8608901.66005427,0.12803741688140627,0.10060837206297868,0.1643146144856527,-0.011507917026672015
choque_10pct_permanente,permanente,0.9,0.09999999999999998,True,88,129,12,8584326.781845223,0.1307480450466264,0.08675940561281337,0.17033068930631756,-0.024489543501865225
choque_10pct_permanente,permanente,0.9,0.09999999999999998,True,88,129,13,8726321.651385335,0.12805073326004107,0.07106523524774477,0.16956571472480395,-0.03115746323981922
choque_10pct_permanente,permanente,0.9,0.09999999999999998,True,88,129,14,8981828.448060699,0.11260267088842225,0.05855493263810474,0.1599276091858577,-0.03188314869304653
choque_10pct_permanente,permanente,0.9,0.09999999999999998,True,88,129,15,9405476.010255296,0.09005220714855278,0.05610552579438699,0.14383473772680838,-0.02782233047229818
choque_10pct_permanente,permanente,0.9,0.09999999999999998,True,88,129,16,9850345.122516155,0.06612862445553234,0.06731139731247793,0.1281017951227122,-0.021649712422853396
choque_10pct_permanente,permanente,0.9,0.09999999999999998,True,88,129,17,10262485.715717118,0.05371831515226964,0.10148804557605406,0.11683201827895659,-0.012099109693183445
choque_10pct_permanente,permanente,0.9,0.09999999999999998,True,88,129,18,10562027.849970274,0.05091458751807743,0.1511095275660912,0.11868292257777488,0.000178312267258144
choque_10pct_permanente,permanente,0.9,0.09999999999999998,True,88,129,19,10786755.258090429,0.05951255705397716,0.20421494888972336,0.13313872954395103,0.005938157534717798
choque_10pct_permanente,permanente,0.9,0.09999999999999998,True,88,129,20,10820087.695505526,0.07147773068982644,0.23531905090538308,0.1589503423484182,0.009442878079195848
choque_10pct_permanente,permanente,0.9,0.09999999999999998,True,88,129,21,10672857.116952747,0.08054775911717803,0.24406333454115758,0.1790060021302044,0.0007573498380297972
choque_10pct_permanente,permanente,0.9,0.09999999999999998,True,88,129,22,10400623.429189434,0.09154452757569576,0.23397210052303086,0.19515116128646698,-0.015081730172638516
choque_10pct_permanente,permanente,0.9,0.09999999999999998,True,88,129,23,10158385.282615175,0.10095691373930041,0.2098088406598857,0.2095248644188255,-0.032122481300044844
choque_10pct_permanente,permanente,0.9,0.09999999999999998,True,88,129,24,10038724.354125876,0.10239544690644718,0.17868192324479248,0.21431192776765462,-0.04759973584860692
choque_10pct_permanente,permanente,0.9,0.09999999999999998,True,88,129,25,10230036.749075804,0.0873463823707146,0.1483634672245555,0.20472935979217288,-0.05897791739635962
choque_10pct_permanente,permanente,0.9,0.09999999999999998,True,89,130,0,7609597.0,0.138,0.03,0.12063832026847152,0.010583740505574736
choque_10pct_permanente,permanente,0.9,0.09999999999999998,True,89,130,1,7652724.38733265,0.14039181650999813,0.030000000000000027,0.11859183719691781,0.007984885903803248
choque_10pct_permanente,permanente,0.9,0.09999999999999998,True,89,130,2,7801131.533210283,0.13522708141572493,0.024176097254847484,0.12044669281179464,0.0030417857503093047
choque_10pct_permanente,permanente,0.9,0.09999999999999998,True,89,130,3,8059153.92921016,0.12417412939401595,0.02687761941643685,0.11154847411721842,0.007084643781682758
choque_10pct_permanente,permanente,0.9,0.09999999999999998,True,89,130,4,8390863.432128724,0.10872350158653497,0.03050180757062515,0.10396384789263141,0.008765905085723733
choque_10pct_permanente,permanente,0.9,0.09999999999999998,True,89,130,5,8607227.962195646,0.09587266215877034,0.04705166259960958,0.0979392698128344,0.011050934230339609
choque_10pct_permanente,permanente,0.9,0.09999999999999998,True,89,130,6,8723348.652476989,0.09472213852386595,0.06662017514440466,0.10111934806498987,0.01264922588998664
choque_10pct_permanente,permanente,0.9,0.09999999999999998,True,89,130,7,8819508.05498571,0.09917304545705148,0.08825630534803852,0.11235572447455815,0.010091415952102578
choque_10pct_permanente,permanente,0.9,0.09999999999999998,True,89,130,8,8690472.380073601,0.11226876798603162,0.10296367606401713,0.1297947662814967,0.008656928858247185
choque_10pct_permanente,permanente,0.9,0.09999999999999998,True,89,130,9,8567224.217259953,0.12484242897279986,0.10670106060766282,0.14888384648017147,-0.0011475819041259717
choque_10pct_permanente,permanente,0.9,0.09999999999999998,True,89,130,10,8488505.512659233,0.13306664974444413,0.09929617880887887,0.16148268180630648,-0.01058767244958178
choque_10pct_permanente,permanente,0.9,0.09999999999999998,True,89,130,11,8476846.999728506,0.1333763055280071,0.08594560829184283,0.1664563131313996,-0.020248608086312476
choque_10pct_permanente,permanente,0.9,0.09999999999999998,True,89,130,12,8657100.804688007,0.12364424274719397,0.0698929055076698,0.1617872161144264,-0.023800493248636524
choque_10pct_permanente,permanente,0.9,0.09999999999999998,True,89,130,13,8960598.560155898,0.10657297367812817,0.05945143353612958,0.15085556889408644,-0.023065581550288646
choque_10pct_permanente,permanente,0.9,0.09999999999999998,True,89,130,14,9308926.977526825,0.08872751668937634,0.05875435937724971,0.1385676959965784,-0.02258956089056729
choque_10pct_permanente,permanente,0.9,0.09999999999999998,True,89,130,15,9704425.640683118,0.07240105056594269,0.0718898053904986,0.12802852661868108,-0.017773533220971173
choque_10pct_permanente,permanente,0.9,0.09999999999999998,True,89,130,16,10061509.611185145,0.060473815442574616,0.09968793099629636,0.12226894566438633,-0.01376243292423761
choque_10pct_permanente,permanente,0.9,0.09999999999999998,True,89,130,17,10238556.267544908,0.06315327279205414,0.14142046493729943,0.12450102352180653,-0.00416202922568744
choque_10pct_permanente,permanente,0.9,0.09999999999999998,True,89,130,18,10391849.2836902,0.06493943208614103,0.17675944953564815,0.14038066247704512,0.0007464725662589391
choque_10pct_permanente,permanente,0.9,0.09999999999999998,True,89,130,19,10552758.93001586,0.06567551195581345,0.2051488031132962,0.14868848354567565,0.0023172888820970306
choque_10pct_permanente,permanente,0.9,0.09999999999999998,True,89,130,20,10503602.717796445,0.0769504000904846,0.22179439949768187,0.16378304681861103,-0.0006701073223235344
choque_10pct_permanente,permanente,0.9,0.09999999999999998,True,89,130,21,10313788.676438281,0.09122128345853461,0.21822108602801515,0.18898728566603396,-0.013024989503913929
choque_10pct_permanente,permanente,0.9,0.09999999999999998,True,89,130,22,10134718.958691109,0.10046517437796602,0.20039070884256094,0.20349816408111213,-0.027081835105222093
choque_10pct_permanente,permanente,0.9,0.09999999999999998,True,89,130,23,10050879.916340766,0.0969562135371609,0.17408987939264353,0.20651503367856858,-0.04193858133143673
choque_10pct_permanente,permanente,0.9,0.09999999999999998,True,89,130,24,10228040.589499967,0.08416189794667903,0.14940236426268272,0.19597205888678007,-0.049586062511645386
choque_10pct_permanente,permanente,0.9,0.09999999999999998,True,89,130,25,10785852.039027032,0.05833626404831525,0.1354290735681214,0.17573748901982292,-0.04794830230023289
choque_10pct_permanente,permanente,0.9,0.09999999999999998,True,90,131,0,7609597.0,0.138,0.03,0.12063832026847152,0.010583740505574736
choque_10pct_permanente,permanente,0.9,0.09999999999999998,True,90,131,1,7652724.38733265,0.14039181650999813,0.030000000000000027,0.11859183719691781,0.007984885903803248
choque_10pct_permanente,permanente,0.9,0.09999999999999998,True,90,131,2,7796327.271840712,0.13522708141572493,0.02417908667902502,0.12053614894020194,0.0036874241421439445
choque_10pct_permanente,permanente,0.9,0.09999999999999998,True,90,131,3,8073772.352932212,0.12445445098908703,0.02685216709778704,0.11139253261013682,0.008022676142664413
choque_10pct_permanente,permanente,0.9,0.09999999999999998,True,90,131,4,8358422.61210144,0.10933433741714887,0.030366269773322463,0.10495242619812452,0.006489299326391141
choque_10pct_permanente,permanente,0.9,0.09999999999999998,True,90,131,5,8619544.185167892,0.09592761237169663,0.045494417842794954,0.09877192786621679,0.00876658983106353
choque_10pct_permanente,permanente,0.9,0.09999999999999998,True,90,131,6,8746187.476888442,0.09272223796548282,0.066009774686274,0.10034683966786448,0.010889031903309875
choque_10pct_permanente,permanente,0.9,0.09999999999999998,True,90,131,7,8811446.141834518,0.0993146017209106,0.08968836271264569,0.10970010382676944,0.011613022369898172
choque_10pct_permanente,permanente,0.9,0.09999999999999998,True,90,131,8,8776705.594598563,0.10709759422045508,0.10360576869858185,0.12613597515861816,0.00821084622705702
choque_10pct_permanente,permanente,0.9,0.09999999999999998,True,90,131,9,8729377.85499767,0.11417846263072662,0.11135149781131437,0.139015807755372,0.00456808669134168
choque_10pct_permanente,permanente,0.9,0.09999999999999998,True,90,131,10,8638295.207958262,0.12396501584561728,0.1075841048050945,0.15318033974806808,-0.005756745162387388
choque_10pct_permanente,permanente,0.9,0.09999999999999998,True,90,131,11,8577281.646707738,0.12888247630131056,0.09706451822874218,0.16418631104474396,-0.01263884189455412
choque_10pct_permanente,permanente,0.9,0.09999999999999998,True,90,131,12,8617030.472360589,0.1315004751722794,0.08222444810140339,0.16864848933767315,-0.025279361958451815
choque_10pct_permanente,permanente,0.9,0.09999999999999998,True,90,131,13,8666667.92594267,0.12761435034793872,0.0663142822658922,0.16990398711885502,-0.03088621894304116
choque_10pct_permanente,permanente,0.9,0.09999999999999998,True,90,131,14,8956635.252343839,0.11037661574053105,0.05473005133027353,0.15836725323340634,-0.03495854547798612
choque_10pct_permanente,permanente,0.9,0.09999999999999998,True,90,131,15,9539567.851811716,0.08289755810849926,0.053079705233455066,0.13742538713490993,-0.026659568484855043
choque_10pct_permanente,permanente,0.9,0.09999999999999998,True,90,131,16,10040537.81474262,0.058167060270542616,0.07150250270029335,0.11980821538655312,-0.0186916242764172
choque_10pct_permanente,permanente,0.9,0.09999999999999998,True,90,131,17,10327366.945667204,0.052209247972668016,0.11458963621042462,0.11291264567409415,-0.004456740736771142
choque_10pct_permanente,permanente,0.9,0.09999999999999998,True,90,131,18,10440429.502855137,0.06244852898297781,0.1671097133217594,0.12824475155521364,0.0025240687291235198
choque_10pct_permanente,permanente,0.9,0.09999999999999998,True,90,131,19,10582271.05373339,0.07444587378616119,0.20247126637428026,0.15506454130080355,0.0017750800469673803
choque_10pct_permanente,permanente,0.9,0.09999999999999998,True,90,131,20,10488114.201044587,0.08397390217653469,0.21762735346431739,0.17197000008315938,-0.0012770093846178954
choque_10pct_permanente,permanente,0.9,0.09999999999999998,True,90,131,21,10438962.120370656,0.08275825572060684,0.21264851932338757,0.18210639627886516,-0.014002920869914037
choque_10pct_permanente,permanente,0.9,0.09999999999999998,True,90,131,22,10280906.479887126,0.09059703991604426,0.20149882658351181,0.1892301316199093,-0.024900883289290545
choque_10pct_permanente,permanente,0.9,0.09999999999999998,True,90,131,23,10226641.305220501,0.09263776485446848,0.1803028368388464,0.20028903490422947,-0.03869237084793804
choque_10pct_permanente,permanente,0.9,0.09999999999999998,True,90,131,24,10389975.069427082,0.07953180685307412,0.16057055474112625,0.1931441334617028,-0.04652101877260432
choque_10pct_permanente,permanente,0.9,0.09999999999999998,True,90,131,25,10825418.533413168,0.057230428868941044,0.15173334225722357,0.17477753089796796,-0.04748513644625923
choque_10pct_permanente,permanente,0.9,0.09999999999999998,True,91,132,0,7609597.0,0.138,0.03,0.12063832026847152,0.010583740505574736
choque_10pct_permanente,permanente,0.9,0.09999999999999998,True,91,132,1,7652724.38733265,0.14039181650999813,0.030000000000000027,0.11859183719691781,0.007984885903803248
choque_10pct_permanente,permanente,0.9,0.09999999999999998,True,91,132,2,7801363.801246859,0.13522775574117843,0.024178310632268163,0.12045568678891584,0.0037154610565848633
choque_10pct_permanente,permanente,0.9,0.09999999999999998,True,91,132,3,8059334.64543444,0.12592379526682104,0.02682999834979438,0.11198446921286653,0.006524334105458648
choque_10pct_permanente,permanente,0.9,0.09999999999999998,True,91,132,4,8352743.551038203,0.10882169687550454,0.029664268414322237,0.10493080772983111,0.006315199390668331
choque_10pct_permanente,permanente,0.9,0.09999999999999998,True,91,132,5,8658926.529458307,0.0944029386233869,0.04586038635749001,0.09591721620870217,0.011826494820154042
choque_10pct_permanente,permanente,0.9,0.09999999999999998,True,91,132,6,8787680.453421779,0.0886773283681112,0.06570018622460116,0.09813483892896936,0.012641731013308196
choque_10pct_permanente,permanente,0.9,0.09999999999999998,True,91,132,7,8848020.306370446,0.0960100590706947,0.09245750572070177,0.1068094923352302,0.014347311691639395
choque_10pct_permanente,permanente,0.9,0.09999999999999998,True,91,132,8,8822911.346393527,0.10654017761937061,0.10857224696208534,0.12584018736562,0.011792943019390616
choque_10pct_permanente,permanente,0.9,0.09999999999999998,True,91,132,9,8680764.966500053,0.11991396175116341,0.11615919659214691,0.1447202878227077,0.002744329595810604
choque_10pct_permanente,permanente,0.9,0.09999999999999998,True,91,132,10,8494143.299672073,0.13618949181622114,0.10851892089243176,0.1651333237315267,-0.009499980716857695
choque_10pct_permanente,permanente,0.9,0.09999999999999998,True,91,132,11,8410158.051300041,0.1425157912138224,0.09274690218794945,0.17554756829824553,-0.01908213907308392
choque_10pct_permanente,permanente,0.9,0.09999999999999998,True,91,132,12,8461956.40485782,0.13516011306567874,0.07275485762515177,0.17423515977424792,-0.030342906684489357
choque_10pct_permanente,permanente,0.9,0.09999999999999998,True,91,132,13,8739733.192018077,0.12035551459883845,0.05709820472697058,0.16096197479820595,-0.0332453533819818
choque_10pct_permanente,permanente,0.9,0.09999999999999998,True,91,132,14,9282905.64149272,0.096827517197183,0.04861408084054242,0.14347264941428547,-0.027987698716199893
choque_10pct_permanente,permanente,0.9,0.09999999999999998,True,91,132,15,9662553.992836792,0.07429801369852394,0.055410315046203085,0.1290260809838984,-0.022439135175237757
choque_10pct_permanente,permanente,0.9,0.09999999999999998,True,91,132,16,9946176.48198968,0.06257684322956869,0.08031795274020292,0.12161396372647089,-0.01688247324971392
choque_10pct_permanente,permanente,0.9,0.09999999999999998,True,91,132,17,10258765.260354225,0.060927341552867026,0.11998237375255094,0.12292863228577296,-0.009954672232085019
choque_10pct_permanente,permanente,0.9,0.09999999999999998,True,91,132,18,10491862.49046157,0.061674256865378856,0.16149791458696017,0.13339185802427608,-0.0014209449288816527
choque_10pct_permanente,permanente,0.9,0.09999999999999998,True,91,132,19,10604989.15779924,0.06636233673384569,0.19931335110126103,0.14534056786844712,0.002111341023564655
choque_10pct_permanente,permanente,0.9,0.09999999999999998,True,91,132,20,10527967.49683306,0.07599715678599252,0.22105880510492892,0.16395773356753415,-0.001724758826214765
choque_10pct_permanente,permanente,0.9,0.09999999999999998,True,91,132,21,10477658.218567908,0.08225861821234548,0.2240381982117834,0.17932880349250951,-0.008940205678775459
choque_10pct_permanente,permanente,0.9,0.09999999999999998,True,91,132,22,10355771.779078307,0.08545771003290048,0.21299016361525647,0.18958700557068303,-0.02097061953675605
choque_10pct_permanente,permanente,0.9,0.09999999999999998,True,91,132,23,10263924.875106288,0.08907365076882705,0.1957059291732719,0.1965534470521594,-0.033437916196076424
choque_10pct_permanente,permanente,0.9,0.09999999999999998,True,91,132,24,10350378.774715425,0.08429599586689224,0.1736891444155706,0.19719266196813134,-0.04264874184335375
choque_10pct_permanente,permanente,0.9,0.09999999999999998,True,91,132,25,10686442.781465366,0.06352081748089,0.15844683977239216,0.18366564533700516,-0.04529606417849492
choque_10pct_permanente,permanente,0.9,0.09999999999999998,True,92,133,0,7609597.0,0.138,0.03,0.12063832026847152,0.010583740505574736
choque_10pct_permanente,permanente,0.9,0.09999999999999998,True,92,133,1,7652724.38733265,0.14039181650999813,0.030000000000000027,0.11859183719691781,0.007984885903803248
choque_10pct_permanente,permanente,0.9,0.09999999999999998,True,92,133,2,7801479.359865671,0.13522708141572493,0.024178922557531957,0.12044770636349743,0.00402440506770513
choque_10pct_permanente,permanente,0.9,0.09999999999999998,True,92,133,3,8050993.841168452,0.12459715352845571,0.02687422926141636,0.11180636352009912,0.007969732121799262
choque_10pct_permanente,permanente,0.9,0.09999999999999998,True,92,133,4,8410107.79912457,0.10957150747133619,0.030290844516926763,0.10526271395701767,0.005509297045593013
choque_10pct_permanente,permanente,0.9,0.09999999999999998,True,92,133,5,8556426.28880321,0.09815188071488458,0.04674975552789662,0.09947417860864749,0.011917378409399607
choque_10pct_permanente,permanente,0.9,0.09999999999999998,True,92,133,6,8669208.893712388,0.09592981468179514,0.0646415822095332,0.10318909009499988,0.009492460132392185
choque_10pct_permanente,permanente,0.9,0.09999999999999998,True,92,133,7,8782957.124303522,0.09915530730048762,0.08579057664489675,0.1106109358360852,0.0103057265672654
choque_10pct_permanente,permanente,0.9,0.09999999999999998,True,92,133,8,8807428.462562753,0.10454573141269709,0.1002478270450522,0.1232488356498015,0.005909350273265721
choque_10pct_permanente,permanente,0.9,0.09999999999999998,True,92,133,9,8801648.884876266,0.11117139176541752,0.10765645113706146,0.13571569030220204,0.005622051055127266
choque_10pct_permanente,permanente,0.9,0.09999999999999998,True,92,133,10,8694371.187158009,0.12011097810258312,0.1062393701845139,0.15055732268937455,-0.0010217319198999684
choque_10pct_permanente,permanente,0.9,0.09999999999999998,True,92,133,11,8658056.793547371,0.12387687067253617,0.09834526065534033,0.16069667838578888,-0.009548651317287993
choque_10pct_permanente,permanente,0.9,0.09999999999999998,True,92,133,12,8641975.14699591,0.12816375608271985,0.08692390570824027,0.16675698550239224,-0.01909989422462488
choque_10pct_permanente,permanente,0.9,0.09999999999999998,True,92,133,13,8659799.968547767,0.127758644022754,0.07349487286294609,0.17099408956713058,-0.029916551642027018
choque_10pct_permanente,permanente,0.9,0.09999999999999998,True,92,133,14,8903281.755730437,0.11474390776648745,0.0613482012969937,0.16328156853608153,-0.03150177620043392
choque_10pct_permanente,permanente,0.9,0.09999999999999998,True,92,133,15,9388253.880787525,0.09278130884917982,0.055975118101869725,0.14686332509605843,-0.028682679821906695
choque_10pct_permanente,permanente,0.9,0.09999999999999998,True,92,133,16,9880897.294438798,0.06866170380262943,0.06565959891484452,0.13095420001332866,-0.024669270142576805
choque_10pct_permanente,permanente,0.9,0.09999999999999998,True,92,133,17,10194403.818016201,0.05485769161904174,0.0967387053316382,0.11940937682576687,-0.012941162670600585
choque_10pct_permanente,permanente,0.9,0.09999999999999998,True,92,133,18,10521786.64178147,0.052079712199718034,0.14540103467312115,0.11915268680723305,-0.001181228652016551
choque_10pct_permanente,permanente,0.9,0.09999999999999998,True,92,133,19,10793587.016176226,0.05468963144556821,0.19720254364939804,0.13044263463132239,0.007918452323430207
choque_10pct_permanente,permanente,0.9,0.09999999999999998,True,92,133,20,10947399.501796667,0.059619745122158944,0.239041804897562,0.1460747886439724,0.012652091403011002
choque_10pct_permanente,permanente,0.9,0.09999999999999998,True,92,133,21,10834525.647707028,0.07274613112396532,0.2619062568924537,0.1674394713091445,0.007898729070208407
choque_10pct_permanente,permanente,0.9,0.09999999999999998,True,92,133,22,10522860.140870899,0.09417674898830618,0.2579471708748786,0.19638165998972912,-0.00415280569104567
choque_10pct_permanente,permanente,0.9,0.09999999999999998,True,92,133,23,10157088.842376431,0.10806130904033573,0.22904782253703604,0.2198063078353947,-0.027824978385512556
choque_10pct_permanente,permanente,0.9,0.09999999999999998,True,92,133,24,9954027.927985374,0.11056826861200816,0.18932625637511746,0.2246282538966434,-0.04884331631823188
choque_10pct_permanente,permanente,0.9,0.09999999999999998,True,92,133,25,10007345.551972745,0.09992027510740516,0.15002060109523674,0.21752214172821507,-0.06618363656715627
choque_10pct_permanente,permanente,0.9,0.09999999999999998,True,93,134,0,7609597.0,0.138,0.03,0.12063832026847152,0.010583740505574736
choque_10pct_permanente,permanente,0.9,0.09999999999999998,True,93,134,1,7652724.38733265,0.14039181650999813,0.030000000000000027,0.11859183719691781,0.007984885903803248
choque_10pct_permanente,permanente,0.9,0.09999999999999998,True,93,134,2,7798098.989714469,0.13522810176033073,0.0241804149381053,0.12052631703445287,0.0040433509135451556
choque_10pct_permanente,permanente,0.9,0.09999999999999998,True,93,134,3,8048611.260242105,0.1255889199486209,0.02682862022488619,0.11183314389958024,0.004645982787195535
choque_10pct_permanente,permanente,0.9,0.09999999999999998,True,93,134,4,8387757.11730165,0.1095433858285508,0.029893537236607592,0.10429907243203539,0.003134140866338429
choque_10pct_permanente,permanente,0.9,0.09999999999999998,True,93,134,5,8681025.194765689,0.09057970332805447,0.04734563533708691,0.09293905535716916,0.010375648995879963
choque_10pct_permanente,permanente,0.9,0.09999999999999998,True,93,134,6,8848791.784932226,0.08338026222259973,0.06975282745842071,0.09163019825340772,0.012750563014920004
choque_10pct_permanente,permanente,0.9,0.09999999999999998,True,93,134,7,9017908.214503009,0.08591208967232886,0.09967244297971156,0.09904565933781218,0.014059954038519036
choque_10pct_permanente,permanente,0.9,0.09999999999999998,True,93,134,8,8941414.427145556,0.09904565547930365,0.12048229391161791,0.11901537390020778,0.01357971592389094
choque_10pct_permanente,permanente,0.9,0.09999999999999998,True,93,134,9,8794542.564700428,0.11821676660852722,0.13014436493108916,0.1434698961187513,0.005396119048336462
choque_10pct_permanente,permanente,0.9,0.09999999999999998,True,93,134,10,8529249.623950806,0.13884852609099574,0.12143181131136527,0.1687507318626522,-0.0033776057742180123
choque_10pct_permanente,permanente,0.9,0.09999999999999998,True,93,134,11,8348007.414031692,0.14828669228033978,0.10290435075691007,0.1828191542436384,-0.017977585759724427
choque_10pct_permanente,permanente,0.9,0.09999999999999998,True,93,134,12,8336278.5338867875,0.1487268244383788,0.07691215472986612,0.18607249264890743,-0.02878351373765896
choque_10pct_permanente,permanente,0.9,0.09999999999999998,True,93,134,13,8420137.555890419,0.14150340441768466,0.05247245867236816,0.18201999462675347,-0.03704967506980431
choque_10pct_permanente,permanente,0.9,0.09999999999999998,True,93,134,14,8862704.82680847,0.11908847631309284,0.03384947084610079,0.1647671375812362,-0.040698659823480976
choque_10pct_permanente,permanente,0.9,0.09999999999999998,True,93,134,15,9431111.540722487,0.09407201872785965,0.029205950022331617,0.14330823594536482,-0.0332294581988397
choque_10pct_permanente,permanente,0.9,0.09999999999999998,True,93,134,16,9827688.064948343,0.07065009206710916,0.04220251506903261,0.1283248668825824,-0.0251937624135735
choque_10pct_permanente,permanente,0.9,0.09999999999999998,True,93,134,17,10224687.77059604,0.05592459909107968,0.07700658552231432,0.1178210213123187,-0.0180622926775786
choque_10pct_permanente,permanente,0.9,0.09999999999999998,True,93,134,18,10552975.450577917,0.053499533546547184,0.1303340721600592,0.11749498773724609,-0.007342846651515989
choque_10pct_permanente,permanente,0.9,0.09999999999999998,True,93,134,19,10807460.850349227,0.0569219753139225,0.1862418907493395,0.13028139061235938,0.0051339724482783854
choque_10pct_permanente,permanente,0.9,0.09999999999999998,True,93,134,20,10922485.746176092,0.060420472738499195,0.2297494646854954,0.14668362990733347,0.007467045994633233
choque_10pct_permanente,permanente,0.9,0.09999999999999998,True,93,134,21,10938808.359691393,0.06838220298855299,0.2560565919460567,0.16086219261113927,0.007892657745720838
choque_10pct_permanente,permanente,0.9,0.09999999999999998,True,93,134,22,10741853.718152981,0.07792188202672505,0.25917615164865393,0.18284739791966248,-0.003757532240155073
choque_10pct_permanente,permanente,0.9,0.09999999999999998,True,93,134,23,10481825.745027328,0.09237928428875918,0.24508312946607802,0.2008195317061318,-0.01919967837983587
choque_10pct_permanente,permanente,0.9,0.09999999999999998,True,93,134,24,10273591.561329458,0.09954319557222623,0.21417620973832685,0.2146698532600915,-0.036073365277719364
choque_10pct_permanente,permanente,0.9,0.09999999999999998,True,93,134,25,10246947.27611645,0.09241297576271641,0.18064057141476564,0.21213999100586123,-0.051972079369677716
choque_10pct_permanente,permanente,0.9,0.09999999999999998,True,94,135,0,7609597.0,0.138,0.03,0.12063832026847152,0.010583740505574736
choque_10pct_permanente,permanente,0.9,0.09999999999999998,True,94,135,1,7652724.38733265,0.14039181650999813,0.030000000000000027,0.11859183719691781,0.007984885903803248
choque_10pct_permanente,permanente,0.9,0.09999999999999998,True,94,135,2,7814558.009882068,0.13522708141572493,0.02416989095586297,0.12054108862533205,0.0012728111507551688
choque_10pct_permanente,permanente,0.9,0.09999999999999998,True,94,135,3,8076496.256585935,0.1242160764431626,0.026895033381705735,0.11156298160437003,0.003305740956036101
choque_10pct_permanente,permanente,0.9,0.09999999999999998,True,94,135,4,8386552.982165404,0.10785965708358848,0.030525618130137655,0.10333090132562817,0.007313327755591004
choque_10pct_permanente,permanente,0.9,0.09999999999999998,True,94,135,5,8694545.62691295,0.09369969911763991,0.047319194114241236,0.09597608464094441,0.011535441187618716
choque_10pct_permanente,permanente,0.9,0.09999999999999998,True,94,135,6,8762646.978448903,0.09104905970014614,0.06839768679198288,0.09961575345403784,0.012135824947110156
choque_10pct_permanente,permanente,0.9,0.09999999999999998,True,94,135,7,8752419.509543939,0.10271870211362118,0.09252391469806276,0.11230352779073541,0.013401606119138024
choque_10pct_permanente,permanente,0.9,0.09999999999999998,True,94,135,8,8714700.487896418,0.11249168700645483,0.10386928741904922,0.13274631457972438,0.010159461767605226
choque_10pct_permanente,permanente,0.9,0.09999999999999998,True,94,135,9,8576817.990332345,0.12455465657523872,0.10748273031173716,0.14868386525322974,0.0031039950815484733
choque_10pct_permanente,permanente,0.9,0.09999999999999998,True,94,135,10,8459607.998366555,0.13503945871997916,0.0994777487384284,0.1639378272441022,-0.007532143894781602
choque_10pct_permanente,permanente,0.9,0.09999999999999998,True,94,135,11,8382616.102136696,0.13977782453114387,0.08503550990048381,0.17299237107816212,-0.02006042855061527
choque_10pct_permanente,permanente,0.9,0.09999999999999998,True,94,135,12,8472893.155191842,0.13695410181966639,0.06606588159942106,0.17307736455122832,-0.02800734859706108
choque_10pct_permanente,permanente,0.9,0.09999999999999998,True,94,135,13,8803430.802026657,0.11949193527519988,0.050345981706942045,0.161393566519956,-0.0338938365187854
choque_10pct_permanente,permanente,0.9,0.09999999999999998,True,94,135,14,9300915.4270089,0.09376545600896624,0.044521649862917956,0.14172140810173123,-0.029835658354615487
choque_10pct_permanente,permanente,0.9,0.09999999999999998,True,94,135,15,9811939.104010895,0.06935287919306704,0.055390364551433535,0.12389002882781788,-0.019323895345441433
choque_10pct_permanente,permanente,0.9,0.09999999999999998,True,94,135,16,10078365.971864691,0.057709985833056233,0.08765316839353554,0.11583228924080316,-0.012976789707943383
choque_10pct_permanente,permanente,0.9,0.09999999999999998,True,94,135,17,10304190.447721848,0.06189442906622629,0.13448088896256083,0.12094561180553924,-0.005926595801686853
choque_10pct_permanente,permanente,0.9,0.09999999999999998,True,94,135,18,10478324.13450099,0.06563652195080176,0.17509768252008873,0.13917470188735787,-0.0013126899977260202
choque_10pct_permanente,permanente,0.9,0.09999999999999998,True,94,135,19,10651037.678009795,0.06551247056976917,0.20597168512526687,0.14746948670432986,0.004759625076711975
choque_10pct_permanente,permanente,0.9,0.09999999999999998,True,94,135,20,10622352.834005862,0.06894446232139895,0.22597114756364545,0.1588695209898033,0.0025610388804684103
choque_10pct_permanente,permanente,0.9,0.09999999999999998,True,94,135,21,10445709.628870754,0.08477658856035358,0.2323421081513637,0.1788007449277929,-0.006711898240804723
choque_10pct_permanente,permanente,0.9,0.09999999999999998,True,94,135,22,10230331.315526433,0.09700382898318254,0.21691553622554727,0.20244635638005917,-0.022506400565760008
choque_10pct_permanente,permanente,0.9,0.09999999999999998,True,94,135,23,10127222.629901815,0.09802351970112642,0.19160577013863445,0.20737201575471126,-0.03820044502979773
choque_10pct_permanente,permanente,0.9,0.09999999999999998,True,94,135,24,10212509.609689621,0.08877303030922012,0.16408950784915066,0.2013128210043578,-0.04685422608260671
choque_10pct_permanente,permanente,0.9,0.09999999999999998,True,94,135,25,10520866.347554548,0.06954919361201778,0.14592583053595432,0.18618860182015817,-0.05060415869428517
choque_10pct_permanente,permanente,0.9,0.09999999999999998,True,95,136,0,7609597.0,0.138,0.03,0.12063832026847152,0.010583740505574736
choque_10pct_permanente,permanente,0.9,0.09999999999999998,True,95,136,1,7652724.38733265,0.14039181650999813,0.030000000000000027,0.11859183719691781,0.007984885903803248
choque_10pct_permanente,permanente,0.9,0.09999999999999998,True,95,136,2,7791841.006889455,0.13522708141572493,0.02416993713401272,0.12054171548594818,0.0015157794382182946
choque_10pct_permanente,permanente,0.9,0.09999999999999998,True,95,136,3,8081011.821040164,0.12322916479603245,0.026898449786931566,0.11010989397625592,0.006030762642024128
choque_10pct_permanente,permanente,0.9,0.09999999999999998,True,95,136,4,8434833.621726869,0.1048644735683798,0.030979533433947326,0.10127758298797512,0.006380445045708283
choque_10pct_permanente,permanente,0.9,0.09999999999999998,True,95,136,5,8690397.620315593,0.08992650012276364,0.049746506475055075,0.09234552811083858,0.012517491372179777
choque_10pct_permanente,permanente,0.9,0.09999999999999998,True,95,136,6,8871627.639452377,0.08514363191780504,0.07315933216690174,0.09384538251781527,0.014101094787487582
choque_10pct_permanente,permanente,0.9,0.09999999999999998,True,95,136,7,8887113.5468619,0.09441594743808365,0.10124949847045284,0.10564928029305992,0.015515518383935627
choque_10pct_permanente,permanente,0.9,0.09999999999999998,True,95,136,8,8797746.192824664,0.10977682661513688,0.11704733411114332,0.1286673283865585,0.012312916093022852
choque_10pct_permanente,permanente,0.9,0.09999999999999998,True,95,136,9,8650984.705637733,0.12419497720790915,0.1202308040298361,0.14930917097241478,0.004282005512131268
choque_10pct_permanente,permanente,0.9,0.09999999999999998,True,95,136,10,8468929.11209073,0.1376232203738831,0.10994977849545129,0.1671673185331622,-0.006926953866361965
choque_10pct_permanente,permanente,0.9,0.09999999999999998,True,95,136,11,8335353.895689599,0.1468716172963362,0.09092460685935055,0.1796950434667284,-0.02087595706371926
choque_10pct_permanente,permanente,0.9,0.09999999999999998,True,95,136,12,8344587.976816898,0.1457785020470092,0.06735612428043591,0.1825858694460703,-0.03245955956262659
choque_10pct_permanente,permanente,0.9,0.09999999999999998,True,95,136,13,8592001.753691263,0.1306535022564674,0.04714837670708305,0.1709514364404267,-0.03801073977706353
choque_10pct_permanente,permanente,0.9,0.09999999999999998,True,95,136,14,9173240.749880208,0.10311627441818433,0.03546747285574714,0.14884229847220956,-0.03220946682860405
choque_10pct_permanente,permanente,0.9,0.09999999999999998,True,95,136,15,9616244.474354597,0.078177643076378,0.04072649216615787,0.13099906810022555,-0.024114343983845214
choque_10pct_permanente,permanente,0.9,0.09999999999999998,True,95,136,16,9927593.037787262,0.06304078302019671,0.0651738873535026,0.12150296014699419,-0.019731153012369426
choque_10pct_permanente,permanente,0.9,0.09999999999999998,True,95,136,17,10248054.101856211,0.061683669560499796,0.1081671023585753,0.12089646203037271,-0.01142686875080131
choque_10pct_permanente,permanente,0.9,0.09999999999999998,True,95,136,18,10437222.74613233,0.06533674600033593,0.15204084844381272,0.1341769156814095,-0.006177706953029525
choque_10pct_permanente,permanente,0.9,0.09999999999999998,True,95,136,19,10573231.880354226,0.06865163323588874,0.18751490522221315,0.1471627432896572,-0.00027592574474823086
choque_10pct_permanente,permanente,0.9,0.09999999999999998,True,95,136,20,10658619.886111412,0.06700873851139305,0.20961723286770928,0.15670362507046628,0.0014179978385215012
choque_10pct_permanente,permanente,0.9,0.09999999999999998,True,95,136,21,10660981.558453552,0.07023205096095309,0.22483856975890482,0.16396257063728156,-0.005361350344418631
choque_10pct_permanente,permanente,0.9,0.09999999999999998,True,95,136,22,10630168.072759764,0.07775100815332961,0.22664671798271674,0.17803675961941803,-0.011571181683474381
choque_10pct_permanente,permanente,0.9,0.09999999999999998,True,95,136,23,10508271.251440685,0.0819138752365521,0.2167520387367301,0.1919123008231863,-0.020060025757805446
choque_10pct_permanente,permanente,0.9,0.09999999999999998,True,95,136,24,10433606.086235385,0.08357245287766787,0.20027960181218796,0.198545572901523,-0.033746704366285026
choque_10pct_permanente,permanente,0.9,0.09999999999999998,True,95,136,25,10584809.442500276,0.07615810293859909,0.18147647318498494,0.19594708968207503,-0.040402257162748624
choque_10pct_permanente,permanente,0.9,0.09999999999999998,True,96,137,0,7609597.0,0.138,0.03,0.12063832026847152,0.010583740505574736
choque_10pct_permanente,permanente,0.9,0.09999999999999998,True,96,137,1,7652724.38733265,0.14039181650999813,0.030000000000000027,0.11859183719691781,0.007984885903803248
choque_10pct_permanente,permanente,0.9,0.09999999999999998,True,96,137,2,7813027.885430509,0.13522708432242495,0.024179061925142076,0.12049817557678394,0.0031318405278757608
choque_10pct_permanente,permanente,0.9,0.09999999999999998,True,96,137,3,8040872.652646854,0.12468852058595005,0.026848908663881232,0.11206414546989411,0.005599839883894634
choque_10pct_permanente,permanente,0.9,0.09999999999999998,True,96,137,4,8406439.841158686,0.10919936659850601,0.030339077686677873,0.1046511731072642,0.006451696617850414
choque_10pct_permanente,permanente,0.9,0.09999999999999998,True,96,137,5,8601634.28396562,0.09489468904755385,0.046648727713339166,0.0978570509006173,0.009891295970692852
choque_10pct_permanente,permanente,0.9,0.09999999999999998,True,96,137,6,8741906.942617549,0.09284300032174785,0.06636376101613584,0.09998515923064731,0.011045381021635414
choque_10pct_permanente,permanente,0.9,0.09999999999999998,True,96,137,7,8838610.684882985,0.0964605028379581,0.0892152805079578,0.1091249504317807,0.011098951938578211
choque_10pct_permanente,permanente,0.9,0.09999999999999998,True,96,137,8,8834526.277178572,0.10482040415483979,0.10560576622789841,0.12373023084439508,0.008915201222689085
choque_10pct_permanente,permanente,0.9,0.09999999999999998,True,96,137,9,8747917.847263766,0.11666957479528432,0.1127720778871737,0.14064752188795238,0.001623135144518397
choque_10pct_permanente,permanente,0.9,0.09999999999999998,True,96,137,10,8624937.899961296,0.12645178664808718,0.10815661957362277,0.15705901277174147,-0.004219453492414407
choque_10pct_permanente,permanente,0.9,0.09999999999999998,True,96,137,11,8561779.298942775,0.13286110092831613,0.09539476183681628,0.1675587294570222,-0.011967618718165153
choque_10pct_permanente,permanente,0.9,0.09999999999999998,True,96,137,12,8544962.979951475,0.13429664892021387,0.07870761811355953,0.1728818597180359,-0.023265126722333572
choque_10pct_permanente,permanente,0.9,0.09999999999999998,True,96,137,13,8673326.807587368,0.1251632748325024,0.06337555192202249,0.16873652718209817,-0.032346889331580225
choque_10pct_permanente,permanente,0.9,0.09999999999999998,True,96,137,14,9044220.693719048,0.10612637925751517,0.05284951884454059,0.15416818341172847,-0.032237895256470354
choque_10pct_permanente,permanente,0.9,0.09999999999999998,True,96,137,15,9545757.323605398,0.08242824734879083,0.054297833983179,0.1365516459380938,-0.025292552802200743
choque_10pct_permanente,permanente,0.9,0.09999999999999998,True,96,137,16,10010693.213620454,0.062119664251016664,0.07339110478145106,0.12219810254403558,-0.019053095968321884
choque_10pct_permanente,permanente,0.9,0.09999999999999998,True,96,137,17,10273267.486241339,0.05329964064251657,0.11406382504707713,0.11630829446534703,-0.008110155799991574
choque_10pct_permanente,permanente,0.9,0.09999999999999998,True,96,137,18,10522816.45526002,0.05666202174047865,0.1656547944238036,0.12332350644191431,0.0023582196909443993
choque_10pct_permanente,permanente,0.9,0.09999999999999998,True,96,137,19,10646799.268671423,0.06777269669580244,0.20825432771904318,0.14534979253632913,0.006619147122699607
choque_10pct_permanente,permanente,0.9,0.09999999999999998,True,96,137,20,10590914.707781987,0.07890377671207278,0.2286280949121,0.16867998298154932,0.0015195005869759449
choque_10pct_permanente,permanente,0.9,0.09999999999999998,True,96,137,21,10441381.439010749,0.08630523445415124,0.22824639599798546,0.1839611303579845,-0.007851671957061861
choque_10pct_permanente,permanente,0.9,0.09999999999999998,True,96,137,22,10256184.370981513,0.09243873148543645,0.21246120658054912,0.19576358077564954,-0.021842531884512954
choque_10pct_permanente,permanente,0.9,0.09999999999999998,True,96,137,23,10169586.129992915,0.09722061559208868,0.18849630174148313,0.20368194616919136,-0.03651412772636835
choque_10pct_permanente,permanente,0.9,0.09999999999999998,True,96,137,24,10134465.852062326,0.0943677483996655,0.16123165606985568,0.20665886893964389,-0.049366226330839966
choque_10pct_permanente,permanente,0.9,0.09999999999999998,True,96,137,25,10473414.701785313,0.0768866089878828,0.1395620914908695,0.1930690405350143,-0.05366824855733319
choque_10pct_permanente,permanente,0.9,0.09999999999999998,True,97,138,0,7609597.0,0.138,0.03,0.12063832026847152,0.010583740505574736
choque_10pct_permanente,permanente,0.9,0.09999999999999998,True,97,138,1,7652724.38733265,0.14039181650999813,0.030000000000000027,0.11859183719691781,0.007984885903803248
choque_10pct_permanente,permanente,0.9,0.09999999999999998,True,97,138,2,7792516.673478031,0.13522708141572493,0.02417133521630066,0.12050939138616175,0.0021572772662048624
choque_10pct_permanente,permanente,0.9,0.09999999999999998,True,97,138,3,8087776.762550788,0.12326248517856582,0.02690406073487961,0.11054110655687731,0.004331462366566635
choque_10pct_permanente,permanente,0.9,0.09999999999999998,True,97,138,4,8417668.149880655,0.10671053746039795,0.030957958271249364,0.10219570201673295,0.008306399212989061
choque_10pct_permanente,permanente,0.9,0.09999999999999998,True,97,138,5,8637118.314936096,0.09069686119011057,0.04859460800972837,0.09424570635993758,0.009825504506996699
choque_10pct_permanente,permanente,0.9,0.09999999999999998,True,97,138,6,8864341.99973555,0.08539138033867798,0.07190073049922274,0.0929924087413833,0.01120041291759798
choque_10pct_permanente,permanente,0.9,0.09999999999999998,True,97,138,7,8987868.828865172,0.0879445305185381,0.10014978706781852,0.10098774999880104,0.010473731100715257
choque_10pct_permanente,permanente,0.9,0.09999999999999998,True,97,138,8,9002860.673688326,0.09620655620949725,0.1208535543060183,0.1164051171390862,0.014100120232305339
choque_10pct_permanente,permanente,0.9,0.09999999999999998,True,97,138,9,8841638.342217423,0.11215710564997138,0.1314323459010973,0.13765623665818014,0.009335103906717981
choque_10pct_permanente,permanente,0.9,0.09999999999999998,True,97,138,10,8623027.6088814,0.12826310650978395,0.1263252701288735,0.16116629337664656,-0.0011147970321851905
choque_10pct_permanente,permanente,0.9,0.09999999999999998,True,97,138,11,8460549.896278357,0.14212712385655277,0.10924409115273925,0.17779354715850937,-0.012701981846841924
choque_10pct_permanente,permanente,0.9,0.09999999999999998,True,97,138,12,8278439.400605934,0.15170187153396975,0.08509382602811577,0.19100557909538748,-0.030847340806437275
choque_10pct_permanente,permanente,0.9,0.09999999999999998,True,97,138,13,8378833.364329473,0.14565428270245287,0.05930806908994457,0.18784495713090965,-0.041818489127035424
choque_10pct_permanente,permanente,0.9,0.09999999999999998,True,97,138,14,8731605.300323594,0.12932494167312372,0.03769264876798917,0.17263683744329922,-0.04287336992946463
choque_10pct_permanente,permanente,0.9,0.09999999999999998,True,97,138,15,9266308.078742871,0.10157388882472132,0.02686051194819039,0.15171542101025254,-0.03849909797229794
choque_10pct_permanente,permanente,0.9,0.09999999999999998,True,97,138,16,9857187.483543333,0.07225131024294729,0.03361058376051829,0.13143956042230467,-0.03164279197071358
choque_10pct_permanente,permanente,0.9,0.09999999999999998,True,97,138,17,10194121.449522791,0.05775694640937279,0.06555805493530431,0.11891118426856381,-0.02175207317809392
choque_10pct_permanente,permanente,0.9,0.09999999999999998,True,97,138,18,10477861.910253225,0.055647476741054164,0.11684913080652137,0.12009109696412346,-0.010253198011648043
choque_10pct_permanente,permanente,0.9,0.09999999999999998,True,97,138,19,10670171.701125292,0.06086984951031548,0.17126562219463226,0.13385429090951878,-0.0025025980337459847
choque_10pct_permanente,permanente,0.9,0.09999999999999998,True,97,138,20,10872371.392764058,0.06385525377232998,0.21264711534245095,0.14892385700636646,0.005473942081238876
choque_10pct_permanente,permanente,0.9,0.09999999999999998,True,97,138,21,10945059.730596822,0.061194712361820856,0.2391484217139026,0.1578428752653937,0.003106827257851923
choque_10pct_permanente,permanente,0.9,0.09999999999999998,True,97,138,22,10883837.767262973,0.0686259174778108,0.25582828418847425,0.16613948383346025,0.0011942753207688144
choque_10pct_permanente,permanente,0.9,0.09999999999999998,True,97,138,23,10766112.079700237,0.07566982026537707,0.2529864554310519,0.18689195132097675,-0.009282476439791586
choque_10pct_permanente,permanente,0.9,0.09999999999999998,True,97,138,24,10605179.081025269,0.08286875970491761,0.23919384441964264,0.19834477548982293,-0.02295719533465487
choque_10pct_permanente,permanente,0.9,0.09999999999999998,True,97,138,25,10515524.253540894,0.08714167443749136,0.214861192742682,0.20714234409629106,-0.03704365656476877
choque_10pct_permanente,permanente,0.9,0.09999999999999998,True,98,139,0,7609597.0,0.138,0.03,0.12063832026847152,0.010583740505574736
choque_10pct_permanente,permanente,0.9,0.09999999999999998,True,98,139,1,7652724.38733265,0.14039181650999813,0.030000000000000027,0.11859183719691781,0.007984885903803248
choque_10pct_permanente,permanente,0.9,0.09999999999999998,True,98,139,2,7791176.984601235,0.13522708141572493,0.024176573067919094,0.12056388131881558,0.0029782509548097824
choque_10pct_permanente,permanente,0.9,0.09999999999999998,True,98,139,3,8077587.527142993,0.12298341873572093,0.026879518518780676,0.11085046237074993,0.006609840584271137
choque_10pct_permanente,permanente,0.9,0.09999999999999998,True,98,139,4,8396773.557631504,0.1074262511673506,0.031023745620961884,0.10331439728094882,0.005231938978961271
choque_10pct_permanente,permanente,0.9,0.09999999999999998,True,98,139,5,8620749.046138836,0.09371299524587058,0.04873416536998176,0.09554553308107011,0.012149307661541032
choque_10pct_permanente,permanente,0.9,0.09999999999999998,True,98,139,6,8850558.202889316,0.08653076222665523,0.06911467692740536,0.09617683730709775,0.012231919155129105
choque_10pct_permanente,permanente,0.9,0.09999999999999998,True,98,139,7,8875380.390180102,0.09303167459882303,0.09724638485597303,0.10496610389317618,0.01515943601660147
choque_10pct_permanente,permanente,0.9,0.09999999999999998,True,98,139,8,8787134.42478177,0.10853876923538378,0.11370496730113189,0.127245914928029,0.011294904624556627
choque_10pct_permanente,permanente,0.9,0.09999999999999998,True,98,139,9,8624741.998926828,0.12439186380193837,0.11879898845281844,0.1490728209489046,0.004125750175751619
choque_10pct_permanente,permanente,0.9,0.09999999999999998,True,98,139,10,8479495.662161665,0.13528059111026677,0.108833455437219,0.16588649874278102,-0.007844833512016272
choque_10pct_permanente,permanente,0.9,0.09999999999999998,True,98,139,11,8419888.244732888,0.13976168741073433,0.09247222540950184,0.17398948787043497,-0.019479884906806064
choque_10pct_permanente,permanente,0.9,0.09999999999999998,True,98,139,12,8383689.089817729,0.1416409706211661,0.07211854725079236,0.1781387734930083,-0.029782186228131547
choque_10pct_permanente,permanente,0.9,0.09999999999999998,True,98,139,13,8609423.695744842,0.12635014761914334,0.05361874898807195,0.1684509435524675,-0.03451621520197317
choque_10pct_permanente,permanente,0.9,0.09999999999999998,True,98,139,14,9198459.145623066,0.10063059900004671,0.04289746324442012,0.14637994418729186,-0.02943334766066282
choque_10pct_permanente,permanente,0.9,0.09999999999999998,True,98,139,15,9594296.417435765,0.0760135257899026,0.04846343437612988,0.12997420814673066,-0.023343743278517234
choque_10pct_permanente,permanente,0.9,0.09999999999999998,True,98,139,16,10040816.536584347,0.05738990789707142,0.07357456435705712,0.1172531839452276,-0.018548583426344058
choque_10pct_permanente,permanente,0.9,0.09999999999999998,True,98,139,17,10342715.627089974,0.05420583510576967,0.12051317470107303,0.11406467324340692,-0.00906726121824032
choque_10pct_permanente,permanente,0.9,0.09999999999999998,True,98,139,18,10573220.703897737,0.05873244563781081,0.1717139755310757,0.1284462311821879,4.054225298423776e-05
choque_10pct_permanente,permanente,0.9,0.09999999999999998,True,98,139,19,10620451.963157076,0.06925692374154464,0.2127426646984909,0.1477944717598301,0.005778980574975875
choque_10pct_permanente,permanente,0.9,0.09999999999999998,True,98,139,20,10594675.984282067,0.07585469181180414,0.23107987598598845,0.16740878387733604,0.0014690397060920552
choque_10pct_permanente,permanente,0.9,0.09999999999999998,True,98,139,21,10497504.707806852,0.08218936885260267,0.23171856329301255,0.17898306669119218,-0.0077177357374031115
choque_10pct_permanente,permanente,0.9,0.09999999999999998,True,98,139,22,10253618.619793534,0.09272370474699324,0.2163626858505283,0.195320954628476,-0.021159755303842856
choque_10pct_permanente,permanente,0.9,0.09999999999999998,True,98,139,23,10224323.576675808,0.09114674486047739,0.19241313772003643,0.20195127459238613,-0.03577913035689513
choque_10pct_permanente,permanente,0.9,0.09999999999999998,True,98,139,24,10347928.06738709,0.08149370016321028,0.1691909883291567,0.1945347091683801,-0.04498819004903883
choque_10pct_permanente,permanente,0.9,0.09999999999999998,True,98,139,25,10644846.323609617,0.06609754926628826,0.15403996091200556,0.18266941112794197,-0.04539925917402632
choque_10pct_permanente,permanente,0.9,0.09999999999999998,True,99,140,0,7609597.0,0.138,0.03,0.12063832026847152,0.010583740505574736
choque_10pct_permanente,permanente,0.9,0.09999999999999998,True,99,140,1,7652724.38733265,0.14039181650999813,0.030000000000000027,0.11859183719691781,0.007984885903803248
choque_10pct_permanente,permanente,0.9,0.09999999999999998,True,99,140,2,7795327.83536456,0.13522708141572493,0.024174051391479878,0.12047902239624562,0.0026796102647845804
choque_10pct_permanente,permanente,0.9,0.09999999999999998,True,99,140,3,8075055.299517041,0.12307489409115986,0.026902124736925215,0.11074995544754243,0.007937866252290222
choque_10pct_permanente,permanente,0.9,0.09999999999999998,True,99,140,4,8390549.284744043,0.10692613401726477,0.031011507185691123,0.10355406861179088,0.008436292792070154
choque_10pct_permanente,permanente,0.9,0.09999999999999998,True,99,140,5,8604925.75914716,0.09595998489820382,0.04742018648009383,0.09817391952941348,0.011488729373016737
choque_10pct_permanente,permanente,0.9,0.09999999999999998,True,99,140,6,8734820.09437062,0.09347434196771455,0.0674934314630069,0.10153456531277805,0.01028784511519001
choque_10pct_permanente,permanente,0.9,0.09999999999999998,True,99,140,7,8814924.339729978,0.09942369981203764,0.0895096017409005,0.11072560646685412,0.010560385882665252
choque_10pct_permanente,permanente,0.9,0.09999999999999998,True,99,140,8,8853457.79157551,0.10484423035855436,0.10390724076357749,0.12363345985772439,0.011034486761776699
choque_10pct_permanente,permanente,0.9,0.09999999999999998,True,99,140,9,8783187.325319171,0.11003037455088606,0.1104818660869773,0.13759924849683153,0.0047474192997230096
choque_10pct_permanente,permanente,0.9,0.09999999999999998,True,99,140,10,8678087.128711618,0.12218444984575123,0.10956172139818676,0.15305592180038843,-0.004703573943394332
choque_10pct_permanente,permanente,0.9,0.09999999999999998,True,99,140,11,8527417.342089565,0.134422038608926,0.09915581852031874,0.16954650178997227,-0.014205730511258204
choque_10pct_permanente,permanente,0.9,0.09999999999999998,True,99,140,12,8498064.13995488,0.13548017464214065,0.08391399778081854,0.17573219013349908,-0.024837881293749163
choque_10pct_permanente,permanente,0.9,0.09999999999999998,True,99,140,13,8633580.32245853,0.1305926149198985,0.06688793805811044,0.17175247483396838,-0.032358978942197365
choque_10pct_permanente,permanente,0.9,0.09999999999999998,True,99,140,14,8926486.866071846,0.11481415270199596,0.053348473851572376,0.16100641632184273,-0.03295774556370759
choque_10pct_permanente,permanente,0.9,0.09999999999999998,True,99,140,15,9551327.436855668,0.08303412940883279,0.04883645128840941,0.1396281593347695,-0.02973192665870676
choque_10pct_permanente,permanente,0.9,0.09999999999999998,True,99,140,16,10009018.998074096,0.05905565173838313,0.06740080114549496,0.11982560041922327,-0.018295898621890582
choque_10pct_permanente,permanente,0.9,0.09999999999999998,True,99,140,17,10345611.841075527,0.0504846724652454,0.10966585569634546,0.11251750939228879,-0.008575073522770805
choque_10pct_permanente,permanente,0.9,0.09999999999999998,True,99,140,18,10493646.273331508,0.05908884877532688,0.16652991402830342,0.12396487693223708,0.0026783000458864476
choque_10pct_permanente,permanente,0.9,0.09999999999999998,True,99,140,19,10549658.619591376,0.07462250965920075,0.20697978805199768,0.15325199760413516,0.0027306594448731625
choque_10pct_permanente,permanente,0.9,0.09999999999999998,True,99,140,20,10616311.60932229,0.07687218392413418,0.223255908176488,0.16867250542127618,0.0006359492782057303
choque_10pct_permanente,permanente,0.9,0.09999999999999998,True,99,140,21,10522712.458187783,0.07388614452289294,0.22508111934736696,0.17286501356925135,-0.007104263795466646
choque_10pct_permanente,permanente,0.9,0.09999999999999998,True,99,140,22,10394563.337381436,0.08262747266469363,0.21864887586878168,0.18295330219524109,-0.016317978970047217
choque_10pct_permanente,permanente,0.9,0.09999999999999998,True,99,140,23,10309211.628883045,0.08911856813673066,0.20136899217640525,0.19946448970759778,-0.03173294235926846
choque_10pct_permanente,permanente,0.9,0.09999999999999998,True,99,140,24,10304568.22506074,0.08844663145660182,0.1818932382056293,0.20047266986203305,-0.04091251664831792
choque_10pct_permanente,permanente,0.9,0.09999999999999998,True,99,140,25,10649135.61718414,0.06725267005260169,0.1625078061295553,0.18742104396049047,-0.043363365317738906
choque_10pct_permanente,permanente,0.9,0.09999999999999998,True,100,141,0,7609597.0,0.138,0.03,0.12063832026847152,0.010583740505574736
choque_10pct_permanente,permanente,0.9,0.09999999999999998,True,100,141,1,7652724.38733265,0.14039181650999813,0.030000000000000027,0.11859183719691781,0.007984885903803248
choque_10pct_permanente,permanente,0.9,0.09999999999999998,True,100,141,2,7822240.22552026,0.13522711927864675,0.02419579929599891,0.12044990292903582,0.0077188554837203625
choque_10pct_permanente,permanente,0.9,0.09999999999999998,True,100,141,3,7988013.693750611,0.1261973454419161,0.02679736935593513,0.11425573544146683,0.004003712692359937
choque_10pct_permanente,permanente,0.9,0.09999999999999998,True,100,141,4,8321407.764512992,0.11294184618736966,0.02967880280855928,0.106573375233791,0.004700691061358224
choque_10pct_permanente,permanente,0.9,0.09999999999999998,True,100,141,5,8639131.409077283,0.09433945491698596,0.04393676244990097,0.0969252311735819,0.010379103129460459
choque_10pct_permanente,permanente,0.9,0.09999999999999998,True,100,141,6,8834317.959993513,0.08620118022319145,0.06590364772325641,0.09429282751466896,0.010501781709462157
choque_10pct_permanente,permanente,0.9,0.09999999999999998,True,100,141,7,8908142.174620155,0.08852944037279604,0.09395523556794183,0.1009666670511546,0.017658547026088437
choque_10pct_permanente,permanente,0.9,0.09999999999999998,True,100,141,8,8855488.108315619,0.1005426684057634,0.11491936919437862,0.1201070691159096,0.013200380388819601
choque_10pct_permanente,permanente,0.9,0.09999999999999998,True,100,141,9,8706838.286450258,0.1196894307720118,0.12382991063708526,0.14372665601263865,0.008091866433777767
choque_10pct_permanente,permanente,0.9,0.09999999999999998,True,100,141,10,8534406.555051355,0.1331043966353479,0.11643522648274773,0.16540950445900143,-0.006161005177360532
choque_10pct_permanente,permanente,0.9,0.09999999999999998,True,100,141,11,8411500.334062034,0.14394229254932114,0.09920914847364526,0.1776245707030263,-0.018784134864361896
choque_10pct_permanente,permanente,0.9,0.09999999999999998,True,100,141,12,8420526.964647003,0.1457164441710286,0.07625462221922619,0.18149730687978832,-0.03064461317812208
choque_10pct_permanente,permanente,0.9,0.09999999999999998,True,100,141,13,8663990.131604455,0.13147623976127687,0.0542068709404655,0.17259193335112882,-0.03716222026333839
choque_10pct_permanente,permanente,0.9,0.09999999999999998,True,100,141,14,9031765.15694265,0.10892604808873174,0.04019546827112874,0.15561880234176115,-0.03447471326526891
choque_10pct_permanente,permanente,0.9,0.09999999999999998,True,100,141,15,9579424.094966598,0.08227112093283497,0.039665549637082353,0.1373189748601751,-0.03278880301400774
choque_10pct_permanente,permanente,0.9,0.09999999999999998,True,100,141,16,9920825.803860242,0.06646474218835506,0.060724737647474214,0.12379232764623288,-0.0240230785278196
choque_10pct_permanente,permanente,0.9,0.09999999999999998,True,100,141,17,10228019.368163439,0.058101531422343776,0.0994723222845364,0.12026375577334247,-0.015366025561223544
choque_10pct_permanente,permanente,0.9,0.09999999999999998,True,100,141,18,10553002.516560027,0.05587211357075918,0.14786504984868643,0.12367380191409291,-0.001325469409872488
choque_10pct_permanente,permanente,0.9,0.09999999999999998,True,100,141,19,10705078.420940135,0.06114318923770266,0.19702681872905026,0.13599623723546247,0.0052671666536090985
choque_10pct_permanente,permanente,0.9,0.09999999999999998,True,100,141,20,10782173.821745766,0.06785941075094373,0.2277123103513834,0.15522088948607707,0.004393684716615325
choque_10pct_permanente,permanente,0.9,0.09999999999999998,True,100,141,21,10734261.55129789,0.07354911668868523,0.2422108824278364,0.1697925644043588,-0.0006105200033306856
choque_10pct_permanente,permanente,0.9,0.09999999999999998,True,100,141,22,10595556.515322985,0.08058313697744557,0.23789737786357823,0.18426127552258206,-0.01111442210556751
choque_10pct_permanente,permanente,0.9,0.09999999999999998,True,100,141,23,10380100.892950185,0.090439739969086,0.22158864018412627,0.19970082571863748,-0.024282678485608722
choque_10pct_permanente,permanente,0.9,0.09999999999999998,True,100,141,24,10299415.118035411,0.0932359715380598,0.19514836695847393,0.20877981115218433,-0.04062456176023015
choque_10pct_permanente,permanente,0.9,0.09999999999999998,True,100,141,25,10361270.223291138,0.08421637980994945,0.1700863590460291,0.20366119357083223,-0.05232685859313672
