cenario,tipo_choque,multiplicador_produtividade,perda_produtividade,choque_permanente,simulacao,seed,periodo,pib_real,taxa_desemprego,inflacao,deficit_governo,deficit_externo
choque_05pct_temporario,temporario,0.95,0.050000000000000044,False,1,42,0,7609597.0,0.138,0.03,0.12063832026847152,0.010583740505574736
choque_05pct_temporario,temporario,0.95,0.050000000000000044,False,1,42,1,7652724.38733265,0.14039181650999813,0.030000000000000027,0.11859183719691781,0.007984885903803248
choque_05pct_temporario,temporario,0.95,0.050000000000000044,False,1,42,2,7801103.962356615,0.13522744274108023,0.02418925667905869,0.12049839550176797,0.0062871968075281755
choque_05pct_temporario,temporario,0.95,0.050000000000000044,False,1,42,3,8022931.17537678,0.12581917429507655,0.026808879878366332,0.11284390543883532,0.005699729118197142
choque_05pct_temporario,temporario,0.95,0.050000000000000044,False,1,42,4,8394049.117589632,0.11075441073636484,0.029794467562436644,0.10562257887155795,0.0052840663367776635
choque_05pct_temporario,temporario,0.95,0.050000000000000044,False,1,42,5,8591649.890566215,0.09639171052677993,0.04440762497552475,0.09800380560671738,0.008293902075954382
choque_05pct_temporario,temporario,0.95,0.050000000000000044,False,1,42,6,8792990.673340166,0.09046750288140988,0.06247675172017919,0.09726522931185304,0.011740127282162121
choque_05pct_temporario,temporario,0.95,0.050000000000000044,False,1,42,7,8920839.383584796,0.09077181070635582,0.0848959466188699,0.10317398896853101,0.013986409853355185
choque_05pct_temporario,temporario,0.95,0.050000000000000044,False,1,42,8,9007532.851065367,0.09465050980439776,0.10322077371420657,0.1144543946626014,0.012569157650610984
choque_05pct_temporario,temporario,0.95,0.050000000000000044,False,1,42,9,8961547.256006662,0.1065636369177167,0.11629573105343449,0.1298265740365316,0.009052037749881427
choque_05pct_temporario,temporario,0.95,0.050000000000000044,False,1,42,10,8855746.85514148,0.12160965819339391,0.114593750372187,0.15077946247456056,0.002015462647003318
choque_05pct_temporario,temporario,0.95,0.050000000000000044,False,1,42,11,8684468.91342141,0.13596886102225988,0.1041036707446572,0.1681188970694411,-0.008326380924691285
choque_05pct_temporario,temporario,0.95,0.050000000000000044,False,1,42,12,8590892.25010181,0.14049149892928367,0.0824714578452912,0.1791558848788788,-0.023214218716993067
choque_05pct_temporario,temporario,0.95,0.050000000000000044,False,1,42,13,8753269.188594978,0.1338865124911643,0.06291562106181536,0.17305669736011542,-0.03193159718012646
choque_05pct_temporario,temporario,0.95,0.050000000000000044,False,1,42,14,9068746.874340786,0.11662705652565993,0.04451952996492636,0.16086047771864545,-0.03449789743594756
choque_05pct_temporario,temporario,0.95,0.050000000000000044,False,1,42,15,9762412.271344507,0.08687058729797976,0.03921862587537284,0.13738208919035574,-0.023949474845478883
choque_05pct_temporario,temporario,0.95,0.050000000000000044,False,1,42,16,10216583.888760405,0.06292417041574515,0.0537454332906151,0.12012360351424939,-0.017737222365214786
choque_05pct_temporario,temporario,0.95,0.050000000000000044,False,1,42,17,10575691.0957421,0.053557304036268814,0.09410414164332193,0.11146443850327392,-0.006334116002982747
choque_05pct_temporario,temporario,0.95,0.050000000000000044,False,1,42,18,10858113.256650882,0.057141552519670666,0.14808782574329982,0.11801032353322645,0.0047826685140606295
choque_05pct_temporario,temporario,0.95,0.050000000000000044,False,1,42,19,11158087.93961511,0.06439364654478404,0.19551749976107313,0.13553830615828172,0.013351173208223547
choque_05pct_temporario,temporario,0.95,0.050000000000000044,False,1,42,20,11186446.24006189,0.06769052417517323,0.22340099347215925,0.15283371117449074,0.01299841162999202
choque_05pct_temporario,temporario,0.95,0.050000000000000044,False,1,42,21,11175363.448706768,0.0734882790050825,0.23696370346246742,0.16324542462639915,0.009921390459269515
choque_05pct_temporario,temporario,0.95,0.050000000000000044,False,1,42,22,10971653.727703609,0.0871951542667397,0.23082069457643195,0.183187183730933,-0.005123367999972288
choque_05pct_temporario,temporario,0.95,0.050000000000000044,False,1,42,23,10769080.874144703,0.09603876433096789,0.20977624035499165,0.20191507623957283,-0.023133640445817765
choque_05pct_temporario,temporario,0.95,0.050000000000000044,False,1,42,24,10679933.715309085,0.09970915118712759,0.17792659741514694,0.20723126229898153,-0.036767170168460164
choque_05pct_temporario,temporario,0.95,0.050000000000000044,False,1,42,25,10786481.216924086,0.08733905527351879,0.14715804244177266,0.20252916099487453,-0.04976004594950838
choque_05pct_temporario,temporario,0.95,0.050000000000000044,False,2,43,0,7609597.0,0.138,0.03,0.12063832026847152,0.010583740505574736
choque_05pct_temporario,temporario,0.95,0.050000000000000044,False,2,43,1,7652724.38733265,0.14039181650999813,0.030000000000000027,0.11859183719691781,0.007984885903803248
choque_05pct_temporario,temporario,0.95,0.050000000000000044,False,2,43,2,7795020.874483838,0.13522708141572493,0.024191530163762076,0.12053436588815551,0.006861983543173556
choque_05pct_temporario,temporario,0.95,0.050000000000000044,False,2,43,3,8037316.46680246,0.12476063426065676,0.026811775187928433,0.11260565842351052,0.00624820585705405
choque_05pct_temporario,temporario,0.95,0.050000000000000044,False,2,43,4,8348844.63122399,0.11108254305111744,0.030217521397929215,0.10567504655299073,0.007147843342347539
choque_05pct_temporario,temporario,0.95,0.050000000000000044,False,2,43,5,8580436.312467253,0.0986243107862162,0.044433614518603726,0.09940674444845066,0.009001984253520659
choque_05pct_temporario,temporario,0.95,0.050000000000000044,False,2,43,6,8795126.863247642,0.0888682068362235,0.06148779074671773,0.09747826301298144,0.009781205489347885
choque_05pct_temporario,temporario,0.95,0.050000000000000044,False,2,43,7,8981875.16930275,0.08706144716646907,0.08604972641313946,0.0992922613649955,0.013541922143154847
choque_05pct_temporario,temporario,0.95,0.050000000000000044,False,2,43,8,9028813.751751546,0.09476587140054252,0.10620193784778986,0.11249098634516135,0.016130364243243708
choque_05pct_temporario,temporario,0.95,0.050000000000000044,False,2,43,9,8972951.212179268,0.10870846762796292,0.11833601888381207,0.13189560057295743,0.010854087602496471
choque_05pct_temporario,temporario,0.95,0.050000000000000044,False,2,43,10,8811592.629502371,0.12492805851456716,0.11695377390217598,0.1532619825964584,0.0023235979133628994
choque_05pct_temporario,temporario,0.95,0.050000000000000044,False,2,43,11,8645996.470522173,0.1369969337331397,0.10280372029579699,0.17100335162430733,-0.011371830890558708
choque_05pct_temporario,temporario,0.95,0.050000000000000044,False,2,43,12,8571079.343574245,0.1445245906797342,0.08120627355152688,0.1807916048149115,-0.025184731147479673
choque_05pct_temporario,temporario,0.95,0.050000000000000044,False,2,43,13,8616663.318438118,0.14181150925632627,0.058167724523023434,0.18078134151620714,-0.03412550676265188
choque_05pct_temporario,temporario,0.95,0.050000000000000044,False,2,43,14,9000360.221048806,0.12171088466422406,0.03895076990427415,0.16490250007416624,-0.03638314592431368
choque_05pct_temporario,temporario,0.95,0.050000000000000044,False,2,43,15,9659744.590133866,0.09320357117965318,0.030772171068325305,0.14132710049059166,-0.030444663791686942
choque_05pct_temporario,temporario,0.95,0.050000000000000044,False,2,43,16,10223897.556227637,0.06666520450220693,0.04187535369820239,0.12195148232352776,-0.021205673165487646
choque_05pct_temporario,temporario,0.95,0.050000000000000044,False,2,43,17,10624360.65017781,0.05288157143098854,0.07861790889298237,0.10963381347263619,-0.007870580243929207
choque_05pct_temporario,temporario,0.95,0.050000000000000044,False,2,43,18,10967186.67105049,0.054094897974894154,0.1362310770648798,0.1119038480364976,0.002209559554534645
choque_05pct_temporario,temporario,0.95,0.050000000000000044,False,2,43,19,11167566.670613974,0.0630301546398797,0.19118312345676203,0.13158736126857432,0.01266837493235806
choque_05pct_temporario,temporario,0.95,0.050000000000000044,False,2,43,20,11286230.147213342,0.06748408253341043,0.2267818782206532,0.15067459244331327,0.013845766869667563
choque_05pct_temporario,temporario,0.95,0.050000000000000044,False,2,43,21,11210724.606806714,0.07195807391947205,0.24217011339302252,0.16295058581317096,0.009841335136029352
choque_05pct_temporario,temporario,0.95,0.050000000000000044,False,2,43,22,11025997.616670754,0.08747676521660516,0.2385625036290009,0.18220466857079035,-0.0027320111374038282
choque_05pct_temporario,temporario,0.95,0.050000000000000044,False,2,43,23,10678505.060456565,0.10677036664906218,0.21309317471794653,0.20994828839199148,-0.021295262845158917
choque_05pct_temporario,temporario,0.95,0.050000000000000044,False,2,43,24,10533149.10164658,0.10891259797873919,0.1765556234670509,0.2192153002349322,-0.04165393313681418
choque_05pct_temporario,temporario,0.95,0.050000000000000044,False,2,43,25,10658622.572739907,0.09851232160481611,0.13983354049911179,0.20897644127663004,-0.053794079920338446
choque_05pct_temporario,temporario,0.95,0.050000000000000044,False,3,44,0,7609597.0,0.138,0.03,0.12063832026847152,0.010583740505574736
choque_05pct_temporario,temporario,0.95,0.050000000000000044,False,3,44,1,7652724.38733265,0.14039181650999813,0.030000000000000027,0.11859183719691781,0.007984885903803248
choque_05pct_temporario,temporario,0.95,0.050000000000000044,False,3,44,2,7809568.471876611,0.13522708141572493,0.024184146560761954,0.12045454734906626,0.004914800534182451
choque_05pct_temporario,temporario,0.95,0.050000000000000044,False,3,44,3,8040221.635573903,0.126620717904688,0.02683058200310473,0.1129004970675796,0.005202146882133367
choque_05pct_temporario,temporario,0.95,0.050000000000000044,False,3,44,4,8301408.8178097345,0.11185275020171319,0.02943467336483363,0.1069562413332863,0.006637518469462689
choque_05pct_temporario,temporario,0.95,0.050000000000000044,False,3,44,5,8622285.481646974,0.0948130176368285,0.04344011033753059,0.0971644821270522,0.010400091894825915
choque_05pct_temporario,temporario,0.95,0.050000000000000044,False,3,44,6,8846939.223520445,0.08687630386054768,0.06162419555399956,0.09499105118933601,0.010676806460469321
choque_05pct_temporario,temporario,0.95,0.050000000000000044,False,3,44,7,8986719.339377532,0.09031291827219318,0.08800250103650642,0.10023556728864279,0.016110697445093743
choque_05pct_temporario,temporario,0.95,0.050000000000000044,False,3,44,8,9002747.874353308,0.09812475768249693,0.10654436822329627,0.11659703105085854,0.015401371261109223
choque_05pct_temporario,temporario,0.95,0.050000000000000044,False,3,44,9,8910112.71559691,0.11270317291434934,0.11778574183883772,0.13484560177834454,0.011594513496649415
choque_05pct_temporario,temporario,0.95,0.050000000000000044,False,3,44,10,8721206.034428006,0.1288958208398524,0.11205234219046623,0.15822963239392085,-0.0010738362040998446
choque_05pct_temporario,temporario,0.95,0.050000000000000044,False,3,44,11,8607546.311286505,0.14183226871026772,0.09741853107354315,0.17272127356547193,-0.012034504940210283
choque_05pct_temporario,temporario,0.95,0.050000000000000044,False,3,44,12,8553435.049086334,0.14578275208174643,0.07282824654314268,0.18174271638225226,-0.027587492645009707
choque_05pct_temporario,temporario,0.95,0.050000000000000044,False,3,44,13,8694629.331890032,0.1396200464954843,0.05097224625985852,0.17675893370836288,-0.03550052457823266
choque_05pct_temporario,temporario,0.95,0.050000000000000044,False,3,44,14,9071744.133212326,0.12114810312949138,0.032324540263355406,0.16180346640809914,-0.035660912053152916
choque_05pct_temporario,temporario,0.95,0.050000000000000044,False,3,44,15,9781198.197207145,0.08755827171679041,0.028947518091223978,0.1367161953194826,-0.026780217894916795
choque_05pct_temporario,temporario,0.95,0.050000000000000044,False,3,44,16,10214476.153317414,0.06464400367448477,0.044716630234325594,0.11870812939361765,-0.018335072778681787
choque_05pct_temporario,temporario,0.95,0.050000000000000044,False,3,44,17,10600439.816414492,0.05491755661077842,0.08639693301083606,0.1106136199178236,-0.006941849345505739
choque_05pct_temporario,temporario,0.95,0.050000000000000044,False,3,44,18,10953067.79871314,0.056168280687088255,0.1414326113861153,0.11591808861317791,0.004668465960823788
choque_05pct_temporario,temporario,0.95,0.050000000000000044,False,3,44,19,11189275.781641064,0.06080226467264412,0.19295408940229208,0.13188504103690402,0.011651756321514568
choque_05pct_temporario,temporario,0.95,0.050000000000000044,False,3,44,20,11255357.207244966,0.06859310952193078,0.2287868163846145,0.14873830122364604,0.016729310568445625
choque_05pct_temporario,temporario,0.95,0.050000000000000044,False,3,44,21,11249992.61714398,0.07653609431656727,0.2397635116686625,0.16708608740979894,0.010531637734283021
choque_05pct_temporario,temporario,0.95,0.050000000000000044,False,3,44,22,10855439.623332648,0.09430948380461607,0.23396533209173387,0.1910046870199982,-0.004825385256388962
choque_05pct_temporario,temporario,0.95,0.050000000000000044,False,3,44,23,10607755.045172893,0.11144780733307924,0.2040411902258532,0.2133600262999173,-0.02323277938261325
choque_05pct_temporario,temporario,0.95,0.050000000000000044,False,3,44,24,10433281.34237952,0.1095967942648235,0.1665539853627802,0.21933111214576215,-0.04336103494146222
choque_05pct_temporario,temporario,0.95,0.050000000000000044,False,3,44,25,10631326.127501378,0.09300896624505321,0.1292931168728273,0.2061342485074565,-0.056156707075878894
choque_05pct_temporario,temporario,0.95,0.050000000000000044,False,4,45,0,7609597.0,0.138,0.03,0.12063832026847152,0.010583740505574736
choque_05pct_temporario,temporario,0.95,0.050000000000000044,False,4,45,1,7652724.38733265,0.14039181650999813,0.030000000000000027,0.11859183719691781,0.007984885903803248
choque_05pct_temporario,temporario,0.95,0.050000000000000044,False,4,45,2,7814812.885350098,0.1352272363957795,0.024167914260627477,0.12047025073739162,0.0002517658046662367
choque_05pct_temporario,temporario,0.95,0.050000000000000044,False,4,45,3,8061832.066014055,0.12454088935781311,0.02691702625247161,0.11091685391220972,0.005843555817130261
choque_05pct_temporario,temporario,0.95,0.050000000000000044,False,4,45,4,8416869.697292035,0.10590819741008001,0.030404630255944864,0.10248911947636828,0.00711891178292889
choque_05pct_temporario,temporario,0.95,0.050000000000000044,False,4,45,5,8680022.571548514,0.09083423016405445,0.04788711869038864,0.09317734608964436,0.012509147532646588
choque_05pct_temporario,temporario,0.95,0.050000000000000044,False,4,45,6,8834615.439418586,0.08772111936441296,0.06893874418402923,0.09535576983830203,0.014015838417803921
choque_05pct_temporario,temporario,0.95,0.050000000000000044,False,4,45,7,8890056.921727367,0.0964009092614185,0.0941556313438805,0.10659571926314872,0.01569939769254546
choque_05pct_temporario,temporario,0.95,0.050000000000000044,False,4,45,8,8833422.579137288,0.11111217300880868,0.1066293481076881,0.12780042926097698,0.011788253852943445
choque_05pct_temporario,temporario,0.95,0.050000000000000044,False,4,45,9,8730794.533552844,0.12338863904841545,0.11006584529268992,0.14539341577991288,0.0027773109246322916
choque_05pct_temporario,temporario,0.95,0.050000000000000044,False,4,45,10,8609651.03823125,0.13268679235077763,0.09889313079005979,0.16051494528379276,-0.006861996440448916
choque_05pct_temporario,temporario,0.95,0.050000000000000044,False,4,45,11,8572097.323477557,0.13766640025702181,0.08301857070405805,0.16852705161479495,-0.015499136715193746
choque_05pct_temporario,temporario,0.95,0.050000000000000044,False,4,45,12,8582826.360038493,0.13839971573003915,0.06338543633847249,0.1727980582323899,-0.028153969475345167
choque_05pct_temporario,temporario,0.95,0.050000000000000044,False,4,45,13,8866777.166532364,0.12676148462824183,0.04604676828465881,0.16386063307237195,-0.034886983658503304
choque_05pct_temporario,temporario,0.95,0.050000000000000044,False,4,45,14,9377970.493987134,0.1018017225576885,0.03544895009814608,0.14460619688789939,-0.02921050241684935
choque_05pct_temporario,temporario,0.95,0.050000000000000044,False,4,45,15,9972822.958544625,0.07417703566949382,0.04120037071257099,0.12386619632670531,-0.02134384384430908
choque_05pct_temporario,temporario,0.95,0.050000000000000044,False,4,45,16,10453556.07374576,0.054212747701738354,0.06968480670012811,0.1092720097400979,-0.010392908445470993
choque_05pct_temporario,temporario,0.95,0.050000000000000044,False,4,45,17,10737396.091149252,0.050786068619911584,0.12446066871060446,0.10471402877526292,0.0012966522477143765
choque_05pct_temporario,temporario,0.95,0.050000000000000044,False,4,45,18,11008550.846278675,0.06209390951871197,0.1833788848765634,0.1214683201323728,0.013155547872291439
choque_05pct_temporario,temporario,0.95,0.050000000000000044,False,4,45,19,11079445.687561983,0.07368150943778795,0.22032411283462405,0.15050642563709526,0.014808769924257746
choque_05pct_temporario,temporario,0.95,0.050000000000000044,False,4,45,20,10904544.639493832,0.08418837342216257,0.23072411262272796,0.17063798829454094,0.008105732718604406
choque_05pct_temporario,temporario,0.95,0.050000000000000044,False,4,45,21,10708314.16335271,0.09886695598688322,0.21875558414008145,0.188296401654724,-0.006152103329013418
choque_05pct_temporario,temporario,0.95,0.050000000000000044,False,4,45,22,10418690.013420865,0.1110566173287537,0.1892384958646709,0.2068984193386374,-0.024261810198801845
choque_05pct_temporario,temporario,0.95,0.050000000000000044,False,4,45,23,10354665.02159774,0.10647722371901447,0.15333581965617626,0.21005364673944676,-0.04014674134956936
choque_05pct_temporario,temporario,0.95,0.050000000000000044,False,4,45,24,10566429.406190883,0.09221778960034688,0.12249078380711831,0.1977720984303568,-0.0531917455156396
choque_05pct_temporario,temporario,0.95,0.050000000000000044,False,4,45,25,11166941.052406464,0.06741360132147711,0.10486083218455411,0.176361479097918,-0.04875499346843602
choque_05pct_temporario,temporario,0.95,0.050000000000000044,False,5,46,0,7609597.0,0.138,0.03,0.12063832026847152,0.010583740505574736
choque_05pct_temporario,temporario,0.95,0.050000000000000044,False,5,46,1,7652724.38733265,0.14039181650999813,0.030000000000000027,0.11859183719691781,0.007984885903803248
choque_05pct_temporario,temporario,0.95,0.050000000000000044,False,5,46,2,7797215.319153447,0.13522708141572493,0.024179487090514318,0.12051989825221197,0.0041342857537788645
choque_05pct_temporario,temporario,0.95,0.050000000000000044,False,5,46,3,8035873.995249559,0.12508298596838335,0.02687093670821583,0.11205807000098585,0.004644653766855659
choque_05pct_temporario,temporario,0.95,0.050000000000000044,False,5,46,4,8390869.856344638,0.10862684435133034,0.030136559988063416,0.10364952165876039,0.005818291909813966
choque_05pct_temporario,temporario,0.95,0.050000000000000044,False,5,46,5,8680426.825820183,0.0909117885035244,0.04637482490082889,0.09363756600051668,0.015036234060106882
choque_05pct_temporario,temporario,0.95,0.050000000000000044,False,5,46,6,8849149.839956598,0.08412449040102396,0.06720778451669984,0.09382465631725416,0.01382539440659017
choque_05pct_temporario,temporario,0.95,0.050000000000000044,False,5,46,7,8913591.860116495,0.09424380023949447,0.09537794093939311,0.1036945761359074,0.015808221645750544
choque_05pct_temporario,temporario,0.95,0.050000000000000044,False,5,46,8,8855590.004540676,0.10934705642694238,0.10937223086851744,0.12724073606094927,0.011960821499604729
choque_05pct_temporario,temporario,0.95,0.050000000000000044,False,5,46,9,8729812.557617432,0.12422835797363671,0.11307793895905704,0.1463876072760348,0.004863187100254757
choque_05pct_temporario,temporario,0.95,0.050000000000000044,False,5,46,10,8616407.971868925,0.1327265570392082,0.10142530202377587,0.16266581115146925,-0.010534416852630827
choque_05pct_temporario,temporario,0.95,0.050000000000000044,False,5,46,11,8557111.372554341,0.13992776645953406,0.08444729779752991,0.16994583576840994,-0.01711288997528935
choque_05pct_temporario,temporario,0.95,0.050000000000000044,False,5,46,12,8696021.54071064,0.13328033638807138,0.06176302503639852,0.17004771275287067,-0.027777862416414598
choque_05pct_temporario,temporario,0.95,0.050000000000000044,False,5,46,13,8921451.597337754,0.1224683681569905,0.04675737185078277,0.1598542384081454,-0.03247262847527687
choque_05pct_temporario,temporario,0.95,0.050000000000000044,False,5,46,14,9490276.643035773,0.09657566420943692,0.03836882717219936,0.1411255367821898,-0.028296493053129465
choque_05pct_temporario,temporario,0.95,0.050000000000000044,False,5,46,15,10054581.748615395,0.06868538970926895,0.049235363169155555,0.11995899077727586,-0.01953433398142241
choque_05pct_temporario,temporario,0.95,0.050000000000000044,False,5,46,16,10478056.946880978,0.04976518378462577,0.0814604753504582,0.10630313854083452,-0.008799086052213068
choque_05pct_temporario,temporario,0.95,0.050000000000000044,False,5,46,17,10833692.67485361,0.051117698741840883,0.14308923054592215,0.10238952056116991,0.008384573643257643
choque_05pct_temporario,temporario,0.95,0.050000000000000044,False,5,46,18,10973949.792643825,0.06472069630609933,0.19896484263074377,0.12924163024494995,0.016170566155378815
choque_05pct_temporario,temporario,0.95,0.050000000000000044,False,5,46,19,10947330.19294182,0.08121962766450709,0.22999752891991432,0.1582342462007264,0.015562533689277644
choque_05pct_temporario,temporario,0.95,0.050000000000000044,False,5,46,20,10800196.576856216,0.09100672521212837,0.22859851115281282,0.178719954830329,0.004808826312967374
choque_05pct_temporario,temporario,0.95,0.050000000000000044,False,5,46,21,10512923.998511128,0.10534432332902081,0.20900016483941153,0.19462650756680303,-0.01048726479205181
choque_05pct_temporario,temporario,0.95,0.050000000000000044,False,5,46,22,10177637.988534495,0.11871869126334976,0.17419943641233138,0.21501785374597795,-0.036915325976283817
choque_05pct_temporario,temporario,0.95,0.050000000000000044,False,5,46,23,10203159.349800372,0.11539631473174675,0.13464395792532557,0.21416063700364504,-0.04932500006816455
choque_05pct_temporario,temporario,0.95,0.050000000000000044,False,5,46,24,10640013.789327031,0.08969275949484032,0.10110828336813027,0.1951765788736851,-0.05805900996108472
choque_05pct_temporario,temporario,0.95,0.050000000000000044,False,5,46,25,11254231.480383012,0.06325296265381755,0.08869837697164051,0.16907919459417095,-0.05016379796170057
choque_05pct_temporario,temporario,0.95,0.050000000000000044,False,6,47,0,7609597.0,0.138,0.03,0.12063832026847152,0.010583740505574736
choque_05pct_temporario,temporario,0.95,0.050000000000000044,False,6,47,1,7652724.38733265,0.14039181650999813,0.030000000000000027,0.11859183719691781,0.007984885903803248
choque_05pct_temporario,temporario,0.95,0.050000000000000044,False,6,47,2,7806695.322937048,0.13522715831904936,0.02418130759722459,0.12044374550797671,0.003889724574032977
choque_05pct_temporario,temporario,0.95,0.050000000000000044,False,6,47,3,8029826.139430107,0.12474783037646296,0.026825061711583054,0.11202749061872302,0.0039396781131172
choque_05pct_temporario,temporario,0.95,0.050000000000000044,False,6,47,4,8415642.929382542,0.10768615566961245,0.030291553993439413,0.10273611525593153,0.0071680838275023345
choque_05pct_temporario,temporario,0.95,0.050000000000000044,False,6,47,5,8724267.594138302,0.08986239978898485,0.04611006621964142,0.09332290758419767,0.010833562667168851
choque_05pct_temporario,temporario,0.95,0.050000000000000044,False,6,47,6,8847807.585417263,0.08604476390532463,0.06831238546137341,0.09353429117596526,0.013722928800956586
choque_05pct_temporario,temporario,0.95,0.050000000000000044,False,6,47,7,8941437.99310557,0.09313076388246244,0.09357044931605074,0.10410332957311431,0.015607331969779922
choque_05pct_temporario,temporario,0.95,0.050000000000000044,False,6,47,8,8929130.296822608,0.10497242699158661,0.11015886674181519,0.12266134612440076,0.012003142759505533
choque_05pct_temporario,temporario,0.95,0.050000000000000044,False,6,47,9,8781047.93992189,0.11949980199034674,0.11626789611278454,0.1422368930611007,0.007681560057157818
choque_05pct_temporario,temporario,0.95,0.050000000000000044,False,6,47,10,8684497.340075277,0.13167132780348206,0.10653691269232723,0.15981504570695973,-0.004709504444634019
choque_05pct_temporario,temporario,0.95,0.050000000000000044,False,6,47,11,8511733.996360654,0.14226043756308182,0.090131656088134,0.17328291039175842,-0.015430871317405071
choque_05pct_temporario,temporario,0.95,0.050000000000000044,False,6,47,12,8591866.87017962,0.13824220410989072,0.06647277523061845,0.1754466768494429,-0.02682158741801894
choque_05pct_temporario,temporario,0.95,0.050000000000000044,False,6,47,13,8842918.241285408,0.1256019630731701,0.04838577753843398,0.1636415574021816,-0.03141801743113252
choque_05pct_temporario,temporario,0.95,0.050000000000000044,False,6,47,14,9388287.894168695,0.10135504771991166,0.0361582658420152,0.14563083973446084,-0.02929922578437755
choque_05pct_temporario,temporario,0.95,0.050000000000000044,False,6,47,15,9942098.466965366,0.07531534477304085,0.04278106673526527,0.12518618309267746,-0.020367194003512945
choque_05pct_temporario,temporario,0.95,0.050000000000000044,False,6,47,16,10392867.964702902,0.056729028647787665,0.06951580390071377,0.11160662065190823,-0.008920754846808376
choque_05pct_temporario,temporario,0.95,0.050000000000000044,False,6,47,17,10684806.239403177,0.05136118552208362,0.11979569160765924,0.10760232071603941,0.0029063596060161863
choque_05pct_temporario,temporario,0.95,0.050000000000000044,False,6,47,18,10960205.097591037,0.06086569431505934,0.17823771857898318,0.12062433407746874,0.014379435916450085
choque_05pct_temporario,temporario,0.95,0.050000000000000044,False,6,47,19,11019141.43589404,0.0727551919811912,0.21575571260140936,0.14959932807105755,0.015193653482956756
choque_05pct_temporario,temporario,0.95,0.050000000000000044,False,6,47,20,10935845.737688472,0.08594652345360536,0.2310878549799973,0.1686984064619987,0.009501333080510207
choque_05pct_temporario,temporario,0.95,0.050000000000000044,False,6,47,21,10644270.953901194,0.09685237442125855,0.2188263888611024,0.18882756755184243,-0.007121632696488207
choque_05pct_temporario,temporario,0.95,0.050000000000000044,False,6,47,22,10508486.719922978,0.09853174594682097,0.19271972362105116,0.197389897913711,-0.019906036767002536
choque_05pct_temporario,temporario,0.95,0.050000000000000044,False,6,47,23,10522741.183647253,0.0952574235687594,0.16146257525422247,0.19713483964362385,-0.03406144937073685
choque_05pct_temporario,temporario,0.95,0.050000000000000044,False,6,47,24,10760184.652960284,0.08082156072793896,0.1365342159470202,0.18926280146250837,-0.04336859029151011
choque_05pct_temporario,temporario,0.95,0.050000000000000044,False,6,47,25,11255264.098219385,0.06176584801164661,0.12680584875158862,0.1715088561054778,-0.04407256856059513
choque_05pct_temporario,temporario,0.95,0.050000000000000044,False,7,48,0,7609597.0,0.138,0.03,0.12063832026847152,0.010583740505574736
choque_05pct_temporario,temporario,0.95,0.050000000000000044,False,7,48,1,7652724.38733265,0.14039181650999813,0.030000000000000027,0.11859183719691781,0.007984885903803248
choque_05pct_temporario,temporario,0.95,0.050000000000000044,False,7,48,2,7797185.690724047,0.13522708141572493,0.024184715365616505,0.12051681259663678,0.005153394554576406
choque_05pct_temporario,temporario,0.95,0.050000000000000044,False,7,48,3,8059557.759189848,0.1243107042400101,0.026832363549653904,0.11216813611438263,0.007414710374897581
choque_05pct_temporario,temporario,0.95,0.050000000000000044,False,7,48,4,8293368.105793962,0.1121343928723936,0.030428679684245674,0.10677040889614853,0.0069399067028215215
choque_05pct_temporario,temporario,0.95,0.050000000000000044,False,7,48,5,8597025.651181184,0.10070239607074644,0.043462781416454765,0.1003563655219364,0.009426888262187533
choque_05pct_temporario,temporario,0.95,0.050000000000000044,False,7,48,6,8788838.792805828,0.093068353734689,0.05989748529599903,0.10038335595510149,0.0098465343383821
choque_05pct_temporario,temporario,0.95,0.050000000000000044,False,7,48,7,8861970.382912876,0.0963982540217869,0.0814856434010458,0.106231931290655,0.010791061676427788
choque_05pct_temporario,temporario,0.95,0.050000000000000044,False,7,48,8,8877965.805683607,0.10448359672953134,0.09637493701879274,0.12137762187587453,0.008095313592388636
choque_05pct_temporario,temporario,0.95,0.050000000000000044,False,7,48,9,8825271.114203665,0.11536082536051412,0.10421031573623307,0.13708949366745837,0.0011605379638445035
choque_05pct_temporario,temporario,0.95,0.050000000000000044,False,7,48,10,8753655.795097372,0.12696384932256416,0.09941318492137374,0.15313814267083717,-0.0064519032317462
choque_05pct_temporario,temporario,0.95,0.050000000000000044,False,7,48,11,8700694.549823223,0.13236449169254713,0.08675019917004745,0.1642937903261722,-0.015040731533898778
choque_05pct_temporario,temporario,0.95,0.050000000000000044,False,7,48,12,8748179.277066385,0.13322524598712798,0.06966768845138938,0.16754916096798397,-0.02157932008864297
choque_05pct_temporario,temporario,0.95,0.050000000000000044,False,7,48,13,8959190.92252564,0.1225626983209624,0.054530583165198765,0.16212075095084424,-0.02854765117922414
choque_05pct_temporario,temporario,0.95,0.050000000000000044,False,7,48,14,9295428.845902197,0.1074944834661616,0.04620581494000464,0.1490318520105558,-0.030101904364718355
choque_05pct_temporario,temporario,0.95,0.050000000000000044,False,7,48,15,9896840.21306498,0.080891764806279,0.04854506917876811,0.13124982969515142,-0.02173860007397291
choque_05pct_temporario,temporario,0.95,0.050000000000000044,False,7,48,16,10324880.501407003,0.05964886849892513,0.07053211219807687,0.11540205755414977,-0.013781687584665688
choque_05pct_temporario,temporario,0.95,0.050000000000000044,False,7,48,17,10681810.534810593,0.052498842970541824,0.11488379556647166,0.1090562915223704,-0.0035982607149300286
choque_05pct_temporario,temporario,0.95,0.050000000000000044,False,7,48,18,11015987.333073601,0.05638908010830862,0.16794858942164836,0.11779125385299222,0.009814942156830446
choque_05pct_temporario,temporario,0.95,0.050000000000000044,False,7,48,19,11161635.733674295,0.06727196422723926,0.21222876275873004,0.14008836654921383,0.016906084250424173
choque_05pct_temporario,temporario,0.95,0.050000000000000044,False,7,48,20,11029548.605998129,0.08500967122313903,0.23207477479838978,0.16754515290729938,0.00950208346989315
choque_05pct_temporario,temporario,0.95,0.050000000000000044,False,7,48,21,10687076.270923406,0.10613235798319003,0.22299713096193718,0.19510612749808884,-0.0063612623528859135
choque_05pct_temporario,temporario,0.95,0.050000000000000044,False,7,48,22,10404525.475611858,0.11356916949746083,0.19262345282279236,0.2113699541525614,-0.02475815624285565
choque_05pct_temporario,temporario,0.95,0.050000000000000044,False,7,48,23,10257076.335674256,0.1142121869010081,0.1551389876485234,0.21379319949927167,-0.04298483580577545
choque_05pct_temporario,temporario,0.95,0.050000000000000044,False,7,48,24,10366013.983563554,0.10419413793534318,0.11870623125636648,0.20848381979601371,-0.05841314848271483
choque_05pct_temporario,temporario,0.95,0.050000000000000044,False,7,48,25,10993932.39467177,0.07961129091226536,0.09304465282009144,0.1859976841405327,-0.054959272285964006
choque_05pct_temporario,temporario,0.95,0.050000000000000044,False,8,49,0,7609597.0,0.138,0.03,0.12063832026847152,0.010583740505574736
choque_05pct_temporario,temporario,0.95,0.050000000000000044,False,8,49,1,7652680.1194738075,0.14039218080275034,0.030000000000000027,0.11859395149248815,0.007984248131579937
choque_05pct_temporario,temporario,0.95,0.050000000000000044,False,8,49,2,7797461.924073542,0.1352305929194483,0.02418201686638133,0.12053293984619885,0.004206096336633925
choque_05pct_temporario,temporario,0.95,0.050000000000000044,False,8,49,3,8030416.085393261,0.12467846937162512,0.026840862108314045,0.11219011963106826,0.005492046194023671
choque_05pct_temporario,temporario,0.95,0.050000000000000044,False,8,49,4,8373891.582932308,0.10896896335053496,0.03029725656623916,0.1041589478448662,0.009708080240454362
choque_05pct_temporario,temporario,0.95,0.050000000000000044,False,8,49,5,8636308.308065904,0.09290418520808688,0.045106242286677256,0.0963717185696445,0.013789024787369455
choque_05pct_temporario,temporario,0.95,0.050000000000000044,False,8,49,6,8803184.680118145,0.08965046703906258,0.06597776265917643,0.09707816274219863,0.01334645948199491
choque_05pct_temporario,temporario,0.95,0.050000000000000044,False,8,49,7,8868869.087116802,0.09736584533713986,0.08834502890045592,0.10763249785019041,0.015045382877947487
choque_05pct_temporario,temporario,0.95,0.050000000000000044,False,8,49,8,8903007.089048872,0.10627360881364123,0.1015257052979448,0.12408363872039235,0.012881304633148478
choque_05pct_temporario,temporario,0.95,0.050000000000000044,False,8,49,9,8824158.332350982,0.11656567940996554,0.10703486040426635,0.13980844012321206,0.007801947051442803
choque_05pct_temporario,temporario,0.95,0.050000000000000044,False,8,49,10,8696019.532972213,0.13000949217514424,0.10024409527082923,0.1580096605333566,-0.0022274597552983974
choque_05pct_temporario,temporario,0.95,0.050000000000000044,False,8,49,11,8536182.416880582,0.14325759091860193,0.08653893526073175,0.17397899398560834,-0.014232507624800092
choque_05pct_temporario,temporario,0.95,0.050000000000000044,False,8,49,12,8520882.938590147,0.14590033122310028,0.06598271355809171,0.18034124456237263,-0.026520747476125272
choque_05pct_temporario,temporario,0.95,0.050000000000000044,False,8,49,13,8716550.691820612,0.13536142094222556,0.047417934248054516,0.1716218228623036,-0.033490166794877145
choque_05pct_temporario,temporario,0.95,0.050000000000000044,False,8,49,14,9291485.604086025,0.1113092701431099,0.03276067675102201,0.15165819288768673,-0.03231761492030561
choque_05pct_temporario,temporario,0.95,0.050000000000000044,False,8,49,15,9868048.026697285,0.07999585452519352,0.03252476735008902,0.1302380403845358,-0.023741089542197277
choque_05pct_temporario,temporario,0.95,0.050000000000000044,False,8,49,16,10370202.233943311,0.05986503085032731,0.055509151719346894,0.1131325043937904,-0.012070297782004864
choque_05pct_temporario,temporario,0.95,0.050000000000000044,False,8,49,17,10651204.537605993,0.05384089255537042,0.10329226021491156,0.10924769843675317,-0.0027660746891411134
choque_05pct_temporario,temporario,0.95,0.050000000000000044,False,8,49,18,10941789.146481438,0.059401231803270116,0.15932719296441622,0.11985548504669198,0.008769109730687358
choque_05pct_temporario,temporario,0.95,0.050000000000000044,False,8,49,19,11087682.606780495,0.06905254378171617,0.20471017894161703,0.14104203891032377,0.012766449922175809
choque_05pct_temporario,temporario,0.95,0.050000000000000044,False,8,49,20,11157048.864025688,0.071645337280392,0.22519294929050027,0.1573936610052158,0.011500468053374258
choque_05pct_temporario,temporario,0.95,0.050000000000000044,False,8,49,21,11008871.168669833,0.07884833678355599,0.23243910565118764,0.16881214536942307,0.0030572862736392204
choque_05pct_temporario,temporario,0.95,0.050000000000000044,False,8,49,22,10860766.92876488,0.09182187269484386,0.21798251302161709,0.18846354613106575,-0.008280800546891637
choque_05pct_temporario,temporario,0.95,0.050000000000000044,False,8,49,23,10589404.409321487,0.10327302665652598,0.19311850690510535,0.20665314065650178,-0.0260555461430367
choque_05pct_temporario,temporario,0.95,0.050000000000000044,False,8,49,24,10636965.07080659,0.09854248432608827,0.15902981116844606,0.2085640941467393,-0.04309566029847821
choque_05pct_temporario,temporario,0.95,0.050000000000000044,False,8,49,25,10869428.079994159,0.08479285385166296,0.13188454388485793,0.19550735296093297,-0.049405961436381936
choque_05pct_temporario,temporario,0.95,0.050000000000000044,False,9,50,0,7609597.0,0.138,0.03,0.12063832026847152,0.010583740505574736
choque_05pct_temporario,temporario,0.95,0.050000000000000044,False,9,50,1,7652724.38733265,0.14039181650999813,0.030000000000000027,0.11859183719691781,0.007984885903803248
choque_05pct_temporario,temporario,0.95,0.050000000000000044,False,9,50,2,7831409.32990096,0.13522716034711857,0.024173664527332495,0.12036563899223725,0.002236261692935209
choque_05pct_temporario,temporario,0.95,0.050000000000000044,False,9,50,3,8026506.635385992,0.1267433618628575,0.02668482282338025,0.11308383998688466,0.0037816012161875647
choque_05pct_temporario,temporario,0.95,0.050000000000000044,False,9,50,4,8342369.38516489,0.11005903290652905,0.02940007021204516,0.10505441455471272,0.006648124191824206
choque_05pct_temporario,temporario,0.95,0.050000000000000044,False,9,50,5,8713225.72012167,0.09048394036278455,0.04460160073770392,0.09329277319287185,0.013726456602854615
choque_05pct_temporario,temporario,0.95,0.050000000000000044,False,9,50,6,8844015.73348209,0.08406830112555079,0.06648203906577321,0.09320639751172136,0.01334002496250273
choque_05pct_temporario,temporario,0.95,0.050000000000000044,False,9,50,7,8929928.85026764,0.09247923426824475,0.09396078453421808,0.10303836144345616,0.014336497618913186
choque_05pct_temporario,temporario,0.95,0.050000000000000044,False,9,50,8,8885981.511629598,0.10893502972235701,0.10993689594469158,0.12509403260458996,0.009254795991955585
choque_05pct_temporario,temporario,0.95,0.050000000000000044,False,9,50,9,8822699.90408702,0.12030157899917289,0.11353467786195748,0.14326882711841002,0.006186700310393074
choque_05pct_temporario,temporario,0.95,0.050000000000000044,False,9,50,10,8692454.278589709,0.13025868212161335,0.10442098444522774,0.15872543552714422,-0.004693214264425643
choque_05pct_temporario,temporario,0.95,0.050000000000000044,False,9,50,11,8571698.138504196,0.14163062919456312,0.08806429294185136,0.17134306766984284,-0.016895938053886797
choque_05pct_temporario,temporario,0.95,0.050000000000000044,False,9,50,12,8566036.258988677,0.14236462576645384,0.06609717480243393,0.17723001632554225,-0.027687809319128693
choque_05pct_temporario,temporario,0.95,0.050000000000000044,False,9,50,13,8802937.092708614,0.12920380725131245,0.04684527414703288,0.16717660175432952,-0.03196200025890295
choque_05pct_temporario,temporario,0.95,0.050000000000000044,False,9,50,14,9284513.410489483,0.10551250525120703,0.034795319928099255,0.14859564733739353,-0.03058762077934614
choque_05pct_temporario,temporario,0.95,0.050000000000000044,False,9,50,15,9921850.152670033,0.07714510082366444,0.03785280362881904,0.12736580680476323,-0.02288874135939442
choque_05pct_temporario,temporario,0.95,0.050000000000000044,False,9,50,16,10319616.432221213,0.057979701342915566,0.06384951776363801,0.11254944398774896,-0.01334341327819399
choque_05pct_temporario,temporario,0.95,0.050000000000000044,False,9,50,17,10736509.511869844,0.051408340892532434,0.11277935934358707,0.10672534644667625,0.0010455120411296238
choque_05pct_temporario,temporario,0.95,0.050000000000000044,False,9,50,18,10995649.036630413,0.05729942160157595,0.17162723741122066,0.11775214206874438,0.013536657448752572
choque_05pct_temporario,temporario,0.95,0.050000000000000044,False,9,50,19,11109078.775473896,0.0694951312900294,0.21603380075381406,0.14288702937199302,0.017740332130432048
choque_05pct_temporario,temporario,0.95,0.050000000000000044,False,9,50,20,11022129.018147796,0.08388278974051012,0.23311032360046946,0.16778877569710093,0.013909975779313424
choque_05pct_temporario,temporario,0.95,0.050000000000000044,False,9,50,21,10703753.334699921,0.09942136374217665,0.22490729302921175,0.19070289853109584,-0.003603276228775094
choque_05pct_temporario,temporario,0.95,0.050000000000000044,False,9,50,22,10444948.135330606,0.10788154211913316,0.1980472833650937,0.20598820437495396,-0.020887688988999564
choque_05pct_temporario,temporario,0.95,0.050000000000000044,False,9,50,23,10345580.105480298,0.10812003716302664,0.16159708468808542,0.2098673705427071,-0.04118539924387186
choque_05pct_temporario,temporario,0.95,0.050000000000000044,False,9,50,24,10495743.41700444,0.09688106464111396,0.12870861544293533,0.20160753599286696,-0.050836745111382205
choque_05pct_temporario,temporario,0.95,0.050000000000000044,False,9,50,25,11188766.076330546,0.06617660909796758,0.10562898784184815,0.17779235693849813,-0.04889123577725264
choque_05pct_temporario,temporario,0.95,0.050000000000000044,False,10,51,0,7609597.0,0.138,0.03,0.12063832026847152,0.010583740505574736
choque_05pct_temporario,temporario,0.95,0.050000000000000044,False,10,51,1,7652724.38733265,0.14039181650999813,0.030000000000000027,0.11859183719691781,0.007984885903803248
choque_05pct_temporario,temporario,0.95,0.050000000000000044,False,10,51,2,7808830.30150961,0.13522708141572493,0.024182135936617666,0.12046137816018762,0.004525243561641617
choque_05pct_temporario,temporario,0.95,0.050000000000000044,False,10,51,3,8045196.615186768,0.12487391165295975,0.0268557789158812,0.11196849357641461,0.006371024970089953
choque_05pct_temporario,temporario,0.95,0.050000000000000044,False,10,51,4,8375348.455186851,0.10904007403663422,0.030196860666761305,0.10416662220504334,0.008187462286959962
choque_05pct_temporario,temporario,0.95,0.050000000000000044,False,10,51,5,8627542.201708144,0.09352231289622134,0.04617730562030031,0.0953928246713928,0.011189927016868806
choque_05pct_temporario,temporario,0.95,0.050000000000000044,False,10,51,6,8831254.2238445,0.0870641869087217,0.06555502164593219,0.09468751404085933,0.011461556847544298
choque_05pct_temporario,temporario,0.95,0.050000000000000044,False,10,51,7,8958717.992405474,0.08876792619482078,0.09179962701001676,0.10057948005718267,0.01327471724105114
choque_05pct_temporario,temporario,0.95,0.050000000000000044,False,10,51,8,9003970.595119422,0.09725474612016778,0.11040398288861741,0.11585447882635785,0.011223096133335938
choque_05pct_temporario,temporario,0.95,0.050000000000000044,False,10,51,9,8934291.37171725,0.11130706215182384,0.11920486223908111,0.13513552263573478,0.011367768001812599
choque_05pct_temporario,temporario,0.95,0.050000000000000044,False,10,51,10,8694727.150124272,0.13155884879994925,0.11498955864718563,0.15867155695017118,0.0016738108083791438
choque_05pct_temporario,temporario,0.95,0.050000000000000044,False,10,51,11,8594822.949603213,0.13888319195897045,0.09756152589023337,0.1734732143407847,-0.015264599570013117
choque_05pct_temporario,temporario,0.95,0.050000000000000044,False,10,51,12,8591325.058571592,0.14020607220944079,0.07533902175550389,0.17577993224830674,-0.02517746652230748
choque_05pct_temporario,temporario,0.95,0.050000000000000044,False,10,51,13,8775604.192131404,0.12863004573436151,0.05501050559338072,0.1691663636427692,-0.03245392798013565
choque_05pct_temporario,temporario,0.95,0.050000000000000044,False,10,51,14,9251632.3634185,0.1084545789619352,0.041046040283043705,0.151611865729749,-0.031086195469740667
choque_05pct_temporario,temporario,0.95,0.050000000000000044,False,10,51,15,9784746.53890464,0.08159139345978389,0.039870978502500876,0.13252009375802162,-0.023302840414419712
choque_05pct_temporario,temporario,0.95,0.050000000000000044,False,10,51,16,10350395.340296138,0.05902981898425123,0.05917896775970011,0.11533658499643283,-0.015220978125170216
choque_05pct_temporario,temporario,0.95,0.050000000000000044,False,10,51,17,10742872.54468813,0.04956303800930131,0.10549131582527727,0.10644706269232175,-0.0029243771372926644
choque_05pct_temporario,temporario,0.95,0.050000000000000044,False,10,51,18,10995725.808458725,0.05498724215259542,0.1675463405094415,0.1143222009729839,0.011635454601812771
choque_05pct_temporario,temporario,0.95,0.050000000000000044,False,10,51,19,11088267.428344654,0.07238029923962061,0.21432346260880375,0.14296409281674427,0.017100230087518188
choque_05pct_temporario,temporario,0.95,0.050000000000000044,False,10,51,20,11059716.281544011,0.08478822380586536,0.2319406014127341,0.16969808091460684,0.011693228872707922
choque_05pct_temporario,temporario,0.95,0.050000000000000044,False,10,51,21,10810493.988069499,0.09247480926630564,0.22547095078183377,0.18293783950411258,-0.002226121887960857
choque_05pct_temporario,temporario,0.95,0.050000000000000044,False,10,51,22,10689808.205009105,0.09321886287776406,0.20168738830534227,0.191747437473525,-0.01867342002092814
choque_05pct_temporario,temporario,0.95,0.050000000000000044,False,10,51,23,10500084.39906529,0.09945399978077178,0.17543291874220523,0.19938290558989852,-0.03314517236758964
choque_05pct_temporario,temporario,0.95,0.050000000000000044,False,10,51,24,10679093.75967566,0.09193762618990793,0.1436014251474902,0.2001441076346249,-0.04659684774596869
choque_05pct_temporario,temporario,0.95,0.050000000000000044,False,10,51,25,11016546.604975019,0.07470357482715917,0.12647211946786974,0.1852256943829819,-0.046970488100500134
choque_05pct_temporario,temporario,0.95,0.050000000000000044,False,11,52,0,7609597.0,0.138,0.03,0.12063832026847152,0.010583740505574736
choque_05pct_temporario,temporario,0.95,0.050000000000000044,False,11,52,1,7652724.38733265,0.14039181650999813,0.030000000000000027,0.11859183719691781,0.007984885903803248
choque_05pct_temporario,temporario,0.95,0.050000000000000044,False,11,52,2,7794150.70035044,0.13522708141572493,0.024181342948803586,0.12055946615055155,0.004474582070652111
choque_05pct_temporario,temporario,0.95,0.050000000000000044,False,11,52,3,8045408.101835962,0.125016729793005,0.02685070248142485,0.11179698091246432,0.006333034331458802
choque_05pct_temporario,temporario,0.95,0.050000000000000044,False,11,52,4,8421298.268562252,0.10971390983816728,0.030149964508237037,0.10454853378646511,0.004937923117649243
choque_05pct_temporario,temporario,0.95,0.050000000000000044,False,11,52,5,8640572.316964604,0.09574603317227302,0.04492099458711829,0.09764774945625072,0.011775904599470938
choque_05pct_temporario,temporario,0.95,0.050000000000000044,False,11,52,6,8733209.148853151,0.09357419557595466,0.0636872540021336,0.10038251362779997,0.012773802677550558
choque_05pct_temporario,temporario,0.95,0.050000000000000044,False,11,52,7,8803832.480090002,0.09998521615247855,0.08516788659500008,0.1106356456323208,0.011741810547752148
choque_05pct_temporario,temporario,0.95,0.050000000000000044,False,11,52,8,8787711.800487611,0.11305708205985926,0.09691039227681464,0.1281373310206982,0.005082344028287154
choque_05pct_temporario,temporario,0.95,0.050000000000000044,False,11,52,9,8703480.836649396,0.12447511769273345,0.09919274352782681,0.14479400397109166,0.0012842416547831374
choque_05pct_temporario,temporario,0.95,0.050000000000000044,False,11,52,10,8687560.916586446,0.12836723477538753,0.08986417525274804,0.15574521812027117,-0.007185716327394342
choque_05pct_temporario,temporario,0.95,0.050000000000000044,False,11,52,11,8659384.329781156,0.13251820164062023,0.07795459225885915,0.16219409013070252,-0.014996549039193497
choque_05pct_temporario,temporario,0.95,0.050000000000000044,False,11,52,12,8714834.005777735,0.1328510826143084,0.062440921281315065,0.16585741023582073,-0.02196888023125819
choque_05pct_temporario,temporario,0.95,0.050000000000000044,False,11,52,13,8956137.944817804,0.11996997224813044,0.049556996548884236,0.15844475906833966,-0.025256940570540155
choque_05pct_temporario,temporario,0.95,0.050000000000000044,False,11,52,14,9416628.495558,0.09876585264568309,0.043624008768793354,0.1425712692604503,-0.024520368174022224
choque_05pct_temporario,temporario,0.95,0.050000000000000044,False,11,52,15,9958061.668801257,0.07487679773834532,0.0520675382146516,0.1258378735425806,-0.01723727238473796
choque_05pct_temporario,temporario,0.95,0.050000000000000044,False,11,52,16,10279363.529498206,0.06004240213297766,0.07888065888944062,0.11522714843222921,-0.009917456289545826
choque_05pct_temporario,temporario,0.95,0.050000000000000044,False,11,52,17,10749611.080590598,0.05369597318038716,0.12419962496842607,0.11195643207240766,-0.0005848521195474564
choque_05pct_temporario,temporario,0.95,0.050000000000000044,False,11,52,18,10940262.999721628,0.05771234618603152,0.17841623725384825,0.12175483053005126,0.009095772768345195
choque_05pct_temporario,temporario,0.95,0.050000000000000044,False,11,52,19,11015280.363069387,0.07433666376673338,0.2178327166911862,0.14520480570688601,0.012093335088750951
choque_05pct_temporario,temporario,0.95,0.050000000000000044,False,11,52,20,10914409.4713419,0.08687518507261816,0.22698246560429713,0.17267764070145628,0.007344789924664675
choque_05pct_temporario,temporario,0.95,0.050000000000000044,False,11,52,21,10811469.91407288,0.09023337240890479,0.2156223908215682,0.18335467140551476,-0.0030302588933491343
choque_05pct_temporario,temporario,0.95,0.050000000000000044,False,11,52,22,10485470.732806286,0.10191901839901861,0.1926153439954741,0.1974929285855658,-0.019739182765815454
choque_05pct_temporario,temporario,0.95,0.050000000000000044,False,11,52,23,10410769.414556751,0.10790362157208573,0.16105789526260694,0.20948368827914488,-0.03799448923014484
choque_05pct_temporario,temporario,0.95,0.050000000000000044,False,11,52,24,10463459.219203997,0.10212570705107578,0.12973852712907763,0.20739250412605728,-0.052011696737202275
choque_05pct_temporario,temporario,0.95,0.050000000000000044,False,11,52,25,10952769.805569004,0.07859205296514167,0.10599731521563349,0.18876224393393573,-0.05404040354084082
choque_05pct_temporario,temporario,0.95,0.050000000000000044,False,12,53,0,7609597.0,0.138,0.03,0.12063832026847152,0.010583740505574736
choque_05pct_temporario,temporario,0.95,0.050000000000000044,False,12,53,1,7652724.38733265,0.14039181650999813,0.030000000000000027,0.11859183719691781,0.007984885903803248
choque_05pct_temporario,temporario,0.95,0.050000000000000044,False,12,53,2,7810046.971376143,0.13522708141572493,0.024171673884584965,0.12046543237799465,0.0018144858104566254
choque_05pct_temporario,temporario,0.95,0.050000000000000044,False,12,53,3,8087844.994179144,0.12398966059012682,0.026889909704855164,0.11135094701790316,0.0014586061754799763
choque_05pct_temporario,temporario,0.95,0.050000000000000044,False,12,53,4,8395421.426605148,0.10672299870031342,0.03067375202996403,0.10237724749614502,0.006233183318655189
choque_05pct_temporario,temporario,0.95,0.050000000000000044,False,12,53,5,8747606.876712015,0.08997498854613667,0.04821292949593481,0.0918529247908284,0.014733964943867804
choque_05pct_temporario,temporario,0.95,0.050000000000000044,False,12,53,6,8828602.066016065,0.08463167390804643,0.06965618101194493,0.09382624301769041,0.012762621563681286
choque_05pct_temporario,temporario,0.95,0.050000000000000044,False,12,53,7,8915909.67577581,0.0941143367655662,0.09678078654954558,0.10392760664830775,0.014102289302058053
choque_05pct_temporario,temporario,0.95,0.050000000000000044,False,12,53,8,8887743.880158536,0.10809433869890775,0.11011679532137375,0.12619832720487023,0.013392112726472805
choque_05pct_temporario,temporario,0.95,0.050000000000000044,False,12,53,9,8735670.337331107,0.12479683095711656,0.114134193385518,0.1465634597428763,0.005047446421212685
choque_05pct_temporario,temporario,0.95,0.050000000000000044,False,12,53,10,8579511.194271913,0.13748628092342458,0.1013941393861415,0.16564580359350917,-0.005864371703267662
choque_05pct_temporario,temporario,0.95,0.050000000000000044,False,12,53,11,8472586.95580356,0.1450091328284182,0.08306725112623226,0.1759064489856624,-0.0190754853294072
choque_05pct_temporario,temporario,0.95,0.050000000000000044,False,12,53,12,8525868.085539283,0.14392897102716062,0.06068578378979028,0.17650575885520514,-0.02935906608899215
choque_05pct_temporario,temporario,0.95,0.050000000000000044,False,12,53,13,8891769.867471328,0.1256733018791319,0.040902745483776703,0.16218116633586216,-0.032273450445221556
choque_05pct_temporario,temporario,0.95,0.050000000000000044,False,12,53,14,9414142.966752313,0.0975597104941498,0.03182393066529676,0.14132395476634543,-0.027438382917896607
choque_05pct_temporario,temporario,0.95,0.050000000000000044,False,12,53,15,10015821.00741258,0.06938400941250937,0.04001755059071055,0.12034949955795568,-0.020512480662714244
choque_05pct_temporario,temporario,0.95,0.050000000000000044,False,12,53,16,10425838.191239493,0.056167696120571965,0.07338168199342499,0.10755919034373747,-0.012516413791483811
choque_05pct_temporario,temporario,0.95,0.050000000000000044,False,12,53,17,10782700.037169429,0.05232773780233293,0.12629085278652918,0.10799640383481733,0.001857063231778669
choque_05pct_temporario,temporario,0.95,0.050000000000000044,False,12,53,18,11026412.293926023,0.05767175297539999,0.18437894791259457,0.120152488151161,0.013996786003425462
choque_05pct_temporario,temporario,0.95,0.050000000000000044,False,12,53,19,11129041.074311025,0.07011137617039605,0.22558804733025983,0.1435524744024591,0.01647436762239594
choque_05pct_temporario,temporario,0.95,0.050000000000000044,False,12,53,20,11003899.627210228,0.08647117038775728,0.23833079768448862,0.1700612001952238,0.010719555307410237
choque_05pct_temporario,temporario,0.95,0.050000000000000044,False,12,53,21,10632358.171801858,0.10354920234844826,0.2257151284434331,0.19525312554760563,-0.006847478835185076
choque_05pct_temporario,temporario,0.95,0.050000000000000044,False,12,53,22,10332040.495448876,0.11544604087222016,0.19340076740113776,0.21155322542813987,-0.027036154405860942
choque_05pct_temporario,temporario,0.95,0.050000000000000044,False,12,53,23,10250783.172902197,0.11248997896106058,0.1532505352362168,0.21453102759864337,-0.04743053096975683
choque_05pct_temporario,temporario,0.95,0.050000000000000044,False,12,53,24,10367409.512493012,0.10214167252708317,0.11648008428836265,0.20549555926787752,-0.057307134912351926
choque_05pct_temporario,temporario,0.95,0.050000000000000044,False,12,53,25,11143584.732498385,0.06939911796171971,0.09242613858061755,0.17991511010018804,-0.05584829361523642
choque_05pct_temporario,temporario,0.95,0.050000000000000044,False,13,54,0,7609597.0,0.138,0.03,0.12063832026847152,0.010583740505574736
choque_05pct_temporario,temporario,0.95,0.050000000000000044,False,13,54,1,7652724.38733265,0.14039181650999813,0.030000000000000027,0.11859183719691781,0.007984885903803248
choque_05pct_temporario,temporario,0.95,0.050000000000000044,False,13,54,2,7807882.025855416,0.1352284517914167,0.024191249950330507,0.12042664381191594,0.00693153572118296
choque_05pct_temporario,temporario,0.95,0.050000000000000044,False,13,54,3,8010822.675969156,0.12609412635990758,0.02682132259231884,0.11362985002848908,0.003909160612021878
choque_05pct_temporario,temporario,0.95,0.050000000000000044,False,13,54,4,8353037.674028627,0.1122005496088554,0.029735017778547812,0.10600443750644371,0.00784903943743556
choque_05pct_temporario,temporario,0.95,0.050000000000000044,False,13,54,5,8596387.09299405,0.09639482716517143,0.043215782648191814,0.0988409193020234,0.008799441488931404
choque_05pct_temporario,temporario,0.95,0.050000000000000044,False,13,54,6,8796178.804719597,0.09032822368246261,0.061255175254910865,0.09703704194864252,0.012479578397009462
choque_05pct_temporario,temporario,0.95,0.050000000000000044,False,13,54,7,8955217.837790128,0.0898042310593811,0.08552205203774288,0.10230018625253472,0.010580061416953272
choque_05pct_temporario,temporario,0.95,0.050000000000000044,False,13,54,8,8950872.819724599,0.0991318566394832,0.10495015671867147,0.11519567172555095,0.013188465124594335
choque_05pct_temporario,temporario,0.95,0.050000000000000044,False,13,54,9,8927014.668395458,0.10777401320612301,0.11461676887264471,0.13300445327664084,0.007747114808996976
choque_05pct_temporario,temporario,0.95,0.050000000000000044,False,13,54,10,8796989.49277749,0.12341709447454152,0.1133470899008846,0.15106412289944168,-0.0022661096060997135
choque_05pct_temporario,temporario,0.95,0.050000000000000044,False,13,54,11,8648360.274302056,0.13642751514233195,0.09930393110871494,0.16915494405707476,-0.010487591445241407
choque_05pct_temporario,temporario,0.95,0.050000000000000044,False,13,54,12,8670470.29287939,0.13706487433514672,0.07878752348134843,0.17431706948386608,-0.01954766736504861
choque_05pct_temporario,temporario,0.95,0.050000000000000044,False,13,54,13,8830162.45163186,0.12796781590717982,0.05834591142600476,0.16896819637710253,-0.0285425968730244
choque_05pct_temporario,temporario,0.95,0.050000000000000044,False,13,54,14,9157908.706472548,0.11106147097952122,0.04552794701732488,0.15541360488276867,-0.030349746873548723
choque_05pct_temporario,temporario,0.95,0.050000000000000044,False,13,54,15,9739943.579861462,0.08442502316427214,0.043418414240206094,0.13598320364899663,-0.02565192831938667
choque_05pct_temporario,temporario,0.95,0.050000000000000044,False,13,54,16,10334260.259077827,0.05818848147031233,0.06182273801684102,0.11628532564028814,-0.01646118958559951
choque_05pct_temporario,temporario,0.95,0.050000000000000044,False,13,54,17,10744175.010157118,0.0482656941191989,0.1073881654596478,0.10475204122787082,-0.00048483526039809824
choque_05pct_temporario,temporario,0.95,0.050000000000000044,False,13,54,18,10944899.908850186,0.05770052950728234,0.16988065281282205,0.1147926770232708,0.011713405038192902
choque_05pct_temporario,temporario,0.95,0.050000000000000044,False,13,54,19,11031521.16521223,0.07295264815959428,0.21333444039154204,0.14720611725468477,0.014566802308522307
choque_05pct_temporario,temporario,0.95,0.050000000000000044,False,13,54,20,11031668.677196778,0.0795378833237389,0.22922849442088133,0.1666040949644172,0.01057438498692025
choque_05pct_temporario,temporario,0.95,0.050000000000000044,False,13,54,21,10808632.238413174,0.08785635689917484,0.22552159422030105,0.17913792551646937,-0.0016883355174676267
choque_05pct_temporario,temporario,0.95,0.050000000000000044,False,13,54,22,10592093.804492906,0.09971489879594972,0.20444367168762878,0.19613955445871467,-0.018832710790960324
choque_05pct_temporario,temporario,0.95,0.050000000000000044,False,13,54,23,10516545.377861343,0.10153219427085353,0.17434863590614613,0.20480014887324022,-0.033935254525323
choque_05pct_temporario,temporario,0.95,0.050000000000000044,False,13,54,24,10579726.239308864,0.09553939615769447,0.1433793154895706,0.2012816788920725,-0.04740218967447118
choque_05pct_temporario,temporario,0.95,0.050000000000000044,False,13,54,25,11080820.068082152,0.07375706252747526,0.12081821117042346,0.18414778537671533,-0.04565847908902024
choque_05pct_temporario,temporario,0.95,0.050000000000000044,False,14,55,0,7609597.0,0.138,0.03,0.12063832026847152,0.010583740505574736
choque_05pct_temporario,temporario,0.95,0.050000000000000044,False,14,55,1,7652724.38733265,0.14039181650999813,0.030000000000000027,0.11859183719691781,0.007984885903803248
choque_05pct_temporario,temporario,0.95,0.050000000000000044,False,14,55,2,7803747.8971590325,0.13522708141572493,0.024175498106025595,0.120415382402965,0.0032971674482037134
choque_05pct_temporario,temporario,0.95,0.050000000000000044,False,14,55,3,8074617.987863225,0.12423025497525701,0.02688704207308823,0.11150621873013597,0.003946045070084616
choque_05pct_temporario,temporario,0.95,0.050000000000000044,False,14,55,4,8376568.068342616,0.10717627813955055,0.030506877646086616,0.10282315139671222,0.005642319273890538
choque_05pct_temporario,temporario,0.95,0.050000000000000044,False,14,55,5,8718588.51646715,0.08948273163367823,0.047333712972652986,0.09214408943599647,0.011840848749666708
choque_05pct_temporario,temporario,0.95,0.050000000000000044,False,14,55,6,8911184.70588733,0.08160939826171791,0.06951236534007377,0.09089442366364084,0.015901968109150927
choque_05pct_temporario,temporario,0.95,0.050000000000000044,False,14,55,7,8978263.31877764,0.09041886433390334,0.09936635595229526,0.10025012314990511,0.01806370635584065
choque_05pct_temporario,temporario,0.95,0.050000000000000044,False,14,55,8,8883324.282416545,0.10736143610245773,0.11547970211556069,0.12549846319909938,0.014273888315053706
choque_05pct_temporario,temporario,0.95,0.050000000000000044,False,14,55,9,8806503.363629334,0.12367595667814822,0.11902582509756066,0.1455884060083131,0.011442048460118915
choque_05pct_temporario,temporario,0.95,0.050000000000000044,False,14,55,10,8575737.061912699,0.13840275522160123,0.10804189717426649,0.1658190260359859,-0.0035467542422339187
choque_05pct_temporario,temporario,0.95,0.050000000000000044,False,14,55,11,8450825.322878746,0.14633121744924507,0.08796325342833966,0.17774048009607274,-0.018227050523715788
choque_05pct_temporario,temporario,0.95,0.050000000000000044,False,14,55,12,8464649.908703793,0.14672285708793747,0.06324857333005607,0.18128253975706538,-0.03150099798135002
choque_05pct_temporario,temporario,0.95,0.050000000000000044,False,14,55,13,8641326.075321341,0.13899989334927934,0.04048755730081455,0.17472142255746864,-0.03779833356820993
choque_05pct_temporario,temporario,0.95,0.050000000000000044,False,14,55,14,9236476.36014973,0.11507110977442533,0.025569934309064513,0.15510060461200448,-0.03925938037611947
choque_05pct_temporario,temporario,0.95,0.050000000000000044,False,14,55,15,9731903.105292317,0.08657897435664592,0.02329326332878856,0.13483294328160314,-0.028089995600056563
choque_05pct_temporario,temporario,0.95,0.050000000000000044,False,14,55,16,10230032.524891218,0.06498533277347711,0.0435588802152731,0.11832682279499827,-0.01694763805280197
choque_05pct_temporario,temporario,0.95,0.050000000000000044,False,14,55,17,10561571.56369835,0.05575969759450749,0.08561879577596376,0.11164082134590658,-0.005824343771369015
choque_05pct_temporario,temporario,0.95,0.050000000000000044,False,14,55,18,10920994.95598458,0.05719973157348613,0.14087610021525965,0.1170641912943653,0.004558357501942238
choque_05pct_temporario,temporario,0.95,0.050000000000000044,False,14,55,19,11144668.244866183,0.06330714893093412,0.19051099113068326,0.13423898943684276,0.013008967805650414
choque_05pct_temporario,temporario,0.95,0.050000000000000044,False,14,55,20,11235780.287165353,0.06894133820282193,0.22413940819515044,0.1507570475686571,0.013159418964859287
choque_05pct_temporario,temporario,0.95,0.050000000000000044,False,14,55,21,11224733.89772338,0.0737357646500042,0.23608646467399552,0.16451179617062023,0.007517681424896755
choque_05pct_temporario,temporario,0.95,0.050000000000000044,False,14,55,22,11001749.118412487,0.08452517795609568,0.2323587210278355,0.18177075189628572,-0.005685305572065616
choque_05pct_temporario,temporario,0.95,0.050000000000000044,False,14,55,23,10830770.744544081,0.09637379998699061,0.21143556943877528,0.19953417539973028,-0.019506731652934043
choque_05pct_temporario,temporario,0.95,0.050000000000000044,False,14,55,24,10721626.55799022,0.09517984908450905,0.18105034316973856,0.20686906205154795,-0.035761407766406794
choque_05pct_temporario,temporario,0.95,0.050000000000000044,False,14,55,25,10975976.487959992,0.08139469709319379,0.1530001514234891,0.1950639292519273,-0.04571370687151515
choque_05pct_temporario,temporario,0.95,0.050000000000000044,False,15,56,0,7609597.0,0.138,0.03,0.12063832026847152,0.010583740505574736
choque_05pct_temporario,temporario,0.95,0.050000000000000044,False,15,56,1,7652724.38733265,0.14039181650999813,0.030000000000000027,0.11859183719691781,0.007984885903803248
choque_05pct_temporario,temporario,0.95,0.050000000000000044,False,15,56,2,7803739.127105768,0.13522708141572493,0.024178098798171233,0.12051654365317306,0.0031981574481878784
choque_05pct_temporario,temporario,0.95,0.050000000000000044,False,15,56,3,8065391.775771203,0.12431866702072024,0.026870259070886693,0.1111530460226252,0.007187670970995964
choque_05pct_temporario,temporario,0.95,0.050000000000000044,False,15,56,4,8387501.122808974,0.10714595804044674,0.03046905717065429,0.10368308254123614,0.006782423317646223
choque_05pct_temporario,temporario,0.95,0.050000000000000044,False,15,56,5,8627584.816220632,0.09424190396447397,0.046872728011774,0.09546709848123656,0.009368080696801643
choque_05pct_temporario,temporario,0.95,0.050000000000000044,False,15,56,6,8848165.51083156,0.08851872799869387,0.06602212606774849,0.09589673437803437,0.014521367908259317
choque_05pct_temporario,temporario,0.95,0.050000000000000044,False,15,56,7,8922872.970047774,0.09115773816429225,0.09145202564856225,0.10374743243484999,0.014482994131073023
choque_05pct_temporario,temporario,0.95,0.050000000000000044,False,15,56,8,8836606.513241643,0.10730941949242369,0.10840990222754066,0.12349221709491187,0.011175903341807547
choque_05pct_temporario,temporario,0.95,0.050000000000000044,False,15,56,9,8762006.337432953,0.12179077988963222,0.11246888039994052,0.1446933881804422,0.004814472679313386
choque_05pct_temporario,temporario,0.95,0.050000000000000044,False,15,56,10,8626545.968167167,0.13363853494474262,0.10369637321560865,0.16023980133191884,-0.00487806686954214
choque_05pct_temporario,temporario,0.95,0.050000000000000044,False,15,56,11,8575236.881353669,0.13613385560399888,0.08565672590251538,0.16946772947375707,-0.016319556518336
choque_05pct_temporario,temporario,0.95,0.050000000000000044,False,15,56,12,8692626.068108331,0.133300018304528,0.06685114715679497,0.16796648588708007,-0.025841369707550254
choque_05pct_temporario,temporario,0.95,0.050000000000000044,False,15,56,13,8905133.485383928,0.12221776094157928,0.04911206274788649,0.16095603442018572,-0.027180139096889926
choque_05pct_temporario,temporario,0.95,0.050000000000000044,False,15,56,14,9458738.838930685,0.09575238722901842,0.03949469509017556,0.1427028667567009,-0.02720787541743352
choque_05pct_temporario,temporario,0.95,0.050000000000000044,False,15,56,15,9926035.068376381,0.07462815676981284,0.048342806997705656,0.12434437074668335,-0.019302730507988818
choque_05pct_temporario,temporario,0.95,0.050000000000000044,False,15,56,16,10408527.833202666,0.05703904480521098,0.07589848011841505,0.11347717635503947,-0.010888930496654054
choque_05pct_temporario,temporario,0.95,0.050000000000000044,False,15,56,17,10775290.058772834,0.05274829625641262,0.1264079646279006,0.10809031201404114,0.002077955450599274
choque_05pct_temporario,temporario,0.95,0.050000000000000044,False,15,56,18,10939014.239291927,0.062102972422582066,0.18040399433064858,0.1238993656913316,0.011793589851307254
choque_05pct_temporario,temporario,0.95,0.050000000000000044,False,15,56,19,11004445.516168207,0.0762332021165761,0.21604352512388525,0.15109412731608998,0.013285877653760093
choque_05pct_temporario,temporario,0.95,0.050000000000000044,False,15,56,20,10862695.284952123,0.0869539666248429,0.2245280783642125,0.17318828714643952,0.004584931985947628
choque_05pct_temporario,temporario,0.95,0.050000000000000044,False,15,56,21,10602021.637964815,0.09832208027912454,0.21226115894344688,0.18909634966489408,-0.006757456372063986
choque_05pct_temporario,temporario,0.95,0.050000000000000044,False,15,56,22,10430719.438492676,0.10331386762578698,0.18508406957894374,0.2012585773667731,-0.024639975447447598
choque_05pct_temporario,temporario,0.95,0.050000000000000044,False,15,56,23,10467626.717486283,0.09751772694286434,0.15378345402575921,0.20041320471793447,-0.03847295723355775
choque_05pct_temporario,temporario,0.95,0.050000000000000044,False,15,56,24,10675588.977083666,0.08510068769490758,0.12898069556733005,0.19121288590730381,-0.04596736278184693
choque_05pct_temporario,temporario,0.95,0.050000000000000044,False,15,56,25,11349678.796921035,0.061476082594568646,0.11548174831321711,0.1721269799679727,-0.04506104796862287
choque_05pct_temporario,temporario,0.95,0.050000000000000044,False,16,57,0,7609597.0,0.138,0.03,0.12063832026847152,0.010583740505574736
choque_05pct_temporario,temporario,0.95,0.050000000000000044,False,16,57,1,7652724.38733265,0.14039181650999813,0.030000000000000027,0.11859183719691781,0.007984885903803248
choque_05pct_temporario,temporario,0.95,0.050000000000000044,False,16,57,2,7798149.185335477,0.13522708141572493,0.02417888502677079,0.12050270894061646,0.0034953853031676287
choque_05pct_temporario,temporario,0.95,0.050000000000000044,False,16,57,3,8058476.3955916595,0.12462896071866911,0.02686294330919381,0.11165030530206593,0.004615175905555728
choque_05pct_temporario,temporario,0.95,0.050000000000000044,False,16,57,4,8385237.313331587,0.10741247831602448,0.030342160743449753,0.10345300497362986,0.009326952688435478
choque_05pct_temporario,temporario,0.95,0.050000000000000044,False,16,57,5,8650046.391788319,0.09266228950514205,0.04576056041847698,0.09558621777937105,0.014405724268197815
choque_05pct_temporario,temporario,0.95,0.050000000000000044,False,16,57,6,8808152.002103852,0.09001067881601023,0.06661546256373274,0.09700091029802277,0.01598623605361326
choque_05pct_temporario,temporario,0.95,0.050000000000000044,False,16,57,7,8855627.328573544,0.09833397980425154,0.08910302402678738,0.10874549480726882,0.012413183329910255
choque_05pct_temporario,temporario,0.95,0.050000000000000044,False,16,57,8,8871481.665588597,0.10717799579173311,0.1026049715535009,0.12466128483052398,0.011576924245722224
choque_05pct_temporario,temporario,0.95,0.050000000000000044,False,16,57,9,8857515.784186741,0.11431598090479084,0.10644075237677852,0.1382512781592338,0.006442637515908574
choque_05pct_temporario,temporario,0.95,0.050000000000000044,False,16,57,10,8736147.653457627,0.12631963701214036,0.10226465641420601,0.15326403446429965,-0.004530360740448214
choque_05pct_temporario,temporario,0.95,0.050000000000000044,False,16,57,11,8638687.589869324,0.1355109712304947,0.08854738973759457,0.16706901110857922,-0.01418960198591852
choque_05pct_temporario,temporario,0.95,0.050000000000000044,False,16,57,12,8664470.152612748,0.1348450842402418,0.07227069301438549,0.17043398960049694,-0.02364639912623638
choque_05pct_temporario,temporario,0.95,0.050000000000000044,False,16,57,13,8876521.835966753,0.1262528477910044,0.05347910086225682,0.16494784033131463,-0.030904885909530243
choque_05pct_temporario,temporario,0.95,0.050000000000000044,False,16,57,14,9228101.597364638,0.10823351761528027,0.044501750411883645,0.15124690026517942,-0.029560509818206033
choque_05pct_temporario,temporario,0.95,0.050000000000000044,False,16,57,15,9914149.557412043,0.07877360307922165,0.0431037774380989,0.13073718488009567,-0.022739303140008566
choque_05pct_temporario,temporario,0.95,0.050000000000000044,False,16,57,16,10366501.381956458,0.05706677544767636,0.06825775039102222,0.112962453252642,-0.011513306923158198
choque_05pct_temporario,temporario,0.95,0.050000000000000044,False,16,57,17,10698819.127642421,0.051640221468896755,0.11453314501669465,0.10797441752556114,-0.0016527525676832155
choque_05pct_temporario,temporario,0.95,0.050000000000000044,False,16,57,18,10904232.788272114,0.06056141505389204,0.17293923593464267,0.12128664091851164,0.010889756173866845
choque_05pct_temporario,temporario,0.95,0.050000000000000044,False,16,57,19,11002690.280462025,0.07365212470675732,0.21129478143941038,0.14875951682719196,0.01455817991357491
choque_05pct_temporario,temporario,0.95,0.050000000000000044,False,16,57,20,11006033.313795812,0.0813840202989605,0.22545576258467337,0.16683887454167587,0.00878842209283042
choque_05pct_temporario,temporario,0.95,0.050000000000000044,False,16,57,21,10712181.206087848,0.09350942165467455,0.2194690429131816,0.18412244215847012,-0.00710604782509079
choque_05pct_temporario,temporario,0.95,0.050000000000000044,False,16,57,22,10493811.8551011,0.10627350526699784,0.19497425859537687,0.2017844468204488,-0.02062263685541182
choque_05pct_temporario,temporario,0.95,0.050000000000000044,False,16,57,23,10389555.109822419,0.10590343718084232,0.16269366545064856,0.20927594998571375,-0.04030349158260705
choque_05pct_temporario,temporario,0.95,0.050000000000000044,False,16,57,24,10566684.525190633,0.09543857491903832,0.13006977509030926,0.19995853984006834,-0.048909371002334424
choque_05pct_temporario,temporario,0.95,0.050000000000000044,False,16,57,25,11138739.517626202,0.06865552775953508,0.11045428954506842,0.17952495553228465,-0.04943159901275248
choque_05pct_temporario,temporario,0.95,0.050000000000000044,False,17,58,0,7609597.0,0.138,0.03,0.12063832026847152,0.010583740505574736
choque_05pct_temporario,temporario,0.95,0.050000000000000044,False,17,58,1,7652724.38733265,0.14039181650999813,0.030000000000000027,0.11859183719691781,0.007984885903803248
choque_05pct_temporario,temporario,0.95,0.050000000000000044,False,17,58,2,7802161.346453733,0.13522791937893172,0.024174926556558063,0.12037381947310465,0.0028043715900083316
choque_05pct_temporario,temporario,0.95,0.050000000000000044,False,17,58,3,8059652.985903531,0.12473132222678276,0.026858027179900823,0.11102645403276418,0.005185265446354202
choque_05pct_temporario,temporario,0.95,0.050000000000000044,False,17,58,4,8453070.564015096,0.10693851959265516,0.030329238507252443,0.10211269007592062,0.00914744216823397
choque_05pct_temporario,temporario,0.95,0.050000000000000044,False,17,58,5,8633058.215033257,0.09163454218366265,0.04774058235626222,0.09449953660810725,0.014414536160168582
choque_05pct_temporario,temporario,0.95,0.050000000000000044,False,17,58,6,8797500.677321328,0.0901621856691143,0.06799741788558578,0.09678954312539324,0.013959283333972212
choque_05pct_temporario,temporario,0.95,0.050000000000000044,False,17,58,7,8840659.35134604,0.09855628480806625,0.0915706940303116,0.10893893962279412,0.01336174893167957
choque_05pct_temporario,temporario,0.95,0.050000000000000044,False,17,58,8,8801591.395427242,0.11185128306888191,0.10339609725125043,0.12856603572871075,0.005609085343865674
choque_05pct_temporario,temporario,0.95,0.050000000000000044,False,17,58,9,8689360.360585416,0.12414679377906997,0.10477452179083935,0.1455687806075832,-0.001232490237535711
choque_05pct_temporario,temporario,0.95,0.050000000000000044,False,17,58,10,8745026.795149568,0.1245273159387999,0.09389372594413126,0.15359315990552289,-0.0067899592431181965
choque_05pct_temporario,temporario,0.95,0.050000000000000044,False,17,58,11,8749448.894162193,0.12535276590148456,0.08250222245516858,0.15645106638463133,-0.015282878305761319
choque_05pct_temporario,temporario,0.95,0.050000000000000044,False,17,58,12,8856180.672773622,0.1205807505259771,0.0679006447153665,0.15788005591562326,-0.023173936183155875
choque_05pct_temporario,temporario,0.95,0.050000000000000044,False,17,58,13,9133616.272327442,0.10899908148782037,0.058419155024871605,0.14983020778142134,-0.023157421850813865
choque_05pct_temporario,temporario,0.95,0.050000000000000044,False,17,58,14,9509405.872276165,0.09205288402081795,0.0562391396264903,0.13872391750441876,-0.020777651289437694
choque_05pct_temporario,temporario,0.95,0.050000000000000044,False,17,58,15,9928354.56411464,0.07377268370355636,0.06733781896836266,0.12596494278153691,-0.015453624167599593
choque_05pct_temporario,temporario,0.95,0.050000000000000044,False,17,58,16,10379739.213115433,0.06008360145519133,0.09425463599470496,0.1157352028257496,-0.003957529586437065
choque_05pct_temporario,temporario,0.95,0.050000000000000044,False,17,58,17,10713225.228149092,0.05506416419981622,0.13682060281619557,0.11500124677223662,0.0010251466659664716
choque_05pct_temporario,temporario,0.95,0.050000000000000044,False,17,58,18,10894141.559328433,0.06263581009909602,0.184103962294639,0.12627093113819263,0.01191751838574233
choque_05pct_temporario,temporario,0.95,0.050000000000000044,False,17,58,19,10913664.5480991,0.07437628422694437,0.21358708231236845,0.15140953845814278,0.012013364460858326
choque_05pct_temporario,temporario,0.95,0.050000000000000044,False,17,58,20,10862590.573447403,0.0832198679249887,0.22187660462119219,0.16951785882751177,0.006235536840389955
choque_05pct_temporario,temporario,0.95,0.050000000000000044,False,17,58,21,10624061.344252007,0.09425701359134975,0.2112995847082222,0.18650303522114595,-0.009802759178279961
choque_05pct_temporario,temporario,0.95,0.050000000000000044,False,17,58,22,10457940.775914827,0.10552348156702451,0.18723866303150505,0.20053658015881676,-0.026765718680910256
choque_05pct_temporario,temporario,0.95,0.050000000000000044,False,17,58,23,10420609.22597154,0.10398257826851806,0.15419888128225567,0.20482973177268096,-0.03837904834913965
choque_05pct_temporario,temporario,0.95,0.050000000000000044,False,17,58,24,10798113.201401643,0.08231048563584091,0.12520737204555332,0.1899088643338521,-0.04871999628394789
choque_05pct_temporario,temporario,0.95,0.050000000000000044,False,17,58,25,11398830.905506348,0.05490874531401026,0.11565923464140648,0.16516303608226682,-0.04288601748897303
choque_05pct_temporario,temporario,0.95,0.050000000000000044,False,18,59,0,7609597.0,0.138,0.03,0.12063832026847152,0.010583740505574736
choque_05pct_temporario,temporario,0.95,0.050000000000000044,False,18,59,1,7652724.38733265,0.14039181650999813,0.030000000000000027,0.11859183719691781,0.007984885903803248
choque_05pct_temporario,temporario,0.95,0.050000000000000044,False,18,59,2,7795331.867327983,0.13522708141572493,0.0241798548657024,0.12054274951344701,0.0039060437221932294
choque_05pct_temporario,temporario,0.95,0.050000000000000044,False,18,59,3,8076751.23502447,0.12376025350159268,0.026841265069014852,0.11144878433202092,0.005049452077611797
choque_05pct_temporario,temporario,0.95,0.050000000000000044,False,18,59,4,8398153.82331242,0.10856080677944041,0.030715111787881444,0.10452471034896345,0.010690508268069185
choque_05pct_temporario,temporario,0.95,0.050000000000000044,False,18,59,5,8538038.860404352,0.09806860208299634,0.04633256184618317,0.09970124467981678,0.010471536202079176
choque_05pct_temporario,temporario,0.95,0.050000000000000044,False,18,59,6,8735836.228467137,0.09492714905981936,0.06339430289466308,0.1008565984320669,0.009243527426395549
choque_05pct_temporario,temporario,0.95,0.050000000000000044,False,18,59,7,8903363.200911405,0.09441272530033927,0.08355228736035758,0.10598465192204105,0.012376124578605796
choque_05pct_temporario,temporario,0.95,0.050000000000000044,False,18,59,8,8923478.709892336,0.0999766827662239,0.0990595040654978,0.11807356852406355,0.009730548108493121
choque_05pct_temporario,temporario,0.95,0.050000000000000044,False,18,59,9,8881318.203809446,0.11141703257686184,0.10745493186221489,0.13401016805640728,0.005321586237505468
choque_05pct_temporario,temporario,0.95,0.050000000000000044,False,18,59,10,8786933.557095513,0.12371884292434199,0.10486581352589663,0.1512779374549956,0.0001280551268873328
choque_05pct_temporario,temporario,0.95,0.050000000000000044,False,18,59,11,8732252.259149015,0.13051537169877406,0.0930256805185119,0.16353094451148795,-0.010799975068716836
choque_05pct_temporario,temporario,0.95,0.050000000000000044,False,18,59,12,8668687.281925416,0.13411217108380205,0.0780042732844668,0.17085486384450843,-0.02068549898206913
choque_05pct_temporario,temporario,0.95,0.050000000000000044,False,18,59,13,8803731.546125365,0.12911100067022752,0.06028611618740287,0.16919065451182924,-0.03061772740372933
choque_05pct_temporario,temporario,0.95,0.050000000000000044,False,18,59,14,9180595.545453047,0.11258937988669662,0.04837227726647253,0.15509470604145323,-0.029411497016948233
choque_05pct_temporario,temporario,0.95,0.050000000000000044,False,18,59,15,9863006.437271608,0.08123170579207528,0.04412759825943291,0.13384842609018874,-0.021698525775045184
choque_05pct_temporario,temporario,0.95,0.050000000000000044,False,18,59,16,10285271.848765913,0.05766651365873208,0.0649245039013433,0.11508949457968037,-0.013517410682969355
choque_05pct_temporario,temporario,0.95,0.050000000000000044,False,18,59,17,10693591.687360112,0.051318774749499405,0.10969615096817864,0.107157930167405,-0.003364487786609549
choque_05pct_temporario,temporario,0.95,0.050000000000000044,False,18,59,18,10978814.93031112,0.05523628483123694,0.1682388226007292,0.11697949467854625,0.009485717466634305
choque_05pct_temporario,temporario,0.95,0.050000000000000044,False,18,59,19,11162497.030283494,0.06455992548323589,0.21514862734123597,0.13709937253514917,0.015827098632450652
choque_05pct_temporario,temporario,0.95,0.050000000000000044,False,18,59,20,11206463.075165031,0.07160166939172367,0.23842850552229033,0.1568796747364545,0.013931913782204836
choque_05pct_temporario,temporario,0.95,0.050000000000000044,False,18,59,21,11040053.065445881,0.08228088525126788,0.24141640044376267,0.17265041293906613,0.00701503883746209
choque_05pct_temporario,temporario,0.95,0.050000000000000044,False,18,59,22,10784846.397263618,0.0953005611601797,0.22435663705934816,0.19328574813584845,-0.012100201575255242
choque_05pct_temporario,temporario,0.95,0.050000000000000044,False,18,59,23,10547569.726477541,0.10500606412964422,0.19279099581244208,0.2084243051174753,-0.029506312785453383
choque_05pct_temporario,temporario,0.95,0.050000000000000044,False,18,59,24,10501310.119954862,0.10273400212578596,0.15793848820841005,0.21031359814099582,-0.04483399237156871
choque_05pct_temporario,temporario,0.95,0.050000000000000044,False,18,59,25,10820100.185500205,0.08408750528156597,0.12634961094739383,0.19667674203226362,-0.05285307046549847
choque_05pct_temporario,temporario,0.95,0.050000000000000044,False,19,60,0,7609597.0,0.138,0.03,0.12063832026847152,0.010583740505574736
choque_05pct_temporario,temporario,0.95,0.050000000000000044,False,19,60,1,7652724.38733265,0.14039181650999813,0.030000000000000027,0.11859183719691781,0.007984885903803248
choque_05pct_temporario,temporario,0.95,0.050000000000000044,False,19,60,2,7801015.79439375,0.13522708141572493,0.02416779563427518,0.12036188788452327,0.0013312017868427292
choque_05pct_temporario,temporario,0.95,0.050000000000000044,False,19,60,3,8078810.5600800365,0.12319753467485918,0.026894303678024034,0.1102956269785451,0.004462778928094357
choque_05pct_temporario,temporario,0.95,0.050000000000000044,False,19,60,4,8453387.904864522,0.10460968212277172,0.030999778610697692,0.10072658162169798,0.010358840622038597
choque_05pct_temporario,temporario,0.95,0.050000000000000044,False,19,60,5,8661013.826329706,0.09000603777184077,0.04946670440995704,0.09294960223477426,0.012004055654224919
choque_05pct_temporario,temporario,0.95,0.050000000000000044,False,19,60,6,8872572.22762003,0.08708574279403912,0.07030505463378423,0.09496003408614802,0.012204057798633452
choque_05pct_temporario,temporario,0.95,0.050000000000000044,False,19,60,7,8910643.284745513,0.09437212088296879,0.09497213896514523,0.10636281345470334,0.011819426671499279
choque_05pct_temporario,temporario,0.95,0.050000000000000044,False,19,60,8,8876423.019558668,0.10979379958560576,0.1087151643802684,0.12562630264954366,0.010245714511775816
choque_05pct_temporario,temporario,0.95,0.050000000000000044,False,19,60,9,8809095.80825357,0.11808628158202902,0.11114749687254588,0.14308049783802065,0.0027708880995392965
choque_05pct_temporario,temporario,0.95,0.050000000000000044,False,19,60,10,8717208.229731053,0.12776103516638518,0.10398354809992694,0.15493124821857746,-0.005680765817026333
choque_05pct_temporario,temporario,0.95,0.050000000000000044,False,19,60,11,8641549.32414993,0.13470636992652457,0.08853693738301005,0.16628670185798877,-0.013626639280273712
choque_05pct_temporario,temporario,0.95,0.050000000000000044,False,19,60,12,8660692.811658746,0.13512755208762667,0.06948064410344346,0.17040783753372798,-0.024533403292415948
choque_05pct_temporario,temporario,0.95,0.050000000000000044,False,19,60,13,8871846.165025122,0.12305074675975171,0.05252848632264806,0.1628406940653857,-0.03131063399559276
choque_05pct_temporario,temporario,0.95,0.050000000000000044,False,19,60,14,9443802.02895922,0.09826814811959357,0.04330039616225445,0.1426694299523179,-0.028166447739719266
choque_05pct_temporario,temporario,0.95,0.050000000000000044,False,19,60,15,10035799.109454919,0.07227619383301853,0.04969931305127395,0.1231901034863879,-0.019205737950542614
choque_05pct_temporario,temporario,0.95,0.050000000000000044,False,19,60,16,10258451.691288963,0.05730834572434764,0.07911040035580585,0.1131038286349452,-0.010880005271475028
choque_05pct_temporario,temporario,0.95,0.050000000000000044,False,19,60,17,10727637.10076848,0.0539161902385568,0.12762670217447214,0.10985475479775633,0.0010135447100393853
choque_05pct_temporario,temporario,0.95,0.050000000000000044,False,19,60,18,10948845.308581224,0.05719328877724108,0.17882245874856895,0.12255893791439293,0.013476580577009822
choque_05pct_temporario,temporario,0.95,0.050000000000000044,False,19,60,19,11082855.644161656,0.06772043625066253,0.22113336649969506,0.14090588909211627,0.017314908265905544
choque_05pct_temporario,temporario,0.95,0.050000000000000044,False,19,60,20,10996796.523748444,0.08271387834630876,0.23553954017328937,0.16661330708460975,0.012570432626008718
choque_05pct_temporario,temporario,0.95,0.050000000000000044,False,19,60,21,10698990.13849025,0.09924960122079036,0.22675085744801327,0.19039237354063746,-0.0026040382224054377
choque_05pct_temporario,temporario,0.95,0.050000000000000044,False,19,60,22,10374325.461378232,0.11193321444211372,0.19678818780513274,0.20978205820767168,-0.024336992412923857
choque_05pct_temporario,temporario,0.95,0.050000000000000044,False,19,60,23,10224017.690150404,0.11365175957960115,0.15992671812232717,0.21508857596308337,-0.04303603660230816
choque_05pct_temporario,temporario,0.95,0.050000000000000044,False,19,60,24,10435111.195502976,0.09749017655446787,0.12183282914640037,0.20441990317049774,-0.052744469527626424
choque_05pct_temporario,temporario,0.95,0.050000000000000044,False,19,60,25,11167596.018649623,0.0682821084554797,0.10047336552928354,0.17707033542513861,-0.05030671854581353
choque_05pct_temporario,temporario,0.95,0.050000000000000044,False,20,61,0,7609597.0,0.138,0.03,0.12063832026847152,0.010583740505574736
choque_05pct_temporario,temporario,0.95,0.050000000000000044,False,20,61,1,7652724.38733265,0.14039181650999813,0.030000000000000027,0.11859183719691781,0.007984885903803248
choque_05pct_temporario,temporario,0.95,0.050000000000000044,False,20,61,2,7810192.315640007,0.135228353675209,0.02418820227567564,0.12035104403884442,0.0064052811322713905
choque_05pct_temporario,temporario,0.95,0.050000000000000044,False,20,61,3,8015479.294843943,0.12555636859119154,0.02682757863734886,0.11360296565960566,0.004290313158361185
choque_05pct_temporario,temporario,0.95,0.050000000000000044,False,20,61,4,8307641.492175498,0.1138708630209111,0.029925372509651327,0.10701674676196118,0.00478835745997645
choque_05pct_temporario,temporario,0.95,0.050000000000000044,False,20,61,5,8652105.170873443,0.09552415886291453,0.04320279423899431,0.09738674754749589,0.009001402033782758
choque_05pct_temporario,temporario,0.95,0.050000000000000044,False,20,61,6,8814937.499328837,0.08788814190192498,0.06211793354139017,0.0950913464732913,0.009447668902147755
choque_05pct_temporario,temporario,0.95,0.050000000000000044,False,20,61,7,8971257.259002617,0.08909150898154805,0.08687471713338413,0.10027603459661606,0.012621450754544966
choque_05pct_temporario,temporario,0.95,0.050000000000000044,False,20,61,8,9042648.319872465,0.09541825124658276,0.10561544258129363,0.11403848783741584,0.012759775611507863
choque_05pct_temporario,temporario,0.95,0.050000000000000044,False,20,61,9,8927169.7546948,0.11091009212748387,0.11791313929538294,0.13337439964034284,0.008242396285431736
choque_05pct_temporario,temporario,0.95,0.050000000000000044,False,20,61,10,8773943.670692759,0.12808579066015108,0.11389628455207279,0.15596447608805847,-0.00359310710769338
choque_05pct_temporario,temporario,0.95,0.050000000000000044,False,20,61,11,8674345.244538944,0.1378721696295633,0.1003638455444904,0.16877041599206688,-0.013957946770603724
choque_05pct_temporario,temporario,0.95,0.050000000000000044,False,20,61,12,8665529.864554161,0.13928613413145316,0.07750126827215009,0.17501639179357842,-0.025911931169424335
choque_05pct_temporario,temporario,0.95,0.050000000000000044,False,20,61,13,8771162.155276425,0.13316847794775435,0.05838777527469974,0.1711382093783668,-0.032640440831507474
choque_05pct_temporario,temporario,0.95,0.050000000000000044,False,20,61,14,9140336.130618693,0.11632955779557759,0.04141143995270924,0.15796225604953545,-0.033527967818662976
choque_05pct_temporario,temporario,0.95,0.050000000000000044,False,20,61,15,9724802.965056254,0.08929154957232961,0.038501235765010966,0.13735991126656985,-0.028553272236969404
choque_05pct_temporario,temporario,0.95,0.050000000000000044,False,20,61,16,10283240.54595896,0.064640266333397,0.050663935827301554,0.12049201675798302,-0.01701903044626188
choque_05pct_temporario,temporario,0.95,0.050000000000000044,False,20,61,17,10554199.941145353,0.05493015262347949,0.09097196018910214,0.11112701519708122,-0.008726395596474186
choque_05pct_temporario,temporario,0.95,0.050000000000000044,False,20,61,18,10938261.88690797,0.058621718895556195,0.14337284425868435,0.11773091206220442,0.0008365219954996888
choque_05pct_temporario,temporario,0.95,0.050000000000000044,False,20,61,19,11067628.666542575,0.06799770569412093,0.18947498131656992,0.13844352386373876,0.011986579177952974
choque_05pct_temporario,temporario,0.95,0.050000000000000044,False,20,61,20,11050020.83886759,0.07787073113298679,0.21448820845695393,0.1600447734934207,0.009708250248282604
choque_05pct_temporario,temporario,0.95,0.050000000000000044,False,20,61,21,10847954.618199786,0.09054067880124177,0.2181762064015076,0.17987037739615633,-0.0030387788065130146
choque_05pct_temporario,temporario,0.95,0.050000000000000044,False,20,61,22,10647241.390911901,0.10153711895906223,0.20214548019258238,0.19704662872561624,-0.019873253706022383
choque_05pct_temporario,temporario,0.95,0.050000000000000044,False,20,61,23,10550415.29126787,0.10380982330117972,0.17364422329922635,0.2049479145422229,-0.036152584987074673
choque_05pct_temporario,temporario,0.95,0.050000000000000044,False,20,61,24,10610103.672533354,0.09711656211711808,0.14290439015459144,0.20145465604350413,-0.04652894670256332
choque_05pct_temporario,temporario,0.95,0.050000000000000044,False,20,61,25,11120909.768277152,0.07052458495022729,0.12030434005888191,0.1831637428055004,-0.04769729089817633
choque_05pct_temporario,temporario,0.95,0.050000000000000044,False,21,62,0,7609597.0,0.138,0.03,0.12063832026847152,0.010583740505574736
choque_05pct_temporario,temporario,0.95,0.050000000000000044,False,21,62,1,7652724.38733265,0.14039181650999813,0.030000000000000027,0.11859183719691781,0.007984885903803248
choque_05pct_temporario,temporario,0.95,0.050000000000000044,False,21,62,2,7801883.245391858,0.13522709376288386,0.02416952371014558,0.12040707251402727,0.00129724124654278
choque_05pct_temporario,temporario,0.95,0.050000000000000044,False,21,62,3,8073871.66073165,0.12380185095192778,0.026912392182091516,0.11076434189347534,0.007752548773458605
choque_05pct_temporario,temporario,0.95,0.050000000000000044,False,21,62,4,8448430.68338447,0.10560762373411392,0.030690812225202757,0.10257360419698286,0.0062379533316305105
choque_05pct_temporario,temporario,0.95,0.050000000000000044,False,21,62,5,8624509.035967274,0.09383717337011517,0.04856926843901155,0.09525737104660374,0.01070545626300955
choque_05pct_temporario,temporario,0.95,0.050000000000000044,False,21,62,6,8782805.704361498,0.09209867973842979,0.0673541912992246,0.09896517633652753,0.012513109745230972
choque_05pct_temporario,temporario,0.95,0.050000000000000044,False,21,62,7,8823927.928891838,0.09862162795870488,0.08963397452722521,0.10958519944250675,0.012020758731732068
choque_05pct_temporario,temporario,0.95,0.050000000000000044,False,21,62,8,8820183.086870864,0.1098820860125304,0.1016557104435063,0.12620066409831635,0.01123140400092411
choque_05pct_temporario,temporario,0.95,0.050000000000000044,False,21,62,9,8762663.76933283,0.11803369402582391,0.10461237537099777,0.1415313516019761,0.00389480040790139
choque_05pct_temporario,temporario,0.95,0.050000000000000044,False,21,62,10,8667251.39774946,0.12710485731279242,0.0975893520168638,0.1554405571798287,-0.006093989993329657
choque_05pct_temporario,temporario,0.95,0.050000000000000044,False,21,62,11,8620055.015016934,0.13534788322880065,0.08356908424860698,0.1661777835048455,-0.015533361503535834
choque_05pct_temporario,temporario,0.95,0.050000000000000044,False,21,62,12,8704465.446011892,0.13368344744535404,0.065872399999092,0.16887459787394682,-0.02554814879111562
choque_05pct_temporario,temporario,0.95,0.050000000000000044,False,21,62,13,8904658.439924136,0.12537118554156762,0.05095229445005667,0.16161659034104575,-0.02785311207767286
choque_05pct_temporario,temporario,0.95,0.050000000000000044,False,21,62,14,9424610.658581588,0.09975853122873485,0.042108126183501904,0.14448314866441792,-0.024870116710231156
choque_05pct_temporario,temporario,0.95,0.050000000000000044,False,21,62,15,9938806.150498955,0.07311165633114843,0.04680920413708067,0.125068684599453,-0.018961665228665544
choque_05pct_temporario,temporario,0.95,0.050000000000000044,False,21,62,16,10408855.739486348,0.057925603638984684,0.07564724024365144,0.11198093912478334,-0.008476416703145747
choque_05pct_temporario,temporario,0.95,0.050000000000000044,False,21,62,17,10641173.612308696,0.05616812783930032,0.12469726443083662,0.11288953169218544,0.003260549331992963
choque_05pct_temporario,temporario,0.95,0.050000000000000044,False,21,62,18,10872316.152277565,0.06389796780018614,0.17436098518323462,0.12805097576934657,0.00956898719222044
choque_05pct_temporario,temporario,0.95,0.050000000000000044,False,21,62,19,10951610.066501556,0.0765432472939685,0.2075770674935875,0.15032298005010467,0.011904341798904868
choque_05pct_temporario,temporario,0.95,0.050000000000000044,False,21,62,20,10877611.844257127,0.08312486543038593,0.21678591984134377,0.16999469717031207,0.004923904823404973
choque_05pct_temporario,temporario,0.95,0.050000000000000044,False,21,62,21,10706158.103654817,0.09279384138708337,0.2097072807854894,0.18278880044460166,-0.009816246892721005
choque_05pct_temporario,temporario,0.95,0.050000000000000044,False,21,62,22,10447707.39750041,0.10325892424010978,0.18722037444409612,0.19995360884228552,-0.02453813192735104
choque_05pct_temporario,temporario,0.95,0.050000000000000044,False,21,62,23,10545532.597636035,0.09659503943270163,0.1573971431816521,0.2002002250476961,-0.036219994206108795
choque_05pct_temporario,temporario,0.95,0.050000000000000044,False,21,62,24,10782794.81628955,0.08172936656504229,0.13431069719365563,0.18755913511478162,-0.042873968496146074
choque_05pct_temporario,temporario,0.95,0.050000000000000044,False,21,62,25,11384051.980572052,0.05858979594276822,0.1239279394864885,0.16908805258908727,-0.03936300788366005
choque_05pct_temporario,temporario,0.95,0.050000000000000044,False,22,63,0,7609597.0,0.138,0.03,0.12063832026847152,0.010583740505574736
choque_05pct_temporario,temporario,0.95,0.050000000000000044,False,22,63,1,7652724.38733265,0.14039181650999813,0.030000000000000027,0.11859183719691781,0.007984885903803248
choque_05pct_temporario,temporario,0.95,0.050000000000000044,False,22,63,2,7797633.467722029,0.13522708141572493,0.024172637767157834,0.12049082387403716,0.0020602817057532043
choque_05pct_temporario,temporario,0.95,0.050000000000000044,False,22,63,3,8066639.8832752425,0.12356017619271581,0.026889606517262132,0.11054900799237515,0.005915720547520968
choque_05pct_temporario,temporario,0.95,0.050000000000000044,False,22,63,4,8425947.271434534,0.10521602740270865,0.030783332100446703,0.10127578506833448,0.008483989433225536
choque_05pct_temporario,temporario,0.95,0.050000000000000044,False,22,63,5,8682549.462651491,0.0900708011534335,0.04866460842839371,0.0919732178764634,0.011616770960410168
choque_05pct_temporario,temporario,0.95,0.050000000000000044,False,22,63,6,8904528.41648051,0.08367331840972217,0.06981720331475993,0.09171590618128651,0.01648099418667856
choque_05pct_temporario,temporario,0.95,0.050000000000000044,False,22,63,7,9031811.84315847,0.08741434826227007,0.097146179905647,0.09979273632347149,0.01795394749582349
choque_05pct_temporario,temporario,0.95,0.050000000000000044,False,22,63,8,8935176.167211385,0.10447280668977767,0.11605238572374743,0.12138585981271334,0.016169861863541315
choque_05pct_temporario,temporario,0.95,0.050000000000000044,False,22,63,9,8801565.981341146,0.1214946350909001,0.12119910714966742,0.14521029261253152,0.009038719391377651
choque_05pct_temporario,temporario,0.95,0.050000000000000044,False,22,63,10,8613299.77226669,0.13734360604813184,0.1104086244669118,0.16527200579638301,-0.0038428726187250697
choque_05pct_temporario,temporario,0.95,0.050000000000000044,False,22,63,11,8450064.28104541,0.14933312500899626,0.08981935001990493,0.17994054116438452,-0.015895007254619436
choque_05pct_temporario,temporario,0.95,0.050000000000000044,False,22,63,12,8460162.259156926,0.1499679328883495,0.06442519386562529,0.18342353927243346,-0.03090547400434374
choque_05pct_temporario,temporario,0.95,0.050000000000000044,False,22,63,13,8690099.150945267,0.13653322067098173,0.04168801314448056,0.1724385416807489,-0.037333765448448485
choque_05pct_temporario,temporario,0.95,0.050000000000000044,False,22,63,14,9272134.855204603,0.11067906264829863,0.026348980778334363,0.15036788969697149,-0.03340418977955859
choque_05pct_temporario,temporario,0.95,0.050000000000000044,False,22,63,15,9868713.631008448,0.08049537158625165,0.027128803880635877,0.1286588972419544,-0.025082814268187557
choque_05pct_temporario,temporario,0.95,0.050000000000000044,False,22,63,16,10290414.415337224,0.05912548362049295,0.05008253853002009,0.11292659818850206,-0.016023420196644815
choque_05pct_temporario,temporario,0.95,0.050000000000000044,False,22,63,17,10748303.432457555,0.051456760212916806,0.09891879227764311,0.10557573723056983,-0.006095676609146754
choque_05pct_temporario,temporario,0.95,0.050000000000000044,False,22,63,18,11096722.64701039,0.05488660891290099,0.161175641404671,0.11335503299032304,0.00878487031590866
choque_05pct_temporario,temporario,0.95,0.050000000000000044,False,22,63,19,11206283.783758372,0.06508742424000057,0.21211293983586899,0.13623643335832453,0.015541779390258652
choque_05pct_temporario,temporario,0.95,0.050000000000000044,False,22,63,20,11198125.98025901,0.07729740081055665,0.23857772517594067,0.15952274999172833,0.015997487272784074
choque_05pct_temporario,temporario,0.95,0.050000000000000044,False,22,63,21,10964967.695559738,0.09074342107973865,0.23685872296748411,0.18164076652781355,0.0048456420263750175
choque_05pct_temporario,temporario,0.95,0.050000000000000044,False,22,63,22,10661624.840046242,0.10582888041160925,0.21436439567639098,0.20187887554351241,-0.015665375113104705
choque_05pct_temporario,temporario,0.95,0.050000000000000044,False,22,63,23,10334020.24719631,0.11642598255720378,0.1795588849449974,0.21810226612339492,-0.03716632278289342
choque_05pct_temporario,temporario,0.95,0.050000000000000044,False,22,63,24,10353992.524535017,0.11055639092116391,0.13734869902583902,0.2173394049435957,-0.055209247212069816
choque_05pct_temporario,temporario,0.95,0.050000000000000044,False,22,63,25,10735634.185512416,0.09125419197449433,0.10561894795894,0.19899385530741864,-0.05765252733898077
choque_05pct_temporario,temporario,0.95,0.050000000000000044,False,23,64,0,7609597.0,0.138,0.03,0.12063832026847152,0.010583740505574736
choque_05pct_temporario,temporario,0.95,0.050000000000000044,False,23,64,1,7652716.012269475,0.14039188543076578,0.030000000000000027,0.11859223719990825,0.007984765243853872
choque_05pct_temporario,temporario,0.95,0.050000000000000044,False,23,64,2,7799964.972859484,0.13522774575925392,0.024174680748029198,0.12042437573142113,0.002252602548337618
choque_05pct_temporario,temporario,0.95,0.050000000000000044,False,23,64,3,8073273.91683056,0.12453055810975092,0.02689811845523793,0.11105088284388162,0.004794454360915522
choque_05pct_temporario,temporario,0.95,0.050000000000000044,False,23,64,4,8408704.665028108,0.10800077269270865,0.030427564671585916,0.10352117790806743,0.010270680580806822
choque_05pct_temporario,temporario,0.95,0.050000000000000044,False,23,64,5,8643916.124017276,0.09396346094750797,0.0480661673273981,0.09510190952182042,0.012676446029699869
choque_05pct_temporario,temporario,0.95,0.050000000000000044,False,23,64,6,8781313.570097327,0.08869284321027229,0.06619325931188036,0.09767824949286369,0.01417317578428373
choque_05pct_temporario,temporario,0.95,0.050000000000000044,False,23,64,7,8798258.382560477,0.10008032184939632,0.09113884491659707,0.10848268591907545,0.014228937207466494
choque_05pct_temporario,temporario,0.95,0.050000000000000044,False,23,64,8,8791204.053046823,0.1115258372860674,0.10167243183659536,0.12966852048295938,0.007962076111408095
choque_05pct_temporario,temporario,0.95,0.050000000000000044,False,23,64,9,8687358.033477617,0.12567156095048754,0.10438339590544965,0.1457442876933541,0.001217322884539397
choque_05pct_temporario,temporario,0.95,0.050000000000000044,False,23,64,10,8604740.600358458,0.1338499712139318,0.09212755650753901,0.1617862481943687,-0.011098805787192032
choque_05pct_temporario,temporario,0.95,0.050000000000000044,False,23,64,11,8559523.840912467,0.13739112679710253,0.07698797604193852,0.16768357332617273,-0.020477304684818034
choque_05pct_temporario,temporario,0.95,0.050000000000000044,False,23,64,12,8771818.93430844,0.12924526059231717,0.05719699670862877,0.1633997557630149,-0.02310217605692492
choque_05pct_temporario,temporario,0.95,0.050000000000000044,False,23,64,13,9166105.248039288,0.1075951241166018,0.04632860514188497,0.1475824698455421,-0.02271641478351599
choque_05pct_temporario,temporario,0.95,0.050000000000000044,False,23,64,14,9622538.462676452,0.0849960176598202,0.04635641923742484,0.13140824781547164,-0.02284562480298163
choque_05pct_temporario,temporario,0.95,0.050000000000000044,False,23,64,15,9999781.792310812,0.06673882130813914,0.0648577390442,0.11852995175264407,-0.013261773625760706
choque_05pct_temporario,temporario,0.95,0.050000000000000044,False,23,64,16,10422325.130024653,0.05663422471423746,0.1005446624430888,0.11119349385217077,-0.0026667213718055832
choque_05pct_temporario,temporario,0.95,0.050000000000000044,False,23,64,17,10753511.362524815,0.055591759458844245,0.14926502698019206,0.11403782952928165,0.007766655661062488
choque_05pct_temporario,temporario,0.95,0.050000000000000044,False,23,64,18,10915102.755690474,0.0668460242802547,0.19501528098416854,0.1312742921040302,0.014914142050815914
choque_05pct_temporario,temporario,0.95,0.050000000000000044,False,23,64,19,10936222.759029556,0.07851138756104845,0.2192831304269276,0.15670244902755856,0.010754067508817102
choque_05pct_temporario,temporario,0.95,0.050000000000000044,False,23,64,20,10746232.136806466,0.08817112394391638,0.22180527692713636,0.17431103205152906,0.0038923467454731256
choque_05pct_temporario,temporario,0.95,0.050000000000000044,False,23,64,21,10588277.563408088,0.09632885658746096,0.20429593980165595,0.18851192911971337,-0.010721347641664391
choque_05pct_temporario,temporario,0.95,0.050000000000000044,False,23,64,22,10375400.20576659,0.10588040932171397,0.17826008221471557,0.20173645499440576,-0.030152879295903226
choque_05pct_temporario,temporario,0.95,0.050000000000000044,False,23,64,23,10318016.240497889,0.10649246264905904,0.14524186353569357,0.20792948938278344,-0.0434227956000348
choque_05pct_temporario,temporario,0.95,0.050000000000000044,False,23,64,24,10653122.708816677,0.08773156544895315,0.11711755337307683,0.19447363124713615,-0.05027309107330072
choque_05pct_temporario,temporario,0.95,0.050000000000000044,False,23,64,25,11295891.480355177,0.06022515143366518,0.10615299313745252,0.1685081219253956,-0.04368153323423106
choque_05pct_temporario,temporario,0.95,0.050000000000000044,False,24,65,0,7609597.0,0.138,0.03,0.12063832026847152,0.010583740505574736
choque_05pct_temporario,temporario,0.95,0.050000000000000044,False,24,65,1,7652724.38733265,0.14039181650999813,0.030000000000000027,0.11859183719691781,0.007984885903803248
choque_05pct_temporario,temporario,0.95,0.050000000000000044,False,24,65,2,7811000.538868851,0.13522708141572493,0.024179974508985014,0.12037724168036791,0.004105968256665243
choque_05pct_temporario,temporario,0.95,0.050000000000000044,False,24,65,3,8048256.56650207,0.12512236681927072,0.02685950699639661,0.11238739144816397,0.006408866234632061
choque_05pct_temporario,temporario,0.95,0.050000000000000044,False,24,65,4,8347790.850875747,0.11065721591481087,0.030106875136219236,0.10582500206069302,0.010101933259679244
choque_05pct_temporario,temporario,0.95,0.050000000000000044,False,24,65,5,8537947.273831178,0.09615409238725126,0.0455113238030076,0.09933653919974794,0.01094472831949696
choque_05pct_temporario,temporario,0.95,0.050000000000000044,False,24,65,6,8734367.51312531,0.09501868208746325,0.06292823373598377,0.10032521639713075,0.011481962871387983
choque_05pct_temporario,temporario,0.95,0.050000000000000044,False,24,65,7,8825677.563640727,0.09854486259901807,0.08287102064688567,0.10972198928944743,0.012207030575445308
choque_05pct_temporario,temporario,0.95,0.050000000000000044,False,24,65,8,8876555.414868345,0.10595870657587717,0.09557338337276344,0.12221354929662785,0.010316374866070774
choque_05pct_temporario,temporario,0.95,0.050000000000000044,False,24,65,9,8840362.889807886,0.11365432282437353,0.10140097323776875,0.13643447348009008,0.006116360071242808
choque_05pct_temporario,temporario,0.95,0.050000000000000044,False,24,65,10,8755309.111057475,0.12288984722380147,0.0980207628186871,0.15148805299661486,-0.0037592317555727923
choque_05pct_temporario,temporario,0.95,0.050000000000000044,False,24,65,11,8670319.367402548,0.13387681106570623,0.08807645355245097,0.1641742163147675,-0.014715532759920094
choque_05pct_temporario,temporario,0.95,0.050000000000000044,False,24,65,12,8716179.873766895,0.13504968767373043,0.07087204532866664,0.1693143469865946,-0.023309785789365912
choque_05pct_temporario,temporario,0.95,0.050000000000000044,False,24,65,13,8956923.321938785,0.12067972252463496,0.05505100440659483,0.16081386362785877,-0.027583368955472486
choque_05pct_temporario,temporario,0.95,0.050000000000000044,False,24,65,14,9436052.864457164,0.0991877904013275,0.047252278291115335,0.14327793051220822,-0.025535022933106423
choque_05pct_temporario,temporario,0.95,0.050000000000000044,False,24,65,15,9904597.289970852,0.07631777897726534,0.05383624679658561,0.12702303172323146,-0.019329555331479484
choque_05pct_temporario,temporario,0.95,0.050000000000000044,False,24,65,16,10393676.429235179,0.05578095489442469,0.07884947061454306,0.11283285861175474,-0.010226715067560711
choque_05pct_temporario,temporario,0.95,0.050000000000000044,False,24,65,17,10778004.40084601,0.04778654243281444,0.1278126624310445,0.10469398372277965,0.005805231316360631
choque_05pct_temporario,temporario,0.95,0.050000000000000044,False,24,65,18,11067495.971046109,0.055169733191905115,0.1893322106918771,0.11542575827601607,0.016113674499251256
choque_05pct_temporario,temporario,0.95,0.050000000000000044,False,24,65,19,11083856.894493569,0.07538572860800284,0.23179721496383898,0.1479824119864535,0.018988078045934383
choque_05pct_temporario,temporario,0.95,0.050000000000000044,False,24,65,20,10957249.320446819,0.09205565730114655,0.24016451437216668,0.17786998793843647,0.008177897394178651
choque_05pct_temporario,temporario,0.95,0.050000000000000044,False,24,65,21,10584061.01513778,0.10321679620823868,0.2222366446328845,0.1958310744577596,-0.011987500752298886
choque_05pct_temporario,temporario,0.95,0.050000000000000044,False,24,65,22,10340500.148604462,0.11348682924052765,0.18848587899823488,0.20700214460717986,-0.028441078643736184
choque_05pct_temporario,temporario,0.95,0.050000000000000044,False,24,65,23,10281445.353453748,0.112880634651055,0.14894917228897775,0.21131720422937877,-0.04472438027947972
choque_05pct_temporario,temporario,0.95,0.050000000000000044,False,24,65,24,10409045.936984424,0.10046316457916081,0.11370031013206727,0.20349612134820258,-0.05562181221620278
choque_05pct_temporario,temporario,0.95,0.050000000000000044,False,24,65,25,11025809.728757942,0.07077776285888887,0.09153560953991224,0.18042995781851542,-0.055506505349104285
choque_05pct_temporario,temporario,0.95,0.050000000000000044,False,25,66,0,7609597.0,0.138,0.03,0.12063832026847152,0.010583740505574736
choque_05pct_temporario,temporario,0.95,0.050000000000000044,False,25,66,1,7652724.38733265,0.14039181650999813,0.030000000000000027,0.11859183719691781,0.007984885903803248
choque_05pct_temporario,temporario,0.95,0.050000000000000044,False,25,66,2,7806025.207333408,0.13522708141572493,0.02419070526074041,0.12053080037724065,0.006494694575653181
choque_05pct_temporario,temporario,0.95,0.050000000000000044,False,25,66,3,8014411.443215474,0.12585162707208036,0.026847842606084305,0.11326242954591245,0.007177146718474983
choque_05pct_temporario,temporario,0.95,0.050000000000000044,False,25,66,4,8320767.546912376,0.11240054564810806,0.029743182232860654,0.10729361149162317,0.0050639834034992975
choque_05pct_temporario,temporario,0.95,0.050000000000000044,False,25,66,5,8607758.145803785,0.09770003813898546,0.04348113350657612,0.09908108131335189,0.011902144845457912
choque_05pct_temporario,temporario,0.95,0.050000000000000044,False,25,66,6,8768220.07884566,0.09055775249460779,0.060870525345660065,0.0987406099718133,0.011599753553998362
choque_05pct_temporario,temporario,0.95,0.050000000000000044,False,25,66,7,8867656.363100203,0.0942165811858612,0.08427932043479691,0.10491672622219285,0.012070049669316853
choque_05pct_temporario,temporario,0.95,0.050000000000000044,False,25,66,8,8905248.42472744,0.10301910967920663,0.09922548767195782,0.12035634490812243,0.010792677819865757
choque_05pct_temporario,temporario,0.95,0.050000000000000044,False,25,66,9,8860009.05834767,0.11166189855234715,0.10862081471319618,0.13513491452961748,0.004846191028480361
choque_05pct_temporario,temporario,0.95,0.050000000000000044,False,25,66,10,8810076.316546358,0.12104477311213326,0.10464232102496362,0.14958107798660394,-0.003454385822282516
choque_05pct_temporario,temporario,0.95,0.050000000000000044,False,25,66,11,8742818.898993963,0.12799572935264084,0.09529189956711104,0.15992530231066582,-0.008483164677930867
choque_05pct_temporario,temporario,0.95,0.050000000000000044,False,25,66,12,8799471.646985285,0.1247272426936488,0.07952335450318104,0.16412361176030227,-0.019442675071641945
choque_05pct_temporario,temporario,0.95,0.050000000000000044,False,25,66,13,8961701.476118017,0.11788448364902142,0.06699239003150748,0.1582896334969745,-0.024118281363843638
choque_05pct_temporario,temporario,0.95,0.050000000000000044,False,25,66,14,9337295.55385213,0.10034969434567485,0.057033616529965414,0.14683023646487525,-0.02403410722318412
choque_05pct_temporario,temporario,0.95,0.050000000000000044,False,25,66,15,9962184.205163782,0.07329346995910414,0.06007466156522545,0.12740896995194792,-0.016521321345351937
choque_05pct_temporario,temporario,0.95,0.050000000000000044,False,25,66,16,10308934.66557257,0.05821602520726627,0.08505213152284274,0.11420858473189874,-0.009972994828507404
choque_05pct_temporario,temporario,0.95,0.050000000000000044,False,25,66,17,10676861.12900783,0.05479490975184165,0.12735149829239867,0.1127981287103933,3.084113799531958e-05
choque_05pct_temporario,temporario,0.95,0.050000000000000044,False,25,66,18,10911214.867290115,0.05967916545419721,0.17747445882963442,0.12434464031136656,0.008983597505471945
choque_05pct_temporario,temporario,0.95,0.050000000000000044,False,25,66,19,11039490.676568616,0.06958306546116379,0.21384617218030333,0.14391290818653987,0.013814709421943825
choque_05pct_temporario,temporario,0.95,0.050000000000000044,False,25,66,20,10944464.536088811,0.07913251692076786,0.22819504780350708,0.16501690992208948,0.008456885022582187
choque_05pct_temporario,temporario,0.95,0.050000000000000044,False,25,66,21,10799888.13942364,0.09030166708654457,0.22220078293030698,0.18202959745868744,-0.004802441338409647
choque_05pct_temporario,temporario,0.95,0.050000000000000044,False,25,66,22,10467175.556998584,0.10474669005263572,0.1997116905067826,0.2018911144759538,-0.020922866479772297
choque_05pct_temporario,temporario,0.95,0.050000000000000044,False,25,66,23,10418721.815038506,0.1051600116783901,0.1657077638190514,0.20894438791953587,-0.036746690188100124
choque_05pct_temporario,temporario,0.95,0.050000000000000044,False,25,66,24,10565670.000433713,0.09153511065018917,0.13583360332061423,0.19913062038566579,-0.04890590703429928
choque_05pct_temporario,temporario,0.95,0.050000000000000044,False,25,66,25,11182889.458201714,0.06835439314460505,0.11616305058065635,0.17802817164556706,-0.04811594135918512
choque_05pct_temporario,temporario,0.95,0.050000000000000044,False,26,67,0,7609597.0,0.138,0.03,0.12063832026847152,0.010583740505574736
choque_05pct_temporario,temporario,0.95,0.050000000000000044,False,26,67,1,7652724.38733265,0.14039181650999813,0.030000000000000027,0.11859183719691781,0.007984885903803248
choque_05pct_temporario,temporario,0.95,0.050000000000000044,False,26,67,2,7799123.633712431,0.13522708141572493,0.024180903493515427,0.12050235364216014,0.0043964104199011155
choque_05pct_temporario,temporario,0.95,0.050000000000000044,False,26,67,3,8066110.764472973,0.12450351006558343,0.02683880877740563,0.11181684559593191,0.0075489375286364535
choque_05pct_temporario,temporario,0.95,0.050000000000000044,False,26,67,4,8373125.180119823,0.11118072733869838,0.03034392109640316,0.10569594012752165,0.007143538309476752
choque_05pct_temporario,temporario,0.95,0.050000000000000044,False,26,67,5,8562294.835921282,0.09853277978231716,0.044719563082743496,0.10020233842739758,0.009522674569721607
choque_05pct_temporario,temporario,0.95,0.050000000000000044,False,26,67,6,8708659.30985935,0.09664467347586139,0.061594921117908985,0.10195914524433022,0.008440438498273183
choque_05pct_temporario,temporario,0.95,0.050000000000000044,False,26,67,7,8828172.868787296,0.09883797945521378,0.0810020136474272,0.10887391336854249,0.01001748902496249
choque_05pct_temporario,temporario,0.95,0.050000000000000044,False,26,67,8,8914697.92218132,0.10076230583237919,0.09380141448472279,0.11880117950991127,0.00922157669375499
choque_05pct_temporario,temporario,0.95,0.050000000000000044,False,26,67,9,8918939.62492326,0.10628392441984466,0.10367752798576846,0.1298401352846764,0.005955265720546142
choque_05pct_temporario,temporario,0.95,0.050000000000000044,False,26,67,10,8829869.83863571,0.1193778720798897,0.1034539739863789,0.14683840921502278,-0.003711994836296365
choque_05pct_temporario,temporario,0.95,0.050000000000000044,False,26,67,11,8754033.112544542,0.13010774273130507,0.09544782823565368,0.16127823294858787,-0.01079315046789194
choque_05pct_temporario,temporario,0.95,0.050000000000000044,False,26,67,12,8785509.646553745,0.12930517134474317,0.07928330869790168,0.1673840302701603,-0.020667500576145022
choque_05pct_temporario,temporario,0.95,0.050000000000000044,False,26,67,13,8915009.03689214,0.12571102110429205,0.06480939893429638,0.16391370492252919,-0.027382296765686036
choque_05pct_temporario,temporario,0.95,0.050000000000000044,False,26,67,14,9232395.302269714,0.10938407548218727,0.052016650904835204,0.1545955986840863,-0.027732640884499334
choque_05pct_temporario,temporario,0.95,0.050000000000000044,False,26,67,15,9752514.545153348,0.08203824189355462,0.05167352378646717,0.13523811182026244,-0.02129235099154056
choque_05pct_temporario,temporario,0.95,0.050000000000000044,False,26,67,16,10266559.140876204,0.061947640698857415,0.07037160709546209,0.11820743391107127,-0.01647134999784022
choque_05pct_temporario,temporario,0.95,0.050000000000000044,False,26,67,17,10649137.30672847,0.052625742775891916,0.10962572191424114,0.11100443638407047,-0.0026712151589207557
choque_05pct_temporario,temporario,0.95,0.050000000000000044,False,26,67,18,10979487.179370603,0.05202570810626881,0.16274341758119149,0.1156415440251872,0.010688541687975514
choque_05pct_temporario,temporario,0.95,0.050000000000000044,False,26,67,19,11155354.553848743,0.06341278279917245,0.21397342890294535,0.13332447136873943,0.01804921639541802
choque_05pct_temporario,temporario,0.95,0.050000000000000044,False,26,67,20,11117523.422028974,0.0788767904328464,0.23761594840011058,0.16296612090383475,0.012709637620381459
choque_05pct_temporario,temporario,0.95,0.050000000000000044,False,26,67,21,10896368.48581605,0.09206188463843089,0.2359292534449997,0.18439725204001503,0.0031272650680956525
choque_05pct_temporario,temporario,0.95,0.050000000000000044,False,26,67,22,10613893.468180044,0.10440907222967746,0.21211461897609207,0.20065555320762918,-0.016375248787375105
choque_05pct_temporario,temporario,0.95,0.050000000000000044,False,26,67,23,10435669.794795154,0.1078171117967078,0.17588783547272002,0.2106779617328353,-0.03253361681925899
choque_05pct_temporario,temporario,0.95,0.050000000000000044,False,26,67,24,10483958.880405111,0.1021999865573612,0.1402227050128586,0.20809471984922498,-0.04948937337718229
choque_05pct_temporario,temporario,0.95,0.050000000000000044,False,26,67,25,10753776.03677887,0.08520277694436869,0.11229341430239814,0.19665323938361884,-0.054627715775025586
choque_05pct_temporario,temporario,0.95,0.050000000000000044,False,27,68,0,7609597.0,0.138,0.03,0.12063832026847152,0.010583740505574736
choque_05pct_temporario,temporario,0.95,0.050000000000000044,False,27,68,1,7652724.38733265,0.14039181650999813,0.030000000000000027,0.11859183719691781,0.007984885903803248
choque_05pct_temporario,temporario,0.95,0.050000000000000044,False,27,68,2,7803606.52800467,0.13522836016629058,0.02418238230458636,0.1204530561548775,0.004901181952719952
choque_05pct_temporario,temporario,0.95,0.050000000000000044,False,27,68,3,8038167.275428596,0.12547100655449164,0.02685167752437434,0.11256271258668386,0.006364351378910687
choque_05pct_temporario,temporario,0.95,0.050000000000000044,False,27,68,4,8331637.030607186,0.11103178212371803,0.029934240917900867,0.10605050895862568,0.007911519456749182
choque_05pct_temporario,temporario,0.95,0.050000000000000044,False,27,68,5,8574808.898606356,0.09733959686385152,0.045643298038454905,0.09779378343081772,0.009123196197281377
choque_05pct_temporario,temporario,0.95,0.050000000000000044,False,27,68,6,8826127.953651497,0.08885004261688673,0.06229988972494471,0.09691431961180702,0.009730062270547468
choque_05pct_temporario,temporario,0.95,0.050000000000000044,False,27,68,7,8966692.545272587,0.08937188036291387,0.08696102270182537,0.10061372478412624,0.015522748206895493
choque_05pct_temporario,temporario,0.95,0.050000000000000044,False,27,68,8,8932390.689703496,0.10020083229583313,0.10452022489330082,0.11777148587246233,0.012697248912409075
choque_05pct_temporario,temporario,0.95,0.050000000000000044,False,27,68,9,8894986.552326022,0.11381426870975865,0.11445422950872786,0.1356566332400241,0.00952626321331085
choque_05pct_temporario,temporario,0.95,0.050000000000000044,False,27,68,10,8790954.66535181,0.12552796267550848,0.10868652463181494,0.15418234119600693,0.00017274490284600202
choque_05pct_temporario,temporario,0.95,0.050000000000000044,False,27,68,11,8626253.388427071,0.13780286798554636,0.0965301930611071,0.16925729503875125,-0.01385361655168865
choque_05pct_temporario,temporario,0.95,0.050000000000000044,False,27,68,12,8578282.726526277,0.14298833430126606,0.07498421253792675,0.1784731350337163,-0.02384848557096294
choque_05pct_temporario,temporario,0.95,0.050000000000000044,False,27,68,13,8718006.820406722,0.13643342803889932,0.05494691342674507,0.17437561671228272,-0.03273971349747376
choque_05pct_temporario,temporario,0.95,0.050000000000000044,False,27,68,14,9015555.18420283,0.12136239486902946,0.03696975124440827,0.163300941945493,-0.0347298616126799
choque_05pct_temporario,temporario,0.95,0.050000000000000044,False,27,68,15,9652336.856458364,0.09286676224885357,0.030813458217389122,0.14150248105725066,-0.027796504756038783
choque_05pct_temporario,temporario,0.95,0.050000000000000044,False,27,68,16,10169767.261309335,0.0674667206201306,0.043367303645573285,0.1224248725729784,-0.01925805542140195
choque_05pct_temporario,temporario,0.95,0.050000000000000044,False,27,68,17,10676677.950490123,0.0510302877403911,0.08159731950083193,0.10918916041313799,-0.009330614799833756
choque_05pct_temporario,temporario,0.95,0.050000000000000044,False,27,68,18,10949617.86630213,0.05146652300993424,0.1419168019010315,0.10877630871562369,0.005348174689929753
choque_05pct_temporario,temporario,0.95,0.050000000000000044,False,27,68,19,11205445.324527103,0.06325352463388861,0.19968136040803341,0.129441011842304,0.01865053767989747
choque_05pct_temporario,temporario,0.95,0.050000000000000044,False,27,68,20,11322562.787443765,0.06787661513279493,0.23098010418518733,0.15368781660441333,0.020994783441282982
choque_05pct_temporario,temporario,0.95,0.050000000000000044,False,27,68,21,11235453.129053771,0.07558134858964424,0.24675161762960252,0.1645593332021137,0.01173947188359431
choque_05pct_temporario,temporario,0.95,0.050000000000000044,False,27,68,22,10910863.35807018,0.09479044287259093,0.2374346114182313,0.19010006827730683,-0.004549064700909184
choque_05pct_temporario,temporario,0.95,0.050000000000000044,False,27,68,23,10562927.540603025,0.11343694103887234,0.20730972067048592,0.21630402945671584,-0.025473834926673395
choque_05pct_temporario,temporario,0.95,0.050000000000000044,False,27,68,24,10408916.638572231,0.1150472936805583,0.1662344472404802,0.22311728446627577,-0.04846892068551744
choque_05pct_temporario,temporario,0.95,0.050000000000000044,False,27,68,25,10564376.86531127,0.09984367998433569,0.12560886792164672,0.21058616873492192,-0.05699289189542726
choque_05pct_temporario,temporario,0.95,0.050000000000000044,False,28,69,0,7609597.0,0.138,0.03,0.12063832026847152,0.010583740505574736
choque_05pct_temporario,temporario,0.95,0.050000000000000044,False,28,69,1,7652724.38733265,0.14039181650999813,0.030000000000000027,0.11859183719691781,0.007984885903803248
choque_05pct_temporario,temporario,0.95,0.050000000000000044,False,28,69,2,7806733.0736326575,0.13522708141572493,0.02417705148225502,0.12042382786782006,0.002973484525824733
choque_05pct_temporario,temporario,0.95,0.050000000000000044,False,28,69,3,8039766.112708442,0.12607195076600336,0.026852381109290446,0.11215130020560106,0.003988912437766958
choque_05pct_temporario,temporario,0.95,0.050000000000000044,False,28,69,4,8417312.78290177,0.10813151097748176,0.02971501739047744,0.10317126294956817,0.0044319043942346375
choque_05pct_temporario,temporario,0.95,0.050000000000000044,False,28,69,5,8676388.064177005,0.09169121991989775,0.04642499700430336,0.09325810320512312,0.009934242878273759
choque_05pct_temporario,temporario,0.95,0.050000000000000044,False,28,69,6,8901134.591028482,0.0846521088469311,0.06661237702807044,0.09260524524082024,0.014444935829233391
choque_05pct_temporario,temporario,0.95,0.050000000000000044,False,28,69,7,8976121.23539071,0.09106598846977844,0.09410300558022766,0.10161019670362903,0.0175958392966584
choque_05pct_temporario,temporario,0.95,0.050000000000000044,False,28,69,8,8855402.99031128,0.1080400977102894,0.11079769045462706,0.12554683378921414,0.013885319677325892
choque_05pct_temporario,temporario,0.95,0.050000000000000044,False,28,69,9,8760461.005063456,0.12693308615863944,0.11380810185753587,0.1484867094382269,0.00381394692977101
choque_05pct_temporario,temporario,0.95,0.050000000000000044,False,28,69,10,8509590.467709942,0.14544622377103208,0.10173009017733681,0.17078832558950435,-0.007704266434914795
choque_05pct_temporario,temporario,0.95,0.050000000000000044,False,28,69,11,8405937.725069383,0.1519050316403415,0.08032044760699475,0.18182660704434028,-0.02196268289419447
choque_05pct_temporario,temporario,0.95,0.050000000000000044,False,28,69,12,8467583.099298736,0.1482870873121107,0.05544268970812016,0.18057375054466393,-0.03173560156464601
choque_05pct_temporario,temporario,0.95,0.050000000000000044,False,28,69,13,8757632.29173568,0.13417379086905418,0.03454791349670727,0.1681104186998641,-0.037475946888396554
choque_05pct_temporario,temporario,0.95,0.050000000000000044,False,28,69,14,9401336.654649224,0.10367694880902885,0.02277993248461141,0.14425061644897155,-0.02980095522762412
choque_05pct_temporario,temporario,0.95,0.050000000000000044,False,28,69,15,9992663.045144495,0.07482214487244285,0.028533869656717004,0.12272621929256387,-0.021016406975492907
choque_05pct_temporario,temporario,0.95,0.050000000000000044,False,28,69,16,10393333.963254154,0.0575937829500757,0.0574973758244719,0.11077100288841804,-0.014599995210686239
choque_05pct_temporario,temporario,0.95,0.050000000000000044,False,28,69,17,10674873.48724353,0.05812515098216166,0.10991086614926004,0.11046126258961919,-0.004148288252777903
choque_05pct_temporario,temporario,0.95,0.050000000000000044,False,28,69,18,10887979.529611178,0.06777996396536484,0.16178934479728446,0.12857180391503328,0.008512931154787531
choque_05pct_temporario,temporario,0.95,0.050000000000000044,False,28,69,19,11073756.558876257,0.06849728225192449,0.19632757823903146,0.14590557267672621,0.00892183972440287
choque_05pct_temporario,temporario,0.95,0.050000000000000044,False,28,69,20,11122559.832504593,0.07089827734147751,0.21845209935870713,0.15227739931200737,0.011622168309812617
choque_05pct_temporario,temporario,0.95,0.050000000000000044,False,28,69,21,10977299.757344091,0.08333611064074814,0.22425903642371026,0.17124271868752605,0.0032960789981295946
choque_05pct_temporario,temporario,0.95,0.050000000000000044,False,28,69,22,10680684.748609709,0.09831277114516389,0.21046395789766148,0.19723489956980947,-0.012141401746258718
choque_05pct_temporario,temporario,0.95,0.050000000000000044,False,28,69,23,10555770.466463001,0.10609178594483111,0.1817931050596484,0.20905827522633674,-0.029682159880030836
choque_05pct_temporario,temporario,0.95,0.050000000000000044,False,28,69,24,10554388.811721632,0.10085268598440095,0.15002003283363252,0.2082769326417321,-0.046210599205177824
choque_05pct_temporario,temporario,0.95,0.050000000000000044,False,28,69,25,10900651.897162553,0.08186673664141626,0.12331565494383723,0.19295493850117562,-0.052261820184297966
choque_05pct_temporario,temporario,0.95,0.050000000000000044,False,29,70,0,7609597.0,0.138,0.03,0.12063832026847152,0.010583740505574736
choque_05pct_temporario,temporario,0.95,0.050000000000000044,False,29,70,1,7652724.38733265,0.14039181650999813,0.030000000000000027,0.11859183719691781,0.007984885903803248
choque_05pct_temporario,temporario,0.95,0.050000000000000044,False,29,70,2,7793908.918816493,0.13522708141572493,0.024179988109196637,0.12056402716108525,0.003817102098398722
choque_05pct_temporario,temporario,0.95,0.050000000000000044,False,29,70,3,8077686.681735072,0.12411570269766257,0.026810744714600876,0.11133125850897442,0.004050078983218172
choque_05pct_temporario,temporario,0.95,0.050000000000000044,False,29,70,4,8408213.34759326,0.10734523513754805,0.03016333054236031,0.10323583965387939,0.008238099446535783
choque_05pct_temporario,temporario,0.95,0.050000000000000044,False,29,70,5,8664718.812319657,0.09289184738794362,0.04624491721749302,0.09564227768477575,0.010841212630954574
choque_05pct_temporario,temporario,0.95,0.050000000000000044,False,29,70,6,8800236.76802832,0.09132199500867236,0.0668773026052858,0.09851661423257276,0.008230174559367594
choque_05pct_temporario,temporario,0.95,0.050000000000000044,False,29,70,7,8852322.803962002,0.09925867175062443,0.08939845665177715,0.10887891860643924,0.011541886675983363
choque_05pct_temporario,temporario,0.95,0.050000000000000044,False,29,70,8,8883859.915123409,0.10550935601555246,0.10129198433826425,0.12401293805620556,0.007937549912837962
choque_05pct_temporario,temporario,0.95,0.050000000000000044,False,29,70,9,8862429.522548791,0.11359869365662459,0.10760980652393792,0.13521118957917402,0.010607548540151938
choque_05pct_temporario,temporario,0.95,0.050000000000000044,False,29,70,10,8778947.093947738,0.120571108118258,0.10134440646658538,0.15057457634498803,-0.0005120911287097291
choque_05pct_temporario,temporario,0.95,0.050000000000000044,False,29,70,11,8748061.10250681,0.12783595798309766,0.09146326707395791,0.16015226952636952,-0.011062099938004387
choque_05pct_temporario,temporario,0.95,0.050000000000000044,False,29,70,12,8719125.769073568,0.13183530889548412,0.07532234674914173,0.16871106103222278,-0.02159213107578407
choque_05pct_temporario,temporario,0.95,0.050000000000000044,False,29,70,13,8877825.617597636,0.12527116471614855,0.06129980951697167,0.16534561340575019,-0.029289767973843455
choque_05pct_temporario,temporario,0.95,0.050000000000000044,False,29,70,14,9212527.715131996,0.11266298712352797,0.04986207437912227,0.15453219536238427,-0.03011782726618584
choque_05pct_temporario,temporario,0.95,0.050000000000000044,False,29,70,15,9691476.909587875,0.08670022376731924,0.04880446595600274,0.1375021661952069,-0.025572696929851663
choque_05pct_temporario,temporario,0.95,0.050000000000000044,False,29,70,16,10316392.971091058,0.06166986439366403,0.06354733202767315,0.11838220929026223,-0.01605799251625896
choque_05pct_temporario,temporario,0.95,0.050000000000000044,False,29,70,17,10682254.511083722,0.049037691418641075,0.10428911709174904,0.1073363562459893,-0.0018761082817041292
choque_05pct_temporario,temporario,0.95,0.050000000000000044,False,29,70,18,10949772.557116996,0.05409327464212282,0.16355829627681584,0.11300940381674081,0.010946982090963241
choque_05pct_temporario,temporario,0.95,0.050000000000000044,False,29,70,19,11067812.023663005,0.07016682448614238,0.2116743020187506,0.1415739724205967,0.015787074965560737
choque_05pct_temporario,temporario,0.95,0.050000000000000044,False,29,70,20,11106952.247242644,0.08180337053243263,0.23076534555225536,0.16692814611419102,0.00863814918404834
choque_05pct_temporario,temporario,0.95,0.050000000000000044,False,29,70,21,10864595.162699956,0.09218491465076523,0.22575246094233714,0.18193989448003406,-0.0034676453525694594
choque_05pct_temporario,temporario,0.95,0.050000000000000044,False,29,70,22,10670739.020682648,0.09555389401603047,0.20421027781931134,0.19368435356636396,-0.016901422264939847
choque_05pct_temporario,temporario,0.95,0.050000000000000044,False,29,70,23,10623931.91274046,0.09321046531558952,0.17547370313287725,0.1966178157260937,-0.029869336395782004
choque_05pct_temporario,temporario,0.95,0.050000000000000044,False,29,70,24,10675141.219564209,0.08883421138336912,0.1496476094241994,0.19592704414196155,-0.04129579007824651
choque_05pct_temporario,temporario,0.95,0.050000000000000044,False,29,70,25,10971318.185274279,0.07664321655638939,0.13209517806955628,0.1875186556753219,-0.04725090615041295
choque_05pct_temporario,temporario,0.95,0.050000000000000044,False,30,71,0,7609597.0,0.138,0.03,0.12063832026847152,0.010583740505574736
choque_05pct_temporario,temporario,0.95,0.050000000000000044,False,30,71,1,7652724.38733265,0.14039181650999813,0.030000000000000027,0.11859183719691781,0.007984885903803248
choque_05pct_temporario,temporario,0.95,0.050000000000000044,False,30,71,2,7798724.13808399,0.13522708141572493,0.024171687956530574,0.1204136488021475,0.0023558645248872114
choque_05pct_temporario,temporario,0.95,0.050000000000000044,False,30,71,3,8054625.753905785,0.12462994789303233,0.026899655657140142,0.11113475461850242,0.006612365752353059
choque_05pct_temporario,temporario,0.95,0.050000000000000044,False,30,71,4,8408271.606461918,0.10649883576022703,0.030318046293073442,0.10252030583947239,0.006779272021392102
choque_05pct_temporario,temporario,0.95,0.050000000000000044,False,30,71,5,8693639.81852056,0.09015189782183711,0.04802922096712425,0.09256008119414956,0.012036538490013134
choque_05pct_temporario,temporario,0.95,0.050000000000000044,False,30,71,6,8867966.651533844,0.08507062370908346,0.06885694190521541,0.09351517633320618,0.014649367479059778
choque_05pct_temporario,temporario,0.95,0.050000000000000044,False,30,71,7,8938619.120765544,0.09249210428389962,0.09542784161640028,0.10357708246925983,0.017915584989763547
choque_05pct_temporario,temporario,0.95,0.050000000000000044,False,30,71,8,8886813.662082199,0.10752854141545232,0.11093379380223412,0.12555053053364507,0.012106995164390868
choque_05pct_temporario,temporario,0.95,0.050000000000000044,False,30,71,9,8703370.109363576,0.12638890544760542,0.11529561824584222,0.1480976858244816,0.004855837359715816
choque_05pct_temporario,temporario,0.95,0.050000000000000044,False,30,71,10,8565112.037348203,0.13877780603202947,0.10188213217547126,0.16712585097620422,-0.0060316978323232415
choque_05pct_temporario,temporario,0.95,0.050000000000000044,False,30,71,11,8460370.73792678,0.14572946611400794,0.08357285597511499,0.17655887845079327,-0.019165266241179712
choque_05pct_temporario,temporario,0.95,0.050000000000000044,False,30,71,12,8479240.005062735,0.1448889672155479,0.05940526402744695,0.17923531545388885,-0.03067767486784473
choque_05pct_temporario,temporario,0.95,0.050000000000000044,False,30,71,13,8833606.28049882,0.12868893484324012,0.03911321046598304,0.16510242155181915,-0.035658497868543026
choque_05pct_temporario,temporario,0.95,0.050000000000000044,False,30,71,14,9505746.621276058,0.0995225859840184,0.02834243621116217,0.14135879429219794,-0.028007018217459788
choque_05pct_temporario,temporario,0.95,0.050000000000000044,False,30,71,15,10057055.95129692,0.06994190870952095,0.036546237121449776,0.12073183112899971,-0.020785180663126387
choque_05pct_temporario,temporario,0.95,0.050000000000000044,False,30,71,16,10430539.715621583,0.05480664241560616,0.07046567362859113,0.10806082305672257,-0.01314484076440396
choque_05pct_temporario,temporario,0.95,0.050000000000000044,False,30,71,17,10669126.444749873,0.056983471355491366,0.12512982001782036,0.11007243383255456,0.0010498444489335397
choque_05pct_temporario,temporario,0.95,0.050000000000000044,False,30,71,18,10914763.43143886,0.06857780776151196,0.17535912266273868,0.1302173523230842,0.010292573679535203
choque_05pct_temporario,temporario,0.95,0.050000000000000044,False,30,71,19,11054655.603239417,0.06829170971489246,0.20571396116168583,0.14859545302700883,0.01266046687577851
choque_05pct_temporario,temporario,0.95,0.050000000000000044,False,30,71,20,11090017.413303949,0.0693685119640018,0.22480386175100064,0.15256029886988032,0.009180544430771292
choque_05pct_temporario,temporario,0.95,0.050000000000000044,False,30,71,21,10963040.304389222,0.0841254771663422,0.22721847489159952,0.17130293844400607,0.0013397773970869537
choque_05pct_temporario,temporario,0.95,0.050000000000000044,False,30,71,22,10633927.694698874,0.10232672990665721,0.21069471200294831,0.20010892604475006,-0.013593499584010888
choque_05pct_temporario,temporario,0.95,0.050000000000000044,False,30,71,23,10501204.310288468,0.10609469647073437,0.178676066274716,0.21145284652895463,-0.034620623078389555
choque_05pct_temporario,temporario,0.95,0.050000000000000044,False,30,71,24,10555419.602379724,0.09951860957360964,0.1464898954262499,0.20461878605246692,-0.045325591692953554
choque_05pct_temporario,temporario,0.95,0.050000000000000044,False,30,71,25,10953966.98861463,0.07542832756274744,0.11940398138415231,0.18895008999210533,-0.048473526571278645
choque_05pct_temporario,temporario,0.95,0.050000000000000044,False,31,72,0,7609597.0,0.138,0.03,0.12063832026847152,0.010583740505574736
choque_05pct_temporario,temporario,0.95,0.050000000000000044,False,31,72,1,7652724.38733265,0.14039181650999813,0.030000000000000027,0.11859183719691781,0.007984885903803248
choque_05pct_temporario,temporario,0.95,0.050000000000000044,False,31,72,2,7798943.542504845,0.13522708141572493,0.024186540020322278,0.12055318810911574,0.005573485531992079
choque_05pct_temporario,temporario,0.95,0.050000000000000044,False,31,72,3,8033871.603258951,0.12505829932360707,0.026859604820157257,0.11232426066780227,0.004300717423559229
choque_05pct_temporario,temporario,0.95,0.050000000000000044,False,31,72,4,8384971.505487379,0.10985609237692037,0.030204546394460463,0.10425054266943844,0.00631900207828983
choque_05pct_temporario,temporario,0.95,0.050000000000000044,False,31,72,5,8661230.420242585,0.09384003819867036,0.046605208636208095,0.09510526304460108,0.01335162979896405
choque_05pct_temporario,temporario,0.95,0.050000000000000044,False,31,72,6,8785510.935358008,0.08899978412287847,0.06518549084748071,0.09648273665527074,0.015493594358182938
choque_05pct_temporario,temporario,0.95,0.050000000000000044,False,31,72,7,8879194.009373765,0.09448821449076202,0.08969912812489489,0.10541327711668881,0.014714424035746645
choque_05pct_temporario,temporario,0.95,0.050000000000000044,False,31,72,8,8857277.039441327,0.10858510058668042,0.1030337569577573,0.1253136012786461,0.009664861130162598
choque_05pct_temporario,temporario,0.95,0.050000000000000044,False,31,72,9,8704033.384493588,0.12528108879118663,0.10672838222616687,0.1471074925889887,0.0032121808494318424
choque_05pct_temporario,temporario,0.95,0.050000000000000044,False,31,72,10,8580222.5690202,0.13862384936725763,0.09657369945075711,0.16474072092399794,-0.011784226374167666
choque_05pct_temporario,temporario,0.95,0.050000000000000044,False,31,72,11,8528694.316948796,0.14332221187329028,0.07916680840917789,0.1717556501434363,-0.020618363370444072
choque_05pct_temporario,temporario,0.95,0.050000000000000044,False,31,72,12,8709359.814575538,0.13269391756350543,0.05914193432942372,0.16616612654411309,-0.026372399103071244
choque_05pct_temporario,temporario,0.95,0.050000000000000044,False,31,72,13,9058098.261092491,0.1126979129490949,0.04461454957581634,0.15171363335023536,-0.027337735405866558
choque_05pct_temporario,temporario,0.95,0.050000000000000044,False,31,72,14,9574552.565152293,0.08954279157302601,0.04033541165169052,0.1345272949361119,-0.019652955552339813
choque_05pct_temporario,temporario,0.95,0.050000000000000044,False,31,72,15,9977243.020065205,0.06805050589619807,0.054416584729933604,0.12136873120395297,-0.0123026869088164
choque_05pct_temporario,temporario,0.95,0.050000000000000044,False,31,72,16,10321648.670067912,0.06145545898962339,0.08960519730631944,0.11357692854113627,-0.006454656183277165
choque_05pct_temporario,temporario,0.95,0.050000000000000044,False,31,72,17,10602712.008875372,0.063247286273805,0.1344204220978682,0.12084690720614344,0.0027558929363576657
choque_05pct_temporario,temporario,0.95,0.050000000000000044,False,31,72,18,10836601.879453147,0.06402381428510633,0.1744308340880718,0.1323167733085917,0.009351507796238648
choque_05pct_temporario,temporario,0.95,0.050000000000000044,False,31,72,19,11033224.134072762,0.06172365278105965,0.20651456351042552,0.13945591550528177,0.011442594365968756
choque_05pct_temporario,temporario,0.95,0.050000000000000044,False,31,72,20,11112723.107716424,0.06909065602675539,0.22797321556985906,0.14959906778339513,0.009611444145197504
choque_05pct_temporario,temporario,0.95,0.050000000000000044,False,31,72,21,10871832.80753643,0.08624828537386607,0.23056009181165216,0.17716435385435259,0.001987207250900244
choque_05pct_temporario,temporario,0.95,0.050000000000000044,False,31,72,22,10689778.586715681,0.0978592952493361,0.21284538071946457,0.1984914231438045,-0.012349903777789023
choque_05pct_temporario,temporario,0.95,0.050000000000000044,False,31,72,23,10525777.61389829,0.10211524718556597,0.18343251111322623,0.20576454466778082,-0.03155836034960969
choque_05pct_temporario,temporario,0.95,0.050000000000000044,False,31,72,24,10589750.786768716,0.09424709260851356,0.15084362904619475,0.20290065836637175,-0.044480061870499375
choque_05pct_temporario,temporario,0.95,0.050000000000000044,False,31,72,25,10976420.108663004,0.0760377133300153,0.1279748232977045,0.187069154190084,-0.045176465766244726
choque_05pct_temporario,temporario,0.95,0.050000000000000044,False,32,73,0,7609597.0,0.138,0.03,0.12063832026847152,0.010583740505574736
choque_05pct_temporario,temporario,0.95,0.050000000000000044,False,32,73,1,7652724.38733265,0.14039181650999813,0.030000000000000027,0.11859183719691781,0.007984885903803248
choque_05pct_temporario,temporario,0.95,0.050000000000000044,False,32,73,2,7806073.029954594,0.13522708141572493,0.024178725948676094,0.12041078392684051,0.003719667309244016
choque_05pct_temporario,temporario,0.95,0.050000000000000044,False,32,73,3,8057010.31901437,0.12508063335150787,0.026885833553207172,0.11199793960515526,0.00608347432816441
choque_05pct_temporario,temporario,0.95,0.050000000000000044,False,32,73,4,8349383.641723143,0.11011762460498523,0.03010814174193599,0.10529663561854516,0.006974375694473791
choque_05pct_temporario,temporario,0.95,0.050000000000000044,False,32,73,5,8603748.737290857,0.09665266039678092,0.04593966544986916,0.0968783811940438,0.010697717042025314
choque_05pct_temporario,temporario,0.95,0.050000000000000044,False,32,73,6,8804650.2026101,0.08937990659623184,0.06312562166924107,0.09749863811558118,0.009564251189819377
choque_05pct_temporario,temporario,0.95,0.050000000000000044,False,32,73,7,8897512.433774458,0.09387677195018286,0.08716812994638512,0.103602925512867,0.012314007920234418
choque_05pct_temporario,temporario,0.95,0.050000000000000044,False,32,73,8,8937899.965861587,0.10211144234738306,0.10166685503025263,0.1194557427584169,0.0105518543216025
choque_05pct_temporario,temporario,0.95,0.050000000000000044,False,32,73,9,8918707.9326285,0.10992265451911659,0.10963458531870174,0.13400905456561468,0.004143506663734785
choque_05pct_temporario,temporario,0.95,0.050000000000000044,False,32,73,10,8837408.211667836,0.12381948479447441,0.10523503591854744,0.15064812094582236,-0.002611799671022308
choque_05pct_temporario,temporario,0.95,0.050000000000000044,False,32,73,11,8724725.503971638,0.13321091066514784,0.09376047737940829,0.16539944886463206,-0.010268939043761558
choque_05pct_temporario,temporario,0.95,0.050000000000000044,False,32,73,12,8693507.959018812,0.13559375563942627,0.0763061633574611,0.17206997544475242,-0.022023271515466968
choque_05pct_temporario,temporario,0.95,0.050000000000000044,False,32,73,13,8818554.911601273,0.13070254000563078,0.058927626270352196,0.16903489720692058,-0.028812736944970403
choque_05pct_temporario,temporario,0.95,0.050000000000000044,False,32,73,14,9151739.209493726,0.11381121092578396,0.04640809008964597,0.15717085048165993,-0.03425754890578227
choque_05pct_temporario,temporario,0.95,0.050000000000000044,False,32,73,15,9812406.609824974,0.08870236776676547,0.04306194093567828,0.136374346109373,-0.026459128897388034
choque_05pct_temporario,temporario,0.95,0.050000000000000044,False,32,73,16,10246729.979232438,0.06542407333045015,0.05944992758717138,0.12057934029484045,-0.018246657716200973
choque_05pct_temporario,temporario,0.95,0.050000000000000044,False,32,73,17,10592977.15513712,0.05387104611166779,0.09511209880351101,0.11157360039195978,-0.007694742175356096
choque_05pct_temporario,temporario,0.95,0.050000000000000044,False,32,73,18,10949426.707793066,0.0530193005157388,0.14936940153052025,0.11366516800095718,0.005650253173035476
choque_05pct_temporario,temporario,0.95,0.050000000000000044,False,32,73,19,11203492.563567495,0.06050092101709311,0.19913995664804718,0.13024929054834722,0.013819865407460163
choque_05pct_temporario,temporario,0.95,0.050000000000000044,False,32,73,20,11214584.289915763,0.07225864940993984,0.23329222607616384,0.1536422137055548,0.015075177416892382
choque_05pct_temporario,temporario,0.95,0.050000000000000044,False,32,73,21,11104714.471125338,0.08476737097921687,0.23928098627637073,0.17495923994166798,0.006987605130589071
choque_05pct_temporario,temporario,0.95,0.050000000000000044,False,32,73,22,10785464.750000339,0.09789103301887155,0.22445504728622345,0.19485830269869478,-0.007977863725127285
choque_05pct_temporario,temporario,0.95,0.050000000000000044,False,32,73,23,10502193.735350268,0.10801016724866215,0.19174113905515688,0.21150972606961826,-0.030267022562351333
choque_05pct_temporario,temporario,0.95,0.050000000000000044,False,32,73,24,10488730.380960956,0.10579368446405711,0.15547135176583993,0.21294839165549304,-0.04613056157587574
choque_05pct_temporario,temporario,0.95,0.050000000000000044,False,32,73,25,10753060.367445681,0.09146050043548197,0.12355362786011326,0.20071255688392295,-0.055958177328784615
choque_05pct_temporario,temporario,0.95,0.050000000000000044,False,33,74,0,7609597.0,0.138,0.03,0.12063832026847152,0.010583740505574736
choque_05pct_temporario,temporario,0.95,0.050000000000000044,False,33,74,1,7652724.38733265,0.14039181650999813,0.030000000000000027,0.11859183719691781,0.007984885903803248
choque_05pct_temporario,temporario,0.95,0.050000000000000044,False,33,74,2,7794346.244993998,0.13522708141572493,0.024178878871325082,0.12053897788241605,0.003676100436403369
choque_05pct_temporario,temporario,0.95,0.050000000000000044,False,33,74,3,8047832.960766992,0.12410537040483062,0.026843123093230004,0.11151557258643194,0.004083187292728948
choque_05pct_temporario,temporario,0.95,0.050000000000000044,False,33,74,4,8407755.108021477,0.10742200071065763,0.030562487666643934,0.10256323619986542,0.007674030567074797
choque_05pct_temporario,temporario,0.95,0.050000000000000044,False,33,74,5,8677059.202354617,0.09116043799347057,0.04774400574191606,0.093133197169559,0.011836863410390773
choque_05pct_temporario,temporario,0.95,0.050000000000000044,False,33,74,6,8886607.645039499,0.08463488244725331,0.06851495377954953,0.09227657882565923,0.01363605383887614
choque_05pct_temporario,temporario,0.95,0.050000000000000044,False,33,74,7,8987418.623974428,0.08715606526929447,0.09587002357435503,0.10039336307069345,0.016619060396649444
choque_05pct_temporario,temporario,0.95,0.050000000000000044,False,33,74,8,8921094.388366615,0.10418153059053037,0.11538148639461698,0.12036064628052537,0.01213302819538663
choque_05pct_temporario,temporario,0.95,0.050000000000000044,False,33,74,9,8808877.92941689,0.12126550581249713,0.11941160583435528,0.14423126732678707,0.003934093021289778
choque_05pct_temporario,temporario,0.95,0.050000000000000044,False,33,74,10,8698102.79515817,0.1304515055381897,0.10899934975638881,0.16029111256438827,-0.003950710904893116
choque_05pct_temporario,temporario,0.95,0.050000000000000044,False,33,74,11,8568283.626204818,0.13864724397087716,0.09278003772976273,0.170817084428058,-0.017103734162064486
choque_05pct_temporario,temporario,0.95,0.050000000000000044,False,33,74,12,8610751.820029745,0.13910368686095914,0.06973316572390909,0.1749514490048514,-0.02648175063887739
choque_05pct_temporario,temporario,0.95,0.050000000000000044,False,33,74,13,8779607.719941039,0.13276297016996566,0.04996270170516248,0.16969567370139915,-0.033633330651301536
choque_05pct_temporario,temporario,0.95,0.050000000000000044,False,33,74,14,9245661.098890925,0.11409947924026798,0.03519341488637795,0.15430285120401124,-0.032598734239701416
choque_05pct_temporario,temporario,0.95,0.050000000000000044,False,33,74,15,9796052.301422758,0.084458249720967,0.03361424421092751,0.13431438237974233,-0.02495684331392631
choque_05pct_temporario,temporario,0.95,0.050000000000000044,False,33,74,16,10303563.79594484,0.06058015510135341,0.05341519523919258,0.11644846569639328,-0.01631574406888041
choque_05pct_temporario,temporario,0.95,0.050000000000000044,False,33,74,17,10597980.719909774,0.05506684791138641,0.0985697995621333,0.10961378393761088,-0.004592931769653286
choque_05pct_temporario,temporario,0.95,0.050000000000000044,False,33,74,18,10887987.987641605,0.061217216571295335,0.15261483193689318,0.12128822275604688,0.004829588419939727
choque_05pct_temporario,temporario,0.95,0.050000000000000044,False,33,74,19,11093220.831955096,0.06466078090038416,0.19599098324078557,0.14041987097840616,0.011086875400402494
choque_05pct_temporario,temporario,0.95,0.050000000000000044,False,33,74,20,11154678.701532668,0.0707704914654774,0.22408338145586426,0.15199120331291804,0.012053246102265049
choque_05pct_temporario,temporario,0.95,0.050000000000000044,False,33,74,21,10982918.426849209,0.08395883870704546,0.23175624613152834,0.17293649818065193,0.0042175936582596095
choque_05pct_temporario,temporario,0.95,0.050000000000000044,False,33,74,22,10743997.070976274,0.09869203173481352,0.21790819391617355,0.1954982693715025,-0.012696537256124638
choque_05pct_temporario,temporario,0.95,0.050000000000000044,False,33,74,23,10563077.089105291,0.10491057132655189,0.18755464733278915,0.2084843818864485,-0.030148395882822348
choque_05pct_temporario,temporario,0.95,0.050000000000000044,False,33,74,24,10518934.267001266,0.1014773344536275,0.1531380550297381,0.20924217830001177,-0.042487475413819926
choque_05pct_temporario,temporario,0.95,0.050000000000000044,False,33,74,25,10772783.166231833,0.08603935017689689,0.12570920587087686,0.19793825047967506,-0.05419971629314787
choque_05pct_temporario,temporario,0.95,0.050000000000000044,False,34,75,0,7609597.0,0.138,0.03,0.12063832026847152,0.010583740505574736
choque_05pct_temporario,temporario,0.95,0.050000000000000044,False,34,75,1,7652724.38733265,0.14039181650999813,0.030000000000000027,0.11859183719691781,0.007984885903803248
choque_05pct_temporario,temporario,0.95,0.050000000000000044,False,34,75,2,7817153.350781714,0.13522708141572493,0.02417296767197974,0.12048837995070284,0.0018178776575865354
choque_05pct_temporario,temporario,0.95,0.050000000000000044,False,34,75,3,8050037.339651956,0.12429583628352474,0.02688580318537337,0.11173020254586101,0.007924258932568783
choque_05pct_temporario,temporario,0.95,0.050000000000000044,False,34,75,4,8371491.188757262,0.10879330674736361,0.03042871911511269,0.10406100712413781,0.00859011546035212
choque_05pct_temporario,temporario,0.95,0.050000000000000044,False,34,75,5,8620419.42790921,0.09331532328407358,0.04697233001793388,0.09579363526951166,0.011312148902070666
choque_05pct_temporario,temporario,0.95,0.050000000000000044,False,34,75,6,8803809.351355532,0.09044063119228414,0.06624576432305718,0.09614620237063379,0.014003747608169406
choque_05pct_temporario,temporario,0.95,0.050000000000000044,False,34,75,7,8878219.395967744,0.09377058022134306,0.08951059350458546,0.10594780066716576,0.012202137360048345
choque_05pct_temporario,temporario,0.95,0.050000000000000044,False,34,75,8,8904530.146962415,0.10337992931839275,0.1050211802109946,0.1198001141039717,0.013156923344610102
choque_05pct_temporario,temporario,0.95,0.050000000000000044,False,34,75,9,8872390.36919897,0.11006218456179137,0.11126992012735903,0.13554678523317903,0.006609009138249851
choque_05pct_temporario,temporario,0.95,0.050000000000000044,False,34,75,10,8776334.63317171,0.12245196812490583,0.1082553277807543,0.15026668820399178,-0.0019125543652781176
choque_05pct_temporario,temporario,0.95,0.050000000000000044,False,34,75,11,8678906.971546464,0.1316105110007789,0.09548534455249524,0.1651188505944694,-0.01249489647166777
choque_05pct_temporario,temporario,0.95,0.050000000000000044,False,34,75,12,8674527.809350949,0.13408521802798903,0.07852960749604021,0.17075783683911538,-0.02337888460947534
choque_05pct_temporario,temporario,0.95,0.050000000000000044,False,34,75,13,8822099.719825411,0.12821324708554047,0.06035331009550937,0.16754995341307194,-0.03000166796739403
choque_05pct_temporario,temporario,0.95,0.050000000000000044,False,34,75,14,9189584.394585304,0.10933336637183323,0.04811304671840988,0.1534987778211002,-0.027674340746332446
choque_05pct_temporario,temporario,0.95,0.050000000000000044,False,34,75,15,9780147.838839924,0.08070864353221126,0.04531263455929335,0.13350042109885027,-0.020887506351723706
choque_05pct_temporario,temporario,0.95,0.050000000000000044,False,34,75,16,10325004.183717255,0.058919007680921606,0.06536703281238143,0.11535429739710805,-0.012277436881252385
choque_05pct_temporario,temporario,0.95,0.050000000000000044,False,34,75,17,10663380.360702196,0.05218565764669669,0.10932377510360758,0.10934869071504075,-0.0017885006986839262
choque_05pct_temporario,temporario,0.95,0.050000000000000044,False,34,75,18,10953410.321906442,0.059657949505170386,0.16490979207396794,0.1200894801947423,0.004886416934231155
choque_05pct_temporario,temporario,0.95,0.050000000000000044,False,34,75,19,11051419.412273735,0.07071603092270701,0.2048905196981965,0.14501280295678773,0.011324386225446424
choque_05pct_temporario,temporario,0.95,0.050000000000000044,False,34,75,20,11033993.687144998,0.07629999798095351,0.22542784760461432,0.16165325730697008,0.010411190550966877
choque_05pct_temporario,temporario,0.95,0.050000000000000044,False,34,75,21,10948345.048519015,0.0831320356133903,0.22338205617006168,0.17378594996084085,0.0009265969974388147
choque_05pct_temporario,temporario,0.95,0.050000000000000044,False,34,75,22,10652396.583063615,0.09880230493985048,0.2084800844179373,0.19399349957077822,-0.014988118943915718
choque_05pct_temporario,temporario,0.95,0.050000000000000044,False,34,75,23,10512797.535669342,0.10729033147884005,0.17798636826604164,0.2102586796449203,-0.03502294065607564
choque_05pct_temporario,temporario,0.95,0.050000000000000044,False,34,75,24,10533840.595739184,0.10095129980411163,0.1457172019395916,0.20700478172708636,-0.04703733276774987
choque_05pct_temporario,temporario,0.95,0.050000000000000044,False,34,75,25,11013376.51594167,0.07455458883549518,0.11964100916097298,0.1865516479674963,-0.05052984848955293
choque_05pct_temporario,temporario,0.95,0.050000000000000044,False,35,76,0,7609597.0,0.138,0.03,0.12063832026847152,0.010583740505574736
choque_05pct_temporario,temporario,0.95,0.050000000000000044,False,35,76,1,7652724.38733265,0.14039181650999813,0.030000000000000027,0.11859183719691781,0.007984885903803248
choque_05pct_temporario,temporario,0.95,0.050000000000000044,False,35,76,2,7802730.70561669,0.13522708141572493,0.024187296796349456,0.12044641053496434,0.005865835900893691
choque_05pct_temporario,temporario,0.95,0.050000000000000044,False,35,76,3,8027902.525663208,0.12540384160263557,0.026819468875616703,0.11289647103876752,0.006960385247261418
choque_05pct_temporario,temporario,0.95,0.050000000000000044,False,35,76,4,8376829.146149594,0.11162612961673007,0.029935621438338167,0.10612176885383172,0.008587531342233808
choque_05pct_temporario,temporario,0.95,0.050000000000000044,False,35,76,5,8547742.976474438,0.10014875081918657,0.04464378580065409,0.10062126949544242,0.010298097762330434
choque_05pct_temporario,temporario,0.95,0.050000000000000044,False,35,76,6,8724621.588943426,0.09586841014045845,0.0599860941019188,0.10217940785396688,0.007899062066604214
choque_05pct_temporario,temporario,0.95,0.050000000000000044,False,35,76,7,8839807.873357467,0.09798596201649079,0.08060280075212756,0.10787198817495514,0.008609745374688798
choque_05pct_temporario,temporario,0.95,0.050000000000000044,False,35,76,8,8899351.64920156,0.1028626984396361,0.09319950555386836,0.11961713952555875,0.008101896491717225
choque_05pct_temporario,temporario,0.95,0.050000000000000044,False,35,76,9,8912722.792796835,0.10831519195443678,0.10071420267517461,0.1313513443998957,0.00597927798441107
choque_05pct_temporario,temporario,0.95,0.050000000000000044,False,35,76,10,8859063.300050275,0.11566433303573746,0.10065392848225452,0.1445102616925343,-0.0024338288251501703
choque_05pct_temporario,temporario,0.95,0.050000000000000044,False,35,76,11,8882628.464508288,0.1214793598293746,0.0939169972275824,0.15397186477410418,-0.010316719093232682
choque_05pct_temporario,temporario,0.95,0.050000000000000044,False,35,76,12,8823113.580841716,0.12431561223803302,0.0843955648105792,0.16199048170104002,-0.019751466341191605
choque_05pct_temporario,temporario,0.95,0.050000000000000044,False,35,76,13,9009485.472546816,0.11972802398013757,0.07049010695709712,0.16042773328014626,-0.022880730981713705
choque_05pct_temporario,temporario,0.95,0.050000000000000044,False,35,76,14,9278075.32256715,0.10515941682089262,0.06233635412337968,0.15078437331749808,-0.024719045166616507
choque_05pct_temporario,temporario,0.95,0.050000000000000044,False,35,76,15,9793509.426287604,0.07939979535832462,0.06190022485217894,0.13400777797022562,-0.02111365820169562
choque_05pct_temporario,temporario,0.95,0.050000000000000044,False,35,76,16,10293760.52696651,0.057819347711070807,0.082386035126645,0.11582001313808159,-0.010249323073597839
choque_05pct_temporario,temporario,0.95,0.050000000000000044,False,35,76,17,10720742.143827297,0.047402196546410154,0.12445150566199903,0.10698221479954236,-0.0004333730967870729
choque_05pct_temporario,temporario,0.95,0.050000000000000044,False,35,76,18,11037404.91568105,0.05210165066567211,0.18456969506190957,0.11233635605992824,0.013552324083309038
choque_05pct_temporario,temporario,0.95,0.050000000000000044,False,35,76,19,11157132.348167196,0.06835771589041437,0.22951929899817913,0.1406814686457932,0.019936268877892065
choque_05pct_temporario,temporario,0.95,0.050000000000000044,False,35,76,20,11099376.964457624,0.08146534082772218,0.24652731200888978,0.1683798270665245,0.011797190474284437
choque_05pct_temporario,temporario,0.95,0.050000000000000044,False,35,76,21,10716280.035960568,0.09745781580990177,0.23459985997166677,0.18958021812228604,-0.0023653718096370486
choque_05pct_temporario,temporario,0.95,0.050000000000000044,False,35,76,22,10419081.144357674,0.11009657033656677,0.20552682499526154,0.2074627124787184,-0.02157550540784367
choque_05pct_temporario,temporario,0.95,0.050000000000000044,False,35,76,23,10273826.883786961,0.1122315801521072,0.16524985737823528,0.21460407050405453,-0.040485662510843276
choque_05pct_temporario,temporario,0.95,0.050000000000000044,False,35,76,24,10344080.998292394,0.1039714377016727,0.1263987491497549,0.20918795843380547,-0.05341736717445356
choque_05pct_temporario,temporario,0.95,0.050000000000000044,False,35,76,25,10887779.494974544,0.07784180302372781,0.09837351741283218,0.18850425556476877,-0.05508997061295205
choque_05pct_temporario,temporario,0.95,0.050000000000000044,False,36,77,0,7609597.0,0.138,0.03,0.12063832026847152,0.010583740505574736
choque_05pct_temporario,temporario,0.95,0.050000000000000044,False,36,77,1,7652717.703786862,0.14039187151079002,0.030000000000000027,0.1185921564109529,0.007984789613649897
choque_05pct_temporario,temporario,0.95,0.050000000000000044,False,36,77,2,7797301.432333067,0.13522817256822742,0.024176348789232804,0.12054391703875096,0.003132824924809708
choque_05pct_temporario,temporario,0.95,0.050000000000000044,False,36,77,3,8066839.669660508,0.12445129646435647,0.026875541848083717,0.11137101778441127,0.005848889384789103
choque_05pct_temporario,temporario,0.95,0.050000000000000044,False,36,77,4,8376962.371772485,0.10843775438185499,0.030392987511353997,0.10400930667425655,0.007681942462052319
choque_05pct_temporario,temporario,0.95,0.050000000000000044,False,36,77,5,8628694.030546078,0.09407079782767579,0.046401164487386515,0.09570424092683415,0.00954797587102306
choque_05pct_temporario,temporario,0.95,0.050000000000000044,False,36,77,6,8859461.514869576,0.08906410813559924,0.06503900256090378,0.09525437720584,0.012658317987539615
choque_05pct_temporario,temporario,0.95,0.050000000000000044,False,36,77,7,8970855.650035055,0.08997795121689076,0.08908713975693572,0.1023233556760171,0.015166727953552494
choque_05pct_temporario,temporario,0.95,0.050000000000000044,False,36,77,8,8980340.953899829,0.09978173751058352,0.10822196661568406,0.11724300037860982,0.014489366786890653
choque_05pct_temporario,temporario,0.95,0.050000000000000044,False,36,77,9,8829653.242106894,0.11708925988864559,0.1167304245655083,0.13984652338918158,0.007306900529787385
choque_05pct_temporario,temporario,0.95,0.050000000000000044,False,36,77,10,8662713.616214696,0.13524104032913387,0.1085684398670852,0.16296836144057686,-0.00403603023108926
choque_05pct_temporario,temporario,0.95,0.050000000000000044,False,36,77,11,8489619.128947753,0.14747173898701005,0.0913654842635856,0.17890313051652545,-0.018387329294754683
choque_05pct_temporario,temporario,0.95,0.050000000000000044,False,36,77,12,8485662.41750886,0.14896974704978722,0.066581853118997,0.18358391684371164,-0.031907950111227566
choque_05pct_temporario,temporario,0.95,0.050000000000000044,False,36,77,13,8670879.573945848,0.14033509334178715,0.04522217173410126,0.17498777808156338,-0.03798140343109579
choque_05pct_temporario,temporario,0.95,0.050000000000000044,False,36,77,14,9212170.680998167,0.116676248358542,0.02839866932591084,0.15552062790487325,-0.035975704884467614
choque_05pct_temporario,temporario,0.95,0.050000000000000044,False,36,77,15,9876161.595840989,0.08428674946580457,0.02605822462937213,0.1321086883060617,-0.028145055164494944
choque_05pct_temporario,temporario,0.95,0.050000000000000044,False,36,77,16,10270497.729157897,0.0628073239096311,0.04623309526246633,0.1167806844252066,-0.018365720420559232
choque_05pct_temporario,temporario,0.95,0.050000000000000044,False,36,77,17,10609577.24959136,0.05707919619210273,0.08898151816182476,0.11216234281431728,-0.009931277191843283
choque_05pct_temporario,temporario,0.95,0.050000000000000044,False,36,77,18,10769075.22210694,0.0667934016165383,0.14368831357507772,0.12454458509639738,0.001348672738102007
choque_05pct_temporario,temporario,0.95,0.050000000000000044,False,36,77,19,11026640.392906014,0.06997105530375064,0.17897881100010826,0.145792791629967,0.00593103581751962
choque_05pct_temporario,temporario,0.95,0.050000000000000044,False,36,77,20,11142026.554166777,0.06905909784664928,0.20702861983169707,0.1508493177050213,0.00979497771331973
choque_05pct_temporario,temporario,0.95,0.050000000000000044,False,36,77,21,10996252.686051885,0.07980033868731645,0.21786008146311797,0.16589459927856556,0.003930732529782567
choque_05pct_temporario,temporario,0.95,0.050000000000000044,False,36,77,22,10875271.40793295,0.0889392488587017,0.21124232464810833,0.1874058935407051,-0.010122974949863892
choque_05pct_temporario,temporario,0.95,0.050000000000000044,False,36,77,23,10758269.744290534,0.09487283161003214,0.19169008798247655,0.1976272934927553,-0.021395865483907133
choque_05pct_temporario,temporario,0.95,0.050000000000000044,False,36,77,24,10806035.985562826,0.08978646867044263,0.16723365548507552,0.19878796345444158,-0.035568810514522785
choque_05pct_temporario,temporario,0.95,0.050000000000000044,False,36,77,25,11028400.867532196,0.07878818428851195,0.14652814171607997,0.18995009939504667,-0.040871967987438286
choque_05pct_temporario,temporario,0.95,0.050000000000000044,False,37,78,0,7609597.0,0.138,0.03,0.12063832026847152,0.010583740505574736
choque_05pct_temporario,temporario,0.95,0.050000000000000044,False,37,78,1,7652724.38733265,0.14039181650999813,0.030000000000000027,0.11859183719691781,0.007984885903803248
choque_05pct_temporario,temporario,0.95,0.050000000000000044,False,37,78,2,7811944.858553902,0.13522720206223762,0.0241666286569604,0.12058669013549693,0.00018585739055203764
choque_05pct_temporario,temporario,0.95,0.050000000000000044,False,37,78,3,8094525.125686543,0.12367789968368018,0.026920387337477703,0.11080671413169939,0.0052715041838161504
choque_05pct_temporario,temporario,0.95,0.050000000000000044,False,37,78,4,8350276.109201933,0.10863709884444168,0.030769941322713823,0.10373413893051436,0.005768933818499963
choque_05pct_temporario,temporario,0.95,0.050000000000000044,False,37,78,5,8680196.57485008,0.09113404049038419,0.04756306324899073,0.0930014214064047,0.011898484970177568
choque_05pct_temporario,temporario,0.95,0.050000000000000044,False,37,78,6,8905681.476826241,0.08293269423776442,0.06812794563686642,0.09118405114728363,0.016170409926278318
choque_05pct_temporario,temporario,0.95,0.050000000000000044,False,37,78,7,8985773.946449902,0.08909522342663266,0.09610309886031287,0.09953610485371459,0.016488818213765452
choque_05pct_temporario,temporario,0.95,0.050000000000000044,False,37,78,8,8972338.319852889,0.10169017228740865,0.11238521466980167,0.1203609454368485,0.014430673686971924
choque_05pct_temporario,temporario,0.95,0.050000000000000044,False,37,78,9,8876157.86722815,0.11513453741001432,0.11982955538799622,0.14016031248279393,0.007987559495070401
choque_05pct_temporario,temporario,0.95,0.050000000000000044,False,37,78,10,8692961.698865756,0.13438558949036677,0.11158310406235383,0.16129941170081108,-0.0026456220822289028
choque_05pct_temporario,temporario,0.95,0.050000000000000044,False,37,78,11,8542439.89918197,0.14549086961337301,0.09320317262430677,0.17677754065702259,-0.012495508022041192
choque_05pct_temporario,temporario,0.95,0.050000000000000044,False,37,78,12,8546530.7534058,0.14290769675554885,0.06896566987935704,0.17922029096757472,-0.027404911106380252
choque_05pct_temporario,temporario,0.95,0.050000000000000044,False,37,78,13,8755562.48383291,0.12928072287183504,0.04783977203924472,0.1694520431100278,-0.03117252159695197
choque_05pct_temporario,temporario,0.95,0.050000000000000044,False,37,78,14,9237228.119029168,0.10997003174804285,0.03494436287203251,0.1517228632386033,-0.0296649380233595
choque_05pct_temporario,temporario,0.95,0.050000000000000044,False,37,78,15,9762457.326508105,0.0847549135880276,0.03524688501330964,0.13429300887314735,-0.024786496011037617
choque_05pct_temporario,temporario,0.95,0.050000000000000044,False,37,78,16,10247810.280668505,0.06213768797329341,0.05509925588413256,0.11785182991689448,-0.017952866863622283
choque_05pct_temporario,temporario,0.95,0.050000000000000044,False,37,78,17,10724945.977973204,0.050783371588345415,0.09897649156096722,0.10755519441492066,-0.005394218533348357
choque_05pct_temporario,temporario,0.95,0.050000000000000044,False,37,78,18,11024481.55875305,0.05088085545611348,0.1612629339303051,0.11130795141291383,0.009697463236231692
choque_05pct_temporario,temporario,0.95,0.050000000000000044,False,37,78,19,11170492.102201164,0.0637570469902175,0.2159585562926749,0.13266858643468366,0.01865641686427167
choque_05pct_temporario,temporario,0.95,0.050000000000000044,False,37,78,20,11186383.816281555,0.08056938910877831,0.2418453876460256,0.16268764848279807,0.01562504531737898
choque_05pct_temporario,temporario,0.95,0.050000000000000044,False,37,78,21,10940220.211019196,0.0900060316043299,0.23825569956433212,0.18410157140488734,0.0038558009825914123
choque_05pct_temporario,temporario,0.95,0.050000000000000044,False,37,78,22,10676751.297608443,0.09727529815951513,0.216459513602008,0.19564545883652848,-0.012889474270540022
choque_05pct_temporario,temporario,0.95,0.050000000000000044,False,37,78,23,10516957.898312423,0.10414803501981056,0.1825795846167122,0.2065768070876114,-0.02962170065187744
choque_05pct_temporario,temporario,0.95,0.050000000000000044,False,37,78,24,10463794.037446309,0.10476624289372397,0.1486474346085278,0.21086116643133765,-0.046195024343854044
choque_05pct_temporario,temporario,0.95,0.050000000000000044,False,37,78,25,10764715.033972476,0.08755632958422488,0.11805041248356729,0.199779372955944,-0.05612679346523166
choque_05pct_temporario,temporario,0.95,0.050000000000000044,False,38,79,0,7609597.0,0.138,0.03,0.12063832026847152,0.010583740505574736
choque_05pct_temporario,temporario,0.95,0.050000000000000044,False,38,79,1,7652724.38733265,0.14039181650999813,0.030000000000000027,0.11859183719691781,0.007984885903803248
choque_05pct_temporario,temporario,0.95,0.050000000000000044,False,38,79,2,7805467.640744476,0.13522708141572493,0.02418630659483445,0.12056947695808339,0.005628385718672757
choque_05pct_temporario,temporario,0.95,0.050000000000000044,False,38,79,3,8017292.966872868,0.1252915579837711,0.026864732214723297,0.11286921658241382,0.005709835360944892
choque_05pct_temporario,temporario,0.95,0.050000000000000044,False,38,79,4,8334416.405343128,0.11107775116975839,0.030036851707745837,0.10528397704826867,0.006842628413261025
choque_05pct_temporario,temporario,0.95,0.050000000000000044,False,38,79,5,8651065.37813486,0.09454195660150351,0.04480366111541478,0.09596450691791121,0.01050641554074702
choque_05pct_temporario,temporario,0.95,0.050000000000000044,False,38,79,6,8840326.444084864,0.08562870150243612,0.06394961509603325,0.09419017585806352,0.01278902241964697
choque_05pct_temporario,temporario,0.95,0.050000000000000044,False,38,79,7,8972506.005881699,0.08769327915493108,0.08955153715168795,0.09995607515365582,0.013566198180031502
choque_05pct_temporario,temporario,0.95,0.050000000000000044,False,38,79,8,9002242.52660953,0.0991345812977495,0.11022276853145163,0.11557004374375064,0.013553828215491434
choque_05pct_temporario,temporario,0.95,0.050000000000000044,False,38,79,9,8946236.23674051,0.11047637033432685,0.11875116234886218,0.1344682088925122,0.009918040566773959
choque_05pct_temporario,temporario,0.95,0.050000000000000044,False,38,79,10,8814775.518973885,0.12152918727847034,0.11607338784905696,0.1516279895779785,-0.0009442507425555874
choque_05pct_temporario,temporario,0.95,0.050000000000000044,False,38,79,11,8681113.781526135,0.13451838840773014,0.10264172111045222,0.16617460416713406,-0.00970066431171338
choque_05pct_temporario,temporario,0.95,0.050000000000000044,False,38,79,12,8663530.780742962,0.1358441055193692,0.08243930690474599,0.1738879345888121,-0.022304504382758304
choque_05pct_temporario,temporario,0.95,0.050000000000000044,False,38,79,13,8800154.000253094,0.13079000353943135,0.0618020474613612,0.1702227198064328,-0.028887068518502482
choque_05pct_temporario,temporario,0.95,0.050000000000000044,False,38,79,14,9088920.386485409,0.11629711030118468,0.04592691645649061,0.1602359203826826,-0.03298264673362775
choque_05pct_temporario,temporario,0.95,0.050000000000000044,False,38,79,15,9607339.603657171,0.09272767946189647,0.03958011596522737,0.1422536237316012,-0.027895922964711762
choque_05pct_temporario,temporario,0.95,0.050000000000000044,False,38,79,16,10222109.848849535,0.0639700232601421,0.05132383559559783,0.12163600576639384,-0.018647207776524607
choque_05pct_temporario,temporario,0.95,0.050000000000000044,False,38,79,17,10723053.547788613,0.04871386667654999,0.08984906482313981,0.10606883989848044,-0.007736003452303351
choque_05pct_temporario,temporario,0.95,0.050000000000000044,False,38,79,18,11023152.418385226,0.048953116060881145,0.15299130230438096,0.10685086144763557,0.00935468308467731
choque_05pct_temporario,temporario,0.95,0.050000000000000044,False,38,79,19,11187669.59887521,0.06331292843708312,0.21277167114713702,0.13075099353548317,0.017977798395141773
choque_05pct_temporario,temporario,0.95,0.050000000000000044,False,38,79,20,11214550.464863243,0.0791150015308821,0.24251246756864409,0.16196604883028715,0.016049031403360347
choque_05pct_temporario,temporario,0.95,0.050000000000000044,False,38,79,21,10980434.514403194,0.0878628704968131,0.2412962817611346,0.18158627403091895,0.006448684010578598
choque_05pct_temporario,temporario,0.95,0.050000000000000044,False,38,79,22,10703513.769958436,0.09809902544126602,0.2215219266194306,0.1949332150727406,-0.012166230692207902
choque_05pct_temporario,temporario,0.95,0.050000000000000044,False,38,79,23,10472286.576591603,0.10728187357556809,0.1879671960668674,0.208630845385039,-0.02975731346230432
choque_05pct_temporario,temporario,0.95,0.050000000000000044,False,38,79,24,10492132.309346775,0.10045213121758914,0.14999321374348273,0.20961371769070264,-0.04605086547439684
choque_05pct_temporario,temporario,0.95,0.050000000000000044,False,38,79,25,10875025.65289961,0.0820459282320771,0.12220578952625405,0.19240516027378432,-0.05272179857633994
choque_05pct_temporario,temporario,0.95,0.050000000000000044,False,39,80,0,7609597.0,0.138,0.03,0.12063832026847152,0.010583740505574736
choque_05pct_temporario,temporario,0.95,0.050000000000000044,False,39,80,1,7652724.38733265,0.14039181650999813,0.030000000000000027,0.11859183719691781,0.007984885903803248
choque_05pct_temporario,temporario,0.95,0.050000000000000044,False,39,80,2,7808200.792774914,0.13522708141572493,0.02418544137591594,0.12034762689050274,0.005220372836864475
choque_05pct_temporario,temporario,0.95,0.050000000000000044,False,39,80,3,8035062.194423687,0.12596384584639977,0.02686556713124344,0.1127589891774157,0.007163916986414155
choque_05pct_temporario,temporario,0.95,0.050000000000000044,False,39,80,4,8339641.154430015,0.11184337766396084,0.029721019123407633,0.10672704748153952,0.005265422493528874
choque_05pct_temporario,temporario,0.95,0.050000000000000044,False,39,80,5,8603228.20338048,0.09732531062945286,0.04371627652042487,0.09830712170262473,0.012078407724714713
choque_05pct_temporario,temporario,0.95,0.050000000000000044,False,39,80,6,8776252.199287072,0.09007778953939169,0.06140212901083286,0.09778501125381713,0.010890842283968498
choque_05pct_temporario,temporario,0.95,0.050000000000000044,False,39,80,7,8899014.54551517,0.09274030541782705,0.08500378802181663,0.10336328400578322,0.013854367314541559
choque_05pct_temporario,temporario,0.95,0.050000000000000044,False,39,80,8,8948690.54645085,0.09882084280836197,0.1018101956593569,0.11801324820089591,0.012688872668620831
choque_05pct_temporario,temporario,0.95,0.050000000000000044,False,39,80,9,8877730.0171775,0.11331261594353889,0.11169093903346083,0.1351905433200262,0.00856298441637428
choque_05pct_temporario,temporario,0.95,0.050000000000000044,False,39,80,10,8729532.72727101,0.12851749541199345,0.10779865591413107,0.15662260739806122,-0.0034874890407404838
choque_05pct_temporario,temporario,0.95,0.050000000000000044,False,39,80,11,8607958.103705801,0.13858299608803495,0.09384389458112441,0.17074417535166575,-0.013946098511204496
choque_05pct_temporario,temporario,0.95,0.050000000000000044,False,39,80,12,8618100.353849186,0.14005218546361073,0.07486091941201534,0.17485014105042448,-0.02075879549165373
choque_05pct_temporario,temporario,0.95,0.050000000000000044,False,39,80,13,8766137.54559449,0.13113893126049184,0.053366954004980816,0.17077123974729874,-0.028630696829801603
choque_05pct_temporario,temporario,0.95,0.050000000000000044,False,39,80,14,9175141.608330095,0.11031219032302848,0.04026762540063311,0.15466529588083353,-0.030456100718210036
choque_05pct_temporario,temporario,0.95,0.050000000000000044,False,39,80,15,9773112.832105223,0.08350312733715741,0.039026550363381984,0.13433147773519247,-0.025980253003732665
choque_05pct_temporario,temporario,0.95,0.050000000000000044,False,39,80,16,10278087.69161309,0.05928798365158418,0.059190140049637296,0.11633924504970043,-0.01635126202349945
choque_05pct_temporario,temporario,0.95,0.050000000000000044,False,39,80,17,10701644.449262159,0.04824861306469325,0.10502194246539909,0.10494770734879011,-0.0025093878664527573
choque_05pct_temporario,temporario,0.95,0.050000000000000044,False,39,80,18,11088299.507243035,0.04947545678340882,0.16928264791925618,0.10858239157892376,0.012955330361532312
choque_05pct_temporario,temporario,0.95,0.050000000000000044,False,39,80,19,11221212.132173523,0.06287126443223011,0.22535695510621667,0.13204156974196796,0.022467163601101913
choque_05pct_temporario,temporario,0.95,0.050000000000000044,False,39,80,20,11275691.286540944,0.07408759960699611,0.2502274617991762,0.16098579013604256,0.01807646443888246
choque_05pct_temporario,temporario,0.95,0.050000000000000044,False,39,80,21,11025313.024749964,0.09024091729823298,0.2508049908344927,0.18043865478540058,0.005642454612595
choque_05pct_temporario,temporario,0.95,0.050000000000000044,False,39,80,22,10596071.521640036,0.10934069765955318,0.22344544948905387,0.20736704334829748,-0.012673355660555568
choque_05pct_temporario,temporario,0.95,0.050000000000000044,False,39,80,23,10278709.82773491,0.11948922088197912,0.1838544822077519,0.22278264393733485,-0.03610946201679831
choque_05pct_temporario,temporario,0.95,0.050000000000000044,False,39,80,24,10251666.020279568,0.11322776425073292,0.1396877479043479,0.22048587161549438,-0.051966248096627574
choque_05pct_temporario,temporario,0.95,0.050000000000000044,False,39,80,25,10612281.659914399,0.09353740043909049,0.10361689666552953,0.2027006098771973,-0.05951065887760457
choque_05pct_temporario,temporario,0.95,0.050000000000000044,False,40,81,0,7609597.0,0.138,0.03,0.12063832026847152,0.010583740505574736
choque_05pct_temporario,temporario,0.95,0.050000000000000044,False,40,81,1,7652724.38733265,0.14039181650999813,0.030000000000000027,0.11859183719691781,0.007984885903803248
choque_05pct_temporario,temporario,0.95,0.050000000000000044,False,40,81,2,7791795.83856827,0.13522708141572493,0.024180090599306148,0.1205498280887741,0.0038389432304243515
choque_05pct_temporario,temporario,0.95,0.050000000000000044,False,40,81,3,8075670.949947581,0.12380897409330736,0.02686445481971589,0.11098593246899349,0.00915771220492161
choque_05pct_temporario,temporario,0.95,0.050000000000000044,False,40,81,4,8342893.204058298,0.10814366766662828,0.030637668217898817,0.10456875380432996,0.007661717681852086
choque_05pct_temporario,temporario,0.95,0.050000000000000044,False,40,81,5,8614926.453199973,0.09693065474460602,0.046972600414249666,0.09684785593301751,0.010238485360621994
choque_05pct_temporario,temporario,0.95,0.050000000000000044,False,40,81,6,8791992.93233982,0.09290149962568715,0.0642635912256726,0.09868019381162114,0.010861080878222573
choque_05pct_temporario,temporario,0.95,0.050000000000000044,False,40,81,7,8907696.220359197,0.093328804699407,0.08606700763578301,0.10455909574483585,0.011708249385805256
choque_05pct_temporario,temporario,0.95,0.050000000000000044,False,40,81,8,8955786.632197803,0.09901032854800211,0.10150909383034845,0.1168071952159376,0.010491463043481433
choque_05pct_temporario,temporario,0.95,0.050000000000000044,False,40,81,9,8923751.01055236,0.10898871921512314,0.1107842876924412,0.13238606738018951,0.006575296488387286
choque_05pct_temporario,temporario,0.95,0.050000000000000044,False,40,81,10,8821756.531301739,0.12265438076094441,0.1073103478430919,0.15078153758412707,-0.002866312316430041
choque_05pct_temporario,temporario,0.95,0.050000000000000044,False,40,81,11,8729018.495376486,0.13207561877566604,0.09546241124358645,0.1648134901763408,-0.013914589150041998
choque_05pct_temporario,temporario,0.95,0.050000000000000044,False,40,81,12,8750716.784063676,0.1330728319903595,0.0779125197751005,0.1695389547965877,-0.02220445839636849
choque_05pct_temporario,temporario,0.95,0.050000000000000044,False,40,81,13,8894772.481457055,0.1260617550510147,0.06184368532637463,0.16440104089248483,-0.026596306048308156
choque_05pct_temporario,temporario,0.95,0.050000000000000044,False,40,81,14,9275565.228251595,0.10319043667723331,0.04993558015269106,0.15070578280223995,-0.02651050158252511
choque_05pct_temporario,temporario,0.95,0.050000000000000044,False,40,81,15,9761898.66090077,0.08270937044624262,0.051788558589074496,0.13273732081320297,-0.021204589937797967
choque_05pct_temporario,temporario,0.95,0.050000000000000044,False,40,81,16,10245224.509262364,0.06367896184187655,0.06981712178077193,0.12052561263337214,-0.015085112522201526
choque_05pct_temporario,temporario,0.95,0.050000000000000044,False,40,81,17,10716325.561842775,0.05080360109405811,0.10765894399863574,0.11104790203350498,-0.00166387528719943
choque_05pct_temporario,temporario,0.95,0.050000000000000044,False,40,81,18,10964644.770759368,0.05328350781945774,0.16548084836062382,0.11363429864298616,0.010932570167202546
choque_05pct_temporario,temporario,0.95,0.050000000000000044,False,40,81,19,11111607.796680834,0.0697781442324772,0.213316689282951,0.13826930445827032,0.0176194733465238
choque_05pct_temporario,temporario,0.95,0.050000000000000044,False,40,81,20,11077604.022634283,0.08015004315768277,0.23144093873737193,0.16751719849595295,0.011805805641459536
choque_05pct_temporario,temporario,0.95,0.050000000000000044,False,40,81,21,10878006.067908484,0.09180932462238481,0.2283358491415579,0.18045788293910298,0.0006149790484307442
choque_05pct_temporario,temporario,0.95,0.050000000000000044,False,40,81,22,10589465.350423962,0.10161694020803552,0.20406687724378014,0.19984386948222013,-0.018531234968655372
choque_05pct_temporario,temporario,0.95,0.050000000000000044,False,40,81,23,10445590.525566313,0.10693052193379635,0.1722002958463138,0.20858609773651784,-0.035146302019941705
choque_05pct_temporario,temporario,0.95,0.050000000000000044,False,40,81,24,10451043.255839454,0.10262282033059811,0.13801051927964414,0.20893901008029755,-0.05173065496537978
choque_05pct_temporario,temporario,0.95,0.050000000000000044,False,40,81,25,10926268.462278694,0.08071891501659496,0.11204219525604264,0.1905601164060813,-0.05245890609793698
choque_05pct_temporario,temporario,0.95,0.050000000000000044,False,41,82,0,7609597.0,0.138,0.03,0.12063832026847152,0.010583740505574736
choque_05pct_temporario,temporario,0.95,0.050000000000000044,False,41,82,1,7652724.38733265,0.14039181650999813,0.030000000000000027,0.11859183719691781,0.007984885903803248
choque_05pct_temporario,temporario,0.95,0.050000000000000044,False,41,82,2,7804161.342545421,0.13522708141572493,0.024181451857486325,0.12048374104937541,0.004463367105977549
choque_05pct_temporario,temporario,0.95,0.050000000000000044,False,41,82,3,8037306.605265866,0.12521985422798892,0.026870543244538414,0.11227156104350028,0.006428005564398915
choque_05pct_temporario,temporario,0.95,0.050000000000000044,False,41,82,4,8376623.174433023,0.11150345996583516,0.0300461811692454,0.1054722248192005,0.007758729041679784
choque_05pct_temporario,temporario,0.95,0.050000000000000044,False,41,82,5,8556604.55980373,0.09750777275655126,0.04370330962776747,0.0998279876914368,0.009739826785465944
choque_05pct_temporario,temporario,0.95,0.050000000000000044,False,41,82,6,8776384.338126576,0.09244583279292186,0.061664941193257716,0.09885274389788294,0.01132098903009663
choque_05pct_temporario,temporario,0.95,0.050000000000000044,False,41,82,7,8875810.2799841,0.09369271953253054,0.08391908617973587,0.10573975050184532,0.011255536094396513
choque_05pct_temporario,temporario,0.95,0.050000000000000044,False,41,82,8,8883633.845275939,0.10443315632851277,0.10146788225284897,0.11930077627243754,0.010781897360931532
choque_05pct_temporario,temporario,0.95,0.050000000000000044,False,41,82,9,8835265.7519353,0.11313432717476393,0.1071559088138836,0.13714606368529908,0.004838168634340457
choque_05pct_temporario,temporario,0.95,0.050000000000000044,False,41,82,10,8759845.316143671,0.12192690490166663,0.10510984873220841,0.1496697944185519,-0.00016012857175397524
choque_05pct_temporario,temporario,0.95,0.050000000000000044,False,41,82,11,8763913.148445597,0.12600157506666385,0.09227339963259129,0.15909175456984428,-0.009487917602749552
choque_05pct_temporario,temporario,0.95,0.050000000000000044,False,41,82,12,8800107.452748384,0.12380417442672886,0.07801633094864435,0.16257542341945358,-0.021559711908139063
choque_05pct_temporario,temporario,0.95,0.050000000000000044,False,41,82,13,8985741.263255283,0.11916794762513688,0.06404538780989544,0.15868190424380138,-0.024044484323441914
choque_05pct_temporario,temporario,0.95,0.050000000000000044,False,41,82,14,9378877.9676408,0.10018348948901648,0.055149378672540994,0.14747844985081904,-0.025268951204128705
choque_05pct_temporario,temporario,0.95,0.050000000000000044,False,41,82,15,9838876.259086713,0.07971092086850175,0.05961643924736215,0.1310322778481085,-0.020128653389060565
choque_05pct_temporario,temporario,0.95,0.050000000000000044,False,41,82,16,10278395.289210204,0.0607314840840814,0.07930782917705725,0.11949674358912604,-0.01223176791024494
choque_05pct_temporario,temporario,0.95,0.050000000000000044,False,41,82,17,10665770.16720287,0.05318933110442637,0.12044683223419139,0.11183621403303748,-0.001561986861467155
choque_05pct_temporario,temporario,0.95,0.050000000000000044,False,41,82,18,10910785.510602806,0.058455731608604955,0.17100232472254961,0.121057858000304,0.009013076311059322
choque_05pct_temporario,temporario,0.95,0.050000000000000044,False,41,82,19,11033138.621788207,0.07059687980095052,0.21070845713927366,0.14328517106232436,0.012379894591022745
choque_05pct_temporario,temporario,0.95,0.050000000000000044,False,41,82,20,11070395.188547183,0.07630289764810373,0.2240014774290442,0.16290695616276016,0.010636944463183338
choque_05pct_temporario,temporario,0.95,0.050000000000000044,False,41,82,21,10883461.798125118,0.08481509966060838,0.22466096768689225,0.17540662974829813,-0.0009209715489795582
choque_05pct_temporario,temporario,0.95,0.050000000000000044,False,41,82,22,10659441.063593648,0.09829980801774148,0.2051570295771621,0.1944082613542361,-0.015974920516589112
choque_05pct_temporario,temporario,0.95,0.050000000000000044,False,41,82,23,10538196.76271745,0.10303286416232406,0.17726201983265089,0.20574177728170795,-0.030795687056257907
choque_05pct_temporario,temporario,0.95,0.050000000000000044,False,41,82,24,10574107.98828941,0.09670905977061892,0.1459012071068515,0.2039984063425914,-0.0469180680286978
choque_05pct_temporario,temporario,0.95,0.050000000000000044,False,41,82,25,10978352.115279136,0.07793905951161595,0.12292088946340973,0.1873636152923024,-0.04514032706879293
choque_05pct_temporario,temporario,0.95,0.050000000000000044,False,42,83,0,7609597.0,0.138,0.03,0.12063832026847152,0.010583740505574736
choque_05pct_temporario,temporario,0.95,0.050000000000000044,False,42,83,1,7652724.38733265,0.14039181650999813,0.030000000000000027,0.11859183719691781,0.007984885903803248
choque_05pct_temporario,temporario,0.95,0.050000000000000044,False,42,83,2,7809911.119751594,0.13522708141572493,0.024186657377943677,0.12048474702435293,0.005776961624849792
choque_05pct_temporario,temporario,0.95,0.050000000000000044,False,42,83,3,8018061.038339455,0.12665789346615375,0.02685962375110229,0.11348078533846509,0.007979938804951722
choque_05pct_temporario,temporario,0.95,0.050000000000000044,False,42,83,4,8305617.180034985,0.11399259819694661,0.029405143029064273,0.10821630138304673,0.005959566471408082
choque_05pct_temporario,temporario,0.95,0.050000000000000044,False,42,83,5,8565720.35541687,0.09937907419586697,0.04285569281747459,0.10080153530774213,0.006715388984159995
choque_05pct_temporario,temporario,0.95,0.050000000000000044,False,42,83,6,8769995.868604945,0.09387548554129159,0.05895916054843142,0.09979489443379957,0.009916189886890399
choque_05pct_temporario,temporario,0.95,0.050000000000000044,False,42,83,7,8850855.963482378,0.09669100957576483,0.0796050775886219,0.10706477019814094,0.011189723679453813
choque_05pct_temporario,temporario,0.95,0.050000000000000044,False,42,83,8,8871118.042371849,0.10433540545546563,0.09486312222642246,0.12108296028767851,0.00681241083871948
choque_05pct_temporario,temporario,0.95,0.050000000000000044,False,42,83,9,8865970.419478038,0.11405090710346011,0.10179089862532953,0.1354256336972055,0.005939924984130264
choque_05pct_temporario,temporario,0.95,0.050000000000000044,False,42,83,10,8811062.688889785,0.12092735715498518,0.0982722475239175,0.14824233006687149,0.0006953732523971797
choque_05pct_temporario,temporario,0.95,0.050000000000000044,False,42,83,11,8820319.244287107,0.12019022097177777,0.09022091431915058,0.15481909221899506,-0.010610618923417123
choque_05pct_temporario,temporario,0.95,0.050000000000000044,False,42,83,12,8916236.319809902,0.12035321857265882,0.07868642596332509,0.15656875203431644,-0.017121625466615567
choque_05pct_temporario,temporario,0.95,0.050000000000000044,False,42,83,13,9041623.949106548,0.11603738545924601,0.06909163416616293,0.1567389715846745,-0.020389322130807103
choque_05pct_temporario,temporario,0.95,0.050000000000000044,False,42,83,14,9283866.664472478,0.1029387839720055,0.06217485325073824,0.15024619035508738,-0.025558597704313537
choque_05pct_temporario,temporario,0.95,0.050000000000000044,False,42,83,15,9803027.168673718,0.08130733678429551,0.06497242712502382,0.13391621412734905,-0.021249036502413488
choque_05pct_temporario,temporario,0.95,0.050000000000000044,False,42,83,16,10323366.157310804,0.059310357559255095,0.08351794638139931,0.11794291577236943,-0.011217060761535174
choque_05pct_temporario,temporario,0.95,0.050000000000000044,False,42,83,17,10678729.501723109,0.04850696046791338,0.12420616119199401,0.10864213622886365,-0.0006877134256423111
choque_05pct_temporario,temporario,0.95,0.050000000000000044,False,42,83,18,11055538.441270687,0.05291018434625829,0.18176137378828194,0.11261838039415067,0.012661847755808907
choque_05pct_temporario,temporario,0.95,0.050000000000000044,False,42,83,19,11121670.970907379,0.06571936718144271,0.2260068632565202,0.14028165854187438,0.01643270527591711
choque_05pct_temporario,temporario,0.95,0.050000000000000044,False,42,83,20,11128653.271990359,0.07916765411076891,0.24361490025725674,0.16404683190558939,0.014268512566794398
choque_05pct_temporario,temporario,0.95,0.050000000000000044,False,42,83,21,10896844.598130515,0.0900426813688555,0.23641178059629286,0.18400653447507673,3.8056912510409204e-05
choque_05pct_temporario,temporario,0.95,0.050000000000000044,False,42,83,22,10543464.66401754,0.1082059832887922,0.2133027412557884,0.20266400340844273,-0.020234212195770436
choque_05pct_temporario,temporario,0.95,0.050000000000000044,False,42,83,23,10282202.982448105,0.11762394224346365,0.17305752088870374,0.22001221129626736,-0.040096939739444525
choque_05pct_temporario,temporario,0.95,0.050000000000000044,False,42,83,24,10331435.977568435,0.10947533168518453,0.13363373057689598,0.2143039172325179,-0.05529872444291946
choque_05pct_temporario,temporario,0.95,0.050000000000000044,False,42,83,25,10736217.540892584,0.08617347298203075,0.10083711888137015,0.19473403413335816,-0.057920454468079495
choque_05pct_temporario,temporario,0.95,0.050000000000000044,False,43,84,0,7609597.0,0.138,0.03,0.12063832026847152,0.010583740505574736
choque_05pct_temporario,temporario,0.95,0.050000000000000044,False,43,84,1,7652724.38733265,0.14039181650999813,0.030000000000000027,0.11859183719691781,0.007984885903803248
choque_05pct_temporario,temporario,0.95,0.050000000000000044,False,43,84,2,7810811.761430795,0.13522708141572493,0.024182515913943492,0.1203253310066372,0.004817003313949821
choque_05pct_temporario,temporario,0.95,0.050000000000000044,False,43,84,3,8019206.633895097,0.1253927685392432,0.026857880032511217,0.11300784677369528,0.004979565564166392
choque_05pct_temporario,temporario,0.95,0.050000000000000044,False,43,84,4,8368616.786595549,0.11060214541053523,0.02994788564086881,0.10499444770872926,0.006099185562851557
choque_05pct_temporario,temporario,0.95,0.050000000000000044,False,43,84,5,8618858.219985573,0.09385473685885543,0.04569263849756644,0.09589336545018895,0.009241409450365978
choque_05pct_temporario,temporario,0.95,0.050000000000000044,False,43,84,6,8862561.571127096,0.08645537966048675,0.06471102715177213,0.09445676418864679,0.011579488459777932
choque_05pct_temporario,temporario,0.95,0.050000000000000044,False,43,84,7,8941833.128741052,0.09165138810797008,0.09046454798162773,0.10187660903814065,0.015977597276035708
choque_05pct_temporario,temporario,0.95,0.050000000000000044,False,43,84,8,8938547.936274022,0.10271808247311483,0.10559310716891335,0.12090386694689227,0.01311827464391193
choque_05pct_temporario,temporario,0.95,0.050000000000000044,False,43,84,9,8868785.754860595,0.11474987881840493,0.1135175145646814,0.13811555625517402,0.008488147116460001
choque_05pct_temporario,temporario,0.95,0.050000000000000044,False,43,84,10,8751201.44818199,0.12648778549658643,0.10739974545239162,0.15555877810858584,-0.001981806124379608
choque_05pct_temporario,temporario,0.95,0.050000000000000044,False,43,84,11,8615089.734368587,0.1373268924736341,0.09406882620353518,0.1695884880523813,-0.014216354587718354
choque_05pct_temporario,temporario,0.95,0.050000000000000044,False,43,84,12,8563692.696831353,0.14212070377383,0.07514576479866553,0.177216616065439,-0.02519811345068439
choque_05pct_temporario,temporario,0.95,0.050000000000000044,False,43,84,13,8743947.894900108,0.13443841123306643,0.05506707476137018,0.17159473494524344,-0.03347518580247674
choque_05pct_temporario,temporario,0.95,0.050000000000000044,False,43,84,14,9216393.161879232,0.11383905275028636,0.03930247430842737,0.15503228295669652,-0.034138033867092986
choque_05pct_temporario,temporario,0.95,0.050000000000000044,False,43,84,15,9879180.500889085,0.0849341430821506,0.035198897079581126,0.13417177243459794,-0.024068379007921522
choque_05pct_temporario,temporario,0.95,0.050000000000000044,False,43,84,16,10130304.351375764,0.06772360421825198,0.053456323706003506,0.12166724872376504,-0.015773055083270985
choque_05pct_temporario,temporario,0.95,0.050000000000000044,False,43,84,17,10514032.558244625,0.05929710225037875,0.08944482354380767,0.1172067537928142,-0.011787838746837642
choque_05pct_temporario,temporario,0.95,0.050000000000000044,False,43,84,18,10882000.111354552,0.05787512151623566,0.13817993865048317,0.11953735532423294,0.0015221953122530074
choque_05pct_temporario,temporario,0.95,0.050000000000000044,False,43,84,19,11183998.154619608,0.06025093489932524,0.18515542623336323,0.13061239652864612,0.007994913179238864
choque_05pct_temporario,temporario,0.95,0.050000000000000044,False,43,84,20,11192249.661619736,0.06811198968381098,0.21929951011873539,0.1479427008884339,0.01362576938946639
choque_05pct_temporario,temporario,0.95,0.050000000000000044,False,43,84,21,11168391.308109816,0.07591197161038304,0.2344827288654876,0.16647079218264016,0.008233051677476483
choque_05pct_temporario,temporario,0.95,0.050000000000000044,False,43,84,22,10987839.09118148,0.08752809161377716,0.22786600104727328,0.183915077379905,-0.0019378515431705517
choque_05pct_temporario,temporario,0.95,0.050000000000000044,False,43,84,23,10849352.748713799,0.09563117345817025,0.20658217406508506,0.19877154813339404,-0.01902271497220909
choque_05pct_temporario,temporario,0.95,0.050000000000000044,False,43,84,24,10685237.731481012,0.09860568709003073,0.17595166707851329,0.20803673712782633,-0.035009533472839076
choque_05pct_temporario,temporario,0.95,0.050000000000000044,False,43,84,25,10812319.111636445,0.09172410368320902,0.1478495408338405,0.20410459674944484,-0.04862973026859209
choque_05pct_temporario,temporario,0.95,0.050000000000000044,False,44,85,0,7609597.0,0.138,0.03,0.12063832026847152,0.010583740505574736
choque_05pct_temporario,temporario,0.95,0.050000000000000044,False,44,85,1,7652724.38733265,0.14039181650999813,0.030000000000000027,0.11859183719691781,0.007984885903803248
choque_05pct_temporario,temporario,0.95,0.050000000000000044,False,44,85,2,7807316.642150581,0.13522708141572493,0.02418726956457662,0.12045697700954835,0.00614458450597104
choque_05pct_temporario,temporario,0.95,0.050000000000000044,False,44,85,3,8024777.877599951,0.12522467831065154,0.026840922670184897,0.11319498608561496,0.007415745857610678
choque_05pct_temporario,temporario,0.95,0.050000000000000044,False,44,85,4,8323193.018146642,0.11403624152876227,0.030038288331314833,0.10781530558373625,0.004971503868447743
choque_05pct_temporario,temporario,0.95,0.050000000000000044,False,44,85,5,8569715.959006611,0.10209902219789493,0.04239695260081211,0.10197379396101307,0.00826558349026707
choque_05pct_temporario,temporario,0.95,0.050000000000000044,False,44,85,6,8758559.146874916,0.09371645295816333,0.05753025775586873,0.10138695313480497,0.01120703353671454
choque_05pct_temporario,temporario,0.95,0.050000000000000044,False,44,85,7,8833569.980922302,0.09816934311233352,0.07912189475306275,0.10743902123454019,0.010079638105165763
choque_05pct_temporario,temporario,0.95,0.050000000000000044,False,44,85,8,8804693.166372202,0.11046921326718281,0.09343768972675393,0.12443846935630926,0.00817685000282053
choque_05pct_temporario,temporario,0.95,0.050000000000000044,False,44,85,9,8814667.66374437,0.11753628312317782,0.09786741321505321,0.13830778738336347,0.0037038227098040236
choque_05pct_temporario,temporario,0.95,0.050000000000000044,False,44,85,10,8793529.782518918,0.12277152575366451,0.09320115244281801,0.14926494208883653,-0.00573563094638583
choque_05pct_temporario,temporario,0.95,0.050000000000000044,False,44,85,11,8754843.49220164,0.12951936189331362,0.08214419211417368,0.15982442527709081,-0.0163053456640018
choque_05pct_temporario,temporario,0.95,0.050000000000000044,False,44,85,12,8821260.478448894,0.1315234400381364,0.06836252762853556,0.16446273246677529,-0.0225044011294283
choque_05pct_temporario,temporario,0.95,0.050000000000000044,False,44,85,13,8960514.508928927,0.12324869358189527,0.05576829302761377,0.16133258685480337,-0.028615698034368205
choque_05pct_temporario,temporario,0.95,0.050000000000000044,False,44,85,14,9348563.779972145,0.10507011562531753,0.046821458304528774,0.14778689592629732,-0.02799531887332556
choque_05pct_temporario,temporario,0.95,0.050000000000000044,False,44,85,15,9957007.62315288,0.07807718396573209,0.05084969597165845,0.12874787100577703,-0.021083307806398256
choque_05pct_temporario,temporario,0.95,0.050000000000000044,False,44,85,16,10325076.970529838,0.06143027963638095,0.07501681825230988,0.11554886937022277,-0.013481265470586418
choque_05pct_temporario,temporario,0.95,0.050000000000000044,False,44,85,17,10713069.941153882,0.050413970754498744,0.1175706964612131,0.1103776042697428,-0.0010137950480451385
choque_05pct_temporario,temporario,0.95,0.050000000000000044,False,44,85,18,11046891.531000935,0.05289631984387772,0.17652391780790055,0.11302384523762093,0.010937176745675025
choque_05pct_temporario,temporario,0.95,0.050000000000000044,False,44,85,19,11165660.022956673,0.06759370325880912,0.2245820527339497,0.13837308333841425,0.01633273097062473
choque_05pct_temporario,temporario,0.95,0.050000000000000044,False,44,85,20,11019765.904911721,0.08827009164407683,0.24091299498356067,0.17131618859709494,0.012651473919892044
choque_05pct_temporario,temporario,0.95,0.050000000000000044,False,44,85,21,10696474.524640774,0.10376407659439657,0.22746942784996893,0.1964135292371834,-0.005195770499828074
choque_05pct_temporario,temporario,0.95,0.050000000000000044,False,44,85,22,10349429.55707854,0.11528455430024853,0.19513018238233815,0.21127484036856387,-0.025743541735307927
choque_05pct_temporario,temporario,0.95,0.050000000000000044,False,44,85,23,10235622.305035902,0.11624936484159133,0.15381401452520715,0.21628930506187719,-0.04597335396779221
choque_05pct_temporario,temporario,0.95,0.050000000000000044,False,44,85,24,10416355.659328394,0.10356918804878508,0.11641854489424985,0.20609649810017533,-0.05323695766287176
choque_05pct_temporario,temporario,0.95,0.050000000000000044,False,44,85,25,11019064.95060974,0.07421790956690383,0.09165037756569516,0.1830596160243914,-0.054774389238240066
choque_05pct_temporario,temporario,0.95,0.050000000000000044,False,45,86,0,7609597.0,0.138,0.03,0.12063832026847152,0.010583740505574736
choque_05pct_temporario,temporario,0.95,0.050000000000000044,False,45,86,1,7652724.38733265,0.14039181650999813,0.030000000000000027,0.11859183719691781,0.007984885903803248
choque_05pct_temporario,temporario,0.95,0.050000000000000044,False,45,86,2,7804821.945893089,0.13522708141572493,0.024181660520726123,0.1204409798147925,0.004452771995248942
choque_05pct_temporario,temporario,0.95,0.050000000000000044,False,45,86,3,8054069.1350224465,0.12563695437298492,0.026768397176334613,0.11233442999303887,0.004438612209676164
choque_05pct_temporario,temporario,0.95,0.050000000000000044,False,45,86,4,8369146.936572825,0.11160588803108798,0.029904714004077126,0.1059762311345866,0.004618977743506862
choque_05pct_temporario,temporario,0.95,0.050000000000000044,False,45,86,5,8609259.94119697,0.0958761675042918,0.04445578474383005,0.09795970200688152,0.010132773519155494
choque_05pct_temporario,temporario,0.95,0.050000000000000044,False,45,86,6,8778484.563828805,0.09142621903580128,0.06279452018742604,0.09710963691782222,0.010265119705125737
choque_05pct_temporario,temporario,0.95,0.050000000000000044,False,45,86,7,8929683.895875953,0.09162636877938916,0.08448897104445496,0.103864644463119,0.01125220310504944
choque_05pct_temporario,temporario,0.95,0.050000000000000044,False,45,86,8,8956872.239595275,0.09947614656091917,0.1024459891201499,0.11672472676011222,0.013225828817900265
choque_05pct_temporario,temporario,0.95,0.050000000000000044,False,45,86,9,8904505.423474204,0.11080954006163568,0.11070517986607586,0.1346104695142543,0.00833065966160954
choque_05pct_temporario,temporario,0.95,0.050000000000000044,False,45,86,10,8790781.388033135,0.12368706101164431,0.10874041855233263,0.1525357878420441,-0.0007966589759807247
choque_05pct_temporario,temporario,0.95,0.050000000000000044,False,45,86,11,8672681.928893147,0.13490262469320433,0.09743683978693807,0.16658535994246645,-0.011400602011148812
choque_05pct_temporario,temporario,0.95,0.050000000000000044,False,45,86,12,8633112.35516233,0.13632717073278702,0.0799563607258269,0.17289096397640774,-0.024087921845832253
choque_05pct_temporario,temporario,0.95,0.050000000000000044,False,45,86,13,8851678.079202676,0.1270906686914772,0.06094633419184459,0.1660616695176937,-0.02912200650519789
choque_05pct_temporario,temporario,0.95,0.050000000000000044,False,45,86,14,9256883.273943536,0.10650073810235296,0.0469039513686067,0.15144220255084884,-0.02728348387880328
choque_05pct_temporario,temporario,0.95,0.050000000000000044,False,45,86,15,9792421.962748598,0.08187840645852675,0.04629523115775558,0.13296234887921138,-0.0220761026408024
choque_05pct_temporario,temporario,0.95,0.050000000000000044,False,45,86,16,10238211.415726589,0.06148160622648269,0.06509578212856071,0.11835826545732638,-0.014533556180730602
choque_05pct_temporario,temporario,0.95,0.050000000000000044,False,45,86,17,10674458.07373072,0.05067968951301845,0.10595338904113594,0.10948652567724543,-0.006400212345715325
choque_05pct_temporario,temporario,0.95,0.050000000000000044,False,45,86,18,11050914.216767965,0.05104494475147893,0.16569601832261127,0.11136738072479845,0.01142377608824661
choque_05pct_temporario,temporario,0.95,0.050000000000000044,False,45,86,19,11199654.033033771,0.06064433866787155,0.2181095423825119,0.13222917104282841,0.01873682844310546
choque_05pct_temporario,temporario,0.95,0.050000000000000044,False,45,86,20,11209802.22461467,0.0786885643054298,0.24734936912651984,0.1589272288237646,0.01620514823673799
choque_05pct_temporario,temporario,0.95,0.050000000000000044,False,45,86,21,10910775.227858474,0.09439759341900197,0.24186436601671213,0.18763900539609907,0.004040255952609063
choque_05pct_temporario,temporario,0.95,0.050000000000000044,False,45,86,22,10619950.19177824,0.10383384490175036,0.21692615697231288,0.20204084995512453,-0.013733651563280328
choque_05pct_temporario,temporario,0.95,0.050000000000000044,False,45,86,23,10379149.321885232,0.10875740577300934,0.17949776476657142,0.21176811205650903,-0.034565675813333474
choque_05pct_temporario,temporario,0.95,0.050000000000000044,False,45,86,24,10460944.115829553,0.10181050035613742,0.14234213989587596,0.2092690558399428,-0.05191865324819128
choque_05pct_temporario,temporario,0.95,0.050000000000000044,False,45,86,25,10785622.741824929,0.08395879598888142,0.11302628828657002,0.19381323347053397,-0.05302873639798835
choque_05pct_temporario,temporario,0.95,0.050000000000000044,False,46,87,0,7609597.0,0.138,0.03,0.12063832026847152,0.010583740505574736
choque_05pct_temporario,temporario,0.95,0.050000000000000044,False,46,87,1,7652724.38733265,0.14039181650999813,0.030000000000000027,0.11859183719691781,0.007984885903803248
choque_05pct_temporario,temporario,0.95,0.050000000000000044,False,46,87,2,7799057.932954765,0.13522708141572493,0.02417880353602997,0.12044503908376385,0.003936019571987566
choque_05pct_temporario,temporario,0.95,0.050000000000000044,False,46,87,3,8061381.212170868,0.12405664699595019,0.026876224925362457,0.11158195730001623,0.009199841516495342
choque_05pct_temporario,temporario,0.95,0.050000000000000044,False,46,87,4,8340000.641661577,0.109250903028756,0.030534198898975573,0.10527597395173473,0.00863498322432612
choque_05pct_temporario,temporario,0.95,0.050000000000000044,False,46,87,5,8566352.755710062,0.09838272599070022,0.04570529112183497,0.09905908096677146,0.013396124516036584
choque_05pct_temporario,temporario,0.95,0.050000000000000044,False,46,87,6,8755275.985727444,0.09312883654653725,0.06257029215413779,0.10089083700991493,0.013151080654606033
choque_05pct_temporario,temporario,0.95,0.050000000000000044,False,46,87,7,8808472.741507184,0.09885152316639596,0.08458516917590786,0.10917765935626923,0.012207263774545792
choque_05pct_temporario,temporario,0.95,0.050000000000000044,False,46,87,8,8785015.193569917,0.11098630622149419,0.09668815116996998,0.12710442801818087,0.005337376254202855
choque_05pct_temporario,temporario,0.95,0.050000000000000044,False,46,87,9,8762832.71925153,0.12082821223923199,0.10031192590361648,0.14100877879793566,0.0037685100691078987
choque_05pct_temporario,temporario,0.95,0.050000000000000044,False,46,87,10,8750868.853343865,0.12188607656293608,0.09286716740154843,0.15059361262115245,-0.0033394768682063923
choque_05pct_temporario,temporario,0.95,0.050000000000000044,False,46,87,11,8815745.832253262,0.12020995819765067,0.0838343680191802,0.1530130855971723,-0.011040573975277496
choque_05pct_temporario,temporario,0.95,0.050000000000000044,False,46,87,12,8870514.023233224,0.11992484909038661,0.07303661459288247,0.1562343368502572,-0.019422929570301003
choque_05pct_temporario,temporario,0.95,0.050000000000000044,False,46,87,13,9085830.302194491,0.11203551468140412,0.06288159110489033,0.15327998101649443,-0.021776349409351935
choque_05pct_temporario,temporario,0.95,0.050000000000000044,False,46,87,14,9458812.904113295,0.09648559622313006,0.05992183494369585,0.14308156937042246,-0.02426775905307587
choque_05pct_temporario,temporario,0.95,0.050000000000000044,False,46,87,15,9854616.196873635,0.0795821109582129,0.06659757748206707,0.13014204954663902,-0.016643557603274555
choque_05pct_temporario,temporario,0.95,0.050000000000000044,False,46,87,16,10378196.231301876,0.05890700612749321,0.08863349045223368,0.1180841189872928,-0.011235500856546806
choque_05pct_temporario,temporario,0.95,0.050000000000000044,False,46,87,17,10697409.88051335,0.05294109091658668,0.13091208343445837,0.11033625657208392,0.0031738305360466384
choque_05pct_temporario,temporario,0.95,0.050000000000000044,False,46,87,18,10931311.942398893,0.05833134532995794,0.1816966475920463,0.12214261825802122,0.012187062253407802
choque_05pct_temporario,temporario,0.95,0.050000000000000044,False,46,87,19,11025800.969601119,0.07139341806155126,0.21698764141915938,0.14580939110318386,0.013040395636022196
choque_05pct_temporario,temporario,0.95,0.050000000000000044,False,46,87,20,10925052.260258373,0.08343797210741763,0.22948524426979544,0.16905453585267172,0.004875149098175721
choque_05pct_temporario,temporario,0.95,0.050000000000000044,False,46,87,21,10749342.533238864,0.0914105729724605,0.21867650691074725,0.18444587358809053,-0.0041117366105708295
choque_05pct_temporario,temporario,0.95,0.050000000000000044,False,46,87,22,10535732.2028424,0.1005610357321971,0.19639880279330835,0.19701336604276007,-0.021879620061326342
choque_05pct_temporario,temporario,0.95,0.050000000000000044,False,46,87,23,10360532.382208703,0.10605313903328482,0.16466900044221155,0.20840962112072042,-0.04087268873349773
choque_05pct_temporario,temporario,0.95,0.050000000000000044,False,46,87,24,10528852.242471226,0.09624683381540712,0.1331957129038175,0.20244061026833698,-0.0507913784081624
choque_05pct_temporario,temporario,0.95,0.050000000000000044,False,46,87,25,11116312.529909564,0.06994504118739996,0.11203487298620107,0.18092001199285912,-0.05123924107847513
choque_05pct_temporario,temporario,0.95,0.050000000000000044,False,47,88,0,7609597.0,0.138,0.03,0.12063832026847152,0.010583740505574736
choque_05pct_temporario,temporario,0.95,0.050000000000000044,False,47,88,1,7652724.38733265,0.14039181650999813,0.030000000000000027,0.11859183719691781,0.007984885903803248
choque_05pct_temporario,temporario,0.95,0.050000000000000044,False,47,88,2,7808631.364526237,0.13523419500888026,0.02417618686562495,0.12038232720780183,0.002896805755014863
choque_05pct_temporario,temporario,0.95,0.050000000000000044,False,47,88,3,8052859.520215026,0.1263795441160846,0.026869213399270064,0.11216218388148072,0.0031332543447060643
choque_05pct_temporario,temporario,0.95,0.050000000000000044,False,47,88,4,8400373.818193762,0.10703699749929799,0.02958760648219072,0.10359226048046012,0.009143811631612814
choque_05pct_temporario,temporario,0.95,0.050000000000000044,False,47,88,5,8679430.1108481,0.09129715863748919,0.04758485802603829,0.0933057600368751,0.011841307650378467
choque_05pct_temporario,temporario,0.95,0.050000000000000044,False,47,88,6,8738926.422564873,0.09172285707891113,0.06750211919860893,0.0978323565049261,0.012961558898181185
choque_05pct_temporario,temporario,0.95,0.050000000000000044,False,47,88,7,8861103.981149007,0.0961338214672336,0.08966577746703286,0.1085200255928071,0.015993094292067613
choque_05pct_temporario,temporario,0.95,0.050000000000000044,False,47,88,8,8858462.818926562,0.10706032545195823,0.1031939947089684,0.12480880417640967,0.01036435450903176
choque_05pct_temporario,temporario,0.95,0.050000000000000044,False,47,88,9,8713182.01201199,0.12325065467484612,0.10756187211580781,0.14508288806011585,0.004472873300745971
choque_05pct_temporario,temporario,0.95,0.050000000000000044,False,47,88,10,8613015.953488212,0.13535591998316215,0.09807344184810907,0.16190803169337228,-0.006347294646838828
choque_05pct_temporario,temporario,0.95,0.050000000000000044,False,47,88,11,8550210.967939083,0.13967438188267273,0.08188528373278547,0.17090281904339663,-0.02018746376466656
choque_05pct_temporario,temporario,0.95,0.050000000000000044,False,47,88,12,8590994.228906307,0.1385934873793854,0.061563821709993194,0.17232945636276528,-0.028653138626747468
choque_05pct_temporario,temporario,0.95,0.050000000000000044,False,47,88,13,8959387.874749063,0.12010672832213444,0.04407070818172065,0.15901211267424276,-0.03024869856641352
choque_05pct_temporario,temporario,0.95,0.050000000000000044,False,47,88,14,9522930.572058192,0.09496375992074944,0.03826726408969172,0.1384038581366526,-0.02585323325704045
choque_05pct_temporario,temporario,0.95,0.050000000000000044,False,47,88,15,9998050.38575833,0.06993733851798681,0.04746558794464706,0.12171416037360422,-0.01563792694829351
choque_05pct_temporario,temporario,0.95,0.050000000000000044,False,47,88,16,10417494.14296336,0.053732614666517305,0.08010292924248508,0.1093703871556314,-0.005358195796593513
choque_05pct_temporario,temporario,0.95,0.050000000000000044,False,47,88,17,10737057.007265767,0.05396838016156558,0.13553706654116215,0.10840310491359506,0.004366015281343195
choque_05pct_temporario,temporario,0.95,0.050000000000000044,False,47,88,18,11006737.624842508,0.06441875475030863,0.18747235181977318,0.12820729543248038,0.011397927446395078
choque_05pct_temporario,temporario,0.95,0.050000000000000044,False,47,88,19,11039725.130706906,0.07522410796182445,0.21940327843745822,0.15197010968131408,0.015384000778416548
choque_05pct_temporario,temporario,0.95,0.050000000000000044,False,47,88,20,10898066.149661452,0.08456962645705948,0.2250590784304951,0.17118772486495723,0.00898374336791863
choque_05pct_temporario,temporario,0.95,0.050000000000000044,False,47,88,21,10674022.96790287,0.0981428028767193,0.21401275874536285,0.18879014070651265,-0.006842256411146438
choque_05pct_temporario,temporario,0.95,0.050000000000000044,False,47,88,22,10362100.04816174,0.11336254217476242,0.18510026490024445,0.20958200383541542,-0.02663157367048853
choque_05pct_temporario,temporario,0.95,0.050000000000000044,False,47,88,23,10218276.40559569,0.11553710896491669,0.15032659744487442,0.21752054603467547,-0.04579914369245964
choque_05pct_temporario,temporario,0.95,0.050000000000000044,False,47,88,24,10412003.138075383,0.10223532640297806,0.11488694037635638,0.20695786258795418,-0.0577696137926674
choque_05pct_temporario,temporario,0.95,0.050000000000000044,False,47,88,25,11111695.561136814,0.07248077894547646,0.09353670594209573,0.18046048512222274,-0.05535987138715081
choque_05pct_temporario,temporario,0.95,0.050000000000000044,False,48,89,0,7609597.0,0.138,0.03,0.12063832026847152,0.010583740505574736
choque_05pct_temporario,temporario,0.95,0.050000000000000044,False,48,89,1,7652724.38733265,0.14039181650999813,0.030000000000000027,0.11859183719691781,0.007984885903803248
choque_05pct_temporario,temporario,0.95,0.050000000000000044,False,48,89,2,7788745.534371189,0.13522725419176146,0.024165029508418367,0.12051410624778447,0.0004695602660518319
choque_05pct_temporario,temporario,0.95,0.050000000000000044,False,48,89,3,8119351.715349137,0.1231283471989342,0.0269347042854573,0.10961603161549026,0.006568009040158408
choque_05pct_temporario,temporario,0.95,0.050000000000000044,False,48,89,4,8407795.74756418,0.10437202362240687,0.030987716684738098,0.10167342605621753,0.009470362556327314
choque_05pct_temporario,temporario,0.95,0.050000000000000044,False,48,89,5,8667756.124925142,0.09187096453337462,0.05021855677072784,0.09338891015773815,0.011576753515911026
choque_05pct_temporario,temporario,0.95,0.050000000000000044,False,48,89,6,8791528.739069812,0.09052703098840334,0.06977601348660678,0.09743377095162972,0.013501189486112421
choque_05pct_temporario,temporario,0.95,0.050000000000000044,False,48,89,7,8857643.480999492,0.09700481585722583,0.093174544771911,0.10831005764707403,0.010763432274362345
choque_05pct_temporario,temporario,0.95,0.050000000000000044,False,48,89,8,8861678.147087095,0.1082574387233208,0.1053552879218056,0.1247482031155804,0.00786430251742239
choque_05pct_temporario,temporario,0.95,0.050000000000000044,False,48,89,9,8796190.729455505,0.11630257857821641,0.10834565167513954,0.14017391405401164,0.004077511627695761
choque_05pct_temporario,temporario,0.95,0.050000000000000044,False,48,89,10,8764466.764213,0.12326202937529451,0.1004757934228595,0.1523915335679109,-0.004578324955533234
choque_05pct_temporario,temporario,0.95,0.050000000000000044,False,48,89,11,8671852.140761152,0.1323930747561554,0.08735238385953581,0.1644363620312604,-0.015106039486149444
choque_05pct_temporario,temporario,0.95,0.050000000000000044,False,48,89,12,8716426.29946989,0.13422920550121256,0.06780325802646825,0.17056694733434127,-0.02410968833789702
choque_05pct_temporario,temporario,0.95,0.050000000000000044,False,48,89,13,8885479.291969953,0.1252936060633258,0.0542382639729162,0.16447554414235896,-0.02719478694537004
choque_05pct_temporario,temporario,0.95,0.050000000000000044,False,48,89,14,9260784.175103985,0.107309536018429,0.04350042101062779,0.1507543997415611,-0.02914077834685039
choque_05pct_temporario,temporario,0.95,0.050000000000000044,False,48,89,15,9916015.001713052,0.08192045724469847,0.04715115121035196,0.13101345888442315,-0.02394744070116159
choque_05pct_temporario,temporario,0.95,0.050000000000000044,False,48,89,16,10274227.28109939,0.058616335950989897,0.06790787350037508,0.11680676080124315,-0.013390807625211438
choque_05pct_temporario,temporario,0.95,0.050000000000000044,False,48,89,17,10761554.473974422,0.051449516187847745,0.11388230898070284,0.10714288151642697,-0.004094585617975462
choque_05pct_temporario,temporario,0.95,0.050000000000000044,False,48,89,18,10980537.474303506,0.05791152937125203,0.16956542180251044,0.11881676039551928,0.010937730503081
choque_05pct_temporario,temporario,0.95,0.050000000000000044,False,48,89,19,11065052.09769207,0.07176372121003415,0.21237021886907304,0.14449018739342892,0.020469368727747586
choque_05pct_temporario,temporario,0.95,0.050000000000000044,False,48,89,20,10951429.353321735,0.0836441510632123,0.2282674823155768,0.16926480800909396,0.012452875195497056
choque_05pct_temporario,temporario,0.95,0.050000000000000044,False,48,89,21,10782574.004802033,0.09440151497983096,0.2199705806475476,0.1850077612364529,-0.002129804300679985
choque_05pct_temporario,temporario,0.95,0.050000000000000044,False,48,89,22,10501989.251928369,0.1058140905986771,0.19524483278630433,0.20209139386618244,-0.019884356690545918
choque_05pct_temporario,temporario,0.95,0.050000000000000044,False,48,89,23,10366977.556160614,0.11004631844716596,0.16181748658751371,0.21083017801594992,-0.03972157375604284
choque_05pct_temporario,temporario,0.95,0.050000000000000044,False,48,89,24,10540792.035011403,0.09710641211868574,0.1297703228437055,0.20262780691522161,-0.04972159459042905
choque_05pct_temporario,temporario,0.95,0.050000000000000044,False,48,89,25,11047753.968065677,0.07135623262425464,0.10796708304717129,0.18166507450033786,-0.04954046293289928
choque_05pct_temporario,temporario,0.95,0.050000000000000044,False,49,90,0,7609597.0,0.138,0.03,0.12063832026847152,0.010583740505574736
choque_05pct_temporario,temporario,0.95,0.050000000000000044,False,49,90,1,7652724.38733265,0.14039181650999813,0.030000000000000027,0.11859183719691781,0.007984885903803248
choque_05pct_temporario,temporario,0.95,0.050000000000000044,False,49,90,2,7804470.642565256,0.1352287573883706,0.024185215647746894,0.12049000488927616,0.005359312760191275
choque_05pct_temporario,temporario,0.95,0.050000000000000044,False,49,90,3,8027849.345759442,0.1255655841411258,0.02684832952137417,0.1125648952498083,0.005585819163961917
choque_05pct_temporario,temporario,0.95,0.050000000000000044,False,49,90,4,8330622.934927858,0.11098565448723459,0.029926568407220522,0.10519451870298377,0.006937813528235144
choque_05pct_temporario,temporario,0.95,0.050000000000000044,False,49,90,5,8657885.79627786,0.09297820174210886,0.045336826112175155,0.09473989612380758,0.011784423906371752
choque_05pct_temporario,temporario,0.95,0.050000000000000044,False,49,90,6,8913088.523237092,0.0828987018441478,0.06497712018512125,0.09249065118316259,0.018368645295007813
choque_05pct_temporario,temporario,0.95,0.050000000000000044,False,49,90,7,8917635.787419816,0.09163060710180543,0.09331526394578638,0.10144136703156018,0.019241529332900232
choque_05pct_temporario,temporario,0.95,0.050000000000000044,False,49,90,8,8852686.396694032,0.10861255474540575,0.10903180568247839,0.12669777789466038,0.011438868042790235
choque_05pct_temporario,temporario,0.95,0.050000000000000044,False,49,90,9,8707809.723828191,0.127294599908169,0.11263087174020825,0.14914922734192881,0.00666072100807171
choque_05pct_temporario,temporario,0.95,0.050000000000000044,False,49,90,10,8548488.713870686,0.14072349853126787,0.1010109793673557,0.1678015942419253,-0.00882634595545468
choque_05pct_temporario,temporario,0.95,0.050000000000000044,False,49,90,11,8468271.000142848,0.1465770107866266,0.08137194367055134,0.1759080878496855,-0.020452885338407775
choque_05pct_temporario,temporario,0.95,0.050000000000000044,False,49,90,12,8632005.849924961,0.13774266045804487,0.05821234235799366,0.17116334288807494,-0.029664874994631205
choque_05pct_temporario,temporario,0.95,0.050000000000000044,False,49,90,13,9040480.53296988,0.11553676913503606,0.041332004616954965,0.15409279481818614,-0.031226768136121127
choque_05pct_temporario,temporario,0.95,0.050000000000000044,False,49,90,14,9586534.61112897,0.09358836758182942,0.03573513265696704,0.13765371268785867,-0.027343384973747133
choque_05pct_temporario,temporario,0.95,0.050000000000000044,False,49,90,15,9906133.464745304,0.0738912008794139,0.046694957532313675,0.125540991894329,-0.020541667956670097
choque_05pct_temporario,temporario,0.95,0.050000000000000044,False,49,90,16,10350138.662873492,0.06542964444359398,0.0773392621180955,0.11715352377397152,-0.012434886534768805
choque_05pct_temporario,temporario,0.95,0.050000000000000044,False,49,90,17,10589405.969308779,0.059566987763786015,0.1178483243721955,0.12083650851423189,-0.0022674745500137075
choque_05pct_temporario,temporario,0.95,0.050000000000000044,False,49,90,18,10828178.931168832,0.06509834989633782,0.16545664341916955,0.12655514220815722,0.007565605262757347
choque_05pct_temporario,temporario,0.95,0.050000000000000044,False,49,90,19,10971152.818352062,0.0690882390389044,0.19656622428874226,0.14547930687788374,0.009840364482450242
choque_05pct_temporario,temporario,0.95,0.050000000000000044,False,49,90,20,11049929.63457563,0.07133669660201919,0.21564517760269353,0.1556099985549158,0.011320151308745013
choque_05pct_temporario,temporario,0.95,0.050000000000000044,False,49,90,21,10868217.465493841,0.08403089082934194,0.21905374299123515,0.17354466712153796,0.0032901510954375713
choque_05pct_temporario,temporario,0.95,0.050000000000000044,False,49,90,22,10666715.963713445,0.10018696720713649,0.20425350831923517,0.19753049248945903,-0.01395630030280937
choque_05pct_temporario,temporario,0.95,0.050000000000000044,False,49,90,23,10493542.55694225,0.10843432749432956,0.17574606845657215,0.21122054131398793,-0.03438536531417795
choque_05pct_temporario,temporario,0.95,0.050000000000000044,False,49,90,24,10509552.740283215,0.10056286761272994,0.14432906593131767,0.20802743614657165,-0.047936557900664804
choque_05pct_temporario,temporario,0.95,0.050000000000000044,False,49,90,25,11070664.1819236,0.07217050374762272,0.120102489790056,0.18426130232721635,-0.04671771041778191
choque_05pct_temporario,temporario,0.95,0.050000000000000044,False,50,91,0,7609597.0,0.138,0.03,0.12063832026847152,0.010583740505574736
choque_05pct_temporario,temporario,0.95,0.050000000000000044,False,50,91,1,7652724.38733265,0.14039181650999813,0.030000000000000027,0.11859183719691781,0.007984885903803248
choque_05pct_temporario,temporario,0.95,0.050000000000000044,False,50,91,2,7795691.212022595,0.13522711004353757,0.024180982837973097,0.12052617538019682,0.0038143913401356283
choque_05pct_temporario,temporario,0.95,0.050000000000000044,False,50,91,3,8058841.097905883,0.12372736081596956,0.02684336094838935,0.1116055226809948,0.0057099445711527455
choque_05pct_temporario,temporario,0.95,0.050000000000000044,False,50,91,4,8367516.433513962,0.10797109944096267,0.03072100257889021,0.10361561244515391,0.00820469788828905
choque_05pct_temporario,temporario,0.95,0.050000000000000044,False,50,91,5,8666663.816407701,0.09381594769672423,0.047496407376072414,0.09520603110978341,0.011376749336130754
choque_05pct_temporario,temporario,0.95,0.050000000000000044,False,50,91,6,8810330.184530728,0.0892086403120351,0.06650878122092707,0.09665954037895486,0.012486743967650175
choque_05pct_temporario,temporario,0.95,0.050000000000000044,False,50,91,7,8887079.176116478,0.09591977622948246,0.09043142258564352,0.10587234091221519,0.015807122064424504
choque_05pct_temporario,temporario,0.95,0.050000000000000044,False,50,91,8,8850896.103979513,0.1059613343008386,0.10394018222066448,0.12502655760908782,0.010160777062569955
choque_05pct_temporario,temporario,0.95,0.050000000000000044,False,50,91,9,8751397.974000685,0.12018438219157566,0.10965514808476207,0.14211099343049338,0.004473815574924554
choque_05pct_temporario,temporario,0.95,0.050000000000000044,False,50,91,10,8630700.963010332,0.13169878221882825,0.10047974512231317,0.15992877424819996,-0.006758737462775667
choque_05pct_temporario,temporario,0.95,0.050000000000000044,False,50,91,11,8595283.661212876,0.13608654147694751,0.08482538742926637,0.16811720707644662,-0.015674629565137668
choque_05pct_temporario,temporario,0.95,0.050000000000000044,False,50,91,12,8673197.30603806,0.13290091246010244,0.06625772150505527,0.16877992749238294,-0.024262586608789462
choque_05pct_temporario,temporario,0.95,0.050000000000000044,False,50,91,13,8912615.838506604,0.12200266021569482,0.05114656154375563,0.16011794941132607,-0.026938047110505063
choque_05pct_temporario,temporario,0.95,0.050000000000000044,False,50,91,14,9378430.194687877,0.09958141089137829,0.043295521148361216,0.14414543013095782,-0.023811208678319342
choque_05pct_temporario,temporario,0.95,0.050000000000000044,False,50,91,15,9901742.615208117,0.0747580751563897,0.04861818651256389,0.1260158988852605,-0.017493574460810107
choque_05pct_temporario,temporario,0.95,0.050000000000000044,False,50,91,16,10379101.629706569,0.05732168170575795,0.07505934755614962,0.11281279602874587,-0.00850531032467317
choque_05pct_temporario,temporario,0.95,0.050000000000000044,False,50,91,17,10718213.975056544,0.05120228184146851,0.12414034623224457,0.10879719797836084,0.0034188762163440624
choque_05pct_temporario,temporario,0.95,0.050000000000000044,False,50,91,18,10965487.788957115,0.05915312777002135,0.17997975597701688,0.12097210986683288,0.01662787225771564
choque_05pct_temporario,temporario,0.95,0.050000000000000044,False,50,91,19,11012705.107816312,0.07574710909890271,0.21861396833537916,0.14992062635655035,0.015455520798838811
choque_05pct_temporario,temporario,0.95,0.050000000000000044,False,50,91,20,10886707.559267335,0.08897559055289397,0.22737226084213047,0.17553832111026935,0.006456614602326975
choque_05pct_temporario,temporario,0.95,0.050000000000000044,False,50,91,21,10627896.63642041,0.09803436949465048,0.21590099203327817,0.19023664702034218,-0.010648985070432373
choque_05pct_temporario,temporario,0.95,0.050000000000000044,False,50,91,22,10426502.449061718,0.10553514924701718,0.18754663964217477,0.20067531828048046,-0.026499757570256854
choque_05pct_temporario,temporario,0.95,0.050000000000000044,False,50,91,23,10533530.83008392,0.09586643878798103,0.1550882766081787,0.19868802171640157,-0.039168563196877684
choque_05pct_temporario,temporario,0.95,0.050000000000000044,False,50,91,24,10759060.277304184,0.08070690756486369,0.13022135018930148,0.18633559611261463,-0.043920986965625776
choque_05pct_temporario,temporario,0.95,0.050000000000000044,False,50,91,25,11331875.68406932,0.05624488731292627,0.1199881779523766,0.1681139967251968,-0.041919844835913336
choque_05pct_temporario,temporario,0.95,0.050000000000000044,False,51,92,0,7609597.0,0.138,0.03,0.12063832026847152,0.010583740505574736
choque_05pct_temporario,temporario,0.95,0.050000000000000044,False,51,92,1,7652724.38733265,0.14039181650999813,0.030000000000000027,0.11859183719691781,0.007984885903803248
choque_05pct_temporario,temporario,0.95,0.050000000000000044,False,51,92,2,7794191.79170623,0.13522784822539224,0.024173084590923155,0.1204959378202569,0.002523905556719615
choque_05pct_temporario,temporario,0.95,0.050000000000000044,False,51,92,3,8078991.28352015,0.12335315284928645,0.02689749666689578,0.11087315923138238,0.006435599892468154
choque_05pct_temporario,temporario,0.95,0.050000000000000044,False,51,92,4,8404384.1083067,0.10751922643493791,0.030918696725338535,0.10305269419279105,0.007446209892611805
choque_05pct_temporario,temporario,0.95,0.050000000000000044,False,51,92,5,8611716.401607167,0.09502681770809313,0.046676670509459894,0.09688209206463168,0.011492271504317461
choque_05pct_temporario,temporario,0.95,0.050000000000000044,False,51,92,6,8867223.700311117,0.08792355417185506,0.06495818149144639,0.09710090357071727,0.008712475343107033
choque_05pct_temporario,temporario,0.95,0.050000000000000044,False,51,92,7,8930019.712708892,0.09318300528168026,0.0906793276344533,0.10351181267732275,0.015569010048997271
choque_05pct_temporario,temporario,0.95,0.050000000000000044,False,51,92,8,8927854.08096654,0.10357944655177694,0.10517334208281448,0.12179724984042337,0.013718983693377094
choque_05pct_temporario,temporario,0.95,0.050000000000000044,False,51,92,9,8847653.646966383,0.11650784177894781,0.11346604524668069,0.13870011949342362,0.007708948842133959
choque_05pct_temporario,temporario,0.95,0.050000000000000044,False,51,92,10,8691446.89448121,0.1291997758798078,0.10615513308224589,0.15814669198543102,-0.00547349299966729
choque_05pct_temporario,temporario,0.95,0.050000000000000044,False,51,92,11,8571421.023637835,0.13916249385559498,0.09259110570314233,0.17006022002149682,-0.015185683219194005
choque_05pct_temporario,temporario,0.95,0.050000000000000044,False,51,92,12,8605667.161661103,0.1373403348546644,0.0714108417033259,0.17415327311666373,-0.02694219751310249
choque_05pct_temporario,temporario,0.95,0.050000000000000044,False,51,92,13,8798046.218643552,0.1280881781108657,0.05340369170461079,0.16627303102228932,-0.02923324425420323
choque_05pct_temporario,temporario,0.95,0.050000000000000044,False,51,92,14,9212621.867833033,0.10739930993344673,0.04058922911754914,0.1520340256356755,-0.03287061126197439
choque_05pct_temporario,temporario,0.95,0.050000000000000044,False,51,92,15,9897887.828069765,0.08018964134611607,0.04263594050088515,0.13115037421508843,-0.024942747541214803
choque_05pct_temporario,temporario,0.95,0.050000000000000044,False,51,92,16,10276206.89957922,0.06206595232553741,0.06227323818893593,0.11868599246245386,-0.02033685573813041
choque_05pct_temporario,temporario,0.95,0.050000000000000044,False,51,92,17,10570505.501937922,0.05757917754288083,0.1057205365073084,0.11492408929958418,-0.0064762657465468046
choque_05pct_temporario,temporario,0.95,0.050000000000000044,False,51,92,18,10800747.169208692,0.062222885683866934,0.15414248397618624,0.12585902259125153,0.002947656430032691
choque_05pct_temporario,temporario,0.95,0.050000000000000044,False,51,92,19,11035632.598773265,0.06518044701022152,0.19428600090399173,0.14025381208173243,0.010428080288880337
choque_05pct_temporario,temporario,0.95,0.050000000000000044,False,51,92,20,11121430.178003864,0.06648532626491005,0.21895040237968244,0.15036146884690882,0.012284474336086228
choque_05pct_temporario,temporario,0.95,0.050000000000000044,False,51,92,21,11056820.788536614,0.07464349759294685,0.2317048486063984,0.16372664909266132,0.0035897327707429478
choque_05pct_temporario,temporario,0.95,0.050000000000000044,False,51,92,22,10945590.887518095,0.08521867239593876,0.22296568966713015,0.1836979528638814,-0.00736739022561607
choque_05pct_temporario,temporario,0.95,0.050000000000000044,False,51,92,23,10839148.639818802,0.08999199883433077,0.20421770896828706,0.1954442801511777,-0.020023233044853653
choque_05pct_temporario,temporario,0.95,0.050000000000000044,False,51,92,24,10865543.158857968,0.08816711350217642,0.17836729451865185,0.19761158188387118,-0.03438250628627928
choque_05pct_temporario,temporario,0.95,0.050000000000000044,False,51,92,25,10969214.119116472,0.08127805350310814,0.15810769073066333,0.1932368759387616,-0.04049269658837155
choque_05pct_temporario,temporario,0.95,0.050000000000000044,False,52,93,0,7609597.0,0.138,0.03,0.12063832026847152,0.010583740505574736
choque_05pct_temporario,temporario,0.95,0.050000000000000044,False,52,93,1,7652724.38733265,0.14039181650999813,0.030000000000000027,0.11859183719691781,0.007984885903803248
choque_05pct_temporario,temporario,0.95,0.050000000000000044,False,52,93,2,7797310.110671256,0.13522708141572493,0.02418730354829446,0.12050356797761655,0.005698489844893109
choque_05pct_temporario,temporario,0.95,0.050000000000000044,False,52,93,3,8067271.3662353465,0.12477863558517775,0.026840350469925278,0.11156715018549192,0.006383646089709615
choque_05pct_temporario,temporario,0.95,0.050000000000000044,False,52,93,4,8369207.6639381265,0.10927626407331568,0.030263740959604712,0.10479874452813549,0.006970959287504312
choque_05pct_temporario,temporario,0.95,0.050000000000000044,False,52,93,5,8619066.473865876,0.09508596925586198,0.04555114011038919,0.09718412531792958,0.01336623132997512
choque_05pct_temporario,temporario,0.95,0.050000000000000044,False,52,93,6,8751465.254997395,0.09154493890637574,0.06440328663583572,0.09908835432354024,0.01188044598402138
choque_05pct_temporario,temporario,0.95,0.050000000000000044,False,52,93,7,8832529.763254572,0.09922929914904102,0.08659638225110222,0.10873544695860612,0.010090170841701454
choque_05pct_temporario,temporario,0.95,0.050000000000000044,False,52,93,8,8846230.633351902,0.1077196257617704,0.09846449434394566,0.12501232631542752,0.009305630517095194
choque_05pct_temporario,temporario,0.95,0.050000000000000044,False,52,93,9,8839929.796719871,0.11380048378084455,0.10364784563331475,0.13709503928370703,0.0010525799085949197
choque_05pct_temporario,temporario,0.95,0.050000000000000044,False,52,93,10,8812835.399985787,0.121254392894597,0.09893535047763691,0.14836158081164297,-0.0034912237079823033
choque_05pct_temporario,temporario,0.95,0.050000000000000044,False,52,93,11,8784595.632678669,0.12486554513829722,0.09027438149140976,0.1558404611574247,-0.010454929192636617
choque_05pct_temporario,temporario,0.95,0.050000000000000044,False,52,93,12,8907745.687871624,0.11605898433667625,0.07645988378223745,0.1561726429546305,-0.019302387884659954
choque_05pct_temporario,temporario,0.95,0.050000000000000044,False,52,93,13,9121894.02467049,0.1077183751192458,0.06841769297631095,0.14901064931535402,-0.020963540277099242
choque_05pct_temporario,temporario,0.95,0.050000000000000044,False,52,93,14,9464252.97736873,0.09504592411179978,0.06313564517664938,0.14262787343664507,-0.021403831643299582
choque_05pct_temporario,temporario,0.95,0.050000000000000044,False,52,93,15,9893626.198330646,0.07749472684955352,0.071254933798093,0.13140201348725886,-0.01668403837189505
choque_05pct_temporario,temporario,0.95,0.050000000000000044,False,52,93,16,10249774.65124741,0.0658126429635413,0.0919190959042766,0.12279206647463194,-0.00927402461474599
choque_05pct_temporario,temporario,0.95,0.050000000000000044,False,52,93,17,10644762.961904772,0.059779847919851456,0.12652138962122073,0.12166331487481956,-0.003961669423420161
choque_05pct_temporario,temporario,0.95,0.050000000000000044,False,52,93,18,10690866.053053787,0.066881050665636,0.16712111549659991,0.13206772185264612,0.002979431512602329
choque_05pct_temporario,temporario,0.95,0.050000000000000044,False,52,93,19,10812898.242717914,0.07725938590592644,0.19257795746006612,0.15287501533024592,0.003623086362280482
choque_05pct_temporario,temporario,0.95,0.050000000000000044,False,52,93,20,10831542.257022372,0.08124229040273588,0.2011953905338475,0.16620029818630871,-0.0025443885513873376
choque_05pct_temporario,temporario,0.95,0.050000000000000044,False,52,93,21,10779714.603892403,0.08188135185539107,0.19711211128169803,0.1737822847930536,-0.009782921400119408
choque_05pct_temporario,temporario,0.95,0.050000000000000044,False,52,93,22,10747074.56351779,0.08474827217268735,0.1858872503126925,0.18137749666468336,-0.01634725511267626
choque_05pct_temporario,temporario,0.95,0.050000000000000044,False,52,93,23,10743729.034495413,0.08795162842342233,0.17049051135584659,0.1896007202847432,-0.024626822510852586
choque_05pct_temporario,temporario,0.95,0.050000000000000044,False,52,93,24,10864430.535355601,0.08200395363936931,0.1543112731545444,0.18999551507614307,-0.035984986665971094
choque_05pct_temporario,temporario,0.95,0.050000000000000044,False,52,93,25,11361474.976050597,0.05893468386177713,0.14479093175003577,0.17408182938974398,-0.03761867944045557
choque_05pct_temporario,temporario,0.95,0.050000000000000044,False,53,94,0,7609597.0,0.138,0.03,0.12063832026847152,0.010583740505574736
choque_05pct_temporario,temporario,0.95,0.050000000000000044,False,53,94,1,7652724.38733265,0.14039181650999813,0.030000000000000027,0.11859183719691781,0.007984885903803248
choque_05pct_temporario,temporario,0.95,0.050000000000000044,False,53,94,2,7800364.714578894,0.13522708141572493,0.02417665447498707,0.1205084031857509,0.0031779265503186454
choque_05pct_temporario,temporario,0.95,0.050000000000000044,False,53,94,3,8047421.528964165,0.12384496325063167,0.026878190154184356,0.11172828586546428,0.006616885111921646
choque_05pct_temporario,temporario,0.95,0.050000000000000044,False,53,94,4,8425434.043576663,0.10846612699855748,0.030628215620742028,0.10430124005114454,0.0051303263710420835
choque_05pct_temporario,temporario,0.95,0.050000000000000044,False,53,94,5,8585072.5906147,0.09535961177469235,0.04721618967234442,0.09712521824245147,0.009827445608217853
choque_05pct_temporario,temporario,0.95,0.050000000000000044,False,53,94,6,8787147.447416827,0.09017616986436583,0.06513744998705628,0.09759149822631237,0.010848241700680541
choque_05pct_temporario,temporario,0.95,0.050000000000000044,False,53,94,7,8926840.107872816,0.09214077589656908,0.08858206588913364,0.10381121642047902,0.014351957990555941
choque_05pct_temporario,temporario,0.95,0.050000000000000044,False,53,94,8,8959895.146654734,0.10032319884651947,0.10373801327873333,0.11797890702460463,0.012324716428115726
choque_05pct_temporario,temporario,0.95,0.050000000000000044,False,53,94,9,8943850.946698708,0.10982612675865822,0.11199130887526354,0.13382096749631278,0.008964026133620804
choque_05pct_temporario,temporario,0.95,0.050000000000000044,False,53,94,10,8795285.95933953,0.12313409115807858,0.10907529757971912,0.15213713212195903,-0.0020428831771592475
choque_05pct_temporario,temporario,0.95,0.050000000000000044,False,53,94,11,8685784.06492396,0.13443411752962448,0.09554756783582863,0.16813617887643267,-0.015178387803791514
choque_05pct_temporario,temporario,0.95,0.050000000000000044,False,53,94,12,8641413.433813274,0.14111979889252743,0.07801726797280906,0.17562184033408576,-0.02444088633076526
choque_05pct_temporario,temporario,0.95,0.050000000000000044,False,53,94,13,8760124.247137677,0.1332028600390847,0.05735695918559136,0.1729514454966227,-0.03078776036749503
choque_05pct_temporario,temporario,0.95,0.050000000000000044,False,53,94,14,9200475.42046815,0.11233377158579312,0.042946638369626866,0.15516615673981154,-0.029133602749619934
choque_05pct_temporario,temporario,0.95,0.050000000000000044,False,53,94,15,9733845.387286158,0.08794379809386982,0.03979833434710445,0.1361046022346507,-0.02490980855730123
choque_05pct_temporario,temporario,0.95,0.050000000000000044,False,53,94,16,10253893.994791973,0.06397533130785692,0.05577284256582549,0.12000704775937032,-0.01853644851423557
choque_05pct_temporario,temporario,0.95,0.050000000000000044,False,53,94,17,10717249.270279637,0.047478993655456825,0.0945096482528558,0.10743654056190972,-0.006588421828263416
choque_05pct_temporario,temporario,0.95,0.050000000000000044,False,53,94,18,11130269.777251108,0.04950635336670849,0.161215838896132,0.10514489869102221,0.012656276450343675
choque_05pct_temporario,temporario,0.95,0.050000000000000044,False,53,94,19,11181824.426213913,0.06683340252413221,0.21693073804204666,0.13477358104083115,0.021341528033508132
choque_05pct_temporario,temporario,0.95,0.050000000000000044,False,53,94,20,11170159.767008655,0.08181965633400871,0.24097436732063304,0.16779546138209653,0.01630533803817042
choque_05pct_temporario,temporario,0.95,0.050000000000000044,False,53,94,21,10906899.166680759,0.09690318116171313,0.23672459363868237,0.18718858000178382,0.0029298021794433773
choque_05pct_temporario,temporario,0.95,0.050000000000000044,False,53,94,22,10397666.834063077,0.11643810125388777,0.2095559116610135,0.2118731271162414,-0.01918822293687638
choque_05pct_temporario,temporario,0.95,0.050000000000000044,False,53,94,23,10232236.994031372,0.12204491838743488,0.16709751970445974,0.2231950539316195,-0.041634599974847204
choque_05pct_temporario,temporario,0.95,0.050000000000000044,False,53,94,24,10218349.59289935,0.1145348214620178,0.12465514667403643,0.21841677502522164,-0.05924629453802325
choque_05pct_temporario,temporario,0.95,0.050000000000000044,False,53,94,25,10806992.641114073,0.0865870898520251,0.09063432292419615,0.1946623329412827,-0.059345686063688445
choque_05pct_temporario,temporario,0.95,0.050000000000000044,False,54,95,0,7609597.0,0.138,0.03,0.12063832026847152,0.010583740505574736
choque_05pct_temporario,temporario,0.95,0.050000000000000044,False,54,95,1,7652724.38733265,0.14039181650999813,0.030000000000000027,0.11859183719691781,0.007984885903803248
choque_05pct_temporario,temporario,0.95,0.050000000000000044,False,54,95,2,7798206.076406029,0.13522738819779181,0.024173647852955282,0.1205616531309737,0.0024655141857042283
choque_05pct_temporario,temporario,0.95,0.050000000000000044,False,54,95,3,8036482.831215942,0.12568528094807072,0.026868451437721763,0.11217572816903318,0.00486302077065768
choque_05pct_temporario,temporario,0.95,0.050000000000000044,False,54,95,4,8387971.318033951,0.10840543213340435,0.02984480746403384,0.1036100285899246,0.007320596854689898
choque_05pct_temporario,temporario,0.95,0.050000000000000044,False,54,95,5,8711945.063163279,0.09247070570985032,0.045358697068931475,0.09407770044385678,0.01358042073127264
choque_05pct_temporario,temporario,0.95,0.050000000000000044,False,54,95,6,8840901.161341133,0.0856918447216918,0.06587459662761397,0.09512891251544042,0.014696592514011902
choque_05pct_temporario,temporario,0.95,0.050000000000000044,False,54,95,7,8874803.993886339,0.09620787654569983,0.09262447262584939,0.1057155026725533,0.01487703093110152
choque_05pct_temporario,temporario,0.95,0.050000000000000044,False,54,95,8,8821251.091864193,0.1125396233130536,0.10624620193965084,0.12905472166615178,0.010506566502126908
choque_05pct_temporario,temporario,0.95,0.050000000000000044,False,54,95,9,8690571.39210367,0.1266782286918188,0.10884579860303245,0.1479690172282081,0.0016035321075825147
choque_05pct_temporario,temporario,0.95,0.050000000000000044,False,54,95,10,8603919.261245742,0.13482040876965554,0.09719884375788679,0.16196798702463872,-0.007911694084390221
choque_05pct_temporario,temporario,0.95,0.050000000000000044,False,54,95,11,8559219.6161957,0.14090737777859774,0.07881142906558325,0.17051781528856322,-0.017932296612499836
choque_05pct_temporario,temporario,0.95,0.050000000000000044,False,54,95,12,8590281.80354216,0.13939816825655665,0.05916352532626723,0.17286323321171582,-0.029695814261186906
choque_05pct_temporario,temporario,0.95,0.050000000000000044,False,54,95,13,8938841.315986363,0.1226634667188976,0.04145257080995135,0.159737361405313,-0.0295299494064722
choque_05pct_temporario,temporario,0.95,0.050000000000000044,False,54,95,14,9497005.724421378,0.09481818000344401,0.03503930819584267,0.1384850382039868,-0.025780838125611136
choque_05pct_temporario,temporario,0.95,0.050000000000000044,False,54,95,15,10042667.08790783,0.06873872915090852,0.044835442774051604,0.11937259939523885,-0.016451099654583044
choque_05pct_temporario,temporario,0.95,0.050000000000000044,False,54,95,16,10467467.18585083,0.05275479233737882,0.08092510595758173,0.10630660151875748,-0.00590908994776089
choque_05pct_temporario,temporario,0.95,0.050000000000000044,False,54,95,17,10768523.118846111,0.053054507373927966,0.13712801061370583,0.10643001462944096,0.005301482650762792
choque_05pct_temporario,temporario,0.95,0.050000000000000044,False,54,95,18,10972275.354626648,0.06523840412909064,0.19353605467348434,0.12679462717735954,0.01727483684416188
choque_05pct_temporario,temporario,0.95,0.050000000000000044,False,54,95,19,11026321.642738327,0.07563651564866086,0.22273015087689352,0.1538203519970432,0.01703318777702016
choque_05pct_temporario,temporario,0.95,0.050000000000000044,False,54,95,20,10790833.974336244,0.08822274250760458,0.2301393932190987,0.17340836517196534,0.006004810344627984
choque_05pct_temporario,temporario,0.95,0.050000000000000044,False,54,95,21,10497886.56558941,0.10352743830493916,0.21292747490261688,0.1954347165333848,-0.012418558789303154
choque_05pct_temporario,temporario,0.95,0.050000000000000044,False,54,95,22,10284258.938198073,0.11390951420652393,0.18150940438605012,0.20990434316172377,-0.032822194609610736
choque_05pct_temporario,temporario,0.95,0.050000000000000044,False,54,95,23,10247609.899863727,0.11067797794033253,0.14461642220871695,0.21079856709638348,-0.04709256286593443
choque_05pct_temporario,temporario,0.95,0.050000000000000044,False,54,95,24,10645036.823374128,0.0891747172406423,0.11068879719899116,0.19443282028126815,-0.052739638282974254
choque_05pct_temporario,temporario,0.95,0.050000000000000044,False,54,95,25,11161699.024046421,0.06449731656890145,0.09752381525347231,0.1718888626667286,-0.04872442629942826
choque_05pct_temporario,temporario,0.95,0.050000000000000044,False,55,96,0,7609597.0,0.138,0.03,0.12063832026847152,0.010583740505574736
choque_05pct_temporario,temporario,0.95,0.050000000000000044,False,55,96,1,7652724.38733265,0.14039181650999813,0.030000000000000027,0.11859183719691781,0.007984885903803248
choque_05pct_temporario,temporario,0.95,0.050000000000000044,False,55,96,2,7799628.759329893,0.13522708141572493,0.024181567532336024,0.12043641849580954,0.004489721160279836
choque_05pct_temporario,temporario,0.95,0.050000000000000044,False,55,96,3,8049268.576860042,0.12440072780741109,0.026819913604878787,0.1119123861709011,0.006367074390362885
choque_05pct_temporario,temporario,0.95,0.050000000000000044,False,55,96,4,8372008.636857019,0.10860645147977979,0.03040098219448839,0.1039266163838812,0.01110357224563021
choque_05pct_temporario,temporario,0.95,0.050000000000000044,False,55,96,5,8627831.419308433,0.0913895071007296,0.045741987695451236,0.09575909616671181,0.0117500417477032
choque_05pct_temporario,temporario,0.95,0.050000000000000044,False,55,96,6,8838955.01123638,0.08838281674062906,0.06744235337825777,0.09465237020204155,0.014435448367280355
choque_05pct_temporario,temporario,0.95,0.050000000000000044,False,55,96,7,8900372.299197532,0.09318094025775552,0.09108714533248818,0.10593619002008135,0.017369835625956606
choque_05pct_temporario,temporario,0.95,0.050000000000000044,False,55,96,8,8877665.854057558,0.10738360925956297,0.10687700493973962,0.12449175327310646,0.01623787500137479
choque_05pct_temporario,temporario,0.95,0.050000000000000044,False,55,96,9,8712710.924677938,0.1266834418907109,0.11068646850748687,0.14833314636334616,0.002908810974491416
choque_05pct_temporario,temporario,0.95,0.050000000000000044,False,55,96,10,8543857.307108589,0.14087127237120559,0.10051097932655906,0.1671579091662684,-0.008555913927743354
choque_05pct_temporario,temporario,0.95,0.050000000000000044,False,55,96,11,8513255.172697896,0.1419419183504837,0.08135559953177829,0.17321783068062604,-0.018664118070625863
choque_05pct_temporario,temporario,0.95,0.050000000000000044,False,55,96,12,8614849.311421784,0.1364365546305347,0.0609812841474382,0.17003249913336033,-0.027060114770220484
choque_05pct_temporario,temporario,0.95,0.050000000000000044,False,55,96,13,8902475.44844934,0.11977270809406147,0.04337373325381999,0.1597234625164671,-0.030714278032912837
choque_05pct_temporario,temporario,0.95,0.050000000000000044,False,55,96,14,9476627.981873343,0.09664821927939411,0.03673629055738248,0.13972426947548494,-0.027513430952380624
choque_05pct_temporario,temporario,0.95,0.050000000000000044,False,55,96,15,9980147.960894404,0.07129827165571687,0.04611618960903585,0.12303051089753735,-0.019783966448701465
choque_05pct_temporario,temporario,0.95,0.050000000000000044,False,55,96,16,10448012.887854388,0.05422930558060483,0.07726924048078443,0.10987222174103412,-0.009741859885476165
choque_05pct_temporario,temporario,0.95,0.050000000000000044,False,55,96,17,10699629.43445529,0.05491569508102295,0.13172563657754277,0.10950062470826656,0.003098804848019686
choque_05pct_temporario,temporario,0.95,0.050000000000000044,False,55,96,18,10865173.382245997,0.06941925572177356,0.1816125564391482,0.13131192172565145,0.01204323717418897
choque_05pct_temporario,temporario,0.95,0.050000000000000044,False,55,96,19,10999130.60608971,0.0719828476835898,0.21048100713398754,0.1535700108867032,0.010063203556370316
choque_05pct_temporario,temporario,0.95,0.050000000000000044,False,55,96,20,10978369.847586237,0.0749423953856934,0.22192485935232265,0.15863319634528864,0.007470699164639775
choque_05pct_temporario,temporario,0.95,0.050000000000000044,False,55,96,21,10850224.426811175,0.08083442873703957,0.2199839032278541,0.17346662643517285,-0.002988062574215877
choque_05pct_temporario,temporario,0.95,0.050000000000000044,False,55,96,22,10689830.195835708,0.09225599892009813,0.20453222274579175,0.18991834528546517,-0.017701696799597714
choque_05pct_temporario,temporario,0.95,0.050000000000000044,False,55,96,23,10610478.560395017,0.09707597610619158,0.1793000951635586,0.2016093874217837,-0.03329745778803185
choque_05pct_temporario,temporario,0.95,0.050000000000000044,False,55,96,24,10696248.391787235,0.08961660445952976,0.15264439609192104,0.19865003058570754,-0.04110517181970188
choque_05pct_temporario,temporario,0.95,0.050000000000000044,False,55,96,25,11179376.580319267,0.06957025748995574,0.13397678713336703,0.18102827251994358,-0.03980066100400639
choque_05pct_temporario,temporario,0.95,0.050000000000000044,False,56,97,0,7609597.0,0.138,0.03,0.12063832026847152,0.010583740505574736
choque_05pct_temporario,temporario,0.95,0.050000000000000044,False,56,97,1,7652724.38733265,0.14039181650999813,0.030000000000000027,0.11859183719691781,0.007984885903803248
choque_05pct_temporario,temporario,0.95,0.050000000000000044,False,56,97,2,7800889.8817858,0.13522708141572493,0.02418397581320786,0.12050314319611728,0.005027015558220259
choque_05pct_temporario,temporario,0.95,0.050000000000000044,False,56,97,3,8049071.331758129,0.12454749800016575,0.026845742110161552,0.11191776991396674,0.00630689999576099
choque_05pct_temporario,temporario,0.95,0.050000000000000044,False,56,97,4,8407556.744374042,0.10813007583767523,0.030353612076337688,0.10385349962184844,0.005521636195223185
choque_05pct_temporario,temporario,0.95,0.050000000000000044,False,56,97,5,8621932.565695023,0.09551880895813626,0.04629219582503996,0.09700135245125519,0.00809891488755
choque_05pct_temporario,temporario,0.95,0.050000000000000044,False,56,97,6,8811129.331526145,0.08996916406746895,0.06479631661841423,0.0973774463467412,0.007739635527202401
choque_05pct_temporario,temporario,0.95,0.050000000000000044,False,56,97,7,8970482.824486276,0.08983429899180584,0.08841875574435987,0.10197396971246836,0.014293998163780686
choque_05pct_temporario,temporario,0.95,0.050000000000000044,False,56,97,8,8968972.424864437,0.09719102478396116,0.1058387812775694,0.11677178028237947,0.012109100496492914
choque_05pct_temporario,temporario,0.95,0.050000000000000044,False,56,97,9,8873730.186344976,0.11438787989030234,0.11542603791798212,0.1368267603098219,0.008992731038266533
choque_05pct_temporario,temporario,0.95,0.050000000000000044,False,56,97,10,8741317.883498406,0.12889807158127206,0.11001839228122878,0.1583820533394202,-0.004153551710204666
choque_05pct_temporario,temporario,0.95,0.050000000000000044,False,56,97,11,8605674.175098313,0.13863099575735968,0.09567852552699851,0.17064560687211466,-0.012491082322177263
choque_05pct_temporario,temporario,0.95,0.050000000000000044,False,56,97,12,8634624.121298356,0.1367040885042009,0.07504036779316858,0.17397802818644562,-0.02597464197442856
choque_05pct_temporario,temporario,0.95,0.050000000000000044,False,56,97,13,8839785.377402417,0.1265854686051847,0.0570178389707694,0.16487357355053062,-0.03168683092643931
choque_05pct_temporario,temporario,0.95,0.050000000000000044,False,56,97,14,9368278.997446049,0.10320860163374405,0.04334462313078058,0.14677133309344428,-0.026524838312088822
choque_05pct_temporario,temporario,0.95,0.050000000000000044,False,56,97,15,9945182.247923039,0.072468199637248,0.0463892094797671,0.12641603811249882,-0.02016358504329063
choque_05pct_temporario,temporario,0.95,0.050000000000000044,False,56,97,16,10326328.433487816,0.055500277885297045,0.0730683334150446,0.11097495259987128,-0.009837341844921924
choque_05pct_temporario,temporario,0.95,0.050000000000000044,False,56,97,17,10646068.476384064,0.054912265171877264,0.12316478852550339,0.1098152213622047,0.0015020826034176295
choque_05pct_temporario,temporario,0.95,0.050000000000000044,False,56,97,18,10904309.686524743,0.06084305666517372,0.17475529637816356,0.12600867945038624,0.008895548892988539
choque_05pct_temporario,temporario,0.95,0.050000000000000044,False,56,97,19,11099690.260820188,0.06705582251290397,0.21309724840131117,0.14230875333369827,0.015513690184459712
choque_05pct_temporario,temporario,0.95,0.050000000000000044,False,56,97,20,11041854.076038416,0.07492535332498407,0.23244893647935072,0.15897412576615114,0.010661254128743409
choque_05pct_temporario,temporario,0.95,0.050000000000000044,False,56,97,21,10868480.054831596,0.08722676152302401,0.23044619662649013,0.17774164100556983,0.0018302924524086744
choque_05pct_temporario,temporario,0.95,0.050000000000000044,False,56,97,22,10648828.718882127,0.09704467526906813,0.20968819749493384,0.1962939073281262,-0.015903923737777884
choque_05pct_temporario,temporario,0.95,0.050000000000000044,False,56,97,23,10544694.480113357,0.10141576071591488,0.1790720643767023,0.20442293167466247,-0.031115397683117784
choque_05pct_temporario,temporario,0.95,0.050000000000000044,False,56,97,24,10546206.758743936,0.09836880444504588,0.14747108546150245,0.20520525568678444,-0.046319832397515553
choque_05pct_temporario,temporario,0.95,0.050000000000000044,False,56,97,25,10874705.340154598,0.07862150858125466,0.12237982033123651,0.19223719898731242,-0.05106552788113031
choque_05pct_temporario,temporario,0.95,0.050000000000000044,False,57,98,0,7609597.0,0.138,0.03,0.12063832026847152,0.010583740505574736
choque_05pct_temporario,temporario,0.95,0.050000000000000044,False,57,98,1,7652724.38733265,0.14039181650999813,0.030000000000000027,0.11859183719691781,0.007984885903803248
choque_05pct_temporario,temporario,0.95,0.050000000000000044,False,57,98,2,7799885.383675266,0.13522847005657346,0.024174783235175967,0.1203868529581478,0.0029885909564385184
choque_05pct_temporario,temporario,0.95,0.050000000000000044,False,57,98,3,8068307.960917727,0.12437216865012438,0.026866822551842473,0.11124651956853475,0.00381985212208961
choque_05pct_temporario,temporario,0.95,0.050000000000000044,False,57,98,4,8452765.849020781,0.10522454779155395,0.03046370669027465,0.10218748110996301,0.009919681570373599
choque_05pct_temporario,temporario,0.95,0.050000000000000044,False,57,98,5,8630303.503998367,0.09456865586313783,0.04830658219576178,0.09554868839575652,0.012322545076756265
choque_05pct_temporario,temporario,0.95,0.050000000000000044,False,57,98,6,8808262.557453921,0.09187281187785695,0.06680166434836954,0.09988544353292804,0.009925948187080398
choque_05pct_temporario,temporario,0.95,0.050000000000000044,False,57,98,7,8817873.62301633,0.10099284548671231,0.08919219538009782,0.11037106746419016,0.015803480197748906
choque_05pct_temporario,temporario,0.95,0.050000000000000044,False,57,98,8,8795132.77536996,0.11120337423917726,0.09915971815800018,0.12893456902232395,0.007658405892734479
choque_05pct_temporario,temporario,0.95,0.050000000000000044,False,57,98,9,8724637.898897406,0.12085127822492099,0.10288251755587763,0.14246983581252942,0.002799201929426946
choque_05pct_temporario,temporario,0.95,0.050000000000000044,False,57,98,10,8677222.648251068,0.12636148277914944,0.09330993856700931,0.15535260953287866,-0.006546995827877975
choque_05pct_temporario,temporario,0.95,0.050000000000000044,False,57,98,11,8653798.599810766,0.13057937373468928,0.08256197803788257,0.16200953690768588,-0.01428881291373855
choque_05pct_temporario,temporario,0.95,0.050000000000000044,False,57,98,12,8689787.947794689,0.13075524219352533,0.06712815660669236,0.1661237232839835,-0.020054333534412223
choque_05pct_temporario,temporario,0.95,0.050000000000000044,False,57,98,13,8919843.211522115,0.12010979936728809,0.05333065823956251,0.1598999880336193,-0.02763605927934558
choque_05pct_temporario,temporario,0.95,0.050000000000000044,False,57,98,14,9407408.302913573,0.10233700136674521,0.045438482176415995,0.14471271842869116,-0.026776956801852103
choque_05pct_temporario,temporario,0.95,0.050000000000000044,False,57,98,15,9923149.708288252,0.07608935357761061,0.05011695075473943,0.12748886524084022,-0.018785173547786804
choque_05pct_temporario,temporario,0.95,0.050000000000000044,False,57,98,16,10486727.335277705,0.052797269252368155,0.07640797600564153,0.11045634501641348,-0.012032117487510277
choque_05pct_temporario,temporario,0.95,0.050000000000000044,False,57,98,17,10801793.258434363,0.04782722373740815,0.1308803892534618,0.10198859175468684,0.00418060689663325
choque_05pct_temporario,temporario,0.95,0.050000000000000044,False,57,98,18,11010134.837069074,0.058903532126984556,0.19304702359843184,0.1192184939894781,0.01601267736338031
choque_05pct_temporario,temporario,0.95,0.050000000000000044,False,57,98,19,11085409.755644256,0.07634311271397931,0.23087976580684644,0.15144680432198346,0.017563320927513285
choque_05pct_temporario,temporario,0.95,0.050000000000000044,False,57,98,20,10938765.883126782,0.08697497637753485,0.2364278114037004,0.17513499457740514,0.009233230708063641
choque_05pct_temporario,temporario,0.95,0.050000000000000044,False,57,98,21,10610156.946022196,0.09855692326162338,0.22286550680367267,0.19060234921478358,-0.0063490194716843956
choque_05pct_temporario,temporario,0.95,0.050000000000000044,False,57,98,22,10354031.493134014,0.10967692833808101,0.19068063859669415,0.20730854262160328,-0.026083996265122956
choque_05pct_temporario,temporario,0.95,0.050000000000000044,False,57,98,23,10256741.693452246,0.11203254983593901,0.15387482797099694,0.2132129958135996,-0.046545389618962756
choque_05pct_temporario,temporario,0.95,0.050000000000000044,False,57,98,24,10458006.04466591,0.09912181417401097,0.1189698918374924,0.20329103886726888,-0.0549383735511285
choque_05pct_temporario,temporario,0.95,0.050000000000000044,False,57,98,25,11235717.962479198,0.06488507757178244,0.09722462668209952,0.17597930041088883,-0.050075041264953796
choque_05pct_temporario,temporario,0.95,0.050000000000000044,False,58,99,0,7609597.0,0.138,0.03,0.12063832026847152,0.010583740505574736
choque_05pct_temporario,temporario,0.95,0.050000000000000044,False,58,99,1,7652724.38733265,0.14039181650999813,0.030000000000000027,0.11859183719691781,0.007984885903803248
choque_05pct_temporario,temporario,0.95,0.050000000000000044,False,58,99,2,7799062.11548463,0.1352272977704024,0.024185309753672835,0.12058307609119796,0.005341325207426375
choque_05pct_temporario,temporario,0.95,0.050000000000000044,False,58,99,3,8037333.898698519,0.12513506691847362,0.026830286970330297,0.11249869004210589,0.003750026469618264
choque_05pct_temporario,temporario,0.95,0.050000000000000044,False,58,99,4,8388380.545888563,0.11221318857023224,0.030132632684514382,0.10548921881974987,0.004735826407116933
choque_05pct_temporario,temporario,0.95,0.050000000000000044,False,58,99,5,8595141.4902171,0.09758618462480753,0.04428594204150693,0.09883864119033978,0.009323569026527001
choque_05pct_temporario,temporario,0.95,0.050000000000000044,False,58,99,6,8817999.716568341,0.09109791645906906,0.06149860358795611,0.09794779804234605,0.00979244683043792
choque_05pct_temporario,temporario,0.95,0.050000000000000044,False,58,99,7,8870564.174324168,0.09570278024753938,0.08467210134486036,0.10541401673288642,0.010232864565592213
choque_05pct_temporario,temporario,0.95,0.050000000000000044,False,58,99,8,8913202.971976146,0.10280842014692117,0.09935925847008997,0.120176303529388,0.008162943483030883
choque_05pct_temporario,temporario,0.95,0.050000000000000044,False,58,99,9,8900108.136894355,0.1120354905002187,0.10814805639319003,0.13403053188430977,0.005723206786439948
choque_05pct_temporario,temporario,0.95,0.050000000000000044,False,58,99,10,8718645.549148887,0.1274276737715584,0.10376372352146457,0.15401517328863107,-0.0010465279616606023
choque_05pct_temporario,temporario,0.95,0.050000000000000044,False,58,99,11,8674651.741656145,0.13563662290492273,0.09125629894595533,0.16627043111034992,-0.012541307256484727
choque_05pct_temporario,temporario,0.95,0.050000000000000044,False,58,99,12,8679180.065851994,0.13470102041156137,0.07268875557164689,0.17059092552937316,-0.02268009428793482
choque_05pct_temporario,temporario,0.95,0.050000000000000044,False,58,99,13,8832366.288486615,0.1263209065445021,0.055942376047935394,0.1657638328423107,-0.02880228617865725
choque_05pct_temporario,temporario,0.95,0.050000000000000044,False,58,99,14,9219902.26906667,0.11041864381471769,0.04530255867318167,0.15280713509118296,-0.030023714036054104
choque_05pct_temporario,temporario,0.95,0.050000000000000044,False,58,99,15,9778538.367430966,0.08597906190361924,0.04358870991137076,0.13615474663087526,-0.023797215828668426
choque_05pct_temporario,temporario,0.95,0.050000000000000044,False,58,99,16,10142414.299536197,0.066406906386557,0.061626864796467284,0.12198487954607594,-0.017655071650169565
choque_05pct_temporario,temporario,0.95,0.050000000000000044,False,58,99,17,10578421.439325495,0.05870807394230999,0.09833038665164917,0.11571678891615836,-0.00982508007952967
choque_05pct_temporario,temporario,0.95,0.050000000000000044,False,58,99,18,10854478.158462266,0.05496654458100523,0.14542640270869067,0.12033211869569657,0.0050561655961462604
choque_05pct_temporario,temporario,0.95,0.050000000000000044,False,58,99,19,11086568.607509864,0.061392776746684447,0.1938422693799926,0.13157801397867702,0.012928780155158696
choque_05pct_temporario,temporario,0.95,0.050000000000000044,False,58,99,20,11111301.66924357,0.0791946589143226,0.22404784118636312,0.15745623658144536,0.011775927660388812
choque_05pct_temporario,temporario,0.95,0.050000000000000044,False,58,99,21,10845727.644816015,0.09438559580732131,0.2251072392778508,0.18732461188121313,8.606255747980897e-06
choque_05pct_temporario,temporario,0.95,0.050000000000000044,False,58,99,22,10644415.746279577,0.10397140519314203,0.20497425372566647,0.20064005398355608,-0.01698975647677926
choque_05pct_temporario,temporario,0.95,0.050000000000000044,False,58,99,23,10385026.702556852,0.1109822980376673,0.17218573248438718,0.21214269018349632,-0.035079716349712964
choque_05pct_temporario,temporario,0.95,0.050000000000000044,False,58,99,24,10487062.026926162,0.10413846123331151,0.1369875026306535,0.21000664907129926,-0.04737742013575968
choque_05pct_temporario,temporario,0.95,0.050000000000000044,False,58,99,25,10839489.000503793,0.08350724797321724,0.1111020210948872,0.1944777697241356,-0.05390356633862273
choque_05pct_temporario,temporario,0.95,0.050000000000000044,False,59,100,0,7609597.0,0.138,0.03,0.12063832026847152,0.010583740505574736
choque_05pct_temporario,temporario,0.95,0.050000000000000044,False,59,100,1,7652724.38733265,0.14039181650999813,0.030000000000000027,0.11859183719691781,0.007984885903803248
choque_05pct_temporario,temporario,0.95,0.050000000000000044,False,59,100,2,7805420.605247177,0.13522749384151414,0.024184488525404113,0.12049801877331648,0.004661907193755282
choque_05pct_temporario,temporario,0.95,0.050000000000000044,False,59,100,3,8049794.709158673,0.12548596327462314,0.026837842258442324,0.1123105255493822,0.005576432247561984
choque_05pct_temporario,temporario,0.95,0.050000000000000044,False,59,100,4,8338584.981982603,0.11206081579277484,0.029983348496512185,0.10615875213930297,0.0071662046553755835
choque_05pct_temporario,temporario,0.95,0.050000000000000044,False,59,100,5,8594928.552005645,0.09691293136051295,0.04441764846352658,0.09777525127598317,0.009376109557864465
choque_05pct_temporario,temporario,0.95,0.050000000000000044,False,59,100,6,8842413.403949467,0.08889529192612095,0.061962900519256126,0.09615223457629765,0.008895455750371175
choque_05pct_temporario,temporario,0.95,0.050000000000000044,False,59,100,7,8949777.579985192,0.0904419920962894,0.08569962873568615,0.1012655772514103,0.013104676195530308
choque_05pct_temporario,temporario,0.95,0.050000000000000044,False,59,100,8,9039186.779353376,0.09652619750650972,0.10352685980578546,0.11455141968376574,0.012974197112684233
choque_05pct_temporario,temporario,0.95,0.050000000000000044,False,59,100,9,8945293.614757385,0.1099720553867533,0.11488602048442242,0.13263108203578514,0.009563753687700157
choque_05pct_temporario,temporario,0.95,0.050000000000000044,False,59,100,10,8758527.056378871,0.1280804176886996,0.11281796890895923,0.15533472258265238,0.0007162600208040509
choque_05pct_temporario,temporario,0.95,0.050000000000000044,False,59,100,11,8612582.280814562,0.14139137806547372,0.09751930903550599,0.17305697897188993,-0.010793428304155533
choque_05pct_temporario,temporario,0.95,0.050000000000000044,False,59,100,12,8553599.640467474,0.14617657707154422,0.07552650807590933,0.1815857936320388,-0.02275500737818104
choque_05pct_temporario,temporario,0.95,0.050000000000000044,False,59,100,13,8587198.603459585,0.14299967445520936,0.053611543785381244,0.18108612639706873,-0.034470337337043515
choque_05pct_temporario,temporario,0.95,0.050000000000000044,False,59,100,14,9043282.514975453,0.12500728208808015,0.03427244198703394,0.16555338749188037,-0.039032630700256095
choque_05pct_temporario,temporario,0.95,0.050000000000000044,False,59,100,15,9677564.665504036,0.09633512195828432,0.026675702029172355,0.14275021940166474,-0.03369969612479903
choque_05pct_temporario,temporario,0.95,0.050000000000000044,False,59,100,16,10178611.544573808,0.06965702273005879,0.03709402079622959,0.12489245019302415,-0.02573009363347708
choque_05pct_temporario,temporario,0.95,0.050000000000000044,False,59,100,17,10597311.459952405,0.05581083566806924,0.07262769386115431,0.11274644802982595,-0.011475985375452233
choque_05pct_temporario,temporario,0.95,0.050000000000000044,False,59,100,18,10886740.008153474,0.05590885259911565,0.12795392205965395,0.11449025435690888,3.6971696448576024e-05
choque_05pct_temporario,temporario,0.95,0.050000000000000044,False,59,100,19,11116457.961765617,0.06299581183266237,0.1817547117321885,0.13128981566468761,0.008476576517463016
choque_05pct_temporario,temporario,0.95,0.050000000000000044,False,59,100,20,11215684.620454302,0.0698481392452892,0.2170679344570603,0.1502129397536875,0.01354062075237961
choque_05pct_temporario,temporario,0.95,0.050000000000000044,False,59,100,21,11217968.436604975,0.07138171056877579,0.23157240291814407,0.16312483472128525,0.008479649120609747
choque_05pct_temporario,temporario,0.95,0.050000000000000044,False,59,100,22,11138128.617684947,0.07853094449850709,0.23283706850736152,0.17416159506479922,-0.00021284609082776714
choque_05pct_temporario,temporario,0.95,0.050000000000000044,False,59,100,23,10865733.268410938,0.09470278837442206,0.2171230347686255,0.19664536118407094,-0.015106755454057263
choque_05pct_temporario,temporario,0.95,0.050000000000000044,False,59,100,24,10725889.873439996,0.10164085634611446,0.18735949982461197,0.2122971614598309,-0.033234501875803416
choque_05pct_temporario,temporario,0.95,0.050000000000000044,False,59,100,25,10788679.28917277,0.09582491882330818,0.15526445901978092,0.20862920090595993,-0.04731915697042379
choque_05pct_temporario,temporario,0.95,0.050000000000000044,False,60,101,0,7609597.0,0.138,0.03,0.12063832026847152,0.010583740505574736
choque_05pct_temporario,temporario,0.95,0.050000000000000044,False,60,101,1,7652724.38733265,0.14039181650999813,0.030000000000000027,0.11859183719691781,0.007984885903803248
choque_05pct_temporario,temporario,0.95,0.050000000000000044,False,60,101,2,7810314.033300547,0.13522708141572493,0.02417722863023286,0.12034456570471717,0.003376331611358988
choque_05pct_temporario,temporario,0.95,0.050000000000000044,False,60,101,3,8057438.034464313,0.12472614910127032,0.02685924023907993,0.1119352966239309,0.0051062560118289085
choque_05pct_temporario,temporario,0.95,0.050000000000000044,False,60,101,4,8428089.873602377,0.10789505329219334,0.030282995463448925,0.10385262074889468,0.004149907900870135
choque_05pct_temporario,temporario,0.95,0.050000000000000044,False,60,101,5,8611299.47248766,0.09408394511404213,0.048053065611033174,0.095600896188004,0.009980162163808346
choque_05pct_temporario,temporario,0.95,0.050000000000000044,False,60,101,6,8769540.549343603,0.0923517201863146,0.06612282830615146,0.09760873978837863,0.011484079886587418
choque_05pct_temporario,temporario,0.95,0.050000000000000044,False,60,101,7,8910895.393880146,0.09200031621113638,0.08796038234482051,0.10472033961265884,0.013240246866011171
choque_05pct_temporario,temporario,0.95,0.050000000000000044,False,60,101,8,8971493.398249635,0.09713007233447471,0.10405282642615132,0.11635030465818526,0.010565630364000439
choque_05pct_temporario,temporario,0.95,0.050000000000000044,False,60,101,9,8907314.425131995,0.11085425267860174,0.1138998325710161,0.13357109768213746,0.0073252500023130145
choque_05pct_temporario,temporario,0.95,0.050000000000000044,False,60,101,10,8725039.678248042,0.12828615725322312,0.11023508469350562,0.15630794357395753,-0.003198739571037051
choque_05pct_temporario,temporario,0.95,0.050000000000000044,False,60,101,11,8626559.314859174,0.13809881417111108,0.09566958887655286,0.17069645243062748,-0.01347681038564604
choque_05pct_temporario,temporario,0.95,0.050000000000000044,False,60,101,12,8618832.63407466,0.14088356258264875,0.07404179229509289,0.17623096933429697,-0.024290487330724465
choque_05pct_temporario,temporario,0.95,0.050000000000000044,False,60,101,13,8742322.727971047,0.13341662562425508,0.05394676928330955,0.17250290013333835,-0.030172049669875644
choque_05pct_temporario,temporario,0.95,0.050000000000000044,False,60,101,14,9147934.214850184,0.11377933713027752,0.03806938748275113,0.15723777000628758,-0.03173696004487696
choque_05pct_temporario,temporario,0.95,0.050000000000000044,False,60,101,15,9854641.89803988,0.08343040348773083,0.036147117870181544,0.13377078489361777,-0.024736303725351468
choque_05pct_temporario,temporario,0.95,0.050000000000000044,False,60,101,16,10312960.62327935,0.061449164130621264,0.05508379434832844,0.11691455362078548,-0.015995555247126945
choque_05pct_temporario,temporario,0.95,0.050000000000000044,False,60,101,17,10691566.502591508,0.05215571993600136,0.09972324329838855,0.10937632598157897,-0.005656780598179229
choque_05pct_temporario,temporario,0.95,0.050000000000000044,False,60,101,18,10927543.054023663,0.05822172521510064,0.1572582345727136,0.11776565518477265,0.008233633003162245
choque_05pct_temporario,temporario,0.95,0.050000000000000044,False,60,101,19,10991285.724046528,0.07254243151182421,0.20271142951694343,0.14418388075861568,0.01157156687947715
choque_05pct_temporario,temporario,0.95,0.050000000000000044,False,60,101,20,11086105.304210164,0.07625470991848848,0.2217318765590215,0.16232665324459325,0.010210858065005176
choque_05pct_temporario,temporario,0.95,0.050000000000000044,False,60,101,21,11045680.955948,0.07683648856228752,0.2236499123789586,0.16770822770814434,0.004183558365237027
choque_05pct_temporario,temporario,0.95,0.050000000000000044,False,60,101,22,10828651.775575403,0.08781506510250826,0.2144637116732071,0.1827392106597387,-0.008256573383692737
choque_05pct_temporario,temporario,0.95,0.050000000000000044,False,60,101,23,10723124.786576342,0.0966683587650037,0.19104296001545062,0.2008958372120098,-0.022943618575726812
choque_05pct_temporario,temporario,0.95,0.050000000000000044,False,60,101,24,10565857.800626826,0.1023913080045695,0.16423965543844976,0.20976700536132314,-0.03834179725062456
choque_05pct_temporario,temporario,0.95,0.050000000000000044,False,60,101,25,10782060.794107014,0.0915422081194021,0.13437796082014875,0.20420567801221085,-0.04858421337777459
choque_05pct_temporario,temporario,0.95,0.050000000000000044,False,61,102,0,7609597.0,0.138,0.03,0.12063832026847152,0.010583740505574736
choque_05pct_temporario,temporario,0.95,0.050000000000000044,False,61,102,1,7650002.471661862,0.14041421592540543,0.030000000000000027,0.11872188524457562,0.007945657219823491
choque_05pct_temporario,temporario,0.95,0.050000000000000044,False,61,102,2,7798683.8567142505,0.13544303527764473,0.024175254533992607,0.12053968788095525,0.005032995265911192
choque_05pct_temporario,temporario,0.95,0.050000000000000044,False,61,102,3,8056100.160966143,0.12551229731767805,0.026759128492234163,0.11194744237407288,0.005468382779039648
choque_05pct_temporario,temporario,0.95,0.050000000000000044,False,61,102,4,8412643.465632271,0.10825346654674162,0.02986846263692411,0.10387941608350315,0.007184095157875705
choque_05pct_temporario,temporario,0.95,0.050000000000000044,False,61,102,5,8639662.23386638,0.09275190169608445,0.04615220073995219,0.09576491992425715,0.01141866556467971
choque_05pct_temporario,temporario,0.95,0.050000000000000044,False,61,102,6,8802499.542111976,0.09218489043732325,0.0661958325212697,0.09783711979918398,0.010886822879449008
choque_05pct_temporario,temporario,0.95,0.050000000000000044,False,61,102,7,8817449.636532301,0.0993343182879383,0.08818170625564026,0.10976733237597638,0.009740897756010286
choque_05pct_temporario,temporario,0.95,0.050000000000000044,False,61,102,8,8850022.518726155,0.10719090729125219,0.10063930102602758,0.12423086871319834,0.010385310793253987
choque_05pct_temporario,temporario,0.95,0.050000000000000044,False,61,102,9,8816280.901555955,0.11460074551969357,0.10522667228708649,0.13763421631821887,0.0023049823553541473
choque_05pct_temporario,temporario,0.95,0.050000000000000044,False,61,102,10,8744519.64576203,0.12375797074588218,0.09862830126579314,0.1518430374790134,-0.004999631206595164
choque_05pct_temporario,temporario,0.95,0.050000000000000044,False,61,102,11,8721157.108349524,0.12764961180210474,0.08781488115387082,0.16077677707463472,-0.013926551782139028
choque_05pct_temporario,temporario,0.95,0.050000000000000044,False,61,102,12,8798880.64475076,0.1263081076990888,0.07197931340789032,0.163064549379568,-0.020775476711463882
choque_05pct_temporario,temporario,0.95,0.050000000000000044,False,61,102,13,9028386.467333788,0.11696176644550989,0.06045814354946644,0.15643210176787753,-0.02343453321116981
choque_05pct_temporario,temporario,0.95,0.050000000000000044,False,61,102,14,9366801.216771359,0.09814077633377222,0.05337968386387515,0.14498071762200987,-0.023373121946127687
choque_05pct_temporario,temporario,0.95,0.050000000000000044,False,61,102,15,9947100.293135546,0.07493828747031214,0.05955570441851332,0.1269046525964257,-0.016426642461467685
choque_05pct_temporario,temporario,0.95,0.050000000000000044,False,61,102,16,10330564.500572084,0.05698143340918553,0.08548233964635954,0.11505231932379124,-0.009874335368392417
choque_05pct_temporario,temporario,0.95,0.050000000000000044,False,61,102,17,10675334.777235897,0.054511877780564204,0.1317180933626989,0.11041360537669045,0.0038566747613295437
choque_05pct_temporario,temporario,0.95,0.050000000000000044,False,61,102,18,10904728.475207822,0.05980507961861431,0.18008302165178036,0.1256833929686853,0.009038465400579933
choque_05pct_temporario,temporario,0.95,0.050000000000000044,False,61,102,19,11089788.107047394,0.06829565452988173,0.21603820454234435,0.14292769165927668,0.014842632196886793
choque_05pct_temporario,temporario,0.95,0.050000000000000044,False,61,102,20,10985522.894075964,0.07683989678471194,0.23104544768294533,0.16319993746572525,0.008082785538112168
choque_05pct_temporario,temporario,0.95,0.050000000000000044,False,61,102,21,10827213.700819423,0.08885064490374352,0.22601011369920365,0.17995168000850473,0.00016096078081229685
choque_05pct_temporario,temporario,0.95,0.050000000000000044,False,61,102,22,10590479.281936813,0.10016941467439709,0.20412404428472142,0.19813751884628664,-0.017060564326066903
choque_05pct_temporario,temporario,0.95,0.050000000000000044,False,61,102,23,10520122.289820107,0.10307795426065425,0.17200840729113698,0.205637059379385,-0.033008878599889054
choque_05pct_temporario,temporario,0.95,0.050000000000000044,False,61,102,24,10528446.031446591,0.09658430551796474,0.14219877615255871,0.20364223663671285,-0.051144242458273405
choque_05pct_temporario,temporario,0.95,0.050000000000000044,False,61,102,25,11033575.088075059,0.07488253575991605,0.11842280739944844,0.1855014387247895,-0.049410393793952304
choque_05pct_temporario,temporario,0.95,0.050000000000000044,False,62,103,0,7609597.0,0.138,0.03,0.12063832026847152,0.010583740505574736
choque_05pct_temporario,temporario,0.95,0.050000000000000044,False,62,103,1,7652724.38733265,0.14039181650999813,0.030000000000000027,0.11859183719691781,0.007984885903803248
choque_05pct_temporario,temporario,0.95,0.050000000000000044,False,62,103,2,7801389.463608131,0.13522708141572493,0.02418076482516729,0.12045633882052506,0.0045390471653261434
choque_05pct_temporario,temporario,0.95,0.050000000000000044,False,62,103,3,8065835.647105424,0.12460547721408592,0.0268679008619761,0.11210610703681127,0.003572596108639618
choque_05pct_temporario,temporario,0.95,0.050000000000000044,False,62,103,4,8343083.17549668,0.10942724430667809,0.03031923998380992,0.10479249942583807,0.006601961244087908
choque_05pct_temporario,temporario,0.95,0.050000000000000044,False,62,103,5,8640592.68309757,0.09403131394472485,0.0468300674179698,0.09539567113940489,0.009520399180048628
choque_05pct_temporario,temporario,0.95,0.050000000000000044,False,62,103,6,8866696.687345974,0.0848819735319021,0.0650515692710818,0.09398834281921618,0.012274386832209837
choque_05pct_temporario,temporario,0.95,0.050000000000000044,False,62,103,7,8966776.096855588,0.08943424864723323,0.09224634472483584,0.09987789976948792,0.01494258123712202
choque_05pct_temporario,temporario,0.95,0.050000000000000044,False,62,103,8,8981310.697482744,0.10091345109809774,0.10912943654173946,0.11875649759896509,0.010550207752074327
choque_05pct_temporario,temporario,0.95,0.050000000000000044,False,62,103,9,8889696.386550505,0.11439632655529855,0.1177186479921073,0.13734931928321595,0.007052877630965212
choque_05pct_temporario,temporario,0.95,0.050000000000000044,False,62,103,10,8777824.72483609,0.12551615913111447,0.10983644763107181,0.15526568207400832,-0.002992522167894638
choque_05pct_temporario,temporario,0.95,0.050000000000000044,False,62,103,11,8711821.568808194,0.13169617937256262,0.0974942990062615,0.1649491802900834,-0.013028792163237943
choque_05pct_temporario,temporario,0.95,0.050000000000000044,False,62,103,12,8676364.86510703,0.13478105391465253,0.07660243073018536,0.17238656478408032,-0.023422360824068032
choque_05pct_temporario,temporario,0.95,0.050000000000000044,False,62,103,13,8868320.303544827,0.127393858052372,0.059394955602458666,0.16695027503928442,-0.026711208763994444
choque_05pct_temporario,temporario,0.95,0.050000000000000044,False,62,103,14,9190408.620212046,0.10930884697731418,0.04550112379548965,0.1546226442569981,-0.032698313770529105
choque_05pct_temporario,temporario,0.95,0.050000000000000044,False,62,103,15,9854212.658120599,0.0829432317500011,0.04523672227906084,0.13262716008214476,-0.025220435840800092
choque_05pct_temporario,temporario,0.95,0.050000000000000044,False,62,103,16,10319882.902562104,0.05921107328371075,0.06329981470505253,0.11669159587509156,-0.016234413567965823
choque_05pct_temporario,temporario,0.95,0.050000000000000044,False,62,103,17,10730945.163743747,0.04966931799895405,0.10955956689134982,0.10591869640604727,-0.0004268891411632828
choque_05pct_temporario,temporario,0.95,0.050000000000000044,False,62,103,18,10932900.359791528,0.055588854971714646,0.16795062225080026,0.11601192233523512,0.011319612579100937
choque_05pct_temporario,temporario,0.95,0.050000000000000044,False,62,103,19,11076947.327508805,0.07134435301561712,0.21442740220477718,0.14262317943902725,0.016698485244334964
choque_05pct_temporario,temporario,0.95,0.050000000000000044,False,62,103,20,11073803.991099233,0.07938706805297485,0.23112763469006525,0.16709154264350995,0.009635743611723124
choque_05pct_temporario,temporario,0.95,0.050000000000000044,False,62,103,21,10812099.145338183,0.09003781671723726,0.2302840798577006,0.17995347688331928,-0.0026021353531429444
choque_05pct_temporario,temporario,0.95,0.050000000000000044,False,62,103,22,10673926.135009818,0.1003106007251453,0.20453312393114587,0.19661974691901854,-0.018059894361606977
choque_05pct_temporario,temporario,0.95,0.050000000000000044,False,62,103,23,10449214.709611159,0.10676632934406992,0.17514541933251082,0.20759529846895017,-0.03438434224455041
choque_05pct_temporario,temporario,0.95,0.050000000000000044,False,62,103,24,10516971.384973034,0.09882418172902065,0.13920249561120812,0.20701590176324056,-0.05205917079190095
choque_05pct_temporario,temporario,0.95,0.050000000000000044,False,62,103,25,11051750.858901478,0.0748949656297062,0.11603153913066078,0.18441935911498045,-0.0486115729055444
choque_05pct_temporario,temporario,0.95,0.050000000000000044,False,63,104,0,7609597.0,0.138,0.03,0.12063832026847152,0.010583740505574736
choque_05pct_temporario,temporario,0.95,0.050000000000000044,False,63,104,1,7652724.38733265,0.14039181650999813,0.030000000000000027,0.11859183719691781,0.007984885903803248
choque_05pct_temporario,temporario,0.95,0.050000000000000044,False,63,104,2,7800331.918084864,0.13522708141572493,0.024184839601901098,0.12056828844091663,0.005109422131421157
choque_05pct_temporario,temporario,0.95,0.050000000000000044,False,63,104,3,8035590.667129238,0.12544034788120734,0.02684110530888928,0.1128197861269166,0.004372443627964133
choque_05pct_temporario,temporario,0.95,0.050000000000000044,False,63,104,4,8337284.231077738,0.11061192036583727,0.02998433218666996,0.10532738182984704,0.008197021124033055
choque_05pct_temporario,temporario,0.95,0.050000000000000044,False,63,104,5,8672882.693235148,0.0929189731920849,0.04498279165081742,0.09569171654435711,0.01370752500958189
choque_05pct_temporario,temporario,0.95,0.050000000000000044,False,63,104,6,8778429.155834658,0.0886501338361954,0.06497494368977974,0.09682550057099533,0.011870382556921785
choque_05pct_temporario,temporario,0.95,0.050000000000000044,False,63,104,7,8856079.985221326,0.09874509116819263,0.08858153744485464,0.10792065193085669,0.01576587780952811
choque_05pct_temporario,temporario,0.95,0.050000000000000044,False,63,104,8,8856522.902017893,0.11018891207680707,0.1010750330343344,0.12689527802279973,0.008817364766716603
choque_05pct_temporario,temporario,0.95,0.050000000000000044,False,63,104,9,8804330.776602358,0.11661995589746833,0.10518430916029153,0.1395532324041594,0.006654317686935384
choque_05pct_temporario,temporario,0.95,0.050000000000000044,False,63,104,10,8757241.652463667,0.12245490119053215,0.09815467909501097,0.15149069052836017,-0.004734035224857939
choque_05pct_temporario,temporario,0.95,0.050000000000000044,False,63,104,11,8699298.112841822,0.12930099433205505,0.08779784069822272,0.1607255617987681,-0.012989269445541317
choque_05pct_temporario,temporario,0.95,0.050000000000000044,False,63,104,12,8822786.07227581,0.12606437556245711,0.07182776813381975,0.16262595602397936,-0.022014136489476394
choque_05pct_temporario,temporario,0.95,0.050000000000000044,False,63,104,13,8992322.436562147,0.11587772469744737,0.05987907093359035,0.15660054850504113,-0.0265490045733442
choque_05pct_temporario,temporario,0.95,0.050000000000000044,False,63,104,14,9415259.83321771,0.09802232918020125,0.05279568953571978,0.1436036237511147,-0.025200365234905108
choque_05pct_temporario,temporario,0.95,0.050000000000000044,False,63,104,15,9929642.856528182,0.0732323733906355,0.058593363687847955,0.12730249974387517,-0.019233006798384664
choque_05pct_temporario,temporario,0.95,0.050000000000000044,False,63,104,16,10440237.3079766,0.055908965902634084,0.0864462195782707,0.11154837890958898,-0.009191811315196198
choque_05pct_temporario,temporario,0.95,0.050000000000000044,False,63,104,17,10760529.032754451,0.05037981925029241,0.1342833487860393,0.10841391846789077,0.0022346916496159535
choque_05pct_temporario,temporario,0.95,0.050000000000000044,False,63,104,18,11047589.327210268,0.05734843174624798,0.19090949355891795,0.11907459494122821,0.01700235369165709
choque_05pct_temporario,temporario,0.95,0.050000000000000044,False,63,104,19,11077162.824848609,0.07235608684882769,0.22710864025092037,0.14720359057716403,0.02149849693721723
choque_05pct_temporario,temporario,0.95,0.050000000000000044,False,63,104,20,10919772.564303996,0.08443391813643092,0.23974123535337477,0.17275460317075253,0.008795540445199443
choque_05pct_temporario,temporario,0.95,0.050000000000000044,False,63,104,21,10598814.686259106,0.10251508271190855,0.22559917554917797,0.19202910717811736,-0.005133467551581751
choque_05pct_temporario,temporario,0.95,0.050000000000000044,False,63,104,22,10319293.27505599,0.11165830758208509,0.19287785763323484,0.2101229275328822,-0.02759413864998005
choque_05pct_temporario,temporario,0.95,0.050000000000000044,False,63,104,23,10288530.808661593,0.10725906907945447,0.1533332494185311,0.21032832598826254,-0.04539246688301296
choque_05pct_temporario,temporario,0.95,0.050000000000000044,False,63,104,24,10461805.28647451,0.09554563340975866,0.12010495301975332,0.20000843362527473,-0.053478171653222065
choque_05pct_temporario,temporario,0.95,0.050000000000000044,False,63,104,25,11168021.599534782,0.06645383873803,0.1001416591664146,0.17693190073472148,-0.04964952540644543
choque_05pct_temporario,temporario,0.95,0.050000000000000044,False,64,105,0,7609597.0,0.138,0.03,0.12063832026847152,0.010583740505574736
choque_05pct_temporario,temporario,0.95,0.050000000000000044,False,64,105,1,7652724.38733265,0.14039181650999813,0.030000000000000027,0.11859183719691781,0.007984885903803248
choque_05pct_temporario,temporario,0.95,0.050000000000000044,False,64,105,2,7800563.818636234,0.13522708141572493,0.024177090049350314,0.12051070114827839,0.003203333660435202
choque_05pct_temporario,temporario,0.95,0.050000000000000044,False,64,105,3,8082200.757450347,0.12415519740479337,0.026867671667129223,0.11145732436299939,0.007161340119026205
choque_05pct_temporario,temporario,0.95,0.050000000000000044,False,64,105,4,8375355.965517943,0.11004903845188879,0.030515382646011835,0.1051377653029078,0.008595683120000875
choque_05pct_temporario,temporario,0.95,0.050000000000000044,False,64,105,5,8547533.970896173,0.10188716546314106,0.04552601481762064,0.10152186469587626,0.005818837295689743
choque_05pct_temporario,temporario,0.95,0.050000000000000044,False,64,105,6,8709210.577271266,0.0970948459078735,0.060286120331613624,0.10368976590197437,0.00894765082460692
choque_05pct_temporario,temporario,0.95,0.050000000000000044,False,64,105,7,8834832.205652516,0.09604493958244356,0.07851658388463112,0.10826161362164213,0.01001318624440968
choque_05pct_temporario,temporario,0.95,0.050000000000000044,False,64,105,8,8914743.206865408,0.10163261427866138,0.09326383986873266,0.11842802964788124,0.007558382342735608
choque_05pct_temporario,temporario,0.95,0.050000000000000044,False,64,105,9,8885820.193701861,0.11149472418368753,0.10176557942965991,0.13333360442018824,0.003809930116761929
choque_05pct_temporario,temporario,0.95,0.050000000000000044,False,64,105,10,8807414.068159591,0.12416413032703835,0.09990065459986774,0.1497870564109942,-0.0031297381524103924
choque_05pct_temporario,temporario,0.95,0.050000000000000044,False,64,105,11,8801836.26743558,0.12587981965582812,0.08943982043075516,0.15979489940051683,-0.012341467143419759
choque_05pct_temporario,temporario,0.95,0.050000000000000044,False,64,105,12,8810509.110039087,0.12793538328263598,0.07739987083744793,0.1628486140753429,-0.019898423793359463
choque_05pct_temporario,temporario,0.95,0.050000000000000044,False,64,105,13,8902032.501286313,0.12105071294248215,0.06481246013974462,0.16239478911844887,-0.027873421519761365
choque_05pct_temporario,temporario,0.95,0.050000000000000044,False,64,105,14,9360041.152575511,0.10245156196194521,0.05607715140979819,0.14747170553118943,-0.026181450285564824
choque_05pct_temporario,temporario,0.95,0.050000000000000044,False,64,105,15,9865981.729971068,0.07691213661894261,0.05788130100489042,0.12996857318117347,-0.017636669856952374
choque_05pct_temporario,temporario,0.95,0.050000000000000044,False,64,105,16,10352673.658105515,0.054826762376918865,0.08068393396422002,0.11382892767973464,-0.00898420653916407
choque_05pct_temporario,temporario,0.95,0.050000000000000044,False,64,105,17,10749743.309838414,0.04889694810992169,0.12952947447490382,0.10511068191523303,0.003273053889902719
choque_05pct_temporario,temporario,0.95,0.050000000000000044,False,64,105,18,10968270.322172722,0.05907304304814174,0.18759145356254558,0.11976794599937889,0.015272330554629331
choque_05pct_temporario,temporario,0.95,0.050000000000000044,False,64,105,19,11018582.844985392,0.07551869430823105,0.22228761476904602,0.1517123487908423,0.015399220793219055
choque_05pct_temporario,temporario,0.95,0.050000000000000044,False,64,105,20,10930720.902055036,0.08620331237662068,0.23004556230448792,0.17377056445701933,0.009201735092517092
choque_05pct_temporario,temporario,0.95,0.050000000000000044,False,64,105,21,10611325.559497213,0.09927410770719632,0.21815328568371517,0.1904647992770144,-0.009377713011454722
choque_05pct_temporario,temporario,0.95,0.050000000000000044,False,64,105,22,10389027.391783973,0.10909758730277688,0.18892300951708574,0.20542756726930503,-0.029267603943020512
choque_05pct_temporario,temporario,0.95,0.050000000000000044,False,64,105,23,10316861.170825966,0.10733451219283453,0.15305633251995898,0.2090706189913395,-0.043746031562444734
choque_05pct_temporario,temporario,0.95,0.050000000000000044,False,64,105,24,10563875.372667093,0.09183965666493626,0.12072873797068984,0.19766836223727557,-0.049198687442472626
choque_05pct_temporario,temporario,0.95,0.050000000000000044,False,64,105,25,11210819.079751479,0.06187061997303166,0.10439672490125163,0.17349265577522793,-0.04655912600649014
choque_05pct_temporario,temporario,0.95,0.050000000000000044,False,65,106,0,7609597.0,0.138,0.03,0.12063832026847152,0.010583740505574736
choque_05pct_temporario,temporario,0.95,0.050000000000000044,False,65,106,1,7652724.38733265,0.14039181650999813,0.030000000000000027,0.11859183719691781,0.007984885903803248
choque_05pct_temporario,temporario,0.95,0.050000000000000044,False,65,106,2,7795759.389025463,0.13522708141572493,0.024174315104845245,0.12053338646317642,0.0028232504809952382
choque_05pct_temporario,temporario,0.95,0.050000000000000044,False,65,106,3,8066722.623080711,0.1240298344420654,0.0268813672610837,0.11103366099375539,0.0065528971094054
choque_05pct_temporario,temporario,0.95,0.050000000000000044,False,65,106,4,8381860.874581563,0.10756815905149672,0.030548426762506242,0.10317564383710648,0.005740841421100333
choque_05pct_temporario,temporario,0.95,0.050000000000000044,False,65,106,5,8675181.221837142,0.09273036330451609,0.046607262489164025,0.09373209703808977,0.010851129376091239
choque_05pct_temporario,temporario,0.95,0.050000000000000044,False,65,106,6,8876704.089196196,0.08427561724617993,0.06708571076411052,0.092672043586819,0.015153349629072247
choque_05pct_temporario,temporario,0.95,0.050000000000000044,False,65,106,7,9052957.896710908,0.08359274530813857,0.09489574848219773,0.09719652146328045,0.016898325493989216
choque_05pct_temporario,temporario,0.95,0.050000000000000044,False,65,106,8,9007751.269976715,0.09898812937330136,0.11702789828393123,0.11594724988468134,0.015751476148281224
choque_05pct_temporario,temporario,0.95,0.050000000000000044,False,65,106,9,8795841.890162515,0.12184253685185026,0.12469961682977315,0.14519708073806892,0.003926384462395885
choque_05pct_temporario,temporario,0.95,0.050000000000000044,False,65,106,10,8663848.134493453,0.13809926720787247,0.11432847773940491,0.1653355554432706,-0.0061016678506189805
choque_05pct_temporario,temporario,0.95,0.050000000000000044,False,65,106,11,8552433.171189293,0.14267984243472565,0.0936296141949784,0.1757536456512285,-0.01941478577942149
choque_05pct_temporario,temporario,0.95,0.050000000000000044,False,65,106,12,8540825.989997797,0.14251843105360046,0.07044395083842137,0.17748977145420602,-0.029754336282037257
choque_05pct_temporario,temporario,0.95,0.050000000000000044,False,65,106,13,8776912.304864883,0.13251188395573046,0.04756761560230505,0.17019220049042494,-0.03277029693593261
choque_05pct_temporario,temporario,0.95,0.050000000000000044,False,65,106,14,9170786.831571896,0.11225609003926645,0.03331207361134392,0.15473278745188254,-0.03480048847771164
choque_05pct_temporario,temporario,0.95,0.050000000000000044,False,65,106,15,9790168.553264027,0.08517460614475537,0.0313301319741377,0.13389279723291903,-0.02697531610900541
choque_05pct_temporario,temporario,0.95,0.050000000000000044,False,65,106,16,10295870.269987054,0.06103684600624781,0.050655623109756354,0.11680437728384904,-0.017138901414958833
choque_05pct_temporario,temporario,0.95,0.050000000000000044,False,65,106,17,10638318.794832828,0.0527036210232631,0.0958574569037911,0.10800118871081824,-0.006008605188070144
choque_05pct_temporario,temporario,0.95,0.050000000000000044,False,65,106,18,10963967.056432841,0.05848613536971186,0.1539803008315499,0.11613964321277236,0.005936789718411365
choque_05pct_temporario,temporario,0.95,0.050000000000000044,False,65,106,19,11169341.479000725,0.06427969036158276,0.19982660608914316,0.1377761190186438,0.013546822997796219
choque_05pct_temporario,temporario,0.95,0.050000000000000044,False,65,106,20,11223013.790857488,0.0683534735934017,0.2293013296794728,0.1516693103874066,0.01585322814122943
choque_05pct_temporario,temporario,0.95,0.050000000000000044,False,65,106,21,11155188.47624473,0.07972221078518338,0.2372107424244625,0.16863626895683956,0.007545323164903331
choque_05pct_temporario,temporario,0.95,0.050000000000000044,False,65,106,22,10705714.522542395,0.10345586721344638,0.22594887189040147,0.19911624002823392,-0.010373770314676792
choque_05pct_temporario,temporario,0.95,0.050000000000000044,False,65,106,23,10485695.65723008,0.11339436703058342,0.1929734992986123,0.21806140284044653,-0.028748468701009475
choque_05pct_temporario,temporario,0.95,0.050000000000000044,False,65,106,24,10440613.916981066,0.10708439842376863,0.15320288567694806,0.2143168694159024,-0.0470477589491091
choque_05pct_temporario,temporario,0.95,0.050000000000000044,False,65,106,25,10788339.362903306,0.08718907160462762,0.11962227030354877,0.19775015606265267,-0.05316433844889469
choque_05pct_temporario,temporario,0.95,0.050000000000000044,False,66,107,0,7609597.0,0.138,0.03,0.12063832026847152,0.010583740505574736
choque_05pct_temporario,temporario,0.95,0.050000000000000044,False,66,107,1,7652724.38733265,0.14039181650999813,0.030000000000000027,0.11859183719691781,0.007984885903803248
choque_05pct_temporario,temporario,0.95,0.050000000000000044,False,66,107,2,7813739.9898260655,0.13522708141572493,0.02417499204141582,0.12049542615727203,0.0021218240363874157
choque_05pct_temporario,temporario,0.95,0.050000000000000044,False,66,107,3,8043384.744295323,0.12543951147811472,0.02687169830469127,0.11253875939232066,0.0051791478491445405
choque_05pct_temporario,temporario,0.95,0.050000000000000044,False,66,107,4,8362093.485037438,0.1096698145946373,0.029981432694052845,0.10514966826890736,0.006135468431830707
choque_05pct_temporario,temporario,0.95,0.050000000000000044,False,66,107,5,8601567.730780222,0.09728823158204652,0.04617997740797786,0.09693817828577028,0.009365962725478625
choque_05pct_temporario,temporario,0.95,0.050000000000000044,False,66,107,6,8831296.859260345,0.08984825929333166,0.06278976975849782,0.09746843450094689,0.00909127773606151
choque_05pct_temporario,temporario,0.95,0.050000000000000044,False,66,107,7,8940486.073648183,0.09031620053834719,0.08733290737525712,0.10198359541187611,0.012523878714592214
choque_05pct_temporario,temporario,0.95,0.050000000000000044,False,66,107,8,8949216.68685215,0.10035457800203768,0.10272625769179577,0.11793221118583559,0.01337556512474418
choque_05pct_temporario,temporario,0.95,0.050000000000000044,False,66,107,9,8894394.160430215,0.11314369432801936,0.11173757986271093,0.13676748213915016,0.0076123067565116425
choque_05pct_temporario,temporario,0.95,0.050000000000000044,False,66,107,10,8726012.945935117,0.12972220744406723,0.1069296684036507,0.15789501907065542,-0.00450694905564335
choque_05pct_temporario,temporario,0.95,0.050000000000000044,False,66,107,11,8571671.653245132,0.14494861083797675,0.09375260780484052,0.17377540370099687,-0.014911888557018438
choque_05pct_temporario,temporario,0.95,0.050000000000000044,False,66,107,12,8510992.733905217,0.14654495058304673,0.07149785533573616,0.1813214229872319,-0.023874005421926033
choque_05pct_temporario,temporario,0.95,0.050000000000000044,False,66,107,13,8728184.100418942,0.13579642007133666,0.049634901311092605,0.17290452789138797,-0.02950031937981136
choque_05pct_temporario,temporario,0.95,0.050000000000000044,False,66,107,14,9120558.088155735,0.11674044028412216,0.034133301617919276,0.15789415302794324,-0.0327404141567832
choque_05pct_temporario,temporario,0.95,0.050000000000000044,False,66,107,15,9719889.39271942,0.090661779441104,0.030142994012889668,0.1383652567258531,-0.028052877003036665
choque_05pct_temporario,temporario,0.95,0.050000000000000044,False,66,107,16,10209126.374893332,0.06784871888946878,0.0456610484125497,0.1211970055986149,-0.0184889804230726
choque_05pct_temporario,temporario,0.95,0.050000000000000044,False,66,107,17,10686322.234396119,0.05431976190706211,0.08423914123752851,0.11155051731573859,-0.010585717588125654
choque_05pct_temporario,temporario,0.95,0.050000000000000044,False,66,107,18,10900086.577938806,0.05467912147346446,0.1405273462494976,0.11447435503064869,0.004610995832949879
choque_05pct_temporario,temporario,0.95,0.050000000000000044,False,66,107,19,11056404.156059962,0.06924178146041683,0.19339017241877543,0.13565390523310616,0.010571451142591004
choque_05pct_temporario,temporario,0.95,0.050000000000000044,False,66,107,20,11124718.337922739,0.07856102896387858,0.2175882420784654,0.16188155243208338,0.01151573821962336
choque_05pct_temporario,temporario,0.95,0.050000000000000044,False,66,107,21,10967304.657786874,0.08134336273430649,0.22274868492249178,0.17376176076067001,0.002200579340796647
choque_05pct_temporario,temporario,0.95,0.050000000000000044,False,66,107,22,10867582.940576673,0.08773655502659772,0.2099373323229181,0.18372376539970706,-0.008518922053815802
choque_05pct_temporario,temporario,0.95,0.050000000000000044,False,66,107,23,10721097.007850818,0.09541385765124265,0.1904794320774239,0.19760805184327296,-0.022194963410708708
choque_05pct_temporario,temporario,0.95,0.050000000000000044,False,66,107,24,10644242.754627801,0.09788550357687743,0.1614841888807057,0.2066797996934025,-0.03793134036413756
choque_05pct_temporario,temporario,0.95,0.050000000000000044,False,66,107,25,10853820.394070897,0.08681154956516653,0.1386122142048929,0.19942197402176357,-0.04849365510323272
choque_05pct_temporario,temporario,0.95,0.050000000000000044,False,67,108,0,7609597.0,0.138,0.03,0.12063832026847152,0.010583740505574736
choque_05pct_temporario,temporario,0.95,0.050000000000000044,False,67,108,1,7652724.38733265,0.14039181650999813,0.030000000000000027,0.11859183719691781,0.007984885903803248
choque_05pct_temporario,temporario,0.95,0.050000000000000044,False,67,108,2,7798543.595592602,0.13522708141572493,0.02418362697756926,0.12052372678520605,0.004634758829242098
choque_05pct_temporario,temporario,0.95,0.050000000000000044,False,67,108,3,8040886.970484645,0.12396056022957515,0.026857167535801363,0.11195389893165422,0.005743224782402626
choque_05pct_temporario,temporario,0.95,0.050000000000000044,False,67,108,4,8353898.367464216,0.10895051213167273,0.030661408992612493,0.10392576793204017,0.007348702328343026
choque_05pct_temporario,temporario,0.95,0.050000000000000044,False,67,108,5,8663616.498168256,0.09311157606359406,0.04732125906838358,0.09457756078487205,0.010697432106860166
choque_05pct_temporario,temporario,0.95,0.050000000000000044,False,67,108,6,8867281.80292013,0.0856923587476675,0.06661993767338736,0.09408986102271102,0.011019677013364388
choque_05pct_temporario,temporario,0.95,0.050000000000000044,False,67,108,7,8938446.784919366,0.09157218480111537,0.09343913679222182,0.10117147002023201,0.015796225120112153
choque_05pct_temporario,temporario,0.95,0.050000000000000044,False,67,108,8,8967971.015150394,0.0998522166773187,0.10923134980187044,0.1193533707813308,0.012968580176509129
choque_05pct_temporario,temporario,0.95,0.050000000000000044,False,67,108,9,8879966.99895481,0.11539240516408557,0.11720553721784777,0.13722656851891327,0.007123749405821579
choque_05pct_temporario,temporario,0.95,0.050000000000000044,False,67,108,10,8708355.775699932,0.13076887647828456,0.10914519951413415,0.15922942897515122,-0.0011516259541267022
choque_05pct_temporario,temporario,0.95,0.050000000000000044,False,67,108,11,8614062.053475978,0.14011779420020254,0.09248655465368483,0.17238864968610004,-0.012933131950596847
choque_05pct_temporario,temporario,0.95,0.050000000000000044,False,67,108,12,8524360.623720564,0.14739616189842258,0.07048722790268691,0.18141092437961948,-0.02737578435829219
choque_05pct_temporario,temporario,0.95,0.050000000000000044,False,67,108,13,8653075.467014002,0.14153165662413417,0.048420060660768094,0.17772132440643276,-0.03781361488584054
choque_05pct_temporario,temporario,0.95,0.050000000000000044,False,67,108,14,9142844.571436023,0.11974866993389939,0.03174156887958035,0.15811660864558008,-0.03704493742868181
choque_05pct_temporario,temporario,0.95,0.050000000000000044,False,67,108,15,9832749.954122365,0.08524972900778252,0.027773780014867633,0.13398196719814212,-0.030339076693480845
choque_05pct_temporario,temporario,0.95,0.050000000000000044,False,67,108,16,10335723.323113624,0.05923398278822629,0.04612046873622844,0.11396790756954024,-0.019965586075142188
choque_05pct_temporario,temporario,0.95,0.050000000000000044,False,67,108,17,10707856.655345477,0.05126465215650278,0.09392027942337644,0.10468902867348141,-0.008011365598435193
choque_05pct_temporario,temporario,0.95,0.050000000000000044,False,67,108,18,10987307.314746305,0.05454921094835204,0.15602347246071235,0.11381827775318755,0.006851951433461864
choque_05pct_temporario,temporario,0.95,0.050000000000000044,False,67,108,19,11173956.670482632,0.06298238310846867,0.20861003178352444,0.1343505184076162,0.015658194569814727
choque_05pct_temporario,temporario,0.95,0.050000000000000044,False,67,108,20,11239622.27796121,0.07208992708715867,0.23813513129459984,0.15470445065446048,0.013476305648072895
choque_05pct_temporario,temporario,0.95,0.050000000000000044,False,67,108,21,11047707.76863303,0.08458097234634081,0.24430653647932976,0.1738082227057692,0.005217143182623992
choque_05pct_temporario,temporario,0.95,0.050000000000000044,False,67,108,22,10836973.241154788,0.0920928093318392,0.22550896034426526,0.19191875375176887,-0.010862296931781382
choque_05pct_temporario,temporario,0.95,0.050000000000000044,False,67,108,23,10669325.94247671,0.09758407275964635,0.19799051767688347,0.20036504288365098,-0.0259357164888955
choque_05pct_temporario,temporario,0.95,0.050000000000000044,False,67,108,24,10608097.428689394,0.09780338195024474,0.16309114438085537,0.20656796769915506,-0.04122592589977565
choque_05pct_temporario,temporario,0.95,0.050000000000000044,False,67,108,25,10804615.536344111,0.08755954496232468,0.13601849373885777,0.19869236327781997,-0.048749782823495506
choque_05pct_temporario,temporario,0.95,0.050000000000000044,False,68,109,0,7609597.0,0.138,0.03,0.12063832026847152,0.010583740505574736
choque_05pct_temporario,temporario,0.95,0.050000000000000044,False,68,109,1,7652724.38733265,0.14039181650999813,0.030000000000000027,0.11859183719691781,0.007984885903803248
choque_05pct_temporario,temporario,0.95,0.050000000000000044,False,68,109,2,7795564.207145303,0.13522708141572493,0.02418834528460323,0.12055536259422993,0.006009541766542328
choque_05pct_temporario,temporario,0.95,0.050000000000000044,False,68,109,3,8084124.505442788,0.12459673686515614,0.026850664392079837,0.11150158718514273,0.004540910103163122
choque_05pct_temporario,temporario,0.95,0.050000000000000044,False,68,109,4,8339610.36786887,0.11017589977930625,0.03039670273599726,0.10470412203118896,0.007572112323746219
choque_05pct_temporario,temporario,0.95,0.050000000000000044,False,68,109,5,8669404.207801659,0.09355927527636677,0.044997743498807585,0.09624112513123356,0.009045487351635139
choque_05pct_temporario,temporario,0.95,0.050000000000000044,False,68,109,6,8832949.085138911,0.0866935886185361,0.06512352785404474,0.09532239036367073,0.012560148764789227
choque_05pct_temporario,temporario,0.95,0.050000000000000044,False,68,109,7,8931788.907396352,0.09216386183430281,0.09046410991766662,0.10296454722729553,0.014766206555506922
choque_05pct_temporario,temporario,0.95,0.050000000000000044,False,68,109,8,8930121.958793616,0.10299626714907906,0.10657938045629645,0.12165582997561948,0.01023997229522551
choque_05pct_temporario,temporario,0.95,0.050000000000000044,False,68,109,9,8824519.172409039,0.11855947800181615,0.11322222224170608,0.14051032559711488,0.005735649893809547
choque_05pct_temporario,temporario,0.95,0.050000000000000044,False,68,109,10,8738230.409912555,0.12872124678969346,0.10468538462098942,0.15732576307559806,-0.001632605915405628
choque_05pct_temporario,temporario,0.95,0.050000000000000044,False,68,109,11,8663777.387423601,0.13408431640753402,0.09115437780634594,0.16649257987202742,-0.01268594203893439
choque_05pct_temporario,temporario,0.95,0.050000000000000044,False,68,109,12,8654645.431750549,0.13649673439106433,0.07208730607019498,0.1718962756130537,-0.022990443692807273
choque_05pct_temporario,temporario,0.95,0.050000000000000044,False,68,109,13,8803755.428276086,0.1293890357502806,0.05382516691853123,0.16848843909376732,-0.030722724919324824
choque_05pct_temporario,temporario,0.95,0.050000000000000044,False,68,109,14,9190484.986888174,0.11195000385169605,0.040992159852993426,0.15446166796724933,-0.028212413146278953
choque_05pct_temporario,temporario,0.95,0.050000000000000044,False,68,109,15,9815139.444384925,0.08279010187221546,0.039863948478457534,0.13371980604318223,-0.02486313771987227
choque_05pct_temporario,temporario,0.95,0.050000000000000044,False,68,109,16,10329015.985170962,0.05911596963891865,0.06173518265586719,0.11471723691543244,-0.014775298647605519
choque_05pct_temporario,temporario,0.95,0.050000000000000044,False,68,109,17,10762590.678433757,0.04936037293116201,0.10713171226456097,0.105697161747021,-0.00386229566269567
choque_05pct_temporario,temporario,0.95,0.050000000000000044,False,68,109,18,10987706.149593674,0.054405598114783654,0.16931974541627914,0.11371224401582933,0.012733936630676195
choque_05pct_temporario,temporario,0.95,0.050000000000000044,False,68,109,19,11128631.62980067,0.0696386796087768,0.21559245304783792,0.14105922509793153,0.01916014858502467
choque_05pct_temporario,temporario,0.95,0.050000000000000044,False,68,109,20,11132738.064707331,0.08102945616358645,0.23474587393453805,0.16678647493328672,0.013269369731000765
choque_05pct_temporario,temporario,0.95,0.050000000000000044,False,68,109,21,10745586.275919566,0.09802242949872746,0.23021704308169189,0.18798001354167315,-0.0022851011544317477
choque_05pct_temporario,temporario,0.95,0.050000000000000044,False,68,109,22,10495486.568321144,0.11086074211216879,0.20209732143819514,0.20789356982201274,-0.022717040585680023
choque_05pct_temporario,temporario,0.95,0.050000000000000044,False,68,109,23,10205774.958758324,0.1171422712244576,0.16575993091697883,0.2178375507445599,-0.04207620860713195
choque_05pct_temporario,temporario,0.95,0.050000000000000044,False,68,109,24,10495915.517994367,0.10138748721316115,0.12581109414954383,0.20684287825642025,-0.052733277397283375
choque_05pct_temporario,temporario,0.95,0.050000000000000044,False,68,109,25,10866484.845110245,0.078250776512815,0.10184795540415847,0.18638823710953834,-0.05477642734565399
choque_05pct_temporario,temporario,0.95,0.050000000000000044,False,69,110,0,7609597.0,0.138,0.03,0.12063832026847152,0.010583740505574736
choque_05pct_temporario,temporario,0.95,0.050000000000000044,False,69,110,1,7652724.38733265,0.14039181650999813,0.030000000000000027,0.11859183719691781,0.007984885903803248
choque_05pct_temporario,temporario,0.95,0.050000000000000044,False,69,110,2,7808005.83577837,0.1352271743258113,0.02417543691180768,0.12048629552242138,0.002645565424754922
choque_05pct_temporario,temporario,0.95,0.050000000000000044,False,69,110,3,8076202.453951858,0.12402598259044004,0.026865393308924235,0.11140889724019841,0.007622436129147782
choque_05pct_temporario,temporario,0.95,0.050000000000000044,False,69,110,4,8328828.854193888,0.1091288507026388,0.0305426236931734,0.10507568759882267,0.00598002081027474
choque_05pct_temporario,temporario,0.95,0.050000000000000044,False,69,110,5,8640967.28814503,0.0962873902793129,0.045726968654514755,0.09689857265840632,0.008043249063625945
choque_05pct_temporario,temporario,0.95,0.050000000000000044,False,69,110,6,8839275.981169915,0.08737186440395436,0.0641287846876768,0.09517998064460795,0.011548386732778748
choque_05pct_temporario,temporario,0.95,0.050000000000000044,False,69,110,7,9047654.320240391,0.08320813539541852,0.0894400556864241,0.0970382682672517,0.01694803319391543
choque_05pct_temporario,temporario,0.95,0.050000000000000044,False,69,110,8,9071706.692922665,0.09312467111153351,0.11234193394692182,0.10990937171228432,0.016399882811612494
choque_05pct_temporario,temporario,0.95,0.050000000000000044,False,69,110,9,8983064.846521076,0.10758546948930343,0.12436561346765473,0.13293697740414898,0.011930952047952295
choque_05pct_temporario,temporario,0.95,0.050000000000000044,False,69,110,10,8779460.309103666,0.12760434071165738,0.12209417535489342,0.1565890520727623,0.000988967334814942
choque_05pct_temporario,temporario,0.95,0.050000000000000044,False,69,110,11,8578579.48946245,0.14344484234254498,0.10594347763627088,0.1768011990700349,-0.014102039728351006
choque_05pct_temporario,temporario,0.95,0.050000000000000044,False,69,110,12,8488220.218759969,0.1504802144522426,0.08118601653560442,0.18616591764158436,-0.029388592013046104
choque_05pct_temporario,temporario,0.95,0.050000000000000044,False,69,110,13,8601222.979801638,0.14418401533689748,0.05450308072117682,0.1814802553695413,-0.03689201447744177
choque_05pct_temporario,temporario,0.95,0.050000000000000044,False,69,110,14,9159069.813166259,0.11658226673743306,0.0334565268323459,0.15936270220862064,-0.03484937679364034
choque_05pct_temporario,temporario,0.95,0.050000000000000044,False,69,110,15,9781283.161911134,0.08435001318760127,0.027755345301851975,0.1349597791711901,-0.0301611394120696
choque_05pct_temporario,temporario,0.95,0.050000000000000044,False,69,110,16,10268998.40042421,0.06356812225432613,0.046096332730726886,0.11733151323382165,-0.019397816956485365
choque_05pct_temporario,temporario,0.95,0.050000000000000044,False,69,110,17,10627346.840951625,0.05325644582165851,0.08720439965948645,0.11112157418748536,-0.00834469614952187
choque_05pct_temporario,temporario,0.95,0.050000000000000044,False,69,110,18,10893777.075517887,0.05809511529674032,0.1466189609354973,0.11608952324055685,0.0014818210583241347
choque_05pct_temporario,temporario,0.95,0.050000000000000044,False,69,110,19,11168258.386594977,0.06704521316862663,0.192886155191748,0.13773363083190276,0.014094155595986866
choque_05pct_temporario,temporario,0.95,0.050000000000000044,False,69,110,20,11228733.542864785,0.07042960365548476,0.22123591659909048,0.154438316261218,0.011599409337822792
choque_05pct_temporario,temporario,0.95,0.050000000000000044,False,69,110,21,11068905.226188302,0.07891242150356124,0.2313589658305022,0.16805956375847997,0.007340832077990305
choque_05pct_temporario,temporario,0.95,0.050000000000000044,False,69,110,22,10835120.12646554,0.09266819640469351,0.2224611419404623,0.18941510714438908,-0.0086198042754043
choque_05pct_temporario,temporario,0.95,0.050000000000000044,False,69,110,23,10669490.67872492,0.10099990644352916,0.19578123033044448,0.2055143213114124,-0.025551639557282072
choque_05pct_temporario,temporario,0.95,0.050000000000000044,False,69,110,24,10549462.055535391,0.10232130461601988,0.1652725873347265,0.20998525971789464,-0.0402898825177462
choque_05pct_temporario,temporario,0.95,0.050000000000000044,False,69,110,25,10798582.579588614,0.08853310118321418,0.13385277971557086,0.20109762534520395,-0.04993443927509061
choque_05pct_temporario,temporario,0.95,0.050000000000000044,False,70,111,0,7609597.0,0.138,0.03,0.12063832026847152,0.010583740505574736
choque_05pct_temporario,temporario,0.95,0.050000000000000044,False,70,111,1,7652724.38733265,0.14039181650999813,0.030000000000000027,0.11859183719691781,0.007984885903803248
choque_05pct_temporario,temporario,0.95,0.050000000000000044,False,70,111,2,7810558.145549158,0.13522708141572493,0.02416379221127296,0.1205771870152906,-0.0004998282809616247
choque_05pct_temporario,temporario,0.95,0.050000000000000044,False,70,111,3,8094292.032921445,0.12339508676856754,0.02693906039771976,0.11024539303697212,0.005744063310937772
choque_05pct_temporario,temporario,0.95,0.050000000000000044,False,70,111,4,8415242.424626948,0.10595908311296691,0.03088572155142888,0.1017948972497072,0.009076698661175513
choque_05pct_temporario,temporario,0.95,0.050000000000000044,False,70,111,5,8707898.738514708,0.09193828223266602,0.04727955834978137,0.09363916099467291,0.014167500686706042
choque_05pct_temporario,temporario,0.95,0.050000000000000044,False,70,111,6,8843631.542195713,0.08889857644015813,0.0682119345763128,0.09652203619412131,0.013027346269808159
choque_05pct_temporario,temporario,0.95,0.050000000000000044,False,70,111,7,8858125.049035981,0.09928782990446647,0.0930348032226831,0.10803296294481672,0.015128933747779426
choque_05pct_temporario,temporario,0.95,0.050000000000000044,False,70,111,8,8796458.21659191,0.11129708190904357,0.10570139913147836,0.12851617706167617,0.0072524858748386845
choque_05pct_temporario,temporario,0.95,0.050000000000000044,False,70,111,9,8754113.974169487,0.12248719006416481,0.1078789632428443,0.14281363913577344,0.004504311763341469
choque_05pct_temporario,temporario,0.95,0.050000000000000044,False,70,111,10,8641787.788442267,0.12905937634071526,0.09894064101744648,0.15694089698101862,-0.007948139839175425
choque_05pct_temporario,temporario,0.95,0.050000000000000044,False,70,111,11,8656338.022224948,0.1312541585130035,0.08197005732978968,0.163896062964417,-0.01767447848810338
choque_05pct_temporario,temporario,0.95,0.050000000000000044,False,70,111,12,8672825.52766466,0.13233282599183616,0.06615564962095477,0.16705768967570134,-0.02505981208370633
choque_05pct_temporario,temporario,0.95,0.050000000000000044,False,70,111,13,8938546.5068223,0.1221708681138674,0.04919761986394944,0.16103305949146016,-0.03154236209975792
choque_05pct_temporario,temporario,0.95,0.050000000000000044,False,70,111,14,9379583.868500544,0.10199276514995707,0.041743403950897484,0.14549481463898808,-0.02952010446588826
choque_05pct_temporario,temporario,0.95,0.050000000000000044,False,70,111,15,9916357.061876576,0.07711686342409516,0.04677367275022992,0.1281739093241387,-0.02232306575719037
choque_05pct_temporario,temporario,0.95,0.050000000000000044,False,70,111,16,10321816.987970978,0.06029761275934247,0.07313541041996974,0.11461444928817986,-0.013241478522102331
choque_05pct_temporario,temporario,0.95,0.050000000000000044,False,70,111,17,10689800.088216107,0.05468310694996197,0.1175369203286254,0.11085984584489161,-0.0006970071010921763
choque_05pct_temporario,temporario,0.95,0.050000000000000044,False,70,111,18,10976847.79968868,0.056475704525987144,0.17026532001614325,0.11972757071205113,0.012667999031104405
choque_05pct_temporario,temporario,0.95,0.050000000000000044,False,70,111,19,11124580.350853099,0.06585634027823538,0.21507294225616658,0.13809542527120602,0.014586048898094778
choque_05pct_temporario,temporario,0.95,0.050000000000000044,False,70,111,20,11056834.550536625,0.08042064278855134,0.23432758351501004,0.16238997219994397,0.011083051310146029
choque_05pct_temporario,temporario,0.95,0.050000000000000044,False,70,111,21,10897231.651774991,0.08940069141425014,0.22915853324680935,0.1828452752240688,0.0007974174433779811
choque_05pct_temporario,temporario,0.95,0.050000000000000044,False,70,111,22,10526582.950392548,0.10234217709555102,0.20805995002784483,0.19994590786312372,-0.016711922190778623
choque_05pct_temporario,temporario,0.95,0.050000000000000044,False,70,111,23,10391812.688802619,0.1093576630034827,0.17344547010074995,0.21225388546678695,-0.03721765898304375
choque_05pct_temporario,temporario,0.95,0.050000000000000044,False,70,111,24,10386607.11402126,0.10429255677546602,0.1393410499040344,0.21113253174557248,-0.05170634599418429
choque_05pct_temporario,temporario,0.95,0.050000000000000044,False,70,111,25,10841024.158874929,0.08273989136371507,0.10950386271276957,0.1934459650387693,-0.05481755921840162
choque_05pct_temporario,temporario,0.95,0.050000000000000044,False,71,112,0,7609597.0,0.138,0.03,0.12063832026847152,0.010583740505574736
choque_05pct_temporario,temporario,0.95,0.050000000000000044,False,71,112,1,7652724.38733265,0.14039181650999813,0.030000000000000027,0.11859183719691781,0.007984885903803248
choque_05pct_temporario,temporario,0.95,0.050000000000000044,False,71,112,2,7805611.452779818,0.13522708141572493,0.02418121984506083,0.12046544943382044,0.004319352369148146
choque_05pct_temporario,temporario,0.95,0.050000000000000044,False,71,112,3,8047260.082707708,0.1251054153332465,0.026885194440390503,0.1121243346618294,0.008478895790693221
choque_05pct_temporario,temporario,0.95,0.050000000000000044,False,71,112,4,8333472.804163698,0.11111636507355624,0.03011629428964957,0.10642870105332793,0.009084732858890353
choque_05pct_temporario,temporario,0.95,0.050000000000000044,False,71,112,5,8519652.116863566,0.09973760656296937,0.044386419136065,0.10101653271429205,0.009295110263511753
choque_05pct_temporario,temporario,0.95,0.050000000000000044,False,71,112,6,8728860.69577257,0.09654450868363834,0.0600397193633464,0.10192946166918815,0.010065142962936301
choque_05pct_temporario,temporario,0.95,0.050000000000000044,False,71,112,7,8859595.020053254,0.09594826292735588,0.0799538088491707,0.1075583253232022,0.011082621641428295
choque_05pct_temporario,temporario,0.95,0.050000000000000044,False,71,112,8,8903835.1609063,0.10240090087240596,0.09446075752319327,0.11923865002151929,0.009065451714642571
choque_05pct_temporario,temporario,0.95,0.050000000000000044,False,71,112,9,8891828.380966147,0.11298506780903712,0.10277431691297667,0.13437423009816704,0.005325114745718794
choque_05pct_temporario,temporario,0.95,0.050000000000000044,False,71,112,10,8758526.895096352,0.12417475381513772,0.09960666714329225,0.1521374976490539,-0.0036966109225443954
choque_05pct_temporario,temporario,0.95,0.050000000000000044,False,71,112,11,8751114.794244315,0.12880748287485946,0.08938792107747862,0.16148919540991308,-0.012782694054249708
choque_05pct_temporario,temporario,0.95,0.050000000000000044,False,71,112,12,8764720.991196213,0.13045929699411574,0.07530442076281241,0.1657504245484884,-0.02151143523269588
choque_05pct_temporario,temporario,0.95,0.050000000000000044,False,71,112,13,8936241.487314668,0.12330108157698269,0.06096404998200278,0.16239273547423436,-0.025169976472559915
choque_05pct_temporario,temporario,0.95,0.050000000000000044,False,71,112,14,9276710.756808268,0.10621366711227773,0.051218187914119584,0.1509982284550474,-0.02472482576100737
choque_05pct_temporario,temporario,0.95,0.050000000000000044,False,71,112,15,9790851.536094412,0.08189701948953534,0.05194676635528972,0.13397670484760668,-0.021391155250257237
choque_05pct_temporario,temporario,0.95,0.050000000000000044,False,71,112,16,10300307.119876705,0.06296220258467777,0.07064906394001547,0.11860278931455814,-0.013792196501927246
choque_05pct_temporario,temporario,0.95,0.050000000000000044,False,71,112,17,10676719.993307639,0.05184146937721999,0.11082869001505968,0.11117727559833684,-0.0031494514665804823
choque_05pct_temporario,temporario,0.95,0.050000000000000044,False,71,112,18,11027327.082078079,0.0534739004439596,0.16596641557842795,0.11387476793990446,0.012241002515262956
choque_05pct_temporario,temporario,0.95,0.050000000000000044,False,71,112,19,11150012.085757142,0.06534265603220295,0.21370222613039358,0.1365520089519251,0.016599182211134145
choque_05pct_temporario,temporario,0.95,0.050000000000000044,False,71,112,20,11075367.537333826,0.08291298671178825,0.23584857234346912,0.16539995735248839,0.013269666710387686
choque_05pct_temporario,temporario,0.95,0.050000000000000044,False,71,112,21,10831599.639523659,0.09700059160658325,0.22895774055550677,0.18908602131332855,-0.0028790749707654235
choque_05pct_temporario,temporario,0.95,0.050000000000000044,False,71,112,22,10488266.593099523,0.10749074878474014,0.20321014249317182,0.2049355451809096,-0.02064942435877826
choque_05pct_temporario,temporario,0.95,0.050000000000000044,False,71,112,23,10360158.386042126,0.11095024591072915,0.16615258836879154,0.21175540518678437,-0.03872376424680815
choque_05pct_temporario,temporario,0.95,0.050000000000000044,False,71,112,24,10455946.499266785,0.1011870634423228,0.1308336240222867,0.20658385384109904,-0.050945323434565974
choque_05pct_temporario,temporario,0.95,0.050000000000000044,False,71,112,25,11025958.954874953,0.07715506639456095,0.10590698247498698,0.18587994063221677,-0.0566132999243007
choque_05pct_temporario,temporario,0.95,0.050000000000000044,False,72,113,0,7609597.0,0.138,0.03,0.12063832026847152,0.010583740505574736
choque_05pct_temporario,temporario,0.95,0.050000000000000044,False,72,113,1,7652724.38733265,0.14039181650999813,0.030000000000000027,0.11859183719691781,0.007984885903803248
choque_05pct_temporario,temporario,0.95,0.050000000000000044,False,72,113,2,7794028.0849892935,0.13522708141572493,0.024178506740961447,0.12052591699044952,0.0034360613904552326
choque_05pct_temporario,temporario,0.95,0.050000000000000044,False,72,113,3,8057296.142543379,0.124924758241077,0.026850035628960045,0.1110388691167739,0.0042623634323819826
choque_05pct_temporario,temporario,0.95,0.050000000000000044,False,72,113,4,8431196.382067263,0.10579124766058694,0.030229701823787147,0.10201324763371468,0.007982660159781696
choque_05pct_temporario,temporario,0.95,0.050000000000000044,False,72,113,5,8662628.847154863,0.09074392641994608,0.04805686902387807,0.09276672945795988,0.01405396515638585
choque_05pct_temporario,temporario,0.95,0.050000000000000044,False,72,113,6,8862182.441811854,0.0859189797072884,0.06895724897396827,0.09443131008637952,0.013049519725038695
choque_05pct_temporario,temporario,0.95,0.050000000000000044,False,72,113,7,8887625.387625458,0.09496118597400774,0.0960664532297939,0.10483399086236934,0.01226148355691537
choque_05pct_temporario,temporario,0.95,0.050000000000000044,False,72,113,8,8888803.567703858,0.10762390507275837,0.1095688674198263,0.12499489554144505,0.010161753868130749
choque_05pct_temporario,temporario,0.95,0.050000000000000044,False,72,113,9,8765682.736431964,0.1201789984412741,0.11472439306028615,0.14204661917030398,0.005477816095075327
choque_05pct_temporario,temporario,0.95,0.050000000000000044,False,72,113,10,8702355.928233465,0.12792831229437446,0.10423931972495648,0.1571164066900683,-0.0018731899243425562
choque_05pct_temporario,temporario,0.95,0.050000000000000044,False,72,113,11,8530909.486241939,0.1391169290032318,0.08960454467967094,0.16954581927980872,-0.01619148428954772
choque_05pct_temporario,temporario,0.95,0.050000000000000044,False,72,113,12,8633837.410816614,0.13678157897831444,0.06583681767023375,0.1737073851526877,-0.025955495043337336
choque_05pct_temporario,temporario,0.95,0.050000000000000044,False,72,113,13,8814017.7179102,0.1277978945602481,0.04880602086536823,0.16532290189069113,-0.03253693426227236
choque_05pct_temporario,temporario,0.95,0.050000000000000044,False,72,113,14,9374242.713590197,0.105529023694871,0.036289883248109556,0.1480328864337064,-0.028438842105290924
choque_05pct_temporario,temporario,0.95,0.050000000000000044,False,72,113,15,9822448.402559482,0.08017499967781536,0.040226542898765816,0.13034337020358974,-0.02291898423522068
choque_05pct_temporario,temporario,0.95,0.050000000000000044,False,72,113,16,10277822.411983946,0.060785247547071,0.06285829712742119,0.11612079204743977,-0.01430468718799286
choque_05pct_temporario,temporario,0.95,0.050000000000000044,False,72,113,17,10686940.801178893,0.05373208823801,0.1083342314190665,0.10916673440662261,-0.0007644507104160086
choque_05pct_temporario,temporario,0.95,0.050000000000000044,False,72,113,18,10931884.484740451,0.05684449066218284,0.1640161730739853,0.11880742206269489,0.008005034731111757
choque_05pct_temporario,temporario,0.95,0.050000000000000044,False,72,113,19,11133059.606970513,0.06659792287618424,0.2103964638432867,0.1376418606354277,0.013552682130188351
choque_05pct_temporario,temporario,0.95,0.050000000000000044,False,72,113,20,11099577.667824283,0.07613221210691165,0.23167533589600198,0.15988293235363826,0.013639742181570427
choque_05pct_temporario,temporario,0.95,0.050000000000000044,False,72,113,21,10981506.96426312,0.08374620844123586,0.23124070738840574,0.1762665168125658,0.0022712271805136676
choque_05pct_temporario,temporario,0.95,0.050000000000000044,False,72,113,22,10674392.435848657,0.10019864654610541,0.21344935962632006,0.19584748402731708,-0.013993633834594461
choque_05pct_temporario,temporario,0.95,0.050000000000000044,False,72,113,23,10482954.17736305,0.11128257752673751,0.18143506365020157,0.21342787971085522,-0.03526053097422558
choque_05pct_temporario,temporario,0.95,0.050000000000000044,False,72,113,24,10413729.170397628,0.10964410645034056,0.1439782587449827,0.21506641803389187,-0.048846203694030046
choque_05pct_temporario,temporario,0.95,0.050000000000000044,False,72,113,25,10793288.226701329,0.08607487963522424,0.11409338707374794,0.19730573384794436,-0.05380326015964724
choque_05pct_temporario,temporario,0.95,0.050000000000000044,False,73,114,0,7609597.0,0.138,0.03,0.12063832026847152,0.010583740505574736
choque_05pct_temporario,temporario,0.95,0.050000000000000044,False,73,114,1,7652724.38733265,0.14039181650999813,0.030000000000000027,0.11859183719691781,0.007984885903803248
choque_05pct_temporario,temporario,0.95,0.050000000000000044,False,73,114,2,7803938.248452482,0.13522708141572493,0.024171205035228738,0.1204696728912532,0.0017659017151863054
choque_05pct_temporario,temporario,0.95,0.050000000000000044,False,73,114,3,8070055.354512611,0.12383237140664796,0.0268923827646963,0.11082135458963349,0.006516168638564196
choque_05pct_temporario,temporario,0.95,0.050000000000000044,False,73,114,4,8409588.05069833,0.10686605374964518,0.030661257405107945,0.10296330418664272,0.009073684120354806
choque_05pct_temporario,temporario,0.95,0.050000000000000044,False,73,114,5,8644551.936063418,0.09418064867019814,0.04764619838249007,0.09525711894293934,0.010840625843330572
choque_05pct_temporario,temporario,0.95,0.050000000000000044,False,73,114,6,8806024.433697302,0.08930863622662538,0.06633024418345035,0.09770748405040698,0.01534756356355924
choque_05pct_temporario,temporario,0.95,0.050000000000000044,False,73,114,7,8854930.781666704,0.0978531632906024,0.0899189898028725,0.10773794427817412,0.015788809488433794
choque_05pct_temporario,temporario,0.95,0.050000000000000044,False,73,114,8,8801794.734799065,0.11233914833128485,0.10217031801358889,0.12914714633865346,0.009821633195650431
choque_05pct_temporario,temporario,0.95,0.050000000000000044,False,73,114,9,8688085.556324359,0.1273203146602236,0.10363315211905766,0.1485973860979123,-0.0004233125926852247
choque_05pct_temporario,temporario,0.95,0.050000000000000044,False,73,114,10,8562586.456107937,0.1377781754772873,0.09296752248513962,0.16343619024293193,-0.009342766962887893
choque_05pct_temporario,temporario,0.95,0.050000000000000044,False,73,114,11,8620391.492861886,0.13599691042784431,0.07538925895232573,0.16635228588938406,-0.019033796783949213
choque_05pct_temporario,temporario,0.95,0.050000000000000044,False,73,114,12,8770424.42724497,0.1266918515505506,0.05968696416863506,0.16064525027707444,-0.024913488568632337
choque_05pct_temporario,temporario,0.95,0.050000000000000044,False,73,114,13,9158331.92955453,0.10855753429808977,0.046549424624559466,0.1485089113482216,-0.025066901630061405
choque_05pct_temporario,temporario,0.95,0.050000000000000044,False,73,114,14,9587900.684107918,0.0884544005377393,0.04678392062126857,0.1335523797212966,-0.02307073481826905
choque_05pct_temporario,temporario,0.95,0.050000000000000044,False,73,114,15,10029151.690285398,0.07109522883113645,0.060443251449049384,0.12181046520736652,-0.01189364126730071
choque_05pct_temporario,temporario,0.95,0.050000000000000044,False,73,114,16,10425295.453707231,0.0609877786613286,0.09310102457703806,0.11527807855015414,-0.0058234235896548105
choque_05pct_temporario,temporario,0.95,0.050000000000000044,False,73,114,17,10551042.136904191,0.0638639550454561,0.13827490815721588,0.12139840238760112,0.00033134984250187625
choque_05pct_temporario,temporario,0.95,0.050000000000000044,False,73,114,18,10744463.67856425,0.07037088592612131,0.17523735223401027,0.13783532661354025,0.005052754449837496
choque_05pct_temporario,temporario,0.95,0.050000000000000044,False,73,114,19,10860728.95136546,0.0754788878518956,0.1986394819999895,0.1513656168773678,0.004061773409831732
choque_05pct_temporario,temporario,0.95,0.050000000000000044,False,73,114,20,10777606.3557162,0.08009227149280602,0.20524318487182547,0.1653670084761958,-0.0003287618880736146
choque_05pct_temporario,temporario,0.95,0.050000000000000044,False,73,114,21,10706920.599121666,0.08561498239744922,0.2011834413712683,0.17695224493999112,-0.010898983648971633
choque_05pct_temporario,temporario,0.95,0.050000000000000044,False,73,114,22,10639470.32925651,0.09289763646672253,0.18434059704767658,0.18872952816764063,-0.021335526356936824
choque_05pct_temporario,temporario,0.95,0.050000000000000044,False,73,114,23,10623455.64233679,0.09293920389841688,0.16266817059119143,0.1957526816297192,-0.0313425504331013
choque_05pct_temporario,temporario,0.95,0.050000000000000044,False,73,114,24,10825400.554169916,0.08206600607866432,0.14186349773978413,0.1898072488192969,-0.039554838408503115
choque_05pct_temporario,temporario,0.95,0.050000000000000044,False,73,114,25,11386239.873596149,0.05950410193697909,0.13310161890696204,0.17087747225662134,-0.03572671745891165
choque_05pct_temporario,temporario,0.95,0.050000000000000044,False,74,115,0,7609597.0,0.138,0.03,0.12063832026847152,0.010583740505574736
choque_05pct_temporario,temporario,0.95,0.050000000000000044,False,74,115,1,7652724.38733265,0.14039181650999813,0.030000000000000027,0.11859183719691781,0.007984885903803248
choque_05pct_temporario,temporario,0.95,0.050000000000000044,False,74,115,2,7797854.872602894,0.13522708141572493,0.024176415315312783,0.120507620870698,0.0031333612775650693
choque_05pct_temporario,temporario,0.95,0.050000000000000044,False,74,115,3,8061191.37312812,0.1241742778079178,0.026871773875818405,0.11103835258707462,0.0055315949819529815
choque_05pct_temporario,temporario,0.95,0.050000000000000044,False,74,115,4,8442460.281722438,0.10644855078835286,0.030210368559190792,0.1020538858139113,0.00654447535495347
choque_05pct_temporario,temporario,0.95,0.050000000000000044,False,74,115,5,8661313.165532729,0.09213842267482096,0.04758448259381298,0.09459140537997374,0.009805657224849027
choque_05pct_temporario,temporario,0.95,0.050000000000000044,False,74,115,6,8830605.588986602,0.08781510170769638,0.06786143921539223,0.09578113856430014,0.01048316951144018
choque_05pct_temporario,temporario,0.95,0.050000000000000044,False,74,115,7,8949166.372414129,0.09231521130789963,0.09319535208135399,0.10371326796128989,0.016745553772609716
choque_05pct_temporario,temporario,0.95,0.050000000000000044,False,74,115,8,8916997.53725859,0.10480306752519145,0.1086824929247967,0.12181562603912591,0.013501613212153745
choque_05pct_temporario,temporario,0.95,0.050000000000000044,False,74,115,9,8819754.999101877,0.11620776809391935,0.11434661032031124,0.1412982468146328,0.007538129782549402
choque_05pct_temporario,temporario,0.95,0.050000000000000044,False,74,115,10,8655310.511002986,0.13271123671555093,0.10736544834922235,0.15991338689667842,-0.005586173926038416
choque_05pct_temporario,temporario,0.95,0.050000000000000044,False,74,115,11,8533990.369028434,0.14274198813520442,0.08962575345642665,0.1743111729165451,-0.013935597752641386
choque_05pct_temporario,temporario,0.95,0.050000000000000044,False,74,115,12,8606771.089038853,0.140675996836352,0.06723063477229974,0.17539575945255426,-0.026204995116755524
choque_05pct_temporario,temporario,0.95,0.050000000000000044,False,74,115,13,8784741.56616213,0.12979066667632388,0.04649070751518014,0.16859940262047457,-0.03353173819429211
choque_05pct_temporario,temporario,0.95,0.050000000000000044,False,74,115,14,9238508.0007992,0.10866597921160222,0.03556200125066944,0.1508900869444379,-0.034048290927544224
choque_05pct_temporario,temporario,0.95,0.050000000000000044,False,74,115,15,9936686.949338628,0.07762613713485185,0.03683952177929761,0.12832372035629197,-0.026382794074621435
choque_05pct_temporario,temporario,0.95,0.050000000000000044,False,74,115,16,10365313.298566204,0.056059920485439334,0.0629863229715395,0.11066444588723014,-0.014995040782432611
choque_05pct_temporario,temporario,0.95,0.050000000000000044,False,74,115,17,10756705.86606566,0.05016719400028925,0.11324508313968362,0.10444535874775768,-0.0020672943433059435
choque_05pct_temporario,temporario,0.95,0.050000000000000044,False,74,115,18,11025673.452375256,0.05789409685080629,0.1748830580171985,0.11650304042906433,0.013607970416090815
choque_05pct_temporario,temporario,0.95,0.050000000000000044,False,74,115,19,11150659.261398857,0.06678994794642386,0.21759756765559213,0.14239076591021532,0.014742277776874953
choque_05pct_temporario,temporario,0.95,0.050000000000000044,False,74,115,20,11160608.152231144,0.07379026044358357,0.23919935949663174,0.15860186888157005,0.015719079483670746
choque_05pct_temporario,temporario,0.95,0.050000000000000044,False,74,115,21,10904635.384762159,0.08800143421491446,0.23841429443434703,0.17819172266569652,0.004678122519897495
choque_05pct_temporario,temporario,0.95,0.050000000000000044,False,74,115,22,10601376.707383161,0.1026334081733847,0.2163388216245523,0.2013359225498133,-0.015072367999203869
choque_05pct_temporario,temporario,0.95,0.050000000000000044,False,74,115,23,10430172.855375089,0.10804201167127464,0.18257208525935797,0.2115158424653939,-0.03388607009704603
choque_05pct_temporario,temporario,0.95,0.050000000000000044,False,74,115,24,10406735.393881107,0.10275368711515888,0.14518623310088086,0.21040858176707838,-0.04996425197110117
choque_05pct_temporario,temporario,0.95,0.050000000000000044,False,74,115,25,10793794.440872476,0.08230801021233343,0.11582165683108125,0.19394436851195807,-0.05750636821517649
choque_05pct_temporario,temporario,0.95,0.050000000000000044,False,75,116,0,7609597.0,0.138,0.03,0.12063832026847152,0.010583740505574736
choque_05pct_temporario,temporario,0.95,0.050000000000000044,False,75,116,1,7652724.579038038,0.14039189608182145,0.030000000000000027,0.11859185275440487,0.007984881356440793
choque_05pct_temporario,temporario,0.95,0.050000000000000044,False,75,116,2,7809324.871989589,0.1352271750006601,0.024175229326598213,0.12054642987694983,0.0028991851980060416
choque_05pct_temporario,temporario,0.95,0.050000000000000044,False,75,116,3,8045676.713770765,0.12456320144846394,0.026917137836538263,0.11166952037492268,0.006524233783878088
choque_05pct_temporario,temporario,0.95,0.050000000000000044,False,75,116,4,8367882.365678304,0.10899340955611103,0.030356887595798687,0.10424698838332234,0.006556670900162653
choque_05pct_temporario,temporario,0.95,0.050000000000000044,False,75,116,5,8630431.831867404,0.09435181813192814,0.0459639074153928,0.09585800432957241,0.010445325853876777
choque_05pct_temporario,temporario,0.95,0.050000000000000044,False,75,116,6,8849672.918756299,0.08733255904753097,0.06520477732678498,0.09447704491859281,0.012631679588666948
choque_05pct_temporario,temporario,0.95,0.050000000000000044,False,75,116,7,8972013.942286,0.08791337499650463,0.09099074397220819,0.10002450017666772,0.01653899741321656
choque_05pct_temporario,temporario,0.95,0.050000000000000044,False,75,116,8,8967678.725185715,0.0970074667089285,0.11126038837882057,0.11568395336030238,0.012765145967731286
choque_05pct_temporario,temporario,0.95,0.050000000000000044,False,75,116,9,8895673.85760865,0.11221959535688017,0.12054117625316363,0.13507091944017569,0.012136065473460295
choque_05pct_temporario,temporario,0.95,0.050000000000000044,False,75,116,10,8774770.970987583,0.12461302862194784,0.11515468519968097,0.1551104528059751,-0.0004832923635482347
choque_05pct_temporario,temporario,0.95,0.050000000000000044,False,75,116,11,8642111.40572444,0.13567706893923767,0.10051305768223395,0.16878489900559834,-0.011172751511184492
choque_05pct_temporario,temporario,0.95,0.050000000000000044,False,75,116,12,8613987.915133424,0.13758939659999161,0.07968690704414128,0.17530408762564395,-0.022492517683670565
choque_05pct_temporario,temporario,0.95,0.050000000000000044,False,75,116,13,8776254.045110295,0.12990352535040056,0.058797236320252244,0.17068188089237746,-0.030930492517811495
choque_05pct_temporario,temporario,0.95,0.050000000000000044,False,75,116,14,9128636.69011115,0.11396526357283346,0.04413907454382371,0.1574057868842764,-0.03361158512947832
choque_05pct_temporario,temporario,0.95,0.050000000000000044,False,75,116,15,9703925.47168677,0.08880326687414701,0.0398972737757044,0.1387391822655585,-0.025106525776912712
choque_05pct_temporario,temporario,0.95,0.050000000000000044,False,75,116,16,10185107.863886986,0.06387508528618434,0.054362824197577986,0.12102859852025025,-0.015198160161554428
choque_05pct_temporario,temporario,0.95,0.050000000000000044,False,75,116,17,10652175.763094718,0.052713364493257864,0.09434300730219314,0.1098027584091351,-0.003929999913433119
choque_05pct_temporario,temporario,0.95,0.050000000000000044,False,75,116,18,10801708.301888552,0.05917671518296447,0.1505039271906825,0.11786362620033462,0.007301705644131644
choque_05pct_temporario,temporario,0.95,0.050000000000000044,False,75,116,19,10948951.839914212,0.06944850914274539,0.19438073893565022,0.14316102772162626,0.008837623015549469
choque_05pct_temporario,temporario,0.95,0.050000000000000044,False,75,116,20,11084718.399358468,0.07318828027449727,0.21718085658532837,0.15704532765728282,0.010020708965898288
choque_05pct_temporario,temporario,0.95,0.050000000000000044,False,75,116,21,11083672.44625425,0.07422102913029445,0.22308319913533903,0.16505680961093575,0.004224074693725361
choque_05pct_temporario,temporario,0.95,0.050000000000000044,False,75,116,22,10929415.448904723,0.08359152073405371,0.21729953229244736,0.1789109988962019,-0.004325312745195446
choque_05pct_temporario,temporario,0.95,0.050000000000000044,False,75,116,23,10826211.791197238,0.09299623488040612,0.19937752407673415,0.19574248688085752,-0.022506071629871175
choque_05pct_temporario,temporario,0.95,0.050000000000000044,False,75,116,24,10776948.916857045,0.09318574205338126,0.17461501226033094,0.20189678466387104,-0.03193265789727407
choque_05pct_temporario,temporario,0.95,0.050000000000000044,False,75,116,25,10925306.6474371,0.08202560550844579,0.1501352585582323,0.19637013072922865,-0.04258720902240671
choque_05pct_temporario,temporario,0.95,0.050000000000000044,False,76,117,0,7609597.0,0.138,0.03,0.12063832026847152,0.010583740505574736
choque_05pct_temporario,temporario,0.95,0.050000000000000044,False,76,117,1,7652724.38733265,0.14039181650999813,0.030000000000000027,0.11859183719691781,0.007984885903803248
choque_05pct_temporario,temporario,0.95,0.050000000000000044,False,76,117,2,7805488.027980565,0.13522708141572493,0.02419449839717136,0.12056463140978832,0.007207996900182124
choque_05pct_temporario,temporario,0.95,0.050000000000000044,False,76,117,3,8009778.56014661,0.12590529462287176,0.02682565191731734,0.11343135952449074,0.006287645245984479
choque_05pct_temporario,temporario,0.95,0.050000000000000044,False,76,117,4,8329320.709956502,0.11228174128418944,0.029758649407786386,0.10680573339598308,0.0067387783354811185
choque_05pct_temporario,temporario,0.95,0.050000000000000044,False,76,117,5,8664975.6751563,0.09766466256513835,0.043030675319264855,0.09934916483175099,0.008875988048927329
choque_05pct_temporario,temporario,0.95,0.050000000000000044,False,76,117,6,8747269.826759566,0.09314637461970368,0.060997493793117474,0.10107667719856475,0.010640443943032093
choque_05pct_temporario,temporario,0.95,0.050000000000000044,False,76,117,7,8774801.23644114,0.10303996926554698,0.08177985746946081,0.11149750724795017,0.009467750132573616
choque_05pct_temporario,temporario,0.95,0.050000000000000044,False,76,117,8,8763388.94428337,0.11481887252707851,0.09248231848912547,0.12975986960585392,0.006708959752662677
choque_05pct_temporario,temporario,0.95,0.050000000000000044,False,76,117,9,8761660.999305427,0.11912626180738853,0.09525494290327674,0.14113225566351317,0.003238889218651933
choque_05pct_temporario,temporario,0.95,0.050000000000000044,False,76,117,10,8710119.351455921,0.12487417280182157,0.08839201084702664,0.1519508442373268,-0.0066996458621783545
choque_05pct_temporario,temporario,0.95,0.050000000000000044,False,76,117,11,8692344.256247703,0.12929680650959519,0.07903803521902386,0.15971989143532098,-0.015937870883809994
choque_05pct_temporario,temporario,0.95,0.050000000000000044,False,76,117,12,8862156.45144359,0.12225393317968002,0.06558918817178028,0.15848972720918553,-0.021788351666364975
choque_05pct_temporario,temporario,0.95,0.050000000000000044,False,76,117,13,9156865.750171944,0.1086849748736466,0.057893856898594276,0.1479278245223459,-0.02199433462249127
choque_05pct_temporario,temporario,0.95,0.050000000000000044,False,76,117,14,9592421.180021236,0.08978910372893187,0.05515432994387259,0.1360250331861708,-0.01775272425566965
choque_05pct_temporario,temporario,0.95,0.050000000000000044,False,76,117,15,9973219.280632773,0.06907990868506496,0.06998026481020947,0.12258462925132473,-0.011660910500657583
choque_05pct_temporario,temporario,0.95,0.050000000000000044,False,76,117,16,10437310.10156595,0.05627070046572392,0.10108964882547777,0.11238806574491784,-0.002098124192064821
choque_05pct_temporario,temporario,0.95,0.050000000000000044,False,76,117,17,10699101.760159636,0.0548194813037737,0.14958919792762337,0.1134092485461079,0.008408185795284805
choque_05pct_temporario,temporario,0.95,0.050000000000000044,False,76,117,18,10878501.944478031,0.06561716026699582,0.19621110821312815,0.13039019938030583,0.015091064913312531
choque_05pct_temporario,temporario,0.95,0.050000000000000044,False,76,117,19,10883443.421421526,0.07700716838147496,0.22055489698929165,0.15676039330464395,0.009865654468348166
choque_05pct_temporario,temporario,0.95,0.050000000000000044,False,76,117,20,10748389.8204215,0.08979349090064204,0.22248438465211318,0.1748695316189696,0.0013022238116848414
choque_05pct_temporario,temporario,0.95,0.050000000000000044,False,76,117,21,10503220.571452249,0.09939591196835987,0.20413760421498028,0.192834892628499,-0.01105943859814054
choque_05pct_temporario,temporario,0.95,0.050000000000000044,False,76,117,22,10361433.238290094,0.1038029094946673,0.17618305952072388,0.2019123648430409,-0.029187300166611252
choque_05pct_temporario,temporario,0.95,0.050000000000000044,False,76,117,23,10339348.084470984,0.10381331108930283,0.14562810591462405,0.20364264892551348,-0.04294568669129848
choque_05pct_temporario,temporario,0.95,0.050000000000000044,False,76,117,24,10674561.59197398,0.0850803175050521,0.11735833389556616,0.1925473987126219,-0.04837775854574829
choque_05pct_temporario,temporario,0.95,0.050000000000000044,False,76,117,25,11412693.247824984,0.0556036228460868,0.10817113557824554,0.1657320285931025,-0.04418753746350978
choque_05pct_temporario,temporario,0.95,0.050000000000000044,False,77,118,0,7609597.0,0.138,0.03,0.12063832026847152,0.010583740505574736
choque_05pct_temporario,temporario,0.95,0.050000000000000044,False,77,118,1,7652724.38733265,0.14039181650999813,0.030000000000000027,0.11859183719691781,0.007984885903803248
choque_05pct_temporario,temporario,0.95,0.050000000000000044,False,77,118,2,7807863.249785816,0.13522708141572493,0.024176460803517985,0.12037272580961207,0.003178472297050573
choque_05pct_temporario,temporario,0.95,0.050000000000000044,False,77,118,3,8091459.477274288,0.12487881669289998,0.026871460126831614,0.11220438366202046,0.0025244830363842447
choque_05pct_temporario,temporario,0.95,0.050000000000000044,False,77,118,4,8350556.120635731,0.10942480308503862,0.03024228073029267,0.10534389169296642,0.00687273447880183
choque_05pct_temporario,temporario,0.95,0.050000000000000044,False,77,118,5,8592999.083191736,0.09652562299972237,0.045813493741516886,0.09786857225553754,0.008688523180686771
choque_05pct_temporario,temporario,0.95,0.050000000000000044,False,77,118,6,8800162.206845166,0.09083354170957053,0.06326905171104924,0.09817578271138759,0.011936236206226244
choque_05pct_temporario,temporario,0.95,0.050000000000000044,False,77,118,7,8873920.673429657,0.0934798770673138,0.08703502591389523,0.10537256822723644,0.013579128209898697
choque_05pct_temporario,temporario,0.95,0.050000000000000044,False,77,118,8,8885325.712591164,0.1045685515316226,0.1019915512727918,0.12144727897478808,0.01142189735252286
choque_05pct_temporario,temporario,0.95,0.050000000000000044,False,77,118,9,8799107.146699462,0.1164056917413103,0.1097782814334578,0.13929582031824367,0.003702413234655752
choque_05pct_temporario,temporario,0.95,0.050000000000000044,False,77,118,10,8721437.740618415,0.12794718051187268,0.10304772769663018,0.1548807034427969,-0.00487322102911964
choque_05pct_temporario,temporario,0.95,0.050000000000000044,False,77,118,11,8667255.66438296,0.13339349797543848,0.08993244768657171,0.16464388763612975,-0.01478278528049795
choque_05pct_temporario,temporario,0.95,0.050000000000000044,False,77,118,12,8723094.24144897,0.13026915128491873,0.07150556961986165,0.16647609435017513,-0.02209775531808273
choque_05pct_temporario,temporario,0.95,0.050000000000000044,False,77,118,13,8998292.54316154,0.11590513502483754,0.05630168552989634,0.15640608531026715,-0.027104543136559987
choque_05pct_temporario,temporario,0.95,0.050000000000000044,False,77,118,14,9492882.63623085,0.09448872195334423,0.04856899524650804,0.14006906760049945,-0.02227677429274483
choque_05pct_temporario,temporario,0.95,0.050000000000000044,False,77,118,15,9908970.844354507,0.07268629108227632,0.05783006955064307,0.12497406827309902,-0.017142058839033122
choque_05pct_temporario,temporario,0.95,0.050000000000000044,False,77,118,16,10385822.768956173,0.05746168923431547,0.0844747554898011,0.11348861795259788,-0.007421671301031325
choque_05pct_temporario,temporario,0.95,0.050000000000000044,False,77,118,17,10694914.522595676,0.05382970110118114,0.132584870363059,0.11163410640166642,0.0033202474015477665
choque_05pct_temporario,temporario,0.95,0.050000000000000044,False,77,118,18,10919872.315215662,0.0642562459211145,0.18210953893358184,0.12643986909712715,0.009630648145359372
choque_05pct_temporario,temporario,0.95,0.050000000000000044,False,77,118,19,10921873.892408967,0.07763177420638882,0.21313803927082198,0.15426957925724408,0.010431298168887231
choque_05pct_temporario,temporario,0.95,0.050000000000000044,False,77,118,20,10851873.16008352,0.08812881068676158,0.2183035356953842,0.172650965170137,0.003685811548689226
choque_05pct_temporario,temporario,0.95,0.050000000000000044,False,77,118,21,10573869.046108477,0.09711536192555215,0.20677328589388155,0.1887187405116309,-0.012859759444459223
choque_05pct_temporario,temporario,0.95,0.050000000000000044,False,77,118,22,10428131.290017134,0.10463868658938223,0.18083215714698841,0.19963207559158305,-0.026423384301734486
choque_05pct_temporario,temporario,0.95,0.050000000000000044,False,77,118,23,10380290.761989625,0.10118003894721128,0.15007805893287118,0.2036367672972169,-0.04343510062400503
choque_05pct_temporario,temporario,0.95,0.050000000000000044,False,77,118,24,10733991.847340066,0.08485124524814991,0.12356718996145011,0.1897543809077021,-0.050010664143144104
choque_05pct_temporario,temporario,0.95,0.050000000000000044,False,77,118,25,11446068.710045494,0.057114324321100245,0.11334415636514517,0.16680673621827374,-0.044278331893434726
choque_05pct_temporario,temporario,0.95,0.050000000000000044,False,78,119,0,7609597.0,0.138,0.03,0.12063832026847152,0.010583740505574736
choque_05pct_temporario,temporario,0.95,0.050000000000000044,False,78,119,1,7652724.38733265,0.14039181650999813,0.030000000000000027,0.11859183719691781,0.007984885903803248
choque_05pct_temporario,temporario,0.95,0.050000000000000044,False,78,119,2,7818223.5783487465,0.13522708141572493,0.02418105325900255,0.12030128955621903,0.004142972174128414
choque_05pct_temporario,temporario,0.95,0.050000000000000044,False,78,119,3,8006043.922971146,0.12757971749307523,0.02684099709088561,0.11337615789790098,0.00517831539825302
choque_05pct_temporario,temporario,0.95,0.050000000000000044,False,78,119,4,8343293.412392825,0.11064024740679089,0.029006504054563065,0.10570734694368063,0.005516497424441709
choque_05pct_temporario,temporario,0.95,0.050000000000000044,False,78,119,5,8659961.302208759,0.09260119826501026,0.04368842547391938,0.09477917524855385,0.01032884330652468
choque_05pct_temporario,temporario,0.95,0.050000000000000044,False,78,119,6,8925793.236376436,0.08245154280935431,0.06425576014314083,0.09108411686879174,0.012724789708609612
choque_05pct_temporario,temporario,0.95,0.050000000000000044,False,78,119,7,8996102.66004409,0.08724983965192572,0.09256958974925,0.09836520581844167,0.017579654020717855
choque_05pct_temporario,temporario,0.95,0.050000000000000044,False,78,119,8,8974960.217766318,0.10140808917165824,0.1124518754374133,0.11958734640163259,0.013853676508319476
choque_05pct_temporario,temporario,0.95,0.050000000000000044,False,78,119,9,8810194.63986732,0.12069437972392366,0.12117154155998233,0.1432687350258842,0.008085833250983651
choque_05pct_temporario,temporario,0.95,0.050000000000000044,False,78,119,10,8632664.53881942,0.13654267947167495,0.11229046776778073,0.1644185378266632,-0.004516363680328898
choque_05pct_temporario,temporario,0.95,0.050000000000000044,False,78,119,11,8511343.045411654,0.14559738324573368,0.09383762877957502,0.17639284667797006,-0.01604084897811678
choque_05pct_temporario,temporario,0.95,0.050000000000000044,False,78,119,12,8486312.077153677,0.1463507739801562,0.06815583012148152,0.1814147205295491,-0.02668655240582505
choque_05pct_temporario,temporario,0.95,0.050000000000000044,False,78,119,13,8714119.763214841,0.13564724840259562,0.0458631399009759,0.17266449117289667,-0.03367766242458465
choque_05pct_temporario,temporario,0.95,0.050000000000000044,False,78,119,14,9165004.265498454,0.1147503057165341,0.02963056166164768,0.15590195270193422,-0.035065737347326334
choque_05pct_temporario,temporario,0.95,0.050000000000000044,False,78,119,15,9827995.313482907,0.08608027524740046,0.028482470662306802,0.13334098178439094,-0.0264064203968417
choque_05pct_temporario,temporario,0.95,0.050000000000000044,False,78,119,16,10261510.50148082,0.06347572970431867,0.047625294607720914,0.11805913940698674,-0.019750312083811613
choque_05pct_temporario,temporario,0.95,0.050000000000000044,False,78,119,17,10573598.580051474,0.05781869880885254,0.09014932426136313,0.11140379238506512,-0.009696075844158675
choque_05pct_temporario,temporario,0.95,0.050000000000000044,False,78,119,18,10888889.154522244,0.05945214379912403,0.14127412632508385,0.12103288430044437,0.004360794249688077
choque_05pct_temporario,temporario,0.95,0.050000000000000044,False,78,119,19,11082339.421251392,0.06216121203608104,0.18799569071102185,0.1351144095084807,0.011797964743793988
choque_05pct_temporario,temporario,0.95,0.050000000000000044,False,78,119,20,11192294.09052018,0.0678647901556924,0.22064204556117128,0.14871568753982348,0.013934797932581549
choque_05pct_temporario,temporario,0.95,0.050000000000000044,False,78,119,21,11144136.35918097,0.07612654447989227,0.23504872023630985,0.1661516044378778,0.007021389664539566
choque_05pct_temporario,temporario,0.95,0.050000000000000044,False,78,119,22,10916840.887200072,0.08937033125705514,0.22842072586849227,0.18676562634884603,-0.005362827162957707
choque_05pct_temporario,temporario,0.95,0.050000000000000044,False,78,119,23,10684761.632527785,0.10092469456148356,0.20516281130380887,0.2048604861786598,-0.022633457236138792
choque_05pct_temporario,temporario,0.95,0.050000000000000044,False,78,119,24,10629849.377210801,0.09956786658295104,0.1716146414998707,0.20985142523123584,-0.03809593507591382
choque_05pct_temporario,temporario,0.95,0.050000000000000044,False,78,119,25,10801426.848156108,0.087726328758103,0.14230967081068857,0.20034779071824352,-0.047038642006717965
choque_05pct_temporario,temporario,0.95,0.050000000000000044,False,79,120,0,7609597.0,0.138,0.03,0.12063832026847152,0.010583740505574736
choque_05pct_temporario,temporario,0.95,0.050000000000000044,False,79,120,1,7652724.38733265,0.14039181650999813,0.030000000000000027,0.11859183719691781,0.007984885903803248
choque_05pct_temporario,temporario,0.95,0.050000000000000044,False,79,120,2,7796702.1299916925,0.13522708141572493,0.02417585326340732,0.12047117973595105,0.0025925013762329633
choque_05pct_temporario,temporario,0.95,0.050000000000000044,False,79,120,3,8100742.079409424,0.12461043311555883,0.026877128720985466,0.11109881516745244,0.0035559244002142183
choque_05pct_temporario,temporario,0.95,0.050000000000000044,False,79,120,4,8392772.191530926,0.10841617084417787,0.03035165877891166,0.10336816384288341,0.006367091397048251
choque_05pct_temporario,temporario,0.95,0.050000000000000044,False,79,120,5,8664308.78688659,0.09202582465690863,0.04696044039510272,0.09398451195205051,0.009463553283529711
choque_05pct_temporario,temporario,0.95,0.050000000000000044,False,79,120,6,8858865.334212054,0.08658121817982234,0.06716327074379258,0.09422541778354877,0.012881883644721264
choque_05pct_temporario,temporario,0.95,0.050000000000000044,False,79,120,7,8943361.345054675,0.09349477776166686,0.09253005790971591,0.10289689050502396,0.017039638396351506
choque_05pct_temporario,temporario,0.95,0.050000000000000044,False,79,120,8,8927947.34281745,0.10394852109956228,0.10811841191640026,0.12216169031214341,0.013090859647448362
choque_05pct_temporario,temporario,0.95,0.050000000000000044,False,79,120,9,8789935.838408465,0.12045533708892488,0.11396895283240482,0.14252878708309857,0.003144220349479137
choque_05pct_temporario,temporario,0.95,0.050000000000000044,False,79,120,10,8612246.534538954,0.138263356980568,0.10419597156608651,0.164143456819473,-0.007274984389564465
choque_05pct_temporario,temporario,0.95,0.050000000000000044,False,79,120,11,8505548.25253743,0.14635813253194813,0.08529337828093708,0.1770306610478435,-0.017541351287943572
choque_05pct_temporario,temporario,0.95,0.050000000000000044,False,79,120,12,8514308.05867347,0.14735365142643478,0.06238039049259636,0.17920655015030532,-0.029330073539700307
choque_05pct_temporario,temporario,0.95,0.050000000000000044,False,79,120,13,8749420.769921942,0.13256033183810267,0.04049292222671874,0.16960604797199572,-0.03564715779104558
choque_05pct_temporario,temporario,0.95,0.050000000000000044,False,79,120,14,9392021.68876394,0.10535874885216559,0.028895177301387687,0.146509781333786,-0.03405287145562496
choque_05pct_temporario,temporario,0.95,0.050000000000000044,False,79,120,15,9870184.517052049,0.07772682279578827,0.032532284999586825,0.12722578936342085,-0.023771428190171556
choque_05pct_temporario,temporario,0.95,0.050000000000000044,False,79,120,16,10405194.973714253,0.05812378913785979,0.058588921972017705,0.11149853798485167,-0.01488605291784093
choque_05pct_temporario,temporario,0.95,0.050000000000000044,False,79,120,17,10723686.794286717,0.051898557116618095,0.10926862969077478,0.10647375672261046,-0.0027250558214273455
choque_05pct_temporario,temporario,0.95,0.050000000000000044,False,79,120,18,11021401.42601507,0.05533053417771541,0.16920933394363158,0.11657203300930429,0.009489439695463432
choque_05pct_temporario,temporario,0.95,0.050000000000000044,False,79,120,19,11196313.154024165,0.06641640366317371,0.21796459480246066,0.1371492154768638,0.018743522739485815
choque_05pct_temporario,temporario,0.95,0.050000000000000044,False,79,120,20,11195351.522374839,0.07635792590851302,0.2389645208780835,0.16074957939884968,0.015305760373504186
choque_05pct_temporario,temporario,0.95,0.050000000000000044,False,79,120,21,10948739.603929339,0.08997682470036998,0.2377971120306197,0.18028667751861865,0.0031331816075802267
choque_05pct_temporario,temporario,0.95,0.050000000000000044,False,79,120,22,10559940.936189575,0.10725474658650654,0.21488003840151926,0.2041865291211545,-0.017797363289408445
choque_05pct_temporario,temporario,0.95,0.050000000000000044,False,79,120,23,10394975.575434407,0.11329203955577885,0.17811649385718553,0.21541038012826122,-0.035372999094868046
choque_05pct_temporario,temporario,0.95,0.050000000000000044,False,79,120,24,10376389.10620322,0.10880416651530211,0.13897863095427065,0.2135677128326304,-0.05407588278299033
choque_05pct_temporario,temporario,0.95,0.050000000000000044,False,79,120,25,10682965.107506672,0.09076319135170581,0.10724223355229268,0.19965134883927166,-0.05836726243660862
choque_05pct_temporario,temporario,0.95,0.050000000000000044,False,80,121,0,7609597.0,0.138,0.03,0.12063832026847152,0.010583740505574736
choque_05pct_temporario,temporario,0.95,0.050000000000000044,False,80,121,1,7652573.991429995,0.14039305416049105,0.030000000000000027,0.11859902041763505,0.00798271910238141
choque_05pct_temporario,temporario,0.95,0.050000000000000044,False,80,121,2,7804486.276482563,0.13523901142061226,0.02417850367126717,0.12052519454051844,0.003581230186057112
choque_05pct_temporario,temporario,0.95,0.050000000000000044,False,80,121,3,8047401.449201927,0.124111171294953,0.026885999758877288,0.11180929191007453,0.0076211013655126895
choque_05pct_temporario,temporario,0.95,0.050000000000000044,False,80,121,4,8325500.899528214,0.11035559337624637,0.030537710877676094,0.10549358135259178,0.007457463940241571
choque_05pct_temporario,temporario,0.95,0.050000000000000044,False,80,121,5,8590118.747582257,0.0970076043243737,0.046106272612459476,0.0972941164788015,0.009492930276755646
choque_05pct_temporario,temporario,0.95,0.050000000000000044,False,80,121,6,8829242.309099048,0.08791072243454938,0.06324773682017581,0.09591536472156136,0.01018513991504302
choque_05pct_temporario,temporario,0.95,0.050000000000000044,False,80,121,7,8980855.375408884,0.08679542507835769,0.08856798327821047,0.09887978333845898,0.01532627018554034
choque_05pct_temporario,temporario,0.95,0.050000000000000044,False,80,121,8,9042853.559713531,0.09367125064011807,0.10862672835675102,0.1126787459353693,0.012833796844218944
choque_05pct_temporario,temporario,0.95,0.050000000000000044,False,80,121,9,8908594.77045227,0.11186130047669672,0.12149801404588056,0.13369530620960604,0.009608466489912494
choque_05pct_temporario,temporario,0.95,0.050000000000000044,False,80,121,10,8800797.13932732,0.1269590772782615,0.11633756480573232,0.15600668274520915,-9.754805162934818e-05
choque_05pct_temporario,temporario,0.95,0.050000000000000044,False,80,121,11,8625363.34861347,0.13806453778821187,0.10066358601100345,0.17109408287950256,-0.011272998197965385
choque_05pct_temporario,temporario,0.95,0.050000000000000044,False,80,121,12,8624143.886342622,0.14046000346162207,0.07786873041808473,0.17753263627065527,-0.025312877367368068
choque_05pct_temporario,temporario,0.95,0.050000000000000044,False,80,121,13,8761359.96629705,0.1351234984531054,0.05586261314259877,0.17368234199369983,-0.033194120325542524
choque_05pct_temporario,temporario,0.95,0.050000000000000044,False,80,121,14,9077474.081322271,0.12037863421215593,0.03894406945741258,0.16187552601180716,-0.03538620823067294
choque_05pct_temporario,temporario,0.95,0.050000000000000044,False,80,121,15,9684582.084621746,0.09087832818748706,0.032961959132789875,0.14078884110489107,-0.02943859589469067
choque_05pct_temporario,temporario,0.95,0.050000000000000044,False,80,121,16,10248005.402407847,0.06486186220170799,0.04741220972385962,0.11986511875793769,-0.02006254417708666
choque_05pct_temporario,temporario,0.95,0.050000000000000044,False,80,121,17,10678267.587685065,0.04951102691172738,0.08599538691550968,0.10773490794824452,-0.008553840790719103
choque_05pct_temporario,temporario,0.95,0.050000000000000044,False,80,121,18,11024046.964619337,0.05050157959333835,0.15166416223294377,0.10710808056727142,0.008579808553762298
choque_05pct_temporario,temporario,0.95,0.050000000000000044,False,80,121,19,11174306.495996818,0.062398998628169715,0.20858737318591114,0.1310387039060565,0.017813598075938245
choque_05pct_temporario,temporario,0.95,0.050000000000000044,False,80,121,20,11266902.091088755,0.07313941223521667,0.2395847199000869,0.1565100454073855,0.016386490581638116
choque_05pct_temporario,temporario,0.95,0.050000000000000044,False,80,121,21,11159835.390971996,0.08043193466497243,0.2447200959420568,0.17244670326165742,0.008167342074315237
choque_05pct_temporario,temporario,0.95,0.050000000000000044,False,80,121,22,10898211.788723553,0.09386007267088248,0.22927969729462738,0.18980981437316033,-0.005848943236101666
choque_05pct_temporario,temporario,0.95,0.050000000000000044,False,80,121,23,10565478.440671828,0.10757830013634616,0.20044692402159026,0.2108253363329832,-0.025793692964101087
choque_05pct_temporario,temporario,0.95,0.050000000000000044,False,80,121,24,10447990.869549567,0.10954168792703166,0.1612786570620155,0.2182703836351595,-0.046936804566791245
choque_05pct_temporario,temporario,0.95,0.050000000000000044,False,80,121,25,10626479.366947414,0.09953128635661689,0.1264646687788753,0.2084049707933345,-0.05772519034423573
choque_05pct_temporario,temporario,0.95,0.050000000000000044,False,81,122,0,7609597.0,0.138,0.03,0.12063832026847152,0.010583740505574736
choque_05pct_temporario,temporario,0.95,0.050000000000000044,False,81,122,1,7652724.38733265,0.14039181650999813,0.030000000000000027,0.11859183719691781,0.007984885903803248
choque_05pct_temporario,temporario,0.95,0.050000000000000044,False,81,122,2,7795379.849416762,0.13522708141572493,0.0241842277719575,0.1205845456106104,0.004510733785755456
choque_05pct_temporario,temporario,0.95,0.050000000000000044,False,81,122,3,8056509.159232635,0.12497344504408324,0.026820851116044375,0.11186970008014051,0.0029754842669861238
choque_05pct_temporario,temporario,0.95,0.050000000000000044,False,81,122,4,8420474.897092907,0.11076271379297056,0.030214536598981656,0.10429357309469969,0.0026372846618984013
choque_05pct_temporario,temporario,0.95,0.050000000000000044,False,81,122,5,8635520.72968538,0.09481737634300466,0.044973376671467724,0.0967693109029809,0.00911037990183397
choque_05pct_temporario,temporario,0.95,0.050000000000000044,False,81,122,6,8807735.94239161,0.08915528970400048,0.06397088137019513,0.09654032399674528,0.010723279337527418
choque_05pct_temporario,temporario,0.95,0.050000000000000044,False,81,122,7,8877838.186914671,0.09633951324628398,0.08757377816092848,0.10568771780931134,0.012023622349989813
choque_05pct_temporario,temporario,0.95,0.050000000000000044,False,81,122,8,8893640.257503448,0.10521266165679338,0.101279907207658,0.12316055745853123,0.011990133909172062
choque_05pct_temporario,temporario,0.95,0.050000000000000044,False,81,122,9,8837234.213608297,0.11620184047345458,0.10709171135789641,0.13920507708469537,0.005921826905062569
choque_05pct_temporario,temporario,0.95,0.050000000000000044,False,81,122,10,8661991.693991007,0.13137918808776386,0.10108766357912113,0.1587508580753032,-0.005191261462315814
choque_05pct_temporario,temporario,0.95,0.050000000000000044,False,81,122,11,8567642.568191275,0.14113135381441827,0.08681592678303862,0.17159486878664773,-0.016654604895125352
choque_05pct_temporario,temporario,0.95,0.050000000000000044,False,81,122,12,8647788.294417083,0.13832932581453175,0.06656865609788265,0.172601073616248,-0.026869402818832856
choque_05pct_temporario,temporario,0.95,0.050000000000000044,False,81,122,13,8890894.438944936,0.1251242323718164,0.04973562393808306,0.16274817458244834,-0.0295727083409246
choque_05pct_temporario,temporario,0.95,0.050000000000000044,False,81,122,14,9375252.748333812,0.09963956179073208,0.039200425357685864,0.14479062571841422,-0.025464103937778048
choque_05pct_temporario,temporario,0.95,0.050000000000000044,False,81,122,15,9951311.031014452,0.07499392059799939,0.04623820273975032,0.12468292995182922,-0.020029786315037188
choque_05pct_temporario,temporario,0.95,0.050000000000000044,False,81,122,16,10391804.412974726,0.05683619155327699,0.07244110449104402,0.1126855575222069,-0.012228481276631458
choque_05pct_temporario,temporario,0.95,0.050000000000000044,False,81,122,17,10737110.733666388,0.05143095994927299,0.12257984374034292,0.1075867584553811,0.0014885595831664723
choque_05pct_temporario,temporario,0.95,0.050000000000000044,False,81,122,18,10977648.81910008,0.06015809806178636,0.17903688045103827,0.12070658285130417,0.013487046015340311
choque_05pct_temporario,temporario,0.95,0.050000000000000044,False,81,122,19,11078282.161722744,0.07155602212338509,0.2167651196350422,0.1471551831530009,0.017030285504027316
choque_05pct_temporario,temporario,0.95,0.050000000000000044,False,81,122,20,11044128.347970791,0.0791209235085439,0.2316103095290447,0.1651261748848988,0.010691733604529978
choque_05pct_temporario,temporario,0.95,0.050000000000000044,False,81,122,21,10735243.46583597,0.09387020388199706,0.22557044694635042,0.18387146472928817,-0.0038926655687858912
choque_05pct_temporario,temporario,0.95,0.050000000000000044,False,81,122,22,10567726.260092782,0.10397418043036605,0.20063323640207265,0.2010485678707087,-0.02081395053315408
choque_05pct_temporario,temporario,0.95,0.050000000000000044,False,81,122,23,10429926.232181456,0.10542120886861583,0.1672634777948141,0.20766562963108626,-0.04043480467525415
choque_05pct_temporario,temporario,0.95,0.050000000000000044,False,81,122,24,10547673.61143855,0.09754681279574155,0.13444186753297993,0.2016030902742425,-0.049600628536222525
choque_05pct_temporario,temporario,0.95,0.050000000000000044,False,81,122,25,11113958.940265123,0.07025242243035036,0.11248548991955265,0.1819248868295688,-0.04705401637344521
choque_05pct_temporario,temporario,0.95,0.050000000000000044,False,82,123,0,7609597.0,0.138,0.03,0.12063832026847152,0.010583740505574736
choque_05pct_temporario,temporario,0.95,0.050000000000000044,False,82,123,1,7652724.38733265,0.14039181650999813,0.030000000000000027,0.11859183719691781,0.007984885903803248
choque_05pct_temporario,temporario,0.95,0.050000000000000044,False,82,123,2,7806433.00710526,0.13522708141572493,0.024178944487317944,0.120353731246704,0.003649076713633944
choque_05pct_temporario,temporario,0.95,0.050000000000000044,False,82,123,3,8032410.8051144425,0.12487928273260135,0.026875867130523368,0.1118198239033449,0.00458695006557052
choque_05pct_temporario,temporario,0.95,0.050000000000000044,False,82,123,4,8414461.464442732,0.10616415904473137,0.030242462656994817,0.10202646385824518,0.006773814412007024
choque_05pct_temporario,temporario,0.95,0.050000000000000044,False,82,123,5,8722340.844058271,0.08815710122361893,0.047660917622587506,0.09098237125784163,0.012961686059031079
choque_05pct_temporario,temporario,0.95,0.050000000000000044,False,82,123,6,8918044.453197172,0.08070072558907344,0.07073400587385503,0.09007810627284232,0.015440204352999282
choque_05pct_temporario,temporario,0.95,0.050000000000000044,False,82,123,7,8979476.981393784,0.09036424353179567,0.10103842642609617,0.10031075233760178,0.01765724104425803
choque_05pct_temporario,temporario,0.95,0.050000000000000044,False,82,123,8,8896769.121877367,0.10708570845071264,0.1181493058875982,0.1249078539917768,0.014337138150212193
choque_05pct_temporario,temporario,0.95,0.050000000000000044,False,82,123,9,8776695.575563135,0.12204269714190169,0.12093254081714333,0.14638391881923243,0.006797009237514182
choque_05pct_temporario,temporario,0.95,0.050000000000000044,False,82,123,10,8583168.373291628,0.13807840959511058,0.10951893180843841,0.16585912834948266,-0.002677995939379926
choque_05pct_temporario,temporario,0.95,0.050000000000000044,False,82,123,11,8400091.86472434,0.1503877653031921,0.08864686514751652,0.18178287296567644,-0.019829875391671255
choque_05pct_temporario,temporario,0.95,0.050000000000000044,False,82,123,12,8411697.40745908,0.1513675432005378,0.06307120484036055,0.18489042922659435,-0.03372215678416585
choque_05pct_temporario,temporario,0.95,0.050000000000000044,False,82,123,13,8690460.121754676,0.13772826418415124,0.038847262028136376,0.17215788358368903,-0.03609301606579685
choque_05pct_temporario,temporario,0.95,0.050000000000000044,False,82,123,14,9326207.000528324,0.10745610834931997,0.023882392789726037,0.14868243309265108,-0.034277781611243056
choque_05pct_temporario,temporario,0.95,0.050000000000000044,False,82,123,15,9916681.592013147,0.07522672306593135,0.025822942294659867,0.1256185023965528,-0.024963797700885408
choque_05pct_temporario,temporario,0.95,0.050000000000000044,False,82,123,16,10342940.78089159,0.056493739897154886,0.05413212161801617,0.10997877155943897,-0.016223202825866173
choque_05pct_temporario,temporario,0.95,0.050000000000000044,False,82,123,17,10715063.801011391,0.05224738890237318,0.10671543823572005,0.10578383307717286,-0.0026689507251769305
choque_05pct_temporario,temporario,0.95,0.050000000000000044,False,82,123,18,11046972.3678776,0.05576501829047016,0.16826433804771002,0.11721423874097253,0.010323696429120174
choque_05pct_temporario,temporario,0.95,0.050000000000000044,False,82,123,19,11286591.010832436,0.06352958304601383,0.2167868566978457,0.13507864844143946,0.018154832282457317
choque_05pct_temporario,temporario,0.95,0.050000000000000044,False,82,123,20,11174552.87578294,0.07724661183534612,0.24460901659223389,0.15966967246920652,0.01163402016005902
choque_05pct_temporario,temporario,0.95,0.050000000000000044,False,82,123,21,10906237.51391918,0.09462350961762137,0.2392514987297294,0.18480437271243655,0.0025183581578895648
choque_05pct_temporario,temporario,0.95,0.050000000000000044,False,82,123,22,10632730.623541662,0.10117400936397966,0.21469127838494773,0.20178925579710205,-0.015470444404224654
choque_05pct_temporario,temporario,0.95,0.050000000000000044,False,82,123,23,10482674.949568596,0.10367868241121396,0.1796725614367487,0.20661245040258386,-0.03610314956390275
choque_05pct_temporario,temporario,0.95,0.050000000000000044,False,82,123,24,10506594.049105488,0.09768559951467326,0.14474604995690932,0.2057490144564429,-0.04907590744123373
choque_05pct_temporario,temporario,0.95,0.050000000000000044,False,82,123,25,10879914.304824296,0.0804909435908,0.11871784439848043,0.19113405653950055,-0.05376801540916374
choque_05pct_temporario,temporario,0.95,0.050000000000000044,False,83,124,0,7609597.0,0.138,0.03,0.12063832026847152,0.010583740505574736
choque_05pct_temporario,temporario,0.95,0.050000000000000044,False,83,124,1,7652724.38733265,0.14039181650999813,0.030000000000000027,0.11859183719691781,0.007984885903803248
choque_05pct_temporario,temporario,0.95,0.050000000000000044,False,83,124,2,7801793.704639675,0.13522708141572493,0.024181009460047642,0.12050544446928059,0.004164884073127168
choque_05pct_temporario,temporario,0.95,0.050000000000000044,False,83,124,3,8044972.28389028,0.12460078112289083,0.026850990735577174,0.11197679002817187,0.0061413704915950764
choque_05pct_temporario,temporario,0.95,0.050000000000000044,False,83,124,4,8362112.177517751,0.10861772897194737,0.030331040422638234,0.10416154567940726,0.006517364219078112
choque_05pct_temporario,temporario,0.95,0.050000000000000044,False,83,124,5,8636787.543995295,0.09318840405938142,0.04750341040867623,0.09462301480520487,0.01320815090693671
choque_05pct_temporario,temporario,0.95,0.050000000000000044,False,83,124,6,8853649.460383816,0.0855552189839861,0.06641954416703233,0.0942264907831211,0.011750726662312081
choque_05pct_temporario,temporario,0.95,0.050000000000000044,False,83,124,7,8947779.587413196,0.08989623670635577,0.09362232927534353,0.1010084456296002,0.017274832424625314
choque_05pct_temporario,temporario,0.95,0.050000000000000044,False,83,124,8,8962566.74610688,0.10210722269400939,0.10905283977961444,0.12038947532702828,0.01156734758098483
choque_05pct_temporario,temporario,0.95,0.050000000000000044,False,83,124,9,8797096.863058966,0.11853568182419785,0.11754940676444581,0.14159951639648266,0.003933575415426643
choque_05pct_temporario,temporario,0.95,0.050000000000000044,False,83,124,10,8690848.185446577,0.13161047773418863,0.1069166341902954,0.16003202445824607,-0.0025463031187044046
choque_05pct_temporario,temporario,0.95,0.050000000000000044,False,83,124,11,8638314.372349212,0.13555131087764197,0.09223962888049075,0.16799675464947658,-0.016057106138625904
choque_05pct_temporario,temporario,0.95,0.050000000000000044,False,83,124,12,8630414.275788654,0.13517561169428985,0.07115277506009843,0.1716514481135222,-0.028215569640584397
choque_05pct_temporario,temporario,0.95,0.050000000000000044,False,83,124,13,8935075.046344861,0.12207872407890487,0.053076250611314046,0.1610645748921419,-0.027809203539327646
choque_05pct_temporario,temporario,0.95,0.050000000000000044,False,83,124,14,9397101.201482834,0.09786398228796597,0.04281637242362568,0.14423930516747677,-0.02728927327970948
choque_05pct_temporario,temporario,0.95,0.050000000000000044,False,83,124,15,9956959.53019959,0.07292684750442248,0.049142813153672416,0.1250311117840905,-0.021575097825584155
choque_05pct_temporario,temporario,0.95,0.050000000000000044,False,83,124,16,10354627.836502796,0.057297574527031145,0.07672213324479049,0.11218452390594827,-0.009864676213453947
choque_05pct_temporario,temporario,0.95,0.050000000000000044,False,83,124,17,10756788.358931705,0.050454903247847877,0.12618906875428504,0.1084980839999274,0.0009995561932761782
choque_05pct_temporario,temporario,0.95,0.050000000000000044,False,83,124,18,11046112.231227832,0.05530897639625169,0.1841361008244069,0.11732937737899489,0.014086388755540937
choque_05pct_temporario,temporario,0.95,0.050000000000000044,False,83,124,19,11083306.613704015,0.07116388478293546,0.2286270389143703,0.14311693006043189,0.01816379945685752
choque_05pct_temporario,temporario,0.95,0.050000000000000044,False,83,124,20,11057533.898886498,0.08155188697485181,0.23863543354321237,0.16979970644791395,0.01364961081517944
choque_05pct_temporario,temporario,0.95,0.050000000000000044,False,83,124,21,10737413.892702058,0.09553000205600512,0.22990963083165505,0.18710872415903723,-0.0011060208631016389
choque_05pct_temporario,temporario,0.95,0.050000000000000044,False,83,124,22,10458636.601433951,0.11262323138038205,0.2002803812159073,0.20786677218174474,-0.023665282614382784
choque_05pct_temporario,temporario,0.95,0.050000000000000044,False,83,124,23,10212459.267257936,0.11876998297101411,0.1612311032263658,0.21973076688268872,-0.04069693333553124
choque_05pct_temporario,temporario,0.95,0.050000000000000044,False,83,124,24,10351866.761281542,0.10286827667038641,0.1225802122182138,0.21076127240461567,-0.058603632175490375
choque_05pct_temporario,temporario,0.95,0.050000000000000044,False,83,124,25,10966490.710777571,0.07577029242132903,0.09720724770425626,0.18364565930404306,-0.05588301421660231
choque_05pct_temporario,temporario,0.95,0.050000000000000044,False,84,125,0,7609597.0,0.138,0.03,0.12063832026847152,0.010583740505574736
choque_05pct_temporario,temporario,0.95,0.050000000000000044,False,84,125,1,7652724.38733265,0.14039181650999813,0.030000000000000027,0.11859183719691781,0.007984885903803248
choque_05pct_temporario,temporario,0.95,0.050000000000000044,False,84,125,2,7812520.143181676,0.135227137041172,0.024170779470006565,0.12031541546280497,0.0018868192985360191
choque_05pct_temporario,temporario,0.95,0.050000000000000044,False,84,125,3,8052047.131993262,0.1249071485739216,0.026888059745781456,0.11186830547398513,0.00509071657013345
choque_05pct_temporario,temporario,0.95,0.050000000000000044,False,84,125,4,8380278.68250678,0.10978591018042659,0.030223051918467858,0.10420220551095581,0.010086270974714965
choque_05pct_temporario,temporario,0.95,0.050000000000000044,False,84,125,5,8594647.912686028,0.09555072610984963,0.04570534665592296,0.09766066572250408,0.010086894330502976
choque_05pct_temporario,temporario,0.95,0.050000000000000044,False,84,125,6,8759628.405800031,0.09399125426113837,0.0640024489540374,0.09900762177700839,0.008166853496273645
choque_05pct_temporario,temporario,0.95,0.050000000000000044,False,84,125,7,8904565.304639857,0.09377862679167707,0.0845954365645214,0.10535732816783262,0.012816575604907999
choque_05pct_temporario,temporario,0.95,0.050000000000000044,False,84,125,8,9014693.982951924,0.09624009684353078,0.10142128375619563,0.11480156442139754,0.012599312241907419
choque_05pct_temporario,temporario,0.95,0.050000000000000044,False,84,125,9,8896264.875582004,0.10996748661216303,0.11210963255784834,0.13162945545607432,0.0073727083573234915
choque_05pct_temporario,temporario,0.95,0.050000000000000044,False,84,125,10,8815675.63488747,0.12260051039828253,0.10807982343188272,0.15271795627974255,-0.0017101705695962163
choque_05pct_temporario,temporario,0.95,0.050000000000000044,False,84,125,11,8642314.29796701,0.13722471739770498,0.09790890098343774,0.16827342724899746,-0.013746184808347621
choque_05pct_temporario,temporario,0.95,0.050000000000000044,False,84,125,12,8642533.529538427,0.1401114280131584,0.07620292894139835,0.17640945896753257,-0.025669089529659402
choque_05pct_temporario,temporario,0.95,0.050000000000000044,False,84,125,13,8794641.65814378,0.13206318323168412,0.058446512608592016,0.16958287853316423,-0.0294119605004866
choque_05pct_temporario,temporario,0.95,0.050000000000000044,False,84,125,14,9172753.47511074,0.11196886611394413,0.04323756470757001,0.15570296274743797,-0.031052213845665314
choque_05pct_temporario,temporario,0.95,0.050000000000000044,False,84,125,15,9738296.141005062,0.08631490475521855,0.040849044190101935,0.1353335167158286,-0.025749000399947316
choque_05pct_temporario,temporario,0.95,0.050000000000000044,False,84,125,16,10283857.61322199,0.06371044774741634,0.05648681397368738,0.1188218439947172,-0.018280103130420774
choque_05pct_temporario,temporario,0.95,0.050000000000000044,False,84,125,17,10686352.693879236,0.05032357748233509,0.09749011536940211,0.10825742146020488,-0.0035706754063485396
choque_05pct_temporario,temporario,0.95,0.050000000000000044,False,84,125,18,10983636.27345462,0.05359158076381075,0.1576471825365795,0.11099243301729735,0.0075014494884678255
choque_05pct_temporario,temporario,0.95,0.050000000000000044,False,84,125,19,11105231.537452696,0.06569022721175578,0.20892568836767844,0.13644120780373986,0.01616987939757604
choque_05pct_temporario,temporario,0.95,0.050000000000000044,False,84,125,20,11165333.121790849,0.07529392444458101,0.23393805421133052,0.15978312010393722,0.013728138386906341
choque_05pct_temporario,temporario,0.95,0.050000000000000044,False,84,125,21,10938219.25863672,0.08747752361758684,0.23712416460381358,0.1774203718342759,0.005020250691650332
choque_05pct_temporario,temporario,0.95,0.050000000000000044,False,84,125,22,10656185.897715097,0.10169897874898427,0.2161330783127764,0.19826896722113654,-0.0126591567178272
choque_05pct_temporario,temporario,0.95,0.050000000000000044,False,84,125,23,10466609.575576821,0.10773523421259747,0.183242608619266,0.21065337249669366,-0.03122859999137651
choque_05pct_temporario,temporario,0.95,0.050000000000000044,False,84,125,24,10433177.396929746,0.10536951129713161,0.14693460148098914,0.2118934542315714,-0.05160990679655039
choque_05pct_temporario,temporario,0.95,0.050000000000000044,False,84,125,25,10768745.024218405,0.08885879583659081,0.11574355823211047,0.19874112841957275,-0.055194221393421325
choque_05pct_temporario,temporario,0.95,0.050000000000000044,False,85,126,0,7609597.0,0.138,0.03,0.12063832026847152,0.010583740505574736
choque_05pct_temporario,temporario,0.95,0.050000000000000044,False,85,126,1,7652724.38733265,0.14039181650999813,0.030000000000000027,0.11859183719691781,0.007984885903803248
choque_05pct_temporario,temporario,0.95,0.050000000000000044,False,85,126,2,7805447.292951422,0.13522708141572493,0.024177560936350373,0.12041051553029103,0.003442631022190316
choque_05pct_temporario,temporario,0.95,0.050000000000000044,False,85,126,3,8047102.756847766,0.12540575991661,0.0268617181089843,0.11207736339959044,0.00782253732451517
choque_05pct_temporario,temporario,0.95,0.050000000000000044,False,85,126,4,8338889.719430038,0.11015036409885649,0.029952288573705355,0.10518033393075292,0.005962536053419879
choque_05pct_temporario,temporario,0.95,0.050000000000000044,False,85,126,5,8640054.66571687,0.09710414679637065,0.04502357438830473,0.09650074425516761,0.009306301518992078
choque_05pct_temporario,temporario,0.95,0.050000000000000044,False,85,126,6,8829115.617794473,0.0893159445403029,0.06259507749245707,0.096585102814898,0.01167805815804385
choque_05pct_temporario,temporario,0.95,0.050000000000000044,False,85,126,7,8947685.184950057,0.09073914076630035,0.08735048530203238,0.10138784548451302,0.015392268626689675
choque_05pct_temporario,temporario,0.95,0.050000000000000044,False,85,126,8,8940720.09134104,0.10028175716472405,0.10502898353549361,0.11808145130627176,0.01181684734595869
choque_05pct_temporario,temporario,0.95,0.050000000000000044,False,85,126,9,8824176.558899872,0.11706880066219028,0.11438695555447698,0.13891609679482614,0.005500799899657101
choque_05pct_temporario,temporario,0.95,0.050000000000000044,False,85,126,10,8657123.626842966,0.13497304466741092,0.10727535845179115,0.16138736228117637,-0.004913957798470751
choque_05pct_temporario,temporario,0.95,0.050000000000000044,False,85,126,11,8540813.164913157,0.14557765171172085,0.09079399724498183,0.1753978924263423,-0.01686513379281088
choque_05pct_temporario,temporario,0.95,0.050000000000000044,False,85,126,12,8476754.472927675,0.1484747219227337,0.0675888897654886,0.18137433962246333,-0.02872706122564113
choque_05pct_temporario,temporario,0.95,0.050000000000000044,False,85,126,13,8771238.837624812,0.1339147329749019,0.0454166753566847,0.17067260675170778,-0.036392674925022905
choque_05pct_temporario,temporario,0.95,0.050000000000000044,False,85,126,14,9205847.72746088,0.11073993546432455,0.03043243557202402,0.15253877292865825,-0.03547078233519544
choque_05pct_temporario,temporario,0.95,0.050000000000000044,False,85,126,15,9880018.442339968,0.07979715410128202,0.030271769072446997,0.13019706469639733,-0.026357678308616544
choque_05pct_temporario,temporario,0.95,0.050000000000000044,False,85,126,16,10275643.340453789,0.06011618978760725,0.054092010446695316,0.11367223471026135,-0.014618156553189255
choque_05pct_temporario,temporario,0.95,0.050000000000000044,False,85,126,17,10703375.454125136,0.051819051750291584,0.10074470098220134,0.10770306832452374,-0.0029766975596777013
choque_05pct_temporario,temporario,0.95,0.050000000000000044,False,85,126,18,10979499.323065279,0.05432129585747898,0.16285918345120787,0.11488236452318762,0.010699922592755548
choque_05pct_temporario,temporario,0.95,0.050000000000000044,False,85,126,19,11156876.010917844,0.06730655786956509,0.21314525041267984,0.13656739692512476,0.017557436504462308
choque_05pct_temporario,temporario,0.95,0.050000000000000044,False,85,126,20,11124433.926160013,0.0791993968242433,0.23534023486051114,0.16320291293268605,0.015970519421400292
choque_05pct_temporario,temporario,0.95,0.050000000000000044,False,85,126,21,10904998.167754564,0.08923834119304981,0.23361470536255213,0.1812590828673272,-0.00045627562409415924
choque_05pct_temporario,temporario,0.95,0.050000000000000044,False,85,126,22,10687756.099410998,0.10035031633313593,0.21078163972857356,0.19611309480802158,-0.016139051669359108
choque_05pct_temporario,temporario,0.95,0.050000000000000044,False,85,126,23,10523866.778965386,0.10297538974564234,0.17883797220467557,0.20662098784992713,-0.03329104842546101
choque_05pct_temporario,temporario,0.95,0.050000000000000044,False,85,126,24,10574034.311840482,0.0980906781798743,0.14585392648994788,0.2046753686829964,-0.044548560175186686
choque_05pct_temporario,temporario,0.95,0.050000000000000044,False,85,126,25,10820953.749575192,0.08502606162723467,0.11959257010900082,0.19481286970500963,-0.05137748902034501
choque_05pct_temporario,temporario,0.95,0.050000000000000044,False,86,127,0,7609597.0,0.138,0.03,0.12063832026847152,0.010583740505574736
choque_05pct_temporario,temporario,0.95,0.050000000000000044,False,86,127,1,7652724.38733265,0.14039181650999813,0.030000000000000027,0.11859183719691781,0.007984885903803248
choque_05pct_temporario,temporario,0.95,0.050000000000000044,False,86,127,2,7797535.540496843,0.13522792692462418,0.0241780864483494,0.12055006007782303,0.0037504461675591247
choque_05pct_temporario,temporario,0.95,0.050000000000000044,False,86,127,3,8049301.5324522955,0.12439918088385989,0.02687613792222887,0.11153603568962524,0.006701927754935272
choque_05pct_temporario,temporario,0.95,0.050000000000000044,False,86,127,4,8409254.830489524,0.1075790112323599,0.030423671999403323,0.10343575734547547,0.0068154161687141255
choque_05pct_temporario,temporario,0.95,0.050000000000000044,False,86,127,5,8642192.780604376,0.09314366770472088,0.046565523122548136,0.09573646575080867,0.011055268176026893
choque_05pct_temporario,temporario,0.95,0.050000000000000044,False,86,127,6,8788328.273696495,0.08976302354868572,0.06672277168372465,0.09717458206538526,0.01315551076683796
choque_05pct_temporario,temporario,0.95,0.050000000000000044,False,86,127,7,8916402.816284131,0.09570898952885577,0.08929401553554217,0.10701122443546665,0.013076390663790106
choque_05pct_temporario,temporario,0.95,0.050000000000000044,False,86,127,8,8858216.198571356,0.10838151708458642,0.10404386391617026,0.12448828747967514,0.012693309984189797
choque_05pct_temporario,temporario,0.95,0.050000000000000044,False,86,127,9,8790603.339123953,0.11672491489787712,0.1085668794558412,0.1410088777004066,0.006385064200924047
choque_05pct_temporario,temporario,0.95,0.050000000000000044,False,86,127,10,8663327.512427874,0.12771167198600106,0.10383478825827752,0.15526845956754973,-0.005566551449535095
choque_05pct_temporario,temporario,0.95,0.050000000000000044,False,86,127,11,8577843.392463295,0.1376945694996383,0.08797851394830891,0.16881910107365763,-0.015519952826584062
choque_05pct_temporario,temporario,0.95,0.050000000000000044,False,86,127,12,8633490.403316969,0.13809372939847858,0.06831689916608075,0.17225548831624002,-0.0262526979667604
choque_05pct_temporario,temporario,0.95,0.050000000000000044,False,86,127,13,8916090.36080537,0.12520111721140667,0.05029170739939848,0.163073582174769,-0.03214240416175183
choque_05pct_temporario,temporario,0.95,0.050000000000000044,False,86,127,14,9358457.61391604,0.1007570315638251,0.04027237909825976,0.14487243309732786,-0.028253470929453742
choque_05pct_temporario,temporario,0.95,0.050000000000000044,False,86,127,15,9993250.370600468,0.07310230381545021,0.0454214122682155,0.12431388132145627,-0.01742477615880578
choque_05pct_temporario,temporario,0.95,0.050000000000000044,False,86,127,16,10348889.949502392,0.05713523952133517,0.07430448408600743,0.11192014013736981,-0.009309523772492896
choque_05pct_temporario,temporario,0.95,0.050000000000000044,False,86,127,17,10658151.571069697,0.05804139159228495,0.12274742573360142,0.11295799271979827,-0.0011143525923330733
choque_05pct_temporario,temporario,0.95,0.050000000000000044,False,86,127,18,10834664.37510549,0.06655397091743545,0.16949608764162583,0.1316673110182734,0.007598235425687592
choque_05pct_temporario,temporario,0.95,0.050000000000000044,False,86,127,19,10935796.680175217,0.07469831273505328,0.20185712472181527,0.15041787860003789,0.010123482638550087
choque_05pct_temporario,temporario,0.95,0.050000000000000044,False,86,127,20,10830508.031189004,0.08160719379561632,0.21277817838562707,0.1666671167188943,0.0029463039000159797
choque_05pct_temporario,temporario,0.95,0.050000000000000044,False,86,127,21,10819972.700089473,0.0873972841468989,0.20742989379329746,0.17778932334539402,-0.004335994373773898
choque_05pct_temporario,temporario,0.95,0.050000000000000044,False,86,127,22,10528749.928154478,0.09953863093836152,0.19050714598316265,0.1950251994299203,-0.021660310689012065
choque_05pct_temporario,temporario,0.95,0.050000000000000044,False,86,127,23,10528205.986781416,0.0999925460103074,0.16342836964271124,0.2026124797026709,-0.036962318693658514
choque_05pct_temporario,temporario,0.95,0.050000000000000044,False,86,127,24,10796837.247609193,0.0838912291315219,0.1385967577802525,0.1904479241967435,-0.04281700648765526
choque_05pct_temporario,temporario,0.95,0.050000000000000044,False,86,127,25,11339558.533656735,0.06138145270475328,0.12690427789107583,0.171070897253649,-0.04113706066187918
choque_05pct_temporario,temporario,0.95,0.050000000000000044,False,87,128,0,7609597.0,0.138,0.03,0.12063832026847152,0.010583740505574736
choque_05pct_temporario,temporario,0.95,0.050000000000000044,False,87,128,1,7652720.659059336,0.14039204578760067,0.029999999999999805,0.11859203669881745,0.007984787537176637
choque_05pct_temporario,temporario,0.95,0.050000000000000044,False,87,128,2,7804124.837337487,0.1352273782580663,0.024168849806441184,0.12052584486839978,0.0010953879704119623
choque_05pct_temporario,temporario,0.95,0.050000000000000044,False,87,128,3,8072253.135584136,0.1240199349331775,0.0269042900410168,0.11062706680294176,0.00585107735170701
choque_05pct_temporario,temporario,0.95,0.050000000000000044,False,87,128,4,8434950.959153848,0.10542390156394663,0.030613616160076962,0.10187731707976172,0.0070381854335560285
choque_05pct_temporario,temporario,0.95,0.050000000000000044,False,87,128,5,8699212.05827489,0.09082236158390085,0.047634039840449116,0.09348881786389233,0.009988293350750506
choque_05pct_temporario,temporario,0.95,0.050000000000000044,False,87,128,6,8835913.54443798,0.08794533578868433,0.06940435174492432,0.09518556808176862,0.012590269863511062
choque_05pct_temporario,temporario,0.95,0.050000000000000044,False,87,128,7,8925448.001239523,0.0933877467434213,0.09438518807047691,0.10483932811198227,0.01364429938685482
choque_05pct_temporario,temporario,0.95,0.050000000000000044,False,87,128,8,8937586.857438862,0.10479028153220145,0.11007947247178218,0.12215885941537769,0.011194286891219863
choque_05pct_temporario,temporario,0.95,0.050000000000000044,False,87,128,9,8735132.818632394,0.12251080886309945,0.11520102212006011,0.1440354480756649,0.005313272097579289
choque_05pct_temporario,temporario,0.95,0.050000000000000044,False,87,128,10,8685415.849384889,0.1310319929796639,0.10386432211637975,0.16036681933352634,-0.005366337515668479
choque_05pct_temporario,temporario,0.95,0.050000000000000044,False,87,128,11,8602436.03737297,0.13850831566674776,0.08758753603104208,0.16996166911010824,-0.01727850439985127
choque_05pct_temporario,temporario,0.95,0.050000000000000044,False,87,128,12,8526211.214853346,0.1442709791928228,0.06621002112493879,0.1784554990457137,-0.029983858394337468
choque_05pct_temporario,temporario,0.95,0.050000000000000044,False,87,128,13,8779574.890717054,0.13286454579555837,0.04569836120648296,0.17028061053438928,-0.03418331909530601
choque_05pct_temporario,temporario,0.95,0.050000000000000044,False,87,128,14,9240967.660324229,0.10823657174150275,0.03263304882564211,0.1514249529966199,-0.03168486855413577
choque_05pct_temporario,temporario,0.95,0.050000000000000044,False,87,128,15,9877255.195254022,0.0798876265757381,0.03407166869230527,0.12906462546002745,-0.024348887709623256
choque_05pct_temporario,temporario,0.95,0.050000000000000044,False,87,128,16,10378374.458644371,0.05872892964283061,0.05750547436422537,0.11315687473144945,-0.015536586951432152
choque_05pct_temporario,temporario,0.95,0.050000000000000044,False,87,128,17,10769606.871445946,0.04824559212239408,0.10604497402544033,0.10545732262681616,-0.0017346359381795239
choque_05pct_temporario,temporario,0.95,0.050000000000000044,False,87,128,18,11057185.297285618,0.054394475254216576,0.17235825271362737,0.11186384550978208,0.011776714844244585
choque_05pct_temporario,temporario,0.95,0.050000000000000044,False,87,128,19,11178430.50818074,0.06945852019982685,0.22107040668060418,0.14097579445903646,0.023231836288477224
choque_05pct_temporario,temporario,0.95,0.050000000000000044,False,87,128,20,11169828.234664371,0.07832181467779269,0.2392772132654326,0.1648488121722919,0.01826473180503397
choque_05pct_temporario,temporario,0.95,0.050000000000000044,False,87,128,21,10902465.219163707,0.0887607643821886,0.2366801059311474,0.18041681859898995,0.004711669705564772
choque_05pct_temporario,temporario,0.95,0.050000000000000044,False,87,128,22,10560492.625005722,0.10560951678083677,0.2132548371458498,0.20269125585186076,-0.01787674200599076
choque_05pct_temporario,temporario,0.95,0.050000000000000044,False,87,128,23,10303865.772341313,0.11620130752238135,0.17748642530759073,0.21873071131251473,-0.04054822534752482
choque_05pct_temporario,temporario,0.95,0.050000000000000044,False,87,128,24,10348014.521244584,0.10935493906821711,0.13811995689340573,0.21497560486062686,-0.053681466731958706
choque_05pct_temporario,temporario,0.95,0.050000000000000044,False,87,128,25,10863854.023446832,0.08033216898920104,0.10554379147842519,0.19213398826499883,-0.056257210066437024
choque_05pct_temporario,temporario,0.95,0.050000000000000044,False,88,129,0,7609597.0,0.138,0.03,0.12063832026847152,0.010583740505574736
choque_05pct_temporario,temporario,0.95,0.050000000000000044,False,88,129,1,7652724.38733265,0.14039181650999813,0.030000000000000027,0.11859183719691781,0.007984885903803248
choque_05pct_temporario,temporario,0.95,0.050000000000000044,False,88,129,2,7808289.09623282,0.13522708141572493,0.024187119658762857,0.12051502462550072,0.005397028494644425
choque_05pct_temporario,temporario,0.95,0.050000000000000044,False,88,129,3,8049485.526277566,0.12525597693612542,0.026888565255428487,0.11219644139580276,0.01017827549538741
choque_05pct_temporario,temporario,0.95,0.050000000000000044,False,88,129,4,8330359.607230663,0.11067790504381587,0.030020543546724454,0.1067251057535951,0.0068774589943856115
choque_05pct_temporario,temporario,0.95,0.050000000000000044,False,88,129,5,8516910.892226817,0.10136532851257556,0.04565613936974855,0.10032640068541347,0.010504943891190619
choque_05pct_temporario,temporario,0.95,0.050000000000000044,False,88,129,6,8716956.473085156,0.09579201853533252,0.05936787645101682,0.10245208269781823,0.009095023203909631
choque_05pct_temporario,temporario,0.95,0.050000000000000044,False,88,129,7,8874433.14997328,0.094882519477237,0.07971536125371381,0.10581624907197991,0.0111968690527369
choque_05pct_temporario,temporario,0.95,0.050000000000000044,False,88,129,8,8921396.342593586,0.09981934442041249,0.09434802497587769,0.1173196552502272,0.012232892064456031
choque_05pct_temporario,temporario,0.95,0.050000000000000044,False,88,129,9,8947155.474351346,0.10760359600009012,0.10431078295536866,0.13030609788165126,0.006175024128630123
choque_05pct_temporario,temporario,0.95,0.050000000000000044,False,88,129,10,8839858.623678355,0.11982388778529843,0.10446970711277603,0.14679602687458893,0.0007039886785295006
choque_05pct_temporario,temporario,0.95,0.050000000000000044,False,88,129,11,8797807.011325784,0.12495305535283868,0.09584234183012152,0.15895557533382668,-0.008725077873725211
choque_05pct_temporario,temporario,0.95,0.050000000000000044,False,88,129,12,8799741.874341886,0.12756541853050443,0.08252266312427836,0.16470833296442947,-0.02096753616063961
choque_05pct_temporario,temporario,0.95,0.050000000000000044,False,88,129,13,8968653.140747007,0.12498751481456988,0.06739887986963367,0.16396565440983654,-0.026999117977066077
choque_05pct_temporario,temporario,0.95,0.050000000000000044,False,88,129,14,9247558.10906319,0.10978140347502614,0.055940386736793135,0.15447829187018788,-0.027091642826278458
choque_05pct_temporario,temporario,0.95,0.050000000000000044,False,88,129,15,9695270.985622419,0.08778978127741693,0.0549534201309565,0.13877124712027977,-0.022551529974367584
choque_05pct_temporario,temporario,0.95,0.050000000000000044,False,88,129,16,10182523.879964523,0.06440870755514622,0.06690651219511667,0.12299288779101977,-0.015503631755036527
choque_05pct_temporario,temporario,0.95,0.050000000000000044,False,88,129,17,10644518.996161664,0.05218510364186492,0.10474514999189588,0.110700338866237,-0.004043656742460669
choque_05pct_temporario,temporario,0.95,0.050000000000000044,False,88,129,18,10980983.593472969,0.050813453770818126,0.15707339746388582,0.11325265297264647,0.00951990760134487
choque_05pct_temporario,temporario,0.95,0.050000000000000044,False,88,129,19,11194913.778456526,0.06280590799714861,0.21077107654806193,0.13084041774659597,0.015492892183261756
choque_05pct_temporario,temporario,0.95,0.050000000000000044,False,88,129,20,11188264.01995131,0.07824952282688057,0.2353274005158552,0.16113203414086225,0.016569209180245972
choque_05pct_temporario,temporario,0.95,0.050000000000000044,False,88,129,21,10981590.619555203,0.08839097498788985,0.23486887480028162,0.18197488076941779,0.004624465823524482
choque_05pct_temporario,temporario,0.95,0.050000000000000044,False,88,129,22,10648903.934122574,0.10164426128763618,0.21564213806777088,0.19835084427808494,-0.014281174614887244
choque_05pct_temporario,temporario,0.95,0.050000000000000044,False,88,129,23,10413484.700823572,0.11039894155344641,0.18279930028732894,0.21301617810032433,-0.0338714320526507
choque_05pct_temporario,temporario,0.95,0.050000000000000044,False,88,129,24,10351842.022731118,0.10932813094535491,0.14577304838588545,0.21477408401668338,-0.04949162956780471
choque_05pct_temporario,temporario,0.95,0.050000000000000044,False,88,129,25,10703727.640399624,0.08860140626582531,0.1127546856005861,0.1999434221374549,-0.058193865183322584
choque_05pct_temporario,temporario,0.95,0.050000000000000044,False,89,130,0,7609597.0,0.138,0.03,0.12063832026847152,0.010583740505574736
choque_05pct_temporario,temporario,0.95,0.050000000000000044,False,89,130,1,7652724.38733265,0.14039181650999813,0.030000000000000027,0.11859183719691781,0.007984885903803248
choque_05pct_temporario,temporario,0.95,0.050000000000000044,False,89,130,2,7801131.533210283,0.13522708141572493,0.024176097254847484,0.12044669281179464,0.0030417857503093047
choque_05pct_temporario,temporario,0.95,0.050000000000000044,False,89,130,3,8059153.92921016,0.12417412939401595,0.02687761941643685,0.11154847411721842,0.007084643781682758
choque_05pct_temporario,temporario,0.95,0.050000000000000044,False,89,130,4,8390863.432128724,0.10872350158653497,0.03050180757062515,0.10396384789263141,0.008765905085723733
choque_05pct_temporario,temporario,0.95,0.050000000000000044,False,89,130,5,8613171.076713521,0.09580575000888773,0.04635496620875612,0.0975800408887755,0.01109132913192804
choque_05pct_temporario,temporario,0.95,0.050000000000000044,False,89,130,6,8747098.878925519,0.09434808865105473,0.06447722325155758,0.10004627016202673,0.012794864399490437
choque_05pct_temporario,temporario,0.95,0.050000000000000044,False,89,130,7,8870548.151494436,0.09817013412731108,0.08470731392151687,0.11035011660512957,0.010393005446186413
choque_05pct_temporario,temporario,0.95,0.050000000000000044,False,89,130,8,8771805.67376196,0.1105743772945405,0.09833029555245565,0.1267502007706108,0.009305273289367784
choque_05pct_temporario,temporario,0.95,0.050000000000000044,False,89,130,9,8679508.489705363,0.12275226046968667,0.10154433473155877,0.14508451429236818,-2.2064889664175908e-05
choque_05pct_temporario,temporario,0.95,0.050000000000000044,False,89,130,10,8634085.361982532,0.13047435375687827,0.0937534650354166,0.15703956297844035,-0.00883853669847049
choque_05pct_temporario,temporario,0.95,0.050000000000000044,False,89,130,11,8656809.025925325,0.12989037900392802,0.08076664141306344,0.16119105713754134,-0.017732184664265082
choque_05pct_temporario,temporario,0.95,0.050000000000000044,False,89,130,12,8875392.235505233,0.11968032029296706,0.06481943143004121,0.1559888814351432,-0.020565704736455494
choque_05pct_temporario,temporario,0.95,0.050000000000000044,False,89,130,13,9216126.12665903,0.10224263233401946,0.05622073493997126,0.14437164115112205,-0.018632132733487617
choque_05pct_temporario,temporario,0.95,0.050000000000000044,False,89,130,14,9596426.731442355,0.08475471314508592,0.05757103813756226,0.13221236049792331,-0.01733879934851753
choque_05pct_temporario,temporario,0.95,0.050000000000000044,False,89,130,15,10023253.794608941,0.06934462299763575,0.0742084504506495,0.12183282716253868,-0.011200857346272521
choque_05pct_temporario,temporario,0.95,0.050000000000000044,False,89,130,16,10405217.240144836,0.059197978631964084,0.10521265717649508,0.11692534930513772,-0.005939586713702269
choque_05pct_temporario,temporario,0.95,0.050000000000000044,False,89,130,17,10597622.435754027,0.06379889193871818,0.14944003079705737,0.1207301503484737,0.004787698768376204
choque_05pct_temporario,temporario,0.95,0.050000000000000044,False,89,130,18,10754265.119521296,0.06737455608146793,0.1829552227329576,0.1392023821429741,0.009079833963914385
choque_05pct_temporario,temporario,0.95,0.050000000000000044,False,89,130,19,10890588.275009444,0.06962789219290845,0.20596766011537038,0.14894345318008725,0.008878007410376124
choque_05pct_temporario,temporario,0.95,0.050000000000000044,False,89,130,20,10784034.057474442,0.08412422014864933,0.21591737357755614,0.16584448771342827,0.0034146583352507357
choque_05pct_temporario,temporario,0.95,0.050000000000000044,False,89,130,21,10541251.653907452,0.10095295501597945,0.2030074960624495,0.19336320457285477,-0.011956640452196708
choque_05pct_temporario,temporario,0.95,0.050000000000000044,False,89,130,22,10372775.892038906,0.1086599384981376,0.1781582093463785,0.20576672001175672,-0.027578150160821154
choque_05pct_temporario,temporario,0.95,0.050000000000000044,False,89,130,23,10336953.061887803,0.10288438547684395,0.1464975565709712,0.20575233757626374,-0.04286603579611664
choque_05pct_temporario,temporario,0.95,0.050000000000000044,False,89,130,24,10661902.903623862,0.08502149015300091,0.11864836756387653,0.1907161463084949,-0.048182321804945326
choque_05pct_temporario,temporario,0.95,0.050000000000000044,False,89,130,25,11464685.864138644,0.05324796733640633,0.10893439003945282,0.1637505315092113,-0.0410644702668415
choque_05pct_temporario,temporario,0.95,0.050000000000000044,False,90,131,0,7609597.0,0.138,0.03,0.12063832026847152,0.010583740505574736
choque_05pct_temporario,temporario,0.95,0.050000000000000044,False,90,131,1,7652724.38733265,0.14039181650999813,0.030000000000000027,0.11859183719691781,0.007984885903803248
choque_05pct_temporario,temporario,0.95,0.050000000000000044,False,90,131,2,7796327.271840712,0.13522708141572493,0.02417908667902502,0.12053614894020194,0.0036874241421439445
choque_05pct_temporario,temporario,0.95,0.050000000000000044,False,90,131,3,8073772.352932212,0.12445445098908703,0.02685216709778704,0.11139253261013682,0.008022676142664413
choque_05pct_temporario,temporario,0.95,0.050000000000000044,False,90,131,4,8358422.61210144,0.10933433741714887,0.030366269773322463,0.10495242619812452,0.006489299326391141
choque_05pct_temporario,temporario,0.95,0.050000000000000044,False,90,131,5,8625761.728590587,0.09584908809980736,0.044795806489978496,0.09841100954163758,0.008808072395702977
choque_05pct_temporario,temporario,0.95,0.050000000000000044,False,90,131,6,8770027.298077444,0.0923577260010872,0.06387906326540027,0.09926826343741167,0.011038606660908029
choque_05pct_temporario,temporario,0.95,0.050000000000000044,False,90,131,7,8864830.670309283,0.09835524634485182,0.08595513451500114,0.107895014784458,0.011882693595756298
choque_05pct_temporario,temporario,0.95,0.050000000000000044,False,90,131,8,8857996.224828405,0.10562529465468301,0.09887809281619142,0.12330522917789838,0.008796366714218403
choque_05pct_temporario,temporario,0.95,0.050000000000000044,False,90,131,9,8843300.999060329,0.11218872231143193,0.10623967969733639,0.13534452218737114,0.005679945570270127
choque_05pct_temporario,temporario,0.95,0.050000000000000044,False,90,131,10,8784318.875344396,0.12145685800822958,0.10211103338636862,0.14885853649087924,-0.004066337102637093
choque_05pct_temporario,temporario,0.95,0.050000000000000044,False,90,131,11,8756164.4524137,0.12576737893770792,0.0920289702034447,0.1590506257562844,-0.010068015208717182
choque_05pct_temporario,temporario,0.95,0.050000000000000044,False,90,131,12,8829635.367745588,0.12779407222276373,0.07769153302179399,0.16305638067695918,-0.02200248651563688
choque_05pct_temporario,temporario,0.95,0.050000000000000044,False,90,131,13,8908075.6236776,0.12367213239007085,0.06249392449595015,0.1639386254650988,-0.026682996747072616
choque_05pct_temporario,temporario,0.95,0.050000000000000044,False,90,131,14,9226068.835245972,0.10650072997295412,0.052787141260007386,0.152301950403641,-0.029881993202193098
choque_05pct_temporario,temporario,0.95,0.050000000000000044,False,90,131,15,9843420.63060912,0.07945459702994605,0.05256213837155088,0.13173508476281007,-0.02106806146120055
choque_05pct_temporario,temporario,0.95,0.050000000000000044,False,90,131,16,10384043.071335245,0.05529288551291288,0.0748667792494131,0.11354235118251234,-0.011462622486423943
choque_05pct_temporario,temporario,0.95,0.050000000000000044,False,90,131,17,10721010.77131776,0.05084642359755614,0.12158037732379756,0.10664428000119647,0.004568709205093307
choque_05pct_temporario,temporario,0.95,0.050000000000000044,False,90,131,18,10841691.374939045,0.06370676090609219,0.1776340078533032,0.1248063125569947,0.012921684939745881
choque_05pct_temporario,temporario,0.95,0.050000000000000044,False,90,131,19,10956605.42031047,0.07996761934457113,0.20940793324892182,0.15634453074183832,0.01024755679961002
choque_05pct_temporario,temporario,0.95,0.050000000000000044,False,90,131,20,10773428.908140717,0.09323408687996786,0.21689512253274335,0.17638444534821557,0.004116687912170746
choque_05pct_temporario,temporario,0.95,0.050000000000000044,False,90,131,21,10655568.917905532,0.09440509231741016,0.20103729300597895,0.18787677498793015,-0.012722076493180757
choque_05pct_temporario,temporario,0.95,0.050000000000000044,False,90,131,22,10453347.686399909,0.10302039399811774,0.17834092506152044,0.19559189771332736,-0.0270801445831843
choque_05pct_temporario,temporario,0.95,0.050000000000000044,False,90,131,23,10451537.69330745,0.10178138140297281,0.14874901489922632,0.20268758878200768,-0.0422248862560591
choque_05pct_temporario,temporario,0.95,0.050000000000000044,False,90,131,24,10732363.216721354,0.08455265079514422,0.12362815108980163,0.1903783975614618,-0.04872994332531744
choque_05pct_temporario,temporario,0.95,0.050000000000000044,False,90,131,25,11423116.941027656,0.05529181046541843,0.11497211051132417,0.1660095423659338,-0.04503677379845579
choque_05pct_temporario,temporario,0.95,0.050000000000000044,False,91,132,0,7609597.0,0.138,0.03,0.12063832026847152,0.010583740505574736
choque_05pct_temporario,temporario,0.95,0.050000000000000044,False,91,132,1,7652724.38733265,0.14039181650999813,0.030000000000000027,0.11859183719691781,0.007984885903803248
choque_05pct_temporario,temporario,0.95,0.050000000000000044,False,91,132,2,7801363.801246859,0.13522775574117843,0.024178310632268163,0.12045568678891584,0.0037154610565848633
choque_05pct_temporario,temporario,0.95,0.050000000000000044,False,91,132,3,8059334.64543444,0.12592379526682104,0.02682999834979438,0.11198446921286653,0.006524334105458648
choque_05pct_temporario,temporario,0.95,0.050000000000000044,False,91,132,4,8352743.551038203,0.10882169687550454,0.029664268414322237,0.10493080772983111,0.006315199390668331
choque_05pct_temporario,temporario,0.95,0.050000000000000044,False,91,132,5,8665213.633104,0.0943157271419803,0.045162275050778744,0.09555632795995593,0.011867779048552029
choque_05pct_temporario,temporario,0.95,0.050000000000000044,False,91,132,6,8811401.863406437,0.08830103060485339,0.06355143532057128,0.09697711113231924,0.01280486094616792
choque_05pct_temporario,temporario,0.95,0.050000000000000044,False,91,132,7,8899723.870924987,0.09504373421081125,0.08885063404151694,0.10471025297641572,0.014697595357204605
choque_05pct_temporario,temporario,0.95,0.050000000000000044,False,91,132,8,8908406.941969626,0.10487855277915598,0.10383809310880587,0.1227116249557743,0.012502306310956153
choque_05pct_temporario,temporario,0.95,0.050000000000000044,False,91,132,9,8801874.433821054,0.11757276732724264,0.11084606817985643,0.14059392692339184,0.0040207101280415975
choque_05pct_temporario,temporario,0.95,0.050000000000000044,False,91,132,10,8648711.382732509,0.13329237418859485,0.10295405567916749,0.16014572322246434,-0.007511070843084278
choque_05pct_temporario,temporario,0.95,0.050000000000000044,False,91,132,11,8594084.016555138,0.13921910228756124,0.08763299795903423,0.17003525415532944,-0.01641591171675609
choque_05pct_temporario,temporario,0.95,0.050000000000000044,False,91,132,12,8671666.838648804,0.1317721447310103,0.06803129161846155,0.16872937282864228,-0.02713735687247012
choque_05pct_temporario,temporario,0.95,0.050000000000000044,False,91,132,13,8980806.19578305,0.11679896423468607,0.05307981423622965,0.15548804846714898,-0.029368270597235374
choque_05pct_temporario,temporario,0.95,0.050000000000000044,False,91,132,14,9562274.876361568,0.09320796747770382,0.04550926246745779,0.13806961557993244,-0.02350884625037139
choque_05pct_temporario,temporario,0.95,0.050000000000000044,False,91,132,15,9983651.991537692,0.07095986477924562,0.054616006479770496,0.12288514588289637,-0.01658385492719247
choque_05pct_temporario,temporario,0.95,0.050000000000000044,False,91,132,16,10310192.01508537,0.060041923925998456,0.08373022002514618,0.11483379918683405,-0.009140359058894558
choque_05pct_temporario,temporario,0.95,0.050000000000000044,False,91,132,17,10651786.756241523,0.06031266443094771,0.12801327027323506,0.11719248001298373,-0.0004631715351941648
choque_05pct_temporario,temporario,0.95,0.050000000000000044,False,91,132,18,10886277.331367683,0.0636843829073794,0.17071308700373788,0.13090023323865185,0.008353636788311747
choque_05pct_temporario,temporario,0.95,0.050000000000000044,False,91,132,19,10964397.814233948,0.07133977572469484,0.20487634187152537,0.14614617517760112,0.010030866801819601
choque_05pct_temporario,temporario,0.95,0.050000000000000044,False,91,132,20,10799748.38055467,0.08504835302713952,0.2174252880319123,0.16842962109290605,0.0026967998124744494
choque_05pct_temporario,temporario,0.95,0.050000000000000044,False,91,132,21,10695856.824873779,0.09291524070666818,0.20900748219307652,0.18529738429233908,-0.008271977788985125
choque_05pct_temporario,temporario,0.95,0.050000000000000044,False,91,132,22,10565988.432991873,0.09549433696203098,0.1870101075677535,0.19391200809967385,-0.023082950140277413
choque_05pct_temporario,temporario,0.95,0.050000000000000044,False,91,132,23,10530795.12533189,0.09548652321586984,0.16267179942700083,0.1969696297254883,-0.035938298238817376
choque_05pct_temporario,temporario,0.95,0.050000000000000044,False,91,132,24,10780007.934550148,0.08474383110492023,0.13721501294119887,0.1911753408718632,-0.0427913216150303
choque_05pct_temporario,temporario,0.95,0.050000000000000044,False,91,132,25,11328771.029500246,0.057526631798273116,0.1268228465047445,0.17086010966148601,-0.03954116050760574
choque_05pct_temporario,temporario,0.95,0.050000000000000044,False,92,133,0,7609597.0,0.138,0.03,0.12063832026847152,0.010583740505574736
choque_05pct_temporario,temporario,0.95,0.050000000000000044,False,92,133,1,7652724.38733265,0.14039181650999813,0.030000000000000027,0.11859183719691781,0.007984885903803248
choque_05pct_temporario,temporario,0.95,0.050000000000000044,False,92,133,2,7801479.359865671,0.13522708141572493,0.024178922557531957,0.12044770636349743,0.00402440506770513
choque_05pct_temporario,temporario,0.95,0.050000000000000044,False,92,133,3,8050993.841168452,0.12459715352845571,0.02687422926141636,0.11180636352009912,0.007969732121799262
choque_05pct_temporario,temporario,0.95,0.050000000000000044,False,92,133,4,8410107.79912457,0.10957150747133619,0.030290844516926763,0.10526271395701767,0.005509297045593013
choque_05pct_temporario,temporario,0.95,0.050000000000000044,False,92,133,5,8566805.080429774,0.09726158255892951,0.046054846524976156,0.09894490919912968,0.011987575747395
choque_05pct_temporario,temporario,0.95,0.050000000000000044,False,92,133,6,8693955.4952602,0.095818528618663,0.06302142708946845,0.10180914376555518,0.009808326233588639
choque_05pct_temporario,temporario,0.95,0.050000000000000044,False,92,133,7,8831394.878404934,0.09867555750721321,0.08238334201911823,0.10913519700122676,0.010613061254355023
choque_05pct_temporario,temporario,0.95,0.050000000000000044,False,92,133,8,8889298.118147155,0.10305703693462404,0.09560583252773025,0.12037192945263023,0.006555251152366723
choque_05pct_temporario,temporario,0.95,0.050000000000000044,False,92,133,9,8921338.380196344,0.10897281420065848,0.10199358479020848,0.13161892061124328,0.0067886603348793016
choque_05pct_temporario,temporario,0.95,0.050000000000000044,False,92,133,10,8852069.857631791,0.11725811037314958,0.1007373361727888,0.1453406339336924,0.001050549677566677
choque_05pct_temporario,temporario,0.95,0.050000000000000044,False,92,133,11,8847910.2842165,0.12069618449055239,0.09333237328754551,0.15512077395135906,-0.006822130976752328
choque_05pct_temporario,temporario,0.95,0.050000000000000044,False,92,133,12,8858560.662762016,0.12485861447283746,0.08266776181027113,0.16110772175887722,-0.015644462579735733
choque_05pct_temporario,temporario,0.95,0.050000000000000044,False,92,133,13,8897852.517737802,0.1247402175478564,0.06995909241981857,0.1655778830853996,-0.025788208075751655
choque_05pct_temporario,temporario,0.95,0.050000000000000044,False,92,133,14,9167331.984148387,0.11197404458667692,0.05842671134746902,0.1581018191467075,-0.02682795129265433
choque_05pct_temporario,temporario,0.95,0.050000000000000044,False,92,133,15,9685568.333591156,0.09039042626092042,0.05406501494721838,0.14144980792860615,-0.023292570722246383
choque_05pct_temporario,temporario,0.95,0.050000000000000044,False,92,133,16,10212610.751536664,0.0667524161880973,0.06644432119882082,0.12510421455905454,-0.01809014353604092
choque_05pct_temporario,temporario,0.95,0.050000000000000044,False,92,133,17,10573706.195147313,0.05343996605273561,0.09996705917249615,0.11344631985275709,-0.004932492583860703
choque_05pct_temporario,temporario,0.95,0.050000000000000044,False,92,133,18,10928070.23916097,0.05194329697201079,0.15174555698709957,0.11375997374278651,0.00838693912507194
choque_05pct_temporario,temporario,0.95,0.050000000000000044,False,92,133,19,11200570.871703744,0.05779001636396936,0.20326521854299395,0.12815148303152815,0.01725958160078763
choque_05pct_temporario,temporario,0.95,0.050000000000000044,False,92,133,20,11335339.777156511,0.06516577118476427,0.23873413574261382,0.14775933995746238,0.019675635403535518
choque_05pct_temporario,temporario,0.95,0.050000000000000044,False,92,133,21,11146832.803083062,0.0807368198765176,0.2514370437610107,0.1707789794751046,0.011572374753062184
choque_05pct_temporario,temporario,0.95,0.050000000000000044,False,92,133,22,10780990.23627229,0.10375505036827402,0.23729039653456607,0.20028335253050145,-0.0036744906527171575
choque_05pct_temporario,temporario,0.95,0.050000000000000044,False,92,133,23,10419846.61280378,0.11662246830640553,0.20007656462848078,0.2221602404351706,-0.029287463610198676
choque_05pct_temporario,temporario,0.95,0.050000000000000044,False,92,133,24,10297341.870272765,0.11540584672244045,0.1563885508251408,0.2229269377291554,-0.049558707078918185
choque_05pct_temporario,temporario,0.95,0.050000000000000044,False,92,133,25,10506436.064879082,0.0993006580162552,0.11744650471911444,0.2103632713168651,-0.06366030455871266
choque_05pct_temporario,temporario,0.95,0.050000000000000044,False,93,134,0,7609597.0,0.138,0.03,0.12063832026847152,0.010583740505574736
choque_05pct_temporario,temporario,0.95,0.050000000000000044,False,93,134,1,7652724.38733265,0.14039181650999813,0.030000000000000027,0.11859183719691781,0.007984885903803248
choque_05pct_temporario,temporario,0.95,0.050000000000000044,False,93,134,2,7798098.989714469,0.13522810176033073,0.0241804149381053,0.12052631703445287,0.0040433509135451556
choque_05pct_temporario,temporario,0.95,0.050000000000000044,False,93,134,3,8048611.260242105,0.1255889199486209,0.02682862022488619,0.11183314389958024,0.004645982787195535
choque_05pct_temporario,temporario,0.95,0.050000000000000044,False,93,134,4,8387757.11730165,0.1095433858285508,0.029893537236607592,0.10429907243203539,0.003134140866338429
choque_05pct_temporario,temporario,0.95,0.050000000000000044,False,93,134,5,8687019.903553195,0.09051220791382197,0.04665475721710499,0.092583317968144,0.010413507258949916
choque_05pct_temporario,temporario,0.95,0.050000000000000044,False,93,134,6,8874335.161349384,0.0830463249238035,0.06746890621393198,0.09065686587556208,0.012872287132593668
choque_05pct_temporario,temporario,0.95,0.050000000000000044,False,93,134,7,9069554.160057228,0.08497045929014241,0.09618598709114878,0.09712621788646413,0.014348864717142109
choque_05pct_temporario,temporario,0.95,0.050000000000000044,False,93,134,8,9027500.410207897,0.09738100416158244,0.11556887885903078,0.11586659231047804,0.01428290317974842
choque_05pct_temporario,temporario,0.95,0.050000000000000044,False,93,134,9,8917595.281326022,0.11596043211234154,0.1251012466025665,0.13903963411041198,0.006868992601565757
choque_05pct_temporario,temporario,0.95,0.050000000000000044,False,93,134,10,8684187.209927462,0.13620112912647483,0.11594786515997169,0.16380260884873296,-0.00136874708760284
choque_05pct_temporario,temporario,0.95,0.050000000000000044,False,93,134,11,8528555.948939594,0.1452382550966291,0.09808506321143384,0.1773325550619529,-0.015202457448981197
choque_05pct_temporario,temporario,0.95,0.050000000000000044,False,93,134,12,8541858.051891027,0.14557778230114818,0.07140207121833164,0.18081497022061427,-0.025784095079513784
choque_05pct_temporario,temporario,0.95,0.050000000000000044,False,93,134,13,8652494.637932492,0.13819197356801136,0.04748231166748118,0.17605941342831682,-0.03307335792808361
choque_05pct_temporario,temporario,0.95,0.050000000000000044,False,93,134,14,9130690.568514513,0.11584109801726832,0.029833917304737056,0.1587547154988293,-0.036212479142954807
choque_05pct_temporario,temporario,0.95,0.050000000000000044,False,93,134,15,9738329.172174953,0.090895630579613,0.02675932671168857,0.1371771514401912,-0.027860224994816843
choque_05pct_temporario,temporario,0.95,0.050000000000000044,False,93,134,16,10174614.416083632,0.06781720829752078,0.04294593383430545,0.12181041282264087,-0.018400477289650826
choque_05pct_temporario,temporario,0.95,0.050000000000000044,False,93,134,17,10620649.226054637,0.05398123341716459,0.08100976963803896,0.11128109418845052,-0.00963295573131813
choque_05pct_temporario,temporario,0.95,0.050000000000000044,False,93,134,18,10985584.22076258,0.05296191088680142,0.13901308122954914,0.11147981749140984,0.0030490326328394116
choque_05pct_temporario,temporario,0.95,0.050000000000000044,False,93,134,19,11235158.923897991,0.05914316024528675,0.19577212594990412,0.12758425976084142,0.01561005739689286
choque_05pct_temporario,temporario,0.95,0.050000000000000044,False,93,134,20,11327480.710067539,0.06626620286859823,0.23377966980947162,0.14772425717363244,0.01591531991074704
choque_05pct_temporario,temporario,0.95,0.050000000000000044,False,93,134,21,11262390.939895974,0.07648970375427477,0.24904938576935254,0.16527251998105189,0.0124022599001757
choque_05pct_temporario,temporario,0.95,0.050000000000000044,False,93,134,22,10986929.51815103,0.08923699531491434,0.2401615304087521,0.18817175684788398,-0.0034022319670718977
choque_05pct_temporario,temporario,0.95,0.050000000000000044,False,93,134,23,10696677.61414583,0.10421823973206724,0.2143618818898343,0.20676289719506322,-0.022210780582729853
choque_05pct_temporario,temporario,0.95,0.050000000000000044,False,93,134,24,10553917.885955805,0.1074165480858106,0.1761598375017066,0.2158061573027105,-0.03957713854641681
choque_05pct_temporario,temporario,0.95,0.050000000000000044,False,93,134,25,10686776.658916513,0.09395831890281393,0.13970554924291356,0.20679720016922032,-0.05300129300566177
choque_05pct_temporario,temporario,0.95,0.050000000000000044,False,94,135,0,7609597.0,0.138,0.03,0.12063832026847152,0.010583740505574736
choque_05pct_temporario,temporario,0.95,0.050000000000000044,False,94,135,1,7652724.38733265,0.14039181650999813,0.030000000000000027,0.11859183719691781,0.007984885903803248
choque_05pct_temporario,temporario,0.95,0.050000000000000044,False,94,135,2,7814558.009882068,0.13522708141572493,0.02416989095586297,0.12054108862533205,0.0012728111507551688
choque_05pct_temporario,temporario,0.95,0.050000000000000044,False,94,135,3,8076496.256585935,0.1242160764431626,0.026895033381705735,0.11156298160437003,0.003305740956036101
choque_05pct_temporario,temporario,0.95,0.050000000000000044,False,94,135,4,8386552.982165404,0.10785965708358848,0.030525618130137655,0.10333090132562817,0.007313327755591004
choque_05pct_temporario,temporario,0.95,0.050000000000000044,False,94,135,5,8700653.948257297,0.09363039011301062,0.04662155253861733,0.09562041309763089,0.011575540166677977
choque_05pct_temporario,temporario,0.95,0.050000000000000044,False,94,135,6,8788073.30969518,0.09068707123471521,0.06609287885979698,0.09860343773063004,0.012266579546075112
choque_05pct_temporario,temporario,0.95,0.050000000000000044,False,94,135,7,8802967.081389997,0.10169535788910623,0.08898031946355278,0.11029328654436646,0.013703164527462789
choque_05pct_temporario,temporario,0.95,0.050000000000000044,False,94,135,8,8797458.695292791,0.110828156383614,0.09906867174277578,0.129702548652052,0.010798279192091776
choque_05pct_temporario,temporario,0.95,0.050000000000000044,False,94,135,9,8694507.79294605,0.12218650149372139,0.1021123804833699,0.14451302631585225,0.004387807592206601
choque_05pct_temporario,temporario,0.95,0.050000000000000044,False,94,135,10,8609346.9719044,0.13204884592750557,0.094322632135736,0.1590608642510659,-0.005631533335018559
choque_05pct_temporario,temporario,0.95,0.050000000000000044,False,94,135,11,8561327.118075956,0.13643950502980795,0.07969308938585828,0.16789423253023736,-0.0175979416481527
choque_05pct_temporario,temporario,0.95,0.050000000000000044,False,94,135,12,8683775.516126242,0.133292872354797,0.0610678279461756,0.1673422929487865,-0.024652251146932338
choque_05pct_temporario,temporario,0.95,0.050000000000000044,False,94,135,13,9054885.14247474,0.11555502505846392,0.04646441417787073,0.1551286537488667,-0.0296609240648154
choque_05pct_temporario,temporario,0.95,0.050000000000000044,False,94,135,14,9582323.577704389,0.08993128276361784,0.04268100398037644,0.13545039214166027,-0.02480879086896188
choque_05pct_temporario,temporario,0.95,0.050000000000000044,False,94,135,15,10124198.04922245,0.06642842519414024,0.05623325593648976,0.11772833702244473,-0.013283516923776816
choque_05pct_temporario,temporario,0.95,0.050000000000000044,False,94,135,16,10447275.686482815,0.05542742871288835,0.09219012040223618,0.10933611089181262,-0.0050666374024455445
choque_05pct_temporario,temporario,0.95,0.050000000000000044,False,94,135,17,10699200.50805345,0.06135360990309024,0.143094220069915,0.1153128164842506,0.0037165098357595477
choque_05pct_temporario,temporario,0.95,0.050000000000000044,False,94,135,18,10858168.654430294,0.0688983264878108,0.1841559297803761,0.137567269936852,0.008075520405910601
choque_05pct_temporario,temporario,0.95,0.050000000000000044,False,94,135,19,10981603.021606963,0.07271755095566876,0.2088187649419202,0.15012612600852215,0.011727944764983164
choque_05pct_temporario,temporario,0.95,0.050000000000000044,False,94,135,20,10875461.360925596,0.07843836843882031,0.21785984411620363,0.16422964612272187,0.005601444436749834
choque_05pct_temporario,temporario,0.95,0.050000000000000044,False,94,135,21,10645108.082648026,0.09531879833677943,0.2114360269101676,0.18440015233192245,-0.007737296794996678
choque_05pct_temporario,temporario,0.95,0.050000000000000044,False,94,135,22,10437421.02995796,0.10606644187302179,0.18642871452256227,0.20510186864773045,-0.025543644863954912
choque_05pct_temporario,temporario,0.95,0.050000000000000044,False,94,135,23,10425716.86734506,0.10313634506422072,0.15572234706262078,0.20549898425137003,-0.04063756203276431
choque_05pct_temporario,temporario,0.95,0.050000000000000044,False,94,135,24,10701044.060213871,0.08743170856151158,0.1282285911655634,0.19303165941960446,-0.04542220251327552
choque_05pct_temporario,temporario,0.95,0.050000000000000044,False,94,135,25,11250688.674370278,0.06171334595853362,0.11472122929910622,0.17210157892078676,-0.04362002827195944
choque_05pct_temporario,temporario,0.95,0.050000000000000044,False,95,136,0,7609597.0,0.138,0.03,0.12063832026847152,0.010583740505574736
choque_05pct_temporario,temporario,0.95,0.050000000000000044,False,95,136,1,7652724.38733265,0.14039181650999813,0.030000000000000027,0.11859183719691781,0.007984885903803248
choque_05pct_temporario,temporario,0.95,0.050000000000000044,False,95,136,2,7791841.006889455,0.13522708141572493,0.02416993713401272,0.12054171548594818,0.0015157794382182946
choque_05pct_temporario,temporario,0.95,0.050000000000000044,False,95,136,3,8081011.821040164,0.12322916479603245,0.026898449786931566,0.11010989397625592,0.006030762642024128
choque_05pct_temporario,temporario,0.95,0.050000000000000044,False,95,136,4,8434833.621726869,0.1048644735683798,0.030979533433947326,0.10127758298797512,0.006380445045708283
choque_05pct_temporario,temporario,0.95,0.050000000000000044,False,95,136,5,8696537.344383795,0.08983748680776558,0.049047879409366724,0.0919854613007528,0.012557662677090447
choque_05pct_temporario,temporario,0.95,0.050000000000000044,False,95,136,6,8900093.186816685,0.08477285606146172,0.07069030727681924,0.09289670987311933,0.014228709082261096
choque_05pct_temporario,temporario,0.95,0.050000000000000044,False,95,136,7,8938292.315204237,0.09353892330685103,0.09769843533655842,0.1037080364989108,0.01580713307056087
choque_05pct_temporario,temporario,0.95,0.050000000000000044,False,95,136,8,8879774.590087984,0.10831778831802444,0.11224844615189977,0.12578455328759144,0.012929992157412348
choque_05pct_temporario,temporario,0.95,0.050000000000000044,False,95,136,9,8767481.681540363,0.12213054143647933,0.1148372914837954,0.14537464795818336,0.0054897942892899645
choque_05pct_temporario,temporario,0.95,0.050000000000000044,False,95,136,10,8616021.885159543,0.13503091244797646,0.10437667741766798,0.1624962169399599,-0.0051477288831350216
choque_05pct_temporario,temporario,0.95,0.050000000000000044,False,95,136,11,8512255.609136349,0.1437180451190663,0.08522556780995205,0.17443050511883446,-0.018452836957084287
choque_05pct_temporario,temporario,0.95,0.050000000000000044,False,95,136,12,8552437.621351436,0.14228001513837585,0.062005668526946556,0.17660448097835565,-0.029159254714604357
choque_05pct_temporario,temporario,0.95,0.050000000000000044,False,95,136,13,8836895.636425272,0.1266432460382818,0.04272505511833069,0.16461099833995776,-0.03393405937183469
choque_05pct_temporario,temporario,0.95,0.050000000000000044,False,95,136,14,9454892.172576752,0.09904961173454295,0.03231948443929333,0.14267443051196096,-0.02748843193841106
choque_05pct_temporario,temporario,0.95,0.050000000000000044,False,95,136,15,9928639.091399645,0.07473938528625446,0.04014305917858896,0.12471123241415745,-0.018296248668870956
choque_05pct_temporario,temporario,0.95,0.050000000000000044,False,95,136,16,10286649.608150175,0.060587718598493566,0.06800648242185314,0.11508860167333665,-0.012270886145280437
choque_05pct_temporario,temporario,0.95,0.050000000000000044,False,95,136,17,10641908.806377979,0.060384709994604886,0.11555929567365397,0.1151308584801822,-0.0020757272536540998
choque_05pct_temporario,temporario,0.95,0.050000000000000044,False,95,136,18,10835633.669283846,0.06662510170165849,0.16109277839638114,0.13097492444941278,0.003616051199666009
choque_05pct_temporario,temporario,0.95,0.050000000000000044,False,95,136,19,10943547.675478289,0.07262474011064211,0.19398737534511157,0.14682830560488505,0.008555947541985468
choque_05pct_temporario,temporario,0.95,0.050000000000000044,False,95,136,20,10999431.47467528,0.07267275354732196,0.20938544076534749,0.1579507721245686,0.007823302520809216
choque_05pct_temporario,temporario,0.95,0.050000000000000044,False,95,136,21,10952551.858442292,0.07690808076735972,0.2152848564400831,0.16626186385623432,-0.0017774857588934907
choque_05pct_temporario,temporario,0.95,0.050000000000000044,False,95,136,22,10906690.228795322,0.08515675196772315,0.20757637717079658,0.18046315426324225,-0.010976989745420069
choque_05pct_temporario,temporario,0.95,0.050000000000000044,False,95,136,23,10775072.970711673,0.090291326807334,0.18946466287767905,0.19431899578753214,-0.02139403827250367
choque_05pct_temporario,temporario,0.95,0.050000000000000044,False,95,136,24,10762547.78777201,0.08966165728448561,0.16711330289108828,0.1987624059473408,-0.03503439677584455
choque_05pct_temporario,temporario,0.95,0.050000000000000044,False,95,136,25,11072842.419190273,0.07591833685489811,0.1468890392973552,0.18938282752669983,-0.0385311066325215
choque_05pct_temporario,temporario,0.95,0.050000000000000044,False,96,137,0,7609597.0,0.138,0.03,0.12063832026847152,0.010583740505574736
choque_05pct_temporario,temporario,0.95,0.050000000000000044,False,96,137,1,7652724.38733265,0.14039181650999813,0.030000000000000027,0.11859183719691781,0.007984885903803248
choque_05pct_temporario,temporario,0.95,0.050000000000000044,False,96,137,2,7813027.885430509,0.13522708432242495,0.024179061925142076,0.12049817557678394,0.0031318405278757608
choque_05pct_temporario,temporario,0.95,0.050000000000000044,False,96,137,3,8040872.652646854,0.12468852058595005,0.026848908663881232,0.11206414546989411,0.005599839883894634
choque_05pct_temporario,temporario,0.95,0.050000000000000044,False,96,137,4,8406439.841158686,0.10919936659850601,0.030339077686677873,0.1046511731072642,0.006451696617850414
choque_05pct_temporario,temporario,0.95,0.050000000000000044,False,96,137,5,8607680.004340125,0.09482039239016622,0.04595242666474553,0.09749606203800293,0.009931670883489535
choque_05pct_temporario,temporario,0.95,0.050000000000000044,False,96,137,6,8765598.0647265,0.09246530081865945,0.06423836677859662,0.09885295923890211,0.011198900250273893
choque_05pct_temporario,temporario,0.95,0.050000000000000044,False,96,137,7,8890202.453146894,0.09542286308724222,0.08556234748131142,0.10702048691051624,0.011433518342715833
choque_05pct_temporario,temporario,0.95,0.050000000000000044,False,96,137,8,8921104.395845776,0.10306419380930186,0.10086836184688286,0.12047052545144006,0.009657890337270384
choque_05pct_temporario,temporario,0.95,0.050000000000000044,False,96,137,9,8872482.565193811,0.11426640846399874,0.10740986840590039,0.13635310850621865,0.0029725672507632086
choque_05pct_temporario,temporario,0.95,0.050000000000000044,False,96,137,10,8785033.542692514,0.12345511548426617,0.10286769734636647,0.15188852427854654,-0.002073943294599602
choque_05pct_temporario,temporario,0.95,0.050000000000000044,False,96,137,11,8755988.598411221,0.12944583903708054,0.09018882385523841,0.16177432697406208,-0.009087232648572302
choque_05pct_temporario,temporario,0.95,0.050000000000000044,False,96,137,12,8765602.687118571,0.1308185591192198,0.07447381715930068,0.16666172867416268,-0.019513930061952803
choque_05pct_temporario,temporario,0.95,0.050000000000000044,False,96,137,13,8914204.734826708,0.12213926518233556,0.060166969478823606,0.16304669179205283,-0.028188395278910518
choque_05pct_temporario,temporario,0.95,0.050000000000000044,False,96,137,14,9310630.19889236,0.10370285335559074,0.04994647291624066,0.14907884055648832,-0.02765508484850273
choque_05pct_temporario,temporario,0.95,0.050000000000000044,False,96,137,15,9842062.420217428,0.08039157337241254,0.053084315019478634,0.13130669126846947,-0.019832337470427615
choque_05pct_temporario,temporario,0.95,0.050000000000000044,False,96,137,16,10352844.804977411,0.060423611432478486,0.07399406799741759,0.11677930915748969,-0.012622771337155404
choque_05pct_temporario,temporario,0.95,0.050000000000000044,False,96,137,17,10662381.251727892,0.05199382210781098,0.11772316258001858,0.11041661825616514,0.00013262311080448967
choque_05pct_temporario,temporario,0.95,0.050000000000000044,False,96,137,18,10944770.02798053,0.05674277007239056,0.17149549434961409,0.11853005360463087,0.011763768642469192
choque_05pct_temporario,temporario,0.95,0.050000000000000044,False,96,137,19,11046647.812251868,0.07199845992399646,0.21345471058903365,0.14410102392045343,0.015647914550093855
choque_05pct_temporario,temporario,0.95,0.050000000000000044,False,96,137,20,10928516.227753457,0.08675159485444878,0.22692948575807215,0.1721370857113433,0.007586131672099253
choque_05pct_temporario,temporario,0.95,0.050000000000000044,False,96,137,21,10713658.201490326,0.09558083062237034,0.21777452576541823,0.18796914552744495,-0.004886237965671963
choque_05pct_temporario,temporario,0.95,0.050000000000000044,False,96,137,22,10492638.35044595,0.10238808511193198,0.19219779158813388,0.19968424156791834,-0.02200065141965341
choque_05pct_temporario,temporario,0.95,0.050000000000000044,False,96,137,23,10445834.151621878,0.10520477366742355,0.16105523871078398,0.2052908278673343,-0.03777429220254909
choque_05pct_temporario,temporario,0.95,0.050000000000000044,False,96,137,24,10495581.877008164,0.0986909252960891,0.12931834393055874,0.20409894273583232,-0.04961214213791669
choque_05pct_temporario,temporario,0.95,0.050000000000000044,False,96,137,25,11070605.406256668,0.07447797778170474,0.10830181316928233,0.1838552659652905,-0.049439547982101165
choque_05pct_temporario,temporario,0.95,0.050000000000000044,False,97,138,0,7609597.0,0.138,0.03,0.12063832026847152,0.010583740505574736
choque_05pct_temporario,temporario,0.95,0.050000000000000044,False,97,138,1,7652724.38733265,0.14039181650999813,0.030000000000000027,0.11859183719691781,0.007984885903803248
choque_05pct_temporario,temporario,0.95,0.050000000000000044,False,97,138,2,7792516.673478031,0.13522708141572493,0.02417133521630066,0.12050939138616175,0.0021572772662048624
choque_05pct_temporario,temporario,0.95,0.050000000000000044,False,97,138,3,8087776.762550788,0.12326248517856582,0.02690406073487961,0.11054110655687731,0.004331462366566635
choque_05pct_temporario,temporario,0.95,0.050000000000000044,False,97,138,4,8417668.149880655,0.10671053746039795,0.030957958271249364,0.10219570201673295,0.008306399212989061
choque_05pct_temporario,temporario,0.95,0.050000000000000044,False,97,138,5,8643119.254943326,0.09062846683540277,0.04789705271044942,0.09388576411379886,0.009864899631588953
choque_05pct_temporario,temporario,0.95,0.050000000000000044,False,97,138,6,8891390.471501976,0.08500871141130695,0.06951809040283186,0.09203799069840395,0.011320338340673334
choque_05pct_temporario,temporario,0.95,0.050000000000000044,False,97,138,7,9039996.918664264,0.08692711986642472,0.09669802040189546,0.09904873260880342,0.01076615352635612
choque_05pct_temporario,temporario,0.95,0.050000000000000044,False,97,138,8,9087343.490958545,0.09469638222901072,0.11624681928591452,0.1134558428660555,0.01477760436869783
choque_05pct_temporario,temporario,0.95,0.050000000000000044,False,97,138,9,8961525.028732374,0.11012005741588912,0.12645810376347089,0.13366096951306908,0.010707416019802156
choque_05pct_temporario,temporario,0.95,0.050000000000000044,False,97,138,10,8773278.523345666,0.12569690385952043,0.1213292501296026,0.15659566542088482,0.0008086627516261393
choque_05pct_temporario,temporario,0.95,0.050000000000000044,False,97,138,11,8638727.148860887,0.13939032126492137,0.10395454268438331,0.1727966780332379,-0.010107239880972311
choque_05pct_temporario,temporario,0.95,0.050000000000000044,False,97,138,12,8478598.93026058,0.14858021189084214,0.08027409925497131,0.18548762674484248,-0.02752343639279922
choque_05pct_temporario,temporario,0.95,0.050000000000000044,False,97,138,13,8603176.448839525,0.14254869521716526,0.054604461689499395,0.1824250234735435,-0.038154381114878635
choque_05pct_temporario,temporario,0.95,0.050000000000000044,False,97,138,14,8991369.737985939,0.1261462415127125,0.033192322645640315,0.16690501123894108,-0.03844529003643587
choque_05pct_temporario,temporario,0.95,0.050000000000000044,False,97,138,15,9561743.626360064,0.09830737955831931,0.024341293857471857,0.14552487790150753,-0.0331636734657588
choque_05pct_temporario,temporario,0.95,0.050000000000000044,False,97,138,16,10198052.870946946,0.06936812988246507,0.033046316172480994,0.12513419232644774,-0.025414379203900442
choque_05pct_temporario,temporario,0.95,0.050000000000000044,False,97,138,17,10584106.970007628,0.05549989449738536,0.06953359389692482,0.1117498855405735,-0.013294042446147972
choque_05pct_temporario,temporario,0.95,0.050000000000000044,False,97,138,18,10898174.353167437,0.05517534520661561,0.12513924644039065,0.11419961292652865,-0.00024068457188417333
choque_05pct_temporario,temporario,0.95,0.050000000000000044,False,97,138,19,11082841.679825092,0.06310160447158507,0.18023710579510843,0.13146325193240263,0.007785663341235079
choque_05pct_temporario,temporario,0.95,0.050000000000000044,False,97,138,20,11267881.361438436,0.06916194616615481,0.2170413778735738,0.14948408021693982,0.01398591604030859
choque_05pct_temporario,temporario,0.95,0.050000000000000044,False,97,138,21,11288175.1078503,0.06850584765814734,0.2334280432653162,0.1606856159303772,0.008240920046311391
choque_05pct_temporario,temporario,0.95,0.050000000000000044,False,97,138,22,11162909.303747568,0.0772676059724847,0.23792282173750534,0.17066568135695134,0.002103149381427614
choque_05pct_temporario,temporario,0.95,0.050000000000000044,False,97,138,23,11002816.093216816,0.08668854774828999,0.22417135904311514,0.19164292385536402,-0.01154289179447197
choque_05pct_temporario,temporario,0.95,0.050000000000000044,False,97,138,24,10884487.170476215,0.09188950820467713,0.19964006607994134,0.20198649100540925,-0.026974009591166637
choque_05pct_temporario,temporario,0.95,0.050000000000000044,False,97,138,25,10918528.171924246,0.08929847252460801,0.17221957759325557,0.20324377218154646,-0.038751232064793195
choque_05pct_temporario,temporario,0.95,0.050000000000000044,False,98,139,0,7609597.0,0.138,0.03,0.12063832026847152,0.010583740505574736
choque_05pct_temporario,temporario,0.95,0.050000000000000044,False,98,139,1,7652724.38733265,0.14039181650999813,0.030000000000000027,0.11859183719691781,0.007984885903803248
choque_05pct_temporario,temporario,0.95,0.050000000000000044,False,98,139,2,7791176.984601235,0.13522708141572493,0.024176573067919094,0.12056388131881558,0.0029782509548097824
choque_05pct_temporario,temporario,0.95,0.050000000000000044,False,98,139,3,8077587.527142993,0.12298341873572093,0.026879518518780676,0.11085046237074993,0.006609840584271137
choque_05pct_temporario,temporario,0.95,0.050000000000000044,False,98,139,4,8396773.557631504,0.1074262511673506,0.031023745620961884,0.10331439728094882,0.005231938978961271
choque_05pct_temporario,temporario,0.95,0.050000000000000044,False,98,139,5,8626699.23525353,0.09364693187510376,0.04803832081226478,0.09518718741536476,0.012188709765042636
choque_05pct_temporario,temporario,0.95,0.050000000000000044,False,98,139,6,8874635.751774251,0.08615291758908139,0.06701484452283646,0.09508196276956471,0.012379483967891933
choque_05pct_temporario,temporario,0.95,0.050000000000000044,False,98,139,7,8925275.172697943,0.09205686575211952,0.09378969446399132,0.10297227217901897,0.015481773065973831
choque_05pct_temporario,temporario,0.95,0.050000000000000044,False,98,139,8,8869011.305943199,0.106930740049293,0.10907237747618193,0.12424005973433823,0.011962949916157617
choque_05pct_temporario,temporario,0.95,0.050000000000000044,False,98,139,9,8740934.846717227,0.12217954538110454,0.11359432777031819,0.1451208885517085,0.005343658584346999
choque_05pct_temporario,temporario,0.95,0.050000000000000044,False,98,139,10,8626983.231497198,0.1326183785536542,0.10334155127940892,0.16126989884400392,-0.006063703242651249
choque_05pct_temporario,temporario,0.95,0.050000000000000044,False,98,139,11,8596528.271021878,0.13667805772335107,0.08720508568237628,0.16885403763086917,-0.01700749309348138
choque_05pct_temporario,temporario,0.95,0.050000000000000044,False,98,139,12,8586624.968438702,0.13817273029418864,0.06711603156375756,0.17277321322798764,-0.02671113095752892
choque_05pct_temporario,temporario,0.95,0.050000000000000044,False,98,139,13,8843817.608809,0.12264521814612601,0.049318521178961516,0.16292512418102278,-0.030714604514212526
choque_05pct_temporario,temporario,0.95,0.050000000000000044,False,98,139,14,9480204.284307161,0.09658780429586823,0.03940129059473829,0.14063635791204376,-0.02491328089270812
choque_05pct_temporario,temporario,0.95,0.050000000000000044,False,98,139,15,9905410.141861578,0.07228596418658055,0.04835058616025867,0.12365730468707527,-0.017431747091393758
choque_05pct_temporario,temporario,0.95,0.050000000000000044,False,98,139,16,10394229.63973627,0.05487150791182435,0.07677564320129604,0.11119806073406138,-0.011321475666245525
choque_05pct_temporario,temporario,0.95,0.050000000000000044,False,98,139,17,10742043.325699285,0.05305298810137828,0.12886780755588267,0.10805967594975273,0.000584285992478285
choque_05pct_temporario,temporario,0.95,0.050000000000000044,False,98,139,18,10976403.454478657,0.059992798828194076,0.18280826064467015,0.12523889443763223,0.010399065845878646
choque_05pct_temporario,temporario,0.95,0.050000000000000044,False,98,139,19,10994811.983538952,0.07429135520952528,0.2205934610835827,0.14825009095236596,0.014866780455330566
choque_05pct_temporario,temporario,0.95,0.050000000000000044,False,98,139,20,10908858.099425394,0.08255057880052412,0.23073728476250221,0.17068732447343893,0.0070155537812986
choque_05pct_temporario,temporario,0.95,0.050000000000000044,False,98,139,21,10709981.820292791,0.09346075578554452,0.22084287327085161,0.18426877875594627,-0.0062015188195768236
choque_05pct_temporario,temporario,0.95,0.050000000000000044,False,98,139,22,10417036.691966787,0.10605954497868404,0.19371312067126745,0.20314761436304307,-0.023554780347491006
choque_05pct_temporario,temporario,0.95,0.050000000000000044,False,98,139,23,10407541.509065462,0.10231213476388402,0.16157326108456949,0.2061695204158472,-0.03958627917322585
choque_05pct_temporario,temporario,0.95,0.050000000000000044,False,98,139,24,10692030.883584501,0.08649844212111611,0.13091996367862357,0.1928912195067864,-0.04783233324245959
choque_05pct_temporario,temporario,0.95,0.050000000000000044,False,98,139,25,11216094.369767118,0.062457465904756176,0.11562770365971664,0.17284026778723005,-0.04313645779618876
choque_05pct_temporario,temporario,0.95,0.050000000000000044,False,99,140,0,7609597.0,0.138,0.03,0.12063832026847152,0.010583740505574736
choque_05pct_temporario,temporario,0.95,0.050000000000000044,False,99,140,1,7652724.38733265,0.14039181650999813,0.030000000000000027,0.11859183719691781,0.007984885903803248
choque_05pct_temporario,temporario,0.95,0.050000000000000044,False,99,140,2,7795327.83536456,0.13522708141572493,0.024174051391479878,0.12047902239624562,0.0026796102647845804
choque_05pct_temporario,temporario,0.95,0.050000000000000044,False,99,140,3,8075055.299517041,0.12307489409115986,0.026902124736925215,0.11074995544754243,0.007937866252290222
choque_05pct_temporario,temporario,0.95,0.050000000000000044,False,99,140,4,8390549.284744043,0.10692613401726477,0.031011507185691123,0.10355406861179088,0.008436292792070154
choque_05pct_temporario,temporario,0.95,0.050000000000000044,False,99,140,5,8611022.396153912,0.09589668418198825,0.04672016289974401,0.09781373000103229,0.011530130951223004
choque_05pct_temporario,temporario,0.95,0.050000000000000044,False,99,140,6,8758661.936276678,0.09309597759608179,0.06534425209992056,0.10044117275035412,0.010437102282795261
choque_05pct_temporario,temporario,0.95,0.050000000000000044,False,99,140,7,8867540.813210007,0.09845306708925758,0.08583369679813146,0.10865362152519276,0.01088109879776886
choque_05pct_temporario,temporario,0.95,0.050000000000000044,False,99,140,8,8938725.896510236,0.10323252741383353,0.0991156491745877,0.12050253572445441,0.011740205052080323
choque_05pct_temporario,temporario,0.95,0.050000000000000044,False,99,140,9,8906168.950747496,0.10772046229529439,0.10480441929919615,0.13342287127193647,0.005986606369065143
choque_05pct_temporario,temporario,0.95,0.050000000000000044,False,99,140,10,8837304.620376825,0.11934572595137699,0.10430836403506816,0.14776274196690967,-0.0025741560522774703
choque_05pct_temporario,temporario,0.95,0.050000000000000044,False,99,140,11,8715825.325618526,0.13146867677755397,0.09404645425212732,0.16409944495782605,-0.011489137746321468
choque_05pct_temporario,temporario,0.95,0.050000000000000044,False,99,140,12,8709816.483836174,0.13249198580102856,0.07980709398836638,0.1702220193185517,-0.021297576743813974
choque_05pct_temporario,temporario,0.95,0.050000000000000044,False,99,140,13,8875877.13307261,0.12739976449490414,0.06229397684847693,0.1664844679000728,-0.028459309625282467
choque_05pct_temporario,temporario,0.95,0.050000000000000044,False,99,140,14,9198798.077092456,0.1114758811014326,0.05010095531678971,0.15513811413930378,-0.028024346002007743
choque_05pct_temporario,temporario,0.95,0.050000000000000044,False,99,140,15,9861778.463539064,0.08014051194599202,0.046630609574807025,0.13396516556682894,-0.0243988455259479
choque_05pct_temporario,temporario,0.95,0.050000000000000044,False,99,140,16,10362461.846730985,0.05648728679987671,0.06920686951078792,0.11327703517993828,-0.011232658354254358
choque_05pct_temporario,temporario,0.95,0.050000000000000044,False,99,140,17,10748209.640044581,0.04920405565663104,0.11492085003033958,0.10615669322603166,5.064679601753165e-05
choque_05pct_temporario,temporario,0.95,0.050000000000000044,False,99,140,18,10915458.069476841,0.059850461660801324,0.17561097369055778,0.11957995304736467,0.013131862024571405
choque_05pct_temporario,temporario,0.95,0.050000000000000044,False,99,140,19,10942392.254678642,0.07959462568999844,0.21373398385373865,0.15336271777618782,0.01184223911555047
choque_05pct_temporario,temporario,0.95,0.050000000000000044,False,99,140,20,10953231.397851303,0.08438513661312477,0.22272098991913536,0.1718008666664258,0.006810738632977792
choque_05pct_temporario,temporario,0.95,0.050000000000000044,False,99,140,21,10789120.112379601,0.08347193724743927,0.2139944984796105,0.177285814861606,-0.004685378754021827
choque_05pct_temporario,temporario,0.95,0.050000000000000044,False,99,140,22,10605049.600600882,0.09383070483717662,0.19628102839267347,0.1887506285720953,-0.017363420163559996
choque_05pct_temporario,temporario,0.95,0.050000000000000044,False,99,140,23,10567301.58575589,0.09763709827209154,0.17044118793511576,0.20174963160789058,-0.03423608325217225
choque_05pct_temporario,temporario,0.95,0.050000000000000044,False,99,140,24,10649729.173374102,0.09245994914573849,0.14643967081546783,0.1976864988614174,-0.04243954720936304
choque_05pct_temporario,temporario,0.95,0.050000000000000044,False,99,140,25,11232542.079819528,0.06456549007280123,0.1259935230045408,0.1786665959485301,-0.041054382557329086
choque_05pct_temporario,temporario,0.95,0.050000000000000044,False,100,141,0,7609597.0,0.138,0.03,0.12063832026847152,0.010583740505574736
choque_05pct_temporario,temporario,0.95,0.050000000000000044,False,100,141,1,7652724.38733265,0.14039181650999813,0.030000000000000027,0.11859183719691781,0.007984885903803248
choque_05pct_temporario,temporario,0.95,0.050000000000000044,False,100,141,2,7822240.22552026,0.13522711927864675,0.02419579929599891,0.12044990292903582,0.0077188554837203625
choque_05pct_temporario,temporario,0.95,0.050000000000000044,False,100,141,3,7988013.693750611,0.1261973454419161,0.02679736935593513,0.11425573544146683,0.004003712692359937
choque_05pct_temporario,temporario,0.95,0.050000000000000044,False,100,141,4,8321407.764512992,0.11294184618736966,0.02967880280855928,0.106573375233791,0.004700691061358224
choque_05pct_temporario,temporario,0.95,0.050000000000000044,False,100,141,5,8645190.101447053,0.09427614041921777,0.043241945810456484,0.09656876204848941,0.010418881142462538
choque_05pct_temporario,temporario,0.95,0.050000000000000044,False,100,141,6,8867448.34826111,0.08586061709896005,0.06296548606926855,0.09358311031502167,0.01058037538659596
choque_05pct_temporario,temporario,0.95,0.050000000000000044,False,100,141,7,8969995.256922824,0.08775149866742121,0.08954954746652621,0.09959156703595952,0.01780530852067519
choque_05pct_temporario,temporario,0.95,0.050000000000000044,False,100,141,8,8937665.438737266,0.09942556890025293,0.10993222602999486,0.11771260763512137,0.013594923481086589
choque_05pct_temporario,temporario,0.95,0.050000000000000044,False,100,141,9,8819074.708555803,0.11815363197453777,0.11841310541948258,0.1402364213696091,0.009237840262336552
choque_05pct_temporario,temporario,0.95,0.050000000000000044,False,100,141,10,8678403.71841588,0.13082556325261188,0.11106324958670255,0.16095823060056808,-0.004338966871874996
choque_05pct_temporario,temporario,0.95,0.050000000000000044,False,100,141,11,8588317.08161312,0.14091342640803453,0.09373728108908241,0.17224235659961254,-0.016248449342570116
choque_05pct_temporario,temporario,0.95,0.050000000000000044,False,100,141,12,8626657.051718818,0.14212296033457267,0.07163265432958354,0.17542808496062964,-0.027262703357534945
choque_05pct_temporario,temporario,0.95,0.050000000000000044,False,100,141,13,8906922.323084041,0.1275768379792336,0.04982740655743556,0.16651749848317127,-0.03318038645868575
choque_05pct_temporario,temporario,0.95,0.050000000000000044,False,100,141,14,9307242.71132228,0.10494484015094079,0.03736199348312308,0.14918156463368942,-0.029515570177562414
choque_05pct_temporario,temporario,0.95,0.050000000000000044,False,100,141,15,9876658.714420052,0.07921443683053268,0.03867096832844785,0.13131192258352192,-0.027303091025167692
choque_05pct_temporario,temporario,0.95,0.050000000000000044,False,100,141,16,10262452.468837192,0.0643194909043047,0.06341925566433648,0.11752797240178667,-0.016962048895653684
choque_05pct_temporario,temporario,0.95,0.050000000000000044,False,100,141,17,10598537.64498884,0.056906695741760834,0.10528007440327825,0.11503263935471231,-0.007000230472249121
choque_05pct_temporario,temporario,0.95,0.050000000000000044,False,100,141,18,10960277.229155043,0.05626733109250752,0.1545599395304309,0.11954257854813599,0.008056085110913457
choque_05pct_temporario,temporario,0.95,0.050000000000000044,False,100,141,19,11108945.756513016,0.06338638176606287,0.20375748872981103,0.13394726705435667,0.014599395000523116
choque_05pct_temporario,temporario,0.95,0.050000000000000044,False,100,141,20,11135434.92221496,0.07359954445628006,0.2275344444721641,0.15648062791370365,0.010982229538439326
choque_05pct_temporario,temporario,0.95,0.050000000000000044,False,100,141,21,11022158.7556746,0.0828960858497422,0.23425787510443996,0.17365400191193128,0.0031607939412078394
choque_05pct_temporario,temporario,0.95,0.050000000000000044,False,100,141,22,10844062.877009584,0.09064812641059017,0.21749822300363064,0.1895352248089855,-0.011178846908273359
choque_05pct_temporario,temporario,0.95,0.050000000000000044,False,100,141,23,10640154.955109395,0.09826996374303852,0.19286180271844855,0.20136050961421334,-0.025579664586229376
choque_05pct_temporario,temporario,0.95,0.050000000000000044,False,100,141,24,10646489.1537299,0.0971976544538109,0.16140381341236343,0.20592172536968817,-0.041735680465857
choque_05pct_temporario,temporario,0.95,0.050000000000000044,False,100,141,25,10849988.782020343,0.08338885533808549,0.1366627788500665,0.19587749111563602,-0.049984989477034204
