cenario,tipo_choque,multiplicador_produtividade,perda_produtividade,choque_permanente,simulacao,seed,periodo,pib_real,taxa_desemprego,inflacao,deficit_governo,deficit_externo
choque_10pct_temporario,temporario,0.9,0.09999999999999998,False,1,42,0,7609597.0,0.138,0.03,0.12063832026847152,0.010583740505574736
choque_10pct_temporario,temporario,0.9,0.09999999999999998,False,1,42,1,7652724.38733265,0.14039181650999813,0.030000000000000027,0.11859183719691781,0.007984885903803248
choque_10pct_temporario,temporario,0.9,0.09999999999999998,False,1,42,2,7801103.962356615,0.13522744274108023,0.02418925667905869,0.12049839550176797,0.0062871968075281755
choque_10pct_temporario,temporario,0.9,0.09999999999999998,False,1,42,3,8022931.17537678,0.12581917429507655,0.026808879878366332,0.11284390543883532,0.005699729118197142
choque_10pct_temporario,temporario,0.9,0.09999999999999998,False,1,42,4,8394049.117589632,0.11075441073636484,0.029794467562436644,0.10562257887155795,0.0052840663367776635
choque_10pct_temporario,temporario,0.9,0.09999999999999998,False,1,42,5,8585680.493210029,0.09647749845923845,0.04510368814554,0.09836789915715399,0.008252876513353904
choque_10pct_temporario,temporario,0.9,0.09999999999999998,False,1,42,6,8786818.804243771,0.09072886495695962,0.0626448146726919,0.09790831885721522,0.011626868241266429
choque_10pct_temporario,temporario,0.9,0.09999999999999998,False,1,42,7,8906131.06196441,0.09121197886524547,0.08562549529130514,0.10379126437937938,0.013823336299096826
choque_10pct_temporario,temporario,0.9,0.09999999999999998,False,1,42,8,8986860.704275904,0.095210962331831,0.10335156329143569,0.1153934788417286,0.012122980687157716
choque_10pct_temporario,temporario,0.9,0.09999999999999998,False,1,42,9,8937831.430539984,0.10704237673999008,0.11636380213892705,0.13053786801452613,0.008640766032031616
choque_10pct_temporario,temporario,0.9,0.09999999999999998,False,1,42,10,8832797.335240649,0.121909423777022,0.11412808315991008,0.1514358541477949,0.001395763442381495
choque_10pct_temporario,temporario,0.9,0.09999999999999998,False,1,42,11,8665347.534414057,0.13594683655073528,0.10360764984928394,0.16837178428590424,-0.008836143726777906
choque_10pct_temporario,temporario,0.9,0.09999999999999998,False,1,42,12,8576842.307323707,0.14018353170823158,0.08190592856881485,0.1791778791197049,-0.02367314234246542
choque_10pct_temporario,temporario,0.9,0.09999999999999998,False,1,42,13,8745373.262619639,0.1332388433296125,0.06256818765882666,0.17274273223033898,-0.032152322430977744
choque_10pct_temporario,temporario,0.9,0.09999999999999998,False,1,42,14,9068066.68939895,0.11570517796279492,0.044468295220209564,0.16034108518303394,-0.03452844605306605
choque_10pct_temporario,temporario,0.9,0.09999999999999998,False,1,42,15,9759295.002990555,0.08595206693315083,0.03965500336901617,0.13695042000036453,-0.023881366989942997
choque_10pct_temporario,temporario,0.9,0.09999999999999998,False,1,42,16,10208093.661083935,0.06235042117437821,0.05479298617357986,0.11989877723853729,-0.017677510082153906
choque_10pct_temporario,temporario,0.9,0.09999999999999998,False,1,42,17,10564248.21269713,0.05346149398060959,0.09574525417128577,0.11157434587007403,-0.006223483402150833
choque_10pct_temporario,temporario,0.9,0.09999999999999998,False,1,42,18,10840987.056400115,0.05741401731316707,0.14967046794730376,0.11871114528987392,0.00479032915984237
choque_10pct_temporario,temporario,0.9,0.09999999999999998,False,1,42,19,11140280.29455454,0.06465300957189599,0.19640628261726545,0.13636482684119158,0.013108652995650678
choque_10pct_temporario,temporario,0.9,0.09999999999999998,False,1,42,20,11167427.092745729,0.06762661391421006,0.22357735259110822,0.1532838925906398,0.012586081986612586
choque_10pct_temporario,temporario,0.9,0.09999999999999998,False,1,42,21,11155833.333424214,0.07340951170949045,0.23686640341087184,0.16344047432403985,0.009439613234943356
choque_10pct_temporario,temporario,0.9,0.09999999999999998,False,1,42,22,10950912.458158093,0.08739539327970637,0.2305464415313423,0.18364615990747366,-0.0056603311827651045
choque_10pct_temporario,temporario,0.9,0.09999999999999998,False,1,42,23,10750390.733603781,0.09618510076854231,0.20934337516776003,0.20243225926969396,-0.023674786223940543
choque_10pct_temporario,temporario,0.9,0.09999999999999998,False,1,42,24,10665515.503797326,0.09958495695706068,0.17744837737350272,0.2073785037346695,-0.03721795602365806
choque_10pct_temporario,temporario,0.9,0.09999999999999998,False,1,42,25,10777603.270442042,0.08694943070215401,0.1467931297601075,0.20237627999294297,-0.05003883707107724
choque_10pct_temporario,temporario,0.9,0.09999999999999998,False,2,43,0,7609597.0,0.138,0.03,0.12063832026847152,0.010583740505574736
choque_10pct_temporario,temporario,0.9,0.09999999999999998,False,2,43,1,7652724.38733265,0.14039181650999813,0.030000000000000027,0.11859183719691781,0.007984885903803248
choque_10pct_temporario,temporario,0.9,0.09999999999999998,False,2,43,2,7795020.874483838,0.13522708141572493,0.024191530163762076,0.12053436588815551,0.006861983543173556
choque_10pct_temporario,temporario,0.9,0.09999999999999998,False,2,43,3,8037316.46680246,0.12476063426065676,0.026811775187928433,0.11260565842351052,0.00624820585705405
choque_10pct_temporario,temporario,0.9,0.09999999999999998,False,2,43,4,8348844.63122399,0.11108254305111744,0.030217521397929215,0.10567504655299073,0.007147843342347539
choque_10pct_temporario,temporario,0.9,0.09999999999999998,False,2,43,5,8574390.673074855,0.09868761900003245,0.045130120030228316,0.09976624913103042,0.008961721166939517
choque_10pct_temporario,temporario,0.9,0.09999999999999998,False,2,43,6,8790460.669060733,0.08912468766143178,0.06156810551061809,0.09812879799083754,0.009672462256260958
choque_10pct_temporario,temporario,0.9,0.09999999999999998,False,2,43,7,8969767.304293605,0.08752304238359607,0.08654601973933285,0.09996730375157804,0.013374415699086118
choque_10pct_temporario,temporario,0.9,0.09999999999999998,False,2,43,8,9009319.488710066,0.0953400253035411,0.10626300357930285,0.11343817582968925,0.015670516507109974
choque_10pct_temporario,temporario,0.9,0.09999999999999998,False,2,43,9,8950615.282096917,0.10917142852588846,0.11833630913631366,0.13258498351476888,0.010430051911982258
choque_10pct_temporario,temporario,0.9,0.09999999999999998,False,2,43,10,8789034.41092297,0.12524417895629517,0.11653965459351734,0.15388828797599305,0.0017359643136516715
choque_10pct_temporario,temporario,0.9,0.09999999999999998,False,2,43,11,8626924.06566257,0.13700417045068405,0.10240724851549565,0.17128119413575996,-0.011857126066890768
choque_10pct_temporario,temporario,0.9,0.09999999999999998,False,2,43,12,8556790.138391294,0.14424125515255545,0.08073671742291832,0.18086323877597713,-0.025638974996967163
choque_10pct_temporario,temporario,0.9,0.09999999999999998,False,2,43,13,8607984.02070617,0.14125338282092556,0.057896281523873494,0.18053648010166,-0.034349998520835194
choque_10pct_temporario,temporario,0.9,0.09999999999999998,False,2,43,14,8997745.894287039,0.12082229382333727,0.038879905316758334,0.16448210950678857,-0.036454041394798756
choque_10pct_temporario,temporario,0.9,0.09999999999999998,False,2,43,15,9657854.89109766,0.09231400095234425,0.031163353078729417,0.14088602806278666,-0.030377207376354413
choque_10pct_temporario,temporario,0.9,0.09999999999999998,False,2,43,16,10214131.284793189,0.06607773391730846,0.04274675026606145,0.12178503335446261,-0.021173026008236295
choque_10pct_temporario,temporario,0.9,0.09999999999999998,False,2,43,17,10613153.528352065,0.0526287892610519,0.08003554502947363,0.10966763137496023,-0.007794181976288705
choque_10pct_temporario,temporario,0.9,0.09999999999999998,False,2,43,18,10955449.590896282,0.05409055788693594,0.1378236142004372,0.1122793248739786,0.002300049645087473
choque_10pct_temporario,temporario,0.9,0.09999999999999998,False,2,43,19,11154601.307420332,0.06317505401359239,0.19250827612568266,0.13220283077877912,0.01263686555317826
choque_10pct_temporario,temporario,0.9,0.09999999999999998,False,2,43,20,11267658.067649728,0.06768718390066494,0.2275660694105084,0.15135527342507812,0.013576537804798736
choque_10pct_temporario,temporario,0.9,0.09999999999999998,False,2,43,21,11186255.53088073,0.07233537141376384,0.2423667225236803,0.16368754244062095,0.009332996812751607
choque_10pct_temporario,temporario,0.9,0.09999999999999998,False,2,43,22,10998765.45123322,0.08796192953115424,0.23807817118118324,0.1830496510019032,-0.0034640016554434074
choque_10pct_temporario,temporario,0.9,0.09999999999999998,False,2,43,23,10653498.988749199,0.10703296349207354,0.2121342008961622,0.2105177211365643,-0.022095483674217556
choque_10pct_temporario,temporario,0.9,0.09999999999999998,False,2,43,24,10514103.705172565,0.1088093929601387,0.17545914066530566,0.219335743937919,-0.04235562277759888
choque_10pct_temporario,temporario,0.9,0.09999999999999998,False,2,43,25,10649190.974669589,0.09808230504262733,0.13889176403552894,0.20872449492080508,-0.05422397248883164
choque_10pct_temporario,temporario,0.9,0.09999999999999998,False,3,44,0,7609597.0,0.138,0.03,0.12063832026847152,0.010583740505574736
choque_10pct_temporario,temporario,0.9,0.09999999999999998,False,3,44,1,7652724.38733265,0.14039181650999813,0.030000000000000027,0.11859183719691781,0.007984885903803248
choque_10pct_temporario,temporario,0.9,0.09999999999999998,False,3,44,2,7809568.471876611,0.13522708141572493,0.024184146560761954,0.12045454734906626,0.004914800534182451
choque_10pct_temporario,temporario,0.9,0.09999999999999998,False,3,44,3,8040221.635573903,0.126620717904688,0.02683058200310473,0.1129004970675796,0.005202146882133367
choque_10pct_temporario,temporario,0.9,0.09999999999999998,False,3,44,4,8301408.8178097345,0.11185275020171319,0.02943467336483363,0.1069562413332863,0.006637518469462689
choque_10pct_temporario,temporario,0.9,0.09999999999999998,False,3,44,5,8616203.76863251,0.09487633399097552,0.04413566515527023,0.09752338236503968,0.010359740962124962
choque_10pct_temporario,temporario,0.9,0.09999999999999998,False,3,44,6,8835942.68515802,0.08710868902212297,0.062296928527401985,0.09547236311321224,0.010600703762225435
choque_10pct_temporario,temporario,0.9,0.09999999999999998,False,3,44,7,8970321.358705474,0.0906757681794127,0.08877410685900089,0.10083625308397103,0.01598330874456773
choque_10pct_temporario,temporario,0.9,0.09999999999999998,False,3,44,8,8982856.86275251,0.0984874327933091,0.10694846011942083,0.11733024401282487,0.01507170954727006
choque_10pct_temporario,temporario,0.9,0.09999999999999998,False,3,44,9,8888293.568034869,0.11295713199418368,0.11794422521179593,0.13543932060270913,0.011202270738538125
choque_10pct_temporario,temporario,0.9,0.09999999999999998,False,3,44,10,8699982.0133214,0.1290390732651273,0.1119098912657639,0.15873130713846423,-0.0015728410199279113
choque_10pct_temporario,temporario,0.9,0.09999999999999998,False,3,44,11,8588733.786160244,0.14181325985748133,0.09713597753295256,0.17305233070672024,-0.01252000162463111
choque_10pct_temporario,temporario,0.9,0.09999999999999998,False,3,44,12,8538038.593580954,0.1456021906615798,0.07249078794608121,0.1819223936336629,-0.028040866707409327
choque_10pct_temporario,temporario,0.9,0.09999999999999998,False,3,44,13,8682247.25611953,0.13927930524525395,0.050647383396799084,0.17680542824444628,-0.035874934634973744
choque_10pct_temporario,temporario,0.9,0.09999999999999998,False,3,44,14,9062631.689759176,0.12072889839476177,0.03211614683759345,0.16174078210947854,-0.03592853268163311
choque_10pct_temporario,temporario,0.9,0.09999999999999998,False,3,44,15,9772246.839074746,0.08708480702941442,0.028911820503363606,0.13665889440326554,-0.026978465737418307
choque_10pct_temporario,temporario,0.9,0.09999999999999998,False,3,44,16,10203213.37763115,0.06428322499587458,0.04503664192842427,0.1186714370751192,-0.018500281322362845
choque_10pct_temporario,temporario,0.9,0.09999999999999998,False,3,44,17,10587477.913281525,0.05477917306454899,0.08704435868713278,0.11073203325926868,-0.007081085637890473
choque_10pct_temporario,temporario,0.9,0.09999999999999998,False,3,44,18,10938268.090659004,0.05619554150010855,0.14220655960171236,0.11629133627160408,0.004530254593595625
choque_10pct_temporario,temporario,0.9,0.09999999999999998,False,3,44,19,11174271.945193613,0.06088153652591805,0.19353224039807038,0.1323614932497965,0.011433649401456261
choque_10pct_temporario,temporario,0.9,0.09999999999999998,False,3,44,20,11239937.046443805,0.06855423961479688,0.22910061717068908,0.14910727562306583,0.016436481079351275
choque_10pct_temporario,temporario,0.9,0.09999999999999998,False,3,44,21,11234893.293322297,0.07643349432197638,0.23993516276673277,0.16728402964858438,0.010221491698692456
choque_10pct_temporario,temporario,0.9,0.09999999999999998,False,3,44,22,10840988.643344974,0.09424557920096713,0.23410684817473637,0.1912331969675142,-0.005140951374335661
choque_10pct_temporario,temporario,0.9,0.09999999999999998,False,3,44,23,10594589.46227492,0.11138190519011344,0.20416128982999138,0.2136067750177739,-0.02352679578364739
choque_10pct_temporario,temporario,0.9,0.09999999999999998,False,3,44,24,10421651.553241158,0.10945602557891751,0.16668799659834166,0.21949523254317668,-0.043620674788083284
choque_10pct_temporario,temporario,0.9,0.09999999999999998,False,3,44,25,10620419.884329796,0.09284838113338095,0.12944227217147852,0.20625027460264328,-0.05638156592784237
choque_10pct_temporario,temporario,0.9,0.09999999999999998,False,4,45,0,7609597.0,0.138,0.03,0.12063832026847152,0.010583740505574736
choque_10pct_temporario,temporario,0.9,0.09999999999999998,False,4,45,1,7652724.38733265,0.14039181650999813,0.030000000000000027,0.11859183719691781,0.007984885903803248
choque_10pct_temporario,temporario,0.9,0.09999999999999998,False,4,45,2,7814812.885350098,0.1352272363957795,0.024167914260627477,0.12047025073739162,0.0002517658046662367
choque_10pct_temporario,temporario,0.9,0.09999999999999998,False,4,45,3,8061832.066014055,0.12454088935781311,0.02691702625247161,0.11091685391220972,0.005843555817130261
choque_10pct_temporario,temporario,0.9,0.09999999999999998,False,4,45,4,8416869.697292035,0.10590819741008001,0.030404630255944864,0.10248911947636828,0.00711891178292889
choque_10pct_temporario,temporario,0.9,0.09999999999999998,False,4,45,5,8674046.59780386,0.09089803992012098,0.048584871303416044,0.0935337520375203,0.012469185500869052
choque_10pct_temporario,temporario,0.9,0.09999999999999998,False,4,45,6,8829268.54873525,0.08798790584314631,0.06905899278829919,0.09600219245497489,0.013903454641429011
choque_10pct_temporario,temporario,0.9,0.09999999999999998,False,4,45,7,8879115.593136253,0.09688494156020047,0.09445494352607264,0.1073470603249507,0.015505346393004379
choque_10pct_temporario,temporario,0.9,0.09999999999999998,False,4,45,8,8815630.775623605,0.11169936426794701,0.10670618121892428,0.12870875287241726,0.011340516576930058
choque_10pct_temporario,temporario,0.9,0.09999999999999998,False,4,45,9,8710267.509208092,0.1238416942055076,0.11006211641251884,0.14606203935827364,0.0023716118081968745
choque_10pct_temporario,temporario,0.9,0.09999999999999998,False,4,45,10,8588737.438623851,0.13304530837369474,0.0987163535240354,0.16107470760328607,-0.00734834187251992
choque_10pct_temporario,temporario,0.9,0.09999999999999998,False,4,45,11,8553874.84404877,0.13778278298276717,0.08274494608932192,0.16888225973108445,-0.015952085150672358
choque_10pct_temporario,temporario,0.9,0.09999999999999998,False,4,45,12,8568786.80969467,0.13820332137301236,0.06307432969854387,0.17287024819399255,-0.028520765051460083
choque_10pct_temporario,temporario,0.9,0.09999999999999998,False,4,45,13,8859625.799834197,0.12620714681114126,0.04584296939605004,0.1636441116313956,-0.035103966355220874
choque_10pct_temporario,temporario,0.9,0.09999999999999998,False,4,45,14,9370135.04085052,0.10119041830379018,0.035461349062031466,0.14440665462062424,-0.02935973280333252
choque_10pct_temporario,temporario,0.9,0.09999999999999998,False,4,45,15,9959901.97318744,0.07381693863415327,0.04150552488268455,0.12385949621150937,-0.021526274661638208
choque_10pct_temporario,temporario,0.9,0.09999999999999998,False,4,45,16,10438225.186304722,0.05407189162624407,0.07023473132581382,0.10945834299532123,-0.010594472770615924
choque_10pct_temporario,temporario,0.9,0.09999999999999998,False,4,45,17,10721850.998144874,0.05079194713766259,0.12511654501780822,0.10503913779550426,0.0011040810225889331
choque_10pct_temporario,temporario,0.9,0.09999999999999998,False,4,45,18,10992217.340984907,0.062128257551143706,0.18386058966227425,0.12192111574653226,0.01289608616500217
choque_10pct_temporario,temporario,0.9,0.09999999999999998,False,4,45,19,11063318.517002722,0.07361697630820226,0.2206144355451869,0.150836035336101,0.014503391652862348
choque_10pct_temporario,temporario,0.9,0.09999999999999998,False,4,45,20,10888845.206754917,0.08407166239124882,0.23091213212726536,0.17085545515625553,0.007792688664714279
choque_10pct_temporario,temporario,0.9,0.09999999999999998,False,4,45,21,10694761.853935348,0.09872494516698223,0.21889675597282543,0.18849271866690784,-0.006443743959381903
choque_10pct_temporario,temporario,0.9,0.09999999999999998,False,4,45,22,10407306.347833738,0.11088048784263274,0.18937436620532133,0.20706704146231267,-0.024521183460083647
choque_10pct_temporario,temporario,0.9,0.09999999999999998,False,4,45,23,10344083.349862827,0.10629687321491017,0.15351243250248614,0.21020496351114465,-0.04037179487092311
choque_10pct_temporario,temporario,0.9,0.09999999999999998,False,4,45,24,10556113.301122531,0.09204109523601227,0.12270811549193517,0.19792113156385785,-0.05338891969696216
choque_10pct_temporario,temporario,0.9,0.09999999999999998,False,4,45,25,11155783.085761571,0.06727647903490377,0.10513081635522337,0.17651576941881197,-0.04893713294174156
choque_10pct_temporario,temporario,0.9,0.09999999999999998,False,5,46,0,7609597.0,0.138,0.03,0.12063832026847152,0.010583740505574736
choque_10pct_temporario,temporario,0.9,0.09999999999999998,False,5,46,1,7652724.38733265,0.14039181650999813,0.030000000000000027,0.11859183719691781,0.007984885903803248
choque_10pct_temporario,temporario,0.9,0.09999999999999998,False,5,46,2,7797215.319153447,0.13522708141572493,0.024179487090514318,0.12051989825221197,0.0041342857537788645
choque_10pct_temporario,temporario,0.9,0.09999999999999998,False,5,46,3,8035873.995249559,0.12508298596838335,0.02687093670821583,0.11205807000098585,0.004644653766855659
choque_10pct_temporario,temporario,0.9,0.09999999999999998,False,5,46,4,8390869.856344638,0.10862684435133034,0.030136559988063416,0.10364952165876039,0.005818291909813966
choque_10pct_temporario,temporario,0.9,0.09999999999999998,False,5,46,5,8674314.761403752,0.09098629378448543,0.04707044610013722,0.09399578429105987,0.014995770001119754
choque_10pct_temporario,temporario,0.9,0.09999999999999998,False,5,46,6,8841981.733493077,0.08438092627683358,0.06750139040220571,0.09441222604336429,0.013726469794497495
choque_10pct_temporario,temporario,0.9,0.09999999999999998,False,5,46,7,8903962.64180073,0.09466332063894828,0.09556359182151897,0.10445341418192809,0.015616926475915597
choque_10pct_temporario,temporario,0.9,0.09999999999999998,False,5,46,8,8838186.29237296,0.10987757352808682,0.10952867961990376,0.12808622824483218,0.011535667431749786
choque_10pct_temporario,temporario,0.9,0.09999999999999998,False,5,46,9,8708557.65888562,0.12474784551598495,0.11303310259649124,0.14714102121192543,0.00441527792153037
choque_10pct_temporario,temporario,0.9,0.09999999999999998,False,5,46,10,8595089.243477775,0.13312830656917143,0.10124306793386584,0.1632682912570634,-0.011017279494520391
choque_10pct_temporario,temporario,0.9,0.09999999999999998,False,5,46,11,8538587.411867237,0.14006390856018439,0.0840987898496941,0.17035598713013178,-0.01761009325504983
choque_10pct_temporario,temporario,0.9,0.09999999999999998,False,5,46,12,8681324.89954331,0.13311660925657892,0.061391940342776286,0.17015363308019477,-0.028166761714285084
choque_10pct_temporario,temporario,0.9,0.09999999999999998,False,5,46,13,8915031.227486875,0.12193682661880656,0.04639719082228533,0.15965843786714543,-0.0327062750793172
choque_10pct_temporario,temporario,0.9,0.09999999999999998,False,5,46,14,9487043.54514382,0.09582402186312709,0.03825950989333471,0.14079716304432544,-0.02839283457346589
choque_10pct_temporario,temporario,0.9,0.09999999999999998,False,5,46,15,10044343.644895995,0.06816024772341682,0.04958830040509876,0.11978517481677378,-0.019640307846059014
choque_10pct_temporario,temporario,0.9,0.09999999999999998,False,5,46,16,10464224.564185381,0.049629080461099255,0.08235500933163165,0.10638594530009415,-0.0089045407687801
choque_10pct_temporario,temporario,0.9,0.09999999999999998,False,5,46,17,10817215.479869986,0.05134052957187394,0.14412686641259165,0.1028825651568071,0.008261916755131857
choque_10pct_temporario,temporario,0.9,0.09999999999999998,False,5,46,18,10956181.501048714,0.06496081762429767,0.19949005019626265,0.130031430990596,0.01587288725864558
choque_10pct_temporario,temporario,0.9,0.09999999999999998,False,5,46,19,10929131.594575431,0.08108463618528075,0.23007443479682732,0.15858634787220835,0.015155720324249618
choque_10pct_temporario,temporario,0.9,0.09999999999999998,False,5,46,20,10782197.209994832,0.09083451772711032,0.22856858570411998,0.17880315244020753,0.004398372298388793
choque_10pct_temporario,temporario,0.9,0.09999999999999998,False,5,46,21,10496597.897487689,0.10529990596129599,0.2089208577888486,0.19491887963519217,-0.010893032178826293
choque_10pct_temporario,temporario,0.9,0.09999999999999998,False,5,46,22,10164590.086797759,0.11864706796857305,0.1741089846265247,0.2152968317622668,-0.03727248819852236
choque_10pct_temporario,temporario,0.9,0.09999999999999998,False,5,46,23,10191608.563646514,0.11526373573095901,0.1345763274635252,0.214330373252588,-0.04963092323172257
choque_10pct_temporario,temporario,0.9,0.09999999999999998,False,5,46,24,10630747.210594583,0.08947746945161676,0.10108677070996674,0.19525533806974296,-0.058281057426061496
choque_10pct_temporario,temporario,0.9,0.09999999999999998,False,5,46,25,11245633.275920657,0.06300674711839815,0.08879197009848849,0.1691060230185932,-0.050322361418633055
choque_10pct_temporario,temporario,0.9,0.09999999999999998,False,6,47,0,7609597.0,0.138,0.03,0.12063832026847152,0.010583740505574736
choque_10pct_temporario,temporario,0.9,0.09999999999999998,False,6,47,1,7652724.38733265,0.14039181650999813,0.030000000000000027,0.11859183719691781,0.007984885903803248
choque_10pct_temporario,temporario,0.9,0.09999999999999998,False,6,47,2,7806695.322937048,0.13522715831904936,0.02418130759722459,0.12044374550797671,0.003889724574032977
choque_10pct_temporario,temporario,0.9,0.09999999999999998,False,6,47,3,8029826.139430107,0.12474783037646296,0.026825061711583054,0.11202749061872302,0.0039396781131172
choque_10pct_temporario,temporario,0.9,0.09999999999999998,False,6,47,4,8415642.929382542,0.10768615566961245,0.030291553993439413,0.10273611525593153,0.0071680838275023345
choque_10pct_temporario,temporario,0.9,0.09999999999999998,False,6,47,5,8718060.458384553,0.08992570796894339,0.04680842106546579,0.093676597611912,0.010793766220578075
choque_10pct_temporario,temporario,0.9,0.09999999999999998,False,6,47,6,8839232.828555554,0.08630051568739996,0.0687616057198781,0.09408107021465782,0.013629646852352803
choque_10pct_temporario,temporario,0.9,0.09999999999999998,False,6,47,7,8925540.656294664,0.09354500979868495,0.09435889118363638,0.10471797444831563,0.015463334011032928
choque_10pct_temporario,temporario,0.9,0.09999999999999998,False,6,47,8,8909359.415753871,0.10543198777733431,0.11034610222479624,0.12352532091991592,0.01161147846860546
choque_10pct_temporario,temporario,0.9,0.09999999999999998,False,6,47,9,8759497.12553328,0.11984901900032777,0.1163757864414412,0.14286571892596678,0.007287314240215009
choque_10pct_temporario,temporario,0.9,0.09999999999999998,False,6,47,10,8662815.489882471,0.13192051048318512,0.10627666389780943,0.1604091539398092,-0.005261928218218112
choque_10pct_temporario,temporario,0.9,0.09999999999999998,False,6,47,11,8493158.19509389,0.14229128055523899,0.08982692583612772,0.17360955478286677,-0.0159164849944913
choque_10pct_temporario,temporario,0.9,0.09999999999999998,False,6,47,12,8576287.839322932,0.13810051557123468,0.06608341202390977,0.17562412478269346,-0.027276885885624318
choque_10pct_temporario,temporario,0.9,0.09999999999999998,False,6,47,13,8831767.554501165,0.12521570588516454,0.04808448089765083,0.16358779647980012,-0.031729719476218866
choque_10pct_temporario,temporario,0.9,0.09999999999999998,False,6,47,14,9381767.61037687,0.10080045951813046,0.03599286012395542,0.14545247449819504,-0.02949882868880032
choque_10pct_temporario,temporario,0.9,0.09999999999999998,False,6,47,15,9932541.60353092,0.07479448854860846,0.04292282764949018,0.12506107960427815,-0.02051558885457162
choque_10pct_temporario,temporario,0.9,0.09999999999999998,False,6,47,16,10380172.186164748,0.056464634901012174,0.07008389611611077,0.11161791970637873,-0.009072379294479453
choque_10pct_temporario,temporario,0.9,0.09999999999999998,False,6,47,17,10669987.121533135,0.05137737003401205,0.12066907012886885,0.10789585262235833,0.002776856783835175
choque_10pct_temporario,temporario,0.9,0.09999999999999998,False,6,47,18,10942618.039377686,0.061049023983134415,0.17895269116539447,0.121254272713369,0.014148536291080644
choque_10pct_temporario,temporario,0.9,0.09999999999999998,False,6,47,19,11001420.6263042,0.072887534652301,0.21607666543287563,0.15017191635246163,0.014833417739374057
choque_10pct_temporario,temporario,0.9,0.09999999999999998,False,6,47,20,10916068.296942696,0.08597349530611813,0.23110482780002672,0.16908021329516384,0.00907037991996284
choque_10pct_temporario,temporario,0.9,0.09999999999999998,False,6,47,21,10626501.15707559,0.09678784751952221,0.21867916175872826,0.18908752221794048,-0.007559959502185183
choque_10pct_temporario,temporario,0.9,0.09999999999999998,False,6,47,22,10494242.882614486,0.09834351679652609,0.1925575055715063,0.1975248685912675,-0.020279831977887273
choque_10pct_temporario,temporario,0.9,0.09999999999999998,False,6,47,23,10511963.288659547,0.09494061573674861,0.16137728925228,0.19713734206416242,-0.034327822068831504
choque_10pct_temporario,temporario,0.9,0.09999999999999998,False,6,47,24,10752933.100349803,0.0803891213702098,0.1366414512562879,0.189151277039286,-0.04351178457119557
choque_10pct_temporario,temporario,0.9,0.09999999999999998,False,6,47,25,11249543.85106958,0.061344217801294,0.1272435400108598,0.17134971095374749,-0.04408623084109117
choque_10pct_temporario,temporario,0.9,0.09999999999999998,False,7,48,0,7609597.0,0.138,0.03,0.12063832026847152,0.010583740505574736
choque_10pct_temporario,temporario,0.9,0.09999999999999998,False,7,48,1,7652724.38733265,0.14039181650999813,0.030000000000000027,0.11859183719691781,0.007984885903803248
choque_10pct_temporario,temporario,0.9,0.09999999999999998,False,7,48,2,7797185.690724047,0.13522708141572493,0.024184715365616505,0.12051681259663678,0.005153394554576406
choque_10pct_temporario,temporario,0.9,0.09999999999999998,False,7,48,3,8059557.759189848,0.1243107042400101,0.026832363549653904,0.11216813611438263,0.007414710374897581
choque_10pct_temporario,temporario,0.9,0.09999999999999998,False,7,48,4,8293368.105793962,0.1121343928723936,0.030428679684245674,0.10677040889614853,0.0069399067028215215
choque_10pct_temporario,temporario,0.9,0.09999999999999998,False,7,48,5,8590934.581128178,0.10079120198630308,0.044160152864470836,0.1007206132662722,0.009384959456611093
choque_10pct_temporario,temporario,0.9,0.09999999999999998,False,7,48,6,8784025.75882319,0.09332470466884554,0.05994423243554814,0.10105774185063626,0.009727281990473827
choque_10pct_temporario,temporario,0.9,0.09999999999999998,False,7,48,7,8850846.33779354,0.09685336376879929,0.08191894095651353,0.10690884525459872,0.010625339380236942
choque_10pct_temporario,temporario,0.9,0.09999999999999998,False,7,48,8,8860253.839452691,0.10506726162754394,0.09641008832309073,0.1223195205335418,0.00764311639358883
choque_10pct_temporario,temporario,0.9,0.09999999999999998,False,7,48,9,8803703.68880861,0.11588434859905856,0.10428870762772124,0.1377865717228869,0.0007745146543699448
choque_10pct_temporario,temporario,0.9,0.09999999999999998,False,7,48,10,8731431.585958868,0.12737985870386065,0.09911813678999737,0.15380850543025068,-0.006997244638508861
choque_10pct_temporario,temporario,0.9,0.09999999999999998,False,7,48,11,8681491.28669908,0.13246402511482697,0.08641294052624438,0.1646208875901937,-0.015489398709491672
choque_10pct_temporario,temporario,0.9,0.09999999999999998,False,7,48,12,8734655.577982904,0.13292641449263395,0.06918369327069529,0.16760176563586654,-0.021998022404107455
choque_10pct_temporario,temporario,0.9,0.09999999999999998,False,7,48,13,8952600.92267967,0.12189508144324246,0.05421280395670136,0.16180143758531002,-0.028742926049595895
choque_10pct_temporario,temporario,0.9,0.09999999999999998,False,7,48,14,9293222.594272505,0.10660193225132694,0.04614066604957112,0.1486113006546436,-0.03017296268746141
choque_10pct_temporario,temporario,0.9,0.09999999999999998,False,7,48,15,9890875.69530396,0.08013934832279626,0.049013564059691594,0.13093144916910016,-0.021736426431519396
choque_10pct_temporario,temporario,0.9,0.09999999999999998,False,7,48,16,10314107.431919374,0.05927784364678681,0.07158464450768043,0.11533885057054516,-0.013778990070574317
choque_10pct_temporario,temporario,0.9,0.09999999999999998,False,7,48,17,10668157.275955101,0.05251820207347375,0.11635836435814095,0.109345166551914,-0.0035666831713917803
choque_10pct_temporario,temporario,0.9,0.09999999999999998,False,7,48,18,10999027.87836537,0.0566569843284528,0.16916626293253656,0.11853611570138371,0.009704008626412483
choque_10pct_temporario,temporario,0.9,0.09999999999999998,False,7,48,19,11141321.25951314,0.06751850800624005,0.21275559038971048,0.14089513698842587,0.016551708519741606
choque_10pct_temporario,temporario,0.9,0.09999999999999998,False,7,48,20,11007200.478653293,0.08510656633912671,0.23200304017967066,0.16806742208008243,0.008978522394005546
choque_10pct_temporario,temporario,0.9,0.09999999999999998,False,7,48,21,10665362.39019024,0.10618992262857763,0.22260450482832006,0.1954630523895055,-0.006932181902875217
choque_10pct_temporario,temporario,0.9,0.09999999999999998,False,7,48,22,10386684.774576915,0.1135196286458338,0.1921094522714406,0.21165371135627947,-0.025307019636399995
choque_10pct_temporario,temporario,0.9,0.09999999999999998,False,7,48,23,10243485.6915637,0.11399811171857048,0.15469642575143117,0.21388293662923574,-0.04341394470369239
choque_10pct_temporario,temporario,0.9,0.09999999999999998,False,7,48,24,10358009.440146284,0.1037700168925623,0.11843084370291845,0.20834568163971032,-0.05865236793875094
choque_10pct_temporario,temporario,0.9,0.09999999999999998,False,7,48,25,10992205.501895951,0.07898717048442917,0.09305867481031393,0.18567315924998765,-0.05496973871228011
choque_10pct_temporario,temporario,0.9,0.09999999999999998,False,8,49,0,7609597.0,0.138,0.03,0.12063832026847152,0.010583740505574736
choque_10pct_temporario,temporario,0.9,0.09999999999999998,False,8,49,1,7652680.1194738075,0.14039218080275034,0.030000000000000027,0.11859395149248815,0.007984248131579937
choque_10pct_temporario,temporario,0.9,0.09999999999999998,False,8,49,2,7797461.924073542,0.1352305929194483,0.02418201686638133,0.12053293984619885,0.004206096336633925
choque_10pct_temporario,temporario,0.9,0.09999999999999998,False,8,49,3,8030416.085393261,0.12467846937162512,0.026840862108314045,0.11219011963106826,0.005492046194023671
choque_10pct_temporario,temporario,0.9,0.09999999999999998,False,8,49,4,8373891.582932308,0.10896896335053496,0.03029725656623916,0.1041589478448662,0.009708080240454362
choque_10pct_temporario,temporario,0.9,0.09999999999999998,False,8,49,5,8629830.816981984,0.09306105969716272,0.045804502139842995,0.09674928786555852,0.013743897810217282
choque_10pct_temporario,temporario,0.9,0.09999999999999998,False,8,49,6,8798109.68032519,0.08988046217350638,0.06597653560043737,0.09778142683760235,0.01320645647442792
choque_10pct_temporario,temporario,0.9,0.09999999999999998,False,8,49,7,8854775.564184923,0.09777658980701881,0.08907274484632244,0.108186663891354,0.014888322956071193
choque_10pct_temporario,temporario,0.9,0.09999999999999998,False,8,49,8,8883382.77974462,0.10679531409270215,0.10163129669273507,0.12500172909748494,0.01243721376846058
choque_10pct_temporario,temporario,0.9,0.09999999999999998,False,8,49,9,8802519.69973409,0.11697779124250547,0.10724183229106599,0.1404218206203579,0.0074657865632001405
choque_10pct_temporario,temporario,0.9,0.09999999999999998,False,8,49,10,8674944.750388907,0.13027135341449506,0.09992788754914184,0.1586641391937768,-0.002798074434057714
choque_10pct_temporario,temporario,0.9,0.09999999999999998,False,8,49,11,8518652.79183927,0.14323230155390793,0.08625411303226205,0.1742362857504998,-0.014661498712920032
choque_10pct_temporario,temporario,0.9,0.09999999999999998,False,8,49,12,8507192.488013946,0.14563724185482826,0.06555121402751585,0.18045071958025988,-0.02695953805638887
choque_10pct_temporario,temporario,0.9,0.09999999999999998,False,8,49,13,8709714.211200422,0.13483777172540473,0.0472113291336933,0.17137653262541155,-0.0336748539666526
choque_10pct_temporario,temporario,0.9,0.09999999999999998,False,8,49,14,9286464.78681898,0.11058667240779091,0.03273679707298305,0.15140518207110257,-0.03242639917412625
choque_10pct_temporario,temporario,0.9,0.09999999999999998,False,8,49,15,9857431.37478835,0.07946837332887119,0.032903316859125065,0.13010343316590336,-0.023845514252879944
choque_10pct_temporario,temporario,0.9,0.09999999999999998,False,8,49,16,10356052.92411842,0.059646871361176246,0.05618088926093101,0.11323795247557611,-0.012230215054146258
choque_10pct_temporario,temporario,0.9,0.09999999999999998,False,8,49,17,10638069.166985454,0.053777786701075296,0.10416806090860331,0.10952763143656039,-0.0028665128467073907
choque_10pct_temporario,temporario,0.9,0.09999999999999998,False,8,49,18,10927497.777132073,0.059364868609134744,0.160124439329836,0.12025425341977856,0.008630140542708479
choque_10pct_temporario,temporario,0.9,0.09999999999999998,False,8,49,19,11072918.915906385,0.06902628349488076,0.20536507897476208,0.14139268956514509,0.012568523853518702
choque_10pct_temporario,temporario,0.9,0.09999999999999998,False,8,49,20,11140716.699660769,0.0716601806037943,0.2256261351855604,0.15777644605146274,0.011220474990800323
choque_10pct_temporario,temporario,0.9,0.09999999999999998,False,8,49,21,10991698.03649899,0.07891182311524349,0.23267246757032933,0.16922851624851054,0.0027095544743312994
choque_10pct_temporario,temporario,0.9,0.09999999999999998,False,8,49,22,10843393.745486898,0.09189554958930211,0.2179965082085491,0.18887670706568413,-0.008689013975857938
choque_10pct_temporario,temporario,0.9,0.09999999999999998,False,8,49,23,10573670.680077849,0.10327399708279622,0.19299248549114578,0.20695944433376814,-0.026467254570364928
choque_10pct_temporario,temporario,0.9,0.09999999999999998,False,8,49,24,10623162.370571723,0.09843091025573068,0.15883983245649835,0.20874581038005716,-0.043471816211595724
choque_10pct_temporario,temporario,0.9,0.09999999999999998,False,8,49,25,10859106.664271995,0.0845800055182396,0.13171005689321147,0.19555434533578153,-0.049684961676009866
choque_10pct_temporario,temporario,0.9,0.09999999999999998,False,9,50,0,7609597.0,0.138,0.03,0.12063832026847152,0.010583740505574736
choque_10pct_temporario,temporario,0.9,0.09999999999999998,False,9,50,1,7652724.38733265,0.14039181650999813,0.030000000000000027,0.11859183719691781,0.007984885903803248
choque_10pct_temporario,temporario,0.9,0.09999999999999998,False,9,50,2,7831409.32990096,0.13522716034711857,0.024173664527332495,0.12036563899223725,0.002236261692935209
choque_10pct_temporario,temporario,0.9,0.09999999999999998,False,9,50,3,8026506.635385992,0.1267433618628575,0.02668482282338025,0.11308383998688466,0.0037816012161875647
choque_10pct_temporario,temporario,0.9,0.09999999999999998,False,9,50,4,8342369.38516489,0.11005903290652905,0.02940007021204516,0.10505441455471272,0.006648124191824206
choque_10pct_temporario,temporario,0.9,0.09999999999999998,False,9,50,5,8707072.136135686,0.09055749788931523,0.045298353583705486,0.0936485014030417,0.01368616431659862
choque_10pct_temporario,temporario,0.9,0.09999999999999998,False,9,50,6,8839062.568388533,0.08429387619309378,0.06655841428753217,0.09385467634692939,0.013225203523559582
choque_10pct_temporario,temporario,0.9,0.09999999999999998,False,9,50,7,8917163.792408392,0.09293307494549974,0.09457090283175251,0.10366976935632577,0.014172026661507652
choque_10pct_temporario,temporario,0.9,0.09999999999999998,False,9,50,8,8866609.384505946,0.10947496763499603,0.11003845815934965,0.12602177298533113,0.008823926957191973
choque_10pct_temporario,temporario,0.9,0.09999999999999998,False,9,50,9,8801062.454447992,0.12072618737221064,0.11368780950720359,0.1438873442275679,0.005816986494822786
choque_10pct_temporario,temporario,0.9,0.09999999999999998,False,9,50,10,8671088.343068918,0.13058140367945612,0.1041473894635192,0.15936807313326365,-0.005242430011674176
choque_10pct_temporario,temporario,0.9,0.09999999999999998,False,9,50,11,8553070.54307151,0.14170631964456806,0.08778088649438254,0.1716803281187586,-0.017349554235793988
choque_10pct_temporario,temporario,0.9,0.09999999999999998,False,9,50,12,8551905.096442712,0.1421814709061395,0.06566779268003042,0.1773615021081985,-0.028114921297012176
choque_10pct_temporario,temporario,0.9,0.09999999999999998,False,9,50,13,8794653.658374816,0.12865618477877025,0.046574950538735393,0.1669641085451024,-0.03217921339879026
choque_10pct_temporario,temporario,0.9,0.09999999999999998,False,9,50,14,9281138.076995388,0.1047762707665771,0.03470897391870298,0.14827290483950845,-0.030705008395980844
choque_10pct_temporario,temporario,0.9,0.09999999999999998,False,9,50,15,9912417.252576688,0.0765705345044064,0.0381980211454489,0.12718022930826148,-0.022964137750359676
choque_10pct_temporario,temporario,0.9,0.09999999999999998,False,9,50,16,10306719.750397984,0.05771626915373572,0.06460376220444486,0.11259195078238027,-0.013458849797678182
choque_10pct_temporario,temporario,0.9,0.09999999999999998,False,9,50,17,10721981.404046305,0.05143211395894372,0.11383060671277834,0.1070285567667333,0.000969063629537553
choque_10pct_temporario,temporario,0.9,0.09999999999999998,False,9,50,18,10979084.194330014,0.057410209552021425,0.1724526433529927,0.1183605672847063,0.013345409420730262
choque_10pct_temporario,temporario,0.9,0.09999999999999998,False,9,50,19,11091909.849014657,0.06957620995105088,0.2164911256626929,0.1433867042121127,0.01743499062387313
choque_10pct_temporario,temporario,0.9,0.09999999999999998,False,9,50,20,11003279.128945963,0.08391614211430894,0.23319984020057083,0.16820068181152908,0.013497433865375733
choque_10pct_temporario,temporario,0.9,0.09999999999999998,False,9,50,21,10685763.482483868,0.09945968427748052,0.2247934020719482,0.19106066639444505,-0.00404262077983649
choque_10pct_temporario,temporario,0.9,0.09999999999999998,False,9,50,22,10429038.216089217,0.10784291361658495,0.19783842845792066,0.20628386517394703,-0.02131505488700659
choque_10pct_temporario,temporario,0.9,0.09999999999999998,False,9,50,23,10333144.877241768,0.1079162215150105,0.16139825362229687,0.20998257807447473,-0.04152952210492194
choque_10pct_temporario,temporario,0.9,0.09999999999999998,False,9,50,24,10487118.269269507,0.09656902326237124,0.1286261859858322,0.2015711990848546,-0.05106344724604723
choque_10pct_temporario,temporario,0.9,0.09999999999999998,False,9,50,25,11182464.800489051,0.06578326484689445,0.10573360286184341,0.17770360699030066,-0.0489954404758745
choque_10pct_temporario,temporario,0.9,0.09999999999999998,False,10,51,0,7609597.0,0.138,0.03,0.12063832026847152,0.010583740505574736
choque_10pct_temporario,temporario,0.9,0.09999999999999998,False,10,51,1,7652724.38733265,0.14039181650999813,0.030000000000000027,0.11859183719691781,0.007984885903803248
choque_10pct_temporario,temporario,0.9,0.09999999999999998,False,10,51,2,7808830.30150961,0.13522708141572493,0.024182135936617666,0.12046137816018762,0.004525243561641617
choque_10pct_temporario,temporario,0.9,0.09999999999999998,False,10,51,3,8045196.615186768,0.12487391165295975,0.0268557789158812,0.11196849357641461,0.006371024970089953
choque_10pct_temporario,temporario,0.9,0.09999999999999998,False,10,51,4,8375348.455186851,0.10904007403663422,0.030196860666761305,0.10416662220504334,0.008187462286959962
choque_10pct_temporario,temporario,0.9,0.09999999999999998,False,10,51,5,8621247.333501693,0.0935991271072159,0.046872785505125636,0.09575326741499493,0.011150120333785101
choque_10pct_temporario,temporario,0.9,0.09999999999999998,False,10,51,6,8824672.894901447,0.08730497084883203,0.06582327333740712,0.09527137969255896,0.011367053923914808
choque_10pct_temporario,temporario,0.9,0.09999999999999998,False,10,51,7,8951410.255919209,0.08915299034549076,0.09185083055883925,0.10133887815185934,0.013096364778099742
choque_10pct_temporario,temporario,0.9,0.09999999999999998,False,10,51,8,8987467.503541987,0.09778959846578095,0.11052041695503889,0.11670676311969466,0.010796533313168306
choque_10pct_temporario,temporario,0.9,0.09999999999999998,False,10,51,9,8911937.32479255,0.11192363883068537,0.11907150570281133,0.1359903246240661,0.010872241992538766
choque_10pct_temporario,temporario,0.9,0.09999999999999998,False,10,51,10,8672028.924408307,0.13205964887019847,0.1146771028366973,0.15937649224803382,0.001129516327519169
choque_10pct_temporario,temporario,0.9,0.09999999999999998,False,10,51,11,8574990.497134462,0.1390832779748414,0.0970752372349517,0.17390493555159545,-0.015810886092366926
choque_10pct_temporario,temporario,0.9,0.09999999999999998,False,10,51,12,8576590.400987245,0.14004195435951106,0.07486039752834617,0.17586558473844136,-0.025606289337226775
choque_10pct_temporario,temporario,0.9,0.09999999999999998,False,10,51,13,8768088.362483067,0.12806991325171477,0.0545896437259199,0.16891509577599062,-0.03270446185953205
choque_10pct_temporario,temporario,0.9,0.09999999999999998,False,10,51,14,9251795.795141714,0.10756547627014962,0.0409681845484009,0.15106910817516853,-0.031086160064737352
choque_10pct_temporario,temporario,0.9,0.09999999999999998,False,10,51,15,9780933.197165947,0.0807127621837667,0.040255307335526735,0.13210383136494858,-0.02326847639029072
choque_10pct_temporario,temporario,0.9,0.09999999999999998,False,10,51,16,10339665.061734036,0.05858925667927484,0.06022750919487785,0.1151561551845848,-0.015186983623861543
choque_10pct_temporario,temporario,0.9,0.09999999999999998,False,10,51,17,10730421.791252203,0.049507366028591036,0.1069708291560969,0.10666180862746741,-0.0028721910316823764
choque_10pct_temporario,temporario,0.9,0.09999999999999998,False,10,51,18,10982960.049250258,0.05512371355002893,0.1689774969600537,0.11490860061052155,0.01163490989218959
choque_10pct_temporario,temporario,0.9,0.09999999999999998,False,10,51,19,11072025.241716841,0.0725078881987666,0.2152301106444181,0.143619640145919,0.016922950626864882
choque_10pct_temporario,temporario,0.9,0.09999999999999998,False,10,51,20,11041181.702715605,0.08483379005502781,0.23239401053449327,0.17014635328401237,0.011353470211631014
choque_10pct_temporario,temporario,0.9,0.09999999999999998,False,10,51,21,10789704.705760757,0.09263486721815264,0.22556583055971968,0.183420804566369,-0.002692040441702426
choque_10pct_temporario,temporario,0.9,0.09999999999999998,False,10,51,22,10668161.864048949,0.09348089106168006,0.20148256222402305,0.19232076900155437,-0.019208128624413037
choque_10pct_temporario,temporario,0.9,0.09999999999999998,False,10,51,23,10481230.715179574,0.09954807709149602,0.17496819851531442,0.19981558743473352,-0.03370509992372279
choque_10pct_temporario,temporario,0.9,0.09999999999999998,False,10,51,24,10664123.917171948,0.09176246011411121,0.14305621534966328,0.20024175779360529,-0.04706433273245459
choque_10pct_temporario,temporario,0.9,0.09999999999999998,False,10,51,25,11008034.212457705,0.07433168803107332,0.12605937552996682,0.18507751728528535,-0.04726922704875094
choque_10pct_temporario,temporario,0.9,0.09999999999999998,False,11,52,0,7609597.0,0.138,0.03,0.12063832026847152,0.010583740505574736
choque_10pct_temporario,temporario,0.9,0.09999999999999998,False,11,52,1,7652724.38733265,0.14039181650999813,0.030000000000000027,0.11859183719691781,0.007984885903803248
choque_10pct_temporario,temporario,0.9,0.09999999999999998,False,11,52,2,7794150.70035044,0.13522708141572493,0.024181342948803586,0.12055946615055155,0.004474582070652111
choque_10pct_temporario,temporario,0.9,0.09999999999999998,False,11,52,3,8045408.101835962,0.125016729793005,0.02685070248142485,0.11179698091246432,0.006333034331458802
choque_10pct_temporario,temporario,0.9,0.09999999999999998,False,11,52,4,8421298.268562252,0.10971390983816728,0.030149964508237037,0.10454853378646511,0.004937923117649243
choque_10pct_temporario,temporario,0.9,0.09999999999999998,False,11,52,5,8634508.613382742,0.09580934251737203,0.04561854921416453,0.09800481053074311,0.011735024277963912
choque_10pct_temporario,temporario,0.9,0.09999999999999998,False,11,52,6,8728630.353291154,0.09383404716309332,0.06375978888301326,0.10103997655813375,0.012662240515760021
choque_10pct_temporario,temporario,0.9,0.09999999999999998,False,11,52,7,8798002.395377435,0.10043271106231502,0.08513883923570487,0.11144349498488039,0.011552641957488629
choque_10pct_temporario,temporario,0.9,0.09999999999999998,False,11,52,8,8771685.845404308,0.11368308022061802,0.09696164938858498,0.12907543885264638,0.0046202463130593
choque_10pct_temporario,temporario,0.9,0.09999999999999998,False,11,52,9,8682373.118439743,0.12515560366505712,0.09912156315583243,0.14563775698323767,0.0008252130507711828
choque_10pct_temporario,temporario,0.9,0.09999999999999998,False,11,52,10,8665177.175670236,0.12894245622487813,0.08969056400951048,0.15644974503012787,-0.007678977138496453
choque_10pct_temporario,temporario,0.9,0.09999999999999998,False,11,52,11,8639467.499032753,0.13280467942256685,0.07755345389060353,0.16270058650506145,-0.015520243475746213
choque_10pct_temporario,temporario,0.9,0.09999999999999998,False,11,52,12,8700206.195730183,0.13272792770882721,0.06199755042551902,0.16596200504674183,-0.0223681143044843
choque_10pct_temporario,temporario,0.9,0.09999999999999998,False,11,52,13,8948218.19269225,0.11944241610907387,0.04916711764789761,0.15819871389894397,-0.025491333479224464
choque_10pct_temporario,temporario,0.9,0.09999999999999998,False,11,52,14,9415495.135326475,0.0978553955161263,0.04351277596333003,0.14210186860571297,-0.024576285178843076
choque_10pct_temporario,temporario,0.9,0.09999999999999998,False,11,52,15,9952820.203892086,0.07408884577730307,0.0524860954460471,0.12543950979715043,-0.01722464613818046
choque_10pct_temporario,temporario,0.9,0.09999999999999998,False,11,52,16,10267944.725860113,0.059771831760066355,0.07997979475745765,0.11514762573126562,-0.009903460079317007
choque_10pct_temporario,temporario,0.9,0.09999999999999998,False,11,52,17,10733767.60028804,0.05390958540691094,0.12553600356994776,0.11247633116521713,-0.0006437052077857366
choque_10pct_temporario,temporario,0.9,0.09999999999999998,False,11,52,18,10921259.638811003,0.05806147572209162,0.1792944990086014,0.12268145981070672,0.008833511069310837
choque_10pct_temporario,temporario,0.9,0.09999999999999998,False,11,52,19,10992402.600801198,0.07459889338449528,0.2179818396858515,0.14596072862470663,0.01161165937500291
choque_10pct_temporario,temporario,0.9,0.09999999999999998,False,11,52,20,10890671.547316048,0.08690815315819847,0.226594466491711,0.17312457335850628,0.006710214396204328
choque_10pct_temporario,temporario,0.9,0.09999999999999998,False,11,52,21,10787667.237373076,0.09037018475704499,0.21503705618179714,0.1837237258650058,-0.0036699708062199587
choque_10pct_temporario,temporario,0.9,0.09999999999999998,False,11,52,22,10466964.039118258,0.10192559949110598,0.19187223125836184,0.19786307311413656,-0.020346134186616804
choque_10pct_temporario,temporario,0.9,0.09999999999999998,False,11,52,23,10398343.489828814,0.10755510084060212,0.16043571640084542,0.20946096887253857,-0.038423440026294164
choque_10pct_temporario,temporario,0.9,0.09999999999999998,False,11,52,24,10457550.436960211,0.10153867289600947,0.1293901898514449,0.2070911316827824,-0.05223214182753922
choque_10pct_temporario,temporario,0.9,0.09999999999999998,False,11,52,25,10953644.53260145,0.07792041590990192,0.10610174291738472,0.1883436458911786,-0.05397807496481015
choque_10pct_temporario,temporario,0.9,0.09999999999999998,False,12,53,0,7609597.0,0.138,0.03,0.12063832026847152,0.010583740505574736
choque_10pct_temporario,temporario,0.9,0.09999999999999998,False,12,53,1,7652724.38733265,0.14039181650999813,0.030000000000000027,0.11859183719691781,0.007984885903803248
choque_10pct_temporario,temporario,0.9,0.09999999999999998,False,12,53,2,7810046.971376143,0.13522708141572493,0.024171673884584965,0.12046543237799465,0.0018144858104566254
choque_10pct_temporario,temporario,0.9,0.09999999999999998,False,12,53,3,8087844.994179144,0.12398966059012682,0.026889909704855164,0.11135094701790316,0.0014586061754799763
choque_10pct_temporario,temporario,0.9,0.09999999999999998,False,12,53,4,8395421.426605148,0.10672299870031342,0.03067375202996403,0.10237724749614502,0.006233183318655189
choque_10pct_temporario,temporario,0.9,0.09999999999999998,False,12,53,5,8741146.601660179,0.09006717058332163,0.04890804552080397,0.09221118908024771,0.014694416571773103
choque_10pct_temporario,temporario,0.9,0.09999999999999998,False,12,53,6,8824132.831818935,0.08485851739424939,0.06974421033361788,0.09445950098489449,0.012657263333490551
choque_10pct_temporario,temporario,0.9,0.09999999999999998,False,12,53,7,8903238.893063726,0.09452939790935576,0.09736041663618566,0.10455431100747586,0.013931101192055652
choque_10pct_temporario,temporario,0.9,0.09999999999999998,False,12,53,8,8868616.215796443,0.10864315635414151,0.11025240078151644,0.12710693449522065,0.012952745808296537
choque_10pct_temporario,temporario,0.9,0.09999999999999998,False,12,53,9,8713317.574744236,0.12532486383450164,0.11427921739956592,0.1472712650898668,0.004659350067980315
choque_10pct_temporario,temporario,0.9,0.09999999999999998,False,12,53,10,8557356.205383673,0.13789520947238107,0.1011164226700565,0.1663570313235872,-0.006433783829596286
choque_10pct_temporario,temporario,0.9,0.09999999999999998,False,12,53,11,8453923.806685543,0.14511926681005133,0.08273854894189125,0.17626129254804632,-0.019547461772123385
choque_10pct_temporario,temporario,0.9,0.09999999999999998,False,12,53,12,8511680.092926051,0.14374607734201805,0.060204187461107006,0.17663302062472205,-0.029806622962598273
choque_10pct_temporario,temporario,0.9,0.09999999999999998,False,12,53,13,8885206.442727942,0.12522761652422665,0.04060899282226904,0.16201163246808528,-0.032515555977708735
choque_10pct_temporario,temporario,0.9,0.09999999999999998,False,12,53,14,9404819.278017541,0.09705567382900662,0.03166704351846983,0.14125348999645282,-0.027654034021378355
choque_10pct_temporario,temporario,0.9,0.09999999999999998,False,12,53,15,10000501.223841771,0.06916201007592158,0.040222053382848566,0.12040750167293043,-0.020756524091541786
choque_10pct_temporario,temporario,0.9,0.09999999999999998,False,12,53,16,10410020.085579956,0.05617934513751625,0.07372003588022968,0.10785262462862988,-0.012795565698431918
choque_10pct_temporario,temporario,0.9,0.09999999999999998,False,12,53,17,10765148.765221674,0.05233569002928575,0.12656950664607391,0.10841419787990307,0.001570094991953764
choque_10pct_temporario,temporario,0.9,0.09999999999999998,False,12,53,18,11010484.59970936,0.05755857600638439,0.18453028274681005,0.12042624603740601,0.013657231498614947
choque_10pct_temporario,temporario,0.9,0.09999999999999998,False,12,53,19,11114977.714786408,0.06991733695177173,0.2257812148748024,0.14362350363244603,0.016231584735862104
choque_10pct_temporario,temporario,0.9,0.09999999999999998,False,12,53,20,10993983.424607193,0.08610522276550288,0.23860779276745703,0.17006738378268263,0.010552908196115368
choque_10pct_temporario,temporario,0.9,0.09999999999999998,False,12,53,21,10625957.470010065,0.10308952360511776,0.22625274819004493,0.19514249108855322,-0.006903374897761014
choque_10pct_temporario,temporario,0.9,0.09999999999999998,False,12,53,22,10325618.036204927,0.11511501736330795,0.1941333550296196,0.2115743314259892,-0.027049273207331616
choque_10pct_temporario,temporario,0.9,0.09999999999999998,False,12,53,23,10242283.167319981,0.11233914298500441,0.15407144528108274,0.21474324684150883,-0.04745503647365733
choque_10pct_temporario,temporario,0.9,0.09999999999999998,False,12,53,24,10354729.514633555,0.10217616432940962,0.11721955916930815,0.20589293430006353,-0.05745019437040379
choque_10pct_temporario,temporario,0.9,0.09999999999999998,False,12,53,25,11123005.754576739,0.06963038908843598,0.0929633497290272,0.18046171988961876,-0.05615923691520209
choque_10pct_temporario,temporario,0.9,0.09999999999999998,False,13,54,0,7609597.0,0.138,0.03,0.12063832026847152,0.010583740505574736
choque_10pct_temporario,temporario,0.9,0.09999999999999998,False,13,54,1,7652724.38733265,0.14039181650999813,0.030000000000000027,0.11859183719691781,0.007984885903803248
choque_10pct_temporario,temporario,0.9,0.09999999999999998,False,13,54,2,7807882.025855416,0.1352284517914167,0.024191249950330507,0.12042664381191594,0.00693153572118296
choque_10pct_temporario,temporario,0.9,0.09999999999999998,False,13,54,3,8010822.675969156,0.12609412635990758,0.02682132259231884,0.11362985002848908,0.003909160612021878
choque_10pct_temporario,temporario,0.9,0.09999999999999998,False,13,54,4,8353037.674028627,0.1122005496088554,0.029735017778547812,0.10600443750644371,0.00784903943743556
choque_10pct_temporario,temporario,0.9,0.09999999999999998,False,13,54,5,8590351.446297733,0.09646908917494514,0.04391190465967143,0.09920166153663645,0.008758443397811403
choque_10pct_temporario,temporario,0.9,0.09999999999999998,False,13,54,6,8785832.674808227,0.09055599613943394,0.06184640820158993,0.09754968933643103,0.012394538491916495
choque_10pct_temporario,temporario,0.9,0.09999999999999998,False,13,54,7,8946966.285388231,0.09017251953668665,0.08555856010818252,0.10306621515491153,0.010424163902019362
choque_10pct_temporario,temporario,0.9,0.09999999999999998,False,13,54,8,8935428.433881812,0.09960540780874592,0.10511934496034292,0.11600579986444541,0.012806352707519567
choque_10pct_temporario,temporario,0.9,0.09999999999999998,False,13,54,9,8906480.484489273,0.10826209324368846,0.11444397746858193,0.13380760562887978,0.007245905045773559
choque_10pct_temporario,temporario,0.9,0.09999999999999998,False,13,54,10,8774674.834514052,0.12383334688293238,0.11315596420592189,0.15167345747795696,-0.00275652402065169
choque_10pct_temporario,temporario,0.9,0.09999999999999998,False,13,54,11,8627502.566926546,0.13669979190443723,0.09887252265214208,0.1696802211929676,-0.011065245481770326
choque_10pct_temporario,temporario,0.9,0.09999999999999998,False,13,54,12,8653961.820316795,0.13702016412875417,0.07836698151345622,0.17450413844013024,-0.0199907692777124
choque_10pct_temporario,temporario,0.9,0.09999999999999998,False,13,54,13,8820271.510358134,0.12753323374950895,0.05789389293600067,0.16887704849361135,-0.02887749860135476
choque_10pct_temporario,temporario,0.9,0.09999999999999998,False,13,54,14,9153414.251596402,0.11032707314974888,0.045306029159096095,0.15503443407955805,-0.03046739094263878
choque_10pct_temporario,temporario,0.9,0.09999999999999998,False,13,54,15,9738556.147354513,0.08358657941681912,0.0435652087549121,0.13557627868491132,-0.02566858440681098
choque_10pct_temporario,temporario,0.9,0.09999999999999998,False,13,54,16,10324670.364510149,0.057626869800827075,0.06263670905688934,0.11603838512202262,-0.01642641098945071
choque_10pct_temporario,temporario,0.9,0.09999999999999998,False,13,54,17,10732035.236354843,0.04817952014069107,0.10887932103472364,0.10478753527802064,-0.00042343793104258247
choque_10pct_temporario,temporario,0.9,0.09999999999999998,False,13,54,18,10931262.222585684,0.05789213808276259,0.1713889147911296,0.1154346042986051,0.011736666950466625
choque_10pct_temporario,temporario,0.9,0.09999999999999998,False,13,54,19,11017383.693286018,0.07303238861592501,0.21434076516921485,0.14788812307563068,0.014403608534231602
choque_10pct_temporario,temporario,0.9,0.09999999999999998,False,13,54,20,11011264.4227559,0.07968539259268669,0.22982631936044418,0.16707497798071835,0.010241609207811229
choque_10pct_temporario,temporario,0.9,0.09999999999999998,False,13,54,21,10784250.467114795,0.0882599827132051,0.22559871385106134,0.1798721248299584,-0.0022244073441879584
choque_10pct_temporario,temporario,0.9,0.09999999999999998,False,13,54,22,10567592.920156559,0.1000657888151543,0.2040148034728948,0.196897490367187,-0.01949930149447748
choque_10pct_temporario,temporario,0.9,0.09999999999999998,False,13,54,23,10494909.976844618,0.10164774294300957,0.1736136637608363,0.20520697265865676,-0.03460920039395222
choque_10pct_temporario,temporario,0.9,0.09999999999999998,False,13,54,24,10564791.970842017,0.09536660108289885,0.14254924611313635,0.20135108020011208,-0.04795671299887817
choque_10pct_temporario,temporario,0.9,0.09999999999999998,False,13,54,25,11072260.67665182,0.07335154483285149,0.12015839390836947,0.18399256452825863,-0.046014079434744865
choque_10pct_temporario,temporario,0.9,0.09999999999999998,False,14,55,0,7609597.0,0.138,0.03,0.12063832026847152,0.010583740505574736
choque_10pct_temporario,temporario,0.9,0.09999999999999998,False,14,55,1,7652724.38733265,0.14039181650999813,0.030000000000000027,0.11859183719691781,0.007984885903803248
choque_10pct_temporario,temporario,0.9,0.09999999999999998,False,14,55,2,7803747.8971590325,0.13522708141572493,0.024175498106025595,0.120415382402965,0.0032971674482037134
choque_10pct_temporario,temporario,0.9,0.09999999999999998,False,14,55,3,8074617.987863225,0.12423025497525701,0.02688704207308823,0.11150621873013597,0.003946045070084616
choque_10pct_temporario,temporario,0.9,0.09999999999999998,False,14,55,4,8376568.068342616,0.10717627813955055,0.030506877646086616,0.10282315139671222,0.005642319273890538
choque_10pct_temporario,temporario,0.9,0.09999999999999998,False,14,55,5,8712029.91911298,0.08961025597610527,0.04803086093133313,0.09251188481979283,0.011799778647183238
choque_10pct_temporario,temporario,0.9,0.09999999999999998,False,14,55,6,8905681.04284095,0.08183905323141691,0.06961222635540398,0.09154125427543594,0.015779952447435085
choque_10pct_temporario,temporario,0.9,0.09999999999999998,False,14,55,7,8970635.250085173,0.09081668056165045,0.09942329086511448,0.10098892926763976,0.017862738718276108
choque_10pct_temporario,temporario,0.9,0.09999999999999998,False,14,55,8,8866207.126938127,0.10792798008925607,0.115529539703912,0.1263941929680104,0.013812350091897735
choque_10pct_temporario,temporario,0.9,0.09999999999999998,False,14,55,9,8784737.425509388,0.1242719653483416,0.11894571343649507,0.14638381582564144,0.010972733750234782
choque_10pct_temporario,temporario,0.9,0.09999999999999998,False,14,55,10,8553771.260347564,0.13890451167518908,0.10781597737465143,0.16648680654317408,-0.004064113112747348
choque_10pct_temporario,temporario,0.9,0.09999999999999998,False,14,55,11,8431854.222542686,0.14654119797524778,0.08763532857175038,0.17814656048795782,-0.01871361785535341
choque_10pct_temporario,temporario,0.9,0.09999999999999998,False,14,55,12,8450346.926437683,0.1465518744810544,0.06292411843728596,0.18135227621077973,-0.031882177311466545
choque_10pct_temporario,temporario,0.9,0.09999999999999998,False,14,55,13,8632489.077106563,0.13849809548151298,0.0402510380048573,0.17450131734709426,-0.03802391747948821
choque_10pct_temporario,temporario,0.9,0.09999999999999998,False,14,55,14,9233974.426783642,0.11431515118582679,0.025497930519180034,0.15471042553639272,-0.03931151796696615
choque_10pct_temporario,temporario,0.9,0.09999999999999998,False,14,55,15,9725367.417458901,0.08584128984201504,0.023584641202908374,0.1345361125630239,-0.0281214931730432
choque_10pct_temporario,temporario,0.9,0.09999999999999998,False,14,55,16,10217324.609790808,0.06460262816789952,0.04426497653615802,0.1182479372556839,-0.017048455794764092
choque_10pct_temporario,temporario,0.9,0.09999999999999998,False,14,55,17,10548893.058457013,0.05572747895838054,0.08666265427034126,0.11185028895757959,-0.005897193084625622
choque_10pct_temporario,temporario,0.9,0.09999999999999998,False,14,55,18,10906171.151891325,0.05723071637691941,0.14178034892333535,0.11759729321296876,0.004423782038604136
choque_10pct_temporario,temporario,0.9,0.09999999999999998,False,14,55,19,11128433.399635237,0.06337462635528356,0.19113872772490237,0.1347092869255435,0.012763772293523839
choque_10pct_temporario,temporario,0.9,0.09999999999999998,False,14,55,20,11217860.147612356,0.06904491833322637,0.2243732128507283,0.15124976855612005,0.01278772383041876
choque_10pct_temporario,temporario,0.9,0.09999999999999998,False,14,55,21,11204738.358235853,0.07387780666389465,0.23601016864676372,0.16500969676407856,0.007061495977261467
choque_10pct_temporario,temporario,0.9,0.09999999999999998,False,14,55,22,10983098.86850523,0.0846223189012956,0.2319994523793436,0.1822192371106813,-0.006219483216563959
choque_10pct_temporario,temporario,0.9,0.09999999999999998,False,14,55,23,10813504.2870546,0.09639440597785738,0.21100211581442507,0.19982002110252842,-0.020004714799137378
choque_10pct_temporario,temporario,0.9,0.09999999999999998,False,14,55,24,10708492.638510013,0.09502327950330088,0.18061456107866003,0.20698399035658982,-0.03617241641311723
choque_10pct_temporario,temporario,0.9,0.09999999999999998,False,14,55,25,10968132.514228988,0.08101474788771851,0.15274163385897066,0.19494519685229889,-0.04594298182997151
choque_10pct_temporario,temporario,0.9,0.09999999999999998,False,15,56,0,7609597.0,0.138,0.03,0.12063832026847152,0.010583740505574736
choque_10pct_temporario,temporario,0.9,0.09999999999999998,False,15,56,1,7652724.38733265,0.14039181650999813,0.030000000000000027,0.11859183719691781,0.007984885903803248
choque_10pct_temporario,temporario,0.9,0.09999999999999998,False,15,56,2,7803739.127105768,0.13522708141572493,0.024178098798171233,0.12051654365317306,0.0031981574481878784
choque_10pct_temporario,temporario,0.9,0.09999999999999998,False,15,56,3,8065391.775771203,0.12431866702072024,0.026870259070886693,0.1111530460226252,0.007187670970995964
choque_10pct_temporario,temporario,0.9,0.09999999999999998,False,15,56,4,8387501.122808974,0.10714595804044674,0.03046905717065429,0.10368308254123614,0.006782423317646223
choque_10pct_temporario,temporario,0.9,0.09999999999999998,False,15,56,5,8621526.57890215,0.09430521025055745,0.047571141921644244,0.09582415266878438,0.009328278181957748
choque_10pct_temporario,temporario,0.9,0.09999999999999998,False,15,56,6,8841158.665487912,0.0887794655757045,0.06630439712404113,0.09649122681765304,0.014419684793953665
choque_10pct_temporario,temporario,0.9,0.09999999999999998,False,15,56,7,8915661.835434608,0.09158084639518492,0.09148308561240648,0.10454095653798968,0.014300448290227065
choque_10pct_temporario,temporario,0.9,0.09999999999999998,False,15,56,8,8819309.793578021,0.10789424312164449,0.10853978733448444,0.12440037580698425,0.010726960413240089
choque_10pct_temporario,temporario,0.9,0.09999999999999998,False,15,56,9,8739660.997762496,0.12243739673871948,0.11233890633222043,0.1455568498208272,0.004311152797327054
choque_10pct_temporario,temporario,0.9,0.09999999999999998,False,15,56,10,8603114.647030994,0.13421227106483596,0.10347772543757294,0.16094667986208108,-0.005406722363210419
choque_10pct_temporario,temporario,0.9,0.09999999999999998,False,15,56,11,8554470.994013939,0.1364455630965635,0.08521592813049428,0.16998292015099822,-0.016873839943668797
choque_10pct_temporario,temporario,0.9,0.09999999999999998,False,15,56,12,8678319.657414975,0.13317544738335363,0.06636320911033144,0.16806391735515297,-0.02624633134646581
choque_10pct_temporario,temporario,0.9,0.09999999999999998,False,15,56,13,8897698.390108073,0.12162264470282728,0.04868738346580481,0.16069870791142954,-0.02742629409388685
choque_10pct_temporario,temporario,0.9,0.09999999999999998,False,15,56,14,9455410.562096385,0.09499352292116205,0.03934830878008122,0.14233653242779107,-0.027335452290381708
choque_10pct_temporario,temporario,0.9,0.09999999999999998,False,15,56,15,9915745.826376583,0.07411275933544768,0.048603597503958484,0.12419698365404835,-0.01942738498825594
choque_10pct_temporario,temporario,0.9,0.09999999999999998,False,15,56,16,10395779.555719014,0.056904014034378676,0.07660969111958815,0.11359704793897492,-0.01102044602360071
choque_10pct_temporario,temporario,0.9,0.09999999999999998,False,15,56,17,10759272.637535153,0.05288570309419098,0.1272603831018817,0.10855399773104919,0.0019207543527725098
choque_10pct_temporario,temporario,0.9,0.09999999999999998,False,15,56,18,10921404.419643253,0.062309283410013204,0.18092516549681958,0.12457489720808991,0.011505356974628272
choque_10pct_temporario,temporario,0.9,0.09999999999999998,False,15,56,19,10986795.123019602,0.07620806505289901,0.2161309998861738,0.15154108963545718,0.012894438813451514
choque_10pct_temporario,temporario,0.9,0.09999999999999998,False,15,56,20,10844880.954241944,0.08681301082755781,0.2244770312120492,0.17335551795522364,0.004194069263129102
choque_10pct_temporario,temporario,0.9,0.09999999999999998,False,15,56,21,10587680.77115916,0.09815031366523332,0.21218459332848405,0.1892597506480696,-0.007119820740389319
choque_10pct_temporario,temporario,0.9,0.09999999999999998,False,15,56,22,10419520.460083686,0.10305767442148253,0.18510477027427252,0.20135500500152062,-0.024903331512458812
choque_10pct_temporario,temporario,0.9,0.09999999999999998,False,15,56,23,10458791.582159705,0.09718070553528008,0.15393495076216746,0.20042463118893564,-0.038649329001769026
choque_10pct_temporario,temporario,0.9,0.09999999999999998,False,15,56,24,10667811.143561866,0.08474543090813116,0.12933066715848152,0.19118612406274196,-0.04605310852856896
choque_10pct_temporario,temporario,0.9,0.09999999999999998,False,15,56,25,11342155.728776708,0.06115734439221919,0.11600994119083707,0.1721247271834046,-0.045090336433260464
choque_10pct_temporario,temporario,0.9,0.09999999999999998,False,16,57,0,7609597.0,0.138,0.03,0.12063832026847152,0.010583740505574736
choque_10pct_temporario,temporario,0.9,0.09999999999999998,False,16,57,1,7652724.38733265,0.14039181650999813,0.030000000000000027,0.11859183719691781,0.007984885903803248
choque_10pct_temporario,temporario,0.9,0.09999999999999998,False,16,57,2,7798149.185335477,0.13522708141572493,0.02417888502677079,0.12050270894061646,0.0034953853031676287
choque_10pct_temporario,temporario,0.9,0.09999999999999998,False,16,57,3,8058476.3955916595,0.12462896071866911,0.02686294330919381,0.11165030530206593,0.004615175905555728
choque_10pct_temporario,temporario,0.9,0.09999999999999998,False,16,57,4,8385237.313331587,0.10741247831602448,0.030342160743449753,0.10345300497362986,0.009326952688435478
choque_10pct_temporario,temporario,0.9,0.09999999999999998,False,16,57,5,8643916.440802315,0.09272716010106417,0.046459857543921235,0.09594446225583195,0.014363909920175914
choque_10pct_temporario,temporario,0.9,0.09999999999999998,False,16,57,6,8802661.098067667,0.0902714799837821,0.0667485561082155,0.09764092755318529,0.015873303525372175
choque_10pct_temporario,temporario,0.9,0.09999999999999998,False,16,57,7,8841152.265004853,0.09875551443227319,0.08987134822512255,0.10933993949652539,0.012272123381448135
choque_10pct_temporario,temporario,0.9,0.09999999999999998,False,16,57,8,8852215.68844989,0.1076588526301335,0.10277971134348918,0.12552783431221692,0.011171551360617562
choque_10pct_temporario,temporario,0.9,0.09999999999999998,False,16,57,9,8836343.564613966,0.11468507181174044,0.1067138999825632,0.1388145933487232,0.006119102468165573
choque_10pct_temporario,temporario,0.9,0.09999999999999998,False,16,57,10,8714554.802138414,0.12664121996789957,0.10199025983215848,0.15394652772655643,-0.005103440753535805
choque_10pct_temporario,temporario,0.9,0.09999999999999998,False,16,57,11,8619264.253483817,0.13563405998350023,0.0882950471007895,0.16742378836287322,-0.014639520659614942
choque_10pct_temporario,temporario,0.9,0.09999999999999998,False,16,57,12,8648453.863802956,0.1347381039996399,0.07178142056966585,0.1706666784611131,-0.024144603202634594
choque_10pct_temporario,temporario,0.9,0.09999999999999998,False,16,57,13,8864860.96870037,0.12590108951266424,0.053212632431741236,0.16484128686929908,-0.031186713090823652
choque_10pct_temporario,temporario,0.9,0.09999999999999998,False,16,57,14,9221643.049967576,0.10767069514973708,0.04424105416879054,0.15106158552777346,-0.029789527302641727
choque_10pct_temporario,temporario,0.9,0.09999999999999998,False,16,57,15,9905664.838570386,0.07817513709947839,0.04326596008222605,0.130514937594638,-0.02284589854543668
choque_10pct_temporario,temporario,0.9,0.09999999999999998,False,16,57,16,10354780.722934434,0.056728450200364086,0.06877429434576676,0.11291551781191068,-0.011669162409119409
choque_10pct_temporario,temporario,0.9,0.09999999999999998,False,16,57,17,10684855.156839274,0.05166540476342883,0.1155078698020775,0.10816515807225358,-0.00172509305298609
choque_10pct_temporario,temporario,0.9,0.09999999999999998,False,16,57,18,10887580.216982318,0.0607785646142325,0.1736885307424092,0.12197957288127786,0.010660572086237987
choque_10pct_temporario,temporario,0.9,0.09999999999999998,False,16,57,19,10984603.272852572,0.07378712145585221,0.21166845283650604,0.14936983895556474,0.014199710366870455
choque_10pct_temporario,temporario,0.9,0.09999999999999998,False,16,57,20,10984484.7050694,0.08151805089909417,0.22546176275007834,0.1672927986880201,0.008307087196398867
choque_10pct_temporario,temporario,0.9,0.09999999999999998,False,16,57,21,10690469.277866112,0.09367148917061628,0.2191936256781868,0.18461753047868937,-0.007646295857886573
choque_10pct_temporario,temporario,0.9,0.09999999999999998,False,16,57,22,10476090.659192014,0.10625647456710326,0.19452390806181752,0.20211551816134435,-0.021150357182458758
choque_10pct_temporario,temporario,0.9,0.09999999999999998,False,16,57,23,10376031.307594348,0.10565377505837675,0.16228072325217924,0.209325636246499,-0.040715288942822545
choque_10pct_temporario,temporario,0.9,0.09999999999999998,False,16,57,24,10558509.188252786,0.09500811369151826,0.12981398684014844,0.19981081103226697,-0.049142302371026986
choque_10pct_temporario,temporario,0.9,0.09999999999999998,False,16,57,25,11137321.289042102,0.06804542200963921,0.11051756582715844,0.17921943423083597,-0.04944944547371256
choque_10pct_temporario,temporario,0.9,0.09999999999999998,False,17,58,0,7609597.0,0.138,0.03,0.12063832026847152,0.010583740505574736
choque_10pct_temporario,temporario,0.9,0.09999999999999998,False,17,58,1,7652724.38733265,0.14039181650999813,0.030000000000000027,0.11859183719691781,0.007984885903803248
choque_10pct_temporario,temporario,0.9,0.09999999999999998,False,17,58,2,7802161.346453733,0.13522791937893172,0.024174926556558063,0.12037381947310465,0.0028043715900083316
choque_10pct_temporario,temporario,0.9,0.09999999999999998,False,17,58,3,8059652.985903531,0.12473132222678276,0.026858027179900823,0.11102645403276418,0.005185265446354202
choque_10pct_temporario,temporario,0.9,0.09999999999999998,False,17,58,4,8453070.564015096,0.10693851959265516,0.030329238507252443,0.10211269007592062,0.00914744216823397
choque_10pct_temporario,temporario,0.9,0.09999999999999998,False,17,58,5,8627105.598149477,0.09169795926741263,0.04843574027051667,0.09485728985029503,0.014374411993917383
choque_10pct_temporario,temporario,0.9,0.09999999999999998,False,17,58,6,8792550.232002782,0.09042103528374985,0.068105082290711,0.09743290300386546,0.01385108310311947
choque_10pct_temporario,temporario,0.9,0.09999999999999998,False,17,58,7,8832512.055490216,0.09903967655095694,0.09167816153885577,0.10973945519949421,0.01315475593654843
choque_10pct_temporario,temporario,0.9,0.09999999999999998,False,17,58,8,8784372.22930939,0.11249163382347172,0.10345834299995094,0.12951588958347116,0.005141397709473106
choque_10pct_temporario,temporario,0.9,0.09999999999999998,False,17,58,9,8667530.250980904,0.12481014306586583,0.10470896648293548,0.14639298634234585,-0.0016863623256210458
choque_10pct_temporario,temporario,0.9,0.09999999999999998,False,17,58,10,8722536.810941597,0.12504636620482695,0.09362732510738714,0.154288495529286,-0.0073182958592390044
choque_10pct_temporario,temporario,0.9,0.09999999999999998,False,17,58,11,8730246.095842196,0.12556018053091925,0.08202909316556761,0.15689091716996925,-0.015799298138157766
choque_10pct_temporario,temporario,0.9,0.09999999999999998,False,17,58,12,8842601.847102862,0.12037908388380271,0.06737294444411601,0.15793853040572436,-0.02357027607179018
choque_10pct_temporario,temporario,0.9,0.09999999999999998,False,17,58,13,9126332.55130968,0.108397172678124,0.05799946066471273,0.1495626850779459,-0.023385568535713542
choque_10pct_temporario,temporario,0.9,0.09999999999999998,False,17,58,14,9507138.638915995,0.09118562591564444,0.05614060394649867,0.13825990467854946,-0.02084083829027112
choque_10pct_temporario,temporario,0.9,0.09999999999999998,False,17,58,15,9925078.519404389,0.07300901838392225,0.0678311898398547,0.1255502232748126,-0.015425450368348274
choque_10pct_temporario,temporario,0.9,0.09999999999999998,False,17,58,16,10371181.67214269,0.059766633794222944,0.09544246004790313,0.11564731178334627,-0.003885309125729161
choque_10pct_temporario,temporario,0.9,0.09999999999999998,False,17,58,17,10698875.571673421,0.05519716807245456,0.13834694364188382,0.11547020333246527,0.0010455062288933475
choque_10pct_temporario,temporario,0.9,0.09999999999999998,False,17,58,18,10875034.378711069,0.06310069881429158,0.185263856692236,0.12721998444753826,0.011732770908340481
choque_10pct_temporario,temporario,0.9,0.09999999999999998,False,17,58,19,10891607.095380396,0.07475347604500793,0.21387230998560236,0.15235796702327714,0.011555426414809278
choque_10pct_temporario,temporario,0.9,0.09999999999999998,False,17,58,20,10837467.722453598,0.08337266062593945,0.22151108070743275,0.1700591299108448,0.00562613741297316
choque_10pct_temporario,temporario,0.9,0.09999999999999998,False,17,58,21,10602447.536670847,0.09424058744323009,0.21055419885457316,0.18681153324011646,-0.010465056826563407
choque_10pct_temporario,temporario,0.9,0.09999999999999998,False,17,58,22,10441741.9570228,0.1053497183108646,0.18646798085455885,0.20064589417321502,-0.02731212436931405
choque_10pct_temporario,temporario,0.9,0.09999999999999998,False,17,58,23,10410697.729041683,0.10354920427605686,0.15358901660939428,0.20473357849568288,-0.038764298099180264
choque_10pct_temporario,temporario,0.9,0.09999999999999998,False,17,58,24,10795214.053359138,0.08175597779417165,0.12495552368816187,0.18960363870720082,-0.04885643892045802
choque_10pct_temporario,temporario,0.9,0.09999999999999998,False,17,58,25,11397151.270228837,0.05431391105299128,0.1159322755500849,0.1648507125574136,-0.042818269452234235
choque_10pct_temporario,temporario,0.9,0.09999999999999998,False,18,59,0,7609597.0,0.138,0.03,0.12063832026847152,0.010583740505574736
choque_10pct_temporario,temporario,0.9,0.09999999999999998,False,18,59,1,7652724.38733265,0.14039181650999813,0.030000000000000027,0.11859183719691781,0.007984885903803248
choque_10pct_temporario,temporario,0.9,0.09999999999999998,False,18,59,2,7795331.867327983,0.13522708141572493,0.0241798548657024,0.12054274951344701,0.0039060437221932294
choque_10pct_temporario,temporario,0.9,0.09999999999999998,False,18,59,3,8076751.23502447,0.12376025350159268,0.026841265069014852,0.11144878433202092,0.005049452077611797
choque_10pct_temporario,temporario,0.9,0.09999999999999998,False,18,59,4,8398153.82331242,0.10856080677944041,0.030715111787881444,0.10452471034896345,0.010690508268069185
choque_10pct_temporario,temporario,0.9,0.09999999999999998,False,18,59,5,8532010.838049363,0.09813883498900267,0.047029726755870804,0.10006342475639439,0.01043048304127108
choque_10pct_temporario,temporario,0.9,0.09999999999999998,False,18,59,6,8731130.886742627,0.09518299438127663,0.06347787381475567,0.10150904198851263,0.009137237585893479
choque_10pct_temporario,temporario,0.9,0.09999999999999998,False,18,59,7,8890328.882137466,0.09485072714819065,0.08421034155336926,0.10660398149469028,0.01222017615170485
choque_10pct_temporario,temporario,0.9,0.09999999999999998,False,18,59,8,8903930.25308321,0.10054202058828007,0.09920316663861928,0.11899568563596472,0.009307895359943918
choque_10pct_temporario,temporario,0.9,0.09999999999999998,False,18,59,9,8859062.382661976,0.11188318192890795,0.1076070248244696,0.13468272721725613,0.004953145561623934
choque_10pct_temporario,temporario,0.9,0.09999999999999998,False,18,59,10,8764681.042205818,0.12404841927763016,0.10450489395149387,0.15194263188639315,-0.0004518551096652648
choque_10pct_temporario,temporario,0.9,0.09999999999999998,False,18,59,11,8713199.925099146,0.13053516087237022,0.09265354582666663,0.1638268316811284,-0.011272771804367846
choque_10pct_temporario,temporario,0.9,0.09999999999999998,False,18,59,12,8654185.596926058,0.1338670117683465,0.07746660040277464,0.17096547595740383,-0.02116399725306156
choque_10pct_temporario,temporario,0.9,0.09999999999999998,False,18,59,13,8793731.830193426,0.1286069193645213,0.06000251862772088,0.16896357260275624,-0.030853428531693834
choque_10pct_temporario,temporario,0.9,0.09999999999999998,False,18,59,14,9178080.989078911,0.11178792234756602,0.048255617299747255,0.1547275578378379,-0.029535310017346075
choque_10pct_temporario,temporario,0.9,0.09999999999999998,False,18,59,15,9856168.993671117,0.08049209582644935,0.044517055721545296,0.133523582865077,-0.021701013410199515
choque_10pct_temporario,temporario,0.9,0.09999999999999998,False,18,59,16,10274828.507266536,0.057250643821951004,0.0657780477116996,0.1149861338551312,-0.01356002831601786
choque_10pct_temporario,temporario,0.9,0.09999999999999998,False,18,59,17,10681387.051143263,0.05122730427349215,0.11105599020109991,0.10731351672877176,-0.00331969668770637
choque_10pct_temporario,temporario,0.9,0.09999999999999998,False,18,59,18,10963035.045185555,0.05541410723534477,0.16953247593135434,0.11757658351286591,0.009438017880868422
choque_10pct_temporario,temporario,0.9,0.09999999999999998,False,18,59,19,11145783.153033724,0.064720718700258,0.2159552834947287,0.13779626070200487,0.015591412094804257
choque_10pct_temporario,temporario,0.9,0.09999999999999998,False,18,59,20,11186786.990262171,0.07162196758698995,0.23871073610303117,0.15733628903726532,0.013541858584435533
choque_10pct_temporario,temporario,0.9,0.09999999999999998,False,18,59,21,11018496.352902414,0.08240440899982311,0.24137756014477896,0.17304716747850096,0.006538672940918967
choque_10pct_temporario,temporario,0.9,0.09999999999999998,False,18,59,22,10765498.306267703,0.09538783494901018,0.22401972918392188,0.19374140692939681,-0.012638112209888887
choque_10pct_temporario,temporario,0.9,0.09999999999999998,False,18,59,23,10531450.523230411,0.10490785970629751,0.19237212933018633,0.20864319127490663,-0.029983354029348225
choque_10pct_temporario,temporario,0.9,0.09999999999999998,False,18,59,24,10489365.776822424,0.10247007528364784,0.15757632732592453,0.21032674138123175,-0.04521575635180829
choque_10pct_temporario,temporario,0.9,0.09999999999999998,False,18,59,25,10812537.095112309,0.08370593613167578,0.12618590033886523,0.19655357153840367,-0.05306279056295937
choque_10pct_temporario,temporario,0.9,0.09999999999999998,False,19,60,0,7609597.0,0.138,0.03,0.12063832026847152,0.010583740505574736
choque_10pct_temporario,temporario,0.9,0.09999999999999998,False,19,60,1,7652724.38733265,0.14039181650999813,0.030000000000000027,0.11859183719691781,0.007984885903803248
choque_10pct_temporario,temporario,0.9,0.09999999999999998,False,19,60,2,7801015.79439375,0.13522708141572493,0.02416779563427518,0.12036188788452327,0.0013312017868427292
choque_10pct_temporario,temporario,0.9,0.09999999999999998,False,19,60,3,8078810.5600800365,0.12319753467485918,0.026894303678024034,0.1102956269785451,0.004462778928094357
choque_10pct_temporario,temporario,0.9,0.09999999999999998,False,19,60,4,8453387.904864522,0.10460968212277172,0.030999778610697692,0.10072658162169798,0.010358840622038597
choque_10pct_temporario,temporario,0.9,0.09999999999999998,False,19,60,5,8654599.581058018,0.09015488010182884,0.050163981471773145,0.09332319254608587,0.01196177245929091
choque_10pct_temporario,temporario,0.9,0.09999999999999998,False,19,60,6,8861914.736500788,0.08731611849033995,0.07086157359036616,0.09549558660976179,0.012103536853697864
choque_10pct_temporario,temporario,0.9,0.09999999999999998,False,19,60,7,8894493.294504436,0.09473804587229875,0.0957093748989084,0.10694923929525822,0.011664570415758519
choque_10pct_temporario,temporario,0.9,0.09999999999999998,False,19,60,8,8855715.507824821,0.11022539131472503,0.10902825030552421,0.12644420730544398,0.0098691412770943
choque_10pct_temporario,temporario,0.9,0.09999999999999998,False,19,60,9,8787139.766059848,0.11842062938363473,0.11123962212751959,0.1437412710724472,0.0023526096142633497
choque_10pct_temporario,temporario,0.9,0.09999999999999998,False,19,60,10,8695881.120398065,0.12798860083222507,0.10369952000951588,0.1555223360945215,-0.0062166679675021526
choque_10pct_temporario,temporario,0.9,0.09999999999999998,False,19,60,11,8623001.600956464,0.13472958122316583,0.088178683191378,0.166616545726297,-0.014114848865942305
choque_10pct_temporario,temporario,0.9,0.09999999999999998,False,19,60,12,8646032.743454475,0.13493191502821197,0.06905612604567835,0.17053363347140454,-0.024970822874865642
choque_10pct_temporario,temporario,0.9,0.09999999999999998,False,19,60,13,8863209.284950875,0.12259030910069356,0.05221375369410319,0.16271103154407973,-0.031589084647068486
choque_10pct_temporario,temporario,0.9,0.09999999999999998,False,19,60,14,9436544.802057505,0.09768310604354445,0.043190867311069914,0.14248751361035822,-0.02834667067879137
choque_10pct_temporario,temporario,0.9,0.09999999999999998,False,19,60,15,10023995.541776812,0.07184174590125669,0.0499672427893294,0.12310456811304091,-0.019362579195605113
choque_10pct_temporario,temporario,0.9,0.09999999999999998,False,19,60,16,10246355.88960755,0.05709483946953239,0.0797435047822197,0.11316759200517025,-0.011022680766170854
choque_10pct_temporario,temporario,0.9,0.09999999999999998,False,19,60,17,10712490.055848274,0.053898714814022586,0.12850976908574752,0.11014174506766024,0.0009049021240070235
choque_10pct_temporario,temporario,0.9,0.09999999999999998,False,19,60,18,10932953.686279394,0.05727255682069416,0.1795789169263513,0.12303954990601762,0.013286402550669797
choque_10pct_temporario,temporario,0.9,0.09999999999999998,False,19,60,19,11066670.267107358,0.06769818640830148,0.22156889321497997,0.1413425386379418,0.01703028101697383
choque_10pct_temporario,temporario,0.9,0.09999999999999998,False,19,60,20,10980356.85876657,0.08261579769742225,0.23578392467856624,0.16685755014728226,0.012253220683769871
choque_10pct_temporario,temporario,0.9,0.09999999999999998,False,19,60,21,10683529.995161094,0.09917090146151031,0.22688373221184133,0.19064424109572664,-0.0029383879984802735
choque_10pct_temporario,temporario,0.9,0.09999999999999998,False,19,60,22,10360690.605836399,0.11183360552002451,0.19687602938482396,0.21003700845505663,-0.0246615712897586
choque_10pct_temporario,temporario,0.9,0.09999999999999998,False,19,60,23,10211570.80707535,0.11354012786363525,0.16002296410386596,0.2152848232613558,-0.04332876209809219
choque_10pct_temporario,temporario,0.9,0.09999999999999998,False,19,60,24,10423536.462247629,0.0973404302892279,0.12193070118823024,0.20458119026839483,-0.0529995090603328
choque_10pct_temporario,temporario,0.9,0.09999999999999998,False,19,60,25,11156543.711032989,0.0681027611670622,0.10059934850837982,0.1771845495528363,-0.050520343187681456
choque_10pct_temporario,temporario,0.9,0.09999999999999998,False,20,61,0,7609597.0,0.138,0.03,0.12063832026847152,0.010583740505574736
choque_10pct_temporario,temporario,0.9,0.09999999999999998,False,20,61,1,7652724.38733265,0.14039181650999813,0.030000000000000027,0.11859183719691781,0.007984885903803248
choque_10pct_temporario,temporario,0.9,0.09999999999999998,False,20,61,2,7810192.315640007,0.135228353675209,0.02418820227567564,0.12035104403884442,0.0064052811322713905
choque_10pct_temporario,temporario,0.9,0.09999999999999998,False,20,61,3,8015479.294843943,0.12555636859119154,0.02682757863734886,0.11360296565960566,0.004290313158361185
choque_10pct_temporario,temporario,0.9,0.09999999999999998,False,20,61,4,8307641.492175498,0.1138708630209111,0.029925372509651327,0.10701674676196118,0.00478835745997645
choque_10pct_temporario,temporario,0.9,0.09999999999999998,False,20,61,5,8646051.31459824,0.09559627134965765,0.043896901107134845,0.097744801793514,0.008961712330250343
choque_10pct_temporario,temporario,0.9,0.09999999999999998,False,20,61,6,8809985.458779601,0.08812106901864822,0.06220437250602573,0.09574138064262167,0.009337119222458872
choque_10pct_temporario,temporario,0.9,0.09999999999999998,False,20,61,7,8960573.52318663,0.08955878157271206,0.08723149301236588,0.10097911701465233,0.012444925068532559
choque_10pct_temporario,temporario,0.9,0.09999999999999998,False,20,61,8,9024612.307983335,0.09601012574451726,0.10562212586825481,0.11498919297182335,0.012301463989706402
choque_10pct_temporario,temporario,0.9,0.09999999999999998,False,20,61,9,8905335.46422246,0.11142948126406162,0.11783979112699594,0.1341219297077841,0.007792147083958366
choque_10pct_temporario,temporario,0.9,0.09999999999999998,False,20,61,10,8751523.583290407,0.1284758893036063,0.11348939490937315,0.15661762720399428,-0.004172738024928003
choque_10pct_temporario,temporario,0.9,0.09999999999999998,False,20,61,11,8654988.257441293,0.13797120568073223,0.0999017355933487,0.16911575911112653,-0.014461221190722962
choque_10pct_temporario,temporario,0.9,0.09999999999999998,False,20,61,12,8652149.503516944,0.13904522597565172,0.07702139663596674,0.1750693408671266,-0.0263252947692488
choque_10pct_temporario,temporario,0.9,0.09999999999999998,False,20,61,13,8763048.59592427,0.1325783772944918,0.058049930335538624,0.17090568369754647,-0.03287760205703532
choque_10pct_temporario,temporario,0.9,0.09999999999999998,False,20,61,14,9136496.344446627,0.11557145795320957,0.041375848664840786,0.15756716561445583,-0.03359387344615591
choque_10pct_temporario,temporario,0.9,0.09999999999999998,False,20,61,15,9720839.376171406,0.08852804055148593,0.03885467918152696,0.13703842504115693,-0.028548572380503068
choque_10pct_temporario,temporario,0.9,0.09999999999999998,False,20,61,16,10272226.828001387,0.06415913583390093,0.051564735126563566,0.12036130033153637,-0.017009637176933996
choque_10pct_temporario,temporario,0.9,0.09999999999999998,False,20,61,17,10542727.870855475,0.054759139288683,0.0922779269512708,0.11124293391284729,-0.008695332641969937
choque_10pct_temporario,temporario,0.9,0.09999999999999998,False,20,61,18,10923132.213522507,0.0587024998952341,0.14477140958742774,0.11820138456272,0.0008391392163573728
choque_10pct_temporario,temporario,0.9,0.09999999999999998,False,20,61,19,11051097.602957817,0.06818729959348388,0.190466157103792,0.13911572837271632,0.011802504800549618
choque_10pct_temporario,temporario,0.9,0.09999999999999998,False,20,61,20,11030496.670495069,0.07802782167211499,0.21494927473927783,0.16064212087054972,0.009352525063724868
choque_10pct_temporario,temporario,0.9,0.09999999999999998,False,20,61,21,10825879.804610208,0.09072786302215402,0.2181518083394789,0.18041018704515574,-0.0035451775592244676
choque_10pct_temporario,temporario,0.9,0.09999999999999998,False,20,61,22,10625724.789556656,0.10172785100241927,0.20177668138642635,0.19755184686810062,-0.02045371018376971
choque_10pct_temporario,temporario,0.9,0.09999999999999998,False,20,61,23,10532000.510974431,0.1038290701491254,0.17307876394321808,0.20528478297995348,-0.03672364442798603
choque_10pct_temporario,temporario,0.9,0.09999999999999998,False,20,61,24,10596081.1725935,0.0969662012019018,0.14232482309856898,0.20155160090193652,-0.04699356902486338
choque_10pct_temporario,temporario,0.9,0.09999999999999998,False,20,61,25,11113307.724926125,0.07018906326639864,0.11985514651134,0.18306946644571281,-0.04798852213700157
choque_10pct_temporario,temporario,0.9,0.09999999999999998,False,21,62,0,7609597.0,0.138,0.03,0.12063832026847152,0.010583740505574736
choque_10pct_temporario,temporario,0.9,0.09999999999999998,False,21,62,1,7652724.38733265,0.14039181650999813,0.030000000000000027,0.11859183719691781,0.007984885903803248
choque_10pct_temporario,temporario,0.9,0.09999999999999998,False,21,62,2,7801883.245391858,0.13522709376288386,0.02416952371014558,0.12040707251402727,0.00129724124654278
choque_10pct_temporario,temporario,0.9,0.09999999999999998,False,21,62,3,8073871.66073165,0.12380185095192778,0.026912392182091516,0.11076434189347534,0.007752548773458605
choque_10pct_temporario,temporario,0.9,0.09999999999999998,False,21,62,4,8448430.68338447,0.10560762373411392,0.030690812225202757,0.10257360419698286,0.0062379533316305105
choque_10pct_temporario,temporario,0.9,0.09999999999999998,False,21,62,5,8618401.53574231,0.09394142466452234,0.04926654177149792,0.09562387143350504,0.010664269679576725
choque_10pct_temporario,temporario,0.9,0.09999999999999998,False,21,62,6,8776862.807836082,0.09235185909672854,0.06750312449373252,0.09961483916921002,0.012396071608243617
choque_10pct_temporario,temporario,0.9,0.09999999999999998,False,21,62,7,8811558.387472698,0.09908224820350488,0.09012979834151302,0.11026149885091123,0.011839156081270875
choque_10pct_temporario,temporario,0.9,0.09999999999999998,False,21,62,8,8801159.500254195,0.11045639962607613,0.10179202107910412,0.12712109650140693,0.010791710667185856
choque_10pct_temporario,temporario,0.9,0.09999999999999998,False,21,62,9,8740067.817528417,0.11856690639937997,0.10472366307407843,0.1422461646762245,0.003490106686418788
choque_10pct_temporario,temporario,0.9,0.09999999999999998,False,21,62,10,8644599.131377231,0.12753984580374236,0.0973001879515012,0.15614743955733648,-0.006662143152349391
choque_10pct_temporario,temporario,0.9,0.09999999999999998,False,21,62,11,8600285.019611489,0.1354778354950789,0.08319868759846294,0.16654693907179047,-0.016019338346992616
choque_10pct_temporario,temporario,0.9,0.09999999999999998,False,21,62,12,8690295.941276113,0.1334223326051704,0.06533945639154282,0.1689371833099632,-0.025977863207250797
choque_10pct_temporario,temporario,0.9,0.09999999999999998,False,21,62,13,8898130.168836115,0.12470899775879388,0.0505825216127862,0.16128577980948616,-0.0280647200246006
choque_10pct_temporario,temporario,0.9,0.09999999999999998,False,21,62,14,9422047.346177232,0.0989094272468959,0.041989540333798425,0.14407111325041252,-0.02496392638949118
choque_10pct_temporario,temporario,0.9,0.09999999999999998,False,21,62,15,9931234.120607747,0.0724475837666353,0.047257992682407934,0.1247749013541215,-0.018988685157294148
choque_10pct_temporario,temporario,0.9,0.09999999999999998,False,21,62,16,10397397.622051125,0.05765425168466284,0.07659079982507788,0.1119711762385879,-0.008520549030118093
choque_10pct_temporario,temporario,0.9,0.09999999999999998,False,21,62,17,10628542.312355088,0.05622722516486006,0.1259715277434159,0.11325014806790434,0.003243579348650656
choque_10pct_temporario,temporario,0.9,0.09999999999999998,False,21,62,18,10856701.804990351,0.06417514219606155,0.175379872185502,0.12876591061117312,0.009419221774619901
choque_10pct_temporario,temporario,0.9,0.09999999999999998,False,21,62,19,10931928.393632455,0.07677175616690002,0.20801999405196248,0.1510650422086006,0.01153605974171795
choque_10pct_temporario,temporario,0.9,0.09999999999999998,False,21,62,20,10854274.86484218,0.08336178282875681,0.21673677891875753,0.17057621133647008,0.004383192573973751
choque_10pct_temporario,temporario,0.9,0.09999999999999998,False,21,62,21,10682000.93498598,0.0930811592674227,0.2092332127060359,0.1833964922634549,-0.010461339603484573
choque_10pct_temporario,temporario,0.9,0.09999999999999998,False,21,62,22,10427967.595297601,0.10331518273440801,0.18648516638761348,0.20034902125084114,-0.025166594072331423
choque_10pct_temporario,temporario,0.9,0.09999999999999998,False,21,62,23,10531435.208557261,0.09631032094375708,0.15666131682801088,0.20020057808261726,-0.036703526385748086
choque_10pct_temporario,temporario,0.9,0.09999999999999998,False,21,62,24,10777251.574837375,0.08112058705064108,0.13383529457468812,0.18720674658567152,-0.04308194462635598
choque_10pct_temporario,temporario,0.9,0.09999999999999998,False,21,62,25,11390192.601934826,0.05766587866450757,0.12402964103536762,0.16842767155032842,-0.039214620896206726
choque_10pct_temporario,temporario,0.9,0.09999999999999998,False,22,63,0,7609597.0,0.138,0.03,0.12063832026847152,0.010583740505574736
choque_10pct_temporario,temporario,0.9,0.09999999999999998,False,22,63,1,7652724.38733265,0.14039181650999813,0.030000000000000027,0.11859183719691781,0.007984885903803248
choque_10pct_temporario,temporario,0.9,0.09999999999999998,False,22,63,2,7797633.467722029,0.13522708141572493,0.024172637767157834,0.12049082387403716,0.0020602817057532043
choque_10pct_temporario,temporario,0.9,0.09999999999999998,False,22,63,3,8066639.8832752425,0.12356017619271581,0.026889606517262132,0.11054900799237515,0.005915720547520968
choque_10pct_temporario,temporario,0.9,0.09999999999999998,False,22,63,4,8425947.271434534,0.10521602740270865,0.030783332100446703,0.10127578506833448,0.008483989433225536
choque_10pct_temporario,temporario,0.9,0.09999999999999998,False,22,63,5,8676414.270788893,0.09016591344306797,0.04936258588048981,0.09233530966528174,0.011576303378417096
choque_10pct_temporario,temporario,0.9,0.09999999999999998,False,22,63,6,8894104.90917987,0.08392203035205158,0.0703875452294227,0.09223799880721652,0.016386592261700802
choque_10pct_temporario,temporario,0.9,0.09999999999999998,False,22,63,7,9014733.443045255,0.08782600425910163,0.09792615567273155,0.10041036288803219,0.0177942940912675
choque_10pct_temporario,temporario,0.9,0.09999999999999998,False,22,63,8,8914131.483649567,0.10491517916124221,0.11632134751877432,0.12222989234264653,0.015773545701062045
choque_10pct_temporario,temporario,0.9,0.09999999999999998,False,22,63,9,8779157.448464066,0.12178953763681614,0.12125853701470879,0.14583166384433416,0.008610228195659732
choque_10pct_temporario,temporario,0.9,0.09999999999999998,False,22,63,10,8591905.547869815,0.13751759816551853,0.11012805844406093,0.16581258996020476,-0.004399636579128183
choque_10pct_temporario,temporario,0.9,0.09999999999999998,False,22,63,11,8431818.366260624,0.14932969139417532,0.08947301604824887,0.18025671550797842,-0.016391923508307076
choque_10pct_temporario,temporario,0.9,0.09999999999999998,False,22,63,12,8445836.073480748,0.14974837676256808,0.06400609486082032,0.18355734741876628,-0.031354095956930936
choque_10pct_temporario,temporario,0.9,0.09999999999999998,False,22,63,13,8680873.4682136,0.1360855610637038,0.04140994299659706,0.17229270932903815,-0.037595917431599214
choque_10pct_temporario,temporario,0.9,0.09999999999999998,False,22,63,14,9266798.946922384,0.11004478377109059,0.026256995758573654,0.15013259208622928,-0.03355704994945291
choque_10pct_temporario,temporario,0.9,0.09999999999999998,False,22,63,15,9858673.13682909,0.07996736225376357,0.027377035696580343,0.12852204999270767,-0.0252073272146394
choque_10pct_temporario,temporario,0.9,0.09999999999999998,False,22,63,16,10276282.798036465,0.058875677722819465,0.05068456428994694,0.11297654376469171,-0.016184048359247142
choque_10pct_temporario,temporario,0.9,0.09999999999999998,False,22,63,17,10733558.219278222,0.0514498597137839,0.09973445432805716,0.10584606507774659,-0.006231438826116412
choque_10pct_temporario,temporario,0.9,0.09999999999999998,False,22,63,18,11082144.352813479,0.05486782717157421,0.16183438974887276,0.11381563742229218,0.008596715629589656
choque_10pct_temporario,temporario,0.9,0.09999999999999998,False,22,63,19,11191813.98845262,0.06501118735987065,0.21261675273694292,0.13652640569159746,0.015317935713864207
choque_10pct_temporario,temporario,0.9,0.09999999999999998,False,22,63,20,11183193.375050128,0.07723520379320167,0.23893482715976933,0.15979855154260436,0.015721983416798386
choque_10pct_temporario,temporario,0.9,0.09999999999999998,False,22,63,21,10949867.214471262,0.09074634526032194,0.23711159706432117,0.18197854767891897,0.004549292263177791
choque_10pct_temporario,temporario,0.9,0.09999999999999998,False,22,63,22,10647711.365349207,0.1058326413833454,0.21448843727212696,0.2022151354328401,-0.01598514878424122
choque_10pct_temporario,temporario,0.9,0.09999999999999998,False,22,63,23,10320722.738622239,0.1163916230200429,0.17964100769675762,0.2183695426004263,-0.03748173811453057
choque_10pct_temporario,temporario,0.9,0.09999999999999998,False,22,63,24,10341709.372720223,0.1104795234384619,0.13735885125410552,0.21755750638728377,-0.0555141774768999
choque_10pct_temporario,temporario,0.9,0.09999999999999998,False,22,63,25,10724284.42809642,0.09115872677401356,0.10562284039644654,0.19916115713806806,-0.05792167577223246
choque_10pct_temporario,temporario,0.9,0.09999999999999998,False,23,64,0,7609597.0,0.138,0.03,0.12063832026847152,0.010583740505574736
choque_10pct_temporario,temporario,0.9,0.09999999999999998,False,23,64,1,7652716.012269475,0.14039188543076578,0.030000000000000027,0.11859223719990825,0.007984765243853872
choque_10pct_temporario,temporario,0.9,0.09999999999999998,False,23,64,2,7799964.972859484,0.13522774575925392,0.024174680748029198,0.12042437573142113,0.002252602548337618
choque_10pct_temporario,temporario,0.9,0.09999999999999998,False,23,64,3,8073273.91683056,0.12453055810975092,0.02689811845523793,0.11105088284388162,0.004794454360915522
choque_10pct_temporario,temporario,0.9,0.09999999999999998,False,23,64,4,8408704.665028108,0.10800077269270865,0.030427564671585916,0.10352117790806743,0.010270680580806822
choque_10pct_temporario,temporario,0.9,0.09999999999999998,False,23,64,5,8637786.311285831,0.09403998105480091,0.04875640221844191,0.09546157448352462,0.012637694600289094
choque_10pct_temporario,temporario,0.9,0.09999999999999998,False,23,64,6,8776501.26246928,0.08893911787060038,0.06632411417730832,0.09829865339178774,0.014076894370867782
choque_10pct_temporario,temporario,0.9,0.09999999999999998,False,23,64,7,8791289.164795293,0.10051342240738903,0.09118261661961169,0.10927266474412932,0.014024913739227905
choque_10pct_temporario,temporario,0.9,0.09999999999999998,False,23,64,8,8777628.381538551,0.11211302097260492,0.10151283353926988,0.13061175018168764,0.007515900220748348
choque_10pct_temporario,temporario,0.9,0.09999999999999998,False,23,64,9,8667186.967665605,0.12633976534366173,0.10431428008013799,0.146560666896492,0.0007549403017386493
choque_10pct_temporario,temporario,0.9,0.09999999999999998,False,23,64,10,8582904.00645077,0.134483845783117,0.09184289863219264,0.1625657983440953,-0.01164760111606612
choque_10pct_temporario,temporario,0.9,0.09999999999999998,False,23,64,11,8539687.572123611,0.13774499047393385,0.07662488508343213,0.1681812750901723,-0.02096178781512412
choque_10pct_temporario,temporario,0.9,0.09999999999999998,False,23,64,12,8758704.733085543,0.12913164312623313,0.05669822405896863,0.16353396531706693,-0.023512055474412097
choque_10pct_temporario,temporario,0.9,0.09999999999999998,False,23,64,13,9160003.395923525,0.10709646940441636,0.04590991548474377,0.1473662047620659,-0.022937499874099085
choque_10pct_temporario,temporario,0.9,0.09999999999999998,False,23,64,14,9616573.912895065,0.08437115748169693,0.04619155313533163,0.13114969784706276,-0.022995906639193757
choque_10pct_temporario,temporario,0.9,0.09999999999999998,False,23,64,15,9991235.984034033,0.06628893492738278,0.06519923475222167,0.11835863327096925,-0.013374554090459059
choque_10pct_temporario,temporario,0.9,0.09999999999999998,False,23,64,16,10408613.22966758,0.056600655808488574,0.10136527925918393,0.11134929762378173,-0.0027802196076180076
choque_10pct_temporario,temporario,0.9,0.09999999999999998,False,23,64,17,10735950.298615655,0.05591861580308654,0.15007402607068276,0.1147008799687318,0.007549612453695286
choque_10pct_temporario,temporario,0.9,0.09999999999999998,False,23,64,18,10893454.181684924,0.06717100784357966,0.19518933462513965,0.13218039828953893,0.014467093142533806
choque_10pct_temporario,temporario,0.9,0.09999999999999998,False,23,64,19,10915302.62017511,0.07856900158936549,0.21893596658683911,0.15715776479572344,0.010198390237828477
choque_10pct_temporario,temporario,0.9,0.09999999999999998,False,23,64,20,10726937.187015237,0.08802602196010471,0.22126065765375058,0.17447797807085563,0.0033526397477812962
choque_10pct_temporario,temporario,0.9,0.09999999999999998,False,23,64,21,10574884.25063766,0.09602617265054125,0.20383728776836207,0.1885207070667924,-0.011137124044841004
choque_10pct_temporario,temporario,0.9,0.09999999999999998,False,23,64,22,10366692.384655854,0.10544757920643849,0.17805240013433177,0.20163379848463886,-0.03040224093685119
choque_10pct_temporario,temporario,0.9,0.09999999999999998,False,23,64,23,10313968.281222299,0.10594530643302466,0.14536588214851043,0.20771361718078632,-0.043480343856952534
choque_10pct_temporario,temporario,0.9,0.09999999999999998,False,23,64,24,10652509.689995227,0.08710460972874218,0.1175907215973746,0.19419777032403948,-0.05015439504481098
choque_10pct_temporario,temporario,0.9,0.09999999999999998,False,23,64,25,11294106.50771216,0.059626216275821355,0.1070864990011049,0.16826065524133443,-0.04346854887742615
choque_10pct_temporario,temporario,0.9,0.09999999999999998,False,24,65,0,7609597.0,0.138,0.03,0.12063832026847152,0.010583740505574736
choque_10pct_temporario,temporario,0.9,0.09999999999999998,False,24,65,1,7652724.38733265,0.14039181650999813,0.030000000000000027,0.11859183719691781,0.007984885903803248
choque_10pct_temporario,temporario,0.9,0.09999999999999998,False,24,65,2,7811000.538868851,0.13522708141572493,0.024179974508985014,0.12037724168036791,0.004105968256665243
choque_10pct_temporario,temporario,0.9,0.09999999999999998,False,24,65,3,8048256.56650207,0.12512236681927072,0.02685950699639661,0.11238739144816397,0.006408866234632061
choque_10pct_temporario,temporario,0.9,0.09999999999999998,False,24,65,4,8347790.850875747,0.11065721591481087,0.030106875136219236,0.10582500206069302,0.010101933259679244
choque_10pct_temporario,temporario,0.9,0.09999999999999998,False,24,65,5,8531995.898386667,0.09622285835296893,0.046204873057402285,0.09970013338414804,0.010904190733542287
choque_10pct_temporario,temporario,0.9,0.09999999999999998,False,24,65,6,8726360.6976753,0.09529379101001834,0.06331759005681148,0.10089046580893067,0.0113917446055328
choque_10pct_temporario,temporario,0.9,0.09999999999999998,False,24,65,7,8810792.02224998,0.09897518639887228,0.08356784916638826,0.11034663210676292,0.012059173430479393
choque_10pct_temporario,temporario,0.9,0.09999999999999998,False,24,65,8,8857664.257973231,0.10639149656621992,0.09584337965677103,0.12301328823587827,0.00994682571807722
choque_10pct_temporario,temporario,0.9,0.09999999999999998,False,24,65,9,8819328.4080907,0.11397090282154806,0.10157511109605055,0.1370288887420294,0.005749153937674531
choque_10pct_temporario,temporario,0.9,0.09999999999999998,False,24,65,10,8734071.963890005,0.12313046257855392,0.09779755527062917,0.15208222279370195,-0.004281478595083817
choque_10pct_temporario,temporario,0.9,0.09999999999999998,False,24,65,11,8651567.113548076,0.13391289179841032,0.0877724497226331,0.1645167418585602,-0.015181263355690812
choque_10pct_temporario,temporario,0.9,0.09999999999999998,False,24,65,12,8700932.739311201,0.13485126127455985,0.07046135600185299,0.16946610934174328,-0.023757952996156635
choque_10pct_temporario,temporario,0.9,0.09999999999999998,False,24,65,13,8946442.221243521,0.12023229815168367,0.05474367561321558,0.16070171145098733,-0.02786917200004396
choque_10pct_temporario,temporario,0.9,0.09999999999999998,False,24,65,14,9431698.592787873,0.0984924555503324,0.04709711788401072,0.143015511715885,-0.025697343815895394
choque_10pct_temporario,temporario,0.9,0.09999999999999998,False,24,65,15,9897159.053941198,0.0756725148416892,0.054127613253802664,0.12676126643651628,-0.019395991707357865
choque_10pct_temporario,temporario,0.9,0.09999999999999998,False,24,65,16,10381945.711498635,0.055466113810879965,0.07967544084777023,0.11278481985733083,-0.010290538250564314
choque_10pct_temporario,temporario,0.9,0.09999999999999998,False,24,65,17,10765366.679672766,0.0477921395047101,0.12903553546218394,0.1049471668577188,0.0057860425805668836
choque_10pct_temporario,temporario,0.9,0.09999999999999998,False,24,65,18,11051577.120461635,0.05537294233951322,0.19036524238899277,0.11608906172442378,0.0159786826597222
choque_10pct_temporario,temporario,0.9,0.09999999999999998,False,24,65,19,11065605.779851818,0.07559779603850895,0.23229389998441374,0.148692912149959,0.01863583520649935
choque_10pct_temporario,temporario,0.9,0.09999999999999998,False,24,65,20,10934614.469521262,0.09228386463944913,0.24021263269495452,0.1784193666507995,0.007689885430682345
choque_10pct_temporario,temporario,0.9,0.09999999999999998,False,24,65,21,10562307.336365031,0.10340549275766543,0.22191726623507924,0.19634121593428308,-0.012565716408191631
choque_10pct_temporario,temporario,0.9,0.09999999999999998,False,24,65,22,10321738.294433825,0.11352390806310868,0.18799073242743747,0.2073411395114385,-0.02899537139388161
choque_10pct_temporario,temporario,0.9,0.09999999999999998,False,24,65,23,10267204.60254326,0.11269269162529223,0.1484362942941435,0.2114177952262426,-0.045183271940387584
choque_10pct_temporario,temporario,0.9,0.09999999999999998,False,24,65,24,10400321.21879239,0.10005725028644086,0.1133401647052501,0.2033673859242386,-0.055907627608275196
choque_10pct_temporario,temporario,0.9,0.09999999999999998,False,24,65,25,11022031.555115495,0.07024218380459049,0.09146006823361597,0.1801704536010858,-0.05559468934999879
choque_10pct_temporario,temporario,0.9,0.09999999999999998,False,25,66,0,7609597.0,0.138,0.03,0.12063832026847152,0.010583740505574736
choque_10pct_temporario,temporario,0.9,0.09999999999999998,False,25,66,1,7652724.38733265,0.14039181650999813,0.030000000000000027,0.11859183719691781,0.007984885903803248
choque_10pct_temporario,temporario,0.9,0.09999999999999998,False,25,66,2,7806025.207333408,0.13522708141572493,0.02419070526074041,0.12053080037724065,0.006494694575653181
choque_10pct_temporario,temporario,0.9,0.09999999999999998,False,25,66,3,8014411.443215474,0.12585162707208036,0.026847842606084305,0.11326242954591245,0.007177146718474983
choque_10pct_temporario,temporario,0.9,0.09999999999999998,False,25,66,4,8320767.546912376,0.11240054564810806,0.029743182232860654,0.10729361149162317,0.0050639834034992975
choque_10pct_temporario,temporario,0.9,0.09999999999999998,False,25,66,5,8601789.09297505,0.0977668057045985,0.044176711187763784,0.0994402587547117,0.011861054087165205
choque_10pct_temporario,temporario,0.9,0.09999999999999998,False,25,66,6,8762014.004075442,0.0908103523583598,0.06107091828747402,0.09936563280807235,0.011494522579505657
choque_10pct_temporario,temporario,0.9,0.09999999999999998,False,25,66,7,8856132.51500372,0.09465522552349932,0.08474905834731516,0.10559708235430565,0.0119084592584805
choque_10pct_temporario,temporario,0.9,0.09999999999999998,False,25,66,8,8886313.567631582,0.10356551687015333,0.09938395826340107,0.12127123038597967,0.010352993577488891
choque_10pct_temporario,temporario,0.9,0.09999999999999998,False,25,66,9,8837040.81851237,0.11222738779010072,0.10866084681198673,0.13589957707829442,0.004411934516053211
choque_10pct_temporario,temporario,0.9,0.09999999999999998,False,25,66,10,8786602.116291389,0.12149107577177744,0.10432445272055846,0.15029570775253714,-0.0040262410845154206
choque_10pct_temporario,temporario,0.9,0.09999999999999998,False,25,66,11,8722616.933666036,0.12813517317740486,0.0948075283017602,0.16031968116722617,-0.009017258565542873
choque_10pct_temporario,temporario,0.9,0.09999999999999998,False,25,66,12,8785182.582858374,0.12447834399202148,0.07895737986941542,0.1641755760149998,-0.019884833516099695
choque_10pct_temporario,temporario,0.9,0.09999999999999998,False,25,66,13,8952239.795788256,0.11726988413877187,0.06660610730077887,0.15802554632682167,-0.024381489191161915
choque_10pct_temporario,temporario,0.9,0.09999999999999998,False,25,66,14,9334525.120367233,0.09954613258572163,0.05697031889169035,0.14639321336228592,-0.02413533763482219
choque_10pct_temporario,temporario,0.9,0.09999999999999998,False,25,66,15,9955864.129485013,0.07254661661861196,0.060510529398237756,0.12709776544230353,-0.016519893086881475
choque_10pct_temporario,temporario,0.9,0.09999999999999998,False,25,66,16,10299709.79862301,0.057814987173853825,0.08612632500101158,0.114055449590882,-0.009930791287413242
choque_10pct_temporario,temporario,0.9,0.09999999999999998,False,25,66,17,10664686.451967599,0.05484339766995306,0.1288461295388097,0.11310346361589653,8.455437082117255e-05
choque_10pct_temporario,temporario,0.9,0.09999999999999998,False,25,66,18,10893896.201673226,0.060017038157103665,0.17869066277612178,0.12522725452283032,0.008840060484261936
choque_10pct_temporario,temporario,0.9,0.09999999999999998,False,25,66,19,11015590.450268306,0.0700892458240622,0.21436519945730104,0.1449108056546065,0.013377564413226767
choque_10pct_temporario,temporario,0.9,0.09999999999999998,False,25,66,20,10915944.938252477,0.07960134485019768,0.22784677824450972,0.16592999068574243,0.007742982382696461
choque_10pct_temporario,temporario,0.9,0.09999999999999998,False,25,66,21,10771501.1320801,0.09058478482954922,0.22123533938538253,0.18265079033705833,-0.005634977477042597
choque_10pct_temporario,temporario,0.9,0.09999999999999998,False,25,66,22,10444516.85402219,0.10469831506669314,0.1984730051749588,0.2021498705025841,-0.021716777907202833
choque_10pct_temporario,temporario,0.9,0.09999999999999998,False,25,66,23,10406382.765976332,0.10466169883963967,0.16459688688242435,0.20871386303699002,-0.037278326143086564
choque_10pct_temporario,temporario,0.9,0.09999999999999998,False,25,66,24,10564549.62897495,0.09063346211557899,0.13518162207447415,0.19850400736596324,-0.04906003900232986
choque_10pct_temporario,temporario,0.9,0.09999999999999998,False,25,66,25,11192420.014206633,0.0671772288117254,0.11632222213778487,0.17714489370320283,-0.047825838775343195
choque_10pct_temporario,temporario,0.9,0.09999999999999998,False,26,67,0,7609597.0,0.138,0.03,0.12063832026847152,0.010583740505574736
choque_10pct_temporario,temporario,0.9,0.09999999999999998,False,26,67,1,7652724.38733265,0.14039181650999813,0.030000000000000027,0.11859183719691781,0.007984885903803248
choque_10pct_temporario,temporario,0.9,0.09999999999999998,False,26,67,2,7799123.633712431,0.13522708141572493,0.024180903493515427,0.12050235364216014,0.0043964104199011155
choque_10pct_temporario,temporario,0.9,0.09999999999999998,False,26,67,3,8066110.764472973,0.12450351006558343,0.02683880877740563,0.11181684559593191,0.0075489375286364535
choque_10pct_temporario,temporario,0.9,0.09999999999999998,False,26,67,4,8373125.180119823,0.11118072733869838,0.03034392109640316,0.10569594012752165,0.007143538309476752
choque_10pct_temporario,temporario,0.9,0.09999999999999998,False,26,67,5,8556467.705902046,0.09859752287128114,0.04541566789934759,0.10056394528861798,0.009481911708105683
choque_10pct_temporario,temporario,0.9,0.09999999999999998,False,26,67,6,8702867.865831424,0.09690905775793422,0.061759681264480504,0.10260537800526304,0.008331686794229309
choque_10pct_temporario,temporario,0.9,0.09999999999999998,False,26,67,7,8819074.352508795,0.09932440797586105,0.08118922173021814,0.10965623989887471,0.009829100753263511
choque_10pct_temporario,temporario,0.9,0.09999999999999998,False,26,67,8,8896674.844895735,0.10141664170804776,0.09390865564628648,0.11975194991756598,0.008761702222012335
choque_10pct_temporario,temporario,0.9,0.09999999999999998,False,26,67,9,8895704.95579632,0.10695866861465882,0.10355684744504656,0.13071467097510656,0.005468370023959131
choque_10pct_temporario,temporario,0.9,0.09999999999999998,False,26,67,10,8805843.231614232,0.11991896272004979,0.10305860882700468,0.14757157092205467,-0.00429099950494863
choque_10pct_temporario,temporario,0.9,0.09999999999999998,False,26,67,11,8733305.984326491,0.13029507421448483,0.09482241201141428,0.1616861236612209,-0.011366940282006077
choque_10pct_temporario,temporario,0.9,0.09999999999999998,False,26,67,12,8770951.300715465,0.12902535511168886,0.07865343610801778,0.16735389167188303,-0.021104735463751308
choque_10pct_temporario,temporario,0.9,0.09999999999999998,False,26,67,13,8908133.675717996,0.12498546104420832,0.06432396251115735,0.16350042828242814,-0.027606869692765948
choque_10pct_temporario,temporario,0.9,0.09999999999999998,False,26,67,14,9234697.389111731,0.10822320135213025,0.05191277865458033,0.15386684020863733,-0.027695480242505358
choque_10pct_temporario,temporario,0.9,0.09999999999999998,False,26,67,15,9755131.40706245,0.08085474694544711,0.05220567337105719,0.13452816950815594,-0.02110874308134595
choque_10pct_temporario,temporario,0.9,0.09999999999999998,False,26,67,16,10261399.465404425,0.061244968668214404,0.07184817370524188,0.11777050111049502,-0.01621983008898355
choque_10pct_temporario,temporario,0.9,0.09999999999999998,False,26,67,17,10639201.692549178,0.05262865107643199,0.1118784840404885,0.11114985106387237,-0.0024078816195160437
choque_10pct_temporario,temporario,0.9,0.09999999999999998,False,26,67,18,10962910.556447059,0.05249904466073784,0.1647690770885386,0.11667253428652434,0.010734392739345129
choque_10pct_temporario,temporario,0.9,0.09999999999999998,False,26,67,19,11129458.401653148,0.06406880590783419,0.2148569682143877,0.1347114614347309,0.017620943328002934
choque_10pct_temporario,temporario,0.9,0.09999999999999998,False,26,67,20,11084201.25928315,0.07949508276775506,0.23719875456805006,0.16409016190036854,0.011853752567681312
choque_10pct_temporario,temporario,0.9,0.09999999999999998,False,26,67,21,10858746.983222852,0.09264146047692762,0.23459892228963963,0.18528077027693804,0.002037078233259827
choque_10pct_temporario,temporario,0.9,0.09999999999999998,False,26,67,22,10583546.080119733,0.10467449538742085,0.2102594591548368,0.20121201067843536,-0.01748351606997086
choque_10pct_temporario,temporario,0.9,0.09999999999999998,False,26,67,23,10415763.280742856,0.10751209902097386,0.1740518042603012,0.21063477893387095,-0.03338373648313163
choque_10pct_temporario,temporario,0.9,0.09999999999999998,False,26,67,24,10480392.885103757,0.10122254038744981,0.13880348952832366,0.20737428174451858,-0.04986647268812094
choque_10pct_temporario,temporario,0.9,0.09999999999999998,False,26,67,25,10768924.25788675,0.08367993646217313,0.11179071251233164,0.19535925073419594,-0.054378992560816394
choque_10pct_temporario,temporario,0.9,0.09999999999999998,False,27,68,0,7609597.0,0.138,0.03,0.12063832026847152,0.010583740505574736
choque_10pct_temporario,temporario,0.9,0.09999999999999998,False,27,68,1,7652724.38733265,0.14039181650999813,0.030000000000000027,0.11859183719691781,0.007984885903803248
choque_10pct_temporario,temporario,0.9,0.09999999999999998,False,27,68,2,7803606.52800467,0.13522836016629058,0.02418238230458636,0.1204530561548775,0.004901181952719952
choque_10pct_temporario,temporario,0.9,0.09999999999999998,False,27,68,3,8038167.275428596,0.12547100655449164,0.02685167752437434,0.11256271258668386,0.006364351378910687
choque_10pct_temporario,temporario,0.9,0.09999999999999998,False,27,68,4,8331637.030607186,0.11103178212371803,0.029934240917900867,0.10605050895862568,0.007911519456749182
choque_10pct_temporario,temporario,0.9,0.09999999999999998,False,27,68,5,8568830.601695834,0.09740633392919598,0.046334524415753586,0.09815383436449374,0.009084425205670802
choque_10pct_temporario,temporario,0.9,0.09999999999999998,False,27,68,6,8820558.105602665,0.08911220877690416,0.06242306844700907,0.09754641014553345,0.009631318432021665
choque_10pct_temporario,temporario,0.9,0.09999999999999998,False,27,68,7,8956797.58768357,0.0898089481044181,0.08728211181673373,0.10130367553129603,0.015343272060179748
choque_10pct_temporario,temporario,0.9,0.09999999999999998,False,27,68,8,8915298.851808958,0.10066715785658938,0.10460042541402581,0.1186265559714511,0.012268544967289081
choque_10pct_temporario,temporario,0.9,0.09999999999999998,False,27,68,9,8874209.060103605,0.1142589260680132,0.1144847809231957,0.13629392057602982,0.009131501603851871
choque_10pct_temporario,temporario,0.9,0.09999999999999998,False,27,68,10,8769370.535672091,0.12590395674880955,0.10847689996792109,0.1547933831816054,-0.0003304794774542132
choque_10pct_temporario,temporario,0.9,0.09999999999999998,False,27,68,11,8607721.29900852,0.1379337439850641,0.09619804585202418,0.16964540905431447,-0.01433274317444697
choque_10pct_temporario,temporario,0.9,0.09999999999999998,False,27,68,12,8563014.178464929,0.14282709062177568,0.07460968919732913,0.1786170975580618,-0.024284951667784403
choque_10pct_temporario,temporario,0.9,0.09999999999999998,False,27,68,13,8706900.38816344,0.1360659188637455,0.054666238376579246,0.17429138786162438,-0.033047923964362284
choque_10pct_temporario,temporario,0.9,0.09999999999999998,False,27,68,14,9009294.844806101,0.12077901910466911,0.03685692424316067,0.16306590980974706,-0.034891913246008655
choque_10pct_temporario,temporario,0.9,0.09999999999999998,False,27,68,15,9647046.604660789,0.092203030733838,0.030935670669594906,0.1412696771392521,-0.027874247641046786
choque_10pct_temporario,temporario,0.9,0.09999999999999998,False,27,68,16,10159515.797806716,0.06699316552031272,0.04385706379298426,0.12232493811677084,-0.01934250341119903
choque_10pct_temporario,temporario,0.9,0.09999999999999998,False,27,68,17,10663825.428446772,0.05085916902753133,0.0824968961270034,0.10928262653273033,-0.00940675689081805
choque_10pct_temporario,temporario,0.9,0.09999999999999998,False,27,68,18,10935553.010578396,0.051560304648831996,0.14298462588249117,0.10917820577557444,0.005275629513018416
choque_10pct_temporario,temporario,0.9,0.09999999999999998,False,27,68,19,11189287.978058273,0.06342796837912915,0.20039686286351377,0.1301034234267581,0.018435404665044678
choque_10pct_temporario,temporario,0.9,0.09999999999999998,False,27,68,20,11305584.828004217,0.06790288416267179,0.23126819551957412,0.15414727872293194,0.020638804119553895
choque_10pct_temporario,temporario,0.9,0.09999999999999998,False,27,68,21,11216180.465244783,0.0756522527940286,0.24677048336973217,0.16489609092701768,0.011314553660999387
choque_10pct_temporario,temporario,0.9,0.09999999999999998,False,27,68,22,10891923.572174909,0.09489515449139842,0.237224919165419,0.19054160699371994,-0.005036486399954204
choque_10pct_temporario,temporario,0.9,0.09999999999999998,False,27,68,23,10546728.619565047,0.11342740349704321,0.20699689011658617,0.21659845529263105,-0.02593410744913569
choque_10pct_temporario,temporario,0.9,0.09999999999999998,False,27,68,24,10396069.85454208,0.11489566651024448,0.16592866053680377,0.22322831251269026,-0.04885374352810216
choque_10pct_temporario,temporario,0.9,0.09999999999999998,False,27,68,25,10555679.482239299,0.09954689356312003,0.12539727174815418,0.21054593638384872,-0.057243032257246494
choque_10pct_temporario,temporario,0.9,0.09999999999999998,False,28,69,0,7609597.0,0.138,0.03,0.12063832026847152,0.010583740505574736
choque_10pct_temporario,temporario,0.9,0.09999999999999998,False,28,69,1,7652724.38733265,0.14039181650999813,0.030000000000000027,0.11859183719691781,0.007984885903803248
choque_10pct_temporario,temporario,0.9,0.09999999999999998,False,28,69,2,7806733.0736326575,0.13522708141572493,0.02417705148225502,0.12042382786782006,0.002973484525824733
choque_10pct_temporario,temporario,0.9,0.09999999999999998,False,28,69,3,8039766.112708442,0.12607195076600336,0.026852381109290446,0.11215130020560106,0.003988912437766958
choque_10pct_temporario,temporario,0.9,0.09999999999999998,False,28,69,4,8417312.78290177,0.10813151097748176,0.02971501739047744,0.10317126294956817,0.0044319043942346375
choque_10pct_temporario,temporario,0.9,0.09999999999999998,False,28,69,5,8670322.81649135,0.09175605009226874,0.047120468962891904,0.09361494392632226,0.009895424984692524
choque_10pct_temporario,temporario,0.9,0.09999999999999998,False,28,69,6,8894484.346865963,0.084899434027776,0.06686028712079395,0.09320045893567287,0.014344442789483543
choque_10pct_temporario,temporario,0.9,0.09999999999999998,False,28,69,7,8963032.18234636,0.09150807618112088,0.0946529169214585,0.10227451033815477,0.017425014566370793
choque_10pct_temporario,temporario,0.9,0.09999999999999998,False,28,69,8,8836461.777931076,0.10856238094062882,0.11095510289752397,0.12642789429758017,0.01346696832750004
choque_10pct_temporario,temporario,0.9,0.09999999999999998,False,28,69,9,8738934.278846666,0.12733695001950124,0.11391608289268373,0.1491146365488191,0.003431682663898219
choque_10pct_temporario,temporario,0.9,0.09999999999999998,False,28,69,10,8488982.316087909,0.14571706205404633,0.1014795736571883,0.17138079089115127,-0.008243549904730908
choque_10pct_temporario,temporario,0.9,0.09999999999999998,False,28,69,11,8388048.263316621,0.1519637085329725,0.08004273014983299,0.18214672209926766,-0.022414573059286125
choque_10pct_temporario,temporario,0.9,0.09999999999999998,False,28,69,12,8453692.587108715,0.14809858619635635,0.05507675524906408,0.18071363005987828,-0.03215313225664408
choque_10pct_temporario,temporario,0.9,0.09999999999999998,False,28,69,13,8749359.696490921,0.13372471423192142,0.034307429267726564,0.16797115737504223,-0.037709838373667315
choque_10pct_temporario,temporario,0.9,0.09999999999999998,False,28,69,14,9394835.962213486,0.10309512007508949,0.022682719103167548,0.1440831592266969,-0.02996689605738893
choque_10pct_temporario,temporario,0.9,0.09999999999999998,False,28,69,15,9979252.21974286,0.07442940458533363,0.02878470813125955,0.12267689706045398,-0.021190725716041504
choque_10pct_temporario,temporario,0.9,0.09999999999999998,False,28,69,16,10379753.017455276,0.05744834151126955,0.05798934264328248,0.11090513650091471,-0.014812383925330307
choque_10pct_temporario,temporario,0.9,0.09999999999999998,False,28,69,17,10660452.06551073,0.05809948553258565,0.11049736606271376,0.11078059662336844,-0.004319921792505103
choque_10pct_temporario,temporario,0.9,0.09999999999999998,False,28,69,18,10874290.837531963,0.06773570012214493,0.1622559919655553,0.12894426382457855,0.008283790660762718
choque_10pct_temporario,temporario,0.9,0.09999999999999998,False,28,69,19,11058982.852503164,0.06845053195166516,0.1967013353432514,0.14620389301294115,0.008670974006670872
choque_10pct_temporario,temporario,0.9,0.09999999999999998,False,28,69,20,11107271.449047176,0.07089547803735909,0.2187003659518929,0.15260866135472373,0.01132489726673088
choque_10pct_temporario,temporario,0.9,0.09999999999999998,False,28,69,21,10962203.280033955,0.08334027715077322,0.22441483167564935,0.17158560270843826,0.002974781413128026
choque_10pct_temporario,temporario,0.9,0.09999999999999998,False,28,69,22,10666719.181399101,0.0982596997610359,0.21055215718823117,0.19750368521881828,-0.01246456007487719
choque_10pct_temporario,temporario,0.9,0.09999999999999998,False,28,69,23,10542950.595882341,0.10597196704762595,0.18185717324631345,0.2092408768087441,-0.029973938283297454
choque_10pct_temporario,temporario,0.9,0.09999999999999998,False,28,69,24,10543276.18480739,0.10068598038563657,0.15009652111713345,0.2084035328236996,-0.04645747948264528
choque_10pct_temporario,temporario,0.9,0.09999999999999998,False,28,69,25,10890983.361070942,0.08165362431078171,0.12343936622664864,0.1930368257223849,-0.052456819489912446
choque_10pct_temporario,temporario,0.9,0.09999999999999998,False,29,70,0,7609597.0,0.138,0.03,0.12063832026847152,0.010583740505574736
choque_10pct_temporario,temporario,0.9,0.09999999999999998,False,29,70,1,7652724.38733265,0.14039181650999813,0.030000000000000027,0.11859183719691781,0.007984885903803248
choque_10pct_temporario,temporario,0.9,0.09999999999999998,False,29,70,2,7793908.918816493,0.13522708141572493,0.024179988109196637,0.12056402716108525,0.003817102098398722
choque_10pct_temporario,temporario,0.9,0.09999999999999998,False,29,70,3,8077686.681735072,0.12411570269766257,0.026810744714600876,0.11133125850897442,0.004050078983218172
choque_10pct_temporario,temporario,0.9,0.09999999999999998,False,29,70,4,8408213.34759326,0.10734523513754805,0.03016333054236031,0.10323583965387939,0.008238099446535783
choque_10pct_temporario,temporario,0.9,0.09999999999999998,False,29,70,5,8658586.14416522,0.0929627254558542,0.046947871294422905,0.09599840838614239,0.010800448990228076
choque_10pct_temporario,temporario,0.9,0.09999999999999998,False,29,70,6,8794426.178431848,0.09158117344102033,0.06702056394015377,0.09915755812557303,0.00811955430952615
choque_10pct_temporario,temporario,0.9,0.09999999999999998,False,29,70,7,8839046.33437348,0.0997061694466001,0.09002805969706817,0.10950904239012776,0.011390905450602552
choque_10pct_temporario,temporario,0.9,0.09999999999999998,False,29,70,8,8864982.843991147,0.10601289977817868,0.10146277652945024,0.12488340454968207,0.0075298702532688175
choque_10pct_temporario,temporario,0.9,0.09999999999999998,False,29,70,9,8840955.698326983,0.11402313725441603,0.10778152029093158,0.13583709460532156,0.01024234508890306
choque_10pct_temporario,temporario,0.9,0.09999999999999998,False,29,70,10,8756751.01559947,0.12094777615727818,0.10110813907847449,0.15123466757514123,-0.0010594506303167888
choque_10pct_temporario,temporario,0.9,0.09999999999999998,False,29,70,11,8728307.95358895,0.12796071750622554,0.09111610420400318,0.16054282721021712,-0.011546485879028179
choque_10pct_temporario,temporario,0.9,0.09999999999999998,False,29,70,12,8703552.502720593,0.13165742606417502,0.07481289361132393,0.1688744902735713,-0.022075544482374712
choque_10pct_temporario,temporario,0.9,0.09999999999999998,False,29,70,13,8866507.6620729,0.12484180861179968,0.060915988381576636,0.1652125342578311,-0.029604484181724816
choque_10pct_temporario,temporario,0.9,0.09999999999999998,False,29,70,14,9207564.605532398,0.11202810124980316,0.04967305635291197,0.15423563877264607,-0.030286462863357268
choque_10pct_temporario,temporario,0.9,0.09999999999999998,False,29,70,15,9684714.846973268,0.08602959933376146,0.048990223954955114,0.1372367140996564,-0.025645222037212232
choque_10pct_temporario,temporario,0.9,0.09999999999999998,False,29,70,16,10305010.911233472,0.061270440897471516,0.06421950820697453,0.11827905749647415,-0.016134184969495168
choque_10pct_temporario,temporario,0.9,0.09999999999999998,False,29,70,17,10669675.388037562,0.048929650594074274,0.10535902173836864,0.10747622777105977,-0.0019207742085448152
choque_10pct_temporario,temporario,0.9,0.09999999999999998,False,29,70,18,10935082.830500923,0.05420637363362954,0.16465333334607424,0.11349882009054675,0.010854824284108474
choque_10pct_temporario,temporario,0.9,0.09999999999999998,False,29,70,19,11050760.362311468,0.07037985370250519,0.21234676071947045,0.14226446769403553,0.015528402400589435
choque_10pct_temporario,temporario,0.9,0.09999999999999998,False,29,70,20,11086654.944162589,0.08194169745383899,0.23096751586109288,0.1674943185942085,0.00821948718277476
choque_10pct_temporario,temporario,0.9,0.09999999999999998,False,29,70,21,10843614.862432696,0.09235718403216474,0.22559022941366758,0.1823981514124981,-0.003978894425290731
choque_10pct_temporario,temporario,0.9,0.09999999999999998,False,29,70,22,10651597.791582096,0.09563841767195219,0.20380857138118946,0.1940922147666432,-0.017434206702280856
choque_10pct_temporario,temporario,0.9,0.09999999999999998,False,29,70,23,10608537.440284986,0.09306391036977057,0.17499974386339878,0.1967925478675443,-0.030338042591177526
choque_10pct_temporario,temporario,0.9,0.09999999999999998,False,29,70,24,10664702.877274228,0.08849119050559187,0.1492899411461488,0.19584521805491345,-0.041612938992371194
choque_10pct_temporario,temporario,0.9,0.09999999999999998,False,29,70,25,10964846.822353574,0.07613438217246998,0.13203248081300956,0.18729725374180206,-0.047393985810810314
choque_10pct_temporario,temporario,0.9,0.09999999999999998,False,30,71,0,7609597.0,0.138,0.03,0.12063832026847152,0.010583740505574736
choque_10pct_temporario,temporario,0.9,0.09999999999999998,False,30,71,1,7652724.38733265,0.14039181650999813,0.030000000000000027,0.11859183719691781,0.007984885903803248
choque_10pct_temporario,temporario,0.9,0.09999999999999998,False,30,71,2,7798724.13808399,0.13522708141572493,0.024171687956530574,0.1204136488021475,0.0023558645248872114
choque_10pct_temporario,temporario,0.9,0.09999999999999998,False,30,71,3,8054625.753905785,0.12462994789303233,0.026899655657140142,0.11113475461850242,0.006612365752353059
choque_10pct_temporario,temporario,0.9,0.09999999999999998,False,30,71,4,8408271.606461918,0.10649883576022703,0.030318046293073442,0.10252030583947239,0.006779272021392102
choque_10pct_temporario,temporario,0.9,0.09999999999999998,False,30,71,5,8687367.589509532,0.09021877419350036,0.04872476415028659,0.09291642648555723,0.011997798753729312
choque_10pct_temporario,temporario,0.9,0.09999999999999998,False,30,71,6,8858688.077835305,0.08531893657434127,0.06938377423260444,0.09402202842738049,0.014567694774610616
choque_10pct_temporario,temporario,0.9,0.09999999999999998,False,30,71,7,8923450.802110573,0.09288437808104999,0.09613537860792842,0.10419612751720077,0.017768586653833494
choque_10pct_temporario,temporario,0.9,0.09999999999999998,False,30,71,8,8867372.371622931,0.10791764033900295,0.11124463255320971,0.12633455800576168,0.011740500512806827
choque_10pct_temporario,temporario,0.9,0.09999999999999998,False,30,71,9,8681695.340570534,0.1267308591179185,0.11544637970368687,0.148722237464688,0.004457006768191932
choque_10pct_temporario,temporario,0.9,0.09999999999999998,False,30,71,10,8543577.105807455,0.1390451144962261,0.10171835173252464,0.16773360086690572,-0.006555182232202852
choque_10pct_temporario,temporario,0.9,0.09999999999999998,False,30,71,11,8441424.498796094,0.14581194562656835,0.08327141935582238,0.17696117855512947,-0.01965963607854798
choque_10pct_temporario,temporario,0.9,0.09999999999999998,False,30,71,12,8463938.614878798,0.14475834705247584,0.059025560319556414,0.17942008262302128,-0.03112058400543909
choque_10pct_temporario,temporario,0.9,0.09999999999999998,False,30,71,13,8824483.13091164,0.12830036854881424,0.038797681321310895,0.16502018289391368,-0.03594151487759278
choque_10pct_temporario,temporario,0.9,0.09999999999999998,False,30,71,14,9498720.5642221,0.09894111857318295,0.02814417282157944,0.14122748760316817,-0.02821484925959712
choque_10pct_temporario,temporario,0.9,0.09999999999999998,False,30,71,15,10043290.597028017,0.06960124311898039,0.03668554459101636,0.12071332620484854,-0.021011879515420048
choque_10pct_temporario,temporario,0.9,0.09999999999999998,False,30,71,16,10415326.980738722,0.054758229293069206,0.07088408205858343,0.10826279314749615,-0.013396147664593216
choque_10pct_temporario,temporario,0.9,0.09999999999999998,False,30,71,17,10652639.491084468,0.057044147835443676,0.12558729401972468,0.11051179913326345,0.0007959090990070597
choque_10pct_temporario,temporario,0.9,0.09999999999999998,False,30,71,18,10898852.912899138,0.06856645582437142,0.17561629604705264,0.1306270826514884,0.009986562382106047
choque_10pct_temporario,temporario,0.9,0.09999999999999998,False,30,71,19,11039895.78519562,0.0681569169880478,0.20585886288652744,0.14878883136576113,0.012370842079145758
choque_10pct_temporario,temporario,0.9,0.09999999999999998,False,30,71,20,11077627.025292348,0.06912993759605424,0.22495297524121782,0.15264953888942712,0.008929146778061081
choque_10pct_temporario,temporario,0.9,0.09999999999999998,False,30,71,21,10952891.492149217,0.08386068635440985,0.2275489279104197,0.17133023203773534,0.0011743269087687521
choque_10pct_temporario,temporario,0.9,0.09999999999999998,False,30,71,22,10625398.486394748,0.10210893625967063,0.21116872720414515,0.20021800272741577,-0.013715343083117466
choque_10pct_temporario,temporario,0.9,0.09999999999999998,False,30,71,23,10492498.886750324,0.10594791152907505,0.17922617234742866,0.2116354760758883,-0.03471566964293551
choque_10pct_temporario,temporario,0.9,0.09999999999999998,False,30,71,24,10544918.650300436,0.09944158036916041,0.14703317868404686,0.20487644132337415,-0.04546525826174775
choque_10pct_temporario,temporario,0.9,0.09999999999999998,False,30,71,25,10939892.411975237,0.075468980353273,0.1198640070443382,0.18930015811554274,-0.048697521701248046
choque_10pct_temporario,temporario,0.9,0.09999999999999998,False,31,72,0,7609597.0,0.138,0.03,0.12063832026847152,0.010583740505574736
choque_10pct_temporario,temporario,0.9,0.09999999999999998,False,31,72,1,7652724.38733265,0.14039181650999813,0.030000000000000027,0.11859183719691781,0.007984885903803248
choque_10pct_temporario,temporario,0.9,0.09999999999999998,False,31,72,2,7798943.542504845,0.13522708141572493,0.024186540020322278,0.12055318810911574,0.005573485531992079
choque_10pct_temporario,temporario,0.9,0.09999999999999998,False,31,72,3,8033871.603258951,0.12505829932360707,0.026859604820157257,0.11232426066780227,0.004300717423559229
choque_10pct_temporario,temporario,0.9,0.09999999999999998,False,31,72,4,8384971.505487379,0.10985609237692037,0.030204546394460463,0.10425054266943844,0.00631900207828983
choque_10pct_temporario,temporario,0.9,0.09999999999999998,False,31,72,5,8655221.687527278,0.09390570591481173,0.04729637179794399,0.095462052882893,0.013312798508027439
choque_10pct_temporario,temporario,0.9,0.09999999999999998,False,31,72,6,8780024.535734687,0.08925816978464512,0.06535935910796153,0.09709997792636207,0.015390035795879593
choque_10pct_temporario,temporario,0.9,0.09999999999999998,False,31,72,7,8871839.92387949,0.09495744731062736,0.08969149371810858,0.10623937009636213,0.014500634378374646
choque_10pct_temporario,temporario,0.9,0.09999999999999998,False,31,72,8,8840671.423063228,0.10920129911795343,0.10308797197956476,0.12622630354112646,0.009211568932919993
choque_10pct_temporario,temporario,0.9,0.09999999999999998,False,31,72,9,8683285.68912582,0.12586384342441237,0.10656070477704138,0.14792119276765806,0.002739353658207386
choque_10pct_temporario,temporario,0.9,0.09999999999999998,False,31,72,10,8559425.907754922,0.13904210865514818,0.09632987286796824,0.16533947891784226,-0.012267045043916285
choque_10pct_temporario,temporario,0.9,0.09999999999999998,False,31,72,11,8510910.482515095,0.14349571248433102,0.0787695751202897,0.17215221047454138,-0.021108448218589353
choque_10pct_temporario,temporario,0.9,0.09999999999999998,False,31,72,12,8697106.745652558,0.1325162475462113,0.05876466651423029,0.1662067760205508,-0.026707428341952714
choque_10pct_temporario,temporario,0.9,0.09999999999999998,False,31,72,13,9051931.712647993,0.11218712512862226,0.04433832468123833,0.15149399643562947,-0.02752420614002488
choque_10pct_temporario,temporario,0.9,0.09999999999999998,False,31,72,14,9569696.417342095,0.08884811381423884,0.040350197065536886,0.13422916430106407,-0.01974290194823594
choque_10pct_temporario,temporario,0.9,0.09999999999999998,False,31,72,15,9967839.561811378,0.06756831718983566,0.05485122398731934,0.12121043402909318,-0.012404197301986065
choque_10pct_temporario,temporario,0.9,0.09999999999999998,False,31,72,16,10309079.099493472,0.061389557709027126,0.09048692389589807,0.11372934790052708,-0.006556939803805701
choque_10pct_temporario,temporario,0.9,0.09999999999999998,False,31,72,17,10584223.776524276,0.0635464508997531,0.13528956117540858,0.12152779044864125,0.0025443947413813606
choque_10pct_temporario,temporario,0.9,0.09999999999999998,False,31,72,18,10814730.714215502,0.06443340610858748,0.17482235214219122,0.13318588326835026,0.008949661971524196
choque_10pct_temporario,temporario,0.9,0.09999999999999998,False,31,72,19,11010776.171906294,0.06182039292356845,0.20621362101222074,0.14009182066482798,0.010869815295317458
choque_10pct_temporario,temporario,0.9,0.09999999999999998,False,31,72,20,11091409.380675832,0.06895545715970587,0.2273841696617218,0.14977240710711953,0.009036028260424106
choque_10pct_temporario,temporario,0.9,0.09999999999999998,False,31,72,21,10856195.483728962,0.08598084317285534,0.2299852736200323,0.17715196609776732,0.0015030602909523948
choque_10pct_temporario,temporario,0.9,0.09999999999999998,False,31,72,22,10679453.84713068,0.09742105415351253,0.21256563474287127,0.19837658317902881,-0.012631368997289668
choque_10pct_temporario,temporario,0.9,0.09999999999999998,False,31,72,23,10522329.742365431,0.10143793010217458,0.18353795513295434,0.20544382882292656,-0.03161821436629425
choque_10pct_temporario,temporario,0.9,0.09999999999999998,False,31,72,24,10590785.803168107,0.09349623409786119,0.1514360050211656,0.20246072855184222,-0.04430881375347774
choque_10pct_temporario,temporario,0.9,0.09999999999999998,False,31,72,25,10975915.20254032,0.07540848640495854,0.12905444942312227,0.18679055462000096,-0.04490965831980008
choque_10pct_temporario,temporario,0.9,0.09999999999999998,False,32,73,0,7609597.0,0.138,0.03,0.12063832026847152,0.010583740505574736
choque_10pct_temporario,temporario,0.9,0.09999999999999998,False,32,73,1,7652724.38733265,0.14039181650999813,0.030000000000000027,0.11859183719691781,0.007984885903803248
choque_10pct_temporario,temporario,0.9,0.09999999999999998,False,32,73,2,7806073.029954594,0.13522708141572493,0.024178725948676094,0.12041078392684051,0.003719667309244016
choque_10pct_temporario,temporario,0.9,0.09999999999999998,False,32,73,3,8057010.31901437,0.12508063335150787,0.026885833553207172,0.11199793960515526,0.00608347432816441
choque_10pct_temporario,temporario,0.9,0.09999999999999998,False,32,73,4,8349383.641723143,0.11011762460498523,0.03010814174193599,0.10529663561854516,0.006974375694473791
choque_10pct_temporario,temporario,0.9,0.09999999999999998,False,32,73,5,8597612.340899015,0.09671976754258066,0.04663309274169802,0.09723862130814641,0.010658662447859004
choque_10pct_temporario,temporario,0.9,0.09999999999999998,False,32,73,6,8799440.886090778,0.08964080666140702,0.06327363294196298,0.09811966706530832,0.009465825133180476
choque_10pct_temporario,temporario,0.9,0.09999999999999998,False,32,73,7,8884887.99920808,0.09431451734192908,0.08773951333218832,0.10425785496108177,0.012143547047073069
choque_10pct_temporario,temporario,0.9,0.09999999999999998,False,32,73,8,8918556.333864644,0.10264629453878522,0.10180643592302996,0.12035880901736744,0.010127303232710445
choque_10pct_temporario,temporario,0.9,0.09999999999999998,False,32,73,9,8896178.86529231,0.11042296379969507,0.10973134351858804,0.13470828474665913,0.0037500646802411347
choque_10pct_temporario,temporario,0.9,0.09999999999999998,False,32,73,10,8814967.047473606,0.12418481687642102,0.10484930677897597,0.15135620285131565,-0.0031909112341919274
choque_10pct_temporario,temporario,0.9,0.09999999999999998,False,32,73,11,8705660.220318163,0.13325902419430036,0.09326103308632905,0.1657550247163959,-0.010782996913991887
choque_10pct_temporario,temporario,0.9,0.09999999999999998,False,32,73,12,8679471.543014871,0.135370345379433,0.07569822520921687,0.17216236483722405,-0.022488205235274103
choque_10pct_temporario,temporario,0.9,0.09999999999999998,False,32,73,13,8810831.703640837,0.13009549638831777,0.0585265550359193,0.1687697339505026,-0.029060788217489354
choque_10pct_temporario,temporario,0.9,0.09999999999999998,False,32,73,14,9150146.83950043,0.11296693648176205,0.04627226766408632,0.1567130898731244,-0.0343222278714103
choque_10pct_temporario,temporario,0.9,0.09999999999999998,False,32,73,15,9810313.41669907,0.0878192007691937,0.043461988334678736,0.13592216777509977,-0.026381736391013304
choque_10pct_temporario,temporario,0.9,0.09999999999999998,False,32,73,16,10238253.133650571,0.06488233204905473,0.060444649590964294,0.12035798447362847,-0.01819072577352925
choque_10pct_temporario,temporario,0.9,0.09999999999999998,False,32,73,17,10583284.426179286,0.05368061300043445,0.0966973062092431,0.11163211017872673,-0.007568384134764371
choque_10pct_temporario,temporario,0.9,0.09999999999999998,False,32,73,18,10936038.8792147,0.05310397473062668,0.1510247715908022,0.11416580052652651,0.005707075549522812
choque_10pct_temporario,temporario,0.9,0.09999999999999998,False,32,73,19,11186838.234492088,0.06082786872714958,0.20032642322967598,0.13104726583074608,0.013662060312429718
choque_10pct_temporario,temporario,0.9,0.09999999999999998,False,32,73,20,11189828.07045921,0.07276925354273205,0.2336060386045562,0.15463468455585247,0.014576369816583655
choque_10pct_temporario,temporario,0.9,0.09999999999999998,False,32,73,21,11075367.702680266,0.08528771518750668,0.23875182101888992,0.17587595088901273,0.006214504994609041
choque_10pct_temporario,temporario,0.9,0.09999999999999998,False,32,73,22,10756665.017279867,0.09825301127259221,0.2233334565965961,0.19551735921074564,-0.008870105581723832
choque_10pct_temporario,temporario,0.9,0.09999999999999998,False,32,73,23,10480336.024508435,0.107980179674889,0.19037441940293975,0.21175414512565713,-0.031084087053748714
choque_10pct_temporario,temporario,0.9,0.09999999999999998,False,32,73,24,10476898.432532426,0.10531603846160559,0.1542556317858912,0.21271283999622415,-0.04669079843257124
choque_10pct_temporario,temporario,0.9,0.09999999999999998,False,32,73,25,10753455.676111778,0.09067700365785526,0.12281006606368172,0.20010632961706365,-0.05611505807811921
choque_10pct_temporario,temporario,0.9,0.09999999999999998,False,33,74,0,7609597.0,0.138,0.03,0.12063832026847152,0.010583740505574736
choque_10pct_temporario,temporario,0.9,0.09999999999999998,False,33,74,1,7652724.38733265,0.14039181650999813,0.030000000000000027,0.11859183719691781,0.007984885903803248
choque_10pct_temporario,temporario,0.9,0.09999999999999998,False,33,74,2,7794346.244993998,0.13522708141572493,0.024178878871325082,0.12053897788241605,0.003676100436403369
choque_10pct_temporario,temporario,0.9,0.09999999999999998,False,33,74,3,8047832.960766992,0.12410537040483062,0.026843123093230004,0.11151557258643194,0.004083187292728948
choque_10pct_temporario,temporario,0.9,0.09999999999999998,False,33,74,4,8407755.108021477,0.10742200071065763,0.030562487666643934,0.10256323619986542,0.007674030567074797
choque_10pct_temporario,temporario,0.9,0.09999999999999998,False,33,74,5,8670944.21194158,0.09122571500832963,0.04843893177747982,0.09349000325766925,0.011798185150633385
choque_10pct_temporario,temporario,0.9,0.09999999999999998,False,33,74,6,8881527.70002689,0.08489551926100088,0.06862193125788596,0.09290922500294921,0.013531461632117733
choque_10pct_temporario,temporario,0.9,0.09999999999999998,False,33,74,7,8976002.54032588,0.0876068549653257,0.09629765014967728,0.10107905092224745,0.016439364419509626
choque_10pct_temporario,temporario,0.9,0.09999999999999998,False,33,74,8,8903041.525510984,0.10470704721002222,0.11538837234243249,0.12127589341112534,0.011691234569660215
choque_10pct_temporario,temporario,0.9,0.09999999999999998,False,33,74,9,8788027.066936856,0.121695542109741,0.11946092739627012,0.14484971586288453,0.00353949993085332
choque_10pct_temporario,temporario,0.9,0.09999999999999998,False,33,74,10,8676603.495558323,0.13081477369761918,0.10870555228893442,0.16092887851536983,-0.0045062279514839635
choque_10pct_temporario,temporario,0.9,0.09999999999999998,False,33,74,11,8549765.39587545,0.13877270867547922,0.09244414887377816,0.17118604842000137,-0.017568454232380685
choque_10pct_temporario,temporario,0.9,0.09999999999999998,False,33,74,12,8596988.537643744,0.13891700953719224,0.06933509732611487,0.1750538142542772,-0.0268869904398297
choque_10pct_temporario,temporario,0.9,0.09999999999999998,False,33,74,13,8770898.988929931,0.13224258830144478,0.049703180076247966,0.16949919100216818,-0.033867627378490195
choque_10pct_temporario,temporario,0.9,0.09999999999999998,False,33,74,14,9241187.636083476,0.11343822809645313,0.03510562628496938,0.15401706360179568,-0.032730266346348166
choque_10pct_temporario,temporario,0.9,0.09999999999999998,False,33,74,15,9787595.871994607,0.08388475720793377,0.033865332692171846,0.13415267636473197,-0.025054393789098576
choque_10pct_temporario,temporario,0.9,0.09999999999999998,False,33,74,16,10292064.629047377,0.060247704836892624,0.054034456351547355,0.11645025430144228,-0.016438199739877903
choque_10pct_temporario,temporario,0.9,0.09999999999999998,False,33,74,17,10583183.313812196,0.05508174263620011,0.09954115941727526,0.10984528349274794,-0.00468849384972705
choque_10pct_temporario,temporario,0.9,0.09999999999999998,False,33,74,18,10870909.603699971,0.06144715371752397,0.15338563883537004,0.1219437028402541,0.004617739030479546
choque_10pct_temporario,temporario,0.9,0.09999999999999998,False,33,74,19,11075806.49279157,0.06473015578000126,0.19631054202855336,0.14100693790223243,0.010748694025661868
choque_10pct_temporario,temporario,0.9,0.09999999999999998,False,33,74,20,11136109.907646999,0.07069021206108468,0.22410562247663357,0.15225634063008006,0.011657224804496448
choque_10pct_temporario,temporario,0.9,0.09999999999999998,False,33,74,21,10966245.915788535,0.08383992780044036,0.2316806920474992,0.1731183787544001,0.0038219792346289765
choque_10pct_temporario,temporario,0.9,0.09999999999999998,False,33,74,22,10729566.946546257,0.09853870799994753,0.21786084432984754,0.1956777731153498,-0.013033037083902535
choque_10pct_temporario,temporario,0.9,0.09999999999999998,False,33,74,23,10552105.305003475,0.10464625795054876,0.18759278177449512,0.20856339830916362,-0.030405552479961812
choque_10pct_temporario,temporario,0.9,0.09999999999999998,False,33,74,24,10510181.267061902,0.10116685617620907,0.15331532210948162,0.20923554951728454,-0.04265827841446219
choque_10pct_temporario,temporario,0.9,0.09999999999999998,False,33,74,25,10764851.176999792,0.08572587173871608,0.12604626621225834,0.19793798059076936,-0.054296961094590784
choque_10pct_temporario,temporario,0.9,0.09999999999999998,False,34,75,0,7609597.0,0.138,0.03,0.12063832026847152,0.010583740505574736
choque_10pct_temporario,temporario,0.9,0.09999999999999998,False,34,75,1,7652724.38733265,0.14039181650999813,0.030000000000000027,0.11859183719691781,0.007984885903803248
choque_10pct_temporario,temporario,0.9,0.09999999999999998,False,34,75,2,7817153.350781714,0.13522708141572493,0.02417296767197974,0.12048837995070284,0.0018178776575865354
choque_10pct_temporario,temporario,0.9,0.09999999999999998,False,34,75,3,8050037.339651956,0.12429583628352474,0.02688580318537337,0.11173020254586101,0.007924258932568783
choque_10pct_temporario,temporario,0.9,0.09999999999999998,False,34,75,4,8371491.188757262,0.10879330674736361,0.03042871911511269,0.10406100712413781,0.00859011546035212
choque_10pct_temporario,temporario,0.9,0.09999999999999998,False,34,75,5,8614169.256828764,0.09342263751107893,0.04766629212348428,0.09616072618367914,0.011271390366733509
choque_10pct_temporario,temporario,0.9,0.09999999999999998,False,34,75,6,8798793.18085837,0.0906815628059162,0.06632934556963588,0.09679980462336171,0.01388781827924196
choque_10pct_temporario,temporario,0.9,0.09999999999999998,False,34,75,7,8870289.689766945,0.09421109679641512,0.08956830670190041,0.1067147314015064,0.011995842755344424
choque_10pct_temporario,temporario,0.9,0.09999999999999998,False,34,75,8,8887535.545034297,0.10399338889589377,0.10506831273767725,0.12070310931639157,0.012703957809494402
choque_10pct_temporario,temporario,0.9,0.09999999999999998,False,34,75,9,8852065.527213946,0.11057235503971322,0.11116365948358609,0.13627664921310562,0.006175721661022921
choque_10pct_temporario,temporario,0.9,0.09999999999999998,False,34,75,10,8755260.570577005,0.12282490857885861,0.10801715458328776,0.15082280330461556,-0.0023952102966326616
choque_10pct_temporario,temporario,0.9,0.09999999999999998,False,34,75,11,8660672.598544162,0.1317022698188934,0.09511702992192173,0.1654540596367975,-0.01297012856541866
choque_10pct_temporario,temporario,0.9,0.09999999999999998,False,34,75,12,8660730.331431549,0.13383931731861803,0.07817650124766451,0.1707753039619561,-0.023737486888809934
choque_10pct_temporario,temporario,0.9,0.09999999999999998,False,34,75,13,8814094.462869931,0.12761200005252718,0.06013220313579137,0.16728440251374654,-0.03021159988472549
choque_10pct_temporario,temporario,0.9,0.09999999999999998,False,34,75,14,9186810.540181438,0.10852504389281925,0.04816689218832604,0.15305560690509482,-0.02770791090460128
choque_10pct_temporario,temporario,0.9,0.09999999999999998,False,34,75,15,9775306.116921542,0.07992702529914696,0.04580327897719649,0.1331496304865601,-0.02085458824746893
choque_10pct_temporario,temporario,0.9,0.09999999999999998,False,34,75,16,10314813.82978031,0.058451233594093106,0.06638737220337676,0.11520450474255785,-0.012254988659093215
choque_10pct_temporario,temporario,0.9,0.09999999999999998,False,34,75,17,10650414.876204232,0.05215853524946161,0.11080605594376358,0.10953773491909688,-0.001749073120489396
choque_10pct_temporario,temporario,0.9,0.09999999999999998,False,34,75,18,10935912.989782957,0.05998434286847138,0.16619756090056614,0.12084348693577418,0.004800409608836806
choque_10pct_temporario,temporario,0.9,0.09999999999999998,False,34,75,19,11032433.78669215,0.07092816649504563,0.20544755297303086,0.14584976134375904,0.010983048962461488
choque_10pct_temporario,temporario,0.9,0.09999999999999998,False,34,75,20,11013992.332981393,0.07623766353816623,0.22548165646413731,0.16201035623011475,0.009960045285739594
choque_10pct_temporario,temporario,0.9,0.09999999999999998,False,34,75,21,10927729.19014393,0.0831329059791302,0.2231865258341279,0.17404247333628453,0.00044170187187887033
choque_10pct_temporario,temporario,0.9,0.09999999999999998,False,34,75,22,10635570.16114999,0.09876633530453237,0.20812613385669487,0.19431203619073645,-0.015467067626305769
choque_10pct_temporario,temporario,0.9,0.09999999999999998,False,34,75,23,10499580.55336893,0.10705423451606005,0.17765355875175182,0.21036699789907964,-0.035406924750307316
choque_10pct_temporario,temporario,0.9,0.09999999999999998,False,34,75,24,10525867.049383463,0.1005341927057042,0.14553369840391595,0.2068909759509023,-0.04728693250815367
choque_10pct_temporario,temporario,0.9,0.09999999999999998,False,34,75,25,11008604.75946707,0.07409803396781021,0.11974602050830074,0.18637002732290178,-0.050613553910165573
choque_10pct_temporario,temporario,0.9,0.09999999999999998,False,35,76,0,7609597.0,0.138,0.03,0.12063832026847152,0.010583740505574736
choque_10pct_temporario,temporario,0.9,0.09999999999999998,False,35,76,1,7652724.38733265,0.14039181650999813,0.030000000000000027,0.11859183719691781,0.007984885903803248
choque_10pct_temporario,temporario,0.9,0.09999999999999998,False,35,76,2,7802730.70561669,0.13522708141572493,0.024187296796349456,0.12044641053496434,0.005865835900893691
choque_10pct_temporario,temporario,0.9,0.09999999999999998,False,35,76,3,8027902.525663208,0.12540384160263557,0.026819468875616703,0.11289647103876752,0.006960385247261418
choque_10pct_temporario,temporario,0.9,0.09999999999999998,False,35,76,4,8376829.146149594,0.11162612961673007,0.029935621438338167,0.10612176885383172,0.008587531342233808
choque_10pct_temporario,temporario,0.9,0.09999999999999998,False,35,76,5,8541745.592219677,0.10021206181876256,0.04533769069479199,0.10098395745529587,0.010258007646122233
choque_10pct_temporario,temporario,0.9,0.09999999999999998,False,35,76,6,8718429.368657436,0.09612698046080788,0.06021075435549328,0.1027844802106954,0.0078073138865923895
choque_10pct_temporario,temporario,0.9,0.09999999999999998,False,35,76,7,8831660.536015697,0.09841316265100265,0.08072576370854678,0.10862479243573589,0.008440894186742477
choque_10pct_temporario,temporario,0.9,0.09999999999999998,False,35,76,8,8883480.239908036,0.10337508637189315,0.09335854276778233,0.12043147928899922,0.00770016835464457
choque_10pct_temporario,temporario,0.9,0.09999999999999998,False,35,76,9,8892739.707240729,0.10876176064137229,0.10068414724370633,0.13206723531770098,0.005560159233498118
choque_10pct_temporario,temporario,0.9,0.09999999999999998,False,35,76,10,8837577.579477686,0.11606113855655205,0.10046404095581685,0.14512892814525669,-0.002917945476268114
choque_10pct_temporario,temporario,0.9,0.09999999999999998,False,35,76,11,8862824.493398588,0.12167662637308457,0.09351904392766519,0.15443461562087188,-0.01082102738436153
choque_10pct_temporario,temporario,0.9,0.09999999999999998,False,35,76,12,8808219.206982685,0.12412669635495582,0.08392663382797272,0.1621146681284649,-0.02018197872910678
choque_10pct_temporario,temporario,0.9,0.09999999999999998,False,35,76,13,9000506.066770876,0.11920820450017505,0.07018043804535279,0.1601973813763754,-0.02313903136305501
choque_10pct_temporario,temporario,0.9,0.09999999999999998,False,35,76,14,9272875.40822671,0.1043995070431106,0.06225972457518281,0.15041790778435252,-0.024832460654411442
choque_10pct_temporario,temporario,0.9,0.09999999999999998,False,35,76,15,9791618.08179018,0.07855863237416229,0.062283101470707036,0.13358003575161717,-0.021080022023164995
choque_10pct_temporario,temporario,0.9,0.09999999999999998,False,35,76,16,10287229.965489818,0.057212670449438355,0.0834375942334189,0.11553411684195795,-0.010147525271348256
choque_10pct_temporario,temporario,0.9,0.09999999999999998,False,35,76,17,10708518.70167013,0.04734198758383546,0.1262435104468278,0.1070551823280382,-0.0002890419307105284
choque_10pct_temporario,temporario,0.9,0.09999999999999998,False,35,76,18,11020628.151699381,0.052577821953237576,0.18624645272748697,0.11320662522116122,0.013543329091023144
choque_10pct_temporario,temporario,0.9,0.09999999999999998,False,35,76,19,11133450.482566867,0.06881726573204416,0.2301112314620013,0.1419527353140757,0.01952321586681585
choque_10pct_temporario,temporario,0.9,0.09999999999999998,False,35,76,20,11073737.330939706,0.08159895819056646,0.24630940792785738,0.16892186066874265,0.011174951716211707
choque_10pct_temporario,temporario,0.9,0.09999999999999998,False,35,76,21,10690592.144765928,0.09753871701214356,0.2338974045972273,0.18993996756062104,-0.00308922756206044
choque_10pct_temporario,temporario,0.9,0.09999999999999998,False,35,76,22,10398848.528624784,0.11006028782270319,0.2046824932655169,0.20775817185838158,-0.022238806316820302
choque_10pct_temporario,temporario,0.9,0.09999999999999998,False,35,76,23,10260543.587994939,0.11192441983624231,0.16449952500558096,0.2146160700106264,-0.04098837658354883
choque_10pct_temporario,temporario,0.9,0.09999999999999998,False,35,76,24,10337210.79234432,0.10343974494996923,0.12592686810868137,0.20893174326333952,-0.053682843980737374
choque_10pct_temporario,temporario,0.9,0.09999999999999998,False,35,76,25,10888478.346560458,0.07715244298538516,0.09829961077481353,0.1880878255892919,-0.055081662495023206
choque_10pct_temporario,temporario,0.9,0.09999999999999998,False,36,77,0,7609597.0,0.138,0.03,0.12063832026847152,0.010583740505574736
choque_10pct_temporario,temporario,0.9,0.09999999999999998,False,36,77,1,7652717.703786862,0.14039187151079002,0.030000000000000027,0.1185921564109529,0.007984789613649897
choque_10pct_temporario,temporario,0.9,0.09999999999999998,False,36,77,2,7797301.432333067,0.13522817256822742,0.024176348789232804,0.12054391703875096,0.003132824924809708
choque_10pct_temporario,temporario,0.9,0.09999999999999998,False,36,77,3,8066839.669660508,0.12445129646435647,0.026875541848083717,0.11137101778441127,0.005848889384789103
choque_10pct_temporario,temporario,0.9,0.09999999999999998,False,36,77,4,8376962.371772485,0.10843775438185499,0.030392987511353997,0.10400930667425655,0.007681942462052319
choque_10pct_temporario,temporario,0.9,0.09999999999999998,False,36,77,5,8622613.825713694,0.09417031561435789,0.047098013018238793,0.09607032110528584,0.00950699723689454
choque_10pct_temporario,temporario,0.9,0.09999999999999998,False,36,77,6,8848724.0248074,0.08931932704573722,0.06562275181979604,0.09577931293751886,0.012566395634644546
choque_10pct_temporario,temporario,0.9,0.09999999999999998,False,36,77,7,8955465.23860497,0.09036139377236788,0.08975318127015464,0.10294981495185236,0.015016838082768904
choque_10pct_temporario,temporario,0.9,0.09999999999999998,False,36,77,8,8960364.94067698,0.10020730400169542,0.10850124280004869,0.11804271662164993,0.014116715520125814
choque_10pct_temporario,temporario,0.9,0.09999999999999998,False,36,77,9,8807402.672404947,0.11743691904477097,0.11681209207256749,0.14050188867290153,0.006876688053856564
choque_10pct_temporario,temporario,0.9,0.09999999999999998,False,36,77,10,8640657.921586188,0.13550177576731914,0.1083422622307233,0.16354636624750843,-0.004579859154558445
choque_10pct_temporario,temporario,0.9,0.09999999999999998,False,36,77,11,8470321.271270474,0.14754278772470394,0.09098909247606124,0.17928995744896895,-0.0189130826941404
choque_10pct_temporario,temporario,0.9,0.09999999999999998,False,36,77,12,8469946.946409972,0.14882404768286023,0.06615372594152968,0.18376500256196648,-0.03238453314249839
choque_10pct_temporario,temporario,0.9,0.09999999999999998,False,36,77,13,8659751.527440783,0.1399880914428105,0.04485644182369164,0.1749227979849887,-0.03830294364302183
choque_10pct_temporario,temporario,0.9,0.09999999999999998,False,36,77,14,9208081.253189085,0.11604468364639593,0.02821413357123803,0.15525117811775827,-0.036125800434543574
choque_10pct_temporario,temporario,0.9,0.09999999999999998,False,36,77,15,9866048.399419453,0.0837277768951326,0.02620330603958365,0.13195325854061862,-0.028280120451198265
choque_10pct_temporario,temporario,0.9,0.09999999999999998,False,36,77,16,10257100.095707959,0.062531810801395,0.046747869356194016,0.11680741184623451,-0.01854741153724203
choque_10pct_temporario,temporario,0.9,0.09999999999999998,False,36,77,17,10594482.21851807,0.05706808947105627,0.08974609748048601,0.11244231362860206,-0.01007938870650941
choque_10pct_temporario,temporario,0.9,0.09999999999999998,False,36,77,18,10752018.47350418,0.06690679156079972,0.14432122853353113,0.1251026272574091,0.0011135331518308234
choque_10pct_temporario,temporario,0.9,0.09999999999999998,False,36,77,19,11009466.15115894,0.07004275789480233,0.17931808932067805,0.14628052677920872,0.005612250242030396
choque_10pct_temporario,temporario,0.9,0.09999999999999998,False,36,77,20,11123622.708749076,0.06910354788079935,0.20709156443123167,0.1512306816560956,0.009401454723858988
choque_10pct_temporario,temporario,0.9,0.09999999999999998,False,36,77,21,10979187.345267795,0.07976289733744273,0.217718235612953,0.16620775584258873,0.003512903542110704
choque_10pct_temporario,temporario,0.9,0.09999999999999998,False,36,77,22,10860848.858403262,0.08876260059862738,0.21106824508216793,0.1875490451521701,-0.010490623266361554
choque_10pct_temporario,temporario,0.9,0.09999999999999998,False,36,77,23,10747412.986375902,0.09457375385370441,0.19162504817011272,0.19762628997784584,-0.021665450126795997
choque_10pct_temporario,temporario,0.9,0.09999999999999998,False,36,77,24,10798445.182652209,0.0893959646575498,0.16738051282762623,0.198696198799473,-0.03570457822869599
choque_10pct_temporario,temporario,0.9,0.09999999999999998,False,36,77,25,11023098.205638543,0.07833903836498017,0.1469451600224514,0.18980568936664882,-0.04088311512010331
choque_10pct_temporario,temporario,0.9,0.09999999999999998,False,37,78,0,7609597.0,0.138,0.03,0.12063832026847152,0.010583740505574736
choque_10pct_temporario,temporario,0.9,0.09999999999999998,False,37,78,1,7652724.38733265,0.14039181650999813,0.030000000000000027,0.11859183719691781,0.007984885903803248
choque_10pct_temporario,temporario,0.9,0.09999999999999998,False,37,78,2,7811944.858553902,0.13522720206223762,0.0241666286569604,0.12058669013549693,0.00018585739055203764
choque_10pct_temporario,temporario,0.9,0.09999999999999998,False,37,78,3,8094525.125686543,0.12367789968368018,0.026920387337477703,0.11080671413169939,0.0052715041838161504
choque_10pct_temporario,temporario,0.9,0.09999999999999998,False,37,78,4,8350276.109201933,0.10863709884444168,0.030769941322713823,0.10373413893051436,0.005768933818499963
choque_10pct_temporario,temporario,0.9,0.09999999999999998,False,37,78,5,8674141.719411755,0.09120224481746551,0.04825621101515143,0.09335758391097809,0.011859979663454765
choque_10pct_temporario,temporario,0.9,0.09999999999999998,False,37,78,6,8900184.45855931,0.08317830563697984,0.0682731433116428,0.09180468181732165,0.01606426588321743
choque_10pct_temporario,temporario,0.9,0.09999999999999998,False,37,78,7,8971801.572736785,0.08953097557546846,0.09674790224821783,0.10016982710974122,0.0163138596378306
choque_10pct_temporario,temporario,0.9,0.09999999999999998,False,37,78,8,8952774.456519723,0.10218662753074657,0.11250375998320483,0.12125714016874355,0.01399733747838496
choque_10pct_temporario,temporario,0.9,0.09999999999999998,False,37,78,9,8854143.986614328,0.11555741431539596,0.11992628485577383,0.14080557763859544,0.007592401804428052
choque_10pct_temporario,temporario,0.9,0.09999999999999998,False,37,78,10,8671344.098581119,0.1346865757164812,0.11121692797035854,0.1619631213129444,-0.0032311626641391886
choque_10pct_temporario,temporario,0.9,0.09999999999999998,False,37,78,11,8524736.956436371,0.1455126007072915,0.0928255460813987,0.1770743761689475,-0.012967314535716484
choque_10pct_temporario,temporario,0.9,0.09999999999999998,False,37,78,12,8532786.723583141,0.14268744797665928,0.06847342157693381,0.17935186845654946,-0.027862398105121713
choque_10pct_temporario,temporario,0.9,0.09999999999999998,False,37,78,13,8746832.64050201,0.1288157364478557,0.047536006171409184,0.16928311669955368,-0.03141792404748982
choque_10pct_temporario,temporario,0.9,0.09999999999999998,False,37,78,14,9233870.162276879,0.10924296458451885,0.034811379620321325,0.1514102750598409,-0.029775353841752356
choque_10pct_temporario,temporario,0.9,0.09999999999999998,False,37,78,15,9757825.007830897,0.08399702281993623,0.0355613616324979,0.13396307754235315,-0.024801421075431342
choque_10pct_temporario,temporario,0.9,0.09999999999999998,False,37,78,16,10236953.720135361,0.06174601309903753,0.05592532331207778,0.11775008785657726,-0.017977540181109336
choque_10pct_temporario,temporario,0.9,0.09999999999999998,False,37,78,17,10712538.308375308,0.05073699717933728,0.10022330126182122,0.10774948855061413,-0.005387747321125716
choque_10pct_temporario,temporario,0.9,0.09999999999999998,False,37,78,18,11010856.795944268,0.05096323398961157,0.16243729984409438,0.11183647124975811,0.009640547227271444
choque_10pct_temporario,temporario,0.9,0.09999999999999998,False,37,78,19,11155173.630962636,0.0637851056259361,0.2167649981578914,0.1331896958392793,0.018471781464775325
choque_10pct_temporario,temporario,0.9,0.09999999999999998,False,37,78,20,11168708.888764787,0.08059312192792487,0.24227731559676013,0.1630815467413851,0.015293054284633859
choque_10pct_temporario,temporario,0.9,0.09999999999999998,False,37,78,21,10919533.92935597,0.0902463396024106,0.23838217522245464,0.18463355956602917,0.0034162171929073065
choque_10pct_temporario,temporario,0.9,0.09999999999999998,False,37,78,22,10656499.112211315,0.09751752466640305,0.21623699377798156,0.19626229746002669,-0.013431553136645886
choque_10pct_temporario,temporario,0.9,0.09999999999999998,False,37,78,23,10498619.556010298,0.10424151918217228,0.1821470546605337,0.20696043561193098,-0.03016143773888575
choque_10pct_temporario,temporario,0.9,0.09999999999999998,False,37,78,24,10449497.382792175,0.10464592552446743,0.14812707856831797,0.21100096174064847,-0.046663596091934066
choque_10pct_temporario,temporario,0.9,0.09999999999999998,False,37,78,25,10756033.009144858,0.0872221809108378,0.11761932468438108,0.1996802145478839,-0.056414612899416045
choque_10pct_temporario,temporario,0.9,0.09999999999999998,False,38,79,0,7609597.0,0.138,0.03,0.12063832026847152,0.010583740505574736
choque_10pct_temporario,temporario,0.9,0.09999999999999998,False,38,79,1,7652724.38733265,0.14039181650999813,0.030000000000000027,0.11859183719691781,0.007984885903803248
choque_10pct_temporario,temporario,0.9,0.09999999999999998,False,38,79,2,7805467.640744476,0.13522708141572493,0.02418630659483445,0.12056947695808339,0.005628385718672757
choque_10pct_temporario,temporario,0.9,0.09999999999999998,False,38,79,3,8017292.966872868,0.1252915579837711,0.026864732214723297,0.11286921658241382,0.005709835360944892
choque_10pct_temporario,temporario,0.9,0.09999999999999998,False,38,79,4,8334416.405343128,0.11107775116975839,0.030036851707745837,0.10528397704826867,0.006842628413261025
choque_10pct_temporario,temporario,0.9,0.09999999999999998,False,38,79,5,8644370.617748749,0.09472112025751303,0.04549866276843284,0.09634453702465764,0.01046287295956584
choque_10pct_temporario,temporario,0.9,0.09999999999999998,False,38,79,6,8835248.408475388,0.08581523410453007,0.06397096585034223,0.09487348891234446,0.012654421751656937
choque_10pct_temporario,temporario,0.9,0.09999999999999998,False,38,79,7,8958651.972368967,0.08806989843431862,0.09019711676695841,0.10049518134286455,0.0134064375381352
choque_10pct_temporario,temporario,0.9,0.09999999999999998,False,38,79,8,8983735.906185124,0.09962117985537505,0.11029596022470534,0.11643817992384735,0.013135046472323738
choque_10pct_temporario,temporario,0.9,0.09999999999999998,False,38,79,9,8926237.216514654,0.1107342714102053,0.11894509813088305,0.13496890600754652,0.009613942726425712
choque_10pct_temporario,temporario,0.9,0.09999999999999998,False,38,79,10,8795273.39699511,0.12167595621767112,0.11582957750150946,0.1521255550153439,-0.0014525180191532362
choque_10pct_temporario,temporario,0.9,0.09999999999999998,False,38,79,11,8663807.697769232,0.13447693714163783,0.10249891789064325,0.16640060207391355,-0.010083322125805474
choque_10pct_temporario,temporario,0.9,0.09999999999999998,False,38,79,12,8649377.474520352,0.13563475334680838,0.08216395429527079,0.1740411805953849,-0.02271840474635207
choque_10pct_temporario,temporario,0.9,0.09999999999999998,False,38,79,13,8789246.971605854,0.13039949093887063,0.061733314329089684,0.17014284025174184,-0.02912455138445638
choque_10pct_temporario,temporario,0.9,0.09999999999999998,False,38,79,14,9079771.041827768,0.11582178299960158,0.045911041900546845,0.16016495717595922,-0.03320302838889954
choque_10pct_temporario,temporario,0.9,0.09999999999999998,False,38,79,15,9597879.312646274,0.09228511099317288,0.039820432122352756,0.14218176330554574,-0.02803488040600707
choque_10pct_temporario,temporario,0.9,0.09999999999999998,False,38,79,16,10208828.120458756,0.06366541291895156,0.051712764659014754,0.1217217468991029,-0.018831375493957154
choque_10pct_temporario,temporario,0.9,0.09999999999999998,False,38,79,17,10709649.557836248,0.0485448391273764,0.09051156351935452,0.10618687680697682,-0.007874795077630885
choque_10pct_temporario,temporario,0.9,0.09999999999999998,False,38,79,18,11009659.18392612,0.0488934262526067,0.15374960420680517,0.10711522873796603,0.009220037909436042
choque_10pct_temporario,temporario,0.9,0.09999999999999998,False,38,79,19,11173688.486923506,0.06332243488358501,0.2134864640253309,0.1311342044757755,0.017816526110319784
choque_10pct_temporario,temporario,0.9,0.09999999999999998,False,38,79,20,11199371.641410964,0.0791450634709292,0.24302329315074744,0.16237589044320003,0.01579353038750011
choque_10pct_temporario,temporario,0.9,0.09999999999999998,False,38,79,21,10963902.767951442,0.08791159793729932,0.2416234868660765,0.18196624536502776,0.006133774885061884
choque_10pct_temporario,temporario,0.9,0.09999999999999998,False,38,79,22,10686859.931917973,0.09816558739278448,0.2216456980506718,0.19531814896323454,-0.012538680238543508
choque_10pct_temporario,temporario,0.9,0.09999999999999998,False,38,79,23,10456370.028807469,0.10731796683227793,0.18794946900709175,0.2089671406896781,-0.030146967873686446
choque_10pct_temporario,temporario,0.9,0.09999999999999998,False,38,79,24,10477732.897323934,0.10041166065967524,0.14986226782803147,0.20986045082034607,-0.04643282848892275
choque_10pct_temporario,temporario,0.9,0.09999999999999998,False,38,79,25,10862600.155032799,0.08191984068070324,0.1220591193758449,0.19254064318390135,-0.05304769326249726
choque_10pct_temporario,temporario,0.9,0.09999999999999998,False,39,80,0,7609597.0,0.138,0.03,0.12063832026847152,0.010583740505574736
choque_10pct_temporario,temporario,0.9,0.09999999999999998,False,39,80,1,7652724.38733265,0.14039181650999813,0.030000000000000027,0.11859183719691781,0.007984885903803248
choque_10pct_temporario,temporario,0.9,0.09999999999999998,False,39,80,2,7808200.792774914,0.13522708141572493,0.02418544137591594,0.12034762689050274,0.005220372836864475
choque_10pct_temporario,temporario,0.9,0.09999999999999998,False,39,80,3,8035062.194423687,0.12596384584639977,0.02686556713124344,0.1127589891774157,0.007163916986414155
choque_10pct_temporario,temporario,0.9,0.09999999999999998,False,39,80,4,8339641.154430015,0.11184337766396084,0.029721019123407633,0.10672704748153952,0.005265422493528874
choque_10pct_temporario,temporario,0.9,0.09999999999999998,False,39,80,5,8596965.80667722,0.09744172137768675,0.044412195966737844,0.09867713732163955,0.012035727618717311
choque_10pct_temporario,temporario,0.9,0.09999999999999998,False,39,80,6,8771180.141212247,0.09031789640615491,0.06145917881836427,0.098459063895897,0.010768746458312715
choque_10pct_temporario,temporario,0.9,0.09999999999999998,False,39,80,7,8887076.445429036,0.09316237443139343,0.08553053577172776,0.10399361862168857,0.013689235437882788
choque_10pct_temporario,temporario,0.9,0.09999999999999998,False,39,80,8,8930711.758923726,0.09938320380809205,0.10179292963635844,0.11896135318936213,0.01223919731779695
choque_10pct_temporario,temporario,0.9,0.09999999999999998,False,39,80,9,8855837.001399616,0.11382857305551594,0.11177387749899204,0.13589108298583916,0.008162780272894974
choque_10pct_temporario,temporario,0.9,0.09999999999999998,False,39,80,10,8707569.636736836,0.12889608931329175,0.10739063414613814,0.15731100747494656,-0.004078619183479624
choque_10pct_temporario,temporario,0.9,0.09999999999999998,False,39,80,11,8589182.040153058,0.1386522368282993,0.0935066325588998,0.17101519186573444,-0.014395214508332525
choque_10pct_temporario,temporario,0.9,0.09999999999999998,False,39,80,12,8604772.734333059,0.13980301882220628,0.0743637441994629,0.17491226317411626,-0.021191634123432442
choque_10pct_temporario,temporario,0.9,0.09999999999999998,False,39,80,13,8757862.65252134,0.13053599482357128,0.05317688938736587,0.1704618590793104,-0.02881258203023915
choque_10pct_temporario,temporario,0.9,0.09999999999999998,False,39,80,14,9171830.740587799,0.10953979673274096,0.04020188380101786,0.15431252007466836,-0.030567957641232626
choque_10pct_temporario,temporario,0.9,0.09999999999999998,False,39,80,15,9766542.31254384,0.0827785751546974,0.03943798261930964,0.13403107949288867,-0.025981748438876975
choque_10pct_temporario,temporario,0.9,0.09999999999999998,False,39,80,16,10266317.861316489,0.058892713934848975,0.06004671992408417,0.1162687626963578,-0.016401122044028625
choque_10pct_temporario,temporario,0.9,0.09999999999999998,False,39,80,17,10688450.014894044,0.04818975035922665,0.10635047640129969,0.1051054572969079,-0.0024914169392239905
choque_10pct_temporario,temporario,0.9,0.09999999999999998,False,39,80,18,11073763.33252666,0.049525982793815246,0.170501869957842,0.1091230383069425,0.012880670949129805
choque_10pct_temporario,temporario,0.9,0.09999999999999998,False,39,80,19,11204890.561542457,0.06295388574505333,0.22625060178206335,0.13258526534829837,0.022255218238047526
choque_10pct_temporario,temporario,0.9,0.09999999999999998,False,39,80,20,11253985.370261118,0.07434972128898314,0.2506164149156631,0.16160921952321639,0.017660616203419553
choque_10pct_temporario,temporario,0.9,0.09999999999999998,False,39,80,21,10999562.610076144,0.09068362132314134,0.25064795079467594,0.18124381522396543,0.005044059724604811
choque_10pct_temporario,temporario,0.9,0.09999999999999998,False,39,80,22,10572712.345343731,0.10960983494925071,0.22281831154358334,0.2080023853500847,-0.013378061804425087
choque_10pct_temporario,temporario,0.9,0.09999999999999998,False,39,80,23,10259977.115458913,0.11944592671695886,0.18307387198426683,0.22299460186875558,-0.03673769336033419
choque_10pct_temporario,temporario,0.9,0.09999999999999998,False,39,80,24,10239900.256802347,0.11289306021629203,0.13897670357780267,0.2204048908574799,-0.0524343896843784
choque_10pct_temporario,temporario,0.9,0.09999999999999998,False,39,80,25,10606954.447611853,0.09300759677649366,0.10317306314983155,0.2024180901041075,-0.059728570880479476
choque_10pct_temporario,temporario,0.9,0.09999999999999998,False,40,81,0,7609597.0,0.138,0.03,0.12063832026847152,0.010583740505574736
choque_10pct_temporario,temporario,0.9,0.09999999999999998,False,40,81,1,7652724.38733265,0.14039181650999813,0.030000000000000027,0.11859183719691781,0.007984885903803248
choque_10pct_temporario,temporario,0.9,0.09999999999999998,False,40,81,2,7791795.83856827,0.13522708141572493,0.024180090599306148,0.1205498280887741,0.0038389432304243515
choque_10pct_temporario,temporario,0.9,0.09999999999999998,False,40,81,3,8075670.949947581,0.12380897409330736,0.02686445481971589,0.11098593246899349,0.00915771220492161
choque_10pct_temporario,temporario,0.9,0.09999999999999998,False,40,81,4,8342893.204058298,0.10814366766662828,0.030637668217898817,0.10456875380432996,0.007661717681852086
choque_10pct_temporario,temporario,0.9,0.09999999999999998,False,40,81,5,8608632.054551736,0.09704767392517928,0.047669162722120406,0.09721722990681778,0.010196786740786005
choque_10pct_temporario,temporario,0.9,0.09999999999999998,False,40,81,6,8786620.502909519,0.09314025842381093,0.06435166954777549,0.09933856455234658,0.010744720558098185
choque_10pct_temporario,temporario,0.9,0.09999999999999998,False,40,81,7,8895518.40119319,0.09373949536734957,0.08662615694921638,0.10516871161629476,0.011546041468177287
choque_10pct_temporario,temporario,0.9,0.09999999999999998,False,40,81,8,8936730.0250853,0.09954713773952321,0.10164523453997765,0.11770204216441278,0.010063626765805762
choque_10pct_temporario,temporario,0.9,0.09999999999999998,False,40,81,9,8901412.74922305,0.10947875937205394,0.11090067275792115,0.13307945487793776,0.006187285044501837
choque_10pct_temporario,temporario,0.9,0.09999999999999998,False,40,81,10,8799129.478984047,0.12302536826679798,0.106970621128607,0.1514732338352103,-0.0034458981969084407
choque_10pct_temporario,temporario,0.9,0.09999999999999998,False,40,81,11,8709794.57836302,0.1321392815920181,0.09502239257979128,0.16515641243252568,-0.01441249315838312
choque_10pct_temporario,temporario,0.9,0.09999999999999998,False,40,81,12,8736647.498625927,0.13280111781618295,0.07731851316084715,0.16962378203107245,-0.022664967164399336
choque_10pct_temporario,temporario,0.9,0.09999999999999998,False,40,81,13,8887896.874990039,0.12543209368378302,0.06145070275782727,0.16409231347252412,-0.02682001864958298
choque_10pct_temporario,temporario,0.9,0.09999999999999998,False,40,81,14,9273640.039876675,0.1022915061978671,0.0498315690379556,0.15023379204811962,-0.026564422636074725
choque_10pct_temporario,temporario,0.9,0.09999999999999998,False,40,81,15,9760848.673056733,0.08174469331590666,0.0522894518001793,0.13221211408767589,-0.021100678061866683
choque_10pct_temporario,temporario,0.9,0.09999999999999998,False,40,81,16,10238386.352119273,0.06309736686054021,0.07102050464752141,0.12025293783214518,-0.014950377346781793
choque_10pct_temporario,temporario,0.9,0.09999999999999998,False,40,81,17,10704416.56707355,0.05078398083581865,0.10947360122524263,0.11121741915825177,-0.001500838259285883
choque_10pct_temporario,temporario,0.9,0.09999999999999998,False,40,81,18,10950810.508731138,0.053553006713149144,0.1670990386805007,0.11440385952665845,0.01095614570464645
choque_10pct_temporario,temporario,0.9,0.09999999999999998,False,40,81,19,11095041.548916915,0.06994877176314701,0.214216493006403,0.13910054525961782,0.017363045493440477
choque_10pct_temporario,temporario,0.9,0.09999999999999998,False,40,81,20,11052117.796598455,0.08048644864310787,0.23175907920477412,0.16815858002359296,0.01131168251454063
choque_10pct_temporario,temporario,0.9,0.09999999999999998,False,40,81,21,10848517.068784872,0.09239557318291462,0.2279577630627927,0.18140273069470111,-0.0001381082407552573
choque_10pct_temporario,temporario,0.9,0.09999999999999998,False,40,81,22,10562010.063929489,0.10208417311765794,0.20315046052282093,0.2006442983243676,-0.019380893632649058
choque_10pct_temporario,temporario,0.9,0.09999999999999998,False,40,81,23,10423894.75037137,0.10699165664289043,0.17097442855974943,0.2089170898401038,-0.035938103950397794
choque_10pct_temporario,temporario,0.9,0.09999999999999998,False,40,81,24,10439095.823869998,0.10221685385197062,0.13684150187616373,0.2087219948720023,-0.052249537218195474
choque_10pct_temporario,temporario,0.9,0.09999999999999998,False,40,81,25,10928650.463445734,0.07974673929974985,0.11125808510137447,0.18987631852112877,-0.052586726737091485
choque_10pct_temporario,temporario,0.9,0.09999999999999998,False,41,82,0,7609597.0,0.138,0.03,0.12063832026847152,0.010583740505574736
choque_10pct_temporario,temporario,0.9,0.09999999999999998,False,41,82,1,7652724.38733265,0.14039181650999813,0.030000000000000027,0.11859183719691781,0.007984885903803248
choque_10pct_temporario,temporario,0.9,0.09999999999999998,False,41,82,2,7804161.342545421,0.13522708141572493,0.024181451857486325,0.12048374104937541,0.004463367105977549
choque_10pct_temporario,temporario,0.9,0.09999999999999998,False,41,82,3,8037306.605265866,0.12521985422798892,0.026870543244538414,0.11227156104350028,0.006428005564398915
choque_10pct_temporario,temporario,0.9,0.09999999999999998,False,41,82,4,8376623.174433023,0.11150345996583516,0.0300461811692454,0.1054722248192005,0.007758729041679784
choque_10pct_temporario,temporario,0.9,0.09999999999999998,False,41,82,5,8550247.694561174,0.09766375379350647,0.04440031216991991,0.10020855277178255,0.009695140538509924
choque_10pct_temporario,temporario,0.9,0.09999999999999998,False,41,82,6,8770465.132314522,0.09267750419605628,0.06175350550918135,0.09953431005326574,0.011189182923055352
choque_10pct_temporario,temporario,0.9,0.09999999999999998,False,41,82,7,8867727.324232489,0.09410667382515656,0.08401861154127643,0.10646768677375965,0.011066314395904223
choque_10pct_temporario,temporario,0.9,0.09999999999999998,False,41,82,8,8873255.635530634,0.10504234611080991,0.1008654714424213,0.12038925087026399,0.010286723965093137
choque_10pct_temporario,temporario,0.9,0.09999999999999998,False,41,82,9,8816265.58357968,0.1138134555039866,0.10700554778647864,0.1379577711521929,0.004360060393280153
choque_10pct_temporario,temporario,0.9,0.09999999999999998,False,41,82,10,8738129.219274953,0.12255224817176111,0.10454139914225924,0.15051511984267213,-0.0007895777365783919
choque_10pct_temporario,temporario,0.9,0.09999999999999998,False,41,82,11,8743854.26618026,0.12632968628413602,0.09194678824364977,0.15946357392546426,-0.0099191221680225
choque_10pct_temporario,temporario,0.9,0.09999999999999998,False,41,82,12,8785071.102887658,0.12372588071254197,0.07744303432108302,0.16274613037666721,-0.022004264518806865
choque_10pct_temporario,temporario,0.9,0.09999999999999998,False,41,82,13,8980315.39094965,0.11843710661318557,0.06374312331312937,0.15824834158762585,-0.024167655428199628
choque_10pct_temporario,temporario,0.9,0.09999999999999998,False,41,82,14,9381450.631689679,0.09908135610620974,0.05508795981445247,0.1468401417289298,-0.025259098675790573
choque_10pct_temporario,temporario,0.9,0.09999999999999998,False,41,82,15,9836789.151389005,0.07875462468578748,0.06028147120997063,0.13048968189082766,-0.01997604510216231
choque_10pct_temporario,temporario,0.9,0.09999999999999998,False,41,82,16,10269892.79013758,0.060338121370290335,0.08067309993835581,0.11939963620949288,-0.012139387290897209
choque_10pct_temporario,temporario,0.9,0.09999999999999998,False,41,82,17,10649975.40606704,0.05346517378139115,0.12225739779691636,0.11232944229911106,-0.0014762975779551823
choque_10pct_temporario,temporario,0.9,0.09999999999999998,False,41,82,18,10890002.413385795,0.058974928368683954,0.17211285934941278,0.12226726760184706,0.00876557564860198
choque_10pct_temporario,temporario,0.9,0.09999999999999998,False,41,82,19,11009739.220848728,0.07088446252735763,0.21084350256123252,0.14420822032067007,0.011846685900811725
choque_10pct_temporario,temporario,0.9,0.09999999999999998,False,41,82,20,11043171.329559932,0.07645753597746664,0.22342890976418306,0.16341416827992877,0.00990284460809433
choque_10pct_temporario,temporario,0.9,0.09999999999999998,False,41,82,21,10856004.776914963,0.08508258369524688,0.22370846042448833,0.1759550708459808,-0.0017150825639782933
choque_10pct_temporario,temporario,0.9,0.09999999999999998,False,41,82,22,10639030.532994874,0.09827613111571326,0.2039831589029959,0.19478995679738872,-0.01670601771422691
choque_10pct_temporario,temporario,0.9,0.09999999999999998,False,41,82,23,10527136.770549048,0.10251584051096206,0.17631040864090997,0.2055020523695161,-0.03125102399172715
choque_10pct_temporario,temporario,0.9,0.09999999999999998,False,41,82,24,10573111.387399271,0.09578775907129895,0.14541138349459026,0.20336659666365847,-0.04702610909686912
choque_10pct_temporario,temporario,0.9,0.09999999999999998,False,41,82,25,10987199.560959669,0.07681513173906597,0.12322101344941316,0.18649662219565075,-0.0448131281625373
choque_10pct_temporario,temporario,0.9,0.09999999999999998,False,42,83,0,7609597.0,0.138,0.03,0.12063832026847152,0.010583740505574736
choque_10pct_temporario,temporario,0.9,0.09999999999999998,False,42,83,1,7652724.38733265,0.14039181650999813,0.030000000000000027,0.11859183719691781,0.007984885903803248
choque_10pct_temporario,temporario,0.9,0.09999999999999998,False,42,83,2,7809911.119751594,0.13522708141572493,0.024186657377943677,0.12048474702435293,0.005776961624849792
choque_10pct_temporario,temporario,0.9,0.09999999999999998,False,42,83,3,8018061.038339455,0.12665789346615375,0.02685962375110229,0.11348078533846509,0.007979938804951722
choque_10pct_temporario,temporario,0.9,0.09999999999999998,False,42,83,4,8305617.180034985,0.11399259819694661,0.029405143029064273,0.10821630138304673,0.005959566471408082
choque_10pct_temporario,temporario,0.9,0.09999999999999998,False,42,83,5,8559459.370570581,0.09947994463656892,0.04354899479292018,0.10116819758327483,0.006674585026339032
choque_10pct_temporario,temporario,0.9,0.09999999999999998,False,42,83,6,8764045.425299883,0.09409583135660309,0.05913767837460315,0.10041585363818697,0.009809894221450307
choque_10pct_temporario,temporario,0.9,0.09999999999999998,False,42,83,7,8836701.828106586,0.0970827160455417,0.08037358406469419,0.10761897519492128,0.011053972661963462
choque_10pct_temporario,temporario,0.9,0.09999999999999998,False,42,83,8,8851994.458946202,0.10480610591745786,0.09508962183096648,0.12194389985647291,0.006419949544371095
choque_10pct_temporario,temporario,0.9,0.09999999999999998,False,42,83,9,8843627.14778142,0.11447561181150387,0.10208553033311896,0.13604317641173808,0.005609135068401727
choque_10pct_temporario,temporario,0.9,0.09999999999999998,False,42,83,10,8788677.561910344,0.12127247549949699,0.09802012789218773,0.1489430141903029,0.0001203799621784032
choque_10pct_temporario,temporario,0.9,0.09999999999999998,False,42,83,11,8800626.44079135,0.12026758771274845,0.08988250339587811,0.15517851469387117,-0.01108115707514136
choque_10pct_temporario,temporario,0.9,0.09999999999999998,False,42,83,12,8900300.209592985,0.12016902186885965,0.07815610705109388,0.15673892877995957,-0.017602192386938602
choque_10pct_temporario,temporario,0.9,0.09999999999999998,False,42,83,13,9031599.921908237,0.11550638926023324,0.06870503322311095,0.15654947229377159,-0.0206792033091419
choque_10pct_temporario,temporario,0.9,0.09999999999999998,False,42,83,14,9279207.586803792,0.10218620935078396,0.06201806230113349,0.1498743311803668,-0.025702535508857174
choque_10pct_temporario,temporario,0.9,0.09999999999999998,False,42,83,15,9798871.835276283,0.08047974339587768,0.06530790988693935,0.13353624626680732,-0.0212603780696084
choque_10pct_temporario,temporario,0.9,0.09999999999999998,False,42,83,16,10314263.1693432,0.058855027189441994,0.08449731487730716,0.1177409290368323,-0.011181128020444528
choque_10pct_temporario,temporario,0.9,0.09999999999999998,False,42,83,17,10667187.878029948,0.04847825453409535,0.1257168981602388,0.10882348490280991,-0.0006130377301329335
choque_10pct_temporario,temporario,0.9,0.09999999999999998,False,42,83,18,11039475.812193274,0.053126901828153654,0.18313441450852364,0.11332412546381133,0.012614148513278346
choque_10pct_temporario,temporario,0.9,0.09999999999999998,False,42,83,19,11102436.500438703,0.06599967585191391,0.2267655544795173,0.14107037142303874,0.01615844212192933
choque_10pct_temporario,temporario,0.9,0.09999999999999998,False,42,83,20,11107443.691963427,0.07926270624993192,0.2436802314093971,0.16461425452928433,0.013765678003920699
choque_10pct_temporario,temporario,0.9,0.09999999999999998,False,42,83,21,10874025.815868938,0.09018328099813451,0.2361170740633085,0.18440832241762975,-0.0005378053878014156
choque_10pct_temporario,temporario,0.9,0.09999999999999998,False,42,83,22,10522265.160154603,0.10838605997635908,0.21273944140099377,0.20315491243345984,-0.020862999023392184
choque_10pct_temporario,temporario,0.9,0.09999999999999998,False,42,83,23,10265959.259112949,0.11757083167395113,0.17244233967301525,0.22025618092190574,-0.04063790661699599
choque_10pct_temporario,temporario,0.9,0.09999999999999998,False,42,83,24,10320141.47029192,0.10916606934709024,0.13310950476447947,0.21425747653886099,-0.055690160909090416
choque_10pct_temporario,temporario,0.9,0.09999999999999998,False,42,83,25,10732010.86807136,0.08566841643196593,0.1005677909797833,0.19445703866799202,-0.058066375822461165
choque_10pct_temporario,temporario,0.9,0.09999999999999998,False,43,84,0,7609597.0,0.138,0.03,0.12063832026847152,0.010583740505574736
choque_10pct_temporario,temporario,0.9,0.09999999999999998,False,43,84,1,7652724.38733265,0.14039181650999813,0.030000000000000027,0.11859183719691781,0.007984885903803248
choque_10pct_temporario,temporario,0.9,0.09999999999999998,False,43,84,2,7810811.761430795,0.13522708141572493,0.024182515913943492,0.1203253310066372,0.004817003313949821
choque_10pct_temporario,temporario,0.9,0.09999999999999998,False,43,84,3,8019206.633895097,0.1253927685392432,0.026857880032511217,0.11300784677369528,0.004979565564166392
choque_10pct_temporario,temporario,0.9,0.09999999999999998,False,43,84,4,8368616.786595549,0.11060214541053523,0.02994788564086881,0.10499444770872926,0.006099185562851557
choque_10pct_temporario,temporario,0.9,0.09999999999999998,False,43,84,5,8612913.741950447,0.09393061889855056,0.04638642929060688,0.0962539516767838,0.009202212614944054
choque_10pct_temporario,temporario,0.9,0.09999999999999998,False,43,84,6,8856597.181942597,0.08669130587524577,0.06485998260046455,0.09508612036546658,0.011472368151787718
choque_10pct_temporario,temporario,0.9,0.09999999999999998,False,43,84,7,8929233.744399026,0.09209931631176518,0.09101070942843248,0.10252590505610855,0.015805370627964863
choque_10pct_temporario,temporario,0.9,0.09999999999999998,False,43,84,8,8919897.252274415,0.10323592156775271,0.1057178637671623,0.1217989188020953,0.012692290804379367
choque_10pct_temporario,temporario,0.9,0.09999999999999998,False,43,84,9,8847047.815083247,0.11518622491433382,0.11358580026022636,0.13877713174154221,0.008095886502086652
choque_10pct_temporario,temporario,0.9,0.09999999999999998,False,43,84,10,8730059.44497256,0.12677292831013695,0.1070791136141036,0.15617054949280001,-0.002532059514494749
choque_10pct_temporario,temporario,0.9,0.09999999999999998,False,43,84,11,8596950.945711538,0.13736281164977365,0.09371762991776134,0.16988392242787428,-0.014675922411534625
choque_10pct_temporario,temporario,0.9,0.09999999999999998,False,43,84,12,8550359.449767929,0.1418545976410652,0.07469556371188846,0.17727524422050447,-0.025609733852325536
choque_10pct_temporario,temporario,0.9,0.09999999999999998,False,43,84,13,8736636.766726306,0.1338520236736825,0.054873996229351185,0.17128748635097668,-0.033654934089614695
choque_10pct_temporario,temporario,0.9,0.09999999999999998,False,43,84,14,9213032.624917133,0.11305897344935928,0.039337709548599165,0.15467730767697124,-0.03422196789447326
choque_10pct_temporario,temporario,0.9,0.09999999999999998,False,43,84,15,9869211.991124183,0.08433967008934032,0.03564610099625831,0.13399743955351134,-0.024139695128335917
choque_10pct_temporario,temporario,0.9,0.09999999999999998,False,43,84,16,10117329.266832648,0.06747331199717524,0.05420731527019407,0.12173842449484046,-0.015896529320850557
choque_10pct_temporario,temporario,0.9,0.09999999999999998,False,43,84,17,10500150.611953637,0.05924742220441862,0.09037588435732324,0.11750249616186494,-0.011877017824876426
choque_10pct_temporario,temporario,0.9,0.09999999999999998,False,43,84,18,10866727.910697546,0.0578545228849128,0.13898232596754934,0.1199647168466269,0.0013628880987938904
choque_10pct_temporario,temporario,0.9,0.09999999999999998,False,43,84,19,11168254.981817026,0.06020203296084286,0.1857484512586931,0.1309698945883406,0.007773745195000101
choque_10pct_temporario,temporario,0.9,0.09999999999999998,False,43,84,20,11176343.089063125,0.06811025924719812,0.2196475855858695,0.1482777773269355,0.013335565840985055
choque_10pct_temporario,temporario,0.9,0.09999999999999998,False,43,84,21,11151923.608077025,0.07592417880885977,0.2346454438350658,0.16685409765347053,0.007887407963005038
choque_10pct_temporario,temporario,0.9,0.09999999999999998,False,43,84,22,10972338.080778807,0.08750655385837151,0.2278731374482612,0.1842285754721346,-0.002301625485290082
choque_10pct_temporario,temporario,0.9,0.09999999999999998,False,43,84,23,10835470.909690969,0.09553740927779619,0.20653557796230682,0.1989821125143876,-0.019363809824480882
choque_10pct_temporario,temporario,0.9,0.09999999999999998,False,43,84,24,10673651.341023201,0.09844145850257624,0.17590658152552408,0.20816362820915552,-0.03530914125264382
choque_10pct_temporario,temporario,0.9,0.09999999999999998,False,43,84,25,10802416.668150242,0.09151549231337665,0.14789194868181266,0.2041705007015688,-0.04885513570655193
choque_10pct_temporario,temporario,0.9,0.09999999999999998,False,44,85,0,7609597.0,0.138,0.03,0.12063832026847152,0.010583740505574736
choque_10pct_temporario,temporario,0.9,0.09999999999999998,False,44,85,1,7652724.38733265,0.14039181650999813,0.030000000000000027,0.11859183719691781,0.007984885903803248
choque_10pct_temporario,temporario,0.9,0.09999999999999998,False,44,85,2,7807316.642150581,0.13522708141572493,0.02418726956457662,0.12045697700954835,0.00614458450597104
choque_10pct_temporario,temporario,0.9,0.09999999999999998,False,44,85,3,8024777.877599951,0.12522467831065154,0.026840922670184897,0.11319498608561496,0.007415745857610678
choque_10pct_temporario,temporario,0.9,0.09999999999999998,False,44,85,4,8323193.018146642,0.11403624152876227,0.030038288331314833,0.10781530558373625,0.004971503868447743
choque_10pct_temporario,temporario,0.9,0.09999999999999998,False,44,85,5,8563524.44876052,0.10216233241640747,0.043092934805424976,0.10233488660781505,0.008224940893068935
choque_10pct_temporario,temporario,0.9,0.09999999999999998,False,44,85,6,8749999.41189265,0.09397497960692455,0.05798675310103274,0.10192700876630315,0.011123088081593019
choque_10pct_temporario,temporario,0.9,0.09999999999999998,False,44,85,7,8823207.09214696,0.09852637986796077,0.0794940554750958,0.10811795582776419,0.009942745913384005
choque_10pct_temporario,temporario,0.9,0.09999999999999998,False,44,85,8,8791652.165083507,0.11091944195881556,0.09332336938752173,0.12532273595825139,0.007794110692395088
choque_10pct_temporario,temporario,0.9,0.09999999999999998,False,44,85,9,8794804.067257764,0.11805793660390877,0.09793003259415256,0.139047673643941,0.003262450883013903
choque_10pct_temporario,temporario,0.9,0.09999999999999998,False,44,85,10,8770947.316592826,0.12331702613722574,0.09290980503059587,0.150065530757315,-0.006305871396463202
choque_10pct_temporario,temporario,0.9,0.09999999999999998,False,44,85,11,8733467.426632289,0.12986627119734476,0.0818232528444296,0.16035772543574045,-0.01680898321706158
choque_10pct_temporario,temporario,0.9,0.09999999999999998,False,44,85,12,8804769.222239306,0.1315065155299811,0.06777009990914551,0.1647478385547427,-0.023017077648534914
choque_10pct_temporario,temporario,0.9,0.09999999999999998,False,44,85,13,8950600.718121689,0.12278281526827027,0.05528530684419697,0.16115465930882966,-0.028906317954443227
choque_10pct_temporario,temporario,0.9,0.09999999999999998,False,44,85,14,9345926.297424074,0.10425197294095978,0.0465202672056948,0.14736538190203585,-0.028135772176808113
choque_10pct_temporario,temporario,0.9,0.09999999999999998,False,44,85,15,9954729.112712337,0.07725724507458381,0.05105040752498047,0.12830302935071553,-0.021079907885300227
choque_10pct_temporario,temporario,0.9,0.09999999999999998,False,44,85,16,10317852.276261887,0.06085653903434954,0.07589196935283016,0.11528845818857997,-0.01342846382981333
choque_10pct_temporario,temporario,0.9,0.09999999999999998,False,44,85,17,10703635.46623167,0.050350101195598414,0.11915680846416521,0.11045693943422918,-0.0008895495045664217
choque_10pct_temporario,temporario,0.9,0.09999999999999998,False,44,85,18,11031927.937176654,0.05321057487269017,0.1780788261300057,0.11378458988573396,0.01094045471451351
choque_10pct_temporario,temporario,0.9,0.09999999999999998,False,44,85,19,11145128.07986647,0.06803296932681466,0.2254182702573999,0.1394205657142843,0.01600694043057198
choque_10pct_temporario,temporario,0.9,0.09999999999999998,False,44,85,20,10992598.50826996,0.08873097466875543,0.2409132685653086,0.17217967650525215,0.012037975910676896
choque_10pct_temporario,temporario,0.9,0.09999999999999998,False,44,85,21,10667077.632226368,0.10420048671930253,0.22681008849820783,0.1971606843587053,-0.005994192843645026
choque_10pct_temporario,temporario,0.9,0.09999999999999998,False,44,85,22,10324172.747756533,0.11552999180071388,0.19408842002843696,0.21182223799535346,-0.026571609747989243
choque_10pct_temporario,temporario,0.9,0.09999999999999998,False,44,85,23,10218722.925494302,0.11611712440101644,0.15268476164713918,0.21641370456810083,-0.046651158669141095
choque_10pct_temporario,temporario,0.9,0.09999999999999998,False,44,85,24,10409822.120216385,0.1030630499766179,0.11549548538155063,0.2057954394152569,-0.05360245838933319
choque_10pct_temporario,temporario,0.9,0.09999999999999998,False,44,85,25,11022785.593273347,0.07332667934967695,0.09117703206221739,0.18246750140102075,-0.05477470551032427
choque_10pct_temporario,temporario,0.9,0.09999999999999998,False,45,86,0,7609597.0,0.138,0.03,0.12063832026847152,0.010583740505574736
choque_10pct_temporario,temporario,0.9,0.09999999999999998,False,45,86,1,7652724.38733265,0.14039181650999813,0.030000000000000027,0.11859183719691781,0.007984885903803248
choque_10pct_temporario,temporario,0.9,0.09999999999999998,False,45,86,2,7804821.945893089,0.13522708141572493,0.024181660520726123,0.1204409798147925,0.004452771995248942
choque_10pct_temporario,temporario,0.9,0.09999999999999998,False,45,86,3,8054069.1350224465,0.12563695437298492,0.026768397176334613,0.11233442999303887,0.004438612209676164
choque_10pct_temporario,temporario,0.9,0.09999999999999998,False,45,86,4,8369146.936572825,0.11160588803108798,0.029904714004077126,0.1059762311345866,0.004618977743506862
choque_10pct_temporario,temporario,0.9,0.09999999999999998,False,45,86,5,8603239.09006856,0.09593947348548101,0.045150974780860054,0.09831806771301262,0.010093178011157028
choque_10pct_temporario,temporario,0.9,0.09999999999999998,False,45,86,6,8772926.788807124,0.0916772315079193,0.0629427974661696,0.09773682022880925,0.010166107374285761
choque_10pct_temporario,temporario,0.9,0.09999999999999998,False,45,86,7,8915974.457276424,0.09205035657037773,0.08517529977639393,0.10447538689263426,0.011097960924518339
choque_10pct_temporario,temporario,0.9,0.09999999999999998,False,45,86,8,8937436.487791002,0.0999715688764821,0.10259927740875319,0.11761734546585141,0.012805930008372525
choque_10pct_temporario,temporario,0.9,0.09999999999999998,False,45,86,9,8882411.64861551,0.1112358579084446,0.11087876045479939,0.13524652732568218,0.0079616987311933
choque_10pct_temporario,temporario,0.9,0.09999999999999998,False,45,86,10,8768548.466949355,0.12401243012284256,0.10838568677234206,0.15322033029136933,-0.0013803946226498985
choque_10pct_temporario,temporario,0.9,0.09999999999999998,False,45,86,11,8653893.660998406,0.13493071167246645,0.09706033788557589,0.16688114296461942,-0.011859285118898786
choque_10pct_temporario,temporario,0.9,0.09999999999999998,False,45,86,12,8619136.226310791,0.1360601302192445,0.0794672228997848,0.17294123737476969,-0.024521016842866197
choque_10pct_temporario,temporario,0.9,0.09999999999999998,False,45,86,13,8843882.042345766,0.1265126810824806,0.06073776129693287,0.16576787482681876,-0.029314327740978745
choque_10pct_temporario,temporario,0.9,0.09999999999999998,False,45,86,14,9251688.44306142,0.10575161859663294,0.04691157240330779,0.15113828418259231,-0.02740695885396697
choque_10pct_temporario,temporario,0.9,0.09999999999999998,False,45,86,15,9783521.625221124,0.081317008140186,0.04672863247049852,0.13277014144639407,-0.022138115520752975
choque_10pct_temporario,temporario,0.9,0.09999999999999998,False,45,86,16,10224675.300313262,0.06121971935624331,0.06585750621891306,0.11845539915288665,-0.01464999495244305
choque_10pct_temporario,temporario,0.9,0.09999999999999998,False,45,86,17,10659093.18383948,0.05069804540528759,0.10695016201508678,0.10980664098729005,-0.006509936922546226
choque_10pct_temporario,temporario,0.9,0.09999999999999998,False,45,86,18,11033342.60639856,0.05117241267727259,0.1664421086132517,0.11197716327419567,0.011194340776386976
choque_10pct_temporario,temporario,0.9,0.09999999999999998,False,45,86,19,11181335.548467614,0.06072131049907142,0.21844375833977958,0.13277135211209512,0.018388530670755066
choque_10pct_temporario,temporario,0.9,0.09999999999999998,False,45,86,20,11190611.547170408,0.07867497721701415,0.24732615488371046,0.15927517907318625,0.015770302725150082
choque_10pct_temporario,temporario,0.9,0.09999999999999998,False,45,86,21,10893247.936322827,0.09432951179748014,0.2416967702547752,0.18789193079586322,0.003593903677204068
choque_10pct_temporario,temporario,0.9,0.09999999999999998,False,45,86,22,10604806.40972889,0.10373828583272615,0.2167445073513219,0.20226188575663673,-0.01414091771707721
choque_10pct_temporario,temporario,0.9,0.09999999999999998,False,45,86,23,10367520.882104892,0.10854444426459756,0.17938719522698943,0.211870779108687,-0.03487262458793112
choque_10pct_temporario,temporario,0.9,0.09999999999999998,False,45,86,24,10453074.410811823,0.1014363907355995,0.14237293571853882,0.20921740501242747,-0.052107865484273444
choque_10pct_temporario,temporario,0.9,0.09999999999999998,False,45,86,25,10779551.257470133,0.08355138058345889,0.1132766770120126,0.19369701276307122,-0.0531009111466968
choque_10pct_temporario,temporario,0.9,0.09999999999999998,False,46,87,0,7609597.0,0.138,0.03,0.12063832026847152,0.010583740505574736
choque_10pct_temporario,temporario,0.9,0.09999999999999998,False,46,87,1,7652724.38733265,0.14039181650999813,0.030000000000000027,0.11859183719691781,0.007984885903803248
choque_10pct_temporario,temporario,0.9,0.09999999999999998,False,46,87,2,7799057.932954765,0.13522708141572493,0.02417880353602997,0.12044503908376385,0.003936019571987566
choque_10pct_temporario,temporario,0.9,0.09999999999999998,False,46,87,3,8061381.212170868,0.12405664699595019,0.026876224925362457,0.11158195730001623,0.009199841516495342
choque_10pct_temporario,temporario,0.9,0.09999999999999998,False,46,87,4,8340000.641661577,0.109250903028756,0.030534198898975573,0.10527597395173473,0.00863498322432612
choque_10pct_temporario,temporario,0.9,0.09999999999999998,False,46,87,5,8560513.023440218,0.09844990218803486,0.046402795529271845,0.09942083827272585,0.013354182445033653
choque_10pct_temporario,temporario,0.9,0.09999999999999998,False,46,87,6,8749692.127924122,0.09340182483264357,0.06270467376449051,0.10154421530703253,0.01303592303151216
choque_10pct_temporario,temporario,0.9,0.09999999999999998,False,46,87,7,8798437.787040679,0.09933795183709122,0.08488112555223637,0.109930762665867,0.012022878458012561
choque_10pct_temporario,temporario,0.9,0.09999999999999998,False,46,87,8,8766105.761586366,0.11159969770096582,0.09678880801644074,0.12806350451079634,0.0048719032792786535
choque_10pct_temporario,temporario,0.9,0.09999999999999998,False,46,87,9,8740097.986877806,0.1214611519987188,0.10032427070646999,0.14178461790722924,0.0033305110973507156
choque_10pct_temporario,temporario,0.9,0.09999999999999998,False,46,87,10,8729082.698682934,0.12229784771332455,0.092581941823213,0.15123538701864508,-0.0038613619253128066
choque_10pct_temporario,temporario,0.9,0.09999999999999998,False,46,87,11,8797553.721972909,0.12026642575668386,0.0834192162038645,0.1533063886740687,-0.011490340139815685
choque_10pct_temporario,temporario,0.9,0.09999999999999998,False,46,87,12,8858014.452335782,0.1195487238144751,0.07256585601601584,0.1561873779973369,-0.01979239032126843
choque_10pct_temporario,temporario,0.9,0.09999999999999998,False,46,87,13,9078931.896628546,0.11135385823765007,0.06263904195034597,0.1529068201691858,-0.021945312371629614
choque_10pct_temporario,temporario,0.9,0.09999999999999998,False,46,87,14,9457157.93731041,0.09553569290809348,0.05996103081807602,0.14261159620497427,-0.024303705901163028
choque_10pct_temporario,temporario,0.9,0.09999999999999998,False,46,87,15,9850229.568825303,0.07878415996935902,0.06726730644465118,0.12973428948178717,-0.01658003181492441
choque_10pct_temporario,temporario,0.9,0.09999999999999998,False,46,87,16,10367562.576381238,0.05859518259492386,0.0898793065877892,0.11807607011746989,-0.011182864988852253
choque_10pct_temporario,temporario,0.9,0.09999999999999998,False,46,87,17,10684490.681875635,0.05298820578132627,0.13251014812567563,0.11072072185672353,0.0032302298706974593
choque_10pct_temporario,temporario,0.9,0.09999999999999998,False,46,87,18,10913017.337946635,0.05864506202031165,0.1829831540415845,0.12296886015971974,0.012043854530243335
choque_10pct_temporario,temporario,0.9,0.09999999999999998,False,46,87,19,11002215.443818972,0.07185971728436993,0.21752976470226382,0.14676421331175765,0.012622112777021008
choque_10pct_temporario,temporario,0.9,0.09999999999999998,False,46,87,20,10898246.867260072,0.08378594071302958,0.22917947182460008,0.16985925941703298,0.0042019210591184575
choque_10pct_temporario,temporario,0.9,0.09999999999999998,False,46,87,21,10722938.38127575,0.09159743386161688,0.21787193910124647,0.18494400451291076,-0.004867055938059807
choque_10pct_temporario,temporario,0.9,0.09999999999999998,False,46,87,22,10514968.082723826,0.10048628271982031,0.19536299228028797,0.19726403660408065,-0.022604864079032137
choque_10pct_temporario,temporario,0.9,0.09999999999999998,False,46,87,23,10346662.003915614,0.10570889435053013,0.16376844505802746,0.20831873221433952,-0.04138558906826025
choque_10pct_temporario,temporario,0.9,0.09999999999999998,False,46,87,24,10524383.908222223,0.0955835545038788,0.13261753278170763,0.20203360617928143,-0.05100694717120998
choque_10pct_temporario,temporario,0.9,0.09999999999999998,False,46,87,25,11122766.671722602,0.06893915811648647,0.11205182442364392,0.18023250144671757,-0.051098082066411005
choque_10pct_temporario,temporario,0.9,0.09999999999999998,False,47,88,0,7609597.0,0.138,0.03,0.12063832026847152,0.010583740505574736
choque_10pct_temporario,temporario,0.9,0.09999999999999998,False,47,88,1,7652724.38733265,0.14039181650999813,0.030000000000000027,0.11859183719691781,0.007984885903803248
choque_10pct_temporario,temporario,0.9,0.09999999999999998,False,47,88,2,7808631.364526237,0.13523419500888026,0.02417618686562495,0.12038232720780183,0.002896805755014863
choque_10pct_temporario,temporario,0.9,0.09999999999999998,False,47,88,3,8052859.520215026,0.1263795441160846,0.026869213399270064,0.11216218388148072,0.0031332543447060643
choque_10pct_temporario,temporario,0.9,0.09999999999999998,False,47,88,4,8400373.818193762,0.10703699749929799,0.02958760648219072,0.10359226048046012,0.009143811631612814
choque_10pct_temporario,temporario,0.9,0.09999999999999998,False,47,88,5,8673407.142292095,0.09136742744212711,0.04827715334044913,0.09366302788546789,0.011802497195140425
choque_10pct_temporario,temporario,0.9,0.09999999999999998,False,47,88,6,8733335.632029992,0.09197683058359261,0.06769204635420056,0.09845158805574546,0.012860156425230687
choque_10pct_temporario,temporario,0.9,0.09999999999999998,False,47,88,7,8847179.012053866,0.0966156379760444,0.09029404600849067,0.10918233123420301,0.01581380928066791
choque_10pct_temporario,temporario,0.9,0.09999999999999998,False,47,88,8,8838643.974160494,0.10763223784865529,0.10334858437606487,0.12573718750186813,0.009937491196850617
choque_10pct_temporario,temporario,0.9,0.09999999999999998,False,47,88,9,8691166.29852267,0.12370394387471306,0.10766858717244521,0.14575789517046223,0.004075619261298605
choque_10pct_temporario,temporario,0.9,0.09999999999999998,False,47,88,10,8590975.289326442,0.13569239855929138,0.09777200116238571,0.16254508672047152,-0.006912682685470964
choque_10pct_temporario,temporario,0.9,0.09999999999999998,False,47,88,11,8531660.592041409,0.13974573304327495,0.08154902771398653,0.17120851744365814,-0.020640462059144268
choque_10pct_temporario,temporario,0.9,0.09999999999999998,False,47,88,12,8577541.991479106,0.1383480966898282,0.06111333395640317,0.17240074069972666,-0.029063930904210892
choque_10pct_temporario,temporario,0.9,0.09999999999999998,False,47,88,13,8952859.319313677,0.1195135296228676,0.04377195292791081,0.15876395163777407,-0.030454141549418723
choque_10pct_temporario,temporario,0.9,0.09999999999999998,False,47,88,14,9517107.890715031,0.09425952674579235,0.038171442193134064,0.13815243957649495,-0.02599250940128301
choque_10pct_temporario,temporario,0.9,0.09999999999999998,False,47,88,15,9986360.991961751,0.06947626501974842,0.04786363811861061,0.12158673436613471,-0.01576201085697062
choque_10pct_temporario,temporario,0.9,0.09999999999999998,False,47,88,16,10404278.880234644,0.05362441230542189,0.08087612518975806,0.10950523833945264,-0.005504060526338636
choque_10pct_temporario,temporario,0.9,0.09999999999999998,False,47,88,17,10722020.52786176,0.05408855509990885,0.13640797487172573,0.10886058343379165,0.004228292721071522
choque_10pct_temporario,temporario,0.9,0.09999999999999998,False,47,88,18,10989766.713380532,0.06455955952676565,0.18798248763613779,0.12882846987522784,0.011120838448709236
choque_10pct_temporario,temporario,0.9,0.09999999999999998,False,47,88,19,11021592.6949647,0.07524794022115591,0.21956957286873124,0.15238856752931154,0.015007974204338342
choque_10pct_temporario,temporario,0.9,0.09999999999999998,False,47,88,20,10880728.913749518,0.08452833349827173,0.22497536751897051,0.1714723054985094,0.008563273519693807
choque_10pct_temporario,temporario,0.9,0.09999999999999998,False,47,88,21,10658109.50492194,0.09809100628887252,0.21385265583191448,0.18904852453451043,-0.007245429954492679
choque_10pct_temporario,temporario,0.9,0.09999999999999998,False,47,88,22,10349419.826755617,0.1132222022295271,0.18492714793954868,0.20976809337007665,-0.026987769734045194
choque_10pct_temporario,temporario,0.9,0.09999999999999998,False,47,88,23,10208607.246184552,0.11527222948839255,0.1502680430095571,0.21756130688362393,-0.046062977019761246
choque_10pct_temporario,temporario,0.9,0.09999999999999998,False,47,88,24,10403959.918166988,0.10193988748099682,0.11495886604317285,0.20694688533554897,-0.05793859619275075
choque_10pct_temporario,temporario,0.9,0.09999999999999998,False,47,88,25,11104976.787127864,0.07215277558588733,0.09378066861719891,0.1804361427444604,-0.05544320619946163
choque_10pct_temporario,temporario,0.9,0.09999999999999998,False,48,89,0,7609597.0,0.138,0.03,0.12063832026847152,0.010583740505574736
choque_10pct_temporario,temporario,0.9,0.09999999999999998,False,48,89,1,7652724.38733265,0.14039181650999813,0.030000000000000027,0.11859183719691781,0.007984885903803248
choque_10pct_temporario,temporario,0.9,0.09999999999999998,False,48,89,2,7788745.534371189,0.13522725419176146,0.024165029508418367,0.12051410624778447,0.0004695602660518319
choque_10pct_temporario,temporario,0.9,0.09999999999999998,False,48,89,3,8119351.715349137,0.1231283471989342,0.0269347042854573,0.10961603161549026,0.006568009040158408
choque_10pct_temporario,temporario,0.9,0.09999999999999998,False,48,89,4,8407795.74756418,0.10437202362240687,0.030987716684738098,0.10167342605621753,0.009470362556327314
choque_10pct_temporario,temporario,0.9,0.09999999999999998,False,48,89,5,8661699.424718726,0.0919342655470856,0.05091331860821602,0.09374468019031348,0.011538306837494797
choque_10pct_temporario,temporario,0.9,0.09999999999999998,False,48,89,6,8786223.243863644,0.09078315158273592,0.0699354032492614,0.09805459525410816,0.01340069687063172
choque_10pct_temporario,temporario,0.9,0.09999999999999998,False,48,89,7,8847247.901858611,0.09746991057401247,0.09345285666989112,0.10905188863021106,0.010575121586928768
choque_10pct_temporario,temporario,0.9,0.09999999999999998,False,48,89,8,8844654.749772005,0.10880752908446652,0.10546510978766133,0.1256193085792806,0.007436456569079654
choque_10pct_temporario,temporario,0.9,0.09999999999999998,False,48,89,9,8775279.586422294,0.11680120931153228,0.10836914348740634,0.14086798866051287,0.0036745197896810157
choque_10pct_temporario,temporario,0.9,0.09999999999999998,False,48,89,10,8742792.797088204,0.12366030816579787,0.1002514663308276,0.15303308841872834,-0.005093633877617276
choque_10pct_temporario,temporario,0.9,0.09999999999999998,False,48,89,11,8652573.941421505,0.13256410157091264,0.08697705789155763,0.16487025744075964,-0.015605521870466784
choque_10pct_temporario,temporario,0.9,0.09999999999999998,False,48,89,12,8701627.736699043,0.1340641928264214,0.06731712143583013,0.17073146274273301,-0.024560510188724342
choque_10pct_temporario,temporario,0.9,0.09999999999999998,False,48,89,13,8876715.788703835,0.12483523358837166,0.053781670830935546,0.16433761204911598,-0.02748872844822397
choque_10pct_temporario,temporario,0.9,0.09999999999999998,False,48,89,14,9257593.468105072,0.10654898693096758,0.043293404351465004,0.15038665751614885,-0.029247154740361915
choque_10pct_temporario,temporario,0.9,0.09999999999999998,False,48,89,15,9912319.89942757,0.08115927445492692,0.04739006728748563,0.1306509930972943,-0.02397010467781367
choque_10pct_temporario,temporario,0.9,0.09999999999999998,False,48,89,16,10266352.667547956,0.05815766215254063,0.0687769790334749,0.11662909335257418,-0.013375803052910275
choque_10pct_temporario,temporario,0.9,0.09999999999999998,False,48,89,17,10748354.301215714,0.05148545607535314,0.11531262563021882,0.10734109188792824,-0.0040550467833833335
choque_10pct_temporario,temporario,0.9,0.09999999999999998,False,48,89,18,10962529.070554381,0.05831829998283497,0.1707599684706187,0.11969867871510785,0.010792415141938648
choque_10pct_temporario,temporario,0.9,0.09999999999999998,False,48,89,19,11044398.09919227,0.0721500491343916,0.21278146864362402,0.14544688601152916,0.02005518334760673
choque_10pct_temporario,temporario,0.9,0.09999999999999998,False,48,89,20,10927639.733960714,0.08376342176477536,0.22801413206755972,0.16979157701794118,0.011891726986285015
choque_10pct_temporario,temporario,0.9,0.09999999999999998,False,48,89,21,10761888.652812865,0.0943124227761851,0.21937037541253934,0.1852405238152605,-0.00273231309116388
choque_10pct_temporario,temporario,0.9,0.09999999999999998,False,48,89,22,10484700.741301168,0.10568637557765521,0.19460836009715599,0.20225316935918844,-0.020426064558071198
choque_10pct_temporario,temporario,0.9,0.09999999999999998,False,48,89,23,10355993.103362825,0.10975293331602723,0.16128601341568682,0.21086589702459468,-0.040126991129708134
choque_10pct_temporario,temporario,0.9,0.09999999999999998,False,48,89,24,10534498.780569501,0.0966472490890755,0.12953911324444323,0.20246063748119605,-0.049927249581696004
choque_10pct_temporario,temporario,0.9,0.09999999999999998,False,48,89,25,11045443.301736275,0.07080303183949793,0.108108460780866,0.18139648469264513,-0.04953646660022798
choque_10pct_temporario,temporario,0.9,0.09999999999999998,False,49,90,0,7609597.0,0.138,0.03,0.12063832026847152,0.010583740505574736
choque_10pct_temporario,temporario,0.9,0.09999999999999998,False,49,90,1,7652724.38733265,0.14039181650999813,0.030000000000000027,0.11859183719691781,0.007984885903803248
choque_10pct_temporario,temporario,0.9,0.09999999999999998,False,49,90,2,7804470.642565256,0.1352287573883706,0.024185215647746894,0.12049000488927616,0.005359312760191275
choque_10pct_temporario,temporario,0.9,0.09999999999999998,False,49,90,3,8027849.345759442,0.1255655841411258,0.02684832952137417,0.1125648952498083,0.005585819163961917
choque_10pct_temporario,temporario,0.9,0.09999999999999998,False,49,90,4,8330622.934927858,0.11098565448723459,0.029926568407220522,0.10519451870298377,0.006937813528235144
choque_10pct_temporario,temporario,0.9,0.09999999999999998,False,49,90,5,8651688.293865817,0.09307686033703655,0.046029472924373316,0.09510360391783944,0.01174425857715865
choque_10pct_temporario,temporario,0.9,0.09999999999999998,False,49,90,6,8907620.708601518,0.08311754161417448,0.06508737328524683,0.09312607264212508,0.018251642929062027
choque_10pct_temporario,temporario,0.9,0.09999999999999998,False,49,90,7,8904031.089043833,0.09205777856071207,0.09396909132593834,0.10204865978031935,0.01907344578690111
choque_10pct_temporario,temporario,0.9,0.09999999999999998,False,49,90,8,8833666.241299547,0.10911026084589494,0.10916128200338782,0.12758953319445038,0.011020013410280539
choque_10pct_temporario,temporario,0.9,0.09999999999999998,False,49,90,9,8686720.99060174,0.12767318646306952,0.11282604720546718,0.1497411360963353,0.0063053164585991014
choque_10pct_temporario,temporario,0.9,0.09999999999999998,False,49,90,10,8527733.047477942,0.14102626701873058,0.10075364610965498,0.16843932639520592,-0.00937638935989654
choque_10pct_temporario,temporario,0.9,0.09999999999999998,False,49,90,11,8450544.379940772,0.14662804619844313,0.08114793930929709,0.1762159515451483,-0.02087050823571619
choque_10pct_temporario,temporario,0.9,0.09999999999999998,False,49,90,12,8619065.102586513,0.13754752234873321,0.05781847404620599,0.17131034833574602,-0.03007871821756648
choque_10pct_temporario,temporario,0.9,0.09999999999999998,False,49,90,13,9031931.606117306,0.1151325347236784,0.04109687765441139,0.15398879403579988,-0.03145146837260402
choque_10pct_temporario,temporario,0.9,0.09999999999999998,False,49,90,14,9576606.673388133,0.09309336164029103,0.03562304015117146,0.1375768082035732,-0.02756270982196551
choque_10pct_temporario,temporario,0.9,0.09999999999999998,False,49,90,15,9894680.941459415,0.07356742294665986,0.04692092007446047,0.12550155761624712,-0.020744891573281337
choque_10pct_temporario,temporario,0.9,0.09999999999999998,False,49,90,16,10335840.248562377,0.06531812445969665,0.07776750380794883,0.1173302401390587,-0.01263692298732198
choque_10pct_temporario,temporario,0.9,0.09999999999999998,False,49,90,17,10575659.388792496,0.05950785126737611,0.11838206413498553,0.12113937059025207,-0.002467535241310262
choque_10pct_temporario,temporario,0.9,0.09999999999999998,False,49,90,18,10814313.378099531,0.06499994726814803,0.1659483878579877,0.1268450808122158,0.0073470965959036025
choque_10pct_temporario,temporario,0.9,0.09999999999999998,False,49,90,19,10956466.411500681,0.06904935402089345,0.1970371251321501,0.14574743070896737,0.009607055545309747
choque_10pct_temporario,temporario,0.9,0.09999999999999998,False,49,90,20,11033850.144231312,0.07139202489189275,0.2159763472056757,0.15600771544885392,0.011023188623898025
choque_10pct_temporario,temporario,0.9,0.09999999999999998,False,49,90,21,10852151.897500195,0.08407904555841597,0.21921220655011942,0.17395796337779112,0.0029450520345902687
choque_10pct_temporario,temporario,0.9,0.09999999999999998,False,49,90,22,10651710.728077374,0.10014860868599539,0.20426309454904046,0.19782239277403985,-0.014319957358476878
choque_10pct_temporario,temporario,0.9,0.09999999999999998,False,49,90,23,10480160.12855691,0.10833848330140967,0.1756918504036622,0.21141610329463797,-0.034725886339519244
choque_10pct_temporario,temporario,0.9,0.09999999999999998,False,49,90,24,10498011.342738109,0.10042509981137233,0.14427900868610188,0.20817410675118492,-0.048229083101879
choque_10pct_temporario,temporario,0.9,0.09999999999999998,False,49,90,25,11061086.069996687,0.07194337813964469,0.12012919274404843,0.18433210250408322,-0.046936689410848755
choque_10pct_temporario,temporario,0.9,0.09999999999999998,False,50,91,0,7609597.0,0.138,0.03,0.12063832026847152,0.010583740505574736
choque_10pct_temporario,temporario,0.9,0.09999999999999998,False,50,91,1,7652724.38733265,0.14039181650999813,0.030000000000000027,0.11859183719691781,0.007984885903803248
choque_10pct_temporario,temporario,0.9,0.09999999999999998,False,50,91,2,7795691.212022595,0.13522711004353757,0.024180982837973097,0.12052617538019682,0.0038143913401356283
choque_10pct_temporario,temporario,0.9,0.09999999999999998,False,50,91,3,8058841.097905883,0.12372736081596956,0.02684336094838935,0.1116055226809948,0.0057099445711527455
choque_10pct_temporario,temporario,0.9,0.09999999999999998,False,50,91,4,8367516.433513962,0.10797109944096267,0.03072100257889021,0.10361561244515391,0.00820469788828905
choque_10pct_temporario,temporario,0.9,0.09999999999999998,False,50,91,5,8660356.060296115,0.0939214753732302,0.04819148481587576,0.09556993063961458,0.011336384379114476
choque_10pct_temporario,temporario,0.9,0.09999999999999998,False,50,91,6,8805158.411193775,0.08944842049114664,0.0666038630951924,0.09730355500015522,0.012377576293281364
choque_10pct_temporario,temporario,0.9,0.09999999999999998,False,50,91,7,8875389.842477808,0.09632348854987707,0.0909426769501207,0.10649260157776641,0.015642056323159882
choque_10pct_temporario,temporario,0.9,0.09999999999999998,False,50,91,8,8834598.390837688,0.1064442748622975,0.10396294227111236,0.12588896437731056,0.00975663113370859
choque_10pct_temporario,temporario,0.9,0.09999999999999998,False,50,91,9,8731266.697826644,0.12059083329730835,0.10981979570827449,0.1427202412073449,0.004121250746354564
choque_10pct_temporario,temporario,0.9,0.09999999999999998,False,50,91,10,8609871.449264633,0.1320494347039692,0.10026940613506197,0.16057613431115936,-0.007293642235572578
choque_10pct_temporario,temporario,0.9,0.09999999999999998,False,50,91,11,8576224.183472373,0.1362489262480123,0.08464227600775698,0.16849407475506537,-0.01610643892863158
choque_10pct_temporario,temporario,0.9,0.09999999999999998,False,50,91,12,8657714.550958322,0.13281925320613389,0.0658600246822485,0.1690252563959764,-0.024719500274334665
choque_10pct_temporario,temporario,0.9,0.09999999999999998,False,50,91,13,8902331.526283842,0.12160197993320128,0.05088504483740697,0.16001891711609195,-0.027204434262448507
choque_10pct_temporario,temporario,0.9,0.09999999999999998,False,50,91,14,9371719.945419105,0.09901511432097512,0.04314649104131263,0.14395621495977132,-0.0240046798568992
choque_10pct_temporario,temporario,0.9,0.09999999999999998,False,50,91,15,9891532.313583767,0.07426910219340878,0.04887011347257397,0.12587196431396208,-0.017621667562323317
choque_10pct_temporario,temporario,0.9,0.09999999999999998,False,50,91,16,10365137.432976726,0.05713284292508905,0.07561957071387315,0.11290219041047508,-0.008691001147578951
choque_10pct_temporario,temporario,0.9,0.09999999999999998,False,50,91,17,10702464.919324405,0.05127791015048211,0.12488807234181643,0.10916522698490666,0.0032411271450971373
choque_10pct_temporario,temporario,0.9,0.09999999999999998,False,50,91,18,10947801.629288599,0.059301112402124746,0.180446853955333,0.12159613626028849,0.0163297812204207
choque_10pct_temporario,temporario,0.9,0.09999999999999998,False,50,91,19,10996047.94116996,0.07572326521006119,0.21872910146431734,0.150337236769561,0.01508103153338088
choque_10pct_temporario,temporario,0.9,0.09999999999999998,False,50,91,20,10870134.521042319,0.08885491844178368,0.22733395897564646,0.17572752973112205,0.006068730346764104
choque_10pct_temporario,temporario,0.9,0.09999999999999998,False,50,91,21,10613479.411512746,0.09792194862793811,0.21585733805782614,0.19043217628255138,-0.010996007875876516
choque_10pct_temporario,temporario,0.9,0.09999999999999998,False,50,91,22,10414756.751060296,0.10533198124128143,0.1875544685658228,0.200826964571497,-0.026776921604839285
choque_10pct_temporario,temporario,0.9,0.09999999999999998,False,50,91,23,10524109.039720343,0.09556073974318531,0.15522024436656778,0.19871183865466358,-0.03935443710333975
choque_10pct_temporario,temporario,0.9,0.09999999999999998,False,50,91,24,10751646.903524986,0.0803523618203906,0.13052806118789784,0.18628912796343872,-0.044017818365670626
choque_10pct_temporario,temporario,0.9,0.09999999999999998,False,50,91,25,11324317.501588413,0.05592695357230893,0.12051483096788629,0.16808180209799567,-0.04194605727641042
choque_10pct_temporario,temporario,0.9,0.09999999999999998,False,51,92,0,7609597.0,0.138,0.03,0.12063832026847152,0.010583740505574736
choque_10pct_temporario,temporario,0.9,0.09999999999999998,False,51,92,1,7652724.38733265,0.14039181650999813,0.030000000000000027,0.11859183719691781,0.007984885903803248
choque_10pct_temporario,temporario,0.9,0.09999999999999998,False,51,92,2,7794191.79170623,0.13522784822539224,0.024173084590923155,0.1204959378202569,0.002523905556719615
choque_10pct_temporario,temporario,0.9,0.09999999999999998,False,51,92,3,8078991.28352015,0.12335315284928645,0.02689749666689578,0.11087315923138238,0.006435599892468154
choque_10pct_temporario,temporario,0.9,0.09999999999999998,False,51,92,4,8404384.1083067,0.10751922643493791,0.030918696725338535,0.10305269419279105,0.007446209892611805
choque_10pct_temporario,temporario,0.9,0.09999999999999998,False,51,92,5,8605611.80171426,0.09509011966663267,0.047375948171060056,0.09724191109881193,0.011451719754144959
choque_10pct_temporario,temporario,0.9,0.09999999999999998,False,51,92,6,8857018.147005418,0.08818348655598397,0.06555145191654654,0.09760598067786865,0.008635544097218478
choque_10pct_temporario,temporario,0.9,0.09999999999999998,False,51,92,7,8915548.366917873,0.09354630360126807,0.0912974698968978,0.10414894550726955,0.01543578733566776
choque_10pct_temporario,temporario,0.9,0.09999999999999998,False,51,92,8,8909109.577620853,0.10393219904891944,0.1055397268613032,0.1225220160909251,0.013382794879100343
choque_10pct_temporario,temporario,0.9,0.09999999999999998,False,51,92,9,8826548.041396284,0.11679600538395661,0.11357686932339695,0.13932580926429367,0.007304502459420927
choque_10pct_temporario,temporario,0.9,0.09999999999999998,False,51,92,10,8670363.808226014,0.12943013626352085,0.10603635559103197,0.15869139139281094,-0.0059543128634492945
choque_10pct_temporario,temporario,0.9,0.09999999999999998,False,51,92,11,8552477.642519174,0.13923888769264733,0.09231918348856394,0.17045338934823479,-0.015671293950032514
choque_10pct_temporario,temporario,0.9,0.09999999999999998,False,51,92,12,8589442.056226995,0.1372240586778041,0.07111695800699547,0.1743345257095991,-0.0273674142561878
choque_10pct_temporario,temporario,0.9,0.09999999999999998,False,51,92,13,8786241.161899429,0.12775299444412005,0.05316999636329167,0.16624499759320757,-0.029549441940865097
choque_10pct_temporario,temporario,0.9,0.09999999999999998,False,51,92,14,9204120.481320467,0.1068860280960811,0.04049350402926888,0.1518863740697567,-0.03307605850038511
choque_10pct_temporario,temporario,0.9,0.09999999999999998,False,51,92,15,9885821.630581386,0.07969950477322735,0.04279852957325114,0.13105310918928403,-0.025122650439826585
choque_10pct_temporario,temporario,0.9,0.09999999999999998,False,51,92,16,10262752.581422148,0.06179990767184844,0.06278854768369913,0.1186942198062551,-0.02051640383104375
choque_10pct_temporario,temporario,0.9,0.09999999999999998,False,51,92,17,10554789.30004947,0.05750421742132338,0.10640126319377208,0.11517134032294994,-0.006648355961881011
choque_10pct_temporario,temporario,0.9,0.09999999999999998,False,51,92,18,10785461.927831199,0.06219708552968063,0.15480851052692168,0.12623993781937837,0.002748816208500266
choque_10pct_temporario,temporario,0.9,0.09999999999999998,False,51,92,19,11019429.904608503,0.06511236186588883,0.19481117527808767,0.14057739262406965,0.010192503075248579
choque_10pct_temporario,temporario,0.9,0.09999999999999998,False,51,92,20,11106661.63045773,0.06635185551092787,0.21936857456166048,0.15057698187754542,0.012025270546128184
choque_10pct_temporario,temporario,0.9,0.09999999999999998,False,51,92,21,11043183.491102945,0.07448233217649002,0.2320677156780997,0.16389662628098203,0.0033515068584563197
choque_10pct_temporario,temporario,0.9,0.09999999999999998,False,51,92,22,10932587.35592307,0.0851089751274343,0.22330543190262286,0.18390118672305059,-0.00759562577482348
choque_10pct_temporario,temporario,0.9,0.09999999999999998,False,51,92,23,10826874.251929857,0.08989169533915592,0.20451917684368826,0.19570055701202466,-0.020275705995600336
choque_10pct_temporario,temporario,0.9,0.09999999999999998,False,51,92,24,10852322.567920739,0.08814871215182936,0.17864271083641725,0.19788350756586665,-0.03464380408180483
choque_10pct_temporario,temporario,0.9,0.09999999999999998,False,51,92,25,10954796.463183027,0.08132504337529961,0.15831526268065077,0.1935733339030552,-0.04079353759174935
choque_10pct_temporario,temporario,0.9,0.09999999999999998,False,52,93,0,7609597.0,0.138,0.03,0.12063832026847152,0.010583740505574736
choque_10pct_temporario,temporario,0.9,0.09999999999999998,False,52,93,1,7652724.38733265,0.14039181650999813,0.030000000000000027,0.11859183719691781,0.007984885903803248
choque_10pct_temporario,temporario,0.9,0.09999999999999998,False,52,93,2,7797310.110671256,0.13522708141572493,0.02418730354829446,0.12050356797761655,0.005698489844893109
choque_10pct_temporario,temporario,0.9,0.09999999999999998,False,52,93,3,8067271.3662353465,0.12477863558517775,0.026840350469925278,0.11156715018549192,0.006383646089709615
choque_10pct_temporario,temporario,0.9,0.09999999999999998,False,52,93,4,8369207.6639381265,0.10927626407331568,0.030263740959604712,0.10479874452813549,0.006970959287504312
choque_10pct_temporario,temporario,0.9,0.09999999999999998,False,52,93,5,8613096.851730939,0.09515162031523265,0.046248109233287815,0.09754364911927393,0.013325052924755647
choque_10pct_temporario,temporario,0.9,0.09999999999999998,False,52,93,6,8746688.211431494,0.09180782876156347,0.06448516318443986,0.09974914486010675,0.011765744747629177
choque_10pct_temporario,temporario,0.9,0.09999999999999998,False,52,93,7,8818617.889853675,0.09970673106511158,0.08722057399470051,0.10939717860564249,0.009919703833670749
choque_10pct_temporario,temporario,0.9,0.09999999999999998,False,52,93,8,8826981.439231906,0.10829684046722078,0.09859180580015892,0.12593315420416737,0.008866115376548791
choque_10pct_temporario,temporario,0.9,0.09999999999999998,False,52,93,9,8818641.247211915,0.11424261348334319,0.10379421115983245,0.13771750092819174,0.0007035506238913
choque_10pct_temporario,temporario,0.9,0.09999999999999998,False,52,93,10,8791466.777372893,0.12155527013190136,0.09861617418440982,0.1489920933473882,-0.004043067441481498
choque_10pct_temporario,temporario,0.9,0.09999999999999998,False,52,93,11,8765955.144101992,0.12494206164793577,0.08991442054287613,0.15613888050132363,-0.010902238661886448
choque_10pct_temporario,temporario,0.9,0.09999999999999998,False,52,93,12,8892953.781561932,0.11584981380195947,0.07598515323511057,0.15628080848297815,-0.019734284059055425
choque_10pct_temporario,temporario,0.9,0.09999999999999998,False,52,93,13,9112311.817294355,0.10720642016771632,0.06813576042142433,0.14880225304009484,-0.021209442049919543
choque_10pct_temporario,temporario,0.9,0.09999999999999998,False,52,93,14,9458731.405850647,0.09432515669040618,0.0630860202795569,0.14229828002396344,-0.02154137523254687
choque_10pct_temporario,temporario,0.9,0.09999999999999998,False,52,93,15,9888499.228616457,0.07677775329765647,0.07165829581857386,0.13107512658389742,-0.016706231826888854
choque_10pct_temporario,temporario,0.9,0.09999999999999998,False,52,93,16,10241553.903229028,0.06541061349786717,0.09288065103899723,0.12267137905587228,-0.009252252910379573
choque_10pct_temporario,temporario,0.9,0.09999999999999998,False,52,93,17,10631971.5888902,0.059849446054270984,0.12784457203790534,0.12198544811308795,-0.003952123450125723
choque_10pct_temporario,temporario,0.9,0.09999999999999998,False,52,93,18,10672383.595547343,0.0672559796511207,0.16819758233727344,0.13291089923235416,0.002800259811992623
choque_10pct_temporario,temporario,0.9,0.09999999999999998,False,52,93,19,10790866.233182875,0.07761051943748909,0.1930219131841815,0.15371447874244945,0.00322446372485047
choque_10pct_temporario,temporario,0.9,0.09999999999999998,False,52,93,20,10808905.982521234,0.08136654552725311,0.20102889120423884,0.16672760419090335,-0.0031019728550283733
choque_10pct_temporario,temporario,0.9,0.09999999999999998,False,52,93,21,10759058.798867458,0.08184690446508647,0.19659790147646428,0.1740722225594397,-0.010353014713918465
choque_10pct_temporario,temporario,0.9,0.09999999999999998,False,52,93,22,10730599.494007833,0.0845599816046447,0.18528486007850464,0.18150211834735494,-0.016849581089381244
choque_10pct_temporario,temporario,0.9,0.09999999999999998,False,52,93,23,10733679.757511452,0.08751884963552208,0.17005263430900808,0.18947005885410584,-0.024946260038905592
choque_10pct_temporario,temporario,0.9,0.09999999999999998,False,52,93,24,10860801.563918537,0.08131770470213082,0.15425095889253604,0.18961849344304474,-0.03606786721892854
choque_10pct_temporario,temporario,0.9,0.09999999999999998,False,52,93,25,11363216.769188074,0.058206186244298706,0.1453380869193901,0.1736001008070563,-0.0374540265036062
choque_10pct_temporario,temporario,0.9,0.09999999999999998,False,53,94,0,7609597.0,0.138,0.03,0.12063832026847152,0.010583740505574736
choque_10pct_temporario,temporario,0.9,0.09999999999999998,False,53,94,1,7652724.38733265,0.14039181650999813,0.030000000000000027,0.11859183719691781,0.007984885903803248
choque_10pct_temporario,temporario,0.9,0.09999999999999998,False,53,94,2,7800364.714578894,0.13522708141572493,0.02417665447498707,0.1205084031857509,0.0031779265503186454
choque_10pct_temporario,temporario,0.9,0.09999999999999998,False,53,94,3,8047421.528964165,0.12384496325063167,0.026878190154184356,0.11172828586546428,0.006616885111921646
choque_10pct_temporario,temporario,0.9,0.09999999999999998,False,53,94,4,8425434.043576663,0.10846612699855748,0.030628215620742028,0.10430124005114454,0.0051303263710420835
choque_10pct_temporario,temporario,0.9,0.09999999999999998,False,53,94,5,8579187.860677382,0.095436286319677,0.0479108989726722,0.09748759760380513,0.009787548579642561
choque_10pct_temporario,temporario,0.9,0.09999999999999998,False,53,94,6,8779548.338013785,0.09044116876739292,0.06544706623597962,0.09818583853241813,0.010750289746145385
choque_10pct_temporario,temporario,0.9,0.09999999999999998,False,53,94,7,8911342.590900863,0.09260330209500241,0.08929141951233399,0.10444151430805511,0.014187387235760516
choque_10pct_temporario,temporario,0.9,0.09999999999999998,False,53,94,8,8940092.562236857,0.10080676051042127,0.10393632981724044,0.11883461945796095,0.011924916887975362
choque_10pct_temporario,temporario,0.9,0.09999999999999998,False,53,94,9,8922254.150032615,0.11013537202329439,0.11207666383874026,0.13442224167446906,0.008571545946306028
choque_10pct_temporario,temporario,0.9,0.09999999999999998,False,53,94,10,8773634.110820308,0.12336594858600522,0.10872640887214002,0.15272357850853627,-0.0026067779143267387
choque_10pct_temporario,temporario,0.9,0.09999999999999998,False,53,94,11,8667440.464023277,0.13441210948012583,0.09516344524116915,0.1684386762470545,-0.015659193613263133
choque_10pct_temporario,temporario,0.9,0.09999999999999998,False,53,94,12,8627851.365241416,0.14084868894758637,0.07750091896623323,0.17571296791968205,-0.024890035632388965
choque_10pct_temporario,temporario,0.9,0.09999999999999998,False,53,94,13,8752233.774507018,0.1326231138149652,0.05706689453963265,0.17270737871765532,-0.031014179625838575
choque_10pct_temporario,temporario,0.9,0.09999999999999998,False,53,94,14,9197187.823444104,0.11157400054119479,0.04288161785351652,0.1548115900772427,-0.029233094638639653
choque_10pct_temporario,temporario,0.9,0.09999999999999998,False,53,94,15,9728492.041677268,0.08720806479578688,0.04017842204934774,0.13580167132247983,-0.024915713395614325
choque_10pct_temporario,temporario,0.9,0.09999999999999998,False,53,94,16,10244397.602933343,0.06350896080999617,0.05661519208620169,0.11990679478534473,-0.018551134726074066
choque_10pct_temporario,temporario,0.9,0.09999999999999998,False,53,94,17,10704661.398860145,0.0473351126505801,0.09582984127006977,0.10755985147142362,-0.00654916952228185
choque_10pct_temporario,temporario,0.9,0.09999999999999998,False,53,94,18,11115735.570586335,0.049615492053208005,0.16260542732359173,0.10560683752141492,0.012650994124295257
choque_10pct_temporario,temporario,0.9,0.09999999999999998,False,53,94,19,11166337.071418412,0.0669819159298259,0.2178562838341176,0.13546050096020867,0.021173004046023586
choque_10pct_temporario,temporario,0.9,0.09999999999999998,False,53,94,20,11153589.893226849,0.08177942996850018,0.24141271761570904,0.16819591485672458,0.016008666603581804
choque_10pct_temporario,temporario,0.9,0.09999999999999998,False,53,94,21,10888781.251158899,0.09691196889913423,0.23689984188639346,0.18747890228279562,0.0025468318212835306
choque_10pct_temporario,temporario,0.9,0.09999999999999998,False,53,94,22,10379980.389644116,0.11656817061549173,0.20951533789726806,0.21232120243832864,-0.01964161194658034
choque_10pct_temporario,temporario,0.9,0.09999999999999998,False,53,94,23,10215656.03352915,0.12213137434893152,0.16692254350996993,0.22358290657828747,-0.042080247384358054
choque_10pct_temporario,temporario,0.9,0.09999999999999998,False,53,94,24,10204751.6612828,0.11447078046762123,0.12438124761544711,0.2186398682651076,-0.05966889522870533
choque_10pct_temporario,temporario,0.9,0.09999999999999998,False,53,94,25,10796030.926610854,0.08644206346081586,0.090367490232663,0.19474894933297227,-0.05967746471734449
choque_10pct_temporario,temporario,0.9,0.09999999999999998,False,54,95,0,7609597.0,0.138,0.03,0.12063832026847152,0.010583740505574736
choque_10pct_temporario,temporario,0.9,0.09999999999999998,False,54,95,1,7652724.38733265,0.14039181650999813,0.030000000000000027,0.11859183719691781,0.007984885903803248
choque_10pct_temporario,temporario,0.9,0.09999999999999998,False,54,95,2,7798206.076406029,0.13522738819779181,0.024173647852955282,0.1205616531309737,0.0024655141857042283
choque_10pct_temporario,temporario,0.9,0.09999999999999998,False,54,95,3,8036482.831215942,0.12568528094807072,0.026868451437721763,0.11217572816903318,0.00486302077065768
choque_10pct_temporario,temporario,0.9,0.09999999999999998,False,54,95,4,8387971.318033951,0.10840543213340435,0.02984480746403384,0.1036100285899246,0.007320596854689898
choque_10pct_temporario,temporario,0.9,0.09999999999999998,False,54,95,5,8705651.99780544,0.09255212371593873,0.04605662917688047,0.09443566039179091,0.01353939887154627
choque_10pct_temporario,temporario,0.9,0.09999999999999998,False,54,95,6,8833930.810775967,0.08593724543528848,0.06614996454247013,0.09572679375502477,0.014590201513736394
choque_10pct_temporario,temporario,0.9,0.09999999999999998,False,54,95,7,8861760.560236461,0.09662172208985884,0.09320246545623645,0.10636014517026185,0.014720803001216972
choque_10pct_temporario,temporario,0.9,0.09999999999999998,False,54,95,8,8803404.945639651,0.1130356555437747,0.10632888004602314,0.12994279402591283,0.010097654454151435
choque_10pct_temporario,temporario,0.9,0.09999999999999998,False,54,95,9,8669811.307751734,0.1270955200655824,0.10899211854122148,0.14860386667057296,0.0012261130947967712
choque_10pct_temporario,temporario,0.9,0.09999999999999998,False,54,95,10,8582878.42673144,0.13514536714112912,0.09697852054908473,0.1626033506684348,-0.008441425766765948
choque_10pct_temporario,temporario,0.9,0.09999999999999998,False,54,95,11,8540221.94693141,0.1410296778332189,0.07861716192585799,0.17087874534995975,-0.018367857337948757
choque_10pct_temporario,temporario,0.9,0.09999999999999998,False,54,95,12,8575517.283971837,0.1392645234679799,0.05873865320253291,0.1730703043899543,-0.03013811693258964
choque_10pct_temporario,temporario,0.9,0.09999999999999998,False,54,95,13,8930062.238228122,0.12217478553037976,0.041192188064267166,0.15956630363286492,-0.02976076215907688
choque_10pct_temporario,temporario,0.9,0.09999999999999998,False,54,95,14,9492226.492581997,0.09416074698057694,0.03488947682978183,0.13825390196461235,-0.025951160109457125
choque_10pct_temporario,temporario,0.9,0.09999999999999998,False,54,95,15,10031353.726097057,0.06823051361342046,0.04515429562373652,0.11922394517592308,-0.016571415880651724
choque_10pct_temporario,temporario,0.9,0.09999999999999998,False,54,95,16,10454117.896352326,0.05260429195298099,0.0816439569184062,0.10639587098918303,-0.006067316155698083
choque_10pct_temporario,temporario,0.9,0.09999999999999998,False,54,95,17,10752961.856852256,0.053194750822147537,0.13805740284400225,0.10687682617059971,0.005173708798803441
choque_10pct_temporario,temporario,0.9,0.09999999999999998,False,54,95,18,10953863.94028719,0.06550097586583416,0.19408293118914854,0.12753325030273222,0.01696518973412112
choque_10pct_temporario,temporario,0.9,0.09999999999999998,False,54,95,19,11005562.338437527,0.07573921839247487,0.22284670014226227,0.15437386950825496,0.01659321853251369
choque_10pct_temporario,temporario,0.9,0.09999999999999998,False,54,95,20,10770031.065775335,0.08822638174266739,0.22995981700192392,0.1737285331430326,0.005501221036513082
choque_10pct_temporario,temporario,0.9,0.09999999999999998,False,54,95,21,10479865.364083106,0.10347092367931701,0.21262990982339613,0.19567883016650384,-0.01289229296795438
choque_10pct_temporario,temporario,0.9,0.09999999999999998,False,54,95,22,10271492.677050028,0.11363965889281256,0.18121322214176994,0.20997999993729122,-0.033197137747298336
choque_10pct_temporario,temporario,0.9,0.09999999999999998,False,54,95,23,10238458.86019181,0.11024541162235217,0.1445042678800641,0.21068781080748863,-0.047330600967726226
choque_10pct_temporario,temporario,0.9,0.09999999999999998,False,54,95,24,10639655.022426404,0.08866938883005865,0.11080402833151082,0.19424193694623262,-0.05282186891888252
choque_10pct_temporario,temporario,0.9,0.09999999999999998,False,54,95,25,11158122.831565889,0.06398044730590079,0.09798485304365445,0.17166979850715416,-0.04867118035713948
choque_10pct_temporario,temporario,0.9,0.09999999999999998,False,55,96,0,7609597.0,0.138,0.03,0.12063832026847152,0.010583740505574736
choque_10pct_temporario,temporario,0.9,0.09999999999999998,False,55,96,1,7652724.38733265,0.14039181650999813,0.030000000000000027,0.11859183719691781,0.007984885903803248
choque_10pct_temporario,temporario,0.9,0.09999999999999998,False,55,96,2,7799628.759329893,0.13522708141572493,0.024181567532336024,0.12043641849580954,0.004489721160279836
choque_10pct_temporario,temporario,0.9,0.09999999999999998,False,55,96,3,8049268.576860042,0.12440072780741109,0.026819913604878787,0.1119123861709011,0.006367074390362885
choque_10pct_temporario,temporario,0.9,0.09999999999999998,False,55,96,4,8372008.636857019,0.10860645147977979,0.03040098219448839,0.1039266163838812,0.01110357224563021
choque_10pct_temporario,temporario,0.9,0.09999999999999998,False,55,96,5,8621889.993342418,0.09145806783786568,0.0464400091928765,0.09611960508535834,0.011708869462837359
choque_10pct_temporario,temporario,0.9,0.09999999999999998,False,55,96,6,8833948.251776952,0.08865730949830578,0.06750950405858847,0.09531806431553387,0.01431825546516797
choque_10pct_temporario,temporario,0.9,0.09999999999999998,False,55,96,7,8886073.8394097,0.0936448274376792,0.09180676734817195,0.10656863447095029,0.017199223288371198
choque_10pct_temporario,temporario,0.9,0.09999999999999998,False,55,96,8,8857601.136654228,0.1079497358331339,0.10697965502084594,0.12543747158223073,0.015787241895045812
choque_10pct_temporario,temporario,0.9,0.09999999999999998,False,55,96,9,8690348.179817395,0.12712073399160184,0.11084248970750021,0.14897822885981157,0.0025370622692317693
choque_10pct_temporario,temporario,0.9,0.09999999999999998,False,55,96,10,8522681.591256376,0.14117486236089788,0.1001770630475396,0.1678018149103018,-0.009142966711037481
choque_10pct_temporario,temporario,0.9,0.09999999999999998,False,55,96,11,8494504.48644235,0.14201679188370678,0.08109641371922405,0.173503307933773,-0.01909697501782232
choque_10pct_temporario,temporario,0.9,0.09999999999999998,False,55,96,12,8600903.479267199,0.13622559393922987,0.060556186823144564,0.1701456890566165,-0.02747769986593755
choque_10pct_temporario,temporario,0.9,0.09999999999999998,False,55,96,13,8894881.20996467,0.11919780741417328,0.04317308688700083,0.15945035246168845,-0.03088659779017044
choque_10pct_temporario,temporario,0.9,0.09999999999999998,False,55,96,14,9471955.786715593,0.09590705541833995,0.036700729489098194,0.13941332620933253,-0.027639409386772694
choque_10pct_temporario,temporario,0.9,0.09999999999999998,False,55,96,15,9969438.520962179,0.07074458188846877,0.04656330701111111,0.12283581862682787,-0.019868525814060387
choque_10pct_temporario,temporario,0.9,0.09999999999999998,False,55,96,16,10434456.65622608,0.05404349172055903,0.07815208907282511,0.1099376378111944,-0.009850755100258268
choque_10pct_temporario,temporario,0.9,0.09999999999999998,False,55,96,17,10682875.115860915,0.055010972348787414,0.1327871314043476,0.10992944551854278,0.0029847140339705224
choque_10pct_temporario,temporario,0.9,0.09999999999999998,False,55,96,18,10847843.440150315,0.06958351026239236,0.18231298685201414,0.13197243586628724,0.011793691463985921
choque_10pct_temporario,temporario,0.9,0.09999999999999998,False,55,96,19,10981537.960808918,0.07190894963510182,0.21079803335399983,0.15395629440696523,0.009747378286734389
choque_10pct_temporario,temporario,0.9,0.09999999999999998,False,55,96,20,10962594.771586109,0.07474097020146711,0.22204939637537024,0.15876235232623787,0.007129879942940805
choque_10pct_temporario,temporario,0.9,0.09999999999999998,False,55,96,21,10836167.04555489,0.08065816055847366,0.22011908517750678,0.17359153856640389,-0.0032828383222472954
choque_10pct_temporario,temporario,0.9,0.09999999999999998,False,55,96,22,10677819.03167679,0.09209287478729782,0.20470349123986953,0.19009842610594516,-0.01796494639346597
choque_10pct_temporario,temporario,0.9,0.09999999999999998,False,55,96,23,10599127.383204518,0.09693404239077974,0.17953223635408655,0.20178383666261093,-0.033517325320326606
choque_10pct_temporario,temporario,0.9,0.09999999999999998,False,55,96,24,10685528.373530574,0.08947300261995994,0.1529106203658055,0.1988189876171973,-0.041310696585532845
choque_10pct_temporario,temporario,0.9,0.09999999999999998,False,55,96,25,11167888.10496303,0.0694434102553553,0.13428760205816404,0.18118802134015893,-0.039989466942680955
choque_10pct_temporario,temporario,0.9,0.09999999999999998,False,56,97,0,7609597.0,0.138,0.03,0.12063832026847152,0.010583740505574736
choque_10pct_temporario,temporario,0.9,0.09999999999999998,False,56,97,1,7652724.38733265,0.14039181650999813,0.030000000000000027,0.11859183719691781,0.007984885903803248
choque_10pct_temporario,temporario,0.9,0.09999999999999998,False,56,97,2,7800889.8817858,0.13522708141572493,0.02418397581320786,0.12050314319611728,0.005027015558220259
choque_10pct_temporario,temporario,0.9,0.09999999999999998,False,56,97,3,8049071.331758129,0.12454749800016575,0.026845742110161552,0.11191776991396674,0.00630689999576099
choque_10pct_temporario,temporario,0.9,0.09999999999999998,False,56,97,4,8407556.744374042,0.10813007583767523,0.030353612076337688,0.10385349962184844,0.005521636195223185
choque_10pct_temporario,temporario,0.9,0.09999999999999998,False,56,97,5,8615781.623272423,0.09558454204534461,0.046989763020843345,0.09735908466663616,0.008059190115599805
choque_10pct_temporario,temporario,0.9,0.09999999999999998,False,56,97,6,8806333.452873692,0.09022554984101878,0.06487653676787652,0.09802413265771377,0.00763259564856572
choque_10pct_temporario,temporario,0.9,0.09999999999999998,False,56,97,7,8957228.73981231,0.09027888099713913,0.08905808216810152,0.10259859097554862,0.01413288110809318
choque_10pct_temporario,temporario,0.9,0.09999999999999998,False,56,97,8,8949329.630373158,0.09774038664306321,0.1059484388972245,0.11769894921076277,0.011665099062217755
choque_10pct_temporario,temporario,0.9,0.09999999999999998,False,56,97,9,8851622.08377153,0.11482242291399403,0.11552306086526465,0.13749567286854542,0.008596019444359912
choque_10pct_temporario,temporario,0.9,0.09999999999999998,False,56,97,10,8719267.903756738,0.12917715083569675,0.10962808667093271,0.1590290540763897,-0.004746724336698461
choque_10pct_temporario,temporario,0.9,0.09999999999999998,False,56,97,11,8587370.221070161,0.13863008241745628,0.0953061664988808,0.17092031051447054,-0.012957978976674039
choque_10pct_temporario,temporario,0.9,0.09999999999999998,False,56,97,12,8621213.163845798,0.13640543190214185,0.07455498745918487,0.17404209101735302,-0.026394312455487064
choque_10pct_temporario,temporario,0.9,0.09999999999999998,False,56,97,13,8832670.603489561,0.12591933240620734,0.056790922495259855,0.16455439157660726,-0.031860843400258076
choque_10pct_temporario,temporario,0.9,0.09999999999999998,False,56,97,14,9365971.587062819,0.10236555130863395,0.04339764870298346,0.14635286359309768,-0.02657878114019048
choque_10pct_temporario,temporario,0.9,0.09999999999999998,False,56,97,15,9938833.684796188,0.07172728508470629,0.04694899478046888,0.12610680936948793,-0.02014092099540256
choque_10pct_temporario,temporario,0.9,0.09999999999999998,False,56,97,16,10316358.536667177,0.0551292866621097,0.07424226792129618,0.1108679838223448,-0.009802781892791252
choque_10pct_temporario,temporario,0.9,0.09999999999999998,False,56,97,17,10632211.40709088,0.055004606728113956,0.12473798403146708,0.11018304283678142,0.0015447111173148256
choque_10pct_temporario,temporario,0.9,0.09999999999999998,False,56,97,18,10883642.067088952,0.061298660296094834,0.17594973941479042,0.12701595192491952,0.008697565188631969
choque_10pct_temporario,temporario,0.9,0.09999999999999998,False,56,97,19,11075251.42204811,0.06757115724653,0.21341241511290931,0.14334984579280963,0.015005699255624956
choque_10pct_temporario,temporario,0.9,0.09999999999999998,False,56,97,20,11012316.335054763,0.07527665905708528,0.2318629532852825,0.1597813775359967,0.009892183972561079
choque_10pct_temporario,temporario,0.9,0.09999999999999998,False,56,97,21,10841739.536947021,0.08730162772368887,0.22934045230644662,0.17814186255565656,0.0010085753903919898
choque_10pct_temporario,temporario,0.9,0.09999999999999998,False,56,97,22,10630003.532241007,0.09674379990179965,0.2084887454154951,0.19628094039184105,-0.01658809955522377
choque_10pct_temporario,temporario,0.9,0.09999999999999998,False,56,97,23,10534933.43964831,0.10076346668489693,0.17818928899460285,0.2040609990655767,-0.031533510436663206
choque_10pct_temporario,temporario,0.9,0.09999999999999998,False,56,97,24,10546328.175126528,0.0974659769359488,0.14715646963797036,0.20456906827858126,-0.04636505331839441
choque_10pct_temporario,temporario,0.9,0.09999999999999998,False,56,97,25,10882564.86314566,0.07752362431632134,0.12281674707260315,0.1914576410492751,-0.05072673166696425
choque_10pct_temporario,temporario,0.9,0.09999999999999998,False,57,98,0,7609597.0,0.138,0.03,0.12063832026847152,0.010583740505574736
choque_10pct_temporario,temporario,0.9,0.09999999999999998,False,57,98,1,7652724.38733265,0.14039181650999813,0.030000000000000027,0.11859183719691781,0.007984885903803248
choque_10pct_temporario,temporario,0.9,0.09999999999999998,False,57,98,2,7799885.383675266,0.13522847005657346,0.024174783235175967,0.1203868529581478,0.0029885909564385184
choque_10pct_temporario,temporario,0.9,0.09999999999999998,False,57,98,3,8068307.960917727,0.12437216865012438,0.026866822551842473,0.11124651956853475,0.00381985212208961
choque_10pct_temporario,temporario,0.9,0.09999999999999998,False,57,98,4,8452765.849020781,0.10522454779155395,0.03046370669027465,0.10218748110996301,0.009919681570373599
choque_10pct_temporario,temporario,0.9,0.09999999999999998,False,57,98,5,8624160.968258794,0.09465141505429088,0.0490043813281813,0.09591119715044553,0.01228177442618863
choque_10pct_temporario,temporario,0.9,0.09999999999999998,False,57,98,6,8803316.085380057,0.09211861125929871,0.0668816327081887,0.10053674903162763,0.009816239268187223
choque_10pct_temporario,temporario,0.9,0.09999999999999998,False,57,98,7,8804249.808933511,0.10144268240913507,0.08985288511974487,0.11098844851479676,0.015643705667032756
choque_10pct_temporario,temporario,0.9,0.09999999999999998,False,57,98,8,8776497.352892617,0.11170724841250763,0.09931809279362636,0.12979964010285322,0.007257561324740677
choque_10pct_temporario,temporario,0.9,0.09999999999999998,False,57,98,9,8704597.473438753,0.12120939754266294,0.10312634625462591,0.14300355691214503,0.002495244109942282
choque_10pct_temporario,temporario,0.9,0.09999999999999998,False,57,98,10,8657356.353567095,0.12660799607782866,0.09315205644663416,0.1559109659037153,-0.007037334396431941
choque_10pct_temporario,temporario,0.9,0.09999999999999998,False,57,98,11,8636429.756653637,0.1305802878427035,0.08237343572414346,0.1622794683669163,-0.014680467142650292
choque_10pct_temporario,temporario,0.9,0.09999999999999998,False,57,98,12,8675799.978444578,0.1305395033224104,0.06681481581235005,0.16623319594052433,-0.020454405944022935
choque_10pct_temporario,temporario,0.9,0.09999999999999998,False,57,98,13,8908480.421125218,0.1197211640944123,0.053203623411252954,0.15979662218539317,-0.027891231648366058
choque_10pct_temporario,temporario,0.9,0.09999999999999998,False,57,98,14,9398666.184401918,0.10187235816895071,0.04537881387313503,0.14462398113645278,-0.02700689244410785
choque_10pct_temporario,temporario,0.9,0.09999999999999998,False,57,98,15,9911143.184407834,0.07568867702231984,0.05030610213702147,0.12745998963650837,-0.018973040892977886
choque_10pct_temporario,temporario,0.9,0.09999999999999998,False,57,98,16,10472867.294415047,0.052598316067847754,0.0768192271823196,0.1105585844576943,-0.012252272375697681
choque_10pct_temporario,temporario,0.9,0.09999999999999998,False,57,98,17,10787682.504909914,0.04780304243718674,0.13152259181820436,0.10222316911215193,0.004011138324563189
choque_10pct_temporario,temporario,0.9,0.09999999999999998,False,57,98,18,10994405.893558228,0.05896366661842471,0.19358056210311037,0.11968989670519366,0.015770388653817274
choque_10pct_temporario,temporario,0.9,0.09999999999999998,False,57,98,19,11069405.765782543,0.07637142494226892,0.2312226141463407,0.15186206016236056,0.017263852549573494
choque_10pct_temporario,temporario,0.9,0.09999999999999998,False,57,98,20,10922518.000665896,0.086947709097302,0.2365742288250039,0.17544678143776127,0.008886298038334026
choque_10pct_temporario,temporario,0.9,0.09999999999999998,False,57,98,21,10594668.559155075,0.09851740155932227,0.22293923897991363,0.19088009458460262,-0.006703450642315331
choque_10pct_temporario,temporario,0.9,0.09999999999999998,False,57,98,22,10340123.97882444,0.10959589054077502,0.1907071195242116,0.20755790694883222,-0.02642594358194332
choque_10pct_temporario,temporario,0.9,0.09999999999999998,False,57,98,23,10244728.623722447,0.11189211235054251,0.15391055656953956,0.21337264091768712,-0.046830067515944256
choque_10pct_temporario,temporario,0.9,0.09999999999999998,False,57,98,24,10447349.219154196,0.09892264972546132,0.1190391431396216,0.20339629633403875,-0.055174600054984986
choque_10pct_temporario,temporario,0.9,0.09999999999999998,False,57,98,25,11226183.36688452,0.0646331938971864,0.09737327838748766,0.17602911629076598,-0.050247123184093787
choque_10pct_temporario,temporario,0.9,0.09999999999999998,False,58,99,0,7609597.0,0.138,0.03,0.12063832026847152,0.010583740505574736
choque_10pct_temporario,temporario,0.9,0.09999999999999998,False,58,99,1,7652724.38733265,0.14039181650999813,0.030000000000000027,0.11859183719691781,0.007984885903803248
choque_10pct_temporario,temporario,0.9,0.09999999999999998,False,58,99,2,7799062.11548463,0.1352272977704024,0.024185309753672835,0.12058307609119796,0.005341325207426375
choque_10pct_temporario,temporario,0.9,0.09999999999999998,False,58,99,3,8037333.898698519,0.12513506691847362,0.026830286970330297,0.11249869004210589,0.003750026469618264
choque_10pct_temporario,temporario,0.9,0.09999999999999998,False,58,99,4,8388380.545888563,0.11221318857023224,0.030132632684514382,0.10548921881974987,0.004735826407116933
choque_10pct_temporario,temporario,0.9,0.09999999999999998,False,58,99,5,8589242.18926045,0.09764949449218371,0.04498049649768987,0.09919813054996561,0.009283848454368516
choque_10pct_temporario,temporario,0.9,0.09999999999999998,False,58,99,6,8811847.795545641,0.09136488945688044,0.061672274727868626,0.09857196518562408,0.00969207739139069
choque_10pct_temporario,temporario,0.9,0.09999999999999998,False,58,99,7,8862267.282776866,0.09612325071783202,0.08477862104558476,0.10617501545360371,0.010050305598204948
choque_10pct_temporario,temporario,0.9,0.09999999999999998,False,58,99,8,8897528.7132038,0.10331393891138393,0.09947849916252682,0.1209813466505838,0.007757090911521771
choque_10pct_temporario,temporario,0.9,0.09999999999999998,False,58,99,9,8880651.30945764,0.11245209621134537,0.10811871469423373,0.1346881604389995,0.005332547041602764
choque_10pct_temporario,temporario,0.9,0.09999999999999998,False,58,99,10,8698461.811235689,0.12775758668164644,0.10366546137337584,0.15453135177947455,-0.001483231805118755
choque_10pct_temporario,temporario,0.9,0.09999999999999998,False,58,99,11,8656199.998817569,0.13576305477740272,0.09100269870413058,0.16665273220943347,-0.012995807915740102
choque_10pct_temporario,temporario,0.9,0.09999999999999998,False,58,99,12,8664463.803992447,0.13453781625439276,0.07245012369650317,0.17069770284712146,-0.02304986073913833
choque_10pct_temporario,temporario,0.9,0.09999999999999998,False,58,99,13,8821551.326415231,0.12589738273861575,0.05574508052095806,0.1656738230544994,-0.029086476143691056
choque_10pct_temporario,temporario,0.9,0.09999999999999998,False,58,99,14,9214245.57812526,0.10980912468384368,0.04529324760573372,0.1525464817721222,-0.030152532312193947
choque_10pct_temporario,temporario,0.9,0.09999999999999998,False,58,99,15,9769656.53199182,0.08540188001447518,0.043887109487034115,0.1359935314300689,-0.023893485427488467
choque_10pct_temporario,temporario,0.9,0.09999999999999998,False,58,99,16,10129102.051040946,0.06613154865606549,0.062258733821696,0.12202872936499454,-0.017795960633464464
choque_10pct_temporario,temporario,0.9,0.09999999999999998,False,58,99,17,10561333.952919984,0.058766618972110544,0.09916162416918994,0.11606173126678498,-0.009995095739789935
choque_10pct_temporario,temporario,0.9,0.09999999999999998,False,58,99,18,10836118.403120482,0.05516168124438248,0.14602967635939157,0.12095105881167253,0.0047768920453172175
choque_10pct_temporario,temporario,0.9,0.09999999999999998,False,58,99,19,11067722.386205496,0.06142776461118232,0.19395399071021902,0.13212261202276626,0.012529412901496924
choque_10pct_temporario,temporario,0.9,0.09999999999999998,False,58,99,20,11093446.227367654,0.07900229377955754,0.22390770458106446,0.1576340595203825,0.01133788744327806
choque_10pct_temporario,temporario,0.9,0.09999999999999998,False,58,99,21,10829137.64364259,0.09423362095999792,0.22499831047746044,0.18743537287042272,-0.00038335271334740946
choque_10pct_temporario,temporario,0.9,0.09999999999999998,False,58,99,22,10631417.783597764,0.10380882607385648,0.20492488242042373,0.20083247278299454,-0.017314558511557363
choque_10pct_temporario,temporario,0.9,0.09999999999999998,False,58,99,23,10375101.66316832,0.11070597439196336,0.1722604093102773,0.21221035976593308,-0.03530564363665473
choque_10pct_temporario,temporario,0.9,0.09999999999999998,False,58,99,24,10479257.872951418,0.10378978307425751,0.13719660993762228,0.20998441844911322,-0.04751626102088789
choque_10pct_temporario,temporario,0.9,0.09999999999999998,False,58,99,25,10832566.532894231,0.08314331108885144,0.11150008128943734,0.1944396249741912,-0.05396086221459473
choque_10pct_temporario,temporario,0.9,0.09999999999999998,False,59,100,0,7609597.0,0.138,0.03,0.12063832026847152,0.010583740505574736
choque_10pct_temporario,temporario,0.9,0.09999999999999998,False,59,100,1,7652724.38733265,0.14039181650999813,0.030000000000000027,0.11859183719691781,0.007984885903803248
choque_10pct_temporario,temporario,0.9,0.09999999999999998,False,59,100,2,7805420.605247177,0.13522749384151414,0.024184488525404113,0.12049801877331648,0.004661907193755282
choque_10pct_temporario,temporario,0.9,0.09999999999999998,False,59,100,3,8049794.709158673,0.12548596327462314,0.026837842258442324,0.1123105255493822,0.005576432247561984
choque_10pct_temporario,temporario,0.9,0.09999999999999998,False,59,100,4,8338584.981982603,0.11206081579277484,0.029983348496512185,0.10615875213930297,0.0071662046553755835
choque_10pct_temporario,temporario,0.9,0.09999999999999998,False,59,100,5,8588964.21954142,0.09698420379502729,0.04511147910079538,0.0981371452787996,0.009336259052786355
choque_10pct_temporario,temporario,0.9,0.09999999999999998,False,59,100,6,8836951.794983638,0.0891282574572062,0.06208459818625678,0.09678489061322158,0.008793683255394574
choque_10pct_temporario,temporario,0.9,0.09999999999999998,False,59,100,7,8936788.22000395,0.09089248081931872,0.08630400147462503,0.1018896627563459,0.012944202612770201
choque_10pct_temporario,temporario,0.9,0.09999999999999998,False,59,100,8,9020174.784319878,0.09703836096131621,0.10363949134176642,0.11545157106461848,0.012545017074926439
choque_10pct_temporario,temporario,0.9,0.09999999999999998,False,59,100,9,8923729.071107827,0.11038031705107015,0.1149802048931099,0.13325852809071584,0.009191193491119416
choque_10pct_temporario,temporario,0.9,0.09999999999999998,False,59,100,10,8737372.909802096,0.12832303565052855,0.11245688436445489,0.15593153529318723,0.000157706442037582
choque_10pct_temporario,temporario,0.9,0.09999999999999998,False,59,100,11,8594718.06149811,0.14134189434346084,0.09722338406531428,0.17328258136438945,-0.011233499521807034
choque_10pct_temporario,temporario,0.9,0.09999999999999998,False,59,100,12,8539587.042558292,0.1459104782347756,0.0751115976892065,0.18169654002011676,-0.023205242035485674
choque_10pct_temporario,temporario,0.9,0.09999999999999998,False,59,100,13,8577677.247522606,0.14251025600412826,0.05338991834684759,0.180928441926004,-0.03472506967594211
choque_10pct_temporario,temporario,0.9,0.09999999999999998,False,59,100,14,9039131.681115158,0.12435157413934464,0.034212273900318335,0.16529278010021997,-0.039159358093608536
choque_10pct_temporario,temporario,0.9,0.09999999999999998,False,59,100,15,9669718.544400513,0.09566991797039623,0.026938495413271424,0.142562887157605,-0.03376307368753026
choque_10pct_temporario,temporario,0.9,0.09999999999999998,False,59,100,16,10167408.122074507,0.06926968964062559,0.03768830663633005,0.1248701357463418,-0.02584334010423995
choque_10pct_temporario,temporario,0.9,0.09999999999999998,False,59,100,17,10584380.70457768,0.05563618669497669,0.07353361525158508,0.1129084306007551,-0.011543223850018311
choque_10pct_temporario,temporario,0.9,0.09999999999999998,False,59,100,18,10873503.86244505,0.05586930149680042,0.1289618735280238,0.11482184343392945,-2.644924133275571e-05
choque_10pct_temporario,temporario,0.9,0.09999999999999998,False,59,100,19,11102290.271542624,0.06303051998293342,0.18263090478601973,0.13172428577895365,0.0083502929780754
choque_10pct_temporario,temporario,0.9,0.09999999999999998,False,59,100,20,11199158.527814565,0.06990181844929147,0.2176477868758142,0.15067264189973267,0.013285634273623852
choque_10pct_temporario,temporario,0.9,0.09999999999999998,False,59,100,21,11199385.059904402,0.07149040876338802,0.23184247443688988,0.16357237078334502,0.008120973701839753
choque_10pct_temporario,temporario,0.9,0.09999999999999998,False,59,100,22,11118847.261788845,0.0786424683106957,0.23278704171319564,0.1746245520485767,-0.0006634422180533957
choque_10pct_temporario,temporario,0.9,0.09999999999999998,False,59,100,23,10848015.960170466,0.09471100181966889,0.21685309655459561,0.19698363691102974,-0.015588104757035688
choque_10pct_temporario,temporario,0.9,0.09999999999999998,False,59,100,24,10710684.901153734,0.10154129407909757,0.18700838262919062,0.21246830941720232,-0.033676056900324304
choque_10pct_temporario,temporario,0.9,0.09999999999999998,False,59,100,25,10777582.113561165,0.09561145520722907,0.1549576369430834,0.20866784818922413,-0.04765050328542282
choque_10pct_temporario,temporario,0.9,0.09999999999999998,False,60,101,0,7609597.0,0.138,0.03,0.12063832026847152,0.010583740505574736
choque_10pct_temporario,temporario,0.9,0.09999999999999998,False,60,101,1,7652724.38733265,0.14039181650999813,0.030000000000000027,0.11859183719691781,0.007984885903803248
choque_10pct_temporario,temporario,0.9,0.09999999999999998,False,60,101,2,7810314.033300547,0.13522708141572493,0.02417722863023286,0.12034456570471717,0.003376331611358988
choque_10pct_temporario,temporario,0.9,0.09999999999999998,False,60,101,3,8057438.034464313,0.12472614910127032,0.02685924023907993,0.1119352966239309,0.0051062560118289085
choque_10pct_temporario,temporario,0.9,0.09999999999999998,False,60,101,4,8428089.873602377,0.10789505329219334,0.030282995463448925,0.10385262074889468,0.004149907900870135
choque_10pct_temporario,temporario,0.9,0.09999999999999998,False,60,101,5,8605257.689282728,0.0941472531769292,0.04874368731362266,0.09595815345360259,0.009942114925650983
choque_10pct_temporario,temporario,0.9,0.09999999999999998,False,60,101,6,8764324.23277588,0.09260822304876463,0.06628993934125882,0.09822180946551552,0.0113884364440818
choque_10pct_temporario,temporario,0.9,0.09999999999999998,False,60,101,7,8897194.534106752,0.09245405817072322,0.08859291943948211,0.10536243993779983,0.013068035472183985
choque_10pct_temporario,temporario,0.9,0.09999999999999998,False,60,101,8,8952046.899457369,0.09765304568688273,0.10420065033163128,0.11724633120061458,0.010146309685200432
choque_10pct_temporario,temporario,0.9,0.09999999999999998,False,60,101,9,8884675.602089655,0.11132020217056832,0.11399651950464462,0.13425519643133316,0.006926561512028915
choque_10pct_temporario,temporario,0.9,0.09999999999999998,False,60,101,10,8702670.225048663,0.12863107081485212,0.10984323422011033,0.15698633358413866,-0.0037913070375508637
choque_10pct_temporario,temporario,0.9,0.09999999999999998,False,60,101,11,8607240.101734173,0.13816731149807246,0.09525509752610484,0.17101800898971015,-0.013971325821485196
choque_10pct_temporario,temporario,0.9,0.09999999999999998,False,60,101,12,8603876.576774336,0.14068682468645663,0.07349946790868289,0.17636641263201705,-0.024769687969171186
choque_10pct_temporario,temporario,0.9,0.09999999999999998,False,60,101,13,8733319.190801565,0.1329052368619501,0.05355195291086767,0.17231014582353524,-0.030446211588589307
choque_10pct_temporario,temporario,0.9,0.09999999999999998,False,60,101,14,9145906.526183415,0.11300459074186153,0.03786787662772806,0.15684655800049233,-0.03183626217924659
choque_10pct_temporario,temporario,0.9,0.09999999999999998,False,60,101,15,9851471.626272647,0.0825960662663774,0.03637054082798019,0.13340419880039672,-0.024733324727739175
choque_10pct_temporario,temporario,0.9,0.09999999999999998,False,60,101,16,10304087.074474495,0.06095369128178743,0.055911352359231614,0.11671912591136288,-0.015994137762864624
choque_10pct_temporario,temporario,0.9,0.09999999999999998,False,60,101,17,10680154.886573305,0.05204563765554174,0.10110652444662072,0.10952704649986607,-0.005607813234915757
choque_10pct_temporario,temporario,0.9,0.09999999999999998,False,60,101,18,10912261.025038073,0.05848797017217377,0.15870168774219473,0.11838514352843717,0.008235956972202885
choque_10pct_temporario,temporario,0.9,0.09999999999999998,False,60,101,19,10975851.074937379,0.0728423640506521,0.20352850972761694,0.14502069203893342,0.011336564871389154
choque_10pct_temporario,temporario,0.9,0.09999999999999998,False,60,101,20,11065518.046554549,0.07635120361290856,0.22197867359353518,0.1628617906810908,0.009800956644115512
choque_10pct_temporario,temporario,0.9,0.09999999999999998,False,60,101,21,11022196.962797806,0.07702966831074115,0.22346803791897107,0.1681783040052093,0.003619956842798918
choque_10pct_temporario,temporario,0.9,0.09999999999999998,False,60,101,22,10806027.85525788,0.08808134816311161,0.213912247990097,0.18332446290247253,-0.008909732274032692
choque_10pct_temporario,temporario,0.9,0.09999999999999998,False,60,101,23,10703381.16207683,0.0967087718682069,0.1902677868888425,0.20126951442432423,-0.02357829068650598
choque_10pct_temporario,temporario,0.9,0.09999999999999998,False,60,101,24,10552255.955354517,0.10211478647289964,0.16349543466304173,0.20973818545832768,-0.03883476302734173
choque_10pct_temporario,temporario,0.9,0.09999999999999998,False,60,101,25,10775674.497341696,0.09098480224533492,0.13387554771313015,0.2038994295872493,-0.04884076105354679
choque_10pct_temporario,temporario,0.9,0.09999999999999998,False,61,102,0,7609597.0,0.138,0.03,0.12063832026847152,0.010583740505574736
choque_10pct_temporario,temporario,0.9,0.09999999999999998,False,61,102,1,7650002.471661862,0.14041421592540543,0.030000000000000027,0.11872188524457562,0.007945657219823491
choque_10pct_temporario,temporario,0.9,0.09999999999999998,False,61,102,2,7798683.8567142505,0.13544303527764473,0.024175254533992607,0.12053968788095525,0.005032995265911192
choque_10pct_temporario,temporario,0.9,0.09999999999999998,False,61,102,3,8056100.160966143,0.12551229731767805,0.026759128492234163,0.11194744237407288,0.005468382779039648
choque_10pct_temporario,temporario,0.9,0.09999999999999998,False,61,102,4,8412643.465632271,0.10825346654674162,0.02986846263692411,0.10387941608350315,0.007184095157875705
choque_10pct_temporario,temporario,0.9,0.09999999999999998,False,61,102,5,8633599.533259878,0.09282135741801509,0.046848227335362536,0.09612333361294371,0.01137850310169342
choque_10pct_temporario,temporario,0.9,0.09999999999999998,False,61,102,6,8797428.548060657,0.09244303216895663,0.0662840967028171,0.09848372523289954,0.010782154313444477
choque_10pct_temporario,temporario,0.9,0.09999999999999998,False,61,102,7,8807543.763178889,0.0997618547215698,0.08856501912455594,0.11044991366613935,0.009569523976796529
choque_10pct_temporario,temporario,0.9,0.09999999999999998,False,61,102,8,8832166.282154525,0.10772291654014912,0.10077327309261608,0.12511821778839877,0.00995446172372106
choque_10pct_temporario,temporario,0.9,0.09999999999999998,False,61,102,9,8794138.776933407,0.11519699994473848,0.1053516676161872,0.13836506571245152,0.0019057457955847855
choque_10pct_temporario,temporario,0.9,0.09999999999999998,False,61,102,10,8721433.614197955,0.12427973202615822,0.09838304914326579,0.15260843238769797,-0.005562395066634305
choque_10pct_temporario,temporario,0.9,0.09999999999999998,False,61,102,11,8701167.469645431,0.12786137814521126,0.08737542267549481,0.1612229528445265,-0.014444725502234891
choque_10pct_temporario,temporario,0.9,0.09999999999999998,False,61,102,12,8783442.11529812,0.12614956114210277,0.071410437737782,0.163184843680187,-0.021230295905961507
choque_10pct_temporario,temporario,0.9,0.09999999999999998,False,61,102,13,9020256.233936962,0.11638542243457112,0.05996732999814136,0.15617607559800406,-0.023718524592401303
choque_10pct_temporario,temporario,0.9,0.09999999999999998,False,61,102,14,9364879.75814387,0.09729702056436097,0.05319617768934304,0.14449710832043564,-0.023460808073872005
choque_10pct_temporario,temporario,0.9,0.09999999999999998,False,61,102,15,9943365.935728962,0.07410955846786302,0.05992061058846132,0.1264857434411205,-0.016414151807019835
choque_10pct_temporario,temporario,0.9,0.09999999999999998,False,61,102,16,10322040.414882232,0.056569364004316544,0.08658360180289493,0.11485488185688157,-0.009820977228347209
choque_10pct_temporario,temporario,0.9,0.09999999999999998,False,61,102,17,10662045.321057472,0.05471220436946496,0.1333395508366364,0.11075460872314365,0.003923295629733723
choque_10pct_temporario,temporario,0.9,0.09999999999999998,False,61,102,18,10884666.946766742,0.06021064200085508,0.18121695778619462,0.12674122729042564,0.008861076975578213
choque_10pct_temporario,temporario,0.9,0.09999999999999998,False,61,102,19,11069669.48717778,0.06851574480813381,0.21640322542218016,0.14367723406743066,0.014407082082697469
choque_10pct_temporario,temporario,0.9,0.09999999999999998,False,61,102,20,10962092.650688166,0.076899037526269,0.2307895197842087,0.16363783850818453,0.007507115341438346
choque_10pct_temporario,temporario,0.9,0.09999999999999998,False,61,102,21,10804642.387614215,0.08891355955677091,0.225463841860867,0.18034111040645034,-0.0004908151059389819
choque_10pct_temporario,temporario,0.9,0.09999999999999998,False,61,102,22,10570177.715039816,0.10027687639466445,0.20344867324146865,0.19854215907859837,-0.01768536597248686
choque_10pct_temporario,temporario,0.9,0.09999999999999998,False,61,102,23,10505116.853753438,0.10293818470343727,0.17133036233274024,0.20583168721820008,-0.03351279509792732
choque_10pct_temporario,temporario,0.9,0.09999999999999998,False,61,102,24,10520375.552397676,0.09611283994317478,0.14172015049490194,0.20346087082402697,-0.051432635731853436
choque_10pct_temporario,temporario,0.9,0.09999999999999998,False,61,102,25,11034061.403777651,0.07416202025301573,0.11834767317208272,0.18503580911173265,-0.04939444217067494
choque_10pct_temporario,temporario,0.9,0.09999999999999998,False,62,103,0,7609597.0,0.138,0.03,0.12063832026847152,0.010583740505574736
choque_10pct_temporario,temporario,0.9,0.09999999999999998,False,62,103,1,7652724.38733265,0.14039181650999813,0.030000000000000027,0.11859183719691781,0.007984885903803248
choque_10pct_temporario,temporario,0.9,0.09999999999999998,False,62,103,2,7801389.463608131,0.13522708141572493,0.02418076482516729,0.12045633882052506,0.0045390471653261434
choque_10pct_temporario,temporario,0.9,0.09999999999999998,False,62,103,3,8065835.647105424,0.12460547721408592,0.0268679008619761,0.11210610703681127,0.003572596108639618
choque_10pct_temporario,temporario,0.9,0.09999999999999998,False,62,103,4,8343083.17549668,0.10942724430667809,0.03031923998380992,0.10479249942583807,0.006601961244087908
choque_10pct_temporario,temporario,0.9,0.09999999999999998,False,62,103,5,8634384.584227655,0.09411416889299003,0.047522106055015945,0.09575549879256871,0.009481670233027064
choque_10pct_temporario,temporario,0.9,0.09999999999999998,False,62,103,6,8857037.649035707,0.08513559607003597,0.06559258337299179,0.09449502032464614,0.012191674614130791
choque_10pct_temporario,temporario,0.9,0.09999999999999998,False,62,103,7,8951235.992612809,0.08980972253169829,0.0929668223008715,0.10048850735008882,0.01479231185297415
choque_10pct_temporario,temporario,0.9,0.09999999999999998,False,62,103,8,8961103.536258874,0.10131097410688883,0.10944684382576453,0.11954238758303129,0.010181418360321088
choque_10pct_temporario,temporario,0.9,0.09999999999999998,False,62,103,9,8867042.633787407,0.11476754746673455,0.11781579660918728,0.13802107701110727,0.006620763721264313
choque_10pct_temporario,temporario,0.9,0.09999999999999998,False,62,103,10,8755337.804833982,0.12579966329839914,0.1095449733800764,0.15591105755719312,-0.003557974341542623
choque_10pct_temporario,temporario,0.9,0.09999999999999998,False,62,103,11,8692408.338364616,0.13175454145797164,0.097021221195849,0.165336423216919,-0.013558625680763072
choque_10pct_temporario,temporario,0.9,0.09999999999999998,False,62,103,12,8662220.6099349,0.13453230385390025,0.07608830995243965,0.17248208182155386,-0.023879160996146207
choque_10pct_temporario,temporario,0.9,0.09999999999999998,False,62,103,13,8859537.444625178,0.12686873129013165,0.05899576105284132,0.16677768859799758,-0.027007539749642887
choque_10pct_temporario,temporario,0.9,0.09999999999999998,False,62,103,14,9185971.411184272,0.10863822007870293,0.04536304677466152,0.15432901763956558,-0.03284278834854162
choque_10pct_temporario,temporario,0.9,0.09999999999999998,False,62,103,15,9846968.985626753,0.08235904621769793,0.04547954671370058,0.132447473573846,-0.025307186156199937
choque_10pct_temporario,temporario,0.9,0.09999999999999998,False,62,103,16,10307892.833752483,0.05889566819887281,0.06398963705187533,0.11670081900326254,-0.016324721163959756
choque_10pct_temporario,temporario,0.9,0.09999999999999998,False,62,103,17,10717340.06070579,0.04966128677162708,0.11060334555105777,0.1061530244517389,-0.0004990947787020626
choque_10pct_temporario,temporario,0.9,0.09999999999999998,False,62,103,18,10917239.803856269,0.05574402550162626,0.16887821867337793,0.11660037371499854,0.011178343119047866
choque_10pct_temporario,temporario,0.9,0.09999999999999998,False,62,103,19,11060363.960829841,0.07142828502154625,0.2149127019512327,0.14319722016677305,0.016406359798023375
choque_10pct_temporario,temporario,0.9,0.09999999999999998,False,62,103,20,11055608.223572334,0.0793821420480848,0.23129476192931642,0.1674241904005863,0.009265857857904364
choque_10pct_temporario,temporario,0.9,0.09999999999999998,False,62,103,21,10794272.619128712,0.09003522729961885,0.23025423196433503,0.18027275627636996,-0.0030243518677130665
choque_10pct_temporario,temporario,0.9,0.09999999999999998,False,62,103,22,10657822.923476277,0.1002754385318058,0.20440130873333384,0.19690522260369595,-0.018463441017927434
choque_10pct_temporario,temporario,0.9,0.09999999999999998,False,62,103,23,10436452.788626257,0.10661281882678406,0.1749980038514911,0.2077449558276829,-0.03472998982233691
choque_10pct_temporario,temporario,0.9,0.09999999999999998,False,62,103,24,10507493.026524073,0.09852262576763116,0.13912344683637556,0.2070219839035687,-0.052307007938741
choque_10pct_temporario,temporario,0.9,0.09999999999999998,False,62,103,25,11044223.11132534,0.07452740970921758,0.11612545411279718,0.18434882341131817,-0.04875260572431644
choque_10pct_temporario,temporario,0.9,0.09999999999999998,False,63,104,0,7609597.0,0.138,0.03,0.12063832026847152,0.010583740505574736
choque_10pct_temporario,temporario,0.9,0.09999999999999998,False,63,104,1,7652724.38733265,0.14039181650999813,0.030000000000000027,0.11859183719691781,0.007984885903803248
choque_10pct_temporario,temporario,0.9,0.09999999999999998,False,63,104,2,7800331.918084864,0.13522708141572493,0.024184839601901098,0.12056828844091663,0.005109422131421157
choque_10pct_temporario,temporario,0.9,0.09999999999999998,False,63,104,3,8035590.667129238,0.12544034788120734,0.02684110530888928,0.1128197861269166,0.004372443627964133
choque_10pct_temporario,temporario,0.9,0.09999999999999998,False,63,104,4,8337284.231077738,0.11061192036583727,0.02998433218666996,0.10532738182984704,0.008197021124033055
choque_10pct_temporario,temporario,0.9,0.09999999999999998,False,63,104,5,8666810.299429193,0.09298228440866146,0.04567794484472798,0.09604733027356295,0.013667419622001638
choque_10pct_temporario,temporario,0.9,0.09999999999999998,False,63,104,6,8771980.520526884,0.08887627838107401,0.06523144395375469,0.09742065670762248,0.011772210897939183
choque_10pct_temporario,temporario,0.9,0.09999999999999998,False,63,104,7,8841968.747184146,0.09918377415566551,0.08928585563435498,0.10853830856629343,0.015615787695463984
choque_10pct_temporario,temporario,0.9,0.09999999999999998,False,63,104,8,8836987.192419432,0.11069794204998643,0.10130129492614914,0.12777519730128006,0.008417113261949544
choque_10pct_temporario,temporario,0.9,0.09999999999999998,False,63,104,9,8782426.381935932,0.11705094061861102,0.10538186996324828,0.14018666264234467,0.006294810789544175
choque_10pct_temporario,temporario,0.9,0.09999999999999998,False,63,104,10,8736039.661407482,0.12271784138156963,0.09791363853424628,0.15211203045075603,-0.005266630608222676
choque_10pct_temporario,temporario,0.9,0.09999999999999998,False,63,104,11,8680656.258773392,0.12933536287161795,0.0874746590441633,0.1610374350689515,-0.013446496422088575
choque_10pct_temporario,temporario,0.9,0.09999999999999998,False,63,104,12,8808089.854594544,0.12582154179595623,0.07137466066083675,0.162733015692919,-0.022443008911898394
choque_10pct_temporario,temporario,0.9,0.09999999999999998,False,63,104,13,8983662.616599474,0.11531710909162984,0.059589517100222755,0.15638020421317275,-0.026794152783026236
choque_10pct_temporario,temporario,0.9,0.09999999999999998,False,63,104,14,9410045.127067545,0.09729596205682928,0.052732253359993875,0.1432924097392119,-0.025333345482061766
choque_10pct_temporario,temporario,0.9,0.09999999999999998,False,63,104,15,9923549.064281136,0.07253867030811963,0.05898615115027783,0.12702332202908428,-0.019268805971176844
choque_10pct_temporario,temporario,0.9,0.09999999999999998,False,63,104,16,10430429.787071794,0.05554834431466428,0.08740156608259064,0.11145211269709379,-0.009196694248923358
choque_10pct_temporario,temporario,0.9,0.09999999999999998,False,63,104,17,10747819.50957066,0.050455128081589584,0.13568133325964205,0.10870620750542523,0.002257841327940187
choque_10pct_temporario,temporario,0.9,0.09999999999999998,False,63,104,18,11029676.9773668,0.05769006203028035,0.1920012394152968,0.11993335806946491,0.016830128989536185
choque_10pct_temporario,temporario,0.9,0.09999999999999998,False,63,104,19,11056246.901143597,0.07267510018084891,0.22748790163467203,0.14804107103046832,0.021093339879563973
choque_10pct_temporario,temporario,0.9,0.09999999999999998,False,63,104,20,10897082.642715503,0.08450680471462435,0.23953171300927267,0.1732354422177771,0.008235233792188977
choque_10pct_temporario,temporario,0.9,0.09999999999999998,False,63,104,21,10577037.318341205,0.10251842960969601,0.22514852634830018,0.19231139574877132,-0.005722415066653136
choque_10pct_temporario,temporario,0.9,0.09999999999999998,False,63,104,22,10302614.342963979,0.11153690583150001,0.19234294384912953,0.21031798292435705,-0.028116640764808066
choque_10pct_temporario,temporario,0.9,0.09999999999999998,False,63,104,23,10276546.474409243,0.10691666440028662,0.1529027595248742,0.21032556800746552,-0.045775629275593505
choque_10pct_temporario,temporario,0.9,0.09999999999999998,False,63,104,24,10455604.116899263,0.09503751469786538,0.11990897662593736,0.19979841249148422,-0.05367852363816267
choque_10pct_temporario,temporario,0.9,0.09999999999999998,False,63,104,25,11166270.778947705,0.06587916261207712,0.10033764824105162,0.1766244182123502,-0.04962821942417289
choque_10pct_temporario,temporario,0.9,0.09999999999999998,False,64,105,0,7609597.0,0.138,0.03,0.12063832026847152,0.010583740505574736
choque_10pct_temporario,temporario,0.9,0.09999999999999998,False,64,105,1,7652724.38733265,0.14039181650999813,0.030000000000000027,0.11859183719691781,0.007984885903803248
choque_10pct_temporario,temporario,0.9,0.09999999999999998,False,64,105,2,7800563.818636234,0.13522708141572493,0.024177090049350314,0.12051070114827839,0.003203333660435202
choque_10pct_temporario,temporario,0.9,0.09999999999999998,False,64,105,3,8082200.757450347,0.12415519740479337,0.026867671667129223,0.11145732436299939,0.007161340119026205
choque_10pct_temporario,temporario,0.9,0.09999999999999998,False,64,105,4,8375355.965517943,0.11004903845188879,0.030515382646011835,0.1051377653029078,0.008595683120000875
choque_10pct_temporario,temporario,0.9,0.09999999999999998,False,64,105,5,8541565.655851372,0.10195865147657368,0.046222430426295036,0.10188405947091426,0.0057788672894643085
choque_10pct_temporario,temporario,0.9,0.09999999999999998,False,64,105,6,8704204.565287646,0.09735975300767147,0.06037504047471898,0.10434862492194867,0.008839988901120076
choque_10pct_temporario,temporario,0.9,0.09999999999999998,False,64,105,7,8821935.944508964,0.09649184411860369,0.07918620198885029,0.10887620647991125,0.009862480054592112
choque_10pct_temporario,temporario,0.9,0.09999999999999998,False,64,105,8,8895379.554641275,0.10217503664182623,0.09339364398881567,0.11936024239349532,0.007126500320704965
choque_10pct_temporario,temporario,0.9,0.09999999999999998,False,64,105,9,8863460.44879291,0.11198497326430487,0.10192721671130811,0.13400834540775622,0.003436864284168973
choque_10pct_temporario,temporario,0.9,0.09999999999999998,False,64,105,10,8784731.635171413,0.12453500145838431,0.09952825386517983,0.15050796241068728,-0.003734370461351475
choque_10pct_temporario,temporario,0.9,0.09999999999999998,False,64,105,11,8782020.401561964,0.1259677871423913,0.08902502245418864,0.1601398021040087,-0.012827513054781354
choque_10pct_temporario,temporario,0.9,0.09999999999999998,False,64,105,12,8795523.677205773,0.12770461379339212,0.07678532112964187,0.16298171436185577,-0.02038073704802023
choque_10pct_temporario,temporario,0.9,0.09999999999999998,False,64,105,13,8894052.787623582,0.12040887980762391,0.06442890488079134,0.1620765358195843,-0.02810404284467801
choque_10pct_temporario,temporario,0.9,0.09999999999999998,False,64,105,14,9357840.43194766,0.10155960980678666,0.05601505275372265,0.14698471437145236,-0.026251400153546278
choque_10pct_temporario,temporario,0.9,0.09999999999999998,False,64,105,15,9864682.996873584,0.07599597257239572,0.058418769953564764,0.12948103605674857,-0.017544078467270907
choque_10pct_temporario,temporario,0.9,0.09999999999999998,False,64,105,16,10344900.622973964,0.05433325374608466,0.08194723973746987,0.11360830306601481,-0.008870652768349769
choque_10pct_temporario,temporario,0.9,0.09999999999999998,False,64,105,17,10735258.458847698,0.049079822409290895,0.1314272780826966,0.10543737562519116,0.0033789157056714203
choque_10pct_temporario,temporario,0.9,0.09999999999999998,False,64,105,18,10945374.049042378,0.059834435732962724,0.1889298991416175,0.12109595715351683,0.01505822552694921
choque_10pct_temporario,temporario,0.9,0.09999999999999998,False,64,105,19,10991180.286341818,0.07607438780613092,0.22231186367268996,0.15305106802951898,0.014759602872035869
choque_10pct_temporario,temporario,0.9,0.09999999999999998,False,64,105,20,10900647.815777374,0.08631337365132771,0.22921071383084723,0.17426668900556228,0.008372584760107583
choque_10pct_temporario,temporario,0.9,0.09999999999999998,False,64,105,21,10586184.28090201,0.09930104951658238,0.21694434237015603,0.19071752808067952,-0.010236909181407775
choque_10pct_temporario,temporario,0.9,0.09999999999999998,False,64,105,22,10369514.423585929,0.10898413115271609,0.1877274245731424,0.20561637130268628,-0.029961049792502897
choque_10pct_temporario,temporario,0.9,0.09999999999999998,False,64,105,23,10308893.269356169,0.10673838178783251,0.15211675795152324,0.20880989951057483,-0.04415760744864412
choque_10pct_temporario,temporario,0.9,0.09999999999999998,False,64,105,24,10565877.75720342,0.09088909879777089,0.12034744892734439,0.19697264127713118,-0.049196691341288734
choque_10pct_temporario,temporario,0.9,0.09999999999999998,False,64,105,25,11221788.693134412,0.060636711782995664,0.10482797145879252,0.1726187876892041,-0.046175290757947615
choque_10pct_temporario,temporario,0.9,0.09999999999999998,False,65,106,0,7609597.0,0.138,0.03,0.12063832026847152,0.010583740505574736
choque_10pct_temporario,temporario,0.9,0.09999999999999998,False,65,106,1,7652724.38733265,0.14039181650999813,0.030000000000000027,0.11859183719691781,0.007984885903803248
choque_10pct_temporario,temporario,0.9,0.09999999999999998,False,65,106,2,7795759.389025463,0.13522708141572493,0.024174315104845245,0.12053338646317642,0.0028232504809952382
choque_10pct_temporario,temporario,0.9,0.09999999999999998,False,65,106,3,8066722.623080711,0.1240298344420654,0.0268813672610837,0.11103366099375539,0.0065528971094054
choque_10pct_temporario,temporario,0.9,0.09999999999999998,False,65,106,4,8381860.874581563,0.10756815905149672,0.030548426762506242,0.10317564383710648,0.005740841421100333
choque_10pct_temporario,temporario,0.9,0.09999999999999998,False,65,106,5,8669128.235161694,0.09280568107480179,0.047305673446291774,0.09409068531189145,0.01081067027667742
choque_10pct_temporario,temporario,0.9,0.09999999999999998,False,65,106,6,8871760.844943043,0.08452703688725172,0.06715288713981393,0.09333192347936832,0.015033803536490618
choque_10pct_temporario,temporario,0.9,0.09999999999999998,False,65,106,7,9041787.47558659,0.08405925218571472,0.09527506285184817,0.09790502424331314,0.0167107278710672
choque_10pct_temporario,temporario,0.9,0.09999999999999998,False,65,106,8,8988511.396306606,0.0996190919107309,0.11703085600690977,0.11693732506688484,0.01526228403529481
choque_10pct_temporario,temporario,0.9,0.09999999999999998,False,65,106,9,8772843.234904729,0.12239720347780779,0.12461021153843177,0.14596755542961978,0.0034693030253455295
choque_10pct_temporario,temporario,0.9,0.09999999999999998,False,65,106,10,8641466.46315143,0.13848753975877706,0.11390522719928975,0.16597961025698818,-0.0066962310145109545
choque_10pct_temporario,temporario,0.9,0.09999999999999998,False,65,106,11,8533340.84964229,0.14279985897414008,0.09317315237560142,0.17610355293093838,-0.01992646235658813
choque_10pct_temporario,temporario,0.9,0.09999999999999998,False,65,106,12,8527053.355512127,0.14232191209571635,0.06991531479195423,0.17757963533110108,-0.03018942842143366
choque_10pct_temporario,temporario,0.9,0.09999999999999998,False,65,106,13,8771017.096659264,0.1319396053741597,0.047269892825739124,0.16987148779462052,-0.032939988267148015
choque_10pct_temporario,temporario,0.9,0.09999999999999998,False,65,106,14,9167963.125892606,0.11144878382797388,0.03324214770998801,0.15433861220461675,-0.034861723687166196
choque_10pct_temporario,temporario,0.9,0.09999999999999998,False,65,106,15,9783050.534266524,0.08448349136058714,0.03171764322485271,0.13362598496238165,-0.027012100054553657
choque_10pct_temporario,temporario,0.9,0.09999999999999998,False,65,106,16,10282768.16183511,0.06072468243213805,0.0514750624590401,0.11681873508492857,-0.01722728960754728
choque_10pct_temporario,temporario,0.9,0.09999999999999998,False,65,106,17,10623396.398994528,0.052731282644721704,0.09698876319544425,0.10830219070530153,-0.006080629741582984
choque_10pct_temporario,temporario,0.9,0.09999999999999998,False,65,106,18,10947682.687139822,0.05863688521391077,0.15487292787984042,0.11676778221928787,0.00576691508028919
choque_10pct_temporario,temporario,0.9,0.09999999999999998,False,65,106,19,11152478.861440927,0.06430336725182963,0.20028460584563934,0.1382941305718368,0.013244663699767362
choque_10pct_temporario,temporario,0.9,0.09999999999999998,False,65,106,20,11203443.387845203,0.06834664295571415,0.22944877591378443,0.15201836531588592,0.015455243762917292
choque_10pct_temporario,temporario,0.9,0.09999999999999998,False,65,106,21,11136147.824650778,0.07980111783227856,0.2371127018328878,0.1690264312542867,0.0070989521457016985
choque_10pct_temporario,temporario,0.9,0.09999999999999998,False,65,106,22,10689237.94157174,0.10345007763416511,0.22568475960906098,0.1994880951657425,-0.010838192604468467
choque_10pct_temporario,temporario,0.9,0.09999999999999998,False,65,106,23,10471779.357472401,0.11322536704304802,0.19274794180972354,0.2182061398965543,-0.02914193919560821
choque_10pct_temporario,temporario,0.9,0.09999999999999998,False,65,106,24,10430201.749290159,0.10680394805941741,0.15305457039643744,0.21433227050555792,-0.04733198539297734
choque_10pct_temporario,temporario,0.9,0.09999999999999998,False,65,106,25,10781407.575912055,0.08683291928472231,0.11964713583999109,0.19766906170771997,-0.0532996883400232
choque_10pct_temporario,temporario,0.9,0.09999999999999998,False,66,107,0,7609597.0,0.138,0.03,0.12063832026847152,0.010583740505574736
choque_10pct_temporario,temporario,0.9,0.09999999999999998,False,66,107,1,7652724.38733265,0.14039181650999813,0.030000000000000027,0.11859183719691781,0.007984885903803248
choque_10pct_temporario,temporario,0.9,0.09999999999999998,False,66,107,2,7813739.9898260655,0.13522708141572493,0.02417499204141582,0.12049542615727203,0.0021218240363874157
choque_10pct_temporario,temporario,0.9,0.09999999999999998,False,66,107,3,8043384.744295323,0.12543951147811472,0.02687169830469127,0.11253875939232066,0.0051791478491445405
choque_10pct_temporario,temporario,0.9,0.09999999999999998,False,66,107,4,8362093.485037438,0.1096698145946373,0.029981432694052845,0.10514966826890736,0.006135468431830707
choque_10pct_temporario,temporario,0.9,0.09999999999999998,False,66,107,5,8593901.90925753,0.09766538071357274,0.0468732224781605,0.09736190528232036,0.009316008794842592
choque_10pct_temporario,temporario,0.9,0.09999999999999998,False,66,107,6,8825808.644514577,0.09000716270133145,0.06270387640668806,0.09822218790883289,0.00892091725258802
choque_10pct_temporario,temporario,0.9,0.09999999999999998,False,66,107,7,8934287.74327339,0.09060721919123567,0.08726698849095404,0.1025892290189066,0.01232298524656001
choque_10pct_temporario,temporario,0.9,0.09999999999999998,False,66,107,8,8933401.219844995,0.10086314874000187,0.10272257088481895,0.11876393210566319,0.012920711093001599
choque_10pct_temporario,temporario,0.9,0.09999999999999998,False,66,107,9,8874751.510588309,0.11364586204102772,0.11164659957836576,0.13751372079547186,0.007184140195880199
choque_10pct_temporario,temporario,0.9,0.09999999999999998,False,66,107,10,8705761.86792957,0.1301204193218977,0.10673969402778138,0.1584936554329048,-0.004976610167436475
choque_10pct_temporario,temporario,0.9,0.09999999999999998,False,66,107,11,8554012.850074142,0.14509642001780212,0.0934262138485118,0.17415833597296873,-0.015366539412286658
choque_10pct_temporario,temporario,0.9,0.09999999999999998,False,66,107,12,8498502.945967983,0.14630044284419216,0.07121554731928059,0.18132912053074976,-0.024192649573067514
choque_10pct_temporario,temporario,0.9,0.09999999999999998,False,66,107,13,8722372.058719883,0.13517675607657148,0.04948460689261358,0.17260701469986037,-0.029655326296211437
choque_10pct_temporario,temporario,0.9,0.09999999999999998,False,66,107,14,9116892.837883605,0.11594367606860101,0.03422229566831647,0.15753396045734913,-0.0327847264829227
choque_10pct_temporario,temporario,0.9,0.09999999999999998,False,66,107,15,9712323.974421741,0.09002091692085797,0.03057936095514613,0.13816140836078847,-0.02808571773280109
choque_10pct_temporario,temporario,0.9,0.09999999999999998,False,66,107,16,10197128.169525282,0.0674696370043607,0.04644586733461997,0.12120064644700847,-0.018545086714945595
choque_10pct_temporario,temporario,0.9,0.09999999999999998,False,66,107,17,10674363.548681667,0.05412992753810718,0.0853225296912723,0.11169720750804882,-0.01060793429180411
choque_10pct_temporario,temporario,0.9,0.09999999999999998,False,66,107,18,10887362.687876739,0.05464208857280017,0.14172591651557376,0.11477526469450282,0.004601638616556902
choque_10pct_temporario,temporario,0.9,0.09999999999999998,False,66,107,19,11040559.462023817,0.06929878308460263,0.19436951560957838,0.13615006649312505,0.010447972851388806
choque_10pct_temporario,temporario,0.9,0.09999999999999998,False,66,107,20,11108273.021609353,0.07861399306016383,0.21821065185774113,0.16235813599078414,0.01124876175383481
choque_10pct_temporario,temporario,0.9,0.09999999999999998,False,66,107,21,10948534.023428611,0.08144754539606826,0.2230333576582031,0.17422361620917742,0.001825558066342966
choque_10pct_temporario,temporario,0.9,0.09999999999999998,False,66,107,22,10847227.54800526,0.08795349693684062,0.20988149173945048,0.18426225563151655,-0.00900264677971071
choque_10pct_temporario,temporario,0.9,0.09999999999999998,False,66,107,23,10701463.133411163,0.0955770476313913,0.19014070400580874,0.19809812855490702,-0.022737738662534254
choque_10pct_temporario,temporario,0.9,0.09999999999999998,False,66,107,24,10627840.731255764,0.09784298864938931,0.16097184917861918,0.2069234546777853,-0.03844416752888522
choque_10pct_temporario,temporario,0.9,0.09999999999999998,False,66,107,25,10843057.695663996,0.08654992713870878,0.13813337338711773,0.19939708987613833,-0.04887573365955202
choque_10pct_temporario,temporario,0.9,0.09999999999999998,False,67,108,0,7609597.0,0.138,0.03,0.12063832026847152,0.010583740505574736
choque_10pct_temporario,temporario,0.9,0.09999999999999998,False,67,108,1,7652724.38733265,0.14039181650999813,0.030000000000000027,0.11859183719691781,0.007984885903803248
choque_10pct_temporario,temporario,0.9,0.09999999999999998,False,67,108,2,7798543.595592602,0.13522708141572493,0.02418362697756926,0.12052372678520605,0.004634758829242098
choque_10pct_temporario,temporario,0.9,0.09999999999999998,False,67,108,3,8040886.970484645,0.12396056022957515,0.026857167535801363,0.11195389893165422,0.005743224782402626
choque_10pct_temporario,temporario,0.9,0.09999999999999998,False,67,108,4,8353898.367464216,0.10895051213167273,0.030661408992612493,0.10392576793204017,0.007348702328343026
choque_10pct_temporario,temporario,0.9,0.09999999999999998,False,67,108,5,8657632.836439721,0.0931748807705821,0.04801413727188075,0.09493413313875661,0.010659240880211928
choque_10pct_temporario,temporario,0.9,0.09999999999999998,False,67,108,6,8861360.06239741,0.08595453361642547,0.06679081327012804,0.09470669503781845,0.0109199952000007
choque_10pct_temporario,temporario,0.9,0.09999999999999998,False,67,108,7,8930309.795932682,0.09203503092747194,0.09350212318070628,0.10197071055859033,0.01558840546043566
choque_10pct_temporario,temporario,0.9,0.09999999999999998,False,67,108,8,8951330.875775158,0.10040684500122124,0.10928212517800939,0.12022413455618484,0.012528307075539084
choque_10pct_temporario,temporario,0.9,0.09999999999999998,False,67,108,9,8858888.870270083,0.11591351075784238,0.11707194595503312,0.13797008436922445,0.00667190015593941
choque_10pct_temporario,temporario,0.9,0.09999999999999998,False,67,108,10,8687331.60639727,0.13114330876065936,0.10887190068113006,0.1598032389534282,-0.0016480533536142317
choque_10pct_temporario,temporario,0.9,0.09999999999999998,False,67,108,11,8596407.977091609,0.14018121378979412,0.09208404679980031,0.17272528013896662,-0.0134200995511923
choque_10pct_temporario,temporario,0.9,0.09999999999999998,False,67,108,12,8511821.583811782,0.14713829619125646,0.07008382058053808,0.18143485551277047,-0.027745296212401238
choque_10pct_temporario,temporario,0.9,0.09999999999999998,False,67,108,13,8645778.425671656,0.1409511047650965,0.04813168987768757,0.1774751775309734,-0.038022217171935054
choque_10pct_temporario,temporario,0.9,0.09999999999999998,False,67,108,14,9142993.112429956,0.11891328657590589,0.03170998877522613,0.15768559981122043,-0.037076823853575844
choque_10pct_temporario,temporario,0.9,0.09999999999999998,False,67,108,15,9824610.596572222,0.08455719910499815,0.02814304402603729,0.1337523902108519,-0.030359172886795186
choque_10pct_temporario,temporario,0.9,0.09999999999999998,False,67,108,16,10324140.651211334,0.05888575279870026,0.046978686618676546,0.11391249068767219,-0.020025985009194905
choque_10pct_temporario,temporario,0.9,0.09999999999999998,False,67,108,17,10695856.186112797,0.0511806388024233,0.09512228537999712,0.10486941197127288,-0.008007336623372904
choque_10pct_temporario,temporario,0.9,0.09999999999999998,False,67,108,18,10974357.572356852,0.05453336903443927,0.15721004722659604,0.11426379084572412,0.006818623211324304
choque_10pct_temporario,temporario,0.9,0.09999999999999998,False,67,108,19,11158953.547850216,0.06304242487263027,0.20956328365184862,0.1348085584458107,0.015515876717314513
choque_10pct_temporario,temporario,0.9,0.09999999999999998,False,67,108,20,11221000.066328906,0.07225700439597972,0.23865026971059433,0.15527929479949543,0.01315192095924347
choque_10pct_temporario,temporario,0.9,0.09999999999999998,False,67,108,21,11025556.141817266,0.08489861367570334,0.2443860779892466,0.17447620312159864,0.004730498634216861
choque_10pct_temporario,temporario,0.9,0.09999999999999998,False,67,108,22,10813980.913594462,0.09238406949218977,0.22513373372156642,0.1925695210038848,-0.01147402662617635
choque_10pct_temporario,temporario,0.9,0.09999999999999998,False,67,108,23,10648981.538570374,0.09769360343530327,0.19735785210198142,0.20076418089942902,-0.026562400791794297
choque_10pct_temporario,temporario,0.9,0.09999999999999998,False,67,108,24,10592212.786080396,0.0976872688819534,0.16236603477607137,0.2066972127988896,-0.04176650479304071
choque_10pct_temporario,temporario,0.9,0.09999999999999998,False,67,108,25,10796447.745831544,0.08714877737358014,0.13543019212327145,0.198524821651171,-0.04907824651141932
choque_10pct_temporario,temporario,0.9,0.09999999999999998,False,68,109,0,7609597.0,0.138,0.03,0.12063832026847152,0.010583740505574736
choque_10pct_temporario,temporario,0.9,0.09999999999999998,False,68,109,1,7652724.38733265,0.14039181650999813,0.030000000000000027,0.11859183719691781,0.007984885903803248
choque_10pct_temporario,temporario,0.9,0.09999999999999998,False,68,109,2,7795564.207145303,0.13522708141572493,0.02418834528460323,0.12055536259422993,0.006009541766542328
choque_10pct_temporario,temporario,0.9,0.09999999999999998,False,68,109,3,8084124.505442788,0.12459673686515614,0.026850664392079837,0.11150158718514273,0.004540910103163122
choque_10pct_temporario,temporario,0.9,0.09999999999999998,False,68,109,4,8339610.36786887,0.11017589977930625,0.03039670273599726,0.10470412203118896,0.007572112323746219
choque_10pct_temporario,temporario,0.9,0.09999999999999998,False,68,109,5,8663263.956057398,0.09362302545010069,0.04569489694304463,0.09659760972530426,0.009005861934640263
choque_10pct_temporario,temporario,0.9,0.09999999999999998,False,68,109,6,8827280.06658153,0.08695144040196402,0.06527763907879591,0.09594868294907637,0.012453835618375169
choque_10pct_temporario,temporario,0.9,0.09999999999999998,False,68,109,7,8917746.750600064,0.09260042537966048,0.09115718552617325,0.1035838786752561,0.014610867479813822
choque_10pct_temporario,temporario,0.9,0.09999999999999998,False,68,109,8,8910904.786131004,0.10348911137803478,0.10672710804384389,0.12253149092858072,0.009828486979716012
choque_10pct_temporario,temporario,0.9,0.09999999999999998,False,68,109,9,8803093.464605996,0.11890908271316501,0.11338220272757393,0.14111710095558283,0.005360641914081335
choque_10pct_temporario,temporario,0.9,0.09999999999999998,False,68,109,10,8716331.207584353,0.1290323444597833,0.10439817121447281,0.15797418850305298,-0.002206138066353515
choque_10pct_temporario,temporario,0.9,0.09999999999999998,False,68,109,11,8644781.927604077,0.13416311832692662,0.0908150232546916,0.16686167753337688,-0.013156447318361351
choque_10pct_temporario,temporario,0.9,0.09999999999999998,False,68,109,12,8640167.937806986,0.13627681132759548,0.0716182457834782,0.17204160880692054,-0.023448789853481332
choque_10pct_temporario,temporario,0.9,0.09999999999999998,False,68,109,13,8794374.386095703,0.1288899427669437,0.05354996366673381,0.16830523880184126,-0.030979708061519402
choque_10pct_temporario,temporario,0.9,0.09999999999999998,False,68,109,14,9185602.855102992,0.11127095659701038,0.04087033548913355,0.15418224692525637,-0.02836179826704734
choque_10pct_temporario,temporario,0.9,0.09999999999999998,False,68,109,15,9809929.668051764,0.08208222850690078,0.04012817956666259,0.13345528585692312,-0.024904908059575955
choque_10pct_temporario,temporario,0.9,0.09999999999999998,False,68,109,16,10318138.009542044,0.05869646513322744,0.06248442618602801,0.11461820437343764,-0.014821782070716494
choque_10pct_temporario,temporario,0.9,0.09999999999999998,False,68,109,17,10749055.305362456,0.04932496686083941,0.10840031786686488,0.10586692209374819,-0.003869274381897243
choque_10pct_temporario,temporario,0.9,0.09999999999999998,False,68,109,18,10971249.079777813,0.05461977109981048,0.17048239025508471,0.11436533997923008,0.012633412120762012
choque_10pct_temporario,temporario,0.9,0.09999999999999998,False,68,109,19,11111862.80604511,0.06976382243158256,0.2161990389857149,0.14174473968619322,0.018871626090455403
choque_10pct_temporario,temporario,0.9,0.09999999999999998,False,68,109,20,11113159.369510913,0.08103328047421968,0.23491672937521346,0.16715947267894513,0.012862762080323432
choque_10pct_temporario,temporario,0.9,0.09999999999999998,False,68,109,21,10725673.734332336,0.09812592998285356,0.2301182261187109,0.18837553557755085,-0.002771126230166816
choque_10pct_temporario,temporario,0.9,0.09999999999999998,False,68,109,22,10476919.699954916,0.11095496296095397,0.20181473498665525,0.2083302400373224,-0.023215134680956578
choque_10pct_temporario,temporario,0.9,0.09999999999999998,False,68,109,23,10191139.725412106,0.11705316721589437,0.16542175744912258,0.21806319060521442,-0.04252215681622742
choque_10pct_temporario,temporario,0.9,0.09999999999999998,False,68,109,24,10484857.925035296,0.10114855186096798,0.12553139065133134,0.2068677647582802,-0.05305676389744702
choque_10pct_temporario,temporario,0.9,0.09999999999999998,False,68,109,25,10859447.819436267,0.07785273297356912,0.101734372124763,0.18628513317154433,-0.05495383494059034
choque_10pct_temporario,temporario,0.9,0.09999999999999998,False,69,110,0,7609597.0,0.138,0.03,0.12063832026847152,0.010583740505574736
choque_10pct_temporario,temporario,0.9,0.09999999999999998,False,69,110,1,7652724.38733265,0.14039181650999813,0.030000000000000027,0.11859183719691781,0.007984885903803248
choque_10pct_temporario,temporario,0.9,0.09999999999999998,False,69,110,2,7808005.83577837,0.1352271743258113,0.02417543691180768,0.12048629552242138,0.002645565424754922
choque_10pct_temporario,temporario,0.9,0.09999999999999998,False,69,110,3,8076202.453951858,0.12402598259044004,0.026865393308924235,0.11140889724019841,0.007622436129147782
choque_10pct_temporario,temporario,0.9,0.09999999999999998,False,69,110,4,8328828.854193888,0.1091288507026388,0.0305426236931734,0.10507568759882267,0.00598002081027474
choque_10pct_temporario,temporario,0.9,0.09999999999999998,False,69,110,5,8634933.323125621,0.09635352545400641,0.0464247865947891,0.09725649629797874,0.008003536628780278
choque_10pct_temporario,temporario,0.9,0.09999999999999998,False,69,110,6,8834335.158278668,0.08763018893332196,0.0642033151349426,0.09583324597171747,0.011437411568712103
choque_10pct_temporario,temporario,0.9,0.09999999999999998,False,69,110,7,9033712.375998346,0.08365288808023087,0.09005791572598021,0.09767024256458508,0.01678564814195963
choque_10pct_temporario,temporario,0.9,0.09999999999999998,False,69,110,8,9053005.166347817,0.09364455799244999,0.11232478675866364,0.11083518476062262,0.015945530340030184
choque_10pct_temporario,temporario,0.9,0.09999999999999998,False,69,110,9,8962285.956642017,0.10790798984586372,0.12441401205384084,0.133498152706074,0.011561806468547276
choque_10pct_temporario,temporario,0.9,0.09999999999999998,False,69,110,10,8759256.079716668,0.12776455712589313,0.12170077813083058,0.15710549295218917,0.00043792312168186603
choque_10pct_temporario,temporario,0.9,0.09999999999999998,False,69,110,11,8561725.432044543,0.14335331996251596,0.10565278259063815,0.17698192842984997,-0.014509661751441699
choque_10pct_temporario,temporario,0.9,0.09999999999999998,False,69,110,12,8475529.479902202,0.15016735229506742,0.08083129128718891,0.18622085360254392,-0.029782620010903357
choque_10pct_temporario,temporario,0.9,0.09999999999999998,False,69,110,13,8593721.87534975,0.14363847717170466,0.054389491633004994,0.18126827519933794,-0.03708637599772986
choque_10pct_temporario,temporario,0.9,0.09999999999999998,False,69,110,14,9152661.688321866,0.11595483752797917,0.03348328875376194,0.15919229164082765,-0.03499371682448695
choque_10pct_temporario,temporario,0.9,0.09999999999999998,False,69,110,15,9771784.738034753,0.083861672265715,0.028112208159004393,0.13486640878283332,-0.030255003708363516
choque_10pct_temporario,temporario,0.9,0.09999999999999998,False,69,110,16,10256605.576107794,0.06325211347311896,0.04671105037213508,0.11739453071098628,-0.01952121686352515
choque_10pct_temporario,temporario,0.9,0.09999999999999998,False,69,110,17,10614305.53640188,0.05312927077646911,0.08812056306967819,0.11128054045757918,-0.008408958939491472
choque_10pct_temporario,temporario,0.9,0.09999999999999998,False,69,110,18,10880035.65794217,0.05807851144505399,0.14752439700996445,0.11646887312215792,0.0013745989624688061
choque_10pct_temporario,temporario,0.9,0.09999999999999998,False,69,110,19,11152560.303212501,0.06710473043913563,0.19361481614371523,0.13818715173490276,0.013904615656746637
choque_10pct_temporario,temporario,0.9,0.09999999999999998,False,69,110,20,11211001.727801263,0.07052641748734838,0.22161472383849512,0.15491935357224323,0.011284417538066298
choque_10pct_temporario,temporario,0.9,0.09999999999999998,False,69,110,21,11051189.110823529,0.07894882210259005,0.23144447962400228,0.16847342473830054,0.006945049099114785
choque_10pct_temporario,temporario,0.9,0.09999999999999998,False,69,110,22,10818335.021044148,0.09262704127625906,0.2223684089882787,0.18969975873464345,-0.009038906555817242
choque_10pct_temporario,temporario,0.9,0.09999999999999998,False,69,110,23,10654867.130087199,0.10089585959354104,0.1956325661353988,0.2057010828268994,-0.025936603919782326
choque_10pct_temporario,temporario,0.9,0.09999999999999998,False,69,110,24,10537230.875305124,0.10215327451399348,0.16516118396776447,0.21010642505037228,-0.04061924342100605
choque_10pct_temporario,temporario,0.9,0.09999999999999998,False,69,110,25,10788646.53157962,0.08828899067379987,0.1338286850891306,0.20113359960096516,-0.05016513010266022
choque_10pct_temporario,temporario,0.9,0.09999999999999998,False,70,111,0,7609597.0,0.138,0.03,0.12063832026847152,0.010583740505574736
choque_10pct_temporario,temporario,0.9,0.09999999999999998,False,70,111,1,7652724.38733265,0.14039181650999813,0.030000000000000027,0.11859183719691781,0.007984885903803248
choque_10pct_temporario,temporario,0.9,0.09999999999999998,False,70,111,2,7810558.145549158,0.13522708141572493,0.02416379221127296,0.1205771870152906,-0.0004998282809616247
choque_10pct_temporario,temporario,0.9,0.09999999999999998,False,70,111,3,8094292.032921445,0.12339508676856754,0.02693906039771976,0.11024539303697212,0.005744063310937772
choque_10pct_temporario,temporario,0.9,0.09999999999999998,False,70,111,4,8415242.424626948,0.10595908311296691,0.03088572155142888,0.1017948972497072,0.009076698661175513
choque_10pct_temporario,temporario,0.9,0.09999999999999998,False,70,111,5,8701500.8124153,0.09204388051870993,0.047979707516407455,0.09400210869831639,0.014125087762993982
choque_10pct_temporario,temporario,0.9,0.09999999999999998,False,70,111,6,8835798.999102702,0.08913337358375237,0.06855005600442499,0.09711089572593369,0.012919972591115393
choque_10pct_temporario,temporario,0.9,0.09999999999999998,False,70,111,7,8850311.130256243,0.09967785628891725,0.09310309156230989,0.1087832056026215,0.014955947026864619
choque_10pct_temporario,temporario,0.9,0.09999999999999998,False,70,111,8,8786577.15778029,0.11184040760500409,0.10523601272101568,0.1295165524984835,0.0068167344974737
choque_10pct_temporario,temporario,0.9,0.09999999999999998,False,70,111,9,8735925.984322539,0.12310505591384976,0.1077535861590373,0.1436247907177388,0.004013490353187403
choque_10pct_temporario,temporario,0.9,0.09999999999999998,False,70,111,10,8620109.143300384,0.1297078469588576,0.09854864720033185,0.1577659726875809,-0.00852985070486538
choque_10pct_temporario,temporario,0.9,0.09999999999999998,False,70,111,11,8635107.778633703,0.13172164402412279,0.08174682740674188,0.16441324928133505,-0.018138538608410498
choque_10pct_temporario,temporario,0.9,0.09999999999999998,False,70,111,12,8655564.78141016,0.1324584900379383,0.06564164966585384,0.1674234170874086,-0.02557134954376159
choque_10pct_temporario,temporario,0.9,0.09999999999999998,False,70,111,13,8928439.787696889,0.12179325280338812,0.04885558083652963,0.16086220954305333,-0.03178142411337053
choque_10pct_temporario,temporario,0.9,0.09999999999999998,False,70,111,14,9377088.925355706,0.1012685879955664,0.0414362018493053,0.1451542983679417,-0.029670882057471443
choque_10pct_temporario,temporario,0.9,0.09999999999999998,False,70,111,15,9911209.063578658,0.07639818226838752,0.0469404123840611,0.12782518108557825,-0.022350305851605187
choque_10pct_temporario,temporario,0.9,0.09999999999999998,False,70,111,16,10310750.37429594,0.059978944901292616,0.07382308426065975,0.11455284646023636,-0.01333791014713139
choque_10pct_temporario,temporario,0.9,0.09999999999999998,False,70,111,17,10673781.403193705,0.05485978510956358,0.11863016680454996,0.11125872454862434,-0.0007914169058111904
choque_10pct_temporario,temporario,0.9,0.09999999999999998,False,70,111,18,10957002.22570005,0.05682006086763077,0.17095983420446004,0.12063595537146742,0.012366633542147886
choque_10pct_temporario,temporario,0.9,0.09999999999999998,False,70,111,19,11103969.14362616,0.06601661418335608,0.21515239058712865,0.13877402706061032,0.014129822628736514
choque_10pct_temporario,temporario,0.9,0.09999999999999998,False,70,111,20,11035704.929076673,0.08031762934084441,0.23397613041214926,0.16265878433240688,0.010560486933764372
choque_10pct_temporario,temporario,0.9,0.09999999999999998,False,70,111,21,10880109.30764165,0.08913418944572613,0.22877968348555444,0.18289621940438414,0.0003409226301693907
choque_10pct_temporario,temporario,0.9,0.09999999999999998,False,70,111,22,10514626.749641629,0.10199086443427856,0.20786013216243626,0.1999290291523704,-0.017043580985656705
choque_10pct_temporario,temporario,0.9,0.09999999999999998,False,70,111,23,10384218.939297998,0.1088929155563094,0.17351576918677347,0.2121440049271027,-0.03736907339342007
choque_10pct_temporario,temporario,0.9,0.09999999999999998,False,70,111,24,10382890.03515607,0.10371561418789023,0.13971258012943855,0.21092638514294756,-0.05171302465476228
choque_10pct_temporario,temporario,0.9,0.09999999999999998,False,70,111,25,10836792.159813838,0.08225119270190566,0.11018142282664445,0.1932880091898117,-0.05471266068204002
choque_10pct_temporario,temporario,0.9,0.09999999999999998,False,71,112,0,7609597.0,0.138,0.03,0.12063832026847152,0.010583740505574736
choque_10pct_temporario,temporario,0.9,0.09999999999999998,False,71,112,1,7652724.38733265,0.14039181650999813,0.030000000000000027,0.11859183719691781,0.007984885903803248
choque_10pct_temporario,temporario,0.9,0.09999999999999998,False,71,112,2,7805611.452779818,0.13522708141572493,0.02418121984506083,0.12046544943382044,0.004319352369148146
choque_10pct_temporario,temporario,0.9,0.09999999999999998,False,71,112,3,8047260.082707708,0.1251054153332465,0.026885194440390503,0.1121243346618294,0.008478895790693221
choque_10pct_temporario,temporario,0.9,0.09999999999999998,False,71,112,4,8333472.804163698,0.11111636507355624,0.03011629428964957,0.10642870105332793,0.009084732858890353
choque_10pct_temporario,temporario,0.9,0.09999999999999998,False,71,112,5,8513869.818994189,0.09981428297032957,0.045082584633309386,0.10138273729926096,0.009253272513976587
choque_10pct_temporario,temporario,0.9,0.09999999999999998,False,71,112,6,8718228.363322936,0.0968140897525259,0.060647127999732486,0.10245673532246391,0.009977402607367111
choque_10pct_temporario,temporario,0.9,0.09999999999999998,False,71,112,7,8845763.505779674,0.09638582430546863,0.08045929707221888,0.10825988438903197,0.010927651135372723
choque_10pct_temporario,temporario,0.9,0.09999999999999998,False,71,112,8,8884009.251689091,0.10289650133019347,0.09479566000790651,0.12006974740001788,0.00868885940242888
choque_10pct_temporario,temporario,0.9,0.09999999999999998,False,71,112,9,8869028.821393164,0.11341743422030667,0.10274707291925389,0.1351347808732302,0.004855466085807779
choque_10pct_temporario,temporario,0.9,0.09999999999999998,False,71,112,10,8736094.26665617,0.12448202121451236,0.09932141640206948,0.15273039308933303,-0.00423030411229683
choque_10pct_temporario,temporario,0.9,0.09999999999999998,False,71,112,11,8731390.556462098,0.12887557599810429,0.0888684441929175,0.161884365137265,-0.01333765066334518
choque_10pct_temporario,temporario,0.9,0.09999999999999998,False,71,112,12,8749816.892138483,0.13021884109388485,0.07476992804808336,0.16582302103699662,-0.021959978599289543
choque_10pct_temporario,temporario,0.9,0.09999999999999998,False,71,112,13,8927250.489993032,0.12274244024946586,0.06055652019004265,0.16216192626389492,-0.0254511335675873
choque_10pct_temporario,temporario,0.9,0.09999999999999998,False,71,112,14,9274002.77506719,0.10534061743046558,0.05112961761962831,0.15052640517892868,-0.024789996939437807
choque_10pct_temporario,temporario,0.9,0.09999999999999998,False,71,112,15,9789778.305807376,0.08096376033088709,0.05235118192581245,0.1334932828856932,-0.02133620316130114
choque_10pct_temporario,temporario,0.9,0.09999999999999998,False,71,112,16,10291897.484143395,0.06239383982267663,0.0717618976199268,0.11835351372754932,-0.01369585722396019
choque_10pct_temporario,temporario,0.9,0.09999999999999998,False,71,112,17,10664304.699327966,0.05186027797649597,0.11249941209952552,0.11139611611090125,-0.0030603500254671252
choque_10pct_temporario,temporario,0.9,0.09999999999999998,False,71,112,18,11009685.485827534,0.05383713001060154,0.16744796451455746,0.11475073476997959,0.01217875661573194
choque_10pct_temporario,temporario,0.9,0.09999999999999998,False,71,112,19,11130301.947619295,0.06567518554967562,0.2143293621584974,0.13750257930821438,0.016255463631107244
choque_10pct_temporario,temporario,0.9,0.09999999999999998,False,71,112,20,11052242.913955862,0.0829755071171083,0.23573230322387584,0.1659492191966488,0.012690127928613277
choque_10pct_temporario,temporario,0.9,0.09999999999999998,False,71,112,21,10804905.083114702,0.0972635193123812,0.22848079628551088,0.18955096883832528,-0.003557354843949042
choque_10pct_temporario,temporario,0.9,0.09999999999999998,False,71,112,22,10466405.680105984,0.10770465511417435,0.20242921239475442,0.20550350242416812,-0.021361625444666923
choque_10pct_temporario,temporario,0.9,0.09999999999999998,False,71,112,23,10344025.92923697,0.11082386929999684,0.16534048376123223,0.21192241337903864,-0.03928952687923054
choque_10pct_temporario,temporario,0.9,0.09999999999999998,False,71,112,24,10448049.294951616,0.10071894276034207,0.1301711169345574,0.20635023043818318,-0.05127461877336216
choque_10pct_temporario,temporario,0.9,0.09999999999999998,False,71,112,25,11027714.032336676,0.07636068326302996,0.10565336425738558,0.1853611105921092,-0.05662320978842538
choque_10pct_temporario,temporario,0.9,0.09999999999999998,False,72,113,0,7609597.0,0.138,0.03,0.12063832026847152,0.010583740505574736
choque_10pct_temporario,temporario,0.9,0.09999999999999998,False,72,113,1,7652724.38733265,0.14039181650999813,0.030000000000000027,0.11859183719691781,0.007984885903803248
choque_10pct_temporario,temporario,0.9,0.09999999999999998,False,72,113,2,7794028.0849892935,0.13522708141572493,0.024178506740961447,0.12052591699044952,0.0034360613904552326
choque_10pct_temporario,temporario,0.9,0.09999999999999998,False,72,113,3,8057296.142543379,0.124924758241077,0.026850035628960045,0.1110388691167739,0.0042623634323819826
choque_10pct_temporario,temporario,0.9,0.09999999999999998,False,72,113,4,8431196.382067263,0.10579124766058694,0.030229701823787147,0.10201324763371468,0.007982660159781696
choque_10pct_temporario,temporario,0.9,0.09999999999999998,False,72,113,5,8656695.767661668,0.0908095271015617,0.048753477108704146,0.0931237045620319,0.014013859166697512
choque_10pct_temporario,temporario,0.9,0.09999999999999998,False,72,113,6,8856598.391911933,0.08618185558986916,0.06908083410922483,0.09507253732689647,0.012939046035788021
choque_10pct_temporario,temporario,0.9,0.09999999999999998,False,72,113,7,8880220.075518372,0.09543475382703044,0.09607969901388924,0.10565148731150616,0.012052594924498764
choque_10pct_temporario,temporario,0.9,0.09999999999999998,False,72,113,8,8872071.178168595,0.10822001279429154,0.1096054016297574,0.12590500082752834,0.009702012132805691
choque_10pct_temporario,temporario,0.9,0.09999999999999998,False,72,113,9,8744398.061586162,0.12077654884609228,0.11460307318930885,0.14282757898701195,0.005020207167123228
choque_10pct_temporario,temporario,0.9,0.09999999999999998,False,72,113,10,8680498.968918713,0.1284119950442656,0.10404471293825579,0.15772719550451017,-0.002360244523518974
choque_10pct_temporario,temporario,0.9,0.09999999999999998,False,72,113,11,8511655.944230102,0.1393290593336121,0.08924276834961198,0.169967734086077,-0.01669035736796379
choque_10pct_temporario,temporario,0.9,0.09999999999999998,False,72,113,12,8619544.70786368,0.13659848936218852,0.06549606469040525,0.17373913459630172,-0.026301933047942466
choque_10pct_temporario,temporario,0.9,0.09999999999999998,False,72,113,13,8807500.590995312,0.1271489791022487,0.0484633211979304,0.16504783695945732,-0.03275128538057071
choque_10pct_temporario,temporario,0.9,0.09999999999999998,False,72,113,14,9372318.200451542,0.1046431392948019,0.036231453971522054,0.1475774608832001,-0.028483351895606707
choque_10pct_temporario,temporario,0.9,0.09999999999999998,False,72,113,15,9815299.0374017,0.079493297661221,0.04059761919107685,0.13008234316213568,-0.022973786313264837
choque_10pct_temporario,temporario,0.9,0.09999999999999998,False,72,113,16,10265454.113423986,0.06056617905066536,0.06375594239723759,0.11615200619711942,-0.014371387104934333
choque_10pct_temporario,temporario,0.9,0.09999999999999998,False,72,113,17,10670409.563371254,0.05386681365579083,0.10941811797575629,0.10963793310603803,-0.0008840611901738064
choque_10pct_temporario,temporario,0.9,0.09999999999999998,False,72,113,18,10914211.907267679,0.05708646547397101,0.16475352479327543,0.11955055246210872,0.007751730558131925
choque_10pct_temporario,temporario,0.9,0.09999999999999998,False,72,113,19,11112925.545008322,0.06669955691142264,0.21056045218376873,0.1382560040525478,0.013126990126825283
choque_10pct_temporario,temporario,0.9,0.09999999999999998,False,72,113,20,11078559.554943603,0.07614141053386281,0.23149681207210948,0.16022288794889578,0.013134302407902443
choque_10pct_temporario,temporario,0.9,0.09999999999999998,False,72,113,21,10961074.770799901,0.08378788238262459,0.2308661486219883,0.17661234867654124,0.0017451870510096267
choque_10pct_temporario,temporario,0.9,0.09999999999999998,False,72,113,22,10658330.069535812,0.10011154263141252,0.21299925457644564,0.19611327062181916,-0.014467754345093778
choque_10pct_temporario,temporario,0.9,0.09999999999999998,False,72,113,23,10471795.987939253,0.11095367925822444,0.18108916265392416,0.21342993474694005,-0.03561205523494227
choque_10pct_temporario,temporario,0.9,0.09999999999999998,False,72,113,24,10407296.348234693,0.10918741420996443,0.14385479859958572,0.2148916806392102,-0.04902161309963333
choque_10pct_temporario,temporario,0.9,0.09999999999999998,False,72,113,25,10790898.936379097,0.08549631967137625,0.11429369889749097,0.19704922360341892,-0.05378063072131374
choque_10pct_temporario,temporario,0.9,0.09999999999999998,False,73,114,0,7609597.0,0.138,0.03,0.12063832026847152,0.010583740505574736
choque_10pct_temporario,temporario,0.9,0.09999999999999998,False,73,114,1,7652724.38733265,0.14039181650999813,0.030000000000000027,0.11859183719691781,0.007984885903803248
choque_10pct_temporario,temporario,0.9,0.09999999999999998,False,73,114,2,7803938.248452482,0.13522708141572493,0.024171205035228738,0.1204696728912532,0.0017659017151863054
choque_10pct_temporario,temporario,0.9,0.09999999999999998,False,73,114,3,8070055.354512611,0.12383237140664796,0.0268923827646963,0.11082135458963349,0.006516168638564196
choque_10pct_temporario,temporario,0.9,0.09999999999999998,False,73,114,4,8409588.05069833,0.10686605374964518,0.030661257405107945,0.10296330418664272,0.009073684120354806
choque_10pct_temporario,temporario,0.9,0.09999999999999998,False,73,114,5,8638466.791549468,0.09426791062473901,0.048343318662422474,0.09561893157119533,0.010800127673636365
choque_10pct_temporario,temporario,0.9,0.09999999999999998,False,73,114,6,8798311.109144187,0.08956690778847348,0.06666244367449359,0.09829862672233387,0.015241624841018769
choque_10pct_temporario,temporario,0.9,0.09999999999999998,False,73,114,7,8839238.053853244,0.09829552739421787,0.09067782738383312,0.10835648567718173,0.015631354756401712
choque_10pct_temporario,temporario,0.9,0.09999999999999998,False,73,114,8,8781809.13223287,0.11282706781423184,0.10240289341767839,0.1300082401510454,0.00942695085303949
choque_10pct_temporario,temporario,0.9,0.09999999999999998,False,73,114,9,8667001.67220616,0.12763255698372583,0.10383225459016376,0.1491785966458439,-0.0007816781830756151
choque_10pct_temporario,temporario,0.9,0.09999999999999998,False,73,114,10,8542018.382225,0.13799778099060148,0.09272229890590333,0.16402498266513937,-0.009883647344233804
choque_10pct_temporario,temporario,0.9,0.09999999999999998,False,73,114,11,8602529.302378537,0.13600910519997328,0.07514485465539877,0.16665062074023818,-0.01945990359433385
choque_10pct_temporario,temporario,0.9,0.09999999999999998,False,73,114,12,8756425.926724333,0.12650619948263267,0.0592606519566361,0.16081692045057946,-0.025348644507964407
choque_10pct_temporario,temporario,0.9,0.09999999999999998,False,73,114,13,9148518.580136407,0.1081415190898272,0.04632790518976582,0.1484078191010829,-0.0253102806453891
choque_10pct_temporario,temporario,0.9,0.09999999999999998,False,73,114,14,9578759.21025215,0.08795013902362932,0.04666806542185098,0.13346635087978392,-0.023310120021023704
choque_10pct_temporario,temporario,0.9,0.09999999999999998,False,73,114,15,10017374.780404959,0.07073013730631297,0.060720173865090876,0.12176286718614077,-0.012074286847074593
choque_10pct_temporario,temporario,0.9,0.09999999999999998,False,73,114,16,10411080.250101676,0.06087737669742219,0.09362058026598574,0.1154701574927101,-0.00602783348535358
choque_10pct_temporario,temporario,0.9,0.09999999999999998,False,73,114,17,10535969.324658332,0.06392000547241469,0.1389180480812673,0.12179762520401187,0.0001465962968258661
choque_10pct_temporario,temporario,0.9,0.09999999999999998,False,73,114,18,10728867.58701596,0.07044025617188239,0.175699881752726,0.13830840818779727,0.004790023174168595
choque_10pct_temporario,temporario,0.9,0.09999999999999998,False,73,114,19,10843688.83972964,0.07547934219766377,0.1989095557945102,0.1517314465494531,0.003752272401217993
choque_10pct_temporario,temporario,0.9,0.09999999999999998,False,73,114,20,10761250.434333984,0.08003214436877701,0.2053308197220236,0.16565081038223298,-0.0006848098162398472
choque_10pct_temporario,temporario,0.9,0.09999999999999998,False,73,114,21,10691768.112812672,0.08551243607962916,0.20122140772486619,0.17717114189829897,-0.01123237797838997
choque_10pct_temporario,temporario,0.9,0.09999999999999998,False,73,114,22,10626475.539272036,0.09271962879617338,0.18436882829668266,0.1888842389272355,-0.02163400637887558
choque_10pct_temporario,temporario,0.9,0.09999999999999998,False,73,114,23,10612752.782466307,0.09269573912279304,0.16277019068660814,0.19581579739516985,-0.03156942355197541
choque_10pct_temporario,temporario,0.9,0.09999999999999998,False,73,114,24,10816642.888264619,0.08178701590937451,0.1420574861497903,0.18983607323741616,-0.03972157539613477
choque_10pct_temporario,temporario,0.9,0.09999999999999998,False,73,114,25,11377428.879352119,0.059258106903544175,0.13346170047841865,0.1709084938583993,-0.03583246248362647
choque_10pct_temporario,temporario,0.9,0.09999999999999998,False,74,115,0,7609597.0,0.138,0.03,0.12063832026847152,0.010583740505574736
choque_10pct_temporario,temporario,0.9,0.09999999999999998,False,74,115,1,7652724.38733265,0.14039181650999813,0.030000000000000027,0.11859183719691781,0.007984885903803248
choque_10pct_temporario,temporario,0.9,0.09999999999999998,False,74,115,2,7797854.872602894,0.13522708141572493,0.024176415315312783,0.120507620870698,0.0031333612775650693
choque_10pct_temporario,temporario,0.9,0.09999999999999998,False,74,115,3,8061191.37312812,0.1241742778079178,0.026871773875818405,0.11103835258707462,0.0055315949819529815
choque_10pct_temporario,temporario,0.9,0.09999999999999998,False,74,115,4,8442460.281722438,0.10644855078835286,0.030210368559190792,0.1020538858139113,0.00654447535495347
choque_10pct_temporario,temporario,0.9,0.09999999999999998,False,74,115,5,8655004.455758026,0.09222818593865313,0.048285703179059336,0.0949522144492716,0.009765718592469812
choque_10pct_temporario,temporario,0.9,0.09999999999999998,False,74,115,6,8825009.955494655,0.08806774106021281,0.06800191875513661,0.09641474008144815,0.010374961589653883
choque_10pct_temporario,temporario,0.9,0.09999999999999998,False,74,115,7,8938792.600857569,0.09272684025577105,0.09355542258224925,0.10438785880239275,0.016577030980631163
choque_10pct_temporario,temporario,0.9,0.09999999999999998,False,74,115,8,8898724.008014431,0.10533727649166927,0.10880114657128392,0.1227065982228771,0.013056629036536219
choque_10pct_temporario,temporario,0.9,0.09999999999999998,False,74,115,9,8797569.526340812,0.11676470085729408,0.11438199649554881,0.14204044606562652,0.007118056851258752
choque_10pct_temporario,temporario,0.9,0.09999999999999998,False,74,115,10,8633116.106404787,0.13312761760586622,0.10708676477737233,0.16059582528435257,-0.006131000346254419
choque_10pct_temporario,temporario,0.9,0.09999999999999998,False,74,115,11,8515003.071672132,0.142853535696546,0.08927552027117236,0.17466284031275706,-0.01443124130596259
choque_10pct_temporario,temporario,0.9,0.09999999999999998,False,74,115,12,8591993.68391897,0.14052058747640256,0.06680048325769206,0.17550402231298515,-0.026633364688020262
choque_10pct_temporario,temporario,0.9,0.09999999999999998,False,74,115,13,8776281.709489122,0.12926366969460681,0.04615748029039146,0.16840129448675573,-0.03376827127158425
choque_10pct_temporario,temporario,0.9,0.09999999999999998,False,74,115,14,9235859.157821786,0.10786966707641137,0.035393052154913285,0.15051288257472928,-0.03414989640703221
choque_10pct_temporario,temporario,0.9,0.09999999999999998,False,74,115,15,9930278.89454713,0.07688942247852926,0.03713800446067306,0.1280172453984054,-0.0264234540241521
choque_10pct_temporario,temporario,0.9,0.09999999999999998,False,74,115,16,10354267.437588964,0.055714723543746306,0.06387120588299755,0.11055903670411615,-0.015035377930447876
choque_10pct_temporario,temporario,0.9,0.09999999999999998,False,74,115,17,10741072.452937933,0.05025046562774429,0.11455769380484004,0.10474134115150939,-0.00208454051378788
choque_10pct_temporario,temporario,0.9,0.09999999999999998,False,74,115,18,11008573.93838648,0.058123943116083814,0.17587949608526943,0.11726503823383819,0.013437673586261531
choque_10pct_temporario,temporario,0.9,0.09999999999999998,False,74,115,19,11135006.532049181,0.06674509854788527,0.2180463127822143,0.14289193954843982,0.014443083778793811
choque_10pct_temporario,temporario,0.9,0.09999999999999998,False,74,115,20,11143160.26100242,0.0736163450015979,0.23939600933868022,0.15876103547896056,0.015348704264149587
choque_10pct_temporario,temporario,0.9,0.09999999999999998,False,74,115,21,10885069.977237402,0.08814429092038875,0.2385217394827328,0.1785709541320654,0.004260882239596522
choque_10pct_temporario,temporario,0.9,0.09999999999999998,False,74,115,22,10583282.242226234,0.10284700260518816,0.21621735439133283,0.2019438873726258,-0.015545839774544585
choque_10pct_temporario,temporario,0.9,0.09999999999999998,False,74,115,23,10413418.115970023,0.10806630419942698,0.18235187925403795,0.21186116886008738,-0.034328449017704696
choque_10pct_temporario,temporario,0.9,0.09999999999999998,False,74,115,24,10393702.735394329,0.10255952378156433,0.14492313167895343,0.2104984265298084,-0.05033552877532617
choque_10pct_temporario,temporario,0.9,0.09999999999999998,False,74,115,25,10785999.176294034,0.08192088957951364,0.11566688483805398,0.1938315599626167,-0.05771361644748633
choque_10pct_temporario,temporario,0.9,0.09999999999999998,False,75,116,0,7609597.0,0.138,0.03,0.12063832026847152,0.010583740505574736
choque_10pct_temporario,temporario,0.9,0.09999999999999998,False,75,116,1,7652724.579038038,0.14039189608182145,0.030000000000000027,0.11859185275440487,0.007984881356440793
choque_10pct_temporario,temporario,0.9,0.09999999999999998,False,75,116,2,7809324.871989589,0.1352271750006601,0.024175229326598213,0.12054642987694983,0.0028991851980060416
choque_10pct_temporario,temporario,0.9,0.09999999999999998,False,75,116,3,8045676.713770765,0.12456320144846394,0.026917137836538263,0.11166952037492268,0.006524233783878088
choque_10pct_temporario,temporario,0.9,0.09999999999999998,False,75,116,4,8367882.365678304,0.10899340955611103,0.030356887595798687,0.10424698838332234,0.006556670900162653
choque_10pct_temporario,temporario,0.9,0.09999999999999998,False,75,116,5,8624342.137898667,0.09444191146624106,0.04666073048676611,0.09622128310030358,0.010404478536097645
choque_10pct_temporario,temporario,0.9,0.09999999999999998,False,75,116,6,8844304.922295125,0.08757994464200743,0.0653026816695812,0.09513096736505679,0.012517156505113775
choque_10pct_temporario,temporario,0.9,0.09999999999999998,False,75,116,7,8964396.779657386,0.08835197196535906,0.09104619484872556,0.1008020307034781,0.016337266833185506
choque_10pct_temporario,temporario,0.9,0.09999999999999998,False,75,116,8,8954776.609598663,0.09764009640359851,0.1108351217738135,0.11674020112427051,0.012264147389960359
choque_10pct_temporario,temporario,0.9,0.09999999999999998,False,75,116,9,8874832.270581122,0.11291717952739584,0.12031610300763829,0.13592307184301086,0.011629635830817369
choque_10pct_temporario,temporario,0.9,0.09999999999999998,False,75,116,10,8752433.610790746,0.12517314266812998,0.11459322319007703,0.15588112428408463,-0.0011026725195182458
choque_10pct_temporario,temporario,0.9,0.09999999999999998,False,75,116,11,8622617.868069582,0.13590355572900634,0.10004802685501546,0.16914446252735665,-0.011669686553624896
choque_10pct_temporario,temporario,0.9,0.09999999999999998,False,75,116,12,8600185.454666307,0.1374406292292579,0.07912014109460719,0.17537281098838556,-0.022918650752914972
choque_10pct_temporario,temporario,0.9,0.09999999999999998,False,75,116,13,8770802.18939561,0.12917438889877422,0.058501380652711044,0.1702629171598488,-0.0310717908728608
choque_10pct_temporario,temporario,0.9,0.09999999999999998,False,75,116,14,9129314.686811829,0.11292819822436179,0.04411975561361636,0.1567703254190008,-0.03357115116743608
choque_10pct_temporario,temporario,0.9,0.09999999999999998,False,75,116,15,9704320.760709316,0.08776321669181994,0.040468269774616816,0.13815836838942028,-0.024933403802878822
choque_10pct_temporario,temporario,0.9,0.09999999999999998,False,75,116,16,10178658.892761422,0.06322411949713856,0.05558736041654644,0.12074548425801988,-0.015047259849274562
choque_10pct_temporario,temporario,0.9,0.09999999999999998,False,75,116,17,10640157.53484157,0.05260185405964365,0.09624308216055377,0.10990257806920815,-0.00375413188579688
choque_10pct_temporario,temporario,0.9,0.09999999999999998,False,75,116,18,10786104.338322101,0.05950391097974316,0.15235282625538904,0.11862235244559688,0.007358064241329092
choque_10pct_temporario,temporario,0.9,0.09999999999999998,False,75,116,19,10929247.345657362,0.06980431682060974,0.195461659914824,0.14419686656374323,0.008579000934828641
choque_10pct_temporario,temporario,0.9,0.09999999999999998,False,75,116,20,11058261.847008726,0.07353848467998961,0.21743305227558096,0.15784458195873335,0.009461533925464224
choque_10pct_temporario,temporario,0.9,0.09999999999999998,False,75,116,21,11050995.14047236,0.0748425216124626,0.22252408336701612,0.16598053690915412,0.003396159691126022
choque_10pct_temporario,temporario,0.9,0.09999999999999998,False,75,116,22,10897202.457319569,0.08411469659821072,0.21590624434650763,0.17987847691876038,-0.005340294769897607
choque_10pct_temporario,temporario,0.9,0.09999999999999998,False,75,116,23,10803125.893340591,0.09286932684962888,0.19760293315199595,0.1959587405825961,-0.023410934932528125
choque_10pct_temporario,temporario,0.9,0.09999999999999998,False,75,116,24,10765759.64480011,0.09243093427598459,0.17310627814405333,0.20137180016564635,-0.03252580941936108
choque_10pct_temporario,temporario,0.9,0.09999999999999998,False,75,116,25,10926550.622878114,0.08097170486609548,0.14938524711593448,0.19548579124112395,-0.042695240544610345
choque_10pct_temporario,temporario,0.9,0.09999999999999998,False,76,117,0,7609597.0,0.138,0.03,0.12063832026847152,0.010583740505574736
choque_10pct_temporario,temporario,0.9,0.09999999999999998,False,76,117,1,7652724.38733265,0.14039181650999813,0.030000000000000027,0.11859183719691781,0.007984885903803248
choque_10pct_temporario,temporario,0.9,0.09999999999999998,False,76,117,2,7805488.027980565,0.13522708141572493,0.02419449839717136,0.12056463140978832,0.007207996900182124
choque_10pct_temporario,temporario,0.9,0.09999999999999998,False,76,117,3,8009778.56014661,0.12590529462287176,0.02682565191731734,0.11343135952449074,0.006287645245984479
choque_10pct_temporario,temporario,0.9,0.09999999999999998,False,76,117,4,8329320.709956502,0.11228174128418944,0.029758649407786386,0.10680573339598308,0.0067387783354811185
choque_10pct_temporario,temporario,0.9,0.09999999999999998,False,76,117,5,8658758.817184806,0.09775927168128688,0.04372707496112227,0.09971158604021682,0.008834296399942262
choque_10pct_temporario,temporario,0.9,0.09999999999999998,False,76,117,6,8742290.54084688,0.09338517782919206,0.06106443360582747,0.10174284077358596,0.010523482851574293
choque_10pct_temporario,temporario,0.9,0.09999999999999998,False,76,117,7,8761385.595073,0.10346412253934065,0.08250168331471297,0.11208691548098002,0.009323548487671572
choque_10pct_temporario,temporario,0.9,0.09999999999999998,False,76,117,8,8744361.243531218,0.11533846477144763,0.09266003498792164,0.1306696893913388,0.006286865731820239
choque_10pct_temporario,temporario,0.9,0.09999999999999998,False,76,117,9,8739476.021454306,0.11961883894217028,0.09554296531191664,0.1417795561948822,0.0029030969372581166
choque_10pct_temporario,temporario,0.9,0.09999999999999998,False,76,117,10,8687396.037405863,0.12530100394721297,0.0881689348919652,0.1527163229979709,-0.007274485846135058
choque_10pct_temporario,temporario,0.9,0.09999999999999998,False,76,117,11,8672551.001173979,0.12943879981640097,0.07870029098835785,0.16012306973115933,-0.016406202802018086
choque_10pct_temporario,temporario,0.9,0.09999999999999998,False,76,117,12,8847686.080497108,0.1220322883225961,0.06503749737730047,0.15861403511465325,-0.022234671660640352
choque_10pct_temporario,temporario,0.9,0.09999999999999998,False,76,117,13,9149388.656276409,0.10807529276556162,0.05750928392887644,0.14765973789888764,-0.022216390453680276
choque_10pct_temporario,temporario,0.9,0.09999999999999998,False,76,117,14,9588609.966105076,0.08897585346244857,0.05504823988400376,0.13564876150621602,-0.01787314919613936
choque_10pct_temporario,temporario,0.9,0.09999999999999998,False,76,117,15,9964811.434350267,0.0684851402083509,0.07044632872810541,0.12232434393801803,-0.011724165875072122
choque_10pct_temporario,temporario,0.9,0.09999999999999998,False,76,117,16,10425738.98490566,0.056145072996493836,0.10214509549550388,0.11245353705711328,-0.002138193304290456
choque_10pct_temporario,temporario,0.9,0.09999999999999998,False,76,117,17,10683206.01064638,0.05503636345785964,0.15078495948408532,0.1140059845559971,0.008311715355397618
choque_10pct_temporario,temporario,0.9,0.09999999999999998,False,76,117,18,10858654.764717728,0.06601830990633972,0.19694214456919545,0.13127065744854735,0.014777664750385154
choque_10pct_temporario,temporario,0.9,0.09999999999999998,False,76,117,19,10859473.012202397,0.07732698546012286,0.22058011717694348,0.15754532034126395,0.00932405242197185
choque_10pct_temporario,temporario,0.9,0.09999999999999998,False,76,117,20,10722622.774271777,0.09001362201359982,0.22196791516238568,0.17542279780699443,0.0006244413113283988
choque_10pct_temporario,temporario,0.9,0.09999999999999998,False,76,117,21,10480493.529140137,0.09948318695049668,0.20331960191313825,0.19322588248313793,-0.011759432366668958
choque_10pct_temporario,temporario,0.9,0.09999999999999998,False,76,117,22,10345140.836495541,0.10360892473111649,0.1753305470494244,0.20201860817979084,-0.02976153465650932
choque_10pct_temporario,temporario,0.9,0.09999999999999998,False,76,117,23,10330243.58371258,0.10331471613867266,0.14500670814799976,0.20340346784167357,-0.04328166676608967
choque_10pct_temporario,temporario,0.9,0.09999999999999998,False,76,117,24,10675355.873826021,0.08426502585360278,0.11715073231026585,0.19202014783814333,-0.04840662699043202
choque_10pct_temporario,temporario,0.9,0.09999999999999998,False,76,117,25,11415704.979757577,0.0547329008243765,0.10867652794228189,0.16514175483086693,-0.043957287767358307
choque_10pct_temporario,temporario,0.9,0.09999999999999998,False,77,118,0,7609597.0,0.138,0.03,0.12063832026847152,0.010583740505574736
choque_10pct_temporario,temporario,0.9,0.09999999999999998,False,77,118,1,7652724.38733265,0.14039181650999813,0.030000000000000027,0.11859183719691781,0.007984885903803248
choque_10pct_temporario,temporario,0.9,0.09999999999999998,False,77,118,2,7807863.249785816,0.13522708141572493,0.024176460803517985,0.12037272580961207,0.003178472297050573
choque_10pct_temporario,temporario,0.9,0.09999999999999998,False,77,118,3,8091459.477274288,0.12487881669289998,0.026871460126831614,0.11220438366202046,0.0025244830363842447
choque_10pct_temporario,temporario,0.9,0.09999999999999998,False,77,118,4,8350556.120635731,0.10942480308503862,0.03024228073029267,0.10534389169296642,0.00687273447880183
choque_10pct_temporario,temporario,0.9,0.09999999999999998,False,77,118,5,8586406.858368149,0.09670660886644583,0.04650941864924585,0.09825122009217775,0.008644575624026674
choque_10pct_temporario,temporario,0.9,0.09999999999999998,False,77,118,6,8791997.144330936,0.09105567918499637,0.06357674011768055,0.09878840430997093,0.01181627902251276
choque_10pct_temporario,temporario,0.9,0.09999999999999998,False,77,118,7,8866370.621281845,0.09383949896480931,0.08703950285907736,0.1061051402466584,0.013391780875284223
choque_10pct_temporario,temporario,0.9,0.09999999999999998,False,77,118,8,8868479.844708849,0.105096103057248,0.1021635519109132,0.1222756222492129,0.011002906308430828
choque_10pct_temporario,temporario,0.9,0.09999999999999998,False,77,118,9,8778099.251635311,0.11696470969047906,0.10964501098717871,0.14010712485547014,0.003232922879629355
choque_10pct_temporario,temporario,0.9,0.09999999999999998,False,77,118,10,8700048.574431293,0.128345849722142,0.10290342631608662,0.15544419180709773,-0.0053276456615454874
choque_10pct_temporario,temporario,0.9,0.09999999999999998,False,77,118,11,8648025.218420483,0.13356618085785302,0.08954281371488815,0.1650689653103169,-0.01530281092656007
choque_10pct_temporario,temporario,0.9,0.09999999999999998,False,77,118,12,8708847.202147743,0.13010041153326532,0.07116866328238292,0.16652917089213068,-0.022454850696531935
choque_10pct_temporario,temporario,0.9,0.09999999999999998,False,77,118,13,8989714.184730757,0.11536804088939583,0.05598400582827745,0.15621783223515298,-0.027360320939658244
choque_10pct_temporario,temporario,0.9,0.09999999999999998,False,77,118,14,9488672.688510424,0.093737335934182,0.048552094794511724,0.13969750371307982,-0.022365815245931998
choque_10pct_temporario,temporario,0.9,0.09999999999999998,False,77,118,15,9901859.078456206,0.07204323920236387,0.058203225098089284,0.12472126771537198,-0.01720406212476687
choque_10pct_temporario,temporario,0.9,0.09999999999999998,False,77,118,16,10374349.465920085,0.057197375244309186,0.08544852441267237,0.11345439557863797,-0.007447455604704129
choque_10pct_temporario,temporario,0.9,0.09999999999999998,False,77,118,17,10680049.470500654,0.05397796687404227,0.13377922032576528,0.11207923308212425,0.0032405898307711397
choque_10pct_temporario,temporario,0.9,0.09999999999999998,False,77,118,18,10901332.358463766,0.06461404750474387,0.18292677848116634,0.12730868107368343,0.009377884393164566
choque_10pct_temporario,temporario,0.9,0.09999999999999998,False,77,118,19,10900054.584751764,0.07794822389841327,0.21327013172239329,0.15506607088283253,0.009939245528814396
choque_10pct_temporario,temporario,0.9,0.09999999999999998,False,77,118,20,10827219.86556962,0.08836961562300194,0.21790532575059562,0.17322846899025882,0.0030609292476786033
choque_10pct_temporario,temporario,0.9,0.09999999999999998,False,77,118,21,10551305.189516297,0.09723994255032674,0.20604266224986256,0.18917275651410353,-0.01353796904862421
choque_10pct_temporario,temporario,0.9,0.09999999999999998,False,77,118,22,10410819.665256198,0.10450234178611821,0.1800520379762509,0.19980798071278924,-0.02699675534976529
choque_10pct_temporario,temporario,0.9,0.09999999999999998,False,77,118,23,10370027.859627055,0.10072024241902258,0.14946257525233353,0.2034685905408935,-0.04379459593409901
choque_10pct_temporario,temporario,0.9,0.09999999999999998,False,77,118,24,10734486.031947285,0.08406029267340123,0.12332895328547666,0.18927461261722972,-0.05006842558531738
choque_10pct_temporario,temporario,0.9,0.09999999999999998,False,77,118,25,11447615.274514476,0.056308374365066416,0.11379869166504686,0.16629407615806288,-0.04409017437758847
choque_10pct_temporario,temporario,0.9,0.09999999999999998,False,78,119,0,7609597.0,0.138,0.03,0.12063832026847152,0.010583740505574736
choque_10pct_temporario,temporario,0.9,0.09999999999999998,False,78,119,1,7652724.38733265,0.14039181650999813,0.030000000000000027,0.11859183719691781,0.007984885903803248
choque_10pct_temporario,temporario,0.9,0.09999999999999998,False,78,119,2,7818223.5783487465,0.13522708141572493,0.02418105325900255,0.12030128955621903,0.004142972174128414
choque_10pct_temporario,temporario,0.9,0.09999999999999998,False,78,119,3,8006043.922971146,0.12757971749307523,0.02684099709088561,0.11337615789790098,0.00517831539825302
choque_10pct_temporario,temporario,0.9,0.09999999999999998,False,78,119,4,8343293.412392825,0.11064024740679089,0.029006504054563065,0.10570734694368063,0.005516497424441709
choque_10pct_temporario,temporario,0.9,0.09999999999999998,False,78,119,5,8653936.672043469,0.09267457185374418,0.04438437560016362,0.09513762156760544,0.010288418759653053
choque_10pct_temporario,temporario,0.9,0.09999999999999998,False,78,119,6,8920268.4553543,0.08268290491841929,0.06432351322272223,0.09174165575986112,0.012608811508226354
choque_10pct_temporario,temporario,0.9,0.09999999999999998,False,78,119,7,8982050.50790089,0.08768834959879013,0.09330997969658905,0.09894813783566171,0.017429247608712492
choque_10pct_temporario,temporario,0.9,0.09999999999999998,False,78,119,8,8955607.373579845,0.10187452512626952,0.11252703257261598,0.12050563350847784,0.013408880868727166
choque_10pct_temporario,temporario,0.9,0.09999999999999998,False,78,119,9,8788822.215376526,0.12104644628837156,0.12135494193897456,0.1438236528553382,0.007744185810080915
choque_10pct_temporario,temporario,0.9,0.09999999999999998,False,78,119,10,8611537.306370858,0.13681269923661551,0.11199276563217464,0.16504112453357503,-0.005076299500400034
choque_10pct_temporario,temporario,0.9,0.09999999999999998,False,78,119,11,8493264.309677137,0.1456174640749107,0.09363234146134203,0.17665897189953886,-0.016450046266326956
choque_10pct_temporario,temporario,0.9,0.09999999999999998,False,78,119,12,8472162.862046713,0.14615314557907644,0.06782694487499752,0.18155178021626306,-0.027111555633250302
choque_10pct_temporario,temporario,0.9,0.09999999999999998,False,78,119,13,8704267.750467,0.1352000545279978,0.045700585043533914,0.17251821857751315,-0.03389438407590285
choque_10pct_temporario,temporario,0.9,0.09999999999999998,False,78,119,14,9160070.395703563,0.11410528806952348,0.02956904767434576,0.1556694460201463,-0.035203961358961984
choque_10pct_temporario,temporario,0.9,0.09999999999999998,False,78,119,15,9817399.709580094,0.08551389961996529,0.028748269942826088,0.13320979276677136,-0.026524496319831146
choque_10pct_temporario,temporario,0.9,0.09999999999999998,False,78,119,16,10247474.382218124,0.06322235648559847,0.04821091400252553,0.11811988180051779,-0.01992584989101468
choque_10pct_temporario,temporario,0.9,0.09999999999999998,False,78,119,17,10557284.483658792,0.05780890652362284,0.09096683787709381,0.11169469930683265,-0.009840699867171879
choque_10pct_temporario,temporario,0.9,0.09999999999999998,False,78,119,18,10872474.030585386,0.059476371281312675,0.14191830201006606,0.12150715689244564,0.0041394843956952705
choque_10pct_temporario,temporario,0.9,0.09999999999999998,False,78,119,19,11067486.034477582,0.06204608458047284,0.1884203034117593,0.13542412429062176,0.011539913672856776
choque_10pct_temporario,temporario,0.9,0.09999999999999998,False,78,119,20,11177169.277274907,0.06769649838794635,0.22096245608902598,0.14888224311399023,0.013662352399825467
choque_10pct_temporario,temporario,0.9,0.09999999999999998,False,78,119,21,11129435.682123799,0.07605577093273842,0.23538583434365012,0.1663785468258563,0.006756408359252857
choque_10pct_temporario,temporario,0.9,0.09999999999999998,False,78,119,22,10902754.9338728,0.08935078964601881,0.2286976624576056,0.18710345129865097,-0.005640743169206051
choque_10pct_temporario,temporario,0.9,0.09999999999999998,False,78,119,23,10671276.949244488,0.10086076718890792,0.20539136348082798,0.20513655587602103,-0.0229060699778647
choque_10pct_temporario,temporario,0.9,0.09999999999999998,False,78,119,24,10617502.390948387,0.09945676736775258,0.17178448220877818,0.21004722614207869,-0.038363112586154685
choque_10pct_temporario,temporario,0.9,0.09999999999999998,False,78,119,25,10789179.519852538,0.08761840289627831,0.14246879823045533,0.20052562528553683,-0.04729056488564849
choque_10pct_temporario,temporario,0.9,0.09999999999999998,False,79,120,0,7609597.0,0.138,0.03,0.12063832026847152,0.010583740505574736
choque_10pct_temporario,temporario,0.9,0.09999999999999998,False,79,120,1,7652724.38733265,0.14039181650999813,0.030000000000000027,0.11859183719691781,0.007984885903803248
choque_10pct_temporario,temporario,0.9,0.09999999999999998,False,79,120,2,7796702.1299916925,0.13522708141572493,0.02417585326340732,0.12047117973595105,0.0025925013762329633
choque_10pct_temporario,temporario,0.9,0.09999999999999998,False,79,120,3,8100742.079409424,0.12461043311555883,0.026877128720985466,0.11109881516745244,0.0035559244002142183
choque_10pct_temporario,temporario,0.9,0.09999999999999998,False,79,120,4,8392772.191530926,0.10841617084417787,0.03035165877891166,0.10336816384288341,0.006367091397048251
choque_10pct_temporario,temporario,0.9,0.09999999999999998,False,79,120,5,8658215.188644433,0.09211165059615473,0.047655017890077644,0.09434606568889237,0.009424006106390775
choque_10pct_temporario,temporario,0.9,0.09999999999999998,False,79,120,6,8853517.314822624,0.0868337834412313,0.06727593415630961,0.09486468432842483,0.012774085693206405
choque_10pct_temporario,temporario,0.9,0.09999999999999998,False,79,120,7,8929546.451806227,0.0939375559333201,0.09318080191109535,0.10351964372037363,0.01686516801613965
choque_10pct_temporario,temporario,0.9,0.09999999999999998,False,79,120,8,8908335.466753427,0.10447465486597518,0.1082368414202719,0.12306034412857127,0.012656443779637394
choque_10pct_temporario,temporario,0.9,0.09999999999999998,False,79,120,9,8767868.136515586,0.12089929653654938,0.11413929094532649,0.1431575864628984,0.0027778378070808917
choque_10pct_temporario,temporario,0.9,0.09999999999999998,False,79,120,10,8590465.224551879,0.13858861132696915,0.10388859044747778,0.16480443329336844,-0.007847936813515711
choque_10pct_temporario,temporario,0.9,0.09999999999999998,False,79,120,11,8487131.732766772,0.14639265325203174,0.08499422699842363,0.1773251001843952,-0.01799037398097847
choque_10pct_temporario,temporario,0.9,0.09999999999999998,False,79,120,12,8500428.70697589,0.14712696613688872,0.06191791862277163,0.17931754901514385,-0.029763162745581277
choque_10pct_temporario,temporario,0.9,0.09999999999999998,False,79,120,13,8741352.10168982,0.1320111200975863,0.04022781023238653,0.1693740790301109,-0.03586796269002721
choque_10pct_temporario,temporario,0.9,0.09999999999999998,False,79,120,14,9389284.469669733,0.10464001876768156,0.02876678187466819,0.14620885036719966,-0.03417057574449834
choque_10pct_temporario,temporario,0.9,0.09999999999999998,False,79,120,15,9859725.442122808,0.0771434571086355,0.03286482447290262,0.12703601414663346,-0.023848052683047717
choque_10pct_temporario,temporario,0.9,0.09999999999999998,False,79,120,16,10393429.83066547,0.05784442507913841,0.05932433642382584,0.11150814422475977,-0.015006114750139419
choque_10pct_temporario,temporario,0.9,0.09999999999999998,False,79,120,17,10710455.456535356,0.05183832433228472,0.11031958575030165,0.10672021811710942,-0.002765631755170276
choque_10pct_temporario,temporario,0.9,0.09999999999999998,False,79,120,18,11006377.834850226,0.05542621286117016,0.17017639014189334,0.11707572173044525,0.009357436774665254
choque_10pct_temporario,temporario,0.9,0.09999999999999998,False,79,120,19,11178828.590886848,0.06656602831767255,0.21856331290836994,0.13773699644394874,0.01847705195131237
choque_10pct_temporario,temporario,0.9,0.09999999999999998,False,79,120,20,11176546.043371066,0.07643117193295963,0.23911581169042662,0.16123426666650054,0.014904661754912408
choque_10pct_temporario,temporario,0.9,0.09999999999999998,False,79,120,21,10929891.189464368,0.09001864926112772,0.2376754270391357,0.18064531928200023,0.0026810576099609916
choque_10pct_temporario,temporario,0.9,0.09999999999999998,False,79,120,22,10543066.268476093,0.10724243698522752,0.21461331883279944,0.20449746985119582,-0.018263191260432986
choque_10pct_temporario,temporario,0.9,0.09999999999999998,False,79,120,23,10381198.392207766,0.11315499327484944,0.17786533064845367,0.21557458978877572,-0.03576727609840112
choque_10pct_temporario,temporario,0.9,0.09999999999999998,False,79,120,24,10365417.167243982,0.10857127657111075,0.138808337728471,0.21361512937481672,-0.05437385255295648
choque_10pct_temporario,temporario,0.9,0.09999999999999998,False,79,120,25,10676199.15531848,0.09043419709276707,0.10723241718902599,0.19958157556026282,-0.05852416384771002
choque_10pct_temporario,temporario,0.9,0.09999999999999998,False,80,121,0,7609597.0,0.138,0.03,0.12063832026847152,0.010583740505574736
choque_10pct_temporario,temporario,0.9,0.09999999999999998,False,80,121,1,7652573.991429995,0.14039305416049105,0.030000000000000027,0.11859902041763505,0.00798271910238141
choque_10pct_temporario,temporario,0.9,0.09999999999999998,False,80,121,2,7804486.276482563,0.13523901142061226,0.02417850367126717,0.12052519454051844,0.003581230186057112
choque_10pct_temporario,temporario,0.9,0.09999999999999998,False,80,121,3,8047401.449201927,0.124111171294953,0.026885999758877288,0.11180929191007453,0.0076211013655126895
choque_10pct_temporario,temporario,0.9,0.09999999999999998,False,80,121,4,8325500.899528214,0.11035559337624637,0.030537710877676094,0.10549358135259178,0.007457463940241571
choque_10pct_temporario,temporario,0.9,0.09999999999999998,False,80,121,5,8584256.667292057,0.09707587001255588,0.04680013261744631,0.09765464980961085,0.009453703360853776
choque_10pct_temporario,temporario,0.9,0.09999999999999998,False,80,121,6,8823173.405987319,0.08817290255408666,0.06343267293233223,0.09653937748110836,0.010083029123257897
choque_10pct_temporario,temporario,0.9,0.09999999999999998,False,80,121,7,8969766.932990516,0.08725617930172293,0.08891104274909911,0.09960783151995163,0.015136132053674683
choque_10pct_temporario,temporario,0.9,0.09999999999999998,False,80,121,8,9024002.298795087,0.09425690667592514,0.10868227213413162,0.11360663222264106,0.012382514194687166
choque_10pct_temporario,temporario,0.9,0.09999999999999998,False,80,121,9,8885979.17725011,0.11237681058997553,0.12138911984765954,0.13445808732120174,0.009134953093287566
choque_10pct_temporario,temporario,0.9,0.09999999999999998,False,80,121,10,8777850.285924777,0.12733899485553696,0.1159398919139194,0.15662492044381143,-0.0006772712646353998
choque_10pct_temporario,temporario,0.9,0.09999999999999998,False,80,121,11,8605879.293530246,0.13816644093961308,0.10019180282558571,0.17144991261677398,-0.01180635742392498
choque_10pct_temporario,temporario,0.9,0.09999999999999998,False,80,121,12,8609565.215183863,0.14022798545649928,0.07731467857576191,0.17762540706395516,-0.025766266942705972
choque_10pct_temporario,temporario,0.9,0.09999999999999998,False,80,121,13,8753615.620532379,0.13447937587414568,0.0554655042018386,0.1734046224677618,-0.03343801163227747
choque_10pct_temporario,temporario,0.9,0.09999999999999998,False,80,121,14,9076934.152007071,0.11944674858849728,0.038792874527210364,0.1613759265637556,-0.03544184184077041
choque_10pct_temporario,temporario,0.9,0.09999999999999998,False,80,121,15,9683718.484724175,0.08991761860330462,0.03328303245220665,0.1403158424103486,-0.029355356855847545
choque_10pct_temporario,temporario,0.9,0.09999999999999998,False,80,121,16,10241144.498008799,0.06420541284594593,0.04837046944983303,0.11958493250125626,-0.01997467334798382
choque_10pct_temporario,temporario,0.9,0.09999999999999998,False,80,121,17,10669658.083295232,0.049255248233958764,0.08764637288607657,0.10770584190511111,-0.00838198420868604
choque_10pct_temporario,temporario,0.9,0.09999999999999998,False,80,121,18,11012478.572350191,0.05060395021060604,0.1536146351628338,0.1075490131231804,0.008747928995892381
choque_10pct_temporario,temporario,0.9,0.09999999999999998,False,80,121,19,11157256.179716937,0.06282423134785461,0.2100785182057423,0.13196764017865628,0.017742240560612747
choque_10pct_temporario,temporario,0.9,0.09999999999999998,False,80,121,20,11244542.216110835,0.07350925335025923,0.2400842731591446,0.1574881713779235,0.015932553329879643
choque_10pct_temporario,temporario,0.9,0.09999999999999998,False,80,121,21,11129242.805169413,0.08098280106651924,0.24444878526526703,0.1732519058429251,0.007463419290062804
choque_10pct_temporario,temporario,0.9,0.09999999999999998,False,80,121,22,10867400.541445898,0.09436846259598325,0.22817992846484558,0.1907185626393371,-0.006801255033263278
choque_10pct_temporario,temporario,0.9,0.09999999999999998,False,80,121,23,10540993.622413946,0.10771255994711922,0.19904575004874392,0.2112113259034521,-0.02668688701129717
choque_10pct_temporario,temporario,0.9,0.09999999999999998,False,80,121,24,10432418.076969625,0.1092417569765585,0.15985616116215762,0.21817946191949647,-0.047653745194921604
choque_10pct_temporario,temporario,0.9,0.09999999999999998,False,80,121,25,10623238.316973025,0.09885610690032691,0.12543490398821255,0.2078753009381383,-0.05801260938256535
choque_10pct_temporario,temporario,0.9,0.09999999999999998,False,81,122,0,7609597.0,0.138,0.03,0.12063832026847152,0.010583740505574736
choque_10pct_temporario,temporario,0.9,0.09999999999999998,False,81,122,1,7652724.38733265,0.14039181650999813,0.030000000000000027,0.11859183719691781,0.007984885903803248
choque_10pct_temporario,temporario,0.9,0.09999999999999998,False,81,122,2,7795379.849416762,0.13522708141572493,0.0241842277719575,0.1205845456106104,0.004510733785755456
choque_10pct_temporario,temporario,0.9,0.09999999999999998,False,81,122,3,8056509.159232635,0.12497344504408324,0.026820851116044375,0.11186970008014051,0.0029754842669861238
choque_10pct_temporario,temporario,0.9,0.09999999999999998,False,81,122,4,8420474.897092907,0.11076271379297056,0.030214536598981656,0.10429357309469969,0.0026372846618984013
choque_10pct_temporario,temporario,0.9,0.09999999999999998,False,81,122,5,8629548.33369929,0.09488068551893167,0.045669362711840744,0.09712670909551951,0.009070798771988886
choque_10pct_temporario,temporario,0.9,0.09999999999999998,False,81,122,6,8801990.78404836,0.08941941286024209,0.06413628314220943,0.09717328113250626,0.010615688033577703
choque_10pct_temporario,temporario,0.9,0.09999999999999998,False,81,122,7,8864234.025655277,0.09680732782435354,0.08818815736036067,0.10635793193790394,0.01185118991154106
choque_10pct_temporario,temporario,0.9,0.09999999999999998,False,81,122,8,8873567.737940142,0.10579240898407609,0.10142170923945804,0.12410307528041958,0.011538407987525855
choque_10pct_temporario,temporario,0.9,0.09999999999999998,False,81,122,9,8813874.51857984,0.116744550110868,0.1071913476270383,0.13993874774219162,0.00551004371709555
choque_10pct_temporario,temporario,0.9,0.09999999999999998,False,81,122,10,8639257.14169258,0.13176893211102106,0.10067807469826495,0.15948041510834396,-0.005797570199646346
choque_10pct_temporario,temporario,0.9,0.09999999999999998,False,81,122,11,8548931.881955188,0.14116096505250394,0.08635067398908758,0.1718971430673365,-0.0171496908033909
choque_10pct_temporario,temporario,0.9,0.09999999999999998,False,81,122,12,8633810.358803393,0.13806188232766958,0.06600905031383775,0.1726375596481253,-0.027300553734271656
choque_10pct_temporario,temporario,0.9,0.09999999999999998,False,81,122,13,8886691.230281029,0.12441278421113246,0.049381734103786545,0.1623556047353277,-0.029733531551555146
choque_10pct_temporario,temporario,0.9,0.09999999999999998,False,81,122,14,9373463.659855867,0.09869031646780078,0.03916611873718123,0.14430912342617963,-0.025497664369298612
choque_10pct_temporario,temporario,0.9,0.09999999999999998,False,81,122,15,9945944.520464817,0.07425957840662152,0.046803483598315765,0.12431135400888363,-0.020002516819725757
choque_10pct_temporario,temporario,0.9,0.09999999999999998,False,81,122,16,10379733.576300673,0.05651937261202004,0.0736200249053558,0.11265707068509902,-0.012201454589563971
choque_10pct_temporario,temporario,0.9,0.09999999999999998,False,81,122,17,10723875.76680985,0.05155049034298323,0.12411777100351018,0.10794210763060445,0.001528430068979117
choque_10pct_temporario,temporario,0.9,0.09999999999999998,False,81,122,18,10960977.414262025,0.060359288015694866,0.18014345064829507,0.12153974175656851,0.01333703238518862
choque_10pct_temporario,temporario,0.9,0.09999999999999998,False,81,122,19,11059648.993634881,0.07168779767907713,0.21733191554436182,0.1477509018420444,0.016692913154077216
choque_10pct_temporario,temporario,0.9,0.09999999999999998,False,81,122,20,11020483.996976359,0.07938349716214199,0.23165199971007877,0.16571557186241836,0.010167012795676207
choque_10pct_temporario,temporario,0.9,0.09999999999999998,False,81,122,21,10710388.040273912,0.09422852264731954,0.22513805345616444,0.18459009885631644,-0.004548648700977941
choque_10pct_temporario,temporario,0.9,0.09999999999999998,False,81,122,22,10546451.117875068,0.10409558906262927,0.1998920233537127,0.20150855212083196,-0.021478415886792234
choque_10pct_temporario,temporario,0.9,0.09999999999999998,False,81,122,23,10414220.550329177,0.10520367942716308,0.16647441134627816,0.20773005227147293,-0.04098107339474491
choque_10pct_temporario,temporario,0.9,0.09999999999999998,False,81,122,24,10539611.311243085,0.0970598642911295,0.13384410164674176,0.20136637169412633,-0.049929623178221055
choque_10pct_temporario,temporario,0.9,0.09999999999999998,False,81,122,25,11114244.37324936,0.06955410672701678,0.11231733934924693,0.18149434610030482,-0.04708409888888498
choque_10pct_temporario,temporario,0.9,0.09999999999999998,False,82,123,0,7609597.0,0.138,0.03,0.12063832026847152,0.010583740505574736
choque_10pct_temporario,temporario,0.9,0.09999999999999998,False,82,123,1,7652724.38733265,0.14039181650999813,0.030000000000000027,0.11859183719691781,0.007984885903803248
choque_10pct_temporario,temporario,0.9,0.09999999999999998,False,82,123,2,7806433.00710526,0.13522708141572493,0.024178944487317944,0.120353731246704,0.003649076713633944
choque_10pct_temporario,temporario,0.9,0.09999999999999998,False,82,123,3,8032410.8051144425,0.12487928273260135,0.026875867130523368,0.1118198239033449,0.00458695006557052
choque_10pct_temporario,temporario,0.9,0.09999999999999998,False,82,123,4,8414461.464442732,0.10616415904473137,0.030242462656994817,0.10202646385824518,0.006773814412007024
choque_10pct_temporario,temporario,0.9,0.09999999999999998,False,82,123,5,8716104.654530592,0.08822216865417312,0.048358386598865266,0.09133748326435297,0.01292269864679271
choque_10pct_temporario,temporario,0.9,0.09999999999999998,False,82,123,6,8913233.364270667,0.08095116803329933,0.07082031318864979,0.09071260547707921,0.015331690942630472
choque_10pct_temporario,temporario,0.9,0.09999999999999998,False,82,123,7,8967265.815528343,0.09079260199458634,0.10154767143443855,0.10097779834837926,0.017479767540716343
choque_10pct_temporario,temporario,0.9,0.09999999999999998,False,82,123,8,8877912.653202688,0.10762368046002985,0.11823337289828406,0.12580060831224266,0.013901151165760376
choque_10pct_temporario,temporario,0.9,0.09999999999999998,False,82,123,9,8755362.344436046,0.12246933153056855,0.12106817190228258,0.14700311510557149,0.006422355298979722
choque_10pct_temporario,temporario,0.9,0.09999999999999998,False,82,123,10,8561339.557747276,0.13845059308303312,0.10926393141853885,0.16652611729278846,-0.0032383545483238886
choque_10pct_temporario,temporario,0.9,0.09999999999999998,False,82,123,11,8381291.39301874,0.15051079424907268,0.08839032551881809,0.1821469810932453,-0.02028729838769544
choque_10pct_temporario,temporario,0.9,0.09999999999999998,False,82,123,12,8397238.486484226,0.15125703734205503,0.0626888865118953,0.18505992109755787,-0.034160021327318595
choque_10pct_temporario,temporario,0.9,0.09999999999999998,False,82,123,13,8680217.150067098,0.13735101367345326,0.03862463221404622,0.17203989619228982,-0.03633528387048641
choque_10pct_temporario,temporario,0.9,0.09999999999999998,False,82,123,14,9319977.190655945,0.10694254557160554,0.023739299895625177,0.14852336071783415,-0.034462736981379936
choque_10pct_temporario,temporario,0.9,0.09999999999999998,False,82,123,15,9903973.526084403,0.0748372391219553,0.025982197068561197,0.12558136500796555,-0.02514439490066496
choque_10pct_temporario,temporario,0.9,0.09999999999999998,False,82,123,16,10326498.186973188,0.0563818688544005,0.05450869439482986,0.1101478127725957,-0.01649621421457282
choque_10pct_temporario,temporario,0.9,0.09999999999999998,False,82,123,17,10697539.507405514,0.05233783058176385,0.10716667970782767,0.1061803379935031,-0.002944006600906296
choque_10pct_temporario,temporario,0.9,0.09999999999999998,False,82,123,18,11029164.718900735,0.05580054732704247,0.16841921760810963,0.11773055230771226,0.00996502168310033
choque_10pct_temporario,temporario,0.9,0.09999999999999998,False,82,123,19,11270630.440878442,0.06335609973025151,0.21678858033157122,0.13527687988154768,0.0178009928195351
choque_10pct_temporario,temporario,0.9,0.09999999999999998,False,82,123,20,11161184.641469933,0.07695837089719192,0.24469922991515203,0.15966346293064332,0.011351732806146838
choque_10pct_temporario,temporario,0.9,0.09999999999999998,False,82,123,21,10896134.530454319,0.09432381370900007,0.2395423694637271,0.1848300260928571,0.0023390839957093132
choque_10pct_temporario,temporario,0.9,0.09999999999999998,False,82,123,22,10624516.000038726,0.1009072097847955,0.21517225470723078,0.2018712673129866,-0.015571609992943354
choque_10pct_temporario,temporario,0.9,0.09999999999999998,False,82,123,23,10475048.001672557,0.10340868237553363,0.18027563071317143,0.20670793128673512,-0.036162004678880054
choque_10pct_temporario,temporario,0.9,0.09999999999999998,False,82,123,24,10497362.774215676,0.0975113692418755,0.14541589218152118,0.20590587462289633,-0.0491354552571759
choque_10pct_temporario,temporario,0.9,0.09999999999999998,False,82,123,25,10867952.865156861,0.08042028938801798,0.11935355141463133,0.19140883230568334,-0.05389220888477767
choque_10pct_temporario,temporario,0.9,0.09999999999999998,False,83,124,0,7609597.0,0.138,0.03,0.12063832026847152,0.010583740505574736
choque_10pct_temporario,temporario,0.9,0.09999999999999998,False,83,124,1,7652724.38733265,0.14039181650999813,0.030000000000000027,0.11859183719691781,0.007984885903803248
choque_10pct_temporario,temporario,0.9,0.09999999999999998,False,83,124,2,7801793.704639675,0.13522708141572493,0.024181009460047642,0.12050544446928059,0.004164884073127168
choque_10pct_temporario,temporario,0.9,0.09999999999999998,False,83,124,3,8044972.28389028,0.12460078112289083,0.026850990735577174,0.11197679002817187,0.0061413704915950764
choque_10pct_temporario,temporario,0.9,0.09999999999999998,False,83,124,4,8362112.177517751,0.10861772897194737,0.030331040422638234,0.10416154567940726,0.006517364219078112
choque_10pct_temporario,temporario,0.9,0.09999999999999998,False,83,124,5,8630744.112134099,0.093255891541594,0.04819456372045061,0.09498071386026323,0.013169384901917144
choque_10pct_temporario,temporario,0.9,0.09999999999999998,False,83,124,6,8848486.672844334,0.08580663913034609,0.06654740633998735,0.09484710015436572,0.011654710237469711
choque_10pct_temporario,temporario,0.9,0.09999999999999998,False,83,124,7,8940440.482576167,0.09031985741337221,0.09366859192393728,0.10178252827772148,0.017076514404121692
choque_10pct_temporario,temporario,0.9,0.09999999999999998,False,83,124,8,8946877.446300998,0.10262125509739391,0.10910246122785061,0.12123291556767585,0.011135433174141503
choque_10pct_temporario,temporario,0.9,0.09999999999999998,False,83,124,9,8776715.74565234,0.11905998258513015,0.11743966464226752,0.1423555817142217,0.0034815392571607164
choque_10pct_temporario,temporario,0.9,0.09999999999999998,False,83,124,10,8669274.499345588,0.13208099295833411,0.10673092325241873,0.16066685363902863,-0.0030329309135535385
choque_10pct_temporario,temporario,0.9,0.09999999999999998,False,83,124,11,8619262.874912309,0.13576255076973578,0.09183067129004319,0.16847088433853816,-0.016568418248507227
choque_10pct_temporario,temporario,0.9,0.09999999999999998,False,83,124,12,8616614.875024237,0.1350033417001562,0.07076268729191737,0.17173824752357061,-0.028592141083143823
choque_10pct_temporario,temporario,0.9,0.09999999999999998,False,83,124,13,8927419.483825123,0.12154593648137153,0.05275576127388093,0.16086368067767248,-0.028048219927047438
choque_10pct_temporario,temporario,0.9,0.09999999999999998,False,83,124,14,9394188.419750635,0.09711533502305465,0.04276005500697555,0.1438676003304304,-0.027353091058651212
choque_10pct_temporario,temporario,0.9,0.09999999999999998,False,83,124,15,9950790.583468573,0.07227315342662097,0.0495124496286834,0.12476932306522155,-0.021613611416110557
choque_10pct_temporario,temporario,0.9,0.09999999999999998,False,83,124,16,10344033.233165577,0.056986106560670345,0.07766444107307446,0.11213257090569984,-0.009878904956575368
choque_10pct_temporario,temporario,0.9,0.09999999999999998,False,83,124,17,10742217.67566565,0.05055209452204616,0.1274574875568415,0.10886626260444617,0.0009655227864426394
choque_10pct_temporario,temporario,0.9,0.09999999999999998,False,83,124,18,11028894.043047937,0.05566028254613046,0.18509256916847994,0.11813552856595623,0.013893489836562613
choque_10pct_temporario,temporario,0.9,0.09999999999999998,False,83,124,19,11063185.204540102,0.07134436236519619,0.2288137092590392,0.14391398081906323,0.0177256551665528
choque_10pct_temporario,temporario,0.9,0.09999999999999998,False,83,124,20,11036233.607680717,0.08149000268266418,0.23841063551028574,0.1700808520718763,0.013150360814085727
choque_10pct_temporario,temporario,0.9,0.09999999999999998,False,83,124,21,10719157.094319921,0.09543167020625376,0.2294926846645866,0.18731182990418338,-0.0016249482477123066
choque_10pct_temporario,temporario,0.9,0.09999999999999998,False,83,124,22,10444001.20149614,0.1124649491815757,0.19990170614888436,0.20804946611086872,-0.024090884844592382
choque_10pct_temporario,temporario,0.9,0.09999999999999998,False,83,124,23,10203512.993115801,0.11841853619526721,0.16098068725417902,0.2197175463172288,-0.040988029708706776
choque_10pct_temporario,temporario,0.9,0.09999999999999998,False,83,124,24,10346343.356987808,0.10238303479422024,0.1225809859603535,0.21059498561134507,-0.058725647236376306
choque_10pct_temporario,temporario,0.9,0.09999999999999998,False,83,124,25,10963937.044568202,0.07520543447133843,0.09752266332602422,0.18342618910420996,-0.055860616895585774
choque_10pct_temporario,temporario,0.9,0.09999999999999998,False,84,125,0,7609597.0,0.138,0.03,0.12063832026847152,0.010583740505574736
choque_10pct_temporario,temporario,0.9,0.09999999999999998,False,84,125,1,7652724.38733265,0.14039181650999813,0.030000000000000027,0.11859183719691781,0.007984885903803248
choque_10pct_temporario,temporario,0.9,0.09999999999999998,False,84,125,2,7812520.143181676,0.135227137041172,0.024170779470006565,0.12031541546280497,0.0018868192985360191
choque_10pct_temporario,temporario,0.9,0.09999999999999998,False,84,125,3,8052047.131993262,0.1249071485739216,0.026888059745781456,0.11186830547398513,0.00509071657013345
choque_10pct_temporario,temporario,0.9,0.09999999999999998,False,84,125,4,8380278.68250678,0.10978591018042659,0.030223051918467858,0.10420220551095581,0.010086270974714965
choque_10pct_temporario,temporario,0.9,0.09999999999999998,False,84,125,5,8588690.232043609,0.09561403495388814,0.04640075320119941,0.0980220406164435,0.010046888312075768
choque_10pct_temporario,temporario,0.9,0.09999999999999998,False,84,125,6,8754677.542843547,0.0942556985784065,0.06409905665101445,0.09965564074786698,0.00806491458905018
choque_10pct_temporario,temporario,0.9,0.09999999999999998,False,84,125,7,8891666.831760976,0.09423274408248321,0.08518748605592186,0.10600575927011713,0.012650187572760369
choque_10pct_temporario,temporario,0.9,0.09999999999999998,False,84,125,8,8996223.64894751,0.0967922740314272,0.101445372187567,0.11573023812077551,0.01216283912327443
choque_10pct_temporario,temporario,0.9,0.09999999999999998,False,84,125,9,8874239.823506236,0.11045837611373649,0.11221270061818811,0.13230201784818077,0.006988357771306423
choque_10pct_temporario,temporario,0.9,0.09999999999999998,False,84,125,10,8793664.435594838,0.12290255344336626,0.10768518359961066,0.15338239053492092,-0.002301773379462192
choque_10pct_temporario,temporario,0.9,0.09999999999999998,False,84,125,11,8623048.051413514,0.13727349482967366,0.09751208018514124,0.16858123586315996,-0.01423134665137281
choque_10pct_temporario,temporario,0.9,0.09999999999999998,False,84,125,12,8627757.654179107,0.139885861451118,0.0756875277858442,0.17652437228074858,-0.026125777653093575
choque_10pct_temporario,temporario,0.9,0.09999999999999998,False,84,125,13,8786949.848287167,0.1314486287235764,0.058113834697058,0.16930623185579968,-0.029630993509152187
choque_10pct_temporario,temporario,0.9,0.09999999999999998,False,84,125,14,9171289.912458628,0.11105654226940742,0.04315576010991551,0.1552218723871867,-0.031100522673119975
choque_10pct_temporario,temporario,0.9,0.09999999999999998,False,84,125,15,9735958.3792805,0.0854056798119955,0.041311738469786974,0.13487012621948066,-0.025673906621812254
choque_10pct_temporario,temporario,0.9,0.09999999999999998,False,84,125,16,10274864.985348968,0.06314486779500102,0.05752878971871489,0.11862538012987374,-0.018210264441205402
choque_10pct_temporario,temporario,0.9,0.09999999999999998,False,84,125,17,10674968.516583804,0.05018135374730376,0.09912267311615541,0.10836486674593253,-0.0034554444751165917
choque_10pct_temporario,temporario,0.9,0.09999999999999998,False,84,125,18,10969307.589430032,0.05369875661695093,0.15932871656399739,0.11155174204083107,0.00757335523628846
choque_10pct_temporario,temporario,0.9,0.09999999999999998,False,84,125,19,11089069.502853412,0.06591107450137311,0.21015703514992556,0.13716302690382257,0.01603609954821244
choque_10pct_temporario,temporario,0.9,0.09999999999999998,False,84,125,20,11144042.799305053,0.075507779635029,0.2344906742672732,0.16046227786859513,0.013357311387625217
choque_10pct_temporario,temporario,0.9,0.09999999999999998,False,84,125,21,10913486.729889039,0.08777901759564181,0.23711270003119567,0.17804764879303428,0.004467504358453048
choque_10pct_temporario,temporario,0.9,0.09999999999999998,False,84,125,22,10631250.250338363,0.10199701425564339,0.21562620766926455,0.1989030641527876,-0.013351909128843703
choque_10pct_temporario,temporario,0.9,0.09999999999999998,False,84,125,23,10445338.596077833,0.107815975310338,0.18247826611269669,0.2110272218823339,-0.03190195835349447
choque_10pct_temporario,temporario,0.9,0.09999999999999998,False,84,125,24,10419350.229648665,0.10516494025307793,0.1461161942254814,0.21192275256628432,-0.0521479465482366
choque_10pct_temporario,temporario,0.9,0.09999999999999998,False,84,125,25,10761519.482024966,0.08836482522880586,0.1151160465767862,0.1985203156893587,-0.055520050335067954
choque_10pct_temporario,temporario,0.9,0.09999999999999998,False,85,126,0,7609597.0,0.138,0.03,0.12063832026847152,0.010583740505574736
choque_10pct_temporario,temporario,0.9,0.09999999999999998,False,85,126,1,7652724.38733265,0.14039181650999813,0.030000000000000027,0.11859183719691781,0.007984885903803248
choque_10pct_temporario,temporario,0.9,0.09999999999999998,False,85,126,2,7805447.292951422,0.13522708141572493,0.024177560936350373,0.12041051553029103,0.003442631022190316
choque_10pct_temporario,temporario,0.9,0.09999999999999998,False,85,126,3,8047102.756847766,0.12540575991661,0.0268617181089843,0.11207736339959044,0.00782253732451517
choque_10pct_temporario,temporario,0.9,0.09999999999999998,False,85,126,4,8338889.719430038,0.11015036409885649,0.029952288573705355,0.10518033393075292,0.005962536053419879
choque_10pct_temporario,temporario,0.9,0.09999999999999998,False,85,126,5,8633810.606037403,0.097169017935336,0.04571988388635306,0.09685806935871787,0.009266934059964092
choque_10pct_temporario,temporario,0.9,0.09999999999999998,False,85,126,6,8824344.61858474,0.08955722455949826,0.06268017702175532,0.0972238775520352,0.011571307563908078
choque_10pct_temporario,temporario,0.9,0.09999999999999998,False,85,126,7,8941559.78778816,0.09115634180700205,0.08737146694613807,0.10215553284513178,0.015208796875511169
choque_10pct_temporario,temporario,0.9,0.09999999999999998,False,85,126,8,8924463.052652791,0.10086787318629929,0.10508029925888862,0.11898193744566571,0.01137739969990183
choque_10pct_temporario,temporario,0.9,0.09999999999999998,False,85,126,9,8803373.55776178,0.11763529352928936,0.11428923034956173,0.13970341901872832,0.005045821078087202
choque_10pct_temporario,temporario,0.9,0.09999999999999998,False,85,126,10,8634822.394210935,0.1354944036512957,0.10708662737077246,0.16203503009475292,-0.005420807027898096
choque_10pct_temporario,temporario,0.9,0.09999999999999998,False,85,126,11,8520622.89378793,0.1458588625562635,0.09043540893988888,0.17588372487947537,-0.01738663906981271
choque_10pct_temporario,temporario,0.9,0.09999999999999998,False,85,126,12,8461379.253979813,0.14840113375004618,0.06722361125488718,0.18150754753047732,-0.02913539017927162
choque_10pct_temporario,temporario,0.9,0.09999999999999998,False,85,126,13,8762864.714126492,0.13345476870966166,0.04509409450624258,0.170483875894601,-0.036632210628301215
choque_10pct_temporario,temporario,0.9,0.09999999999999998,False,85,126,14,9202718.767904792,0.10999523163731756,0.030328400436126612,0.15217032898725458,-0.03554905249546663
choque_10pct_temporario,temporario,0.9,0.09999999999999998,False,85,126,15,9871217.944765113,0.07919913275540764,0.03048554907837997,0.13000804452218848,-0.02646859140497544
choque_10pct_temporario,temporario,0.9,0.09999999999999998,False,85,126,16,10261152.318846064,0.05987543801344883,0.054736540436935543,0.11371257032026416,-0.014772435913627759
choque_10pct_temporario,temporario,0.9,0.09999999999999998,False,85,126,17,10687215.004045133,0.05190402395231288,0.10159539708728271,0.1080585556448781,-0.00313760977574757
choque_10pct_temporario,temporario,0.9,0.09999999999999998,False,85,126,18,10963155.657768724,0.05441622151965243,0.16346127489662754,0.11547293122238506,0.010461097236746935
choque_10pct_temporario,temporario,0.9,0.09999999999999998,False,85,126,19,11140937.33682503,0.06716377385449611,0.2134466712390144,0.13689464071920296,0.017247505399062817
choque_10pct_temporario,temporario,0.9,0.09999999999999998,False,85,126,20,11108120.641490737,0.07902423338055327,0.23558981573689697,0.16329733538779717,0.015671587759370612
choque_10pct_temporario,temporario,0.9,0.09999999999999998,False,85,126,21,10889782.053134616,0.08917204129571989,0.2338259494035133,0.18153298780310173,-0.0007639069315424822
choque_10pct_temporario,temporario,0.9,0.09999999999999998,False,85,126,22,10673996.280698474,0.10027738144336294,0.21095646153348602,0.19642299682323613,-0.0164272161954315
choque_10pct_temporario,temporario,0.9,0.09999999999999998,False,85,126,23,10511910.793075273,0.10283622558200692,0.1789972002849649,0.20682121296702158,-0.033554151360845844
choque_10pct_temporario,temporario,0.9,0.09999999999999998,False,85,126,24,10562444.131493384,0.09792224301593566,0.1460426847321017,0.2048272197810991,-0.044778609901843014
choque_10pct_temporario,temporario,0.9,0.09999999999999998,False,85,126,25,10810213.001081903,0.0848476097408817,0.1197986651376739,0.19494623978668793,-0.0515774218602649
choque_10pct_temporario,temporario,0.9,0.09999999999999998,False,86,127,0,7609597.0,0.138,0.03,0.12063832026847152,0.010583740505574736
choque_10pct_temporario,temporario,0.9,0.09999999999999998,False,86,127,1,7652724.38733265,0.14039181650999813,0.030000000000000027,0.11859183719691781,0.007984885903803248
choque_10pct_temporario,temporario,0.9,0.09999999999999998,False,86,127,2,7797535.540496843,0.13522792692462418,0.0241780864483494,0.12055006007782303,0.0037504461675591247
choque_10pct_temporario,temporario,0.9,0.09999999999999998,False,86,127,3,8049301.5324522955,0.12439918088385989,0.02687613792222887,0.11153603568962524,0.006701927754935272
choque_10pct_temporario,temporario,0.9,0.09999999999999998,False,86,127,4,8409254.830489524,0.1075790112323599,0.030423671999403323,0.10343575734547547,0.0068154161687141255
choque_10pct_temporario,temporario,0.9,0.09999999999999998,False,86,127,5,8636234.119020626,0.09320697435135472,0.04726362979790388,0.09609341643873164,0.011014936035891603
choque_10pct_temporario,temporario,0.9,0.09999999999999998,False,86,127,6,8783533.12605866,0.09002761621880913,0.06680091796596077,0.09783558287631017,0.013039799062364965
choque_10pct_temporario,temporario,0.9,0.09999999999999998,False,86,127,7,8901151.871360086,0.09620218376395269,0.09003279313834534,0.10764984309929662,0.012908464833074826
choque_10pct_temporario,temporario,0.9,0.09999999999999998,False,86,127,8,8838526.645200163,0.10893596208103021,0.10413425792926034,0.12543369247976588,0.01224504645975971
choque_10pct_temporario,temporario,0.9,0.09999999999999998,False,86,127,9,8769006.671180822,0.11709664322614839,0.10875379264185603,0.14157337980717352,0.0060458858019922556
choque_10pct_temporario,temporario,0.9,0.09999999999999998,False,86,127,10,8642225.333238399,0.12799085566680007,0.10353157671331137,0.1558599930456754,-0.006112381899225805
choque_10pct_temporario,temporario,0.9,0.09999999999999998,False,86,127,11,8559722.529970124,0.1376819132207322,0.08780212124831954,0.16903848295773824,-0.015919260712518892
choque_10pct_temporario,temporario,0.9,0.09999999999999998,False,86,127,12,8618608.643338349,0.13787156145087706,0.06794109745142762,0.172384710562361,-0.026690624046439945
choque_10pct_temporario,temporario,0.9,0.09999999999999998,False,86,127,13,8907574.175388552,0.12470048450315394,0.05008271963578248,0.16288700723379385,-0.03235396994524926
choque_10pct_temporario,temporario,0.9,0.09999999999999998,False,86,127,14,9351335.38867031,0.10009470347205365,0.04018100447521822,0.1446777676362565,-0.028432177239103924
choque_10pct_temporario,temporario,0.9,0.09999999999999998,False,86,127,15,9982049.23527456,0.07261914460416082,0.04575633964623327,0.12417140610724561,-0.017555905043628573
choque_10pct_temporario,temporario,0.9,0.09999999999999998,False,86,127,16,10336160.89594931,0.05691253638072054,0.07497667821548726,0.11199036074919148,-0.009455885133389689
choque_10pct_temporario,temporario,0.9,0.09999999999999998,False,86,127,17,10643208.781838989,0.05804329045596221,0.12367832253406297,0.11326255416603506,-0.0012187013113304083
choque_10pct_temporario,temporario,0.9,0.09999999999999998,False,86,127,18,10818296.774856273,0.06668011279643905,0.17021973466062668,0.13223145067497172,0.007379081912188242
choque_10pct_temporario,temporario,0.9,0.09999999999999998,False,86,127,19,10918386.686779168,0.07476481364872417,0.20226545057857548,0.1509163276491768,0.009807411459476828
choque_10pct_temporario,temporario,0.9,0.09999999999999998,False,86,127,20,10811359.364978477,0.08168182510297572,0.21288787418168398,0.16707795948648319,0.002528574712185146
choque_10pct_temporario,temporario,0.9,0.09999999999999998,False,86,127,21,10800770.630609222,0.08748467385609777,0.20730949108179364,0.17820011866243485,-0.004795814537181165
choque_10pct_temporario,temporario,0.9,0.09999999999999998,False,86,127,22,10512150.258666016,0.09951008416773308,0.19022750473128092,0.19533563872045012,-0.0221275788527931
choque_10pct_temporario,temporario,0.9,0.09999999999999998,False,86,127,23,10514742.771144668,0.09981167800347095,0.16315429084611877,0.2027063365336849,-0.03733675570636433
choque_10pct_temporario,temporario,0.9,0.09999999999999998,False,86,127,24,10787400.954497583,0.08354667921626939,0.138428757467421,0.19039434966749622,-0.04307245466408994
choque_10pct_temporario,temporario,0.9,0.09999999999999998,False,86,127,25,11333807.724795412,0.060972842772857715,0.1270211303687223,0.17090663920669574,-0.041230692713587695
choque_10pct_temporario,temporario,0.9,0.09999999999999998,False,87,128,0,7609597.0,0.138,0.03,0.12063832026847152,0.010583740505574736
choque_10pct_temporario,temporario,0.9,0.09999999999999998,False,87,128,1,7652720.659059336,0.14039204578760067,0.029999999999999805,0.11859203669881745,0.007984787537176637
choque_10pct_temporario,temporario,0.9,0.09999999999999998,False,87,128,2,7804124.837337487,0.1352273782580663,0.024168849806441184,0.12052584486839978,0.0010953879704119623
choque_10pct_temporario,temporario,0.9,0.09999999999999998,False,87,128,3,8072253.135584136,0.1240199349331775,0.0269042900410168,0.11062706680294176,0.00585107735170701
choque_10pct_temporario,temporario,0.9,0.09999999999999998,False,87,128,4,8434950.959153848,0.10542390156394663,0.030613616160076962,0.10187731707976172,0.0070381854335560285
choque_10pct_temporario,temporario,0.9,0.09999999999999998,False,87,128,5,8692925.029047105,0.09089116844284792,0.04833401540539373,0.09384418146767477,0.009948459553633897
choque_10pct_temporario,temporario,0.9,0.09999999999999998,False,87,128,6,8831173.49256938,0.08819121853886662,0.0694871894921687,0.09583095346153546,0.012478922034661853
choque_10pct_temporario,temporario,0.9,0.09999999999999998,False,87,128,7,8914733.097415203,0.09381080124794247,0.09480702361275939,0.10551463258232965,0.013481865801730159
choque_10pct_temporario,temporario,0.9,0.09999999999999998,False,87,128,8,8920483.02300644,0.1053498518994959,0.11008635235039232,0.12308052586631986,0.010759262737127325
choque_10pct_temporario,temporario,0.9,0.09999999999999998,False,87,128,9,8714041.331916904,0.1230288784389352,0.11527936572148301,0.14473544283413245,0.004919122954377914
choque_10pct_temporario,temporario,0.9,0.09999999999999998,False,87,128,10,8663597.172390824,0.1314369036055134,0.1036061604176397,0.1610384705714739,-0.005919602022925271
choque_10pct_temporario,temporario,0.9,0.09999999999999998,False,87,128,11,8582802.82503196,0.13870787517493963,0.08730453461866627,0.17036416312799646,-0.01774636512735298
choque_10pct_temporario,temporario,0.9,0.09999999999999998,False,87,128,12,8511455.359887848,0.14416735159119878,0.06575983364241611,0.1786354798964874,-0.030427445374082335
choque_10pct_temporario,temporario,0.9,0.09999999999999998,False,87,128,13,8770616.95070429,0.13235269414878,0.04538897725796298,0.1700931381542646,-0.034437925988917525
choque_10pct_temporario,temporario,0.9,0.09999999999999998,False,87,128,14,9237159.726374473,0.10754629639800747,0.03247028322713197,0.15112408136608593,-0.03182974692589096
choque_10pct_temporario,temporario,0.9,0.09999999999999998,False,87,128,15,9867884.215440966,0.07932000498233463,0.0343000919141514,0.12889138086033947,-0.024453617889449983
choque_10pct_temporario,temporario,0.9,0.09999999999999998,False,87,128,16,10364745.871337015,0.05847967325579535,0.0581125398513922,0.11320397211707175,-0.01569218046459333
choque_10pct_temporario,temporario,0.9,0.09999999999999998,False,87,128,17,10755953.94377074,0.04821177014659506,0.10692016176647057,0.10571915056887234,-0.001839002816265261
choque_10pct_temporario,temporario,0.9,0.09999999999999998,False,87,128,18,11042482.820649656,0.054395147777601224,0.1731558378746778,0.11229576406222967,0.011636842540103073
choque_10pct_temporario,temporario,0.9,0.09999999999999998,False,87,128,19,11164520.03986862,0.06939111763625322,0.22170247954975109,0.14129678001266208,0.023026211851687343
choque_10pct_temporario,temporario,0.9,0.09999999999999998,False,87,128,20,11154903.890557818,0.07824519335700597,0.23973306370199166,0.16511074992555871,0.01801643557681926
choque_10pct_temporario,temporario,0.9,0.09999999999999998,False,87,128,21,10887236.35305659,0.0887395567693334,0.2370123949135543,0.18074031883143107,0.004427977934798769
choque_10pct_temporario,temporario,0.9,0.09999999999999998,False,87,128,22,10545831.807401376,0.10560205302088992,0.2134478412181371,0.20304198128488707,-0.018192485116361946
choque_10pct_temporario,temporario,0.9,0.09999999999999998,False,87,128,23,10290128.26438563,0.116160489730026,0.17759439984690362,0.21901675561699635,-0.040866899218879225
choque_10pct_temporario,temporario,0.9,0.09999999999999998,False,87,128,24,10334532.4787147,0.10929433141759899,0.1381857955339716,0.21522448028846825,-0.054010608819672054
choque_10pct_temporario,temporario,0.9,0.09999999999999998,False,87,128,25,10850021.406304574,0.08029721821542535,0.10557389079394697,0.1923696059944693,-0.05657058461074875
choque_10pct_temporario,temporario,0.9,0.09999999999999998,False,88,129,0,7609597.0,0.138,0.03,0.12063832026847152,0.010583740505574736
choque_10pct_temporario,temporario,0.9,0.09999999999999998,False,88,129,1,7652724.38733265,0.14039181650999813,0.030000000000000027,0.11859183719691781,0.007984885903803248
choque_10pct_temporario,temporario,0.9,0.09999999999999998,False,88,129,2,7808289.09623282,0.13522708141572493,0.024187119658762857,0.12051502462550072,0.005397028494644425
choque_10pct_temporario,temporario,0.9,0.09999999999999998,False,88,129,3,8049485.526277566,0.12525597693612542,0.026888565255428487,0.11219644139580276,0.01017827549538741
choque_10pct_temporario,temporario,0.9,0.09999999999999998,False,88,129,4,8330359.607230663,0.11067790504381587,0.030020543546724454,0.1067251057535951,0.0068774589943856115
choque_10pct_temporario,temporario,0.9,0.09999999999999998,False,88,129,5,8510998.062506275,0.10145157692191464,0.046349071865076974,0.10069407143500823,0.010463978794817539
choque_10pct_temporario,temporario,0.9,0.09999999999999998,False,88,129,6,8705958.185069434,0.09604790508417163,0.060023791671201865,0.10294972465347606,0.009014825465225139
choque_10pct_temporario,temporario,0.9,0.09999999999999998,False,88,129,7,8857496.47369359,0.0953147024525656,0.08053533135944746,0.10642383293747941,0.01106161611170448
choque_10pct_temporario,temporario,0.9,0.09999999999999998,False,88,129,8,8900473.239913192,0.10023835556858803,0.09473306144441551,0.11812292373418881,0.011887028510735542
choque_10pct_temporario,temporario,0.9,0.09999999999999998,False,88,129,9,8924544.701890267,0.10790540350813649,0.10442739993995165,0.13094360598960766,0.005761461862017168
choque_10pct_temporario,temporario,0.9,0.09999999999999998,False,88,129,10,8817681.528548298,0.1200124213910876,0.10415139932810247,0.14736979376607662,0.0001484645502126903
choque_10pct_temporario,temporario,0.9,0.09999999999999998,False,88,129,11,8778375.281988721,0.12493531892126018,0.09540087595682434,0.15927689136984705,-0.00924185590017099
choque_10pct_temporario,temporario,0.9,0.09999999999999998,False,88,129,12,8784132.606142994,0.1273381991349879,0.08200279220167528,0.16483385113713786,-0.021442510387646357
choque_10pct_temporario,temporario,0.9,0.09999999999999998,False,88,129,13,8958867.010766039,0.1244799157761667,0.06702820869698733,0.16381142085308176,-0.02730357835416018
choque_10pct_temporario,temporario,0.9,0.09999999999999998,False,88,129,14,9241423.096521242,0.10910306487744824,0.055787844018549304,0.15420202075485467,-0.02727201982036046
choque_10pct_temporario,temporario,0.9,0.09999999999999998,False,88,129,15,9689982.986496123,0.0871100129337156,0.055208797924823916,0.13849280902895625,-0.02261670704954689
choque_10pct_temporario,temporario,0.9,0.09999999999999998,False,88,129,16,10172925.810157448,0.0639487817983487,0.06766019120519795,0.12287791157300408,-0.015523812720852613
choque_10pct_temporario,temporario,0.9,0.09999999999999998,False,88,129,17,10633549.014946546,0.052020611817836473,0.10594481070863804,0.11079547548636723,-0.004030205338583192
choque_10pct_temporario,temporario,0.9,0.09999999999999998,False,88,129,18,10967488.523490513,0.05090883712180751,0.15838561872867363,0.11370149009826098,0.009512784148502337
choque_10pct_temporario,temporario,0.9,0.09999999999999998,False,88,129,19,11177331.193464952,0.063068115971265,0.21165989915317174,0.13158030381223199,0.015278510296708825
choque_10pct_temporario,temporario,0.9,0.09999999999999998,False,88,129,20,11166998.25336289,0.07853029745770607,0.23558676562986403,0.16183462425359435,0.016145322843814848
choque_10pct_temporario,temporario,0.9,0.09999999999999998,False,88,129,21,10960443.171431027,0.08848689269716202,0.23459098658616084,0.1824479933137322,0.004077482683790274
choque_10pct_temporario,temporario,0.9,0.09999999999999998,False,88,129,22,10629837.435143756,0.10164721144561481,0.21515111312913215,0.1986251032813476,-0.014854643683100447
choque_10pct_temporario,temporario,0.9,0.09999999999999998,False,88,129,23,10397129.792643087,0.11033000191215003,0.18227504511066583,0.21322610614962825,-0.034395962065130466
choque_10pct_temporario,temporario,0.9,0.09999999999999998,False,88,129,24,10340054.40870174,0.10910204745903344,0.1453614713049769,0.21480925899525563,-0.049870810521523555
choque_10pct_temporario,temporario,0.9,0.09999999999999998,False,88,129,25,10697989.08450116,0.08817738459638169,0.11252266567456348,0.19977581814345757,-0.05838666870536986
choque_10pct_temporario,temporario,0.9,0.09999999999999998,False,89,130,0,7609597.0,0.138,0.03,0.12063832026847152,0.010583740505574736
choque_10pct_temporario,temporario,0.9,0.09999999999999998,False,89,130,1,7652724.38733265,0.14039181650999813,0.030000000000000027,0.11859183719691781,0.007984885903803248
choque_10pct_temporario,temporario,0.9,0.09999999999999998,False,89,130,2,7801131.533210283,0.13522708141572493,0.024176097254847484,0.12044669281179464,0.0030417857503093047
choque_10pct_temporario,temporario,0.9,0.09999999999999998,False,89,130,3,8059153.92921016,0.12417412939401595,0.02687761941643685,0.11154847411721842,0.007084643781682758
choque_10pct_temporario,temporario,0.9,0.09999999999999998,False,89,130,4,8390863.432128724,0.10872350158653497,0.03050180757062515,0.10396384789263141,0.008765905085723733
choque_10pct_temporario,temporario,0.9,0.09999999999999998,False,89,130,5,8607227.962195646,0.09587266215877034,0.04705166259960958,0.0979392698128344,0.011050934230339609
choque_10pct_temporario,temporario,0.9,0.09999999999999998,False,89,130,6,8741117.371142508,0.09461046187762007,0.06467606193256015,0.10067211746207311,0.01268862555368463
choque_10pct_temporario,temporario,0.9,0.09999999999999998,False,89,130,7,8855605.451877914,0.09864055437281333,0.08542442297668962,0.11097738493567925,0.010238456329973849
choque_10pct_temporario,temporario,0.9,0.09999999999999998,False,89,130,8,8752666.902628977,0.11109157374007578,0.09851436751853826,0.12762981862024234,0.008901760525251315
choque_10pct_temporario,temporario,0.9,0.09999999999999998,False,89,130,9,8659276.658869885,0.12305376585079257,0.10176719896239228,0.14560912729404163,-0.0003401074528971117
choque_10pct_temporario,temporario,0.9,0.09999999999999998,False,89,130,10,8613778.398537124,0.13066844541975137,0.09358969146143892,0.15756953311234473,-0.009344320140579787
choque_10pct_temporario,temporario,0.9,0.09999999999999998,False,89,130,11,8638286.435870638,0.12994400382715376,0.08060512819942822,0.16148964482419498,-0.018143780847954954
choque_10pct_temporario,temporario,0.9,0.09999999999999998,False,89,130,12,8859944.514603922,0.11954134982731002,0.06452557503777645,0.156181274829059,-0.02097926095404988
choque_10pct_temporario,temporario,0.9,0.09999999999999998,False,89,130,13,9204408.827471528,0.1018783044546789,0.05599503617037915,0.14434422324291465,-0.018918928097353772
choque_10pct_temporario,temporario,0.9,0.09999999999999998,False,89,130,14,9586126.221033476,0.08426906133058297,0.05746243291326225,0.13212238572646529,-0.017590683906244877
choque_10pct_temporario,temporario,0.9,0.09999999999999998,False,89,130,15,10011823.682012727,0.06896534281025442,0.07443675027739238,0.12176700022110559,-0.011399608621558383
choque_10pct_temporario,temporario,0.9,0.09999999999999998,False,89,130,16,10390104.117007898,0.05908656239936492,0.1057423213358597,0.11709510108907785,-0.006144034337817133
choque_10pct_temporario,temporario,0.9,0.09999999999999998,False,89,130,17,10581245.877108673,0.06390651614911037,0.1500480991859625,0.12117093185345817,0.004555244871417004
choque_10pct_temporario,temporario,0.9,0.09999999999999998,False,89,130,18,10737389.09162843,0.06747879941594911,0.1833315464070273,0.13973392532899348,0.00877386992738822
choque_10pct_temporario,temporario,0.9,0.09999999999999998,False,89,130,19,10873868.03689369,0.0695426929094996,0.20610361346199713,0.1492712598245404,0.008525758707819261
choque_10pct_temporario,temporario,0.9,0.09999999999999998,False,89,130,20,10767912.835630868,0.08399776561203953,0.21597842823919766,0.166009269676177,0.0030631207492284387
choque_10pct_temporario,temporario,0.9,0.09999999999999998,False,89,130,21,10527404.83423731,0.10080533746642108,0.2030439756174527,0.19355748298521908,-0.012275632536721821
choque_10pct_temporario,temporario,0.9,0.09999999999999998,False,89,130,22,10361430.290834332,0.10843630199761008,0.17826174586239008,0.20588653564638304,-0.027828691860633994
choque_10pct_temporario,temporario,0.9,0.09999999999999998,False,89,130,23,10327628.739331542,0.10257918822233421,0.1467075385914296,0.2057852798602958,-0.04304555239775017
choque_10pct_temporario,temporario,0.9,0.09999999999999998,False,89,130,24,10653622.210337324,0.08471351285573918,0.11897032981573497,0.19071929968537926,-0.0482919990883939
choque_10pct_temporario,temporario,0.9,0.09999999999999998,False,89,130,25,11455345.062797816,0.05300811820069593,0.10939133094895293,0.16380101649374787,-0.04115109005365619
choque_10pct_temporario,temporario,0.9,0.09999999999999998,False,90,131,0,7609597.0,0.138,0.03,0.12063832026847152,0.010583740505574736
choque_10pct_temporario,temporario,0.9,0.09999999999999998,False,90,131,1,7652724.38733265,0.14039181650999813,0.030000000000000027,0.11859183719691781,0.007984885903803248
choque_10pct_temporario,temporario,0.9,0.09999999999999998,False,90,131,2,7796327.271840712,0.13522708141572493,0.02417908667902502,0.12053614894020194,0.0036874241421439445
choque_10pct_temporario,temporario,0.9,0.09999999999999998,False,90,131,3,8073772.352932212,0.12445445098908703,0.02685216709778704,0.11139253261013682,0.008022676142664413
choque_10pct_temporario,temporario,0.9,0.09999999999999998,False,90,131,4,8358422.61210144,0.10933433741714887,0.030366269773322463,0.10495242619812452,0.006489299326391141
choque_10pct_temporario,temporario,0.9,0.09999999999999998,False,90,131,5,8619544.185167892,0.09592761237169663,0.045494417842794954,0.09877192786621679,0.00876658983106353
choque_10pct_temporario,temporario,0.9,0.09999999999999998,False,90,131,6,8763945.333914693,0.0926075244138204,0.06406597802814828,0.09989790745342941,0.01092898939014169
choque_10pct_temporario,temporario,0.9,0.09999999999999998,False,90,131,7,8856539.634407304,0.09875891575732398,0.08607514868869126,0.1086336245304166,0.011716369782212023
choque_10pct_temporario,temporario,0.9,0.09999999999999998,False,90,131,8,8842023.836341325,0.1061436288812122,0.09903653146567981,0.12413026295887339,0.008384074059626944
choque_10pct_temporario,temporario,0.9,0.09999999999999998,False,90,131,9,8823701.111102795,0.11262760026853773,0.1062281659786426,0.13603985224882637,0.005281539464453553
choque_10pct_temporario,temporario,0.9,0.09999999999999998,False,90,131,10,8763525.301380768,0.12182442596861304,0.10203507288341629,0.14939493078480834,-0.004490441399870019
choque_10pct_temporario,temporario,0.9,0.09999999999999998,False,90,131,11,8737156.361524796,0.12590072233626085,0.09176162295268564,0.159464900415035,-0.010539496172272563
choque_10pct_temporario,temporario,0.9,0.09999999999999998,False,90,131,12,8813978.945421306,0.1276474076339829,0.07742070716649918,0.16316918687855012,-0.022374360441692664
choque_10pct_temporario,temporario,0.9,0.09999999999999998,False,90,131,13,8897859.806718107,0.12321190022882687,0.06226235518040624,0.163807266721882,-0.0269520734224199
choque_10pct_temporario,temporario,0.9,0.09999999999999998,False,90,131,14,9219814.266610628,0.1057988958509651,0.05273316396635552,0.15198841366949914,-0.030009570190380006
choque_10pct_temporario,temporario,0.9,0.09999999999999998,False,90,131,15,9837818.000391724,0.0786913767264147,0.052865841413014314,0.13141979321121047,-0.021115676699219585
choque_10pct_temporario,temporario,0.9,0.09999999999999998,False,90,131,16,10374729.858583206,0.054764834672113655,0.07572941884047735,0.11333337789232344,-0.011454483550552227
choque_10pct_temporario,temporario,0.9,0.09999999999999998,False,90,131,17,10710252.645477792,0.05073257430896825,0.1231046552364421,0.10666745676369396,0.004660216828704138
choque_10pct_temporario,temporario,0.9,0.09999999999999998,False,90,131,18,10826339.872326868,0.06403403066242105,0.17911846961388678,0.12555065236857585,0.012895930907266569
choque_10pct_temporario,temporario,0.9,0.09999999999999998,False,90,131,19,10937786.707049882,0.08037238967938967,0.21023093358042155,0.15732122636559506,0.009963478923195788
choque_10pct_temporario,temporario,0.9,0.09999999999999998,False,90,131,20,10749159.8003092,0.0935959727295458,0.21703392670544508,0.17712916414768154,0.0035758008966049774
choque_10pct_temporario,temporario,0.9,0.09999999999999998,False,90,131,21,10628842.218622824,0.09485960320690537,0.2006029179436195,0.1885892421975661,-0.013428612163066999
choque_10pct_temporario,temporario,0.9,0.09999999999999998,False,90,131,22,10427565.22261929,0.10337668873382808,0.17743312554098423,0.19627993278963632,-0.027881651837421525
choque_10pct_temporario,temporario,0.9,0.09999999999999998,False,90,131,23,10433146.52005084,0.10174620503415686,0.1476434715359285,0.20291341813457903,-0.04292410642123434
choque_10pct_temporario,temporario,0.9,0.09999999999999998,False,90,131,24,10724275.479346758,0.08416105522560294,0.12260475132476456,0.19016976276089656,-0.04918097407508966
choque_10pct_temporario,temporario,0.9,0.09999999999999998,False,90,131,25,11421081.220661124,0.054623593874539786,0.11439222641601776,0.165599279195679,-0.04519323797802947
choque_10pct_temporario,temporario,0.9,0.09999999999999998,False,91,132,0,7609597.0,0.138,0.03,0.12063832026847152,0.010583740505574736
choque_10pct_temporario,temporario,0.9,0.09999999999999998,False,91,132,1,7652724.38733265,0.14039181650999813,0.030000000000000027,0.11859183719691781,0.007984885903803248
choque_10pct_temporario,temporario,0.9,0.09999999999999998,False,91,132,2,7801363.801246859,0.13522775574117843,0.024178310632268163,0.12045568678891584,0.0037154610565848633
choque_10pct_temporario,temporario,0.9,0.09999999999999998,False,91,132,3,8059334.64543444,0.12592379526682104,0.02682999834979438,0.11198446921286653,0.006524334105458648
choque_10pct_temporario,temporario,0.9,0.09999999999999998,False,91,132,4,8352743.551038203,0.10882169687550454,0.029664268414322237,0.10493080772983111,0.006315199390668331
choque_10pct_temporario,temporario,0.9,0.09999999999999998,False,91,132,5,8658926.529458307,0.0944029386233869,0.04586038635749001,0.09591721620870217,0.011826494820154042
choque_10pct_temporario,temporario,0.9,0.09999999999999998,False,91,132,6,8799650.542740924,0.08854246714876772,0.06429320593697518,0.09744920950308002,0.012726787312559613
choque_10pct_temporario,temporario,0.9,0.09999999999999998,False,91,132,7,8883004.60968133,0.09538592714777602,0.08967023565393784,0.10529223038652012,0.014576657394986812
choque_10pct_temporario,temporario,0.9,0.09999999999999998,False,91,132,8,8888058.047142439,0.10523036517460752,0.10428793101133405,0.12343787242015296,0.012180294731716232
choque_10pct_temporario,temporario,0.9,0.09999999999999998,False,91,132,9,8779598.8377698,0.11787368304494347,0.11103837100383318,0.14123817322585766,0.003615431183579033
choque_10pct_temporario,temporario,0.9,0.09999999999999998,False,91,132,10,8626588.125459041,0.13352442094997874,0.10279399640539655,0.16075416062550246,-0.008043840955329536
choque_10pct_temporario,temporario,0.9,0.09999999999999998,False,91,132,11,8574133.48851536,0.13930715309791777,0.0872856736216836,0.17045724707249038,-0.016936218904725176
choque_10pct_temporario,temporario,0.9,0.09999999999999998,False,91,132,12,8655082.987771805,0.13165652875540354,0.06758191529008051,0.16895166439734793,-0.027618897412131218
choque_10pct_temporario,temporario,0.9,0.09999999999999998,False,91,132,13,8968920.318318544,0.1164581643434708,0.05271111435588516,0.155451919830882,-0.029708504918225492
choque_10pct_temporario,temporario,0.9,0.09999999999999998,False,91,132,14,9554368.98746233,0.09268536504678074,0.04532579778573953,0.13790959644232367,-0.023735463980965717
choque_10pct_temporario,temporario,0.9,0.09999999999999998,False,91,132,15,9971668.053223537,0.07054191557427919,0.05477391069754445,0.1228005470501919,-0.0167809858579067
choque_10pct_temporario,temporario,0.9,0.09999999999999998,False,91,132,16,10295829.66743784,0.05990998624177092,0.0842133408903627,0.1149574972124387,-0.009352923253440412
choque_10pct_temporario,temporario,0.9,0.09999999999999998,False,91,132,17,10635079.601240184,0.060408741800189895,0.1285750338142695,0.11762630983919424,-0.000697370060064874
choque_10pct_temporario,temporario,0.9,0.09999999999999998,False,91,132,18,10869333.955752634,0.0637692405666576,0.17104043694674886,0.13144067838566323,0.008034049383425652
choque_10pct_temporario,temporario,0.9,0.09999999999999998,False,91,132,19,10948352.36115086,0.07126523991049206,0.2049960460858169,0.1464532936991271,0.009686766880987354
choque_10pct_temporario,temporario,0.9,0.09999999999999998,False,91,132,20,10785201.309475552,0.0848625823346094,0.21749452451185047,0.1685520348492781,0.00237725490009357
choque_10pct_temporario,temporario,0.9,0.09999999999999998,False,91,132,21,10682918.58655692,0.09269600941516955,0.20914703171232496,0.18540459347537008,-0.008537945789837919
choque_10pct_temporario,temporario,0.9,0.09999999999999998,False,91,132,22,10555539.443377728,0.09524045655426756,0.18724846040835041,0.1940002628420219,-0.02328268198486104
choque_10pct_temporario,temporario,0.9,0.09999999999999998,False,91,132,23,10521566.773694653,0.09521929157302284,0.16304486770795923,0.1970338763222963,-0.0360792376094353
choque_10pct_temporario,temporario,0.9,0.09999999999999998,False,91,132,24,10770621.724895168,0.08452517711214995,0.13767091282012967,0.1912772665424568,-0.04290398509553402
choque_10pct_temporario,temporario,0.9,0.09999999999999998,False,91,132,25,11317447.6315156,0.05737994849388381,0.12735108544625362,0.17102515361773776,-0.03966175113751496
choque_10pct_temporario,temporario,0.9,0.09999999999999998,False,92,133,0,7609597.0,0.138,0.03,0.12063832026847152,0.010583740505574736
choque_10pct_temporario,temporario,0.9,0.09999999999999998,False,92,133,1,7652724.38733265,0.14039181650999813,0.030000000000000027,0.11859183719691781,0.007984885903803248
choque_10pct_temporario,temporario,0.9,0.09999999999999998,False,92,133,2,7801479.359865671,0.13522708141572493,0.024178922557531957,0.12044770636349743,0.00402440506770513
choque_10pct_temporario,temporario,0.9,0.09999999999999998,False,92,133,3,8050993.841168452,0.12459715352845571,0.02687422926141636,0.11180636352009912,0.007969732121799262
choque_10pct_temporario,temporario,0.9,0.09999999999999998,False,92,133,4,8410107.79912457,0.10957150747133619,0.030290844516926763,0.10526271395701767,0.005509297045593013
choque_10pct_temporario,temporario,0.9,0.09999999999999998,False,92,133,5,8556426.28880321,0.09815188071488458,0.04674975552789662,0.09947417860864749,0.011917378409399607
choque_10pct_temporario,temporario,0.9,0.09999999999999998,False,92,133,6,8687600.976065338,0.09580009112621848,0.0626683301455051,0.10275083525739528,0.00952916807933386
choque_10pct_temporario,temporario,0.9,0.09999999999999998,False,92,133,7,8820166.562166626,0.09864681121958788,0.08281717737300798,0.10925704474905043,0.010442870888541306
choque_10pct_temporario,temporario,0.9,0.09999999999999998,False,92,133,8,8871480.738419576,0.10343417283549211,0.09569554397230484,0.1210895615680952,0.00613893080650496
choque_10pct_temporario,temporario,0.9,0.09999999999999998,False,92,133,9,8901607.48358469,0.10934337455386375,0.10234886880889293,0.13220764903365725,0.006525025319409086
choque_10pct_temporario,temporario,0.9,0.09999999999999998,False,92,133,10,8832696.682387944,0.11750064196227128,0.10061997706216586,0.1459559940616854,0.000575538454828272
choque_10pct_temporario,temporario,0.9,0.09999999999999998,False,92,133,11,8831538.565014746,0.1206186795173303,0.09324641653763055,0.15532539852225805,-0.0071439858847737155
choque_10pct_temporario,temporario,0.9,0.09999999999999998,False,92,133,12,8846067.290541759,0.12447569091978333,0.08242405635367178,0.1611417649657472,-0.015988743752275707
choque_10pct_temporario,temporario,0.9,0.09999999999999998,False,92,133,13,8889807.845051289,0.12414182882894619,0.0699621767943317,0.16531204822170012,-0.025931771628602707
choque_10pct_temporario,temporario,0.9,0.09999999999999998,False,92,133,14,9162239.678984966,0.11124523765707428,0.058586959324390175,0.15783463969585823,-0.026916779215569966
choque_10pct_temporario,temporario,0.9,0.09999999999999998,False,92,133,15,9679156.882772643,0.08973369114055856,0.05459967475157579,0.14123306563027266,-0.02329587589369493
choque_10pct_temporario,temporario,0.9,0.09999999999999998,False,92,133,16,10201201.295114182,0.06637738060041265,0.0672619803576966,0.1251305681894981,-0.018147693731962327
choque_10pct_temporario,temporario,0.9,0.09999999999999998,False,92,133,17,10560322.273673514,0.05334470962961797,0.10110312559932022,0.11365854149014533,-0.004976376039433954
choque_10pct_temporario,temporario,0.9,0.09999999999999998,False,92,133,18,10912313.944547847,0.05203890099019285,0.15280239871540657,0.11425555811371524,0.008271688719848317
choque_10pct_temporario,temporario,0.9,0.09999999999999998,False,92,133,19,11183888.992827281,0.05790039876841467,0.20392845084788047,0.12873341217031925,0.017019164308985958
choque_10pct_temporario,temporario,0.9,0.09999999999999998,False,92,133,20,11317960.912481247,0.0650995270971051,0.23895209326289768,0.14815736298937973,0.019306396276085297
choque_10pct_temporario,temporario,0.9,0.09999999999999998,False,92,133,21,11128313.761431087,0.08073691490452656,0.25150793959943707,0.17101506420646262,0.011182311097271327
choque_10pct_temporario,temporario,0.9,0.09999999999999998,False,92,133,22,10763651.036583254,0.10380672420818542,0.23719344157474453,0.20067597611611632,-0.00412032476680539
choque_10pct_temporario,temporario,0.9,0.09999999999999998,False,92,133,23,10405148.86011195,0.11655895169421639,0.19994211711253174,0.2224102975798886,-0.029683134277727195
choque_10pct_temporario,temporario,0.9,0.09999999999999998,False,92,133,24,10285210.093001455,0.11523254021949188,0.15624437372571953,0.22304026868660273,-0.049901495548687086
choque_10pct_temporario,temporario,0.9,0.09999999999999998,False,92,133,25,10497632.439063456,0.09903653344020459,0.1173937618015155,0.21035752891295817,-0.06388138723418403
choque_10pct_temporario,temporario,0.9,0.09999999999999998,False,93,134,0,7609597.0,0.138,0.03,0.12063832026847152,0.010583740505574736
choque_10pct_temporario,temporario,0.9,0.09999999999999998,False,93,134,1,7652724.38733265,0.14039181650999813,0.030000000000000027,0.11859183719691781,0.007984885903803248
choque_10pct_temporario,temporario,0.9,0.09999999999999998,False,93,134,2,7798098.989714469,0.13522810176033073,0.0241804149381053,0.12052631703445287,0.0040433509135451556
choque_10pct_temporario,temporario,0.9,0.09999999999999998,False,93,134,3,8048611.260242105,0.1255889199486209,0.02682862022488619,0.11183314389958024,0.004645982787195535
choque_10pct_temporario,temporario,0.9,0.09999999999999998,False,93,134,4,8387757.11730165,0.1095433858285508,0.029893537236607592,0.10429907243203539,0.003134140866338429
choque_10pct_temporario,temporario,0.9,0.09999999999999998,False,93,134,5,8681025.194765689,0.09057970332805447,0.04734563533708691,0.09293905535716916,0.010375648995879963
choque_10pct_temporario,temporario,0.9,0.09999999999999998,False,93,134,6,8869299.949613724,0.08327358760972725,0.06759298819561788,0.09128195677907693,0.012770545432913548
choque_10pct_temporario,temporario,0.9,0.09999999999999998,False,93,134,7,9060345.550748166,0.08543886966416053,0.0963182681443242,0.09789481185100543,0.014144728657605507
choque_10pct_temporario,temporario,0.9,0.09999999999999998,False,93,134,8,9009729.222070133,0.09799520272938156,0.11556967526241535,0.11680620402148824,0.01382133284399182
choque_10pct_temporario,temporario,0.9,0.09999999999999998,False,93,134,9,8896844.57806469,0.11642789991861484,0.12488535381505517,0.13978104974597924,0.006400583023640022
choque_10pct_temporario,temporario,0.9,0.09999999999999998,False,93,134,10,8663836.56386379,0.136505843801524,0.11560893630580082,0.16431976564059972,-0.001885992174990054
choque_10pct_temporario,temporario,0.9,0.09999999999999998,False,93,134,11,8511180.523283727,0.1453322651097473,0.09763136962389218,0.17767147037840134,-0.015697832309709836
choque_10pct_temporario,temporario,0.9,0.09999999999999998,False,93,134,12,8529265.69505482,0.14533854181131445,0.07105320614064459,0.18084942735853482,-0.026145252673505235
choque_10pct_temporario,temporario,0.9,0.09999999999999998,False,93,134,13,8644780.438099936,0.13769066207580652,0.04724070547380932,0.17587677330991086,-0.033304592716473035
choque_10pct_temporario,temporario,0.9,0.09999999999999998,False,93,134,14,9127677.922956726,0.11514486066446776,0.02980233976727842,0.15842548385098534,-0.036262496740278996
choque_10pct_temporario,temporario,0.9,0.09999999999999998,False,93,134,15,9734600.47117452,0.09014736939195647,0.027043972139096928,0.1368918886645952,-0.027865544976927403
choque_10pct_temporario,temporario,0.9,0.09999999999999998,False,93,134,16,10164756.999434762,0.06734574698360592,0.04369304317222489,0.12169925166750031,-0.01842420276062051
choque_10pct_temporario,temporario,0.9,0.09999999999999998,False,93,134,17,10607738.682725845,0.053870675817192196,0.08217583071611245,0.111431022653825,-0.009643813123091738
choque_10pct_temporario,temporario,0.9,0.09999999999999998,False,93,134,18,10971402.905386023,0.05307971755631052,0.14019096821404964,0.11196575017052476,0.002997627982398684
choque_10pct_temporario,temporario,0.9,0.09999999999999998,False,93,134,19,11220343.231546579,0.05920643901331919,0.19653261763759278,0.1281634498361843,0.015419434415424035
choque_10pct_temporario,temporario,0.9,0.09999999999999998,False,93,134,20,11311984.86782868,0.06615667075862262,0.23416972177533824,0.1480245241530119,0.01563664260601502
choque_10pct_temporario,temporario,0.9,0.09999999999999998,False,93,134,21,11246118.764154837,0.07640812324184629,0.24928207477362507,0.16549312298926286,0.012063500507756803
choque_10pct_temporario,temporario,0.9,0.09999999999999998,False,93,134,22,10969417.11816959,0.08940219258491178,0.24026837292726877,0.18860985445525227,-0.003782364004836603
choque_10pct_temporario,temporario,0.9,0.09999999999999998,False,93,134,23,10679893.227840392,0.10435355525248574,0.21426576397344443,0.20727633128308215,-0.022643835098293968
choque_10pct_temporario,temporario,0.9,0.09999999999999998,False,93,134,24,10539175.293993548,0.10738295978314295,0.17598037182997506,0.21605233521130815,-0.03997797218502897
choque_10pct_temporario,temporario,0.9,0.09999999999999998,False,93,134,25,10674977.2310221,0.09379778273031489,0.13950188953485765,0.2068862410891706,-0.05333958262892359
choque_10pct_temporario,temporario,0.9,0.09999999999999998,False,94,135,0,7609597.0,0.138,0.03,0.12063832026847152,0.010583740505574736
choque_10pct_temporario,temporario,0.9,0.09999999999999998,False,94,135,1,7652724.38733265,0.14039181650999813,0.030000000000000027,0.11859183719691781,0.007984885903803248
choque_10pct_temporario,temporario,0.9,0.09999999999999998,False,94,135,2,7814558.009882068,0.13522708141572493,0.02416989095586297,0.12054108862533205,0.0012728111507551688
choque_10pct_temporario,temporario,0.9,0.09999999999999998,False,94,135,3,8076496.256585935,0.1242160764431626,0.026895033381705735,0.11156298160437003,0.003305740956036101
choque_10pct_temporario,temporario,0.9,0.09999999999999998,False,94,135,4,8386552.982165404,0.10785965708358848,0.030525618130137655,0.10333090132562817,0.007313327755591004
choque_10pct_temporario,temporario,0.9,0.09999999999999998,False,94,135,5,8694545.62691295,0.09369969911763991,0.047319194114241236,0.09597608464094441,0.011535441187618716
choque_10pct_temporario,temporario,0.9,0.09999999999999998,False,94,135,6,8781093.356395608,0.09094021543939751,0.06639313821618109,0.09919282328266024,0.012170938556422766
choque_10pct_temporario,temporario,0.9,0.09999999999999998,False,94,135,7,8789294.982850274,0.10211638756491954,0.08963116116908498,0.1109329764581515,0.013550902944685144
choque_10pct_temporario,temporario,0.9,0.09999999999999998,False,94,135,8,8778355.39180386,0.11133459968411229,0.09930833470725764,0.13056207597805347,0.010405185249820975
choque_10pct_temporario,temporario,0.9,0.09999999999999998,False,94,135,9,8672593.797872636,0.12266731190376348,0.10230206012854626,0.14520322360306126,0.004002435334555064
choque_10pct_temporario,temporario,0.9,0.09999999999999998,False,94,135,10,8587433.055605363,0.13242941207692463,0.0940576541548992,0.15975421456209865,-0.006192442792337033
choque_10pct_temporario,temporario,0.9,0.09999999999999998,False,94,135,11,8541612.545847222,0.1365890058339925,0.07940403546438746,0.16825905987748224,-0.01807263299111483
choque_10pct_temporario,temporario,0.9,0.09999999999999998,False,94,135,12,8667718.227183446,0.13321983961992007,0.06060094986446929,0.1675583997107077,-0.025143589222149085
choque_10pct_temporario,temporario,0.9,0.09999999999999998,False,94,135,13,9045162.081253907,0.1152138818696676,0.0460528862086802,0.15505686408025965,-0.029965612217310693
choque_10pct_temporario,temporario,0.9,0.09999999999999998,False,94,135,14,9574745.662722476,0.08938317404249504,0.04235171120059,0.13532289948542475,-0.02506274552979408
choque_10pct_temporario,temporario,0.9,0.09999999999999998,False,94,135,15,10110537.355665488,0.06606898022051035,0.05631822285582899,0.1176507543955142,-0.013512260706142885
choque_10pct_temporario,temporario,0.9,0.09999999999999998,False,94,135,16,10433885.68903201,0.05534725190542003,0.09260190960403603,0.10947968134748315,-0.005311348685440845
choque_10pct_temporario,temporario,0.9,0.09999999999999998,False,94,135,17,10684610.591822403,0.061446730415892915,0.1436105048336327,0.1157164908579028,0.003517272358854479
choque_10pct_temporario,temporario,0.9,0.09999999999999998,False,94,135,18,10843548.746292077,0.0689178880823734,0.18445611944006068,0.13802780005968895,0.007792696588699549
choque_10pct_temporario,temporario,0.9,0.09999999999999998,False,94,135,19,10966312.64397604,0.07260981318090515,0.2090217755974917,0.15036826903081763,0.011435414503968967
choque_10pct_temporario,temporario,0.9,0.09999999999999998,False,94,135,20,10861670.67115353,0.07830031287624364,0.2180319659997243,0.16439646656844073,0.005315300915786703
choque_10pct_temporario,temporario,0.9,0.09999999999999998,False,94,135,21,10632834.122914255,0.09516268169538558,0.21166520111251996,0.18457241528976184,-0.007980302912683439
choque_10pct_temporario,temporario,0.9,0.09999999999999998,False,94,135,22,10426722.131936869,0.10588947226100326,0.18669673204442616,0.20526398538509855,-0.025755304191497342
choque_10pct_temporario,temporario,0.9,0.09999999999999998,False,94,135,23,10415049.735857675,0.10298194343558156,0.15603548547015755,0.20566651614973147,-0.040822211424927236
choque_10pct_temporario,temporario,0.9,0.09999999999999998,False,94,135,24,10689562.133584403,0.08730542760208583,0.12856502202338116,0.1932334453533826,-0.04561570827817625
choque_10pct_temporario,temporario,0.9,0.09999999999999998,False,94,135,25,11237809.649318263,0.061629500527367834,0.11505668350232656,0.17231724061439582,-0.04382335672797596
choque_10pct_temporario,temporario,0.9,0.09999999999999998,False,95,136,0,7609597.0,0.138,0.03,0.12063832026847152,0.010583740505574736
choque_10pct_temporario,temporario,0.9,0.09999999999999998,False,95,136,1,7652724.38733265,0.14039181650999813,0.030000000000000027,0.11859183719691781,0.007984885903803248
choque_10pct_temporario,temporario,0.9,0.09999999999999998,False,95,136,2,7791841.006889455,0.13522708141572493,0.02416993713401272,0.12054171548594818,0.0015157794382182946
choque_10pct_temporario,temporario,0.9,0.09999999999999998,False,95,136,3,8081011.821040164,0.12322916479603245,0.026898449786931566,0.11010989397625592,0.006030762642024128
choque_10pct_temporario,temporario,0.9,0.09999999999999998,False,95,136,4,8434833.621726869,0.1048644735683798,0.030979533433947326,0.10127758298797512,0.006380445045708283
choque_10pct_temporario,temporario,0.9,0.09999999999999998,False,95,136,5,8690397.620315593,0.08992650012276364,0.049746506475055075,0.09234552811083858,0.012517491372179777
choque_10pct_temporario,temporario,0.9,0.09999999999999998,False,95,136,6,8893936.93582623,0.0850215311706893,0.07083609187476703,0.09353442816326982,0.014114236609035866
choque_10pct_temporario,temporario,0.9,0.09999999999999998,False,95,136,7,8924994.918289404,0.09396995472109662,0.09831167542043384,0.10433099973733868,0.0156432853891188
choque_10pct_temporario,temporario,0.9,0.09999999999999998,False,95,136,8,8861022.14029413,0.10878798349118916,0.11237911452797378,0.12665063441731533,0.012504585976389563
choque_10pct_temporario,temporario,0.9,0.09999999999999998,False,95,136,9,8745507.192099651,0.12256274580319408,0.11503418049007275,0.14598660292806606,0.005129613782203168
choque_10pct_temporario,temporario,0.9,0.09999999999999998,False,95,136,10,8594433.756096236,0.1353716568164197,0.10412300732124047,0.16317110724594097,-0.0057035644508325
choque_10pct_temporario,temporario,0.9,0.09999999999999998,False,95,136,11,8493465.379978959,0.14380722005604163,0.08498376300656574,0.17476402348124542,-0.01889298238211284
choque_10pct_temporario,temporario,0.9,0.09999999999999998,False,95,136,12,8538099.010329194,0.1421017832507332,0.061580167203660885,0.1767621767364499,-0.029600971975573532
choque_10pct_temporario,temporario,0.9,0.09999999999999998,False,95,136,13,8828884.6033123,0.12614116701096703,0.04243047822885049,0.16444476995953733,-0.034181549734081634
choque_10pct_temporario,temporario,0.9,0.09999999999999998,False,95,136,14,9448655.312679613,0.09845120771900102,0.0321768393024644,0.14248819297736393,-0.027666678699760743
choque_10pct_temporario,temporario,0.9,0.09999999999999998,False,95,136,15,9916493.35274535,0.07430817470258909,0.04038858745945051,0.12463871132494175,-0.018461972683273865
choque_10pct_temporario,temporario,0.9,0.09999999999999998,False,95,136,16,10273240.696901845,0.06047254019918253,0.06857503380726926,0.11521657642095873,-0.01245651681636254
choque_10pct_temporario,temporario,0.9,0.09999999999999998,False,95,136,17,10626571.290838951,0.060388017195677074,0.11622301487600528,0.11552322774504231,-0.0022537483828560705
choque_10pct_temporario,temporario,0.9,0.09999999999999998,False,95,136,18,10819921.05990781,0.06664354390948192,0.1616310599805224,0.1313899641796352,0.0033809798668565988
choque_10pct_temporario,temporario,0.9,0.09999999999999998,False,95,136,19,10927556.5705465,0.07260706879823535,0.1943131265439375,0.14717740545887956,0.008267762319483786
choque_10pct_temporario,temporario,0.9,0.09999999999999998,False,95,136,20,10984142.888377666,0.07259717196397088,0.20954307114443327,0.15822487566761662,0.007508088757743463
choque_10pct_temporario,temporario,0.9,0.09999999999999998,False,95,136,21,10938578.959165752,0.07677570634133538,0.2153832259246422,0.166460909287446,-0.002074623096040196
choque_10pct_temporario,temporario,0.9,0.09999999999999998,False,95,136,22,10894314.874765156,0.08497157404172954,0.20772241977931638,0.18059905396635983,-0.011238521841284184
choque_10pct_temporario,temporario,0.9,0.09999999999999998,False,95,136,23,10763987.4488398,0.09011363499591123,0.1897005810255672,0.19443774097725408,-0.021609922384016298
choque_10pct_temporario,temporario,0.9,0.09999999999999998,False,95,136,24,10752317.076241398,0.08950177760914962,0.16740969706123066,0.19890785158451743,-0.03521563292694254
choque_10pct_temporario,temporario,0.9,0.09999999999999998,False,95,136,25,11062419.332997944,0.07578686808502888,0.14721876166283554,0.1895478224201244,-0.03869992632261744
choque_10pct_temporario,temporario,0.9,0.09999999999999998,False,96,137,0,7609597.0,0.138,0.03,0.12063832026847152,0.010583740505574736
choque_10pct_temporario,temporario,0.9,0.09999999999999998,False,96,137,1,7652724.38733265,0.14039181650999813,0.030000000000000027,0.11859183719691781,0.007984885903803248
choque_10pct_temporario,temporario,0.9,0.09999999999999998,False,96,137,2,7813027.885430509,0.13522708432242495,0.024179061925142076,0.12049817557678394,0.0031318405278757608
choque_10pct_temporario,temporario,0.9,0.09999999999999998,False,96,137,3,8040872.652646854,0.12468852058595005,0.026848908663881232,0.11206414546989411,0.005599839883894634
choque_10pct_temporario,temporario,0.9,0.09999999999999998,False,96,137,4,8406439.841158686,0.10919936659850601,0.030339077686677873,0.1046511731072642,0.006451696617850414
choque_10pct_temporario,temporario,0.9,0.09999999999999998,False,96,137,5,8601634.28396562,0.09489468904755385,0.046648727713339166,0.0978570509006173,0.009891295970692852
choque_10pct_temporario,temporario,0.9,0.09999999999999998,False,96,137,6,8754878.855801215,0.0927235364598152,0.06488830375372778,0.09934820402117403,0.011119490517484122
choque_10pct_temporario,temporario,0.9,0.09999999999999998,False,96,137,7,8873863.160952942,0.09582163555124794,0.08633963217439589,0.10763917949035225,0.011297418402496267
choque_10pct_temporario,temporario,0.9,0.09999999999999998,False,96,137,8,8900380.541490508,0.10349847435331687,0.10124104707442672,0.12127476651617865,0.009300319143074744
choque_10pct_temporario,temporario,0.9,0.09999999999999998,False,96,137,9,8849680.933147125,0.11462122903428061,0.107524895101895,0.13703635297782288,0.0025445745010929674
choque_10pct_temporario,temporario,0.9,0.09999999999999998,False,96,137,10,8762735.35019769,0.12371042813883254,0.10257778589224231,0.15249931217733095,-0.0026348895682021464
choque_10pct_temporario,temporario,0.9,0.09999999999999998,False,96,137,11,8736170.460002463,0.12949114944789322,0.08975342945501485,0.16215410814177333,-0.009616165629376571
choque_10pct_temporario,temporario,0.9,0.09999999999999998,False,96,137,12,8750174.511553423,0.1306028759463681,0.0739013197559053,0.16681694167568203,-0.020009225335064305
choque_10pct_temporario,temporario,0.9,0.09999999999999998,False,96,137,13,8904686.614736445,0.12164604785178475,0.059718489229627414,0.1628730975699624,-0.028486547811845175
choque_10pct_temporario,temporario,0.9,0.09999999999999998,False,96,137,14,9307115.791282136,0.10288927977841822,0.049760290772263405,0.14869944453922462,-0.027790541186924624
choque_10pct_temporario,temporario,0.9,0.09999999999999998,False,96,137,15,9838362.302176097,0.0795898088194566,0.05339387373144766,0.13091301283623796,-0.01984396481204236
choque_10pct_temporario,temporario,0.9,0.09999999999999998,False,96,137,16,10343661.46068345,0.059949247855303485,0.07494839515655416,0.11660619362377181,-0.012587737131835187
choque_10pct_temporario,temporario,0.9,0.09999999999999998,False,96,137,17,10651893.762871157,0.05193529740874946,0.11924939378000188,0.11056298877842334,0.00021839335327005518
choque_10pct_temporario,temporario,0.9,0.09999999999999998,False,96,137,18,10930799.454809139,0.056953684625140326,0.1729684050384166,0.11919741883524525,0.011755142963213977
choque_10pct_temporario,temporario,0.9,0.09999999999999998,False,96,137,19,11027441.928448502,0.07234593462949565,0.2143549887232492,0.1449608984969995,0.015377560350332137
choque_10pct_temporario,temporario,0.9,0.09999999999999998,False,96,137,20,10902891.853072895,0.08719584146360154,0.22710499401538486,0.17297241317792378,0.007051746527972072
choque_10pct_temporario,temporario,0.9,0.09999999999999998,False,96,137,21,10687285.404071921,0.09597599354042528,0.21730725905109183,0.18870242199166365,-0.00559760563700124
choque_10pct_temporario,temporario,0.9,0.09999999999999998,False,96,137,22,10468077.288784215,0.10261850973757258,0.19131675786839275,0.20021117301399435,-0.022759633054101204
choque_10pct_temporario,temporario,0.9,0.09999999999999998,False,96,137,23,10427726.928945297,0.10509311649528473,0.16002698441928143,0.20545763148634902,-0.03843769509682325
choque_10pct_temporario,temporario,0.9,0.09999999999999998,False,96,137,24,10486598.86745543,0.0982112597360557,0.12843560421934486,0.20382910442444205,-0.04999995631421108
choque_10pct_temporario,temporario,0.9,0.09999999999999998,False,96,137,25,11074881.575496327,0.07357082687006007,0.10783759773017088,0.18323826738289048,-0.049473259853021076
choque_10pct_temporario,temporario,0.9,0.09999999999999998,False,97,138,0,7609597.0,0.138,0.03,0.12063832026847152,0.010583740505574736
choque_10pct_temporario,temporario,0.9,0.09999999999999998,False,97,138,1,7652724.38733265,0.14039181650999813,0.030000000000000027,0.11859183719691781,0.007984885903803248
choque_10pct_temporario,temporario,0.9,0.09999999999999998,False,97,138,2,7792516.673478031,0.13522708141572493,0.02417133521630066,0.12050939138616175,0.0021572772662048624
choque_10pct_temporario,temporario,0.9,0.09999999999999998,False,97,138,3,8087776.762550788,0.12326248517856582,0.02690406073487961,0.11054110655687731,0.004331462366566635
choque_10pct_temporario,temporario,0.9,0.09999999999999998,False,97,138,4,8417668.149880655,0.10671053746039795,0.030957958271249364,0.10219570201673295,0.008306399212989061
choque_10pct_temporario,temporario,0.9,0.09999999999999998,False,97,138,5,8637118.314936096,0.09069686119011057,0.04859460800972837,0.09424570635993758,0.009825504506996699
choque_10pct_temporario,temporario,0.9,0.09999999999999998,False,97,138,6,8886046.00356482,0.08526970145460482,0.06963075182932754,0.09267799040646826,0.011214294313055992
choque_10pct_temporario,temporario,0.9,0.09999999999999998,False,97,138,7,9030466.914668854,0.08738060620501274,0.09687324466082514,0.09981064755499279,0.010568355159228061
choque_10pct_temporario,temporario,0.9,0.09999999999999998,False,97,138,8,9069229.775082035,0.09529144068197615,0.116268491943893,0.11437290853251876,0.014313276703408769
choque_10pct_temporario,temporario,0.9,0.09999999999999998,False,97,138,9,8939220.436565934,0.11066895011398159,0.12630182983709504,0.1344375683657674,0.01023815370335889
choque_10pct_temporario,temporario,0.9,0.09999999999999998,False,97,138,10,8751150.004331823,0.12607755534711537,0.12093478712048822,0.15719877049312977,0.0002579329236216999
choque_10pct_temporario,temporario,0.9,0.09999999999999998,False,97,138,11,8620066.430686213,0.13945679502218164,0.10350439462088024,0.17309364476537262,-0.010606778747543713
choque_10pct_temporario,temporario,0.9,0.09999999999999998,False,97,138,12,8465961.33966594,0.14825311893650317,0.07980241735306248,0.18546702565727835,-0.02792751038549128
choque_10pct_temporario,temporario,0.9,0.09999999999999998,False,97,138,13,8596132.208167328,0.14189011115336023,0.05433009306814118,0.1820924542930365,-0.03835387216611204
choque_10pct_temporario,temporario,0.9,0.09999999999999998,False,97,138,14,8991359.9873715,0.12528193086992315,0.03318171701869632,0.16641332712966425,-0.038452081096460235
choque_10pct_temporario,temporario,0.9,0.09999999999999998,False,97,138,15,9557757.91798215,0.0974411545952796,0.02467535918221886,0.14519511490199785,-0.03313003444992115
choque_10pct_temporario,temporario,0.9,0.09999999999999998,False,97,138,16,10187696.435100349,0.06882753911483712,0.03386271113772743,0.12499812728233908,-0.025425340902903326
choque_10pct_temporario,temporario,0.9,0.09999999999999998,False,97,138,17,10574104.869165117,0.05527031853561452,0.0707940129343505,0.11180794573172116,-0.013249042725897121
choque_10pct_temporario,temporario,0.9,0.09999999999999998,False,97,138,18,10886550.04635627,0.055134268293762,0.12659152868020151,0.11453944769651297,-0.00016571354071648721
choque_10pct_temporario,temporario,0.9,0.09999999999999998,False,97,138,19,11068946.301381597,0.06318003562657805,0.18148195646614873,0.1319869072843237,0.007754341167644194
choque_10pct_temporario,temporario,0.9,0.09999999999999998,False,97,138,20,11252356.929528808,0.0692065806507086,0.21784255455102697,0.14999891955018102,0.013780322304993256
choque_10pct_temporario,temporario,0.9,0.09999999999999998,False,97,138,21,11268983.727224372,0.06863927873107756,0.2338311398098023,0.1611551098277757,0.00789388711378003
choque_10pct_temporario,temporario,0.9,0.09999999999999998,False,97,138,22,11140783.897649951,0.07754459967713581,0.2378720390991984,0.17131404470640943,0.0015617365494428785
choque_10pct_temporario,temporario,0.9,0.09999999999999998,False,97,138,23,10979177.763184298,0.08702832194163584,0.2237429208980264,0.1922896394596218,-0.012183357730363553
choque_10pct_temporario,temporario,0.9,0.09999999999999998,False,97,138,24,10863274.001162874,0.09202811437988917,0.19888514992012607,0.2024239266676185,-0.027644391078895086
choque_10pct_temporario,temporario,0.9,0.09999999999999998,False,97,138,25,10902791.943924459,0.08913047144197468,0.17142602653051964,0.20328083008610406,-0.03927230144954566
choque_10pct_temporario,temporario,0.9,0.09999999999999998,False,98,139,0,7609597.0,0.138,0.03,0.12063832026847152,0.010583740505574736
choque_10pct_temporario,temporario,0.9,0.09999999999999998,False,98,139,1,7652724.38733265,0.14039181650999813,0.030000000000000027,0.11859183719691781,0.007984885903803248
choque_10pct_temporario,temporario,0.9,0.09999999999999998,False,98,139,2,7791176.984601235,0.13522708141572493,0.024176573067919094,0.12056388131881558,0.0029782509548097824
choque_10pct_temporario,temporario,0.9,0.09999999999999998,False,98,139,3,8077587.527142993,0.12298341873572093,0.026879518518780676,0.11085046237074993,0.006609840584271137
choque_10pct_temporario,temporario,0.9,0.09999999999999998,False,98,139,4,8396773.557631504,0.1074262511673506,0.031023745620961884,0.10331439728094882,0.005231938978961271
choque_10pct_temporario,temporario,0.9,0.09999999999999998,False,98,139,5,8620749.046138836,0.09371299524587058,0.04873416536998176,0.09554553308107011,0.012149307661541032
choque_10pct_temporario,temporario,0.9,0.09999999999999998,False,98,139,6,8866411.245505227,0.08640910827501842,0.06740246501256708,0.09564177622307862,0.012286589963890808
choque_10pct_temporario,temporario,0.9,0.09999999999999998,False,98,139,7,8914412.229046883,0.09249589755821001,0.0940635407901993,0.10372375876515465,0.015298187618865084
choque_10pct_temporario,temporario,0.9,0.09999999999999998,False,98,139,8,8850959.784226043,0.10744884610482444,0.10925967523922586,0.1250914241716373,0.011549327473027454
choque_10pct_temporario,temporario,0.9,0.09999999999999998,False,98,139,9,8719404.592701046,0.12266118116147752,0.1135458207877249,0.1458514629910042,0.004893064436068122
choque_10pct_temporario,temporario,0.9,0.09999999999999998,False,98,139,10,8605561.035363074,0.13296095025275712,0.10313467331017434,0.16184045409852418,-0.006551671915959227
choque_10pct_temporario,temporario,0.9,0.09999999999999998,False,98,139,11,8577998.099692164,0.13676822695592092,0.08683941878651047,0.16921394409725388,-0.017493091983680733
choque_10pct_temporario,temporario,0.9,0.09999999999999998,False,98,139,12,8573405.582246728,0.1379352519365047,0.06676484363854351,0.17280173174382926,-0.02707593210651349
choque_10pct_temporario,temporario,0.9,0.09999999999999998,False,98,139,13,8835100.5600178,0.12211600721409746,0.04906747257248356,0.16272404775067972,-0.030945052224486146
choque_10pct_temporario,temporario,0.9,0.09999999999999998,False,98,139,14,9475605.185185978,0.09588265697110986,0.039427014118422976,0.14032840541227665,-0.02501359834762645
choque_10pct_temporario,temporario,0.9,0.09999999999999998,False,98,139,15,9894870.749637071,0.07178742733537231,0.048748095259068425,0.12351405470978902,-0.01754038219230213
choque_10pct_temporario,temporario,0.9,0.09999999999999998,False,98,139,16,10378225.009205552,0.05476208211998281,0.07762020420437032,0.11132238321212688,-0.011449573602511282
choque_10pct_temporario,temporario,0.9,0.09999999999999998,False,98,139,17,10725259.612407818,0.05319527064175697,0.1297331923233409,0.10854195580338857,0.0004019768101322283
choque_10pct_temporario,temporario,0.9,0.09999999999999998,False,98,139,18,10959757.751399752,0.06002487686479077,0.1832727243431136,0.12582248701089555,0.010111364192259737
choque_10pct_temporario,temporario,0.9,0.09999999999999998,False,98,139,19,10978340.530507902,0.07413827667820863,0.22080308162541917,0.14847563951386125,0.014535795596762846
choque_10pct_temporario,temporario,0.9,0.09999999999999998,False,98,139,20,10892182.618563987,0.08240719347902954,0.23087821233550931,0.17085781172061135,0.006682089892856225
choque_10pct_temporario,temporario,0.9,0.09999999999999998,False,98,139,21,10695822.915056841,0.09333846464518257,0.2209807662684642,0.18450665130659272,-0.006512242507251516
choque_10pct_temporario,temporario,0.9,0.09999999999999998,False,98,139,22,10404769.989400797,0.10592248608160817,0.1938621873838524,0.20336320156588672,-0.023838015030680924
choque_10pct_temporario,temporario,0.9,0.09999999999999998,False,98,139,23,10395418.425638586,0.10218969207521458,0.16177211231180855,0.20636908324848774,-0.03984098258252194
choque_10pct_temporario,temporario,0.9,0.09999999999999998,False,98,139,24,10680250.226628216,0.08637485338814377,0.1311410844827552,0.19307718919845795,-0.04805946919727664
choque_10pct_temporario,temporario,0.9,0.09999999999999998,False,98,139,25,11203900.61855653,0.06233902725890699,0.11585997704312545,0.1730127969166375,-0.04334700139868323
choque_10pct_temporario,temporario,0.9,0.09999999999999998,False,99,140,0,7609597.0,0.138,0.03,0.12063832026847152,0.010583740505574736
choque_10pct_temporario,temporario,0.9,0.09999999999999998,False,99,140,1,7652724.38733265,0.14039181650999813,0.030000000000000027,0.11859183719691781,0.007984885903803248
choque_10pct_temporario,temporario,0.9,0.09999999999999998,False,99,140,2,7795327.83536456,0.13522708141572493,0.024174051391479878,0.12047902239624562,0.0026796102647845804
choque_10pct_temporario,temporario,0.9,0.09999999999999998,False,99,140,3,8075055.299517041,0.12307489409115986,0.026902124736925215,0.11074995544754243,0.007937866252290222
choque_10pct_temporario,temporario,0.9,0.09999999999999998,False,99,140,4,8390549.284744043,0.10692613401726477,0.031011507185691123,0.10355406861179088,0.008436292792070154
choque_10pct_temporario,temporario,0.9,0.09999999999999998,False,99,140,5,8604925.75914716,0.09595998489820382,0.04742018648009383,0.09817391952941348,0.011488729373016737
choque_10pct_temporario,temporario,0.9,0.09999999999999998,False,99,140,6,8750760.156652814,0.09335614428599576,0.06571698268078174,0.10102014686210287,0.010340050132035157
choque_10pct_temporario,temporario,0.9,0.09999999999999998,False,99,140,7,8851707.970429352,0.09886807508827433,0.08662073743609677,0.10925710457629748,0.010749731907578615
choque_10pct_temporario,temporario,0.9,0.09999999999999998,False,99,140,8,8919290.701884685,0.10366060757250599,0.09938429824267625,0.12132190812538876,0.011357786078694804
choque_10pct_temporario,temporario,0.9,0.09999999999999998,False,99,140,9,8884661.804382311,0.10807119199870133,0.10502643950799717,0.13401861223068068,0.005638726940675896
choque_10pct_temporario,temporario,0.9,0.09999999999999998,False,99,140,10,8815819.255732173,0.11959778847455178,0.10398583008988616,0.1484143812753556,-0.003134457481272575
choque_10pct_temporario,temporario,0.9,0.09999999999999998,False,99,140,11,8697385.052739995,0.131464670864234,0.09368146831139446,0.16439953054695192,-0.011956047943241614
choque_10pct_temporario,temporario,0.9,0.09999999999999998,False,99,140,12,8695064.307633283,0.13226322449520644,0.07928252400023261,0.17034757633736228,-0.021768177636252654
choque_10pct_temporario,temporario,0.9,0.09999999999999998,False,99,140,13,8865990.244457815,0.12690504953159082,0.06202562405975143,0.16627737387715485,-0.0287071768710325
choque_10pct_temporario,temporario,0.9,0.09999999999999998,False,99,140,14,9195307.004962115,0.11072793461399129,0.04998362779267196,0.15480787513024008,-0.02817513108824067
choque_10pct_temporario,temporario,0.9,0.09999999999999998,False,99,140,15,9855018.856206361,0.07946118777862252,0.04696453501291775,0.13368228704100837,-0.02443459820361076
choque_10pct_temporario,temporario,0.9,0.09999999999999998,False,99,140,16,10352232.685513437,0.056110416834500985,0.06999571729735621,0.11319462198861235,-0.011293956089232634
choque_10pct_temporario,temporario,0.9,0.09999999999999998,False,99,140,17,10735943.950952346,0.049152445518082545,0.11621805019733067,0.10630474209466058,8.040663203726863e-05
choque_10pct_temporario,temporario,0.9,0.09999999999999998,False,99,140,18,10900704.487340832,0.06001095980024609,0.17679551413206873,0.12018622188134116,0.013048958864681071
choque_10pct_temporario,temporario,0.9,0.09999999999999998,False,99,140,19,10925895.14963343,0.07974200648822133,0.21449265632517478,0.1540086386511133,0.011597520140741733
choque_10pct_temporario,temporario,0.9,0.09999999999999998,False,99,140,20,10932338.527257351,0.08455609366872155,0.22304845232885828,0.17231983622567634,0.006408074012864954
choque_10pct_temporario,temporario,0.9,0.09999999999999998,False,99,140,21,10767230.084213523,0.08370970113497224,0.21391146511919268,0.17785589065965368,-0.005205286952879648
choque_10pct_temporario,temporario,0.9,0.09999999999999998,False,99,140,22,10583548.068829605,0.094009096854919,0.19583070290531968,0.1892997886151027,-0.017972904829816526
choque_10pct_temporario,temporario,0.9,0.09999999999999998,False,99,140,23,10549426.20269573,0.09762617797555116,0.16981685578539474,0.202026860995466,-0.03481150754462973
choque_10pct_temporario,temporario,0.9,0.09999999999999998,False,99,140,24,10636893.409837611,0.09223925043184572,0.14585331881971464,0.1977067494933856,-0.042883026150848935
choque_10pct_temporario,temporario,0.9,0.09999999999999998,False,99,140,25,11225781.315354403,0.06411046691937632,0.12561518238598146,0.1784946780505192,-0.04130280067262666
choque_10pct_temporario,temporario,0.9,0.09999999999999998,False,100,141,0,7609597.0,0.138,0.03,0.12063832026847152,0.010583740505574736
choque_10pct_temporario,temporario,0.9,0.09999999999999998,False,100,141,1,7652724.38733265,0.14039181650999813,0.030000000000000027,0.11859183719691781,0.007984885903803248
choque_10pct_temporario,temporario,0.9,0.09999999999999998,False,100,141,2,7822240.22552026,0.13522711927864675,0.02419579929599891,0.12044990292903582,0.0077188554837203625
choque_10pct_temporario,temporario,0.9,0.09999999999999998,False,100,141,3,7988013.693750611,0.1261973454419161,0.02679736935593513,0.11425573544146683,0.004003712692359937
choque_10pct_temporario,temporario,0.9,0.09999999999999998,False,100,141,4,8321407.764512992,0.11294184618736966,0.02967880280855928,0.106573375233791,0.004700691061358224
choque_10pct_temporario,temporario,0.9,0.09999999999999998,False,100,141,5,8639131.409077283,0.09433945491698596,0.04393676244990097,0.0969252311735819,0.010379103129460459
choque_10pct_temporario,temporario,0.9,0.09999999999999998,False,100,141,6,8862506.75026317,0.08608687683592636,0.06305054070612126,0.09422513593413387,0.010470382244841037
choque_10pct_temporario,temporario,0.9,0.09999999999999998,False,100,141,7,8963165.972544402,0.08819966953257377,0.08956575121587962,0.10037638785955764,0.01761499940508396
choque_10pct_temporario,temporario,0.9,0.09999999999999998,False,100,141,8,8921217.210234532,0.10002307013943032,0.10995911478722631,0.11864783211108373,0.013127210686394658
choque_10pct_temporario,temporario,0.9,0.09999999999999998,False,100,141,9,8797557.366513547,0.11874169057724512,0.11827878076287468,0.14104025212474325,0.008762048381120114
choque_10pct_temporario,temporario,0.9,0.09999999999999998,False,100,141,10,8655984.095707018,0.13133879501191628,0.11080302714015366,0.16161290165574366,-0.004861968966663617
choque_10pct_temporario,temporario,0.9,0.09999999999999998,False,100,141,11,8568597.899828972,0.14113691715086052,0.09332119144548745,0.1726986802228868,-0.016768275784666723
choque_10pct_temporario,temporario,0.9,0.09999999999999998,False,100,141,12,8612192.364141656,0.14197378531118032,0.0711687396638847,0.17553324603401999,-0.027676890285527514
choque_10pct_temporario,temporario,0.9,0.09999999999999998,False,100,141,13,8901909.889039174,0.12702513579268696,0.04945810518611182,0.16625726011880193,-0.03338713714518253
choque_10pct_temporario,temporario,0.9,0.09999999999999998,False,100,141,14,9304757.944904236,0.10415119939278747,0.0372367031612737,0.148829099656486,-0.029602460775783344
choque_10pct_temporario,temporario,0.9,0.09999999999999998,False,100,141,15,9865478.459525786,0.07873269352588852,0.03897340536318117,0.13118418082193534,-0.027422545606691967
choque_10pct_temporario,temporario,0.9,0.09999999999999998,False,100,141,16,10249721.254123723,0.06421399210039952,0.06407789021311694,0.11768188151410264,-0.01711259776679914
choque_10pct_temporario,temporario,0.9,0.09999999999999998,False,100,141,17,10582263.620665174,0.05696483608349016,0.10605613307818329,0.11546598330517205,-0.007161639824857933
choque_10pct_temporario,temporario,0.9,0.09999999999999998,False,100,141,18,10943418.950300055,0.056351460791699844,0.155151059469397,0.12002077010414544,0.007811210667748519
choque_10pct_temporario,temporario,0.9,0.09999999999999998,False,100,141,19,11092655.192350974,0.06329644726108576,0.20401882539464933,0.13429977661395076,0.014291311113587534
choque_10pct_temporario,temporario,0.9,0.09999999999999998,False,100,141,20,11120804.002736038,0.0733135331037235,0.22770981969034687,0.15655522498202062,0.010700602064970147
choque_10pct_temporario,temporario,0.9,0.09999999999999998,False,100,141,21,11009568.789917426,0.08265971566254872,0.23454747437835377,0.17370508256691478,0.0029281724412291883
choque_10pct_temporario,temporario,0.9,0.09999999999999998,False,100,141,22,10832333.522291599,0.09052606247199596,0.21788066178833665,0.18976051572898392,-0.011373078095276845
choque_10pct_temporario,temporario,0.9,0.09999999999999998,False,100,141,23,10629285.110753428,0.09815614724377482,0.1932672147397767,0.20161571824213698,-0.025763576804999824
choque_10pct_temporario,temporario,0.9,0.09999999999999998,False,100,141,24,10634919.067046532,0.09711723033477274,0.16179861819633024,0.20616296366054462,-0.04192778222495923
choque_10pct_temporario,temporario,0.9,0.09999999999999998,False,100,141,25,10836952.820335327,0.08335564487576735,0.13701358425843235,0.1961581143928866,-0.05020883355048366
